direction,feature,threshold,operator,avg_return_2h_pass,avg_return_2h_fail,avg_return_4h_pass,avg_return_4h_fail
long,15m_current_body_pct,0.0107,gte,5.0931,0.0,5.398,0.0
long,15m_current_body_pct,0.646884,gte,5.2755,4.1553,5.7242,3.7202
long,15m_current_body_pct,1.283068,gte,5.9364,3.8809,6.2784,4.1324
long,15m_current_body_pct,1.919252,gte,7.1795,3.8075,7.6676,3.9995
long,15m_current_body_pct,2.555436,gte,7.9391,4.1739,7.8618,4.6022
long,15m_current_body_pct,3.19162,gte,8.8825,4.3077,8.7101,4.7115
long,15m_current_body_pct,3.827804,gte,9.4279,4.4237,9.139,4.8203
long,15m_current_body_pct,4.463988,gte,10.3404,4.5367,9.9342,4.917
long,15m_current_body_pct,5.100172,gte,11.076,4.6719,11.4455,4.9722
long,15m_current_body_pct,5.736356,gte,12.2598,4.688,12.7847,4.9804
long,15m_current_body_pct,6.37254,gte,13.1241,4.7379,12.3315,5.0913
long,15m_current_body_pct,7.008724,gte,13.3469,4.8272,12.615,5.1655
long,15m_current_body_pct,7.644908,gte,12.5973,4.922,11.5653,5.2574
long,15m_current_body_pct,8.281092,gte,11.471,4.9699,11.7314,5.2757
long,15m_current_body_pct,8.917276,gte,11.6754,4.9812,11.3834,5.2962
long,15m_current_body_pct,9.55346,gte,11.6754,4.9812,11.3834,5.2962
long,15m_current_body_pct,10.189644,gte,11.8297,4.9863,10.1022,5.3234
long,15m_current_body_pct,10.825828,gte,14.4972,5.0085,8.7822,5.3676
long,15m_current_body_pct,11.462012,gte,15.8531,5.0085,9.3893,5.3666
long,15m_current_body_pct,12.098196,gte,15.8531,5.0085,9.3893,5.3666
long,15m_current_body_pct,12.73438,gte,15.8531,5.0085,9.3893,5.3666
long,15m_current_body_pct,13.370564,gte,15.8531,5.0085,9.3893,5.3666
long,15m_current_body_pct,14.006748,gte,20.1833,4.9915,13.6562,5.3424
long,15m_current_body_pct,14.642932,gte,14.6998,5.0393,8.3911,5.3812
long,15m_current_body_pct,15.279116,gte,12.2197,5.0612,3.9894,5.4043
long,15m_current_body_pct,15.9153,gte,12.2197,5.0612,3.9894,5.4043
long,15m_current_body_pct,16.551484,gte,12.2197,5.0612,3.9894,5.4043
long,15m_current_body_pct,17.187668,gte,12.2197,5.0612,3.9894,5.4043
long,15m_current_body_pct,17.823852,gte,12.2197,5.0612,3.9894,5.4043
long,15m_current_body_pct,18.460036,gte,12.2197,5.0612,3.9894,5.4043
long,15m_current_body_pct,19.09622,gte,7.7125,5.0843,-0.4217,5.4175
long,15m_current_body_pct,19.732404,gte,7.7125,5.0843,-0.4217,5.4175
long,15m_current_body_pct,20.368588,gte,7.7125,5.0843,-0.4217,5.4175
long,15m_current_body_pct,21.004772,gte,7.7125,5.0843,-0.4217,5.4175
long,15m_current_body_pct,21.640956,gte,7.7125,5.0843,-0.4217,5.4175
long,15m_current_body_pct,22.27714,gte,7.7125,5.0843,-0.4217,5.4175
long,15m_current_body_pct,22.913324,gte,17.2383,5.066,11.205,5.385
long,15m_current_body_pct,23.549508,gte,23.5902,5.0725,17.6968,5.3843
long,15m_current_body_pct,24.185692,gte,23.5902,5.0725,17.6968,5.3843
long,15m_current_body_pct,24.821876,gte,23.5902,5.0725,17.6968,5.3843
long,15m_current_body_pct,25.45806,gte,23.5902,5.0725,17.6968,5.3843
long,15m_current_body_pct,26.094244,gte,23.5902,5.0725,17.6968,5.3843
long,15m_current_body_pct,26.730428,gte,23.5902,5.0725,17.6968,5.3843
long,15m_current_body_pct,27.366612,gte,23.5902,5.0725,17.6968,5.3843
long,15m_current_body_pct,28.002796,gte,23.5902,5.0725,17.6968,5.3843
long,15m_current_body_pct,28.63898,gte,23.5902,5.0725,17.6968,5.3843
long,15m_current_body_pct,29.275164,gte,23.5902,5.0725,17.6968,5.3843
long,15m_current_body_pct,29.911348,gte,23.5902,5.0725,17.6968,5.3843
long,15m_current_body_pct,30.547532,gte,23.5902,5.0725,17.6968,5.3843
long,15m_current_body_pct,31.183716,gte,23.5902,5.0725,17.6968,5.3843
long,15m_current_body_pct,31.8199,gte,23.5902,5.0725,17.6968,5.3843
long,15m_current_body_pct,0.0107,lte,7.6189,5.0903,10.8123,5.392
long,15m_current_body_pct,0.646884,lte,4.1553,5.2755,3.7202,5.7242
long,15m_current_body_pct,1.283068,lte,3.8809,5.9364,4.1324,6.2784
long,15m_current_body_pct,1.919252,lte,3.8075,7.1795,3.9995,7.6676
long,15m_current_body_pct,2.555436,lte,4.1739,7.9391,4.6022,7.8618
long,15m_current_body_pct,3.19162,lte,4.3077,8.8825,4.7115,8.7101
long,15m_current_body_pct,3.827804,lte,4.4237,9.4279,4.8203,9.139
long,15m_current_body_pct,4.463988,lte,4.5367,10.3404,4.917,9.9342
long,15m_current_body_pct,5.100172,lte,4.6719,11.076,4.9722,11.4455
long,15m_current_body_pct,5.736356,lte,4.688,12.2598,4.9804,12.7847
long,15m_current_body_pct,6.37254,lte,4.7379,13.1241,5.0913,12.3315
long,15m_current_body_pct,7.008724,lte,4.8272,13.3469,5.1655,12.615
long,15m_current_body_pct,7.644908,lte,4.922,12.5973,5.2574,11.5653
long,15m_current_body_pct,8.281092,lte,4.9699,11.471,5.2757,11.7314
long,15m_current_body_pct,8.917276,lte,4.9812,11.6754,5.2962,11.3834
long,15m_current_body_pct,9.55346,lte,4.9812,11.6754,5.2962,11.3834
long,15m_current_body_pct,10.189644,lte,4.9863,11.8297,5.3234,10.1022
long,15m_current_body_pct,10.825828,lte,5.0085,14.4972,5.3676,8.7822
long,15m_current_body_pct,11.462012,lte,5.0085,15.8531,5.3666,9.3893
long,15m_current_body_pct,12.098196,lte,5.0085,15.8531,5.3666,9.3893
long,15m_current_body_pct,12.73438,lte,5.0085,15.8531,5.3666,9.3893
long,15m_current_body_pct,13.370564,lte,5.0085,15.8531,5.3666,9.3893
long,15m_current_body_pct,14.006748,lte,4.9915,20.1833,5.3424,13.6562
long,15m_current_body_pct,14.642932,lte,5.0393,14.6998,5.3812,8.3911
long,15m_current_body_pct,15.279116,lte,5.0612,12.2197,5.4043,3.9894
long,15m_current_body_pct,15.9153,lte,5.0612,12.2197,5.4043,3.9894
long,15m_current_body_pct,16.551484,lte,5.0612,12.2197,5.4043,3.9894
long,15m_current_body_pct,17.187668,lte,5.0612,12.2197,5.4043,3.9894
long,15m_current_body_pct,17.823852,lte,5.0612,12.2197,5.4043,3.9894
long,15m_current_body_pct,18.460036,lte,5.0612,12.2197,5.4043,3.9894
long,15m_current_body_pct,19.09622,lte,5.0843,7.7125,5.4175,-0.4217
long,15m_current_body_pct,19.732404,lte,5.0843,7.7125,5.4175,-0.4217
long,15m_current_body_pct,20.368588,lte,5.0843,7.7125,5.4175,-0.4217
long,15m_current_body_pct,21.004772,lte,5.0843,7.7125,5.4175,-0.4217
long,15m_current_body_pct,21.640956,lte,5.0843,7.7125,5.4175,-0.4217
long,15m_current_body_pct,22.27714,lte,5.0843,7.7125,5.4175,-0.4217
long,15m_current_body_pct,22.913324,lte,5.066,17.2383,5.385,11.205
long,15m_current_body_pct,23.549508,lte,5.0725,23.5902,5.3843,17.6968
long,15m_current_body_pct,24.185692,lte,5.0725,23.5902,5.3843,17.6968
long,15m_current_body_pct,24.821876,lte,5.0725,23.5902,5.3843,17.6968
long,15m_current_body_pct,25.45806,lte,5.0725,23.5902,5.3843,17.6968
long,15m_current_body_pct,26.094244,lte,5.0725,23.5902,5.3843,17.6968
long,15m_current_body_pct,26.730428,lte,5.0725,23.5902,5.3843,17.6968
long,15m_current_body_pct,27.366612,lte,5.0725,23.5902,5.3843,17.6968
long,15m_current_body_pct,28.002796,lte,5.0725,23.5902,5.3843,17.6968
long,15m_current_body_pct,28.63898,lte,5.0725,23.5902,5.3843,17.6968
long,15m_current_body_pct,29.275164,lte,5.0725,23.5902,5.3843,17.6968
long,15m_current_body_pct,29.911348,lte,5.0725,23.5902,5.3843,17.6968
long,15m_current_body_pct,30.547532,lte,5.0725,23.5902,5.3843,17.6968
long,15m_current_body_pct,31.183716,lte,5.0725,23.5902,5.3843,17.6968
long,15m_current_body_pct,31.8199,lte,5.0931,0.0,5.398,0.0
long,15m_current_close_position,0.0,gte,5.0931,0.0,5.398,0.0
long,15m_current_close_position,0.02,gte,5.1012,1.5048,5.4093,0.3348
long,15m_current_close_position,0.04,gte,5.1036,1.9774,5.4114,1.4241
long,15m_current_close_position,0.06,gte,5.0845,5.7863,5.3986,5.355
long,15m_current_close_position,0.08,gte,5.0871,5.5022,5.4032,5.0434
long,15m_current_close_position,0.1,gte,5.0881,5.3696,5.4071,4.9005
long,15m_current_close_position,0.12,gte,5.0953,4.9872,5.4217,4.2408
long,15m_current_close_position,0.14,gte,5.0302,7.4853,5.414,4.7919
long,15m_current_close_position,0.16,gte,4.9824,8.0869,5.3613,6.3907
long,15m_current_close_position,0.18,gte,4.9773,7.7855,5.3471,6.5824
long,15m_current_close_position,0.2,gte,4.975,7.56,5.3599,6.1947
long,15m_current_close_position,0.22,gte,4.9587,7.6994,5.3439,6.4474
long,15m_current_close_position,0.24,gte,4.9561,7.4145,5.287,7.2791
long,15m_current_close_position,0.26,gte,4.9534,7.3187,5.2928,7.0742
long,15m_current_close_position,0.28,gte,4.9889,6.4971,5.3258,6.3702
long,15m_current_close_position,0.3,gte,4.985,6.3712,5.2877,6.7011
long,15m_current_close_position,0.32,gte,5.0022,6.0612,5.3091,6.3445
long,15m_current_close_position,0.34,gte,5.0302,5.6939,5.3269,6.0773
long,15m_current_close_position,0.36,gte,5.037,5.5511,5.3171,6.058
long,15m_current_close_position,0.38,gte,5.0783,5.2048,5.373,5.5868
long,15m_current_close_position,0.4,gte,5.0827,5.1669,5.3945,5.423
long,15m_current_close_position,0.42,gte,5.0804,5.1719,5.3482,5.7059
long,15m_current_close_position,0.44,gte,5.0559,5.3016,5.3449,5.6952
long,15m_current_close_position,0.46,gte,5.1004,5.0548,5.381,5.4878
long,15m_current_close_position,0.48,gte,5.1133,4.9979,5.3546,5.6029
long,15m_current_close_position,0.5,gte,5.1161,4.9895,5.3391,5.6635
long,15m_current_close_position,0.52,gte,5.1118,5.0139,5.3982,5.3972
long,15m_current_close_position,0.54,gte,5.0756,5.1641,5.3659,5.5278
long,15m_current_close_position,0.56,gte,5.1064,5.0449,5.4341,5.2673
long,15m_current_close_position,0.58,gte,5.1378,4.946,5.4497,5.2279
long,15m_current_close_position,0.6,gte,5.1605,4.8908,5.4646,5.1981
long,15m_current_close_position,0.62,gte,5.1631,4.9099,5.5094,5.1066
long,15m_current_close_position,0.64,gte,5.2304,4.7762,5.5942,4.9447
long,15m_current_close_position,0.66,gte,5.2443,4.7815,5.6555,4.8672
long,15m_current_close_position,0.68,gte,5.2413,4.8233,5.6005,5.0294
long,15m_current_close_position,0.7,gte,5.2141,4.9041,5.5492,5.1618
long,15m_current_close_position,0.72,gte,5.1624,4.9984,5.4044,5.3892
long,15m_current_close_position,0.74,gte,5.2139,4.9529,5.539,5.2342
long,15m_current_close_position,0.76,gte,5.3423,4.84,5.5855,5.2076
long,15m_current_close_position,0.78,gte,5.3452,4.8692,5.6166,5.2039
long,15m_current_close_position,0.8,gte,5.3199,4.9171,5.6728,5.1847
long,15m_current_close_position,0.82,gte,5.3872,4.9023,5.724,5.1865
long,15m_current_close_position,0.84,gte,5.255,5.0038,5.5877,5.2933
long,15m_current_close_position,0.86,gte,5.1991,5.0466,5.5793,5.3183
long,15m_current_close_position,0.88,gte,5.2001,5.0556,5.6362,5.3145
long,15m_current_close_position,0.9,gte,5.2933,5.039,5.6629,5.3264
long,15m_current_close_position,0.92,gte,5.5142,5.0065,6.1215,5.2492
long,15m_current_close_position,0.94,gte,5.7574,5.0032,6.3281,5.272
long,15m_current_close_position,0.96,gte,5.3089,5.0746,6.0266,5.344
long,15m_current_close_position,0.98,gte,4.1135,5.1329,6.1323,5.3682
long,15m_current_close_position,1.0,gte,2.7921,5.1376,4.0088,5.4249
long,15m_current_close_position,0.0,lte,-0.2745,5.0991,-0.366,5.4045
long,15m_current_close_position,0.02,lte,1.5048,5.1012,0.3348,5.4093
long,15m_current_close_position,0.04,lte,1.9774,5.1036,1.4241,5.4114
long,15m_current_close_position,0.06,lte,5.7863,5.0845,5.355,5.3986
long,15m_current_close_position,0.08,lte,5.5022,5.0871,5.0434,5.4032
long,15m_current_close_position,0.1,lte,5.3696,5.0881,4.9005,5.4071
long,15m_current_close_position,0.12,lte,4.9872,5.0953,4.2408,5.4217
long,15m_current_close_position,0.14,lte,7.4853,5.0302,4.7919,5.414
long,15m_current_close_position,0.16,lte,8.0869,4.9824,6.3907,5.3613
long,15m_current_close_position,0.18,lte,7.7855,4.9773,6.5824,5.3471
long,15m_current_close_position,0.2,lte,7.56,4.975,6.1947,5.3599
long,15m_current_close_position,0.22,lte,7.6994,4.9587,6.4474,5.3439
long,15m_current_close_position,0.24,lte,7.4145,4.9561,7.2791,5.287
long,15m_current_close_position,0.26,lte,7.3187,4.9534,7.0742,5.2928
long,15m_current_close_position,0.28,lte,6.4971,4.9889,6.3702,5.3258
long,15m_current_close_position,0.3,lte,6.3712,4.985,6.7011,5.2877
long,15m_current_close_position,0.32,lte,6.0612,5.0022,6.3445,5.3091
long,15m_current_close_position,0.34,lte,5.6939,5.0302,6.0773,5.3269
long,15m_current_close_position,0.36,lte,5.5511,5.037,6.058,5.3171
long,15m_current_close_position,0.38,lte,5.2048,5.0783,5.5868,5.373
long,15m_current_close_position,0.4,lte,5.1372,5.0868,5.4044,5.3971
long,15m_current_close_position,0.42,lte,5.1719,5.0804,5.7059,5.3482
long,15m_current_close_position,0.44,lte,5.3016,5.0559,5.6952,5.3449
long,15m_current_close_position,0.46,lte,5.0548,5.1004,5.4878,5.381
long,15m_current_close_position,0.48,lte,4.9979,5.1133,5.6029,5.3546
long,15m_current_close_position,0.5,lte,5.0673,5.0989,5.7738,5.3133
long,15m_current_close_position,0.52,lte,5.0139,5.1118,5.3972,5.3982
long,15m_current_close_position,0.54,lte,5.1641,5.0756,5.5278,5.3659
long,15m_current_close_position,0.56,lte,5.0449,5.1064,5.2673,5.4341
long,15m_current_close_position,0.58,lte,4.946,5.1378,5.2279,5.4497
long,15m_current_close_position,0.6,lte,4.8919,5.1609,5.1439,5.4836
long,15m_current_close_position,0.62,lte,4.9099,5.1631,5.1066,5.5094
long,15m_current_close_position,0.64,lte,4.7762,5.2304,4.9447,5.5942
long,15m_current_close_position,0.66,lte,4.7815,5.2443,4.8672,5.6555
long,15m_current_close_position,0.68,lte,4.8233,5.2413,5.0294,5.6005
long,15m_current_close_position,0.7,lte,4.9203,5.2043,5.1902,5.5316
long,15m_current_close_position,0.72,lte,4.9984,5.1624,5.3892,5.4044
long,15m_current_close_position,0.74,lte,4.952,5.2152,5.2283,5.5448
long,15m_current_close_position,0.76,lte,4.84,5.3423,5.2076,5.5855
long,15m_current_close_position,0.78,lte,4.8692,5.3452,5.2039,5.6166
long,15m_current_close_position,0.8,lte,4.9121,5.3274,5.1806,5.6793
long,15m_current_close_position,0.82,lte,4.9023,5.3872,5.1865,5.724
long,15m_current_close_position,0.84,lte,5.0038,5.255,5.2933,5.5877
long,15m_current_close_position,0.86,lte,5.0566,5.1768,5.3233,5.5688
long,15m_current_close_position,0.88,lte,5.0556,5.2001,5.3145,5.6362
long,15m_current_close_position,0.9,lte,5.0255,5.3466,5.3056,5.7441
long,15m_current_close_position,0.92,lte,5.0065,5.5142,5.2492,6.1215
long,15m_current_close_position,0.94,lte,5.0032,5.7574,5.272,6.3281
long,15m_current_close_position,0.96,lte,5.0746,5.3089,5.344,6.0266
long,15m_current_close_position,0.98,lte,5.1329,4.1135,5.3682,6.1323
long,15m_current_close_position,1.0,lte,5.0931,0.0,5.398,0.0
long,15m_current_compression,0.0,gte,5.0931,0.0,5.398,0.0
long,15m_current_compression,1.9,gte,3.5909,5.8748,3.7488,6.2562
long,15m_current_compression,3.8,gte,3.4702,5.6048,3.2062,6.089
long,15m_current_compression,5.7,gte,3.5216,5.4553,3.2074,5.9029
long,15m_current_compression,7.6,gte,3.7562,5.3259,3.5156,5.7257
long,15m_current_compression,9.5,gte,3.7283,5.2999,3.6439,5.6637
long,15m_current_compression,11.4,gte,3.4599,5.305,3.6564,5.6239
long,15m_current_compression,13.3,gte,3.3237,5.2954,3.4593,5.6196
long,15m_current_compression,15.2,gte,3.2421,5.297,3.3318,5.6256
long,15m_current_compression,17.1,gte,3.2326,5.2778,3.5164,5.5848
long,15m_current_compression,19.0,gte,3.1658,5.2767,3.392,5.5891
long,15m_current_compression,0.0,lte,6.4189,3.5113,6.7391,3.7979
long,15m_current_compression,1.9,lte,5.8748,3.5909,6.2562,3.7488
long,15m_current_compression,3.8,lte,5.6048,3.4702,6.089,3.2062
long,15m_current_compression,5.7,lte,5.4553,3.5216,5.9029,3.2074
long,15m_current_compression,7.6,lte,5.3259,3.7562,5.7257,3.5156
long,15m_current_compression,9.5,lte,5.2999,3.7283,5.6637,3.6439
long,15m_current_compression,11.4,lte,5.305,3.4599,5.6239,3.6564
long,15m_current_compression,13.3,lte,5.2954,3.3237,5.6196,3.4593
long,15m_current_compression,15.2,lte,5.297,3.2421,5.6256,3.3318
long,15m_current_compression,17.1,lte,5.2778,3.2326,5.5848,3.5164
long,15m_current_compression,19.0,lte,5.0931,0.0,5.398,0.0
long,15m_current_ma20_distance_pct,-11.1149,gte,5.0931,0.0,5.398,0.0
long,15m_current_ma20_distance_pct,-10.077688,gte,5.1023,0.998,5.4189,-3.9522
long,15m_current_ma20_distance_pct,-9.040476,gte,5.0934,5.0537,5.4236,2.1458
long,15m_current_ma20_distance_pct,-8.003264,gte,5.0896,5.4034,5.4272,2.8086
long,15m_current_ma20_distance_pct,-6.966052,gte,5.0896,5.4034,5.4272,2.8086
long,15m_current_ma20_distance_pct,-5.92884,gte,5.0832,5.7185,5.3879,6.0392
long,15m_current_ma20_distance_pct,-4.891628,gte,5.0213,8.2427,5.3899,5.7534
long,15m_current_ma20_distance_pct,-3.854416,gte,5.0291,7.328,5.4014,5.2786
long,15m_current_ma20_distance_pct,-2.817204,gte,5.0167,6.8212,5.4066,5.203
long,15m_current_ma20_distance_pct,-1.779992,gte,4.9952,6.3682,5.3558,5.9472
long,15m_current_ma20_distance_pct,-0.74278,gte,5.0397,5.4425,5.4671,4.9461
long,15m_current_ma20_distance_pct,0.294432,gte,5.219,4.6054,5.5817,4.6863
long,15m_current_ma20_distance_pct,1.331644,gte,5.3634,4.4754,5.733,4.6324
long,15m_current_ma20_distance_pct,2.368856,gte,5.7988,4.2163,6.1128,4.5099
long,15m_current_ma20_distance_pct,3.406068,gte,6.3867,4.0614,6.7349,4.3318
long,15m_current_ma20_distance_pct,4.44328,gte,7.1608,4.0541,7.4421,4.3708
long,15m_current_ma20_distance_pct,5.480492,gte,7.9137,4.1148,7.9173,4.5242
long,15m_current_ma20_distance_pct,6.517704,gte,8.6929,4.1642,8.2873,4.6524
long,15m_current_ma20_distance_pct,7.554916,gte,8.6821,4.3376,8.5098,4.7429
long,15m_current_ma20_distance_pct,8.592128,gte,9.0907,4.4519,8.7785,4.8557
long,15m_current_ma20_distance_pct,9.62934,gte,9.8221,4.4998,9.3076,4.9075
long,15m_current_ma20_distance_pct,10.666552,gte,10.5454,4.5519,10.3612,4.9054
long,15m_current_ma20_distance_pct,11.703764,gte,11.9451,4.5489,11.7715,4.8918
long,15m_current_ma20_distance_pct,12.740976,gte,12.0034,4.5889,12.0443,4.9131
long,15m_current_ma20_distance_pct,13.778188,gte,11.6865,4.6541,10.862,5.0342
long,15m_current_ma20_distance_pct,14.8154,gte,11.614,4.7568,11.2438,5.0965
long,15m_current_ma20_distance_pct,15.852612,gte,12.3183,4.7647,11.8123,5.1065
long,15m_current_ma20_distance_pct,16.889824,gte,11.2377,4.8584,9.3286,5.2479
long,15m_current_ma20_distance_pct,17.927036,gte,11.3101,4.878,8.8266,5.2794
long,15m_current_ma20_distance_pct,18.964248,gte,10.9149,4.9399,7.0003,5.3559
long,15m_current_ma20_distance_pct,20.00146,gte,11.6497,4.936,7.4573,5.3487
long,15m_current_ma20_distance_pct,21.038672,gte,10.6026,4.9739,6.3139,5.3782
long,15m_current_ma20_distance_pct,22.075884,gte,10.3899,4.9847,5.5986,5.3939
long,15m_current_ma20_distance_pct,23.113096,gte,7.6773,5.0551,5.8296,5.3917
long,15m_current_ma20_distance_pct,24.150308,gte,7.6773,5.0551,5.8296,5.3917
long,15m_current_ma20_distance_pct,25.18752,gte,7.6773,5.0551,5.8296,5.3917
long,15m_current_ma20_distance_pct,26.224732,gte,7.838,5.0591,6.0127,5.3904
long,15m_current_ma20_distance_pct,27.261944,gte,7.838,5.0591,6.0127,5.3904
long,15m_current_ma20_distance_pct,28.299156,gte,7.6894,5.0639,5.4372,5.3976
long,15m_current_ma20_distance_pct,29.336368,gte,8.384,5.0598,7.0125,5.3817
long,15m_current_ma20_distance_pct,30.37358,gte,10.1309,5.0706,5.9175,5.3957
long,15m_current_ma20_distance_pct,31.410792,gte,6.9732,5.0868,2.466,5.4079
long,15m_current_ma20_distance_pct,32.448004,gte,6.9732,5.0868,2.466,5.4079
long,15m_current_ma20_distance_pct,33.485216,gte,6.9732,5.0868,2.466,5.4079
long,15m_current_ma20_distance_pct,34.522428,gte,16.1293,5.0685,15.5364,5.3754
long,15m_current_ma20_distance_pct,35.55964,gte,16.1293,5.0685,15.5364,5.3754
long,15m_current_ma20_distance_pct,36.596852,gte,7.6384,5.0903,5.0752,5.3984
long,15m_current_ma20_distance_pct,37.634064,gte,7.6384,5.0903,5.0752,5.3984
long,15m_current_ma20_distance_pct,38.671276,gte,7.6384,5.0903,5.0752,5.3984
long,15m_current_ma20_distance_pct,39.708488,gte,7.6384,5.0903,5.0752,5.3984
long,15m_current_ma20_distance_pct,40.7457,gte,7.6384,5.0903,5.0752,5.3984
long,15m_current_ma20_distance_pct,-11.1149,lte,-1.256,5.1002,-1.1594,5.4053
long,15m_current_ma20_distance_pct,-10.077688,lte,0.998,5.1023,-3.9522,5.4189
long,15m_current_ma20_distance_pct,-9.040476,lte,5.0537,5.0934,2.1458,5.4236
long,15m_current_ma20_distance_pct,-8.003264,lte,5.4034,5.0896,2.8086,5.4272
long,15m_current_ma20_distance_pct,-6.966052,lte,5.4034,5.0896,2.8086,5.4272
long,15m_current_ma20_distance_pct,-5.92884,lte,5.7185,5.0832,6.0392,5.3879
long,15m_current_ma20_distance_pct,-4.891628,lte,8.2427,5.0213,5.7534,5.3899
long,15m_current_ma20_distance_pct,-3.854416,lte,7.328,5.0291,5.2786,5.4014
long,15m_current_ma20_distance_pct,-2.817204,lte,6.8212,5.0167,5.203,5.4066
long,15m_current_ma20_distance_pct,-1.779992,lte,6.3682,4.9952,5.9472,5.3558
long,15m_current_ma20_distance_pct,-0.74278,lte,5.4425,5.0397,4.9461,5.4671
long,15m_current_ma20_distance_pct,0.294432,lte,4.6054,5.219,4.6863,5.5817
long,15m_current_ma20_distance_pct,1.331644,lte,4.4754,5.3634,4.6324,5.733
long,15m_current_ma20_distance_pct,2.368856,lte,4.2163,5.7988,4.5099,6.1128
long,15m_current_ma20_distance_pct,3.406068,lte,4.0614,6.3867,4.3318,6.7349
long,15m_current_ma20_distance_pct,4.44328,lte,4.0541,7.1608,4.3708,7.4421
long,15m_current_ma20_distance_pct,5.480492,lte,4.1148,7.9137,4.5242,7.9173
long,15m_current_ma20_distance_pct,6.517704,lte,4.1642,8.6929,4.6524,8.2873
long,15m_current_ma20_distance_pct,7.554916,lte,4.3376,8.6821,4.7429,8.5098
long,15m_current_ma20_distance_pct,8.592128,lte,4.4519,9.0907,4.8557,8.7785
long,15m_current_ma20_distance_pct,9.62934,lte,4.4998,9.8221,4.9075,9.3076
long,15m_current_ma20_distance_pct,10.666552,lte,4.5519,10.5454,4.9054,10.3612
long,15m_current_ma20_distance_pct,11.703764,lte,4.5489,11.9451,4.8918,11.7715
long,15m_current_ma20_distance_pct,12.740976,lte,4.5889,12.0034,4.9131,12.0443
long,15m_current_ma20_distance_pct,13.778188,lte,4.6541,11.6865,5.0342,10.862
long,15m_current_ma20_distance_pct,14.8154,lte,4.7568,11.614,5.0965,11.2438
long,15m_current_ma20_distance_pct,15.852612,lte,4.7647,12.3183,5.1065,11.8123
long,15m_current_ma20_distance_pct,16.889824,lte,4.8584,11.2377,5.2479,9.3286
long,15m_current_ma20_distance_pct,17.927036,lte,4.878,11.3101,5.2794,8.8266
long,15m_current_ma20_distance_pct,18.964248,lte,4.9399,10.9149,5.3559,7.0003
long,15m_current_ma20_distance_pct,20.00146,lte,4.936,11.6497,5.3487,7.4573
long,15m_current_ma20_distance_pct,21.038672,lte,4.9739,10.6026,5.3782,6.3139
long,15m_current_ma20_distance_pct,22.075884,lte,4.9847,10.3899,5.3939,5.5986
long,15m_current_ma20_distance_pct,23.113096,lte,5.0551,7.6773,5.3917,5.8296
long,15m_current_ma20_distance_pct,24.150308,lte,5.0551,7.6773,5.3917,5.8296
long,15m_current_ma20_distance_pct,25.18752,lte,5.0551,7.6773,5.3917,5.8296
long,15m_current_ma20_distance_pct,26.224732,lte,5.0591,7.838,5.3904,6.0127
long,15m_current_ma20_distance_pct,27.261944,lte,5.0591,7.838,5.3904,6.0127
long,15m_current_ma20_distance_pct,28.299156,lte,5.0639,7.6894,5.3976,5.4372
long,15m_current_ma20_distance_pct,29.336368,lte,5.0598,8.384,5.3817,7.0125
long,15m_current_ma20_distance_pct,30.37358,lte,5.0706,10.1309,5.3957,5.9175
long,15m_current_ma20_distance_pct,31.410792,lte,5.0868,6.9732,5.4079,2.466
long,15m_current_ma20_distance_pct,32.448004,lte,5.0868,6.9732,5.4079,2.466
long,15m_current_ma20_distance_pct,33.485216,lte,5.0868,6.9732,5.4079,2.466
long,15m_current_ma20_distance_pct,34.522428,lte,5.0685,16.1293,5.3754,15.5364
long,15m_current_ma20_distance_pct,35.55964,lte,5.0685,16.1293,5.3754,15.5364
long,15m_current_ma20_distance_pct,36.596852,lte,5.0903,7.6384,5.3984,5.0752
long,15m_current_ma20_distance_pct,37.634064,lte,5.0903,7.6384,5.3984,5.0752
long,15m_current_ma20_distance_pct,38.671276,lte,5.0903,7.6384,5.3984,5.0752
long,15m_current_ma20_distance_pct,39.708488,lte,5.0903,7.6384,5.3984,5.0752
long,15m_current_ma20_distance_pct,40.7457,lte,5.0931,0.0,5.398,0.0
long,15m_current_range_pct,1.477,gte,5.0931,0.0,5.398,0.0
long,15m_current_range_pct,2.545382,gte,6.4515,3.3745,6.9407,3.4463
long,15m_current_range_pct,3.613764,gte,7.2912,3.9208,7.908,4.0593
long,15m_current_range_pct,4.682146,gte,7.4707,4.3799,7.356,4.8106
long,15m_current_range_pct,5.750528,gte,8.2331,4.5124,7.341,5.0387
long,15m_current_range_pct,6.81891,gte,10.3021,4.4615,9.2058,4.9363
long,15m_current_range_pct,7.887292,gte,11.2161,4.5749,10.1744,4.9937
long,15m_current_range_pct,8.955674,gte,11.2076,4.7853,11.7973,5.0758
long,15m_current_range_pct,10.024056,gte,10.452,4.8949,9.7193,5.2382
long,15m_current_range_pct,11.092438,gte,12.76,4.8824,12.2664,5.2092
long,15m_current_range_pct,12.16082,gte,12.4754,4.9248,11.1808,5.2661
long,15m_current_range_pct,13.229202,gte,13.0486,4.9302,11.6967,5.269
long,15m_current_range_pct,14.297584,gte,14.2228,4.9484,9.1532,5.3385
long,15m_current_range_pct,15.365966,gte,17.0346,4.9857,11.2019,5.3458
long,15m_current_range_pct,16.434348,gte,14.2801,5.0313,9.1889,5.3725
long,15m_current_range_pct,17.50273,gte,14.2801,5.0313,9.1889,5.3725
long,15m_current_range_pct,18.571112,gte,14.6998,5.0393,8.3911,5.3812
long,15m_current_range_pct,19.639494,gte,14.6998,5.0393,8.3911,5.3812
long,15m_current_range_pct,20.707876,gte,14.6998,5.0393,8.3911,5.3812
long,15m_current_range_pct,21.776258,gte,14.6998,5.0393,8.3911,5.3812
long,15m_current_range_pct,22.84464,gte,11.9394,5.0625,6.1831,5.3945
long,15m_current_range_pct,23.913022,gte,11.9394,5.0625,6.1831,5.3945
long,15m_current_range_pct,24.981404,gte,11.9394,5.0625,6.1831,5.3945
long,15m_current_range_pct,26.049786,gte,19.6989,5.0441,16.1359,5.362
long,15m_current_range_pct,27.118168,gte,19.6989,5.0441,16.1359,5.362
long,15m_current_range_pct,28.18655,gte,24.1052,5.0506,21.8472,5.3613
long,15m_current_range_pct,29.254932,gte,24.1052,5.0506,21.8472,5.3613
long,15m_current_range_pct,30.323314,gte,24.1052,5.0506,21.8472,5.3613
long,15m_current_range_pct,31.391696,gte,24.1052,5.0506,21.8472,5.3613
long,15m_current_range_pct,32.460078,gte,24.1052,5.0506,21.8472,5.3613
long,15m_current_range_pct,33.52846,gte,24.6202,5.0713,25.9977,5.375
long,15m_current_range_pct,34.596842,gte,24.6202,5.0713,25.9977,5.375
long,15m_current_range_pct,35.665224,gte,24.6202,5.0713,25.9977,5.375
long,15m_current_range_pct,36.733606,gte,24.6202,5.0713,25.9977,5.375
long,15m_current_range_pct,37.801988,gte,24.6202,5.0713,25.9977,5.375
long,15m_current_range_pct,38.87037,gte,24.6202,5.0713,25.9977,5.375
long,15m_current_range_pct,39.938752,gte,24.6202,5.0713,25.9977,5.375
long,15m_current_range_pct,41.007134,gte,24.6202,5.0713,25.9977,5.375
long,15m_current_range_pct,42.075516,gte,24.6202,5.0713,25.9977,5.375
long,15m_current_range_pct,43.143898,gte,24.6202,5.0713,25.9977,5.375
long,15m_current_range_pct,44.21228,gte,24.6202,5.0713,25.9977,5.375
long,15m_current_range_pct,45.280662,gte,24.6202,5.0713,25.9977,5.375
long,15m_current_range_pct,46.349044,gte,24.6202,5.0713,25.9977,5.375
long,15m_current_range_pct,47.417426,gte,24.6202,5.0713,25.9977,5.375
long,15m_current_range_pct,48.485808,gte,24.6202,5.0713,25.9977,5.375
long,15m_current_range_pct,49.55419,gte,24.6202,5.0713,25.9977,5.375
long,15m_current_range_pct,50.622572,gte,24.6202,5.0713,25.9977,5.375
long,15m_current_range_pct,51.690954,gte,24.6202,5.0713,25.9977,5.375
long,15m_current_range_pct,52.759336,gte,24.6202,5.0713,25.9977,5.375
long,15m_current_range_pct,53.827718,gte,24.6202,5.0713,25.9977,5.375
long,15m_current_range_pct,54.8961,gte,24.6202,5.0713,25.9977,5.375
long,15m_current_range_pct,1.477,lte,8.7842,5.089,15.8271,5.3864
long,15m_current_range_pct,2.545382,lte,3.3745,6.4515,3.4463,6.9407
long,15m_current_range_pct,3.613764,lte,3.9208,7.2912,4.0593,7.908
long,15m_current_range_pct,4.682146,lte,4.3799,7.4707,4.8106,7.356
long,15m_current_range_pct,5.750528,lte,4.5124,8.2331,5.0387,7.341
long,15m_current_range_pct,6.81891,lte,4.4615,10.3021,4.9363,9.2058
long,15m_current_range_pct,7.887292,lte,4.5749,11.2161,4.9937,10.1744
long,15m_current_range_pct,8.955674,lte,4.7853,11.2076,5.0758,11.7973
long,15m_current_range_pct,10.024056,lte,4.8949,10.452,5.2382,9.7193
long,15m_current_range_pct,11.092438,lte,4.8824,12.76,5.2092,12.2664
long,15m_current_range_pct,12.16082,lte,4.9248,12.4754,5.2661,11.1808
long,15m_current_range_pct,13.229202,lte,4.9302,13.0486,5.269,11.6967
long,15m_current_range_pct,14.297584,lte,4.9484,14.2228,5.3385,9.1532
long,15m_current_range_pct,15.365966,lte,4.9857,17.0346,5.3458,11.2019
long,15m_current_range_pct,16.434348,lte,5.0313,14.2801,5.3725,9.1889
long,15m_current_range_pct,17.50273,lte,5.0313,14.2801,5.3725,9.1889
long,15m_current_range_pct,18.571112,lte,5.0393,14.6998,5.3812,8.3911
long,15m_current_range_pct,19.639494,lte,5.0393,14.6998,5.3812,8.3911
long,15m_current_range_pct,20.707876,lte,5.0393,14.6998,5.3812,8.3911
long,15m_current_range_pct,21.776258,lte,5.0393,14.6998,5.3812,8.3911
long,15m_current_range_pct,22.84464,lte,5.0625,11.9394,5.3945,6.1831
long,15m_current_range_pct,23.913022,lte,5.0625,11.9394,5.3945,6.1831
long,15m_current_range_pct,24.981404,lte,5.0625,11.9394,5.3945,6.1831
long,15m_current_range_pct,26.049786,lte,5.0441,19.6989,5.362,16.1359
long,15m_current_range_pct,27.118168,lte,5.0441,19.6989,5.362,16.1359
long,15m_current_range_pct,28.18655,lte,5.0506,24.1052,5.3613,21.8472
long,15m_current_range_pct,29.254932,lte,5.0506,24.1052,5.3613,21.8472
long,15m_current_range_pct,30.323314,lte,5.0506,24.1052,5.3613,21.8472
long,15m_current_range_pct,31.391696,lte,5.0506,24.1052,5.3613,21.8472
long,15m_current_range_pct,32.460078,lte,5.0506,24.1052,5.3613,21.8472
long,15m_current_range_pct,33.52846,lte,5.0713,24.6202,5.375,25.9977
long,15m_current_range_pct,34.596842,lte,5.0713,24.6202,5.375,25.9977
long,15m_current_range_pct,35.665224,lte,5.0713,24.6202,5.375,25.9977
long,15m_current_range_pct,36.733606,lte,5.0713,24.6202,5.375,25.9977
long,15m_current_range_pct,37.801988,lte,5.0713,24.6202,5.375,25.9977
long,15m_current_range_pct,38.87037,lte,5.0713,24.6202,5.375,25.9977
long,15m_current_range_pct,39.938752,lte,5.0713,24.6202,5.375,25.9977
long,15m_current_range_pct,41.007134,lte,5.0713,24.6202,5.375,25.9977
long,15m_current_range_pct,42.075516,lte,5.0713,24.6202,5.375,25.9977
long,15m_current_range_pct,43.143898,lte,5.0713,24.6202,5.375,25.9977
long,15m_current_range_pct,44.21228,lte,5.0713,24.6202,5.375,25.9977
long,15m_current_range_pct,45.280662,lte,5.0713,24.6202,5.375,25.9977
long,15m_current_range_pct,46.349044,lte,5.0713,24.6202,5.375,25.9977
long,15m_current_range_pct,47.417426,lte,5.0713,24.6202,5.375,25.9977
long,15m_current_range_pct,48.485808,lte,5.0713,24.6202,5.375,25.9977
long,15m_current_range_pct,49.55419,lte,5.0713,24.6202,5.375,25.9977
long,15m_current_range_pct,50.622572,lte,5.0713,24.6202,5.375,25.9977
long,15m_current_range_pct,51.690954,lte,5.0713,24.6202,5.375,25.9977
long,15m_current_range_pct,52.759336,lte,5.0713,24.6202,5.375,25.9977
long,15m_current_range_pct,53.827718,lte,5.0713,24.6202,5.375,25.9977
long,15m_current_range_pct,54.8961,lte,5.0931,0.0,5.398,0.0
long,15m_current_return_pct,-5.8909,gte,5.0931,0.0,5.398,0.0
long,15m_current_return_pct,-5.136684,gte,5.0769,19.6041,5.3859,16.2723
long,15m_current_return_pct,-4.382468,gte,5.0746,13.3904,5.3845,11.4604
long,15m_current_return_pct,-3.628252,gte,5.0436,16.1582,5.3521,15.6577
long,15m_current_return_pct,-2.874036,gte,5.0195,16.034,5.3483,12.7827
long,15m_current_return_pct,-2.11982,gte,4.9858,11.8615,5.3805,6.5031
long,15m_current_return_pct,-1.365604,gte,5.0379,6.4527,5.4009,5.3266
long,15m_current_return_pct,-0.611388,gte,5.0198,5.812,5.2638,6.7141
long,15m_current_return_pct,0.142828,gte,5.0816,5.1514,5.4602,5.0832
long,15m_current_return_pct,0.897044,gte,5.4221,4.3832,5.8057,4.518
long,15m_current_return_pct,1.65126,gte,6.5628,3.9523,7.1229,4.0591
long,15m_current_return_pct,2.405476,gte,7.4881,4.2576,7.8833,4.531
long,15m_current_return_pct,3.159692,gte,8.7006,4.3687,8.5371,4.7677
long,15m_current_return_pct,3.913908,gte,9.4534,4.4583,9.0187,4.8709
long,15m_current_return_pct,4.668124,gte,10.6097,4.5825,9.7601,4.9942
long,15m_current_return_pct,5.42234,gte,11.272,4.6895,11.7933,4.9803
long,15m_current_return_pct,6.176556,gte,12.822,4.7324,12.0071,5.0895
long,15m_current_return_pct,6.930772,gte,13.3469,4.8272,12.615,5.1655
long,15m_current_return_pct,7.684988,gte,12.7881,4.9266,11.8914,5.2575
long,15m_current_return_pct,8.439204,gte,11.285,4.9807,11.6191,5.285
long,15m_current_return_pct,9.19342,gte,11.6754,4.9812,11.3834,5.2962
long,15m_current_return_pct,9.947636,gte,11.6754,4.9812,11.3834,5.2962
long,15m_current_return_pct,10.701852,gte,14.4972,5.0085,8.7822,5.3676
long,15m_current_return_pct,11.456068,gte,15.8531,5.0085,9.3893,5.3666
long,15m_current_return_pct,12.210284,gte,15.8531,5.0085,9.3893,5.3666
long,15m_current_return_pct,12.9645,gte,15.8531,5.0085,9.3893,5.3666
long,15m_current_return_pct,13.718716,gte,20.1833,4.9915,13.6562,5.3424
long,15m_current_return_pct,14.472932,gte,14.6998,5.0393,8.3911,5.3812
long,15m_current_return_pct,15.227148,gte,12.2197,5.0612,3.9894,5.4043
long,15m_current_return_pct,15.981364,gte,12.2197,5.0612,3.9894,5.4043
long,15m_current_return_pct,16.73558,gte,12.2197,5.0612,3.9894,5.4043
long,15m_current_return_pct,17.489796,gte,12.2197,5.0612,3.9894,5.4043
long,15m_current_return_pct,18.244012,gte,12.2197,5.0612,3.9894,5.4043
long,15m_current_return_pct,18.998228,gte,7.7125,5.0843,-0.4217,5.4175
long,15m_current_return_pct,19.752444,gte,7.7125,5.0843,-0.4217,5.4175
long,15m_current_return_pct,20.50666,gte,7.7125,5.0843,-0.4217,5.4175
long,15m_current_return_pct,21.260876,gte,7.7125,5.0843,-0.4217,5.4175
long,15m_current_return_pct,22.015092,gte,7.7125,5.0843,-0.4217,5.4175
long,15m_current_return_pct,22.769308,gte,17.2383,5.066,11.205,5.385
long,15m_current_return_pct,23.523524,gte,23.5902,5.0725,17.6968,5.3843
long,15m_current_return_pct,24.27774,gte,23.5902,5.0725,17.6968,5.3843
long,15m_current_return_pct,25.031956,gte,23.5902,5.0725,17.6968,5.3843
long,15m_current_return_pct,25.786172,gte,23.5902,5.0725,17.6968,5.3843
long,15m_current_return_pct,26.540388,gte,23.5902,5.0725,17.6968,5.3843
long,15m_current_return_pct,27.294604,gte,23.5902,5.0725,17.6968,5.3843
long,15m_current_return_pct,28.04882,gte,23.5902,5.0725,17.6968,5.3843
long,15m_current_return_pct,28.803036,gte,23.5902,5.0725,17.6968,5.3843
long,15m_current_return_pct,29.557252,gte,23.5902,5.0725,17.6968,5.3843
long,15m_current_return_pct,30.311468,gte,23.5902,5.0725,17.6968,5.3843
long,15m_current_return_pct,31.065684,gte,23.5902,5.0725,17.6968,5.3843
long,15m_current_return_pct,31.8199,gte,23.5902,5.0725,17.6968,5.3843
long,15m_current_return_pct,-5.8909,lte,19.6041,5.0769,16.2723,5.3859
long,15m_current_return_pct,-5.136684,lte,19.6041,5.0769,16.2723,5.3859
long,15m_current_return_pct,-4.382468,lte,13.3904,5.0746,11.4604,5.3845
long,15m_current_return_pct,-3.628252,lte,16.1582,5.0436,15.6577,5.3521
long,15m_current_return_pct,-2.874036,lte,16.034,5.0195,12.7827,5.3483
long,15m_current_return_pct,-2.11982,lte,11.8615,4.9858,6.5031,5.3805
long,15m_current_return_pct,-1.365604,lte,6.4527,5.0379,5.3266,5.4009
long,15m_current_return_pct,-0.611388,lte,5.812,5.0198,6.7141,5.2638
long,15m_current_return_pct,0.142828,lte,5.1514,5.0816,5.0832,5.4602
long,15m_current_return_pct,0.897044,lte,4.3832,5.4221,4.518,5.8057
long,15m_current_return_pct,1.65126,lte,3.9523,6.5628,4.0591,7.1229
long,15m_current_return_pct,2.405476,lte,4.2576,7.4881,4.531,7.8833
long,15m_current_return_pct,3.159692,lte,4.3687,8.7006,4.7677,8.5371
long,15m_current_return_pct,3.913908,lte,4.4583,9.4534,4.8709,9.0187
long,15m_current_return_pct,4.668124,lte,4.5825,10.6097,4.9942,9.7601
long,15m_current_return_pct,5.42234,lte,4.6895,11.272,4.9803,11.7933
long,15m_current_return_pct,6.176556,lte,4.7324,12.822,5.0895,12.0071
long,15m_current_return_pct,6.930772,lte,4.8272,13.3469,5.1655,12.615
long,15m_current_return_pct,7.684988,lte,4.9266,12.7881,5.2575,11.8914
long,15m_current_return_pct,8.439204,lte,4.9807,11.285,5.285,11.6191
long,15m_current_return_pct,9.19342,lte,4.9812,11.6754,5.2962,11.3834
long,15m_current_return_pct,9.947636,lte,4.9812,11.6754,5.2962,11.3834
long,15m_current_return_pct,10.701852,lte,5.0085,14.4972,5.3676,8.7822
long,15m_current_return_pct,11.456068,lte,5.0085,15.8531,5.3666,9.3893
long,15m_current_return_pct,12.210284,lte,5.0085,15.8531,5.3666,9.3893
long,15m_current_return_pct,12.9645,lte,5.0085,15.8531,5.3666,9.3893
long,15m_current_return_pct,13.718716,lte,4.9915,20.1833,5.3424,13.6562
long,15m_current_return_pct,14.472932,lte,5.0393,14.6998,5.3812,8.3911
long,15m_current_return_pct,15.227148,lte,5.0612,12.2197,5.4043,3.9894
long,15m_current_return_pct,15.981364,lte,5.0612,12.2197,5.4043,3.9894
long,15m_current_return_pct,16.73558,lte,5.0612,12.2197,5.4043,3.9894
long,15m_current_return_pct,17.489796,lte,5.0612,12.2197,5.4043,3.9894
long,15m_current_return_pct,18.244012,lte,5.0612,12.2197,5.4043,3.9894
long,15m_current_return_pct,18.998228,lte,5.0843,7.7125,5.4175,-0.4217
long,15m_current_return_pct,19.752444,lte,5.0843,7.7125,5.4175,-0.4217
long,15m_current_return_pct,20.50666,lte,5.0843,7.7125,5.4175,-0.4217
long,15m_current_return_pct,21.260876,lte,5.0843,7.7125,5.4175,-0.4217
long,15m_current_return_pct,22.015092,lte,5.0843,7.7125,5.4175,-0.4217
long,15m_current_return_pct,22.769308,lte,5.066,17.2383,5.385,11.205
long,15m_current_return_pct,23.523524,lte,5.0725,23.5902,5.3843,17.6968
long,15m_current_return_pct,24.27774,lte,5.0725,23.5902,5.3843,17.6968
long,15m_current_return_pct,25.031956,lte,5.0725,23.5902,5.3843,17.6968
long,15m_current_return_pct,25.786172,lte,5.0725,23.5902,5.3843,17.6968
long,15m_current_return_pct,26.540388,lte,5.0725,23.5902,5.3843,17.6968
long,15m_current_return_pct,27.294604,lte,5.0725,23.5902,5.3843,17.6968
long,15m_current_return_pct,28.04882,lte,5.0725,23.5902,5.3843,17.6968
long,15m_current_return_pct,28.803036,lte,5.0725,23.5902,5.3843,17.6968
long,15m_current_return_pct,29.557252,lte,5.0725,23.5902,5.3843,17.6968
long,15m_current_return_pct,30.311468,lte,5.0725,23.5902,5.3843,17.6968
long,15m_current_return_pct,31.065684,lte,5.0725,23.5902,5.3843,17.6968
long,15m_current_return_pct,31.8199,lte,5.0931,0.0,5.398,0.0
long,15m_current_volume_ratio,0.1634,gte,5.0931,0.0,5.398,0.0
long,15m_current_volume_ratio,1.777144,gte,5.5816,4.8196,6.1454,4.9795
long,15m_current_volume_ratio,3.390888,gte,6.5912,4.8184,6.7358,5.1527
long,15m_current_volume_ratio,5.004632,gte,6.7759,4.9551,6.7641,5.286
long,15m_current_volume_ratio,6.618376,gte,6.3199,5.0283,7.1063,5.3078
long,15m_current_volume_ratio,8.23212,gte,7.2512,5.0236,7.7245,5.3231
long,15m_current_volume_ratio,9.845864,gte,7.074,5.0387,7.7494,5.3334
long,15m_current_volume_ratio,11.459608,gte,6.2691,5.0677,6.4507,5.3752
long,15m_current_volume_ratio,13.073352,gte,7.298,5.0607,7.7445,5.3635
long,15m_current_volume_ratio,14.687096,gte,7.5125,5.0603,8.0594,5.3619
long,15m_current_volume_ratio,16.30084,gte,8.5477,5.0581,8.5534,5.366
long,15m_current_volume_ratio,17.914584,gte,9.3755,5.0546,8.7536,5.3678
long,15m_current_volume_ratio,19.528328,gte,9.3755,5.0546,8.7536,5.3678
long,15m_current_volume_ratio,21.142072,gte,9.3755,5.0546,8.7536,5.3678
long,15m_current_volume_ratio,22.755816,gte,10.1616,5.0533,9.1698,5.3684
long,15m_current_volume_ratio,24.36956,gte,10.1616,5.0533,9.1698,5.3684
long,15m_current_volume_ratio,25.983304,gte,10.1616,5.0533,9.1698,5.3684
long,15m_current_volume_ratio,27.597048,gte,10.1616,5.0533,9.1698,5.3684
long,15m_current_volume_ratio,29.210792,gte,12.3629,5.0442,10.9656,5.3605
long,15m_current_volume_ratio,30.824536,gte,14.638,5.0396,12.7013,5.3571
long,15m_current_volume_ratio,32.43828,gte,14.638,5.0396,12.7013,5.3571
long,15m_current_volume_ratio,34.052024,gte,14.638,5.0396,12.7013,5.3571
long,15m_current_volume_ratio,35.665768,gte,14.638,5.0396,12.7013,5.3571
long,15m_current_volume_ratio,37.279512,gte,14.638,5.0396,12.7013,5.3571
long,15m_current_volume_ratio,38.893256,gte,14.638,5.0396,12.7013,5.3571
long,15m_current_volume_ratio,40.507,gte,14.638,5.0396,12.7013,5.3571
long,15m_current_volume_ratio,42.120744,gte,14.638,5.0396,12.7013,5.3571
long,15m_current_volume_ratio,43.734488,gte,14.638,5.0396,12.7013,5.3571
long,15m_current_volume_ratio,45.348232,gte,14.638,5.0396,12.7013,5.3571
long,15m_current_volume_ratio,46.961976,gte,18.0726,5.035,15.7382,5.3517
long,15m_current_volume_ratio,48.57572,gte,18.0726,5.035,15.7382,5.3517
long,15m_current_volume_ratio,50.189464,gte,19.1634,5.0459,16.8561,5.3596
long,15m_current_volume_ratio,51.803208,gte,19.1634,5.0459,16.8561,5.3596
long,15m_current_volume_ratio,53.416952,gte,19.1634,5.0459,16.8561,5.3596
long,15m_current_volume_ratio,55.030696,gte,19.1634,5.0459,16.8561,5.3596
long,15m_current_volume_ratio,56.64444,gte,19.1634,5.0459,16.8561,5.3596
long,15m_current_volume_ratio,58.258184,gte,19.1634,5.0459,16.8561,5.3596
long,15m_current_volume_ratio,59.871928,gte,19.1634,5.0459,16.8561,5.3596
long,15m_current_volume_ratio,61.485672,gte,19.1634,5.0459,16.8561,5.3596
long,15m_current_volume_ratio,63.099416,gte,19.1634,5.0459,16.8561,5.3596
long,15m_current_volume_ratio,64.71316,gte,19.1634,5.0459,16.8561,5.3596
long,15m_current_volume_ratio,66.326904,gte,19.1634,5.0459,16.8561,5.3596
long,15m_current_volume_ratio,67.940648,gte,21.8858,5.0556,17.6092,5.3707
long,15m_current_volume_ratio,69.554392,gte,21.8858,5.0556,17.6092,5.3707
long,15m_current_volume_ratio,71.168136,gte,21.8858,5.0556,17.6092,5.3707
long,15m_current_volume_ratio,72.78188,gte,21.8858,5.0556,17.6092,5.3707
long,15m_current_volume_ratio,74.395624,gte,23.5902,5.0725,17.6968,5.3843
long,15m_current_volume_ratio,76.009368,gte,23.5902,5.0725,17.6968,5.3843
long,15m_current_volume_ratio,77.623112,gte,23.5902,5.0725,17.6968,5.3843
long,15m_current_volume_ratio,79.236856,gte,23.5902,5.0725,17.6968,5.3843
long,15m_current_volume_ratio,80.8506,gte,23.5902,5.0725,17.6968,5.3843
long,15m_current_volume_ratio,0.1634,lte,-2.6292,5.1018,-3.9537,5.4085
long,15m_current_volume_ratio,1.777144,lte,4.8196,5.5816,4.9795,6.1454
long,15m_current_volume_ratio,3.390888,lte,4.8184,6.5912,5.1527,6.7358
long,15m_current_volume_ratio,5.004632,lte,4.9551,6.7759,5.286,6.7641
long,15m_current_volume_ratio,6.618376,lte,5.0283,6.3199,5.3078,7.1063
long,15m_current_volume_ratio,8.23212,lte,5.0236,7.2512,5.3231,7.7245
long,15m_current_volume_ratio,9.845864,lte,5.0387,7.074,5.3334,7.7494
long,15m_current_volume_ratio,11.459608,lte,5.0677,6.2691,5.3752,6.4507
long,15m_current_volume_ratio,13.073352,lte,5.0607,7.298,5.3635,7.7445
long,15m_current_volume_ratio,14.687096,lte,5.0603,7.5125,5.3619,8.0594
long,15m_current_volume_ratio,16.30084,lte,5.0581,8.5477,5.366,8.5534
long,15m_current_volume_ratio,17.914584,lte,5.0546,9.3755,5.3678,8.7536
long,15m_current_volume_ratio,19.528328,lte,5.0546,9.3755,5.3678,8.7536
long,15m_current_volume_ratio,21.142072,lte,5.0546,9.3755,5.3678,8.7536
long,15m_current_volume_ratio,22.755816,lte,5.0533,10.1616,5.3684,9.1698
long,15m_current_volume_ratio,24.36956,lte,5.0533,10.1616,5.3684,9.1698
long,15m_current_volume_ratio,25.983304,lte,5.0533,10.1616,5.3684,9.1698
long,15m_current_volume_ratio,27.597048,lte,5.0533,10.1616,5.3684,9.1698
long,15m_current_volume_ratio,29.210792,lte,5.0442,12.3629,5.3605,10.9656
long,15m_current_volume_ratio,30.824536,lte,5.0396,14.638,5.3571,12.7013
long,15m_current_volume_ratio,32.43828,lte,5.0396,14.638,5.3571,12.7013
long,15m_current_volume_ratio,34.052024,lte,5.0396,14.638,5.3571,12.7013
long,15m_current_volume_ratio,35.665768,lte,5.0396,14.638,5.3571,12.7013
long,15m_current_volume_ratio,37.279512,lte,5.0396,14.638,5.3571,12.7013
long,15m_current_volume_ratio,38.893256,lte,5.0396,14.638,5.3571,12.7013
long,15m_current_volume_ratio,40.507,lte,5.0396,14.638,5.3571,12.7013
long,15m_current_volume_ratio,42.120744,lte,5.0396,14.638,5.3571,12.7013
long,15m_current_volume_ratio,43.734488,lte,5.0396,14.638,5.3571,12.7013
long,15m_current_volume_ratio,45.348232,lte,5.0396,14.638,5.3571,12.7013
long,15m_current_volume_ratio,46.961976,lte,5.035,18.0726,5.3517,15.7382
long,15m_current_volume_ratio,48.57572,lte,5.035,18.0726,5.3517,15.7382
long,15m_current_volume_ratio,50.189464,lte,5.0459,19.1634,5.3596,16.8561
long,15m_current_volume_ratio,51.803208,lte,5.0459,19.1634,5.3596,16.8561
long,15m_current_volume_ratio,53.416952,lte,5.0459,19.1634,5.3596,16.8561
long,15m_current_volume_ratio,55.030696,lte,5.0459,19.1634,5.3596,16.8561
long,15m_current_volume_ratio,56.64444,lte,5.0459,19.1634,5.3596,16.8561
long,15m_current_volume_ratio,58.258184,lte,5.0459,19.1634,5.3596,16.8561
long,15m_current_volume_ratio,59.871928,lte,5.0459,19.1634,5.3596,16.8561
long,15m_current_volume_ratio,61.485672,lte,5.0459,19.1634,5.3596,16.8561
long,15m_current_volume_ratio,63.099416,lte,5.0459,19.1634,5.3596,16.8561
long,15m_current_volume_ratio,64.71316,lte,5.0459,19.1634,5.3596,16.8561
long,15m_current_volume_ratio,66.326904,lte,5.0459,19.1634,5.3596,16.8561
long,15m_current_volume_ratio,67.940648,lte,5.0556,21.8858,5.3707,17.6092
long,15m_current_volume_ratio,69.554392,lte,5.0556,21.8858,5.3707,17.6092
long,15m_current_volume_ratio,71.168136,lte,5.0556,21.8858,5.3707,17.6092
long,15m_current_volume_ratio,72.78188,lte,5.0556,21.8858,5.3707,17.6092
long,15m_current_volume_ratio,74.395624,lte,5.0725,23.5902,5.3843,17.6968
long,15m_current_volume_ratio,76.009368,lte,5.0725,23.5902,5.3843,17.6968
long,15m_current_volume_ratio,77.623112,lte,5.0725,23.5902,5.3843,17.6968
long,15m_current_volume_ratio,79.236856,lte,5.0725,23.5902,5.3843,17.6968
long,15m_current_volume_ratio,80.8506,lte,5.0931,0.0,5.398,0.0
long,15m_previous_body_pct,0.0,gte,5.0931,0.0,5.398,0.0
long,15m_previous_body_pct,0.287102,gte,5.3691,3.7079,5.7681,3.5404
long,15m_previous_body_pct,0.574204,gte,5.6584,3.8979,5.7617,4.6289
long,15m_previous_body_pct,0.861306,gte,6.0799,3.9824,6.4002,4.27
long,15m_previous_body_pct,1.148408,gte,6.583,3.983,6.8919,4.2849
long,15m_previous_body_pct,1.43551,gte,6.9799,4.121,7.3126,4.4116
long,15m_previous_body_pct,1.722612,gte,7.2888,4.2258,7.7249,4.4789
long,15m_previous_body_pct,2.009714,gte,7.6602,4.2739,8.1256,4.5276
long,15m_previous_body_pct,2.296816,gte,7.6288,4.4477,8.1927,4.6867
long,15m_previous_body_pct,2.583918,gte,8.1461,4.4202,8.4823,4.7182
long,15m_previous_body_pct,2.87102,gte,8.3659,4.4827,8.6059,4.7997
long,15m_previous_body_pct,3.158122,gte,8.6552,4.5377,9.2214,4.8018
long,15m_previous_body_pct,3.445224,gte,8.5458,4.6403,8.91,4.9374
long,15m_previous_body_pct,3.732326,gte,9.2192,4.6612,9.9572,4.9208
long,15m_previous_body_pct,4.019428,gte,9.3403,4.7112,10.2386,4.9628
long,15m_previous_body_pct,4.30653,gte,9.1761,4.7635,10.2549,5.006
long,15m_previous_body_pct,4.593632,gte,9.1908,4.8203,9.136,5.1491
long,15m_previous_body_pct,4.880734,gte,9.4138,4.8381,9.7603,5.1405
long,15m_previous_body_pct,5.167836,gte,10.2583,4.8457,12.3122,5.0669
long,15m_previous_body_pct,5.454938,gte,10.7451,4.8568,12.6945,5.0929
long,15m_previous_body_pct,5.74204,gte,10.768,4.8832,12.0992,5.1501
long,15m_previous_body_pct,6.029142,gte,10.6934,4.9193,12.2481,5.1854
long,15m_previous_body_pct,6.316244,gte,10.6934,4.9193,12.2481,5.1854
long,15m_previous_body_pct,6.603346,gte,10.9521,4.9252,12.4538,5.1957
long,15m_previous_body_pct,6.890448,gte,11.0468,4.9295,11.847,5.2207
long,15m_previous_body_pct,7.17755,gte,11.262,4.938,11.6875,5.2399
long,15m_previous_body_pct,7.464652,gte,11.6995,4.9502,11.7658,5.2602
long,15m_previous_body_pct,7.751754,gte,12.4503,4.9425,13.0384,5.2416
long,15m_previous_body_pct,8.038856,gte,10.3826,4.991,11.4535,5.281
long,15m_previous_body_pct,8.325958,gte,9.7867,5.0187,12.2683,5.2891
long,15m_previous_body_pct,8.61306,gte,9.9745,5.0213,12.9106,5.2875
long,15m_previous_body_pct,8.900162,gte,9.9745,5.0213,12.9106,5.2875
long,15m_previous_body_pct,9.187264,gte,8.9481,5.0453,13.097,5.3024
long,15m_previous_body_pct,9.474366,gte,5.2185,5.0919,10.1289,5.3501
long,15m_previous_body_pct,9.761468,gte,5.2589,5.0918,11.5035,5.35
long,15m_previous_body_pct,10.04857,gte,4.0557,5.1001,9.3287,5.3716
long,15m_previous_body_pct,10.335672,gte,1.0325,5.1159,7.5187,5.3861
long,15m_previous_body_pct,10.622774,gte,0.1025,5.1155,7.4139,5.389
long,15m_previous_body_pct,10.909876,gte,0.1025,5.1155,7.4139,5.389
long,15m_previous_body_pct,11.196978,gte,0.1025,5.1155,7.4139,5.389
long,15m_previous_body_pct,11.48408,gte,0.1025,5.1155,7.4139,5.389
long,15m_previous_body_pct,11.771182,gte,0.1025,5.1155,7.4139,5.389
long,15m_previous_body_pct,12.058284,gte,0.0238,5.1101,10.4827,5.381
long,15m_previous_body_pct,12.345386,gte,0.0238,5.1101,10.4827,5.381
long,15m_previous_body_pct,12.632488,gte,0.0238,5.1101,10.4827,5.381
long,15m_previous_body_pct,12.91959,gte,0.0238,5.1101,10.4827,5.381
long,15m_previous_body_pct,13.206692,gte,0.0238,5.1101,10.4827,5.381
long,15m_previous_body_pct,13.493794,gte,-1.9007,5.1088,12.8041,5.3815
long,15m_previous_body_pct,13.780896,gte,-1.9007,5.1088,12.8041,5.3815
long,15m_previous_body_pct,14.067998,gte,-1.9007,5.1088,12.8041,5.3815
long,15m_previous_body_pct,14.3551,gte,2.7874,5.0957,16.5197,5.3856
long,15m_previous_body_pct,0.0,lte,4.7967,5.0961,7.8473,5.3732
long,15m_previous_body_pct,0.287102,lte,3.7079,5.3691,3.5404,5.7681
long,15m_previous_body_pct,0.574204,lte,3.8979,5.6584,4.6289,5.7617
long,15m_previous_body_pct,0.861306,lte,3.9824,6.0799,4.27,6.4002
long,15m_previous_body_pct,1.148408,lte,3.983,6.583,4.2849,6.8919
long,15m_previous_body_pct,1.43551,lte,4.121,6.9799,4.4116,7.3126
long,15m_previous_body_pct,1.722612,lte,4.2258,7.2888,4.4789,7.7249
long,15m_previous_body_pct,2.009714,lte,4.2739,7.6602,4.5276,8.1256
long,15m_previous_body_pct,2.296816,lte,4.4477,7.6288,4.6867,8.1927
long,15m_previous_body_pct,2.583918,lte,4.4202,8.1461,4.7182,8.4823
long,15m_previous_body_pct,2.87102,lte,4.4827,8.3659,4.7997,8.6059
long,15m_previous_body_pct,3.158122,lte,4.5377,8.6552,4.8018,9.2214
long,15m_previous_body_pct,3.445224,lte,4.6403,8.5458,4.9374,8.91
long,15m_previous_body_pct,3.732326,lte,4.6612,9.2192,4.9208,9.9572
long,15m_previous_body_pct,4.019428,lte,4.7112,9.3403,4.9628,10.2386
long,15m_previous_body_pct,4.30653,lte,4.7635,9.1761,5.006,10.2549
long,15m_previous_body_pct,4.593632,lte,4.8203,9.1908,5.1491,9.136
long,15m_previous_body_pct,4.880734,lte,4.8381,9.4138,5.1405,9.7603
long,15m_previous_body_pct,5.167836,lte,4.8457,10.2583,5.0669,12.3122
long,15m_previous_body_pct,5.454938,lte,4.8568,10.7451,5.0929,12.6945
long,15m_previous_body_pct,5.74204,lte,4.8832,10.768,5.1501,12.0992
long,15m_previous_body_pct,6.029142,lte,4.9193,10.6934,5.1854,12.2481
long,15m_previous_body_pct,6.316244,lte,4.9193,10.6934,5.1854,12.2481
long,15m_previous_body_pct,6.603346,lte,4.9252,10.9521,5.1957,12.4538
long,15m_previous_body_pct,6.890448,lte,4.9295,11.0468,5.2207,11.847
long,15m_previous_body_pct,7.17755,lte,4.938,11.262,5.2399,11.6875
long,15m_previous_body_pct,7.464652,lte,4.9502,11.6995,5.2602,11.7658
long,15m_previous_body_pct,7.751754,lte,4.9425,12.4503,5.2416,13.0384
long,15m_previous_body_pct,8.038856,lte,4.991,10.3826,5.281,11.4535
long,15m_previous_body_pct,8.325958,lte,5.0187,9.7867,5.2891,12.2683
long,15m_previous_body_pct,8.61306,lte,5.0213,9.9745,5.2875,12.9106
long,15m_previous_body_pct,8.900162,lte,5.0213,9.9745,5.2875,12.9106
long,15m_previous_body_pct,9.187264,lte,5.0453,8.9481,5.3024,13.097
long,15m_previous_body_pct,9.474366,lte,5.0919,5.2185,5.3501,10.1289
long,15m_previous_body_pct,9.761468,lte,5.0918,5.2589,5.35,11.5035
long,15m_previous_body_pct,10.04857,lte,5.1001,4.0557,5.3716,9.3287
long,15m_previous_body_pct,10.335672,lte,5.1159,1.0325,5.3861,7.5187
long,15m_previous_body_pct,10.622774,lte,5.1155,0.1025,5.389,7.4139
long,15m_previous_body_pct,10.909876,lte,5.1155,0.1025,5.389,7.4139
long,15m_previous_body_pct,11.196978,lte,5.1155,0.1025,5.389,7.4139
long,15m_previous_body_pct,11.48408,lte,5.1155,0.1025,5.389,7.4139
long,15m_previous_body_pct,11.771182,lte,5.1155,0.1025,5.389,7.4139
long,15m_previous_body_pct,12.058284,lte,5.1101,0.0238,5.381,10.4827
long,15m_previous_body_pct,12.345386,lte,5.1101,0.0238,5.381,10.4827
long,15m_previous_body_pct,12.632488,lte,5.1101,0.0238,5.381,10.4827
long,15m_previous_body_pct,12.91959,lte,5.1101,0.0238,5.381,10.4827
long,15m_previous_body_pct,13.206692,lte,5.1101,0.0238,5.381,10.4827
long,15m_previous_body_pct,13.493794,lte,5.1088,-1.9007,5.3815,12.8041
long,15m_previous_body_pct,13.780896,lte,5.1088,-1.9007,5.3815,12.8041
long,15m_previous_body_pct,14.067998,lte,5.1088,-1.9007,5.3815,12.8041
long,15m_previous_body_pct,14.3551,lte,5.0931,0.0,5.398,0.0
long,15m_previous_close_position,0.0,gte,5.0931,0.0,5.398,0.0
long,15m_previous_close_position,0.02,gte,5.0905,5.237,5.3601,7.4887
long,15m_previous_close_position,0.04,gte,5.0398,6.8809,5.3077,8.4222
long,15m_previous_close_position,0.06,gte,5.0351,6.1917,5.3013,7.23
long,15m_previous_close_position,0.08,gte,5.0163,6.093,5.2796,6.939
long,15m_previous_close_position,0.1,gte,5.0327,5.6936,5.2804,6.5673
long,15m_previous_close_position,0.12,gte,5.0772,5.2219,5.3502,5.7832
long,15m_previous_close_position,0.14,gte,5.0715,5.239,5.2949,6.0926
long,15m_previous_close_position,0.16,gte,5.0426,5.3861,5.2464,6.2767
long,15m_previous_close_position,0.18,gte,5.0217,5.4545,5.256,6.1166
long,15m_previous_close_position,0.2,gte,5.0812,5.1434,5.3108,5.7658
long,15m_previous_close_position,0.22,gte,5.0413,5.2899,5.3447,5.6004
long,15m_previous_close_position,0.24,gte,5.0756,5.1551,5.3787,5.4661
long,15m_previous_close_position,0.26,gte,5.0854,5.1181,5.3873,5.4327
long,15m_previous_close_position,0.28,gte,5.1104,5.0438,5.4225,5.3279
long,15m_previous_close_position,0.3,gte,5.082,5.1227,5.4276,5.3192
long,15m_previous_close_position,0.32,gte,5.1108,5.0497,5.4965,5.1555
long,15m_previous_close_position,0.34,gte,5.147,4.9701,5.5071,5.1487
long,15m_previous_close_position,0.36,gte,5.1246,5.0263,5.486,5.2111
long,15m_previous_close_position,0.38,gte,5.1356,5.0082,5.5391,5.1158
long,15m_previous_close_position,0.4,gte,5.1092,5.0632,5.5102,5.1898
long,15m_previous_close_position,0.42,gte,5.0676,5.1377,5.4759,5.2623
long,15m_previous_close_position,0.44,gte,5.0909,5.0968,5.486,5.2539
long,15m_previous_close_position,0.46,gte,5.1687,4.9788,5.562,5.15
long,15m_previous_close_position,0.48,gte,5.2287,4.9044,5.5529,5.1824
long,15m_previous_close_position,0.5,gte,5.2478,4.8902,5.6226,5.1034
long,15m_previous_close_position,0.52,gte,5.3166,4.8301,5.6837,5.0617
long,15m_previous_close_position,0.54,gte,5.329,4.8358,5.7016,5.0668
long,15m_previous_close_position,0.56,gte,5.3562,4.8212,5.7745,5.0087
long,15m_previous_close_position,0.58,gte,5.3685,4.8268,5.7979,5.0113
long,15m_previous_close_position,0.6,gte,5.4204,4.8011,6.0335,4.8309
long,15m_previous_close_position,0.62,gte,5.5328,4.7263,6.0277,4.8727
long,15m_previous_close_position,0.64,gte,5.5371,4.7532,6.2022,4.7822
long,15m_previous_close_position,0.66,gte,5.5949,4.736,6.1955,4.8304
long,15m_previous_close_position,0.68,gte,5.613,4.7621,6.3312,4.8037
long,15m_previous_close_position,0.7,gte,5.6031,4.7906,6.2902,4.8687
long,15m_previous_close_position,0.72,gte,5.623,4.805,6.3512,4.8796
long,15m_previous_close_position,0.74,gte,5.5765,4.8551,6.3527,4.9278
long,15m_previous_close_position,0.76,gte,5.2636,5.0174,5.5086,5.3489
long,15m_previous_close_position,0.78,gte,5.4196,4.9642,5.7627,5.254
long,15m_previous_close_position,0.8,gte,5.6898,4.8777,6.2597,5.0868
long,15m_previous_close_position,0.82,gte,5.8621,4.8432,6.6977,4.9757
long,15m_previous_close_position,0.84,gte,5.988,4.8397,6.8075,4.9988
long,15m_previous_close_position,0.86,gte,6.3207,4.8123,7.3339,4.9552
long,15m_previous_close_position,0.88,gte,5.5395,5.0141,6.4997,5.2028
long,15m_previous_close_position,0.9,gte,5.6421,5.0172,6.4351,5.2546
long,15m_previous_close_position,0.92,gte,4.6487,5.1385,4.2585,5.5142
long,15m_previous_close_position,0.94,gte,4.3684,5.1414,3.99,5.4918
long,15m_previous_close_position,0.96,gte,4.93,5.1003,4.3707,5.4435
long,15m_previous_close_position,0.98,gte,5.064,5.0937,5.459,5.3968
long,15m_previous_close_position,1.0,gte,4.6121,5.0969,3.3908,5.4138
long,15m_previous_close_position,0.0,lte,2.6985,5.1174,3.4696,5.4176
long,15m_previous_close_position,0.02,lte,4.9616,5.0957,7.3338,5.3606
long,15m_previous_close_position,0.04,lte,6.3496,5.0527,7.8409,5.3193
long,15m_previous_close_position,0.06,lte,6.1126,5.038,7.1432,5.3037
long,15m_previous_close_position,0.08,lte,6.093,5.0163,6.939,5.2796
long,15m_previous_close_position,0.1,lte,5.6484,5.0358,6.4767,5.2866
long,15m_previous_close_position,0.12,lte,5.2219,5.0772,5.7832,5.3502
long,15m_previous_close_position,0.14,lte,5.239,5.0715,6.0926,5.2949
long,15m_previous_close_position,0.16,lte,5.3861,5.0426,6.2767,5.2464
long,15m_previous_close_position,0.18,lte,5.4545,5.0217,6.1166,5.256
long,15m_previous_close_position,0.2,lte,5.1206,5.0866,5.7456,5.315
long,15m_previous_close_position,0.22,lte,5.2899,5.0413,5.6004,5.3447
long,15m_previous_close_position,0.24,lte,5.1551,5.0756,5.4661,5.3787
long,15m_previous_close_position,0.26,lte,5.1181,5.0854,5.4327,5.3873
long,15m_previous_close_position,0.28,lte,5.0438,5.1104,5.3279,5.4225
long,15m_previous_close_position,0.3,lte,5.0818,5.0974,5.2843,5.441
long,15m_previous_close_position,0.32,lte,5.0497,5.1108,5.1555,5.4965
long,15m_previous_close_position,0.34,lte,4.9701,5.147,5.1487,5.5071
long,15m_previous_close_position,0.36,lte,5.0263,5.1246,5.2111,5.486
long,15m_previous_close_position,0.38,lte,5.0082,5.1356,5.1158,5.5391
long,15m_previous_close_position,0.4,lte,5.0632,5.1092,5.1898,5.5102
long,15m_previous_close_position,0.42,lte,5.1377,5.0676,5.2623,5.4759
long,15m_previous_close_position,0.44,lte,5.0968,5.0909,5.2539,5.486
long,15m_previous_close_position,0.46,lte,4.9788,5.1687,5.15,5.562
long,15m_previous_close_position,0.48,lte,4.9044,5.2287,5.1824,5.5529
long,15m_previous_close_position,0.5,lte,4.8298,5.2994,5.0478,5.6723
long,15m_previous_close_position,0.52,lte,4.8301,5.3166,5.0617,5.6837
long,15m_previous_close_position,0.54,lte,4.8358,5.329,5.0668,5.7016
long,15m_previous_close_position,0.56,lte,4.8071,5.371,4.9931,5.7914
long,15m_previous_close_position,0.58,lte,4.8268,5.3685,5.0113,5.7979
long,15m_previous_close_position,0.6,lte,4.7758,5.4535,4.7662,6.1156
long,15m_previous_close_position,0.62,lte,4.7263,5.5328,4.8727,6.0277
long,15m_previous_close_position,0.64,lte,4.7532,5.5371,4.7822,6.2022
long,15m_previous_close_position,0.66,lte,4.736,5.5949,4.8304,6.1955
long,15m_previous_close_position,0.68,lte,4.7621,5.613,4.8037,6.3312
long,15m_previous_close_position,0.7,lte,4.7862,5.613,4.8653,6.3002
long,15m_previous_close_position,0.72,lte,4.805,5.623,4.8796,6.3512
long,15m_previous_close_position,0.74,lte,4.8584,5.5722,4.9281,6.3569
long,15m_previous_close_position,0.76,lte,5.0174,5.2636,5.3489,5.5086
long,15m_previous_close_position,0.78,lte,4.9642,5.4196,5.254,5.7627
long,15m_previous_close_position,0.8,lte,4.8644,5.7374,5.0685,6.3262
long,15m_previous_close_position,0.82,lte,4.8432,5.8621,4.9757,6.6977
long,15m_previous_close_position,0.84,lte,4.8397,5.988,4.9988,6.8075
long,15m_previous_close_position,0.86,lte,4.8063,6.3656,4.9424,7.4193
long,15m_previous_close_position,0.88,lte,5.0141,5.5395,5.2028,6.4997
long,15m_previous_close_position,0.9,lte,5.0153,5.6676,5.2451,6.5267
long,15m_previous_close_position,0.92,lte,5.1385,4.6487,5.5142,4.2585
long,15m_previous_close_position,0.94,lte,5.1414,4.3684,5.4918,3.99
long,15m_previous_close_position,0.96,lte,5.1003,4.93,5.4435,4.3707
long,15m_previous_close_position,0.98,lte,5.0937,5.064,5.3968,5.459
long,15m_previous_close_position,1.0,lte,5.0931,0.0,5.398,0.0
long,15m_previous_compression,0.0,gte,5.0931,0.0,5.398,0.0
long,15m_previous_compression,1.9,gte,3.6172,5.892,3.7204,6.306
long,15m_previous_compression,3.8,gte,3.8987,5.4789,3.7405,5.9334
long,15m_previous_compression,5.7,gte,3.9247,5.3723,3.7707,5.7869
long,15m_previous_compression,7.6,gte,3.84,5.3269,3.802,5.6957
long,15m_previous_compression,9.5,gte,3.4437,5.3602,3.7682,5.6619
long,15m_previous_compression,11.4,gte,3.5044,5.3106,3.8688,5.6073
long,15m_previous_compression,13.3,gte,3.4386,5.3078,3.8038,5.6048
long,15m_previous_compression,15.2,gte,3.3971,5.2917,3.7548,5.5904
long,15m_previous_compression,17.1,gte,3.3242,5.2807,3.7271,5.5752
long,15m_previous_compression,19.0,gte,3.2683,5.2792,3.6953,5.5716
long,15m_previous_compression,0.0,lte,6.0247,3.9716,6.4001,4.1915
long,15m_previous_compression,1.9,lte,5.892,3.6172,6.306,3.7204
long,15m_previous_compression,3.8,lte,5.4789,3.8987,5.9334,3.7405
long,15m_previous_compression,5.7,lte,5.3723,3.9247,5.7869,3.7707
long,15m_previous_compression,7.6,lte,5.3269,3.84,5.6957,3.802
long,15m_previous_compression,9.5,lte,5.3602,3.4437,5.6619,3.7682
long,15m_previous_compression,11.4,lte,5.3106,3.5044,5.6073,3.8688
long,15m_previous_compression,13.3,lte,5.3078,3.4386,5.6048,3.8038
long,15m_previous_compression,15.2,lte,5.2917,3.3971,5.5904,3.7548
long,15m_previous_compression,17.1,lte,5.2807,3.3242,5.5752,3.7271
long,15m_previous_compression,19.0,lte,5.0931,0.0,5.398,0.0
long,15m_previous_ma20_distance_pct,-16.5683,gte,5.0931,0.0,5.398,0.0
long,15m_previous_ma20_distance_pct,-15.392654,gte,5.0952,3.252,5.4116,-6.7451
long,15m_previous_ma20_distance_pct,-14.217008,gte,5.0952,3.252,5.4116,-6.7451
long,15m_previous_ma20_distance_pct,-13.041362,gte,5.1023,0.998,5.4189,-3.9522
long,15m_previous_ma20_distance_pct,-11.865716,gte,5.094,4.8247,5.3975,5.5492
long,15m_previous_ma20_distance_pct,-10.69007,gte,5.0476,10.1555,5.3468,11.0916
long,15m_previous_ma20_distance_pct,-9.514424,gte,5.0473,8.2131,5.3591,8.0449
long,15m_previous_ma20_distance_pct,-8.338778,gte,5.0439,8.1995,5.354,8.175
long,15m_previous_ma20_distance_pct,-7.163132,gte,5.0583,7.0122,5.3502,8.0309
long,15m_previous_ma20_distance_pct,-5.987486,gte,5.0691,6.0071,5.358,6.917
long,15m_previous_ma20_distance_pct,-4.81184,gte,5.0172,6.7195,5.3046,7.3994
long,15m_previous_ma20_distance_pct,-3.636194,gte,5.0326,5.9229,5.3408,6.1818
long,15m_previous_ma20_distance_pct,-2.460548,gte,5.0588,5.3976,5.4168,5.2317
long,15m_previous_ma20_distance_pct,-1.284902,gte,5.0398,5.3586,5.3807,5.4841
long,15m_previous_ma20_distance_pct,-0.109256,gte,5.2208,4.7646,5.7275,4.5501
long,15m_previous_ma20_distance_pct,1.06639,gte,5.5,4.5446,5.9329,4.6769
long,15m_previous_ma20_distance_pct,2.242036,gte,5.9246,4.4736,6.3544,4.6854
long,15m_previous_ma20_distance_pct,3.417682,gte,6.7969,4.328,7.0379,4.6615
long,15m_previous_ma20_distance_pct,4.593328,gte,7.4055,4.3994,7.5864,4.7415
long,15m_previous_ma20_distance_pct,5.768974,gte,8.0733,4.4899,7.7628,4.9193
long,15m_previous_ma20_distance_pct,6.94462,gte,7.8773,4.6465,7.4609,5.0671
long,15m_previous_ma20_distance_pct,8.120266,gte,8.3038,4.6812,8.2735,5.0291
long,15m_previous_ma20_distance_pct,9.295912,gte,9.7174,4.6712,9.1934,5.0517
long,15m_previous_ma20_distance_pct,10.471558,gte,10.1519,4.737,9.5498,5.1057
long,15m_previous_ma20_distance_pct,11.647204,gte,11.5872,4.7341,12.1823,5.0229
long,15m_previous_ma20_distance_pct,12.82285,gte,11.1798,4.8239,11.2157,5.1407
long,15m_previous_ma20_distance_pct,13.998496,gte,10.6503,4.8675,9.2641,5.241
long,15m_previous_ma20_distance_pct,15.174142,gte,9.1475,4.9721,9.1492,5.286
long,15m_previous_ma20_distance_pct,16.349788,gte,7.8367,5.0338,7.8153,5.3457
long,15m_previous_ma20_distance_pct,17.525434,gte,8.8389,5.0294,8.1595,5.3511
long,15m_previous_ma20_distance_pct,18.70108,gte,9.4292,5.0343,7.7469,5.3662
long,15m_previous_ma20_distance_pct,19.876726,gte,7.2948,5.0683,4.5371,5.4077
long,15m_previous_ma20_distance_pct,21.052372,gte,7.2948,5.0683,4.5371,5.4077
long,15m_previous_ma20_distance_pct,22.228018,gte,5.1521,5.0926,3.8193,5.4122
long,15m_previous_ma20_distance_pct,23.403664,gte,4.3566,5.0989,3.5178,5.4128
long,15m_previous_ma20_distance_pct,24.57931,gte,4.3566,5.0989,3.5178,5.4128
long,15m_previous_ma20_distance_pct,25.754956,gte,9.6835,5.0674,13.9476,5.3501
long,15m_previous_ma20_distance_pct,26.930602,gte,13.6212,5.0741,10.6738,5.3862
long,15m_previous_ma20_distance_pct,28.106248,gte,13.6212,5.0741,10.6738,5.3862
long,15m_previous_ma20_distance_pct,29.281894,gte,13.6212,5.0741,10.6738,5.3862
long,15m_previous_ma20_distance_pct,30.45754,gte,13.6212,5.0741,10.6738,5.3862
long,15m_previous_ma20_distance_pct,31.633186,gte,13.6212,5.0741,10.6738,5.3862
long,15m_previous_ma20_distance_pct,32.808832,gte,13.6212,5.0741,10.6738,5.3862
long,15m_previous_ma20_distance_pct,33.984478,gte,13.6212,5.0741,10.6738,5.3862
long,15m_previous_ma20_distance_pct,35.160124,gte,13.6212,5.0741,10.6738,5.3862
long,15m_previous_ma20_distance_pct,36.33577,gte,13.6212,5.0741,10.6738,5.3862
long,15m_previous_ma20_distance_pct,37.511416,gte,13.6212,5.0741,10.6738,5.3862
long,15m_previous_ma20_distance_pct,38.687062,gte,19.6041,5.0769,16.2723,5.3859
long,15m_previous_ma20_distance_pct,39.862708,gte,19.6041,5.0769,16.2723,5.3859
long,15m_previous_ma20_distance_pct,41.038354,gte,19.6041,5.0769,16.2723,5.3859
long,15m_previous_ma20_distance_pct,42.214,gte,19.6041,5.0769,16.2723,5.3859
long,15m_previous_ma20_distance_pct,-16.5683,lte,3.252,5.0952,-6.7451,5.4116
long,15m_previous_ma20_distance_pct,-15.392654,lte,3.252,5.0952,-6.7451,5.4116
long,15m_previous_ma20_distance_pct,-14.217008,lte,3.252,5.0952,-6.7451,5.4116
long,15m_previous_ma20_distance_pct,-13.041362,lte,0.998,5.1023,-3.9522,5.4189
long,15m_previous_ma20_distance_pct,-11.865716,lte,4.8247,5.094,5.5492,5.3975
long,15m_previous_ma20_distance_pct,-10.69007,lte,10.1555,5.0476,11.0916,5.3468
long,15m_previous_ma20_distance_pct,-9.514424,lte,8.2131,5.0473,8.0449,5.3591
long,15m_previous_ma20_distance_pct,-8.338778,lte,8.1995,5.0439,8.175,5.354
long,15m_previous_ma20_distance_pct,-7.163132,lte,7.0122,5.0583,8.0309,5.3502
long,15m_previous_ma20_distance_pct,-5.987486,lte,6.0071,5.0691,6.917,5.358
long,15m_previous_ma20_distance_pct,-4.81184,lte,6.7195,5.0172,7.3994,5.3046
long,15m_previous_ma20_distance_pct,-3.636194,lte,5.9229,5.0326,6.1818,5.3408
long,15m_previous_ma20_distance_pct,-2.460548,lte,5.3976,5.0588,5.2317,5.4168
long,15m_previous_ma20_distance_pct,-1.284902,lte,5.3586,5.0398,5.4841,5.3807
long,15m_previous_ma20_distance_pct,-0.109256,lte,4.7646,5.2208,4.5501,5.7275
long,15m_previous_ma20_distance_pct,1.06639,lte,4.5446,5.5,4.6769,5.9329
long,15m_previous_ma20_distance_pct,2.242036,lte,4.4736,5.9246,4.6854,6.3544
long,15m_previous_ma20_distance_pct,3.417682,lte,4.328,6.7969,4.6615,7.0379
long,15m_previous_ma20_distance_pct,4.593328,lte,4.3994,7.4055,4.7415,7.5864
long,15m_previous_ma20_distance_pct,5.768974,lte,4.4899,8.0733,4.9193,7.7628
long,15m_previous_ma20_distance_pct,6.94462,lte,4.6465,7.8773,5.0671,7.4609
long,15m_previous_ma20_distance_pct,8.120266,lte,4.6812,8.3038,5.0291,8.2735
long,15m_previous_ma20_distance_pct,9.295912,lte,4.6712,9.7174,5.0517,9.1934
long,15m_previous_ma20_distance_pct,10.471558,lte,4.737,10.1519,5.1057,9.5498
long,15m_previous_ma20_distance_pct,11.647204,lte,4.7341,11.5872,5.0229,12.1823
long,15m_previous_ma20_distance_pct,12.82285,lte,4.8239,11.1798,5.1407,11.2157
long,15m_previous_ma20_distance_pct,13.998496,lte,4.8675,10.6503,5.241,9.2641
long,15m_previous_ma20_distance_pct,15.174142,lte,4.9721,9.1475,5.286,9.1492
long,15m_previous_ma20_distance_pct,16.349788,lte,5.0338,7.8367,5.3457,7.8153
long,15m_previous_ma20_distance_pct,17.525434,lte,5.0294,8.8389,5.3511,8.1595
long,15m_previous_ma20_distance_pct,18.70108,lte,5.0343,9.4292,5.3662,7.7469
long,15m_previous_ma20_distance_pct,19.876726,lte,5.0683,7.2948,5.4077,4.5371
long,15m_previous_ma20_distance_pct,21.052372,lte,5.0683,7.2948,5.4077,4.5371
long,15m_previous_ma20_distance_pct,22.228018,lte,5.0926,5.1521,5.4122,3.8193
long,15m_previous_ma20_distance_pct,23.403664,lte,5.0989,4.3566,5.4128,3.5178
long,15m_previous_ma20_distance_pct,24.57931,lte,5.0989,4.3566,5.4128,3.5178
long,15m_previous_ma20_distance_pct,25.754956,lte,5.0674,9.6835,5.3501,13.9476
long,15m_previous_ma20_distance_pct,26.930602,lte,5.0741,13.6212,5.3862,10.6738
long,15m_previous_ma20_distance_pct,28.106248,lte,5.0741,13.6212,5.3862,10.6738
long,15m_previous_ma20_distance_pct,29.281894,lte,5.0741,13.6212,5.3862,10.6738
long,15m_previous_ma20_distance_pct,30.45754,lte,5.0741,13.6212,5.3862,10.6738
long,15m_previous_ma20_distance_pct,31.633186,lte,5.0741,13.6212,5.3862,10.6738
long,15m_previous_ma20_distance_pct,32.808832,lte,5.0741,13.6212,5.3862,10.6738
long,15m_previous_ma20_distance_pct,33.984478,lte,5.0741,13.6212,5.3862,10.6738
long,15m_previous_ma20_distance_pct,35.160124,lte,5.0741,13.6212,5.3862,10.6738
long,15m_previous_ma20_distance_pct,36.33577,lte,5.0741,13.6212,5.3862,10.6738
long,15m_previous_ma20_distance_pct,37.511416,lte,5.0741,13.6212,5.3862,10.6738
long,15m_previous_ma20_distance_pct,38.687062,lte,5.0769,19.6041,5.3859,16.2723
long,15m_previous_ma20_distance_pct,39.862708,lte,5.0769,19.6041,5.3859,16.2723
long,15m_previous_ma20_distance_pct,41.038354,lte,5.0769,19.6041,5.3859,16.2723
long,15m_previous_ma20_distance_pct,42.214,lte,5.0931,0.0,5.398,0.0
long,15m_previous_range_pct,0.2733,gte,5.0931,0.0,5.398,0.0
long,15m_previous_range_pct,0.616998,gte,5.1531,3.4723,5.4741,3.3407
long,15m_previous_range_pct,0.960696,gte,5.3323,3.3643,5.6963,3.242
long,15m_previous_range_pct,1.304394,gte,5.6174,3.3563,5.9818,3.4643
long,15m_previous_range_pct,1.648092,gte,5.9293,3.4862,6.2451,3.7701
long,15m_previous_range_pct,1.99179,gte,6.4189,3.5113,6.7391,3.7979
long,15m_previous_range_pct,2.335488,gte,6.6094,3.7934,6.9073,4.1043
long,15m_previous_range_pct,2.679186,gte,7.0004,3.9123,7.3058,4.2168
long,15m_previous_range_pct,3.022884,gte,7.3127,4.0,7.6888,4.2698
long,15m_previous_range_pct,3.366582,gte,7.5565,4.0658,8.2371,4.2139
long,15m_previous_range_pct,3.71028,gte,7.9269,4.1217,8.6416,4.2861
long,15m_previous_range_pct,4.053978,gte,8.389,4.1168,9.2024,4.271
long,15m_previous_range_pct,4.397676,gte,8.548,4.2076,8.9184,4.4957
long,15m_previous_range_pct,4.741374,gte,8.5317,4.358,8.5839,4.7169
long,15m_previous_range_pct,5.085072,gte,9.0128,4.4288,9.8239,4.6479
long,15m_previous_range_pct,5.42877,gte,7.9534,4.7057,8.5452,4.9718
long,15m_previous_range_pct,5.772468,gte,8.496,4.7136,9.3415,4.9582
long,15m_previous_range_pct,6.116166,gte,8.2334,4.7687,8.7866,5.0479
long,15m_previous_range_pct,6.459864,gte,8.739,4.7701,8.9721,5.0814
long,15m_previous_range_pct,6.803562,gte,8.5587,4.8224,7.2451,5.2537
long,15m_previous_range_pct,7.14726,gte,8.8205,4.8402,6.9862,5.2903
long,15m_previous_range_pct,7.490958,gte,8.7992,4.8511,7.2014,5.2802
long,15m_previous_range_pct,7.834656,gte,8.6775,4.8771,7.2528,5.2862
long,15m_previous_range_pct,8.178354,gte,8.0472,4.9298,7.195,5.2987
long,15m_previous_range_pct,8.522052,gte,9.6313,4.8924,8.909,5.2427
long,15m_previous_range_pct,8.86575,gte,9.8025,4.9133,8.8723,5.2653
long,15m_previous_range_pct,9.209448,gte,8.1988,4.9931,7.5173,5.3297
long,15m_previous_range_pct,9.553146,gte,8.2196,4.9961,7.6077,5.3294
long,15m_previous_range_pct,9.896844,gte,8.0605,5.0081,7.5659,5.3359
long,15m_previous_range_pct,10.240542,gte,8.0903,5.0107,7.7179,5.3342
long,15m_previous_range_pct,10.58424,gte,7.821,5.0213,7.7473,5.3362
long,15m_previous_range_pct,10.927938,gte,5.9868,5.0717,5.9163,5.3856
long,15m_previous_range_pct,11.271636,gte,6.3382,5.0662,7.7139,5.3479
long,15m_previous_range_pct,11.615334,gte,6.0104,5.0754,7.9987,5.3478
long,15m_previous_range_pct,11.959032,gte,6.0104,5.0754,7.9987,5.3478
long,15m_previous_range_pct,12.30273,gte,4.0169,5.1114,5.9891,5.388
long,15m_previous_range_pct,12.646428,gte,4.0169,5.1114,5.9891,5.388
long,15m_previous_range_pct,12.990126,gte,2.4746,5.1286,4.5895,5.409
long,15m_previous_range_pct,13.333824,gte,1.3875,5.1391,3.2622,5.4245
long,15m_previous_range_pct,13.677522,gte,1.3471,5.1354,3.3702,5.4209
long,15m_previous_range_pct,14.02122,gte,1.3471,5.1354,3.3702,5.4209
long,15m_previous_range_pct,14.364918,gte,1.224,5.1323,3.2318,5.42
long,15m_previous_range_pct,14.708616,gte,-1.0195,5.1481,1.3383,5.4346
long,15m_previous_range_pct,15.052314,gte,-2.7219,5.1458,-0.6523,5.4388
long,15m_previous_range_pct,15.396012,gte,2.1088,5.1099,6.4626,5.3921
long,15m_previous_range_pct,15.73971,gte,2.1088,5.1099,6.4626,5.3921
long,15m_previous_range_pct,16.083408,gte,2.5513,5.1045,8.5264,5.384
long,15m_previous_range_pct,16.427106,gte,2.5513,5.1045,8.5264,5.384
long,15m_previous_range_pct,16.770804,gte,1.4512,5.1054,10.7501,5.3801
long,15m_previous_range_pct,17.114502,gte,5.4712,5.0923,11.5809,5.3842
long,15m_previous_range_pct,17.4582,gte,2.7874,5.0957,16.5197,5.3856
long,15m_previous_range_pct,0.2733,lte,14.8,5.0823,12.3846,5.3902
long,15m_previous_range_pct,0.616998,lte,3.4723,5.1531,3.3407,5.4741
long,15m_previous_range_pct,0.960696,lte,3.3643,5.3323,3.242,5.6963
long,15m_previous_range_pct,1.304394,lte,3.3563,5.6174,3.4643,5.9818
long,15m_previous_range_pct,1.648092,lte,3.4862,5.9293,3.7701,6.2451
long,15m_previous_range_pct,1.99179,lte,3.5113,6.4189,3.7979,6.7391
long,15m_previous_range_pct,2.335488,lte,3.7934,6.6094,4.1043,6.9073
long,15m_previous_range_pct,2.679186,lte,3.9123,7.0004,4.2168,7.3058
long,15m_previous_range_pct,3.022884,lte,4.0,7.3127,4.2698,7.6888
long,15m_previous_range_pct,3.366582,lte,4.0658,7.5565,4.2139,8.2371
long,15m_previous_range_pct,3.71028,lte,4.1217,7.9269,4.2861,8.6416
long,15m_previous_range_pct,4.053978,lte,4.1168,8.389,4.271,9.2024
long,15m_previous_range_pct,4.397676,lte,4.2076,8.548,4.4957,8.9184
long,15m_previous_range_pct,4.741374,lte,4.358,8.5317,4.7169,8.5839
long,15m_previous_range_pct,5.085072,lte,4.4288,9.0128,4.6479,9.8239
long,15m_previous_range_pct,5.42877,lte,4.7057,7.9534,4.9718,8.5452
long,15m_previous_range_pct,5.772468,lte,4.7136,8.496,4.9582,9.3415
long,15m_previous_range_pct,6.116166,lte,4.7687,8.2334,5.0479,8.7866
long,15m_previous_range_pct,6.459864,lte,4.7701,8.739,5.0814,8.9721
long,15m_previous_range_pct,6.803562,lte,4.8224,8.5587,5.2537,7.2451
long,15m_previous_range_pct,7.14726,lte,4.8402,8.8205,5.2903,6.9862
long,15m_previous_range_pct,7.490958,lte,4.8511,8.7992,5.2802,7.2014
long,15m_previous_range_pct,7.834656,lte,4.8771,8.6775,5.2862,7.2528
long,15m_previous_range_pct,8.178354,lte,4.9298,8.0472,5.2987,7.195
long,15m_previous_range_pct,8.522052,lte,4.8924,9.6313,5.2427,8.909
long,15m_previous_range_pct,8.86575,lte,4.9133,9.8025,5.2653,8.8723
long,15m_previous_range_pct,9.209448,lte,4.9931,8.1988,5.3297,7.5173
long,15m_previous_range_pct,9.553146,lte,4.9961,8.2196,5.3294,7.6077
long,15m_previous_range_pct,9.896844,lte,5.0081,8.0605,5.3359,7.5659
long,15m_previous_range_pct,10.240542,lte,5.0107,8.0903,5.3342,7.7179
long,15m_previous_range_pct,10.58424,lte,5.0213,7.821,5.3362,7.7473
long,15m_previous_range_pct,10.927938,lte,5.0717,5.9868,5.3856,5.9163
long,15m_previous_range_pct,11.271636,lte,5.0662,6.3382,5.3479,7.7139
long,15m_previous_range_pct,11.615334,lte,5.0754,6.0104,5.3478,7.9987
long,15m_previous_range_pct,11.959032,lte,5.0754,6.0104,5.3478,7.9987
long,15m_previous_range_pct,12.30273,lte,5.1114,4.0169,5.388,5.9891
long,15m_previous_range_pct,12.646428,lte,5.1114,4.0169,5.388,5.9891
long,15m_previous_range_pct,12.990126,lte,5.1286,2.4746,5.409,4.5895
long,15m_previous_range_pct,13.333824,lte,5.1391,1.3875,5.4245,3.2622
long,15m_previous_range_pct,13.677522,lte,5.1354,1.3471,5.4209,3.3702
long,15m_previous_range_pct,14.02122,lte,5.1354,1.3471,5.4209,3.3702
long,15m_previous_range_pct,14.364918,lte,5.1323,1.224,5.42,3.2318
long,15m_previous_range_pct,14.708616,lte,5.1481,-1.0195,5.4346,1.3383
long,15m_previous_range_pct,15.052314,lte,5.1458,-2.7219,5.4388,-0.6523
long,15m_previous_range_pct,15.396012,lte,5.1099,2.1088,5.3921,6.4626
long,15m_previous_range_pct,15.73971,lte,5.1099,2.1088,5.3921,6.4626
long,15m_previous_range_pct,16.083408,lte,5.1045,2.5513,5.384,8.5264
long,15m_previous_range_pct,16.427106,lte,5.1045,2.5513,5.384,8.5264
long,15m_previous_range_pct,16.770804,lte,5.1054,1.4512,5.3801,10.7501
long,15m_previous_range_pct,17.114502,lte,5.0923,5.4712,5.3842,11.5809
long,15m_previous_range_pct,17.4582,lte,5.0931,0.0,5.398,0.0
long,15m_previous_return_pct,-14.3551,gte,5.0931,0.0,5.398,0.0
long,15m_previous_return_pct,-13.801052,gte,5.1088,-1.9007,5.3815,12.8041
long,15m_previous_return_pct,-13.247004,gte,5.1088,-1.9007,5.3815,12.8041
long,15m_previous_return_pct,-12.692956,gte,5.1088,-1.9007,5.3815,12.8041
long,15m_previous_return_pct,-12.138908,gte,5.1088,-1.9007,5.3815,12.8041
long,15m_previous_return_pct,-11.58486,gte,5.1141,-1.1542,5.3895,7.9386
long,15m_previous_return_pct,-11.030812,gte,5.1141,-1.1542,5.3895,7.9386
long,15m_previous_return_pct,-10.476764,gte,5.1141,-1.1542,5.3895,7.9386
long,15m_previous_return_pct,-9.922716,gte,5.0901,5.6375,5.3534,13.3494
long,15m_previous_return_pct,-9.368668,gte,5.0777,7.0598,5.3577,10.5268
long,15m_previous_return_pct,-8.81462,gte,5.0777,7.0598,5.3577,10.5268
long,15m_previous_return_pct,-8.260572,gte,5.0647,7.8944,5.3574,9.4054
long,15m_previous_return_pct,-7.706524,gte,5.0647,7.8944,5.3574,9.4054
long,15m_previous_return_pct,-7.152476,gte,5.069,7.0355,5.3746,7.2863
long,15m_previous_return_pct,-6.598428,gte,5.0677,6.9682,5.3796,6.7551
long,15m_previous_return_pct,-6.04438,gte,5.0623,7.0383,5.3699,7.1726
long,15m_previous_return_pct,-5.490332,gte,5.0456,7.7097,5.3576,7.6258
long,15m_previous_return_pct,-4.936284,gte,5.0233,7.7483,5.3577,6.9311
long,15m_previous_return_pct,-4.382236,gte,5.0078,7.8415,5.3185,7.9601
long,15m_previous_return_pct,-3.828188,gte,4.9685,8.4627,5.2814,8.5501
long,15m_previous_return_pct,-3.27414,gte,4.8792,9.0516,5.1619,9.7657
long,15m_previous_return_pct,-2.720092,gte,4.8483,8.4491,5.1736,8.4738
long,15m_previous_return_pct,-2.166044,gte,4.8379,7.7727,5.1777,7.7113
long,15m_previous_return_pct,-1.611996,gte,4.7918,7.1424,5.1576,7.0327
long,15m_previous_return_pct,-1.057948,gte,4.8308,6.2569,5.1893,6.3239
long,15m_previous_return_pct,-0.5039,gte,4.9587,5.4137,5.3201,5.5838
long,15m_previous_return_pct,0.050148,gte,5.28,4.879,5.7017,5.05
long,15m_previous_return_pct,0.604196,gte,5.7272,4.7006,6.0392,5.0011
long,15m_previous_return_pct,1.158244,gte,6.7172,4.5558,7.1849,4.8068
long,15m_previous_return_pct,1.712292,gte,7.1699,4.6525,7.9263,4.8616
long,15m_previous_return_pct,2.26634,gte,7.83,4.6987,8.3681,4.9699
long,15m_previous_return_pct,2.820388,gte,8.0108,4.7837,8.5169,5.0673
long,15m_previous_return_pct,3.374436,gte,8.2551,4.8379,8.7203,5.1298
long,15m_previous_return_pct,3.928484,gte,10.182,4.8181,11.4584,5.0704
long,15m_previous_return_pct,4.482532,gte,10.4264,4.8766,10.9356,5.1732
long,15m_previous_return_pct,5.03658,gte,11.7457,4.9181,14.1359,5.1681
long,15m_previous_return_pct,5.590628,gte,13.7157,4.9065,17.3416,5.1396
long,15m_previous_return_pct,6.144676,gte,14.6296,4.9529,17.7142,5.2169
long,15m_previous_return_pct,6.698724,gte,14.6296,4.9529,17.7142,5.2169
long,15m_previous_return_pct,7.252772,gte,17.0061,4.9724,16.6715,5.2838
long,15m_previous_return_pct,7.80682,gte,17.0061,4.9724,16.6715,5.2838
long,15m_previous_return_pct,8.360868,gte,13.3749,5.0374,15.6917,5.3287
long,15m_previous_return_pct,8.914916,gte,13.3749,5.0374,15.6917,5.3287
long,15m_previous_return_pct,9.468964,gte,4.3091,5.0958,7.5193,5.3909
long,15m_previous_return_pct,10.023012,gte,4.3125,5.0949,6.8888,5.3947
long,15m_previous_return_pct,10.57706,gte,3.8727,5.0945,5.8399,5.3975
long,15m_previous_return_pct,11.131108,gte,3.8727,5.0945,5.8399,5.3975
long,15m_previous_return_pct,11.685156,gte,3.8727,5.0945,5.8399,5.3975
long,15m_previous_return_pct,12.239204,gte,3.8727,5.0945,5.8399,5.3975
long,15m_previous_return_pct,12.793252,gte,3.8727,5.0945,5.8399,5.3975
long,15m_previous_return_pct,13.3473,gte,3.8727,5.0945,5.8399,5.3975
long,15m_previous_return_pct,-14.3551,lte,2.7874,5.0957,16.5197,5.3856
long,15m_previous_return_pct,-13.801052,lte,-1.9007,5.1088,12.8041,5.3815
long,15m_previous_return_pct,-13.247004,lte,-1.9007,5.1088,12.8041,5.3815
long,15m_previous_return_pct,-12.692956,lte,-1.9007,5.1088,12.8041,5.3815
long,15m_previous_return_pct,-12.138908,lte,-1.9007,5.1088,12.8041,5.3815
long,15m_previous_return_pct,-11.58486,lte,-1.1542,5.1141,7.9386,5.3895
long,15m_previous_return_pct,-11.030812,lte,-1.1542,5.1141,7.9386,5.3895
long,15m_previous_return_pct,-10.476764,lte,-1.1542,5.1141,7.9386,5.3895
long,15m_previous_return_pct,-9.922716,lte,5.6375,5.0901,13.3494,5.3534
long,15m_previous_return_pct,-9.368668,lte,7.0598,5.0777,10.5268,5.3577
long,15m_previous_return_pct,-8.81462,lte,7.0598,5.0777,10.5268,5.3577
long,15m_previous_return_pct,-8.260572,lte,7.8944,5.0647,9.4054,5.3574
long,15m_previous_return_pct,-7.706524,lte,7.8944,5.0647,9.4054,5.3574
long,15m_previous_return_pct,-7.152476,lte,7.0355,5.069,7.2863,5.3746
long,15m_previous_return_pct,-6.598428,lte,6.9682,5.0677,6.7551,5.3796
long,15m_previous_return_pct,-6.04438,lte,7.0383,5.0623,7.1726,5.3699
long,15m_previous_return_pct,-5.490332,lte,7.7097,5.0456,7.6258,5.3576
long,15m_previous_return_pct,-4.936284,lte,7.7483,5.0233,6.9311,5.3577
long,15m_previous_return_pct,-4.382236,lte,7.8415,5.0078,7.9601,5.3185
long,15m_previous_return_pct,-3.828188,lte,8.4627,4.9685,8.5501,5.2814
long,15m_previous_return_pct,-3.27414,lte,9.0516,4.8792,9.7657,5.1619
long,15m_previous_return_pct,-2.720092,lte,8.4491,4.8483,8.4738,5.1736
long,15m_previous_return_pct,-2.166044,lte,7.7727,4.8379,7.7113,5.1777
long,15m_previous_return_pct,-1.611996,lte,7.1424,4.7918,7.0327,5.1576
long,15m_previous_return_pct,-1.057948,lte,6.2569,4.8308,6.3239,5.1893
long,15m_previous_return_pct,-0.5039,lte,5.4137,4.9587,5.5838,5.3201
long,15m_previous_return_pct,0.050148,lte,4.879,5.28,5.05,5.7017
long,15m_previous_return_pct,0.604196,lte,4.7006,5.7272,5.0011,6.0392
long,15m_previous_return_pct,1.158244,lte,4.5558,6.7172,4.8068,7.1849
long,15m_previous_return_pct,1.712292,lte,4.6525,7.1699,4.8616,7.9263
long,15m_previous_return_pct,2.26634,lte,4.6987,7.83,4.9699,8.3681
long,15m_previous_return_pct,2.820388,lte,4.7837,8.0108,5.0673,8.5169
long,15m_previous_return_pct,3.374436,lte,4.8379,8.2551,5.1298,8.7203
long,15m_previous_return_pct,3.928484,lte,4.8181,10.182,5.0704,11.4584
long,15m_previous_return_pct,4.482532,lte,4.8766,10.4264,5.1732,10.9356
long,15m_previous_return_pct,5.03658,lte,4.9181,11.7457,5.1681,14.1359
long,15m_previous_return_pct,5.590628,lte,4.9065,13.7157,5.1396,17.3416
long,15m_previous_return_pct,6.144676,lte,4.9529,14.6296,5.2169,17.7142
long,15m_previous_return_pct,6.698724,lte,4.9529,14.6296,5.2169,17.7142
long,15m_previous_return_pct,7.252772,lte,4.9724,17.0061,5.2838,16.6715
long,15m_previous_return_pct,7.80682,lte,4.9724,17.0061,5.2838,16.6715
long,15m_previous_return_pct,8.360868,lte,5.0374,13.3749,5.3287,15.6917
long,15m_previous_return_pct,8.914916,lte,5.0374,13.3749,5.3287,15.6917
long,15m_previous_return_pct,9.468964,lte,5.0958,4.3091,5.3909,7.5193
long,15m_previous_return_pct,10.023012,lte,5.0949,4.3125,5.3947,6.8888
long,15m_previous_return_pct,10.57706,lte,5.0945,3.8727,5.3975,5.8399
long,15m_previous_return_pct,11.131108,lte,5.0945,3.8727,5.3975,5.8399
long,15m_previous_return_pct,11.685156,lte,5.0945,3.8727,5.3975,5.8399
long,15m_previous_return_pct,12.239204,lte,5.0945,3.8727,5.3975,5.8399
long,15m_previous_return_pct,12.793252,lte,5.0945,3.8727,5.3975,5.8399
long,15m_previous_return_pct,13.3473,lte,5.0931,0.0,5.398,0.0
long,15m_previous_volume_ratio,0.0537,gte,5.0931,0.0,5.398,0.0
long,15m_previous_volume_ratio,0.87085,gte,5.4354,4.6774,5.774,4.9413
long,15m_previous_volume_ratio,1.688,gte,6.2288,4.763,6.4115,5.1035
long,15m_previous_volume_ratio,2.50515,gte,6.9336,4.8777,7.5314,5.1483
long,15m_previous_volume_ratio,3.3223,gte,7.1689,4.9443,9.3648,5.1137
long,15m_previous_volume_ratio,4.13945,gte,7.7218,4.9478,10.1127,5.1373
long,15m_previous_volume_ratio,4.9566,gte,4.9587,5.097,7.5981,5.3349
long,15m_previous_volume_ratio,5.77375,gte,5.2126,5.09,8.0716,5.3277
long,15m_previous_volume_ratio,6.5909,gte,4.8836,5.0972,8.5099,5.3379
long,15m_previous_volume_ratio,7.40805,gte,5.3785,5.0889,8.6136,5.3507
long,15m_previous_volume_ratio,8.2252,gte,6.605,5.0744,10.2412,5.3379
long,15m_previous_volume_ratio,9.04235,gte,6.605,5.0744,10.2412,5.3379
long,15m_previous_volume_ratio,9.8595,gte,6.605,5.0744,10.2412,5.3379
long,15m_previous_volume_ratio,10.67665,gte,6.5928,5.0762,10.0867,5.3452
long,15m_previous_volume_ratio,11.4938,gte,7.7696,5.069,9.2315,5.3635
long,15m_previous_volume_ratio,12.31095,gte,8.6748,5.065,10.1989,5.3603
long,15m_previous_volume_ratio,13.1281,gte,8.6748,5.065,10.1989,5.3603
long,15m_previous_volume_ratio,13.94525,gte,8.1063,5.0728,8.3301,5.3783
long,15m_previous_volume_ratio,14.7624,gte,8.1063,5.0728,8.3301,5.3783
long,15m_previous_volume_ratio,15.57955,gte,9.2365,5.0699,9.0729,5.3774
long,15m_previous_volume_ratio,16.3967,gte,10.5775,5.0686,9.8811,5.3779
long,15m_previous_volume_ratio,17.21385,gte,10.5775,5.0686,9.8811,5.3779
long,15m_previous_volume_ratio,18.031,gte,10.5775,5.0686,9.8811,5.3779
long,15m_previous_volume_ratio,18.84815,gte,10.5775,5.0686,9.8811,5.3779
long,15m_previous_volume_ratio,19.6653,gte,10.0428,5.0765,8.782,5.3867
long,15m_previous_volume_ratio,20.48245,gte,10.0428,5.0765,8.782,5.3867
long,15m_previous_volume_ratio,21.2996,gte,10.0428,5.0765,8.782,5.3867
long,15m_previous_volume_ratio,22.11675,gte,10.0428,5.0765,8.782,5.3867
long,15m_previous_volume_ratio,22.9339,gte,10.0428,5.0765,8.782,5.3867
long,15m_previous_volume_ratio,23.75105,gte,10.0428,5.0765,8.782,5.3867
long,15m_previous_volume_ratio,24.5682,gte,10.0428,5.0765,8.782,5.3867
long,15m_previous_volume_ratio,25.38535,gte,10.0428,5.0765,8.782,5.3867
long,15m_previous_volume_ratio,26.2025,gte,10.0428,5.0765,8.782,5.3867
long,15m_previous_volume_ratio,27.01965,gte,10.0428,5.0765,8.782,5.3867
long,15m_previous_volume_ratio,27.8368,gte,10.0428,5.0765,8.782,5.3867
long,15m_previous_volume_ratio,28.65395,gte,10.0428,5.0765,8.782,5.3867
long,15m_previous_volume_ratio,29.4711,gte,10.0428,5.0765,8.782,5.3867
long,15m_previous_volume_ratio,30.28825,gte,10.0428,5.0765,8.782,5.3867
long,15m_previous_volume_ratio,31.1054,gte,10.0428,5.0765,8.782,5.3867
long,15m_previous_volume_ratio,31.92255,gte,10.0428,5.0765,8.782,5.3867
long,15m_previous_volume_ratio,32.7397,gte,10.0428,5.0765,8.782,5.3867
long,15m_previous_volume_ratio,33.55685,gte,10.0428,5.0765,8.782,5.3867
long,15m_previous_volume_ratio,34.374,gte,10.9867,5.08,9.852,5.3881
long,15m_previous_volume_ratio,35.19115,gte,10.9867,5.08,9.852,5.3881
long,15m_previous_volume_ratio,36.0083,gte,10.9867,5.08,9.852,5.3881
long,15m_previous_volume_ratio,36.82545,gte,20.1815,5.0763,17.5216,5.3845
long,15m_previous_volume_ratio,37.6426,gte,20.1815,5.0763,17.5216,5.3845
long,15m_previous_volume_ratio,38.45975,gte,20.1815,5.0763,17.5216,5.3845
long,15m_previous_volume_ratio,39.2769,gte,20.1815,5.0763,17.5216,5.3845
long,15m_previous_volume_ratio,40.09405,gte,20.1815,5.0763,17.5216,5.3845
long,15m_previous_volume_ratio,40.9112,gte,20.1815,5.0763,17.5216,5.3845
long,15m_previous_volume_ratio,0.0537,lte,3.8254,5.0945,3.0769,5.4006
long,15m_previous_volume_ratio,0.87085,lte,4.6774,5.4354,4.9413,5.774
long,15m_previous_volume_ratio,1.688,lte,4.763,6.2288,5.1035,6.4115
long,15m_previous_volume_ratio,2.50515,lte,4.8777,6.9336,5.1483,7.5314
long,15m_previous_volume_ratio,3.3223,lte,4.9443,7.1689,5.1137,9.3648
long,15m_previous_volume_ratio,4.13945,lte,4.9478,7.7218,5.1373,10.1127
long,15m_previous_volume_ratio,4.9566,lte,5.097,4.9587,5.3349,7.5981
long,15m_previous_volume_ratio,5.77375,lte,5.09,5.2126,5.3277,8.0716
long,15m_previous_volume_ratio,6.5909,lte,5.0972,4.8836,5.3379,8.5099
long,15m_previous_volume_ratio,7.40805,lte,5.0889,5.3785,5.3507,8.6136
long,15m_previous_volume_ratio,8.2252,lte,5.0744,6.605,5.3379,10.2412
long,15m_previous_volume_ratio,9.04235,lte,5.0744,6.605,5.3379,10.2412
long,15m_previous_volume_ratio,9.8595,lte,5.0744,6.605,5.3379,10.2412
long,15m_previous_volume_ratio,10.67665,lte,5.0762,6.5928,5.3452,10.0867
long,15m_previous_volume_ratio,11.4938,lte,5.069,7.7696,5.3635,9.2315
long,15m_previous_volume_ratio,12.31095,lte,5.065,8.6748,5.3603,10.1989
long,15m_previous_volume_ratio,13.1281,lte,5.065,8.6748,5.3603,10.1989
long,15m_previous_volume_ratio,13.94525,lte,5.0728,8.1063,5.3783,8.3301
long,15m_previous_volume_ratio,14.7624,lte,5.0728,8.1063,5.3783,8.3301
long,15m_previous_volume_ratio,15.57955,lte,5.0699,9.2365,5.3774,9.0729
long,15m_previous_volume_ratio,16.3967,lte,5.0686,10.5775,5.3779,9.8811
long,15m_previous_volume_ratio,17.21385,lte,5.0686,10.5775,5.3779,9.8811
long,15m_previous_volume_ratio,18.031,lte,5.0686,10.5775,5.3779,9.8811
long,15m_previous_volume_ratio,18.84815,lte,5.0686,10.5775,5.3779,9.8811
long,15m_previous_volume_ratio,19.6653,lte,5.0765,10.0428,5.3867,8.782
long,15m_previous_volume_ratio,20.48245,lte,5.0765,10.0428,5.3867,8.782
long,15m_previous_volume_ratio,21.2996,lte,5.0765,10.0428,5.3867,8.782
long,15m_previous_volume_ratio,22.11675,lte,5.0765,10.0428,5.3867,8.782
long,15m_previous_volume_ratio,22.9339,lte,5.0765,10.0428,5.3867,8.782
long,15m_previous_volume_ratio,23.75105,lte,5.0765,10.0428,5.3867,8.782
long,15m_previous_volume_ratio,24.5682,lte,5.0765,10.0428,5.3867,8.782
long,15m_previous_volume_ratio,25.38535,lte,5.0765,10.0428,5.3867,8.782
long,15m_previous_volume_ratio,26.2025,lte,5.0765,10.0428,5.3867,8.782
long,15m_previous_volume_ratio,27.01965,lte,5.0765,10.0428,5.3867,8.782
long,15m_previous_volume_ratio,27.8368,lte,5.0765,10.0428,5.3867,8.782
long,15m_previous_volume_ratio,28.65395,lte,5.0765,10.0428,5.3867,8.782
long,15m_previous_volume_ratio,29.4711,lte,5.0765,10.0428,5.3867,8.782
long,15m_previous_volume_ratio,30.28825,lte,5.0765,10.0428,5.3867,8.782
long,15m_previous_volume_ratio,31.1054,lte,5.0765,10.0428,5.3867,8.782
long,15m_previous_volume_ratio,31.92255,lte,5.0765,10.0428,5.3867,8.782
long,15m_previous_volume_ratio,32.7397,lte,5.0765,10.0428,5.3867,8.782
long,15m_previous_volume_ratio,33.55685,lte,5.0765,10.0428,5.3867,8.782
long,15m_previous_volume_ratio,34.374,lte,5.08,10.9867,5.3881,9.852
long,15m_previous_volume_ratio,35.19115,lte,5.08,10.9867,5.3881,9.852
long,15m_previous_volume_ratio,36.0083,lte,5.08,10.9867,5.3881,9.852
long,15m_previous_volume_ratio,36.82545,lte,5.0763,20.1815,5.3845,17.5216
long,15m_previous_volume_ratio,37.6426,lte,5.0763,20.1815,5.3845,17.5216
long,15m_previous_volume_ratio,38.45975,lte,5.0763,20.1815,5.3845,17.5216
long,15m_previous_volume_ratio,39.2769,lte,5.0763,20.1815,5.3845,17.5216
long,15m_previous_volume_ratio,40.09405,lte,5.0763,20.1815,5.3845,17.5216
long,15m_previous_volume_ratio,40.9112,lte,5.0931,0.0,5.398,0.0
long,1h_current_body_pct,0.0592,gte,5.0931,0.0,5.398,0.0
long,1h_current_body_pct,0.78417,gte,5.1977,2.171,5.5053,2.4016
long,1h_current_body_pct,1.50914,gte,5.5288,1.735,5.8586,1.8479
long,1h_current_body_pct,2.23411,gte,6.1214,1.6871,6.5535,1.5704
long,1h_current_body_pct,2.95908,gte,6.8579,1.9418,7.4857,1.67
long,1h_current_body_pct,3.68405,gte,7.6845,2.1633,8.37,2.0378
long,1h_current_body_pct,4.40902,gte,8.7081,2.4482,9.2516,2.5785
long,1h_current_body_pct,5.13399,gte,9.7179,2.6747,10.1842,2.8952
long,1h_current_body_pct,5.85896,gte,10.6968,2.9518,11.2008,3.1806
long,1h_current_body_pct,6.58393,gte,11.7829,3.1859,12.3578,3.4138
long,1h_current_body_pct,7.3089,gte,13.1218,3.4551,13.9174,3.6598
long,1h_current_body_pct,8.03387,gte,14.1284,3.6843,15.2176,3.8669
long,1h_current_body_pct,8.75884,gte,15.0035,3.8357,16.2335,4.0232
long,1h_current_body_pct,9.48381,gte,16.1807,3.9325,17.7042,4.1098
long,1h_current_body_pct,10.20878,gte,17.1403,4.0259,18.7214,4.2177
long,1h_current_body_pct,10.93375,gte,18.8362,4.0904,20.8922,4.2675
long,1h_current_body_pct,11.65872,gte,19.3518,4.1074,21.7666,4.2665
long,1h_current_body_pct,12.38369,gte,19.7706,4.2083,22.1701,4.3869
long,1h_current_body_pct,13.10866,gte,20.2595,4.2733,23.0155,4.4457
long,1h_current_body_pct,13.83363,gte,22.4044,4.3483,24.3337,4.5833
long,1h_current_body_pct,14.5586,gte,23.5725,4.3873,26.0677,4.6086
long,1h_current_body_pct,15.28357,gte,23.5047,4.412,26.3441,4.6231
long,1h_current_body_pct,16.00854,gte,23.7973,4.4236,26.5749,4.64
long,1h_current_body_pct,16.73351,gte,23.7973,4.4236,26.5749,4.64
long,1h_current_body_pct,17.45848,gte,25.5408,4.5069,29.3655,4.7109
long,1h_current_body_pct,18.18345,gte,24.8134,4.5742,27.8448,4.8073
long,1h_current_body_pct,18.90842,gte,25.5835,4.6497,26.9118,4.9325
long,1h_current_body_pct,19.63339,gte,24.2627,4.7892,23.9191,5.1044
long,1h_current_body_pct,20.35836,gte,24.2627,4.7892,23.9191,5.1044
long,1h_current_body_pct,21.08333,gte,27.2497,4.8181,28.0869,5.1163
long,1h_current_body_pct,21.8083,gte,26.3663,4.8533,26.1136,5.1645
long,1h_current_body_pct,22.53327,gte,28.0588,4.8604,26.0939,5.1883
long,1h_current_body_pct,23.25824,gte,26.9879,4.8961,22.9652,5.2399
long,1h_current_body_pct,23.98321,gte,32.2902,4.8792,28.5619,5.2158
long,1h_current_body_pct,24.70818,gte,32.2902,4.8792,28.5619,5.2158
long,1h_current_body_pct,25.43315,gte,33.473,4.9341,29.21,5.2645
long,1h_current_body_pct,26.15812,gte,34.2855,4.9952,22.5132,5.3406
long,1h_current_body_pct,26.88309,gte,34.2855,4.9952,22.5132,5.3406
long,1h_current_body_pct,27.60806,gte,32.5019,5.0319,27.6666,5.3483
long,1h_current_body_pct,28.33303,gte,32.5019,5.0319,27.6666,5.3483
long,1h_current_body_pct,29.058,gte,47.6005,5.0457,39.982,5.3594
long,1h_current_body_pct,29.78297,gte,47.6005,5.0457,39.982,5.3594
long,1h_current_body_pct,30.50794,gte,47.6005,5.0457,39.982,5.3594
long,1h_current_body_pct,31.23291,gte,47.6005,5.0457,39.982,5.3594
long,1h_current_body_pct,31.95788,gte,47.6005,5.0457,39.982,5.3594
long,1h_current_body_pct,32.68285,gte,47.6005,5.0457,39.982,5.3594
long,1h_current_body_pct,33.40782,gte,47.6005,5.0457,39.982,5.3594
long,1h_current_body_pct,34.13279,gte,47.6005,5.0457,39.982,5.3594
long,1h_current_body_pct,34.85776,gte,47.6005,5.0457,39.982,5.3594
long,1h_current_body_pct,35.58273,gte,47.6005,5.0457,39.982,5.3594
long,1h_current_body_pct,36.3077,gte,47.6005,5.0457,39.982,5.3594
long,1h_current_body_pct,0.0592,lte,1.5995,5.097,-1.5995,5.4058
long,1h_current_body_pct,0.78417,lte,2.171,5.1977,2.4016,5.5053
long,1h_current_body_pct,1.50914,lte,1.735,5.5288,1.8479,5.8586
long,1h_current_body_pct,2.23411,lte,1.6871,6.1214,1.5704,6.5535
long,1h_current_body_pct,2.95908,lte,1.9418,6.8579,1.67,7.4857
long,1h_current_body_pct,3.68405,lte,2.1633,7.6845,2.0378,8.37
long,1h_current_body_pct,4.40902,lte,2.4482,8.7081,2.5785,9.2516
long,1h_current_body_pct,5.13399,lte,2.6747,9.7179,2.8952,10.1842
long,1h_current_body_pct,5.85896,lte,2.9518,10.6968,3.1806,11.2008
long,1h_current_body_pct,6.58393,lte,3.1859,11.7829,3.4138,12.3578
long,1h_current_body_pct,7.3089,lte,3.4551,13.1218,3.6598,13.9174
long,1h_current_body_pct,8.03387,lte,3.6843,14.1284,3.8669,15.2176
long,1h_current_body_pct,8.75884,lte,3.8357,15.0035,4.0232,16.2335
long,1h_current_body_pct,9.48381,lte,3.9325,16.1807,4.1098,17.7042
long,1h_current_body_pct,10.20878,lte,4.0259,17.1403,4.2177,18.7214
long,1h_current_body_pct,10.93375,lte,4.0904,18.8362,4.2675,20.8922
long,1h_current_body_pct,11.65872,lte,4.1074,19.3518,4.2665,21.7666
long,1h_current_body_pct,12.38369,lte,4.2083,19.7706,4.3869,22.1701
long,1h_current_body_pct,13.10866,lte,4.2733,20.2595,4.4457,23.0155
long,1h_current_body_pct,13.83363,lte,4.3483,22.4044,4.5833,24.3337
long,1h_current_body_pct,14.5586,lte,4.3873,23.5725,4.6086,26.0677
long,1h_current_body_pct,15.28357,lte,4.412,23.5047,4.6231,26.3441
long,1h_current_body_pct,16.00854,lte,4.4236,23.7973,4.64,26.5749
long,1h_current_body_pct,16.73351,lte,4.4236,23.7973,4.64,26.5749
long,1h_current_body_pct,17.45848,lte,4.5069,25.5408,4.7109,29.3655
long,1h_current_body_pct,18.18345,lte,4.5742,24.8134,4.8073,27.8448
long,1h_current_body_pct,18.90842,lte,4.6497,25.5835,4.9325,26.9118
long,1h_current_body_pct,19.63339,lte,4.7892,24.2627,5.1044,23.9191
long,1h_current_body_pct,20.35836,lte,4.7892,24.2627,5.1044,23.9191
long,1h_current_body_pct,21.08333,lte,4.8181,27.2497,5.1163,28.0869
long,1h_current_body_pct,21.8083,lte,4.8533,26.3663,5.1645,26.1136
long,1h_current_body_pct,22.53327,lte,4.8604,28.0588,5.1883,26.0939
long,1h_current_body_pct,23.25824,lte,4.8961,26.9879,5.2399,22.9652
long,1h_current_body_pct,23.98321,lte,4.8792,32.2902,5.2158,28.5619
long,1h_current_body_pct,24.70818,lte,4.8792,32.2902,5.2158,28.5619
long,1h_current_body_pct,25.43315,lte,4.9341,33.473,5.2645,29.21
long,1h_current_body_pct,26.15812,lte,4.9952,34.2855,5.3406,22.5132
long,1h_current_body_pct,26.88309,lte,4.9952,34.2855,5.3406,22.5132
long,1h_current_body_pct,27.60806,lte,5.0319,32.5019,5.3483,27.6666
long,1h_current_body_pct,28.33303,lte,5.0319,32.5019,5.3483,27.6666
long,1h_current_body_pct,29.058,lte,5.0457,47.6005,5.3594,39.982
long,1h_current_body_pct,29.78297,lte,5.0457,47.6005,5.3594,39.982
long,1h_current_body_pct,30.50794,lte,5.0457,47.6005,5.3594,39.982
long,1h_current_body_pct,31.23291,lte,5.0457,47.6005,5.3594,39.982
long,1h_current_body_pct,31.95788,lte,5.0457,47.6005,5.3594,39.982
long,1h_current_body_pct,32.68285,lte,5.0457,47.6005,5.3594,39.982
long,1h_current_body_pct,33.40782,lte,5.0457,47.6005,5.3594,39.982
long,1h_current_body_pct,34.13279,lte,5.0457,47.6005,5.3594,39.982
long,1h_current_body_pct,34.85776,lte,5.0457,47.6005,5.3594,39.982
long,1h_current_body_pct,35.58273,lte,5.0457,47.6005,5.3594,39.982
long,1h_current_body_pct,36.3077,lte,5.0931,0.0,5.398,0.0
long,1h_current_close_position,0.0247,gte,5.0931,0.0,5.398,0.0
long,1h_current_close_position,0.044206,gte,5.1018,-2.6292,5.4085,-3.9537
long,1h_current_close_position,0.063712,gte,5.1149,-1.3956,5.4179,-0.5132
long,1h_current_close_position,0.083218,gte,5.1188,-0.6469,5.4257,-0.7848
long,1h_current_close_position,0.102724,gte,5.1356,-0.3067,5.4445,-0.5122
long,1h_current_close_position,0.12223,gte,5.1355,0.3883,5.4545,-0.8732
long,1h_current_close_position,0.141736,gte,5.1597,0.1828,5.4659,0.3899
long,1h_current_close_position,0.161242,gte,5.1807,-0.0582,5.5126,-1.3369
long,1h_current_close_position,0.180748,gte,5.1898,0.373,5.5226,-0.6858
long,1h_current_close_position,0.200254,gte,5.2003,0.3951,5.5306,-0.4175
long,1h_current_close_position,0.21976,gte,5.2094,0.8643,5.5277,0.6814
long,1h_current_close_position,0.239266,gte,5.2139,0.8808,5.5289,0.834
long,1h_current_close_position,0.258772,gte,5.2358,0.8233,5.5576,0.6216
long,1h_current_close_position,0.278278,gte,5.252,0.9327,5.5651,1.0228
long,1h_current_close_position,0.297784,gte,5.2624,1.37,5.5712,1.5891
long,1h_current_close_position,0.31729,gte,5.27,1.581,5.5841,1.7022
long,1h_current_close_position,0.336796,gte,5.305,1.2617,5.6319,1.1687
long,1h_current_close_position,0.356302,gte,5.2766,2.1125,5.5845,2.3674
long,1h_current_close_position,0.375808,gte,5.2814,2.2117,5.6067,2.204
long,1h_current_close_position,0.395314,gte,5.2897,2.3513,5.613,2.399
long,1h_current_close_position,0.41482,gte,5.3145,2.2113,5.644,2.197
long,1h_current_close_position,0.434326,gte,5.3389,2.36,5.6617,2.4656
long,1h_current_close_position,0.453832,gte,5.4079,2.0467,5.7561,1.9325
long,1h_current_close_position,0.473338,gte,5.4694,1.9535,5.8212,1.8671
long,1h_current_close_position,0.492844,gte,5.4998,2.1223,5.8869,1.8267
long,1h_current_close_position,0.51235,gte,5.5262,2.289,5.9467,1.8451
long,1h_current_close_position,0.531856,gte,5.5696,2.3318,6.0139,1.8285
long,1h_current_close_position,0.551362,gte,5.5883,2.5459,6.0734,1.9237
long,1h_current_close_position,0.570868,gte,5.6212,2.6231,6.0989,2.1197
long,1h_current_close_position,0.590374,gte,5.5778,3.0206,6.0894,2.4413
long,1h_current_close_position,0.60988,gte,5.6236,3.1194,6.1079,2.7566
long,1h_current_close_position,0.629386,gte,5.6536,3.225,6.1853,2.7738
long,1h_current_close_position,0.648892,gte,5.7322,3.1616,6.3008,2.6695
long,1h_current_close_position,0.668398,gte,5.7563,3.3283,6.3559,2.8488
long,1h_current_close_position,0.687904,gte,5.9151,3.2242,6.6756,2.4932
long,1h_current_close_position,0.70741,gte,5.9505,3.3698,6.6498,2.8818
long,1h_current_close_position,0.726916,gte,6.0611,3.422,6.8352,2.9168
long,1h_current_close_position,0.746422,gte,6.1898,3.502,7.0051,3.0665
long,1h_current_close_position,0.765928,gte,6.3856,3.4129,7.1898,3.0687
long,1h_current_close_position,0.785434,gte,6.4175,3.6223,7.1551,3.4467
long,1h_current_close_position,0.80494,gte,6.413,3.8615,7.1993,3.717
long,1h_current_close_position,0.824446,gte,6.6345,3.847,7.4119,3.7699
long,1h_current_close_position,0.843952,gte,6.5956,4.0998,7.2237,4.191
long,1h_current_close_position,0.863458,gte,6.6818,4.2206,7.4437,4.2745
long,1h_current_close_position,0.882964,gte,6.8383,4.3256,7.4941,4.4761
long,1h_current_close_position,0.90247,gte,6.6966,4.5531,7.0225,4.8509
long,1h_current_close_position,0.921976,gte,6.7994,4.6854,6.6464,5.0997
long,1h_current_close_position,0.941482,gte,5.8325,4.98,5.5794,5.3703
long,1h_current_close_position,0.960988,gte,5.8371,5.0193,5.8797,5.3502
long,1h_current_close_position,0.980494,gte,6.1914,5.0512,6.7776,5.3453
long,1h_current_close_position,1.0,gte,2.859,5.1031,2.0907,5.4128
long,1h_current_close_position,0.0247,lte,-2.6292,5.1018,-3.9537,5.4085
long,1h_current_close_position,0.044206,lte,-2.6292,5.1018,-3.9537,5.4085
long,1h_current_close_position,0.063712,lte,-1.3956,5.1149,-0.5132,5.4179
long,1h_current_close_position,0.083218,lte,-0.6469,5.1188,-0.7848,5.4257
long,1h_current_close_position,0.102724,lte,-0.3067,5.1356,-0.5122,5.4445
long,1h_current_close_position,0.12223,lte,0.3883,5.1355,-0.8732,5.4545
long,1h_current_close_position,0.141736,lte,0.1828,5.1597,0.3899,5.4659
long,1h_current_close_position,0.161242,lte,-0.0582,5.1807,-1.3369,5.5126
long,1h_current_close_position,0.180748,lte,0.373,5.1898,-0.6858,5.5226
long,1h_current_close_position,0.200254,lte,0.3951,5.2003,-0.4175,5.5306
long,1h_current_close_position,0.21976,lte,0.8643,5.2094,0.6814,5.5277
long,1h_current_close_position,0.239266,lte,0.8808,5.2139,0.834,5.5289
long,1h_current_close_position,0.258772,lte,0.8233,5.2358,0.6216,5.5576
long,1h_current_close_position,0.278278,lte,0.9327,5.252,1.0228,5.5651
long,1h_current_close_position,0.297784,lte,1.37,5.2624,1.5891,5.5712
long,1h_current_close_position,0.31729,lte,1.581,5.27,1.7022,5.5841
long,1h_current_close_position,0.336796,lte,1.2617,5.305,1.1687,5.6319
long,1h_current_close_position,0.356302,lte,2.1125,5.2766,2.3674,5.5845
long,1h_current_close_position,0.375808,lte,2.2117,5.2814,2.204,5.6067
long,1h_current_close_position,0.395314,lte,2.3513,5.2897,2.399,5.613
long,1h_current_close_position,0.41482,lte,2.2113,5.3145,2.197,5.644
long,1h_current_close_position,0.434326,lte,2.36,5.3389,2.4656,5.6617
long,1h_current_close_position,0.453832,lte,2.0467,5.4079,1.9325,5.7561
long,1h_current_close_position,0.473338,lte,1.9535,5.4694,1.8671,5.8212
long,1h_current_close_position,0.492844,lte,2.1223,5.4998,1.8267,5.8869
long,1h_current_close_position,0.51235,lte,2.289,5.5262,1.8451,5.9467
long,1h_current_close_position,0.531856,lte,2.3318,5.5696,1.8285,6.0139
long,1h_current_close_position,0.551362,lte,2.5459,5.5883,1.9237,6.0734
long,1h_current_close_position,0.570868,lte,2.6231,5.6212,2.1197,6.0989
long,1h_current_close_position,0.590374,lte,3.0206,5.5778,2.4413,6.0894
long,1h_current_close_position,0.60988,lte,3.1194,5.6236,2.7566,6.1079
long,1h_current_close_position,0.629386,lte,3.225,5.6536,2.7738,6.1853
long,1h_current_close_position,0.648892,lte,3.1616,5.7322,2.6695,6.3008
long,1h_current_close_position,0.668398,lte,3.3283,5.7563,2.8488,6.3559
long,1h_current_close_position,0.687904,lte,3.2242,5.9151,2.4932,6.6756
long,1h_current_close_position,0.70741,lte,3.3698,5.9505,2.8818,6.6498
long,1h_current_close_position,0.726916,lte,3.422,6.0611,2.9168,6.8352
long,1h_current_close_position,0.746422,lte,3.502,6.1898,3.0665,7.0051
long,1h_current_close_position,0.765928,lte,3.4129,6.3856,3.0687,7.1898
long,1h_current_close_position,0.785434,lte,3.6223,6.4175,3.4467,7.1551
long,1h_current_close_position,0.80494,lte,3.8615,6.413,3.717,7.1993
long,1h_current_close_position,0.824446,lte,3.847,6.6345,3.7699,7.4119
long,1h_current_close_position,0.843952,lte,4.0998,6.5956,4.191,7.2237
long,1h_current_close_position,0.863458,lte,4.2206,6.6818,4.2745,7.4437
long,1h_current_close_position,0.882964,lte,4.3256,6.8383,4.4761,7.4941
long,1h_current_close_position,0.90247,lte,4.5531,6.6966,4.8509,7.0225
long,1h_current_close_position,0.921976,lte,4.6854,6.7994,5.0997,6.6464
long,1h_current_close_position,0.941482,lte,4.98,5.8325,5.3703,5.5794
long,1h_current_close_position,0.960988,lte,5.0193,5.8371,5.3502,5.8797
long,1h_current_close_position,0.980494,lte,5.0512,6.1914,5.3453,6.7776
long,1h_current_close_position,1.0,lte,5.0931,0.0,5.398,0.0
long,1h_current_compression,0.0,gte,5.0931,0.0,5.398,0.0
long,1h_current_compression,1.9,gte,3.6955,5.1862,3.5704,5.5197
long,1h_current_compression,3.8,gte,3.6074,5.134,4.0919,5.4339
long,1h_current_compression,5.7,gte,3.8454,5.1187,4.6161,5.414
long,1h_current_compression,7.6,gte,4.369,5.1054,5.4599,5.397
long,1h_current_compression,9.5,gte,2.93,5.1126,5.1002,5.4007
long,1h_current_compression,11.4,gte,3.5434,5.1036,6.0391,5.3937
long,1h_current_compression,13.3,gte,2.2382,5.1091,3.2329,5.4102
long,1h_current_compression,15.2,gte,2.1315,5.1031,2.6658,5.4072
long,1h_current_compression,17.1,gte,-0.4881,5.0994,-1.4455,5.4057
long,1h_current_compression,19.0,gte,-0.4881,5.0994,-1.4455,5.4057
long,1h_current_compression,0.0,lte,5.3464,3.2999,5.7493,2.9103
long,1h_current_compression,1.9,lte,5.1862,3.6955,5.5197,3.5704
long,1h_current_compression,3.8,lte,5.134,3.6074,5.4339,4.0919
long,1h_current_compression,5.7,lte,5.1187,3.8454,5.414,4.6161
long,1h_current_compression,7.6,lte,5.1054,4.369,5.397,5.4599
long,1h_current_compression,9.5,lte,5.1126,2.93,5.4007,5.1002
long,1h_current_compression,11.4,lte,5.1036,3.5434,5.3937,6.0391
long,1h_current_compression,13.3,lte,5.1091,2.2382,5.4102,3.2329
long,1h_current_compression,15.2,lte,5.1031,2.1315,5.4072,2.6658
long,1h_current_compression,17.1,lte,5.0994,-0.4881,5.4057,-1.4455
long,1h_current_compression,19.0,lte,5.0931,0.0,5.398,0.0
long,1h_current_ma20_distance_pct,-8.5657,gte,5.0931,0.0,5.398,0.0
long,1h_current_ma20_distance_pct,-6.761268,gte,5.1044,0.0386,5.4146,-2.0093
long,1h_current_ma20_distance_pct,-4.956836,gte,5.1218,1.9085,5.4292,1.9302
long,1h_current_ma20_distance_pct,-3.152404,gte,5.1526,2.7269,5.4624,2.8376
long,1h_current_ma20_distance_pct,-1.347972,gte,5.1669,3.1618,5.4829,3.1759
long,1h_current_ma20_distance_pct,0.45646,gte,5.2799,3.1594,5.6924,2.3494
long,1h_current_ma20_distance_pct,2.260892,gte,5.5582,2.6411,6.0124,2.1584
long,1h_current_ma20_distance_pct,4.065324,gte,5.9197,2.8176,6.4508,2.4996
long,1h_current_ma20_distance_pct,5.869756,gte,6.3887,2.8777,7.0851,2.5132
long,1h_current_ma20_distance_pct,7.674188,gte,6.6216,3.3572,7.4328,3.0871
long,1h_current_ma20_distance_pct,9.47862,gte,7.1478,3.4617,7.9198,3.3957
long,1h_current_ma20_distance_pct,11.283052,gte,7.7911,3.4849,8.6374,3.4671
long,1h_current_ma20_distance_pct,13.087484,gte,8.3665,3.623,8.9858,3.7867
long,1h_current_ma20_distance_pct,14.891916,gte,8.9863,3.7428,9.6114,3.9366
long,1h_current_ma20_distance_pct,16.696348,gte,9.3129,3.9667,10.0859,4.1466
long,1h_current_ma20_distance_pct,18.50078,gte,10.0946,4.032,11.2149,4.1639
long,1h_current_ma20_distance_pct,20.305212,gte,10.3025,4.1943,11.3119,4.3776
long,1h_current_ma20_distance_pct,22.109644,gte,11.0645,4.2585,12.5827,4.3938
long,1h_current_ma20_distance_pct,23.914076,gte,10.9734,4.3636,12.2349,4.5498
long,1h_current_ma20_distance_pct,25.718508,gte,10.4594,4.5168,11.1226,4.7832
long,1h_current_ma20_distance_pct,27.52294,gte,11.3221,4.5082,11.6956,4.8067
long,1h_current_ma20_distance_pct,29.327372,gte,11.9689,4.5202,12.0421,4.8444
long,1h_current_ma20_distance_pct,31.131804,gte,12.2679,4.5419,12.5583,4.8479
long,1h_current_ma20_distance_pct,32.936236,gte,12.3154,4.6396,12.2949,4.9649
long,1h_current_ma20_distance_pct,34.740668,gte,12.9514,4.6488,12.8637,4.9759
long,1h_current_ma20_distance_pct,36.5451,gte,12.6698,4.693,11.9527,5.0518
long,1h_current_ma20_distance_pct,38.349532,gte,12.611,4.7514,11.5543,5.1182
long,1h_current_ma20_distance_pct,40.153964,gte,12.5917,4.7887,11.3528,5.1562
long,1h_current_ma20_distance_pct,41.958396,gte,11.76,4.8545,10.9938,5.1977
long,1h_current_ma20_distance_pct,43.762828,gte,10.7636,4.9104,10.5779,5.2311
long,1h_current_ma20_distance_pct,45.56726,gte,12.0814,4.901,11.7883,5.2223
long,1h_current_ma20_distance_pct,47.371692,gte,11.9792,4.9119,11.4665,5.2383
long,1h_current_ma20_distance_pct,49.176124,gte,11.701,4.927,10.226,5.2766
long,1h_current_ma20_distance_pct,50.980556,gte,11.3124,4.9513,10.0741,5.2914
long,1h_current_ma20_distance_pct,52.784988,gte,10.981,4.993,9.4878,5.3285
long,1h_current_ma20_distance_pct,54.58942,gte,11.7671,4.995,12.1915,5.2981
long,1h_current_ma20_distance_pct,56.393852,gte,11.7671,4.995,12.1915,5.2981
long,1h_current_ma20_distance_pct,58.198284,gte,14.4521,4.9876,17.2517,5.2644
long,1h_current_ma20_distance_pct,60.002716,gte,12.5041,5.018,13.7944,5.3129
long,1h_current_ma20_distance_pct,61.807148,gte,7.4631,5.0772,3.5167,5.4107
long,1h_current_ma20_distance_pct,63.61158,gte,7.4631,5.0772,3.5167,5.4107
long,1h_current_ma20_distance_pct,65.416012,gte,3.0662,5.1022,-3.162,5.4364
long,1h_current_ma20_distance_pct,67.220444,gte,5.5289,5.0917,-3.707,5.4286
long,1h_current_ma20_distance_pct,69.024876,gte,5.5289,5.0917,-3.707,5.4286
long,1h_current_ma20_distance_pct,70.829308,gte,13.3574,5.0747,2.5456,5.4044
long,1h_current_ma20_distance_pct,72.63374,gte,13.3574,5.0747,2.5456,5.4044
long,1h_current_ma20_distance_pct,74.438172,gte,13.3574,5.0747,2.5456,5.4044
long,1h_current_ma20_distance_pct,76.242604,gte,13.3574,5.0747,2.5456,5.4044
long,1h_current_ma20_distance_pct,78.047036,gte,13.3574,5.0747,2.5456,5.4044
long,1h_current_ma20_distance_pct,79.851468,gte,19.6041,5.0769,16.2723,5.3859
long,1h_current_ma20_distance_pct,81.6559,gte,19.6041,5.0769,16.2723,5.3859
long,1h_current_ma20_distance_pct,-8.5657,lte,0.1031,5.0987,-0.3951,5.4045
long,1h_current_ma20_distance_pct,-6.761268,lte,0.0386,5.1044,-2.0093,5.4146
long,1h_current_ma20_distance_pct,-4.956836,lte,1.9085,5.1218,1.9302,5.4292
long,1h_current_ma20_distance_pct,-3.152404,lte,2.7269,5.1526,2.8376,5.4624
long,1h_current_ma20_distance_pct,-1.347972,lte,3.1618,5.1669,3.1759,5.4829
long,1h_current_ma20_distance_pct,0.45646,lte,3.1594,5.2799,2.3494,5.6924
long,1h_current_ma20_distance_pct,2.260892,lte,2.6411,5.5582,2.1584,6.0124
long,1h_current_ma20_distance_pct,4.065324,lte,2.8176,5.9197,2.4996,6.4508
long,1h_current_ma20_distance_pct,5.869756,lte,2.8777,6.3887,2.5132,7.0851
long,1h_current_ma20_distance_pct,7.674188,lte,3.3572,6.6216,3.0871,7.4328
long,1h_current_ma20_distance_pct,9.47862,lte,3.4617,7.1478,3.3957,7.9198
long,1h_current_ma20_distance_pct,11.283052,lte,3.4849,7.7911,3.4671,8.6374
long,1h_current_ma20_distance_pct,13.087484,lte,3.623,8.3665,3.7867,8.9858
long,1h_current_ma20_distance_pct,14.891916,lte,3.7428,8.9863,3.9366,9.6114
long,1h_current_ma20_distance_pct,16.696348,lte,3.9667,9.3129,4.1466,10.0859
long,1h_current_ma20_distance_pct,18.50078,lte,4.032,10.0946,4.1639,11.2149
long,1h_current_ma20_distance_pct,20.305212,lte,4.1943,10.3025,4.3776,11.3119
long,1h_current_ma20_distance_pct,22.109644,lte,4.2585,11.0645,4.3938,12.5827
long,1h_current_ma20_distance_pct,23.914076,lte,4.3636,10.9734,4.5498,12.2349
long,1h_current_ma20_distance_pct,25.718508,lte,4.5168,10.4594,4.7832,11.1226
long,1h_current_ma20_distance_pct,27.52294,lte,4.5082,11.3221,4.8067,11.6956
long,1h_current_ma20_distance_pct,29.327372,lte,4.5202,11.9689,4.8444,12.0421
long,1h_current_ma20_distance_pct,31.131804,lte,4.5419,12.2679,4.8479,12.5583
long,1h_current_ma20_distance_pct,32.936236,lte,4.6396,12.3154,4.9649,12.2949
long,1h_current_ma20_distance_pct,34.740668,lte,4.6488,12.9514,4.9759,12.8637
long,1h_current_ma20_distance_pct,36.5451,lte,4.693,12.6698,5.0518,11.9527
long,1h_current_ma20_distance_pct,38.349532,lte,4.7514,12.611,5.1182,11.5543
long,1h_current_ma20_distance_pct,40.153964,lte,4.7887,12.5917,5.1562,11.3528
long,1h_current_ma20_distance_pct,41.958396,lte,4.8545,11.76,5.1977,10.9938
long,1h_current_ma20_distance_pct,43.762828,lte,4.9104,10.7636,5.2311,10.5779
long,1h_current_ma20_distance_pct,45.56726,lte,4.901,12.0814,5.2223,11.7883
long,1h_current_ma20_distance_pct,47.371692,lte,4.9119,11.9792,5.2383,11.4665
long,1h_current_ma20_distance_pct,49.176124,lte,4.927,11.701,5.2766,10.226
long,1h_current_ma20_distance_pct,50.980556,lte,4.9513,11.3124,5.2914,10.0741
long,1h_current_ma20_distance_pct,52.784988,lte,4.993,10.981,5.3285,9.4878
long,1h_current_ma20_distance_pct,54.58942,lte,4.995,11.7671,5.2981,12.1915
long,1h_current_ma20_distance_pct,56.393852,lte,4.995,11.7671,5.2981,12.1915
long,1h_current_ma20_distance_pct,58.198284,lte,4.9876,14.4521,5.2644,17.2517
long,1h_current_ma20_distance_pct,60.002716,lte,5.018,12.5041,5.3129,13.7944
long,1h_current_ma20_distance_pct,61.807148,lte,5.0772,7.4631,5.4107,3.5167
long,1h_current_ma20_distance_pct,63.61158,lte,5.0772,7.4631,5.4107,3.5167
long,1h_current_ma20_distance_pct,65.416012,lte,5.1022,3.0662,5.4364,-3.162
long,1h_current_ma20_distance_pct,67.220444,lte,5.0917,5.5289,5.4286,-3.707
long,1h_current_ma20_distance_pct,69.024876,lte,5.0917,5.5289,5.4286,-3.707
long,1h_current_ma20_distance_pct,70.829308,lte,5.0747,13.3574,5.4044,2.5456
long,1h_current_ma20_distance_pct,72.63374,lte,5.0747,13.3574,5.4044,2.5456
long,1h_current_ma20_distance_pct,74.438172,lte,5.0747,13.3574,5.4044,2.5456
long,1h_current_ma20_distance_pct,76.242604,lte,5.0747,13.3574,5.4044,2.5456
long,1h_current_ma20_distance_pct,78.047036,lte,5.0747,13.3574,5.4044,2.5456
long,1h_current_ma20_distance_pct,79.851468,lte,5.0769,19.6041,5.3859,16.2723
long,1h_current_ma20_distance_pct,81.6559,lte,5.0931,0.0,5.398,0.0
long,1h_current_range_pct,1.4898,gte,5.0931,0.0,5.398,0.0
long,1h_current_range_pct,2.986268,gte,5.5161,1.0522,5.8993,0.609
long,1h_current_range_pct,4.482736,gte,6.2899,1.7983,6.7824,1.5867
long,1h_current_range_pct,5.979204,gte,7.4189,2.4399,7.9813,2.451
long,1h_current_range_pct,7.475672,gte,8.5703,2.8786,8.8778,3.1819
long,1h_current_range_pct,8.97214,gte,9.511,3.2703,10.0137,3.4936
long,1h_current_range_pct,10.468608,gte,11.1389,3.4575,11.3649,3.7838
long,1h_current_range_pct,11.965076,gte,12.9678,3.5872,13.0716,3.9306
long,1h_current_range_pct,13.461544,gte,13.1103,4.0073,13.394,4.315
long,1h_current_range_pct,14.958012,gte,14.1784,4.0924,14.5327,4.3919
long,1h_current_range_pct,16.45448,gte,15.5397,4.1676,15.9995,4.4588
long,1h_current_range_pct,17.950948,gte,17.4049,4.242,17.1134,4.5881
long,1h_current_range_pct,19.447416,gte,19.7683,4.3361,20.4428,4.622
long,1h_current_range_pct,20.943884,gte,20.0969,4.5381,18.8891,4.8989
long,1h_current_range_pct,22.440352,gte,21.8824,4.5721,20.4178,4.9319
long,1h_current_range_pct,23.93682,gte,20.9789,4.6751,17.4956,5.0797
long,1h_current_range_pct,25.433288,gte,21.7609,4.713,19.2144,5.0829
long,1h_current_range_pct,26.929756,gte,23.4209,4.7603,20.2872,5.1276
long,1h_current_range_pct,28.426224,gte,23.7821,4.8183,20.571,5.1749
long,1h_current_range_pct,29.922692,gte,21.359,4.9098,18.9627,5.2451
long,1h_current_range_pct,31.41916,gte,20.7634,4.9343,19.5786,5.2543
long,1h_current_range_pct,32.915628,gte,21.2988,4.9657,21.352,5.2725
long,1h_current_range_pct,34.412096,gte,20.9169,4.9866,21.9612,5.2865
long,1h_current_range_pct,35.908564,gte,20.9169,4.9866,21.9612,5.2865
long,1h_current_range_pct,37.405032,gte,21.6197,5.0005,23.2832,5.2978
long,1h_current_range_pct,38.9015,gte,21.6197,5.0005,23.2832,5.2978
long,1h_current_range_pct,40.397968,gte,29.8594,4.9822,35.0227,5.2653
long,1h_current_range_pct,41.894436,gte,29.8594,4.9822,35.0227,5.2653
long,1h_current_range_pct,43.390904,gte,23.9457,5.0299,33.3696,5.3042
long,1h_current_range_pct,44.887372,gte,23.9457,5.0299,33.3696,5.3042
long,1h_current_range_pct,46.38384,gte,30.352,5.0367,36.9091,5.3276
long,1h_current_range_pct,47.880308,gte,30.352,5.0367,36.9091,5.3276
long,1h_current_range_pct,49.376776,gte,30.352,5.0367,36.9091,5.3276
long,1h_current_range_pct,50.873244,gte,30.352,5.0367,36.9091,5.3276
long,1h_current_range_pct,52.369712,gte,30.352,5.0367,36.9091,5.3276
long,1h_current_range_pct,53.86618,gte,30.352,5.0367,36.9091,5.3276
long,1h_current_range_pct,55.362648,gte,36.0838,5.0585,47.8206,5.3507
long,1h_current_range_pct,56.859116,gte,36.0838,5.0585,47.8206,5.3507
long,1h_current_range_pct,58.355584,gte,36.0838,5.0585,47.8206,5.3507
long,1h_current_range_pct,59.852052,gte,36.0838,5.0585,47.8206,5.3507
long,1h_current_range_pct,61.34852,gte,36.0838,5.0585,47.8206,5.3507
long,1h_current_range_pct,62.844988,gte,36.0838,5.0585,47.8206,5.3507
long,1h_current_range_pct,64.341456,gte,36.0838,5.0585,47.8206,5.3507
long,1h_current_range_pct,65.837924,gte,36.0838,5.0585,47.8206,5.3507
long,1h_current_range_pct,67.334392,gte,36.0838,5.0585,47.8206,5.3507
long,1h_current_range_pct,68.83086,gte,36.0838,5.0585,47.8206,5.3507
long,1h_current_range_pct,70.327328,gte,36.0838,5.0585,47.8206,5.3507
long,1h_current_range_pct,71.823796,gte,36.0838,5.0585,47.8206,5.3507
long,1h_current_range_pct,73.320264,gte,36.0838,5.0585,47.8206,5.3507
long,1h_current_range_pct,74.816732,gte,36.0838,5.0585,47.8206,5.3507
long,1h_current_range_pct,76.3132,gte,36.0838,5.0585,47.8206,5.3507
long,1h_current_range_pct,1.4898,lte,0.0,5.0988,0.6518,5.4033
long,1h_current_range_pct,2.986268,lte,1.0522,5.5161,0.609,5.8993
long,1h_current_range_pct,4.482736,lte,1.7983,6.2899,1.5867,6.7824
long,1h_current_range_pct,5.979204,lte,2.4399,7.4189,2.451,7.9813
long,1h_current_range_pct,7.475672,lte,2.8786,8.5703,3.1819,8.8778
long,1h_current_range_pct,8.97214,lte,3.2703,9.511,3.4936,10.0137
long,1h_current_range_pct,10.468608,lte,3.4575,11.1389,3.7838,11.3649
long,1h_current_range_pct,11.965076,lte,3.5872,12.9678,3.9306,13.0716
long,1h_current_range_pct,13.461544,lte,4.0073,13.1103,4.315,13.394
long,1h_current_range_pct,14.958012,lte,4.0924,14.1784,4.3919,14.5327
long,1h_current_range_pct,16.45448,lte,4.1676,15.5397,4.4588,15.9995
long,1h_current_range_pct,17.950948,lte,4.242,17.4049,4.5881,17.1134
long,1h_current_range_pct,19.447416,lte,4.3361,19.7683,4.622,20.4428
long,1h_current_range_pct,20.943884,lte,4.5381,20.0969,4.8989,18.8891
long,1h_current_range_pct,22.440352,lte,4.5721,21.8824,4.9319,20.4178
long,1h_current_range_pct,23.93682,lte,4.6751,20.9789,5.0797,17.4956
long,1h_current_range_pct,25.433288,lte,4.713,21.7609,5.0829,19.2144
long,1h_current_range_pct,26.929756,lte,4.7603,23.4209,5.1276,20.2872
long,1h_current_range_pct,28.426224,lte,4.8183,23.7821,5.1749,20.571
long,1h_current_range_pct,29.922692,lte,4.9098,21.359,5.2451,18.9627
long,1h_current_range_pct,31.41916,lte,4.9343,20.7634,5.2543,19.5786
long,1h_current_range_pct,32.915628,lte,4.9657,21.2988,5.2725,21.352
long,1h_current_range_pct,34.412096,lte,4.9866,20.9169,5.2865,21.9612
long,1h_current_range_pct,35.908564,lte,4.9866,20.9169,5.2865,21.9612
long,1h_current_range_pct,37.405032,lte,5.0005,21.6197,5.2978,23.2832
long,1h_current_range_pct,38.9015,lte,5.0005,21.6197,5.2978,23.2832
long,1h_current_range_pct,40.397968,lte,4.9822,29.8594,5.2653,35.0227
long,1h_current_range_pct,41.894436,lte,4.9822,29.8594,5.2653,35.0227
long,1h_current_range_pct,43.390904,lte,5.0299,23.9457,5.3042,33.3696
long,1h_current_range_pct,44.887372,lte,5.0299,23.9457,5.3042,33.3696
long,1h_current_range_pct,46.38384,lte,5.0367,30.352,5.3276,36.9091
long,1h_current_range_pct,47.880308,lte,5.0367,30.352,5.3276,36.9091
long,1h_current_range_pct,49.376776,lte,5.0367,30.352,5.3276,36.9091
long,1h_current_range_pct,50.873244,lte,5.0367,30.352,5.3276,36.9091
long,1h_current_range_pct,52.369712,lte,5.0367,30.352,5.3276,36.9091
long,1h_current_range_pct,53.86618,lte,5.0367,30.352,5.3276,36.9091
long,1h_current_range_pct,55.362648,lte,5.0585,36.0838,5.3507,47.8206
long,1h_current_range_pct,56.859116,lte,5.0585,36.0838,5.3507,47.8206
long,1h_current_range_pct,58.355584,lte,5.0585,36.0838,5.3507,47.8206
long,1h_current_range_pct,59.852052,lte,5.0585,36.0838,5.3507,47.8206
long,1h_current_range_pct,61.34852,lte,5.0585,36.0838,5.3507,47.8206
long,1h_current_range_pct,62.844988,lte,5.0585,36.0838,5.3507,47.8206
long,1h_current_range_pct,64.341456,lte,5.0585,36.0838,5.3507,47.8206
long,1h_current_range_pct,65.837924,lte,5.0585,36.0838,5.3507,47.8206
long,1h_current_range_pct,67.334392,lte,5.0585,36.0838,5.3507,47.8206
long,1h_current_range_pct,68.83086,lte,5.0585,36.0838,5.3507,47.8206
long,1h_current_range_pct,70.327328,lte,5.0585,36.0838,5.3507,47.8206
long,1h_current_range_pct,71.823796,lte,5.0585,36.0838,5.3507,47.8206
long,1h_current_range_pct,73.320264,lte,5.0585,36.0838,5.3507,47.8206
long,1h_current_range_pct,74.816732,lte,5.0585,36.0838,5.3507,47.8206
long,1h_current_range_pct,76.3132,lte,5.0931,0.0,5.398,0.0
long,1h_current_return_pct,-6.2569,gte,5.0931,0.0,5.398,0.0
long,1h_current_return_pct,-5.405608,gte,5.1086,-8.7523,5.4152,-10.0183
long,1h_current_return_pct,-4.554316,gte,5.1086,-8.7523,5.4152,-10.0183
long,1h_current_return_pct,-3.703024,gte,5.1086,-8.7523,5.4152,-10.0183
long,1h_current_return_pct,-2.851732,gte,5.1214,-3.3199,5.4286,-3.7202
long,1h_current_return_pct,-2.00044,gte,5.1282,-2.7341,5.4276,-1.2073
long,1h_current_return_pct,-1.149148,gte,5.182,-1.4589,5.4676,0.263
long,1h_current_return_pct,-0.297856,gte,5.2427,-1.1444,5.5527,-1.0529
long,1h_current_return_pct,0.553436,gte,5.2851,0.869,5.5566,1.9094
long,1h_current_return_pct,1.404728,gte,5.5435,1.1527,5.856,1.3908
long,1h_current_return_pct,2.25602,gte,6.1979,1.5887,6.6843,1.3177
long,1h_current_return_pct,3.107312,gte,7.0047,1.871,7.6365,1.6248
long,1h_current_return_pct,3.958604,gte,8.0266,2.2562,8.6819,2.2221
long,1h_current_return_pct,4.809896,gte,9.3896,2.5076,9.8479,2.7201
long,1h_current_return_pct,5.661188,gte,10.5259,2.8636,11.0519,3.0778
long,1h_current_return_pct,6.51248,gte,11.7934,3.1705,12.316,3.4129
long,1h_current_return_pct,7.363772,gte,13.2292,3.4594,14.0494,3.6608
long,1h_current_return_pct,8.215064,gte,14.5004,3.7235,15.5848,3.9149
long,1h_current_return_pct,9.066356,gte,15.3783,3.8748,16.7301,4.0557
long,1h_current_return_pct,9.917648,gte,16.4405,3.9972,17.9019,4.1904
long,1h_current_return_pct,10.76894,gte,18.5773,4.0919,20.8216,4.2528
long,1h_current_return_pct,11.620232,gte,19.3518,4.1074,21.7666,4.2665
long,1h_current_return_pct,12.471524,gte,19.7706,4.2083,22.1701,4.3869
long,1h_current_return_pct,13.322816,gte,21.325,4.2958,22.2798,4.5687
long,1h_current_return_pct,14.174108,gte,23.2205,4.379,25.7165,4.5975
long,1h_current_return_pct,15.0254,gte,23.5725,4.3873,26.0677,4.6086
long,1h_current_return_pct,15.876692,gte,23.7973,4.4236,26.5749,4.64
long,1h_current_return_pct,16.727984,gte,23.7973,4.4236,26.5749,4.64
long,1h_current_return_pct,17.579276,gte,25.5408,4.5069,29.3655,4.7109
long,1h_current_return_pct,18.430568,gte,24.265,4.6335,26.4893,4.8924
long,1h_current_return_pct,19.28186,gte,26.1403,4.6865,27.0,4.9807
long,1h_current_return_pct,20.133152,gte,24.2627,4.7892,23.9191,5.1044
long,1h_current_return_pct,20.984444,gte,25.3571,4.8184,26.0124,5.1185
long,1h_current_return_pct,21.835736,gte,26.3663,4.8533,26.1136,5.1645
long,1h_current_return_pct,22.687028,gte,28.0588,4.8604,26.0939,5.1883
long,1h_current_return_pct,23.53832,gte,26.9879,4.8961,22.9652,5.2399
long,1h_current_return_pct,24.389612,gte,32.2902,4.8792,28.5619,5.2158
long,1h_current_return_pct,25.240904,gte,33.473,4.9341,29.21,5.2645
long,1h_current_return_pct,26.092196,gte,33.8454,4.9643,24.4206,5.3128
long,1h_current_return_pct,26.943488,gte,34.2855,4.9952,22.5132,5.3406
long,1h_current_return_pct,27.79478,gte,32.5019,5.0319,27.6666,5.3483
long,1h_current_return_pct,28.646072,gte,32.5019,5.0319,27.6666,5.3483
long,1h_current_return_pct,29.497364,gte,47.6005,5.0457,39.982,5.3594
long,1h_current_return_pct,30.348656,gte,47.6005,5.0457,39.982,5.3594
long,1h_current_return_pct,31.199948,gte,47.6005,5.0457,39.982,5.3594
long,1h_current_return_pct,32.05124,gte,47.6005,5.0457,39.982,5.3594
long,1h_current_return_pct,32.902532,gte,47.6005,5.0457,39.982,5.3594
long,1h_current_return_pct,33.753824,gte,47.6005,5.0457,39.982,5.3594
long,1h_current_return_pct,34.605116,gte,47.6005,5.0457,39.982,5.3594
long,1h_current_return_pct,35.456408,gte,47.6005,5.0457,39.982,5.3594
long,1h_current_return_pct,36.3077,gte,47.6005,5.0457,39.982,5.3594
long,1h_current_return_pct,-6.2569,lte,-8.7523,5.1086,-10.0183,5.4152
long,1h_current_return_pct,-5.405608,lte,-8.7523,5.1086,-10.0183,5.4152
long,1h_current_return_pct,-4.554316,lte,-8.7523,5.1086,-10.0183,5.4152
long,1h_current_return_pct,-3.703024,lte,-8.7523,5.1086,-10.0183,5.4152
long,1h_current_return_pct,-2.851732,lte,-3.3199,5.1214,-3.7202,5.4286
long,1h_current_return_pct,-2.00044,lte,-2.7341,5.1282,-1.2073,5.4276
long,1h_current_return_pct,-1.149148,lte,-1.4589,5.182,0.263,5.4676
long,1h_current_return_pct,-0.297856,lte,-1.1444,5.2427,-1.0529,5.5527
long,1h_current_return_pct,0.553436,lte,0.869,5.2851,1.9094,5.5566
long,1h_current_return_pct,1.404728,lte,1.1527,5.5435,1.3908,5.856
long,1h_current_return_pct,2.25602,lte,1.5887,6.1979,1.3177,6.6843
long,1h_current_return_pct,3.107312,lte,1.871,7.0047,1.6248,7.6365
long,1h_current_return_pct,3.958604,lte,2.2562,8.0266,2.2221,8.6819
long,1h_current_return_pct,4.809896,lte,2.5076,9.3896,2.7201,9.8479
long,1h_current_return_pct,5.661188,lte,2.8636,10.5259,3.0778,11.0519
long,1h_current_return_pct,6.51248,lte,3.1705,11.7934,3.4129,12.316
long,1h_current_return_pct,7.363772,lte,3.4594,13.2292,3.6608,14.0494
long,1h_current_return_pct,8.215064,lte,3.7235,14.5004,3.9149,15.5848
long,1h_current_return_pct,9.066356,lte,3.8748,15.3783,4.0557,16.7301
long,1h_current_return_pct,9.917648,lte,3.9972,16.4405,4.1904,17.9019
long,1h_current_return_pct,10.76894,lte,4.0919,18.5773,4.2528,20.8216
long,1h_current_return_pct,11.620232,lte,4.1074,19.3518,4.2665,21.7666
long,1h_current_return_pct,12.471524,lte,4.2083,19.7706,4.3869,22.1701
long,1h_current_return_pct,13.322816,lte,4.2958,21.325,4.5687,22.2798
long,1h_current_return_pct,14.174108,lte,4.379,23.2205,4.5975,25.7165
long,1h_current_return_pct,15.0254,lte,4.3873,23.5725,4.6086,26.0677
long,1h_current_return_pct,15.876692,lte,4.4236,23.7973,4.64,26.5749
long,1h_current_return_pct,16.727984,lte,4.4236,23.7973,4.64,26.5749
long,1h_current_return_pct,17.579276,lte,4.5069,25.5408,4.7109,29.3655
long,1h_current_return_pct,18.430568,lte,4.6335,24.265,4.8924,26.4893
long,1h_current_return_pct,19.28186,lte,4.6865,26.1403,4.9807,27.0
long,1h_current_return_pct,20.133152,lte,4.7892,24.2627,5.1044,23.9191
long,1h_current_return_pct,20.984444,lte,4.8184,25.3571,5.1185,26.0124
long,1h_current_return_pct,21.835736,lte,4.8533,26.3663,5.1645,26.1136
long,1h_current_return_pct,22.687028,lte,4.8604,28.0588,5.1883,26.0939
long,1h_current_return_pct,23.53832,lte,4.8961,26.9879,5.2399,22.9652
long,1h_current_return_pct,24.389612,lte,4.8792,32.2902,5.2158,28.5619
long,1h_current_return_pct,25.240904,lte,4.9341,33.473,5.2645,29.21
long,1h_current_return_pct,26.092196,lte,4.9643,33.8454,5.3128,24.4206
long,1h_current_return_pct,26.943488,lte,4.9952,34.2855,5.3406,22.5132
long,1h_current_return_pct,27.79478,lte,5.0319,32.5019,5.3483,27.6666
long,1h_current_return_pct,28.646072,lte,5.0319,32.5019,5.3483,27.6666
long,1h_current_return_pct,29.497364,lte,5.0457,47.6005,5.3594,39.982
long,1h_current_return_pct,30.348656,lte,5.0457,47.6005,5.3594,39.982
long,1h_current_return_pct,31.199948,lte,5.0457,47.6005,5.3594,39.982
long,1h_current_return_pct,32.05124,lte,5.0457,47.6005,5.3594,39.982
long,1h_current_return_pct,32.902532,lte,5.0457,47.6005,5.3594,39.982
long,1h_current_return_pct,33.753824,lte,5.0457,47.6005,5.3594,39.982
long,1h_current_return_pct,34.605116,lte,5.0457,47.6005,5.3594,39.982
long,1h_current_return_pct,35.456408,lte,5.0457,47.6005,5.3594,39.982
long,1h_current_return_pct,36.3077,lte,5.0931,0.0,5.398,0.0
long,1h_current_volume_ratio,0.1772,gte,5.0931,0.0,5.398,0.0
long,1h_current_volume_ratio,2.687722,gte,7.181,4.2502,8.0135,4.342
long,1h_current_volume_ratio,5.198244,gte,7.766,4.7464,8.0615,5.0525
long,1h_current_volume_ratio,7.708766,gte,9.6773,4.7586,9.7591,5.0798
long,1h_current_volume_ratio,10.219288,gte,14.0631,4.7289,15.7824,4.9764
long,1h_current_volume_ratio,12.72981,gte,13.8993,4.851,14.2892,5.1536
long,1h_current_volume_ratio,15.240332,gte,13.7802,4.9454,13.615,5.2583
long,1h_current_volume_ratio,17.750854,gte,13.7802,4.9454,13.615,5.2583
long,1h_current_volume_ratio,20.261376,gte,12.9089,4.9782,15.1485,5.2546
long,1h_current_volume_ratio,22.771898,gte,14.4401,4.9984,15.8284,5.2923
long,1h_current_volume_ratio,25.28242,gte,15.8538,5.0207,16.6159,5.3225
long,1h_current_volume_ratio,27.792942,gte,17.1604,5.0391,16.9182,5.3464
long,1h_current_volume_ratio,30.303464,gte,17.9472,5.05,18.4294,5.3543
long,1h_current_volume_ratio,32.813986,gte,17.9472,5.05,18.4294,5.3543
long,1h_current_volume_ratio,35.324508,gte,21.8858,5.0556,17.6092,5.3707
long,1h_current_volume_ratio,37.83503,gte,21.8858,5.0556,17.6092,5.3707
long,1h_current_volume_ratio,40.345552,gte,21.8858,5.0556,17.6092,5.3707
long,1h_current_volume_ratio,42.856074,gte,21.8858,5.0556,17.6092,5.3707
long,1h_current_volume_ratio,45.366596,gte,21.8858,5.0556,17.6092,5.3707
long,1h_current_volume_ratio,47.877118,gte,20.1815,5.0763,17.5216,5.3845
long,1h_current_volume_ratio,50.38764,gte,20.1815,5.0763,17.5216,5.3845
long,1h_current_volume_ratio,52.898162,gte,20.1815,5.0763,17.5216,5.3845
long,1h_current_volume_ratio,55.408684,gte,20.1815,5.0763,17.5216,5.3845
long,1h_current_volume_ratio,57.919206,gte,20.1815,5.0763,17.5216,5.3845
long,1h_current_volume_ratio,60.429728,gte,20.1815,5.0763,17.5216,5.3845
long,1h_current_volume_ratio,62.94025,gte,20.1815,5.0763,17.5216,5.3845
long,1h_current_volume_ratio,65.450772,gte,20.1815,5.0763,17.5216,5.3845
long,1h_current_volume_ratio,67.961294,gte,20.1815,5.0763,17.5216,5.3845
long,1h_current_volume_ratio,70.471816,gte,20.1815,5.0763,17.5216,5.3845
long,1h_current_volume_ratio,72.982338,gte,20.1815,5.0763,17.5216,5.3845
long,1h_current_volume_ratio,75.49286,gte,20.1815,5.0763,17.5216,5.3845
long,1h_current_volume_ratio,78.003382,gte,20.1815,5.0763,17.5216,5.3845
long,1h_current_volume_ratio,80.513904,gte,20.1815,5.0763,17.5216,5.3845
long,1h_current_volume_ratio,83.024426,gte,20.1815,5.0763,17.5216,5.3845
long,1h_current_volume_ratio,85.534948,gte,20.1815,5.0763,17.5216,5.3845
long,1h_current_volume_ratio,88.04547,gte,20.1815,5.0763,17.5216,5.3845
long,1h_current_volume_ratio,90.555992,gte,20.1815,5.0763,17.5216,5.3845
long,1h_current_volume_ratio,93.066514,gte,20.1815,5.0763,17.5216,5.3845
long,1h_current_volume_ratio,95.577036,gte,20.1815,5.0763,17.5216,5.3845
long,1h_current_volume_ratio,98.087558,gte,20.1815,5.0763,17.5216,5.3845
long,1h_current_volume_ratio,100.59808,gte,20.1815,5.0763,17.5216,5.3845
long,1h_current_volume_ratio,103.108602,gte,20.1815,5.0763,17.5216,5.3845
long,1h_current_volume_ratio,105.619124,gte,20.1815,5.0763,17.5216,5.3845
long,1h_current_volume_ratio,108.129646,gte,20.1815,5.0763,17.5216,5.3845
long,1h_current_volume_ratio,110.640168,gte,20.1815,5.0763,17.5216,5.3845
long,1h_current_volume_ratio,113.15069,gte,20.1815,5.0763,17.5216,5.3845
long,1h_current_volume_ratio,115.661212,gte,20.1815,5.0763,17.5216,5.3845
long,1h_current_volume_ratio,118.171734,gte,20.1815,5.0763,17.5216,5.3845
long,1h_current_volume_ratio,120.682256,gte,20.1815,5.0763,17.5216,5.3845
long,1h_current_volume_ratio,123.192778,gte,20.1815,5.0763,17.5216,5.3845
long,1h_current_volume_ratio,125.7033,gte,20.1815,5.0763,17.5216,5.3845
long,1h_current_volume_ratio,0.1772,lte,-3.5368,5.1028,-7.2122,5.4121
long,1h_current_volume_ratio,2.687722,lte,4.2502,7.181,4.342,8.0135
long,1h_current_volume_ratio,5.198244,lte,4.7464,7.766,5.0525,8.0615
long,1h_current_volume_ratio,7.708766,lte,4.7586,9.6773,5.0798,9.7591
long,1h_current_volume_ratio,10.219288,lte,4.7289,14.0631,4.9764,15.7824
long,1h_current_volume_ratio,12.72981,lte,4.851,13.8993,5.1536,14.2892
long,1h_current_volume_ratio,15.240332,lte,4.9454,13.7802,5.2583,13.615
long,1h_current_volume_ratio,17.750854,lte,4.9454,13.7802,5.2583,13.615
long,1h_current_volume_ratio,20.261376,lte,4.9782,12.9089,5.2546,15.1485
long,1h_current_volume_ratio,22.771898,lte,4.9984,14.4401,5.2923,15.8284
long,1h_current_volume_ratio,25.28242,lte,5.0207,15.8538,5.3225,16.6159
long,1h_current_volume_ratio,27.792942,lte,5.0391,17.1604,5.3464,16.9182
long,1h_current_volume_ratio,30.303464,lte,5.05,17.9472,5.3543,18.4294
long,1h_current_volume_ratio,32.813986,lte,5.05,17.9472,5.3543,18.4294
long,1h_current_volume_ratio,35.324508,lte,5.0556,21.8858,5.3707,17.6092
long,1h_current_volume_ratio,37.83503,lte,5.0556,21.8858,5.3707,17.6092
long,1h_current_volume_ratio,40.345552,lte,5.0556,21.8858,5.3707,17.6092
long,1h_current_volume_ratio,42.856074,lte,5.0556,21.8858,5.3707,17.6092
long,1h_current_volume_ratio,45.366596,lte,5.0556,21.8858,5.3707,17.6092
long,1h_current_volume_ratio,47.877118,lte,5.0763,20.1815,5.3845,17.5216
long,1h_current_volume_ratio,50.38764,lte,5.0763,20.1815,5.3845,17.5216
long,1h_current_volume_ratio,52.898162,lte,5.0763,20.1815,5.3845,17.5216
long,1h_current_volume_ratio,55.408684,lte,5.0763,20.1815,5.3845,17.5216
long,1h_current_volume_ratio,57.919206,lte,5.0763,20.1815,5.3845,17.5216
long,1h_current_volume_ratio,60.429728,lte,5.0763,20.1815,5.3845,17.5216
long,1h_current_volume_ratio,62.94025,lte,5.0763,20.1815,5.3845,17.5216
long,1h_current_volume_ratio,65.450772,lte,5.0763,20.1815,5.3845,17.5216
long,1h_current_volume_ratio,67.961294,lte,5.0763,20.1815,5.3845,17.5216
long,1h_current_volume_ratio,70.471816,lte,5.0763,20.1815,5.3845,17.5216
long,1h_current_volume_ratio,72.982338,lte,5.0763,20.1815,5.3845,17.5216
long,1h_current_volume_ratio,75.49286,lte,5.0763,20.1815,5.3845,17.5216
long,1h_current_volume_ratio,78.003382,lte,5.0763,20.1815,5.3845,17.5216
long,1h_current_volume_ratio,80.513904,lte,5.0763,20.1815,5.3845,17.5216
long,1h_current_volume_ratio,83.024426,lte,5.0763,20.1815,5.3845,17.5216
long,1h_current_volume_ratio,85.534948,lte,5.0763,20.1815,5.3845,17.5216
long,1h_current_volume_ratio,88.04547,lte,5.0763,20.1815,5.3845,17.5216
long,1h_current_volume_ratio,90.555992,lte,5.0763,20.1815,5.3845,17.5216
long,1h_current_volume_ratio,93.066514,lte,5.0763,20.1815,5.3845,17.5216
long,1h_current_volume_ratio,95.577036,lte,5.0763,20.1815,5.3845,17.5216
long,1h_current_volume_ratio,98.087558,lte,5.0763,20.1815,5.3845,17.5216
long,1h_current_volume_ratio,100.59808,lte,5.0763,20.1815,5.3845,17.5216
long,1h_current_volume_ratio,103.108602,lte,5.0763,20.1815,5.3845,17.5216
long,1h_current_volume_ratio,105.619124,lte,5.0763,20.1815,5.3845,17.5216
long,1h_current_volume_ratio,108.129646,lte,5.0763,20.1815,5.3845,17.5216
long,1h_current_volume_ratio,110.640168,lte,5.0763,20.1815,5.3845,17.5216
long,1h_current_volume_ratio,113.15069,lte,5.0763,20.1815,5.3845,17.5216
long,1h_current_volume_ratio,115.661212,lte,5.0763,20.1815,5.3845,17.5216
long,1h_current_volume_ratio,118.171734,lte,5.0763,20.1815,5.3845,17.5216
long,1h_current_volume_ratio,120.682256,lte,5.0763,20.1815,5.3845,17.5216
long,1h_current_volume_ratio,123.192778,lte,5.0763,20.1815,5.3845,17.5216
long,1h_current_volume_ratio,125.7033,lte,5.0931,0.0,5.398,0.0
long,1h_previous_body_pct,0.0,gte,5.0931,0.0,5.398,0.0
long,1h_previous_body_pct,0.554832,gte,5.3279,3.9334,5.5015,4.8868
long,1h_previous_body_pct,1.109664,gte,5.6122,3.967,5.8283,4.4645
long,1h_previous_body_pct,1.664496,gte,5.7317,4.2123,5.7894,4.8582
long,1h_previous_body_pct,2.219328,gte,6.2832,4.0311,6.2632,4.626
long,1h_previous_body_pct,2.77416,gte,6.3789,4.2588,6.216,4.8672
long,1h_previous_body_pct,3.328992,gte,6.7731,4.2362,6.5464,4.8122
long,1h_previous_body_pct,3.883824,gte,6.9007,4.3514,7.168,4.6717
long,1h_previous_body_pct,4.438656,gte,7.0731,4.4804,7.5436,4.734
long,1h_previous_body_pct,4.993488,gte,7.389,4.5248,7.7573,4.8139
long,1h_previous_body_pct,5.54832,gte,7.4241,4.6024,7.5498,4.945
long,1h_previous_body_pct,6.103152,gte,7.6161,4.677,7.5184,5.0483
long,1h_previous_body_pct,6.657984,gte,7.0453,4.8231,6.9273,5.1865
long,1h_previous_body_pct,7.212816,gte,7.4959,4.8119,6.9939,5.2112
long,1h_previous_body_pct,7.767648,gte,7.8116,4.8011,7.2128,5.2031
long,1h_previous_body_pct,8.32248,gte,7.486,4.8875,5.923,5.3529
long,1h_previous_body_pct,8.877312,gte,7.3925,4.9165,6.3203,5.3272
long,1h_previous_body_pct,9.432144,gte,7.2266,4.9592,6.262,5.3438
long,1h_previous_body_pct,9.986976,gte,7.5288,4.9554,6.3197,5.3459
long,1h_previous_body_pct,10.541808,gte,7.4944,4.9663,6.5547,5.3369
long,1h_previous_body_pct,11.09664,gte,6.4686,5.0289,6.2047,5.3604
long,1h_previous_body_pct,11.651472,gte,6.5344,5.0346,5.7416,5.3841
long,1h_previous_body_pct,12.206304,gte,7.0793,5.0291,7.6338,5.326
long,1h_previous_body_pct,12.761136,gte,7.8641,5.0137,8.306,5.3146
long,1h_previous_body_pct,13.315968,gte,9.464,5.0036,7.5033,5.3549
long,1h_previous_body_pct,13.8708,gte,10.6855,4.9916,8.76,5.337
long,1h_previous_body_pct,14.425632,gte,9.2005,5.0327,4.481,5.4115
long,1h_previous_body_pct,14.980464,gte,9.6445,5.0314,4.3677,5.412
long,1h_previous_body_pct,15.535296,gte,9.6445,5.0314,4.3677,5.412
long,1h_previous_body_pct,16.090128,gte,12.2615,5.0123,6.4233,5.3865
long,1h_previous_body_pct,16.64496,gte,9.6146,5.0473,1.8235,5.4342
long,1h_previous_body_pct,17.199792,gte,9.6146,5.0473,1.8235,5.4342
long,1h_previous_body_pct,17.754624,gte,9.5601,5.0529,3.0961,5.4187
long,1h_previous_body_pct,18.309456,gte,12.5456,5.0345,6.9206,5.386
long,1h_previous_body_pct,18.864288,gte,12.8498,5.0409,7.0857,5.3867
long,1h_previous_body_pct,19.41912,gte,11.5535,5.0642,7.4165,5.389
long,1h_previous_body_pct,19.973952,gte,12.8585,5.0671,8.1969,5.3886
long,1h_previous_body_pct,20.528784,gte,12.8585,5.0671,8.1969,5.3886
long,1h_previous_body_pct,21.083616,gte,13.3574,5.0747,2.5456,5.4044
long,1h_previous_body_pct,21.638448,gte,13.3574,5.0747,2.5456,5.4044
long,1h_previous_body_pct,22.19328,gte,13.3574,5.0747,2.5456,5.4044
long,1h_previous_body_pct,22.748112,gte,13.3574,5.0747,2.5456,5.4044
long,1h_previous_body_pct,23.302944,gte,13.3574,5.0747,2.5456,5.4044
long,1h_previous_body_pct,23.857776,gte,13.3574,5.0747,2.5456,5.4044
long,1h_previous_body_pct,24.412608,gte,13.3574,5.0747,2.5456,5.4044
long,1h_previous_body_pct,24.96744,gte,13.3574,5.0747,2.5456,5.4044
long,1h_previous_body_pct,25.522272,gte,7.1107,5.0909,-11.1811,5.4165
long,1h_previous_body_pct,26.077104,gte,7.1107,5.0909,-11.1811,5.4165
long,1h_previous_body_pct,26.631936,gte,7.1107,5.0909,-11.1811,5.4165
long,1h_previous_body_pct,27.186768,gte,7.1107,5.0909,-11.1811,5.4165
long,1h_previous_body_pct,27.7416,gte,7.1107,5.0909,-11.1811,5.4165
long,1h_previous_body_pct,0.0,lte,0.75,5.1077,4.1769,5.4021
long,1h_previous_body_pct,0.554832,lte,3.9334,5.3279,4.8868,5.5015
long,1h_previous_body_pct,1.109664,lte,3.967,5.6122,4.4645,5.8283
long,1h_previous_body_pct,1.664496,lte,4.2123,5.7317,4.8582,5.7894
long,1h_previous_body_pct,2.219328,lte,4.0311,6.2832,4.626,6.2632
long,1h_previous_body_pct,2.77416,lte,4.2588,6.3789,4.8672,6.216
long,1h_previous_body_pct,3.328992,lte,4.2362,6.7731,4.8122,6.5464
long,1h_previous_body_pct,3.883824,lte,4.3514,6.9007,4.6717,7.168
long,1h_previous_body_pct,4.438656,lte,4.4804,7.0731,4.734,7.5436
long,1h_previous_body_pct,4.993488,lte,4.5248,7.389,4.8139,7.7573
long,1h_previous_body_pct,5.54832,lte,4.6024,7.4241,4.945,7.5498
long,1h_previous_body_pct,6.103152,lte,4.677,7.6161,5.0483,7.5184
long,1h_previous_body_pct,6.657984,lte,4.8231,7.0453,5.1865,6.9273
long,1h_previous_body_pct,7.212816,lte,4.8119,7.4959,5.2112,6.9939
long,1h_previous_body_pct,7.767648,lte,4.8011,7.8116,5.2031,7.2128
long,1h_previous_body_pct,8.32248,lte,4.8875,7.486,5.3529,5.923
long,1h_previous_body_pct,8.877312,lte,4.9165,7.3925,5.3272,6.3203
long,1h_previous_body_pct,9.432144,lte,4.9592,7.2266,5.3438,6.262
long,1h_previous_body_pct,9.986976,lte,4.9554,7.5288,5.3459,6.3197
long,1h_previous_body_pct,10.541808,lte,4.9663,7.4944,5.3369,6.5547
long,1h_previous_body_pct,11.09664,lte,5.0289,6.4686,5.3604,6.2047
long,1h_previous_body_pct,11.651472,lte,5.0346,6.5344,5.3841,5.7416
long,1h_previous_body_pct,12.206304,lte,5.0291,7.0793,5.326,7.6338
long,1h_previous_body_pct,12.761136,lte,5.0137,7.8641,5.3146,8.306
long,1h_previous_body_pct,13.315968,lte,5.0036,9.464,5.3549,7.5033
long,1h_previous_body_pct,13.8708,lte,4.9916,10.6855,5.337,8.76
long,1h_previous_body_pct,14.425632,lte,5.0327,9.2005,5.4115,4.481
long,1h_previous_body_pct,14.980464,lte,5.0314,9.6445,5.412,4.3677
long,1h_previous_body_pct,15.535296,lte,5.0314,9.6445,5.412,4.3677
long,1h_previous_body_pct,16.090128,lte,5.0123,12.2615,5.3865,6.4233
long,1h_previous_body_pct,16.64496,lte,5.0473,9.6146,5.4342,1.8235
long,1h_previous_body_pct,17.199792,lte,5.0473,9.6146,5.4342,1.8235
long,1h_previous_body_pct,17.754624,lte,5.0529,9.5601,5.4187,3.0961
long,1h_previous_body_pct,18.309456,lte,5.0345,12.5456,5.386,6.9206
long,1h_previous_body_pct,18.864288,lte,5.0409,12.8498,5.3867,7.0857
long,1h_previous_body_pct,19.41912,lte,5.0642,11.5535,5.389,7.4165
long,1h_previous_body_pct,19.973952,lte,5.0671,12.8585,5.3886,8.1969
long,1h_previous_body_pct,20.528784,lte,5.0671,12.8585,5.3886,8.1969
long,1h_previous_body_pct,21.083616,lte,5.0747,13.3574,5.4044,2.5456
long,1h_previous_body_pct,21.638448,lte,5.0747,13.3574,5.4044,2.5456
long,1h_previous_body_pct,22.19328,lte,5.0747,13.3574,5.4044,2.5456
long,1h_previous_body_pct,22.748112,lte,5.0747,13.3574,5.4044,2.5456
long,1h_previous_body_pct,23.302944,lte,5.0747,13.3574,5.4044,2.5456
long,1h_previous_body_pct,23.857776,lte,5.0747,13.3574,5.4044,2.5456
long,1h_previous_body_pct,24.412608,lte,5.0747,13.3574,5.4044,2.5456
long,1h_previous_body_pct,24.96744,lte,5.0747,13.3574,5.4044,2.5456
long,1h_previous_body_pct,25.522272,lte,5.0909,7.1107,5.4165,-11.1811
long,1h_previous_body_pct,26.077104,lte,5.0909,7.1107,5.4165,-11.1811
long,1h_previous_body_pct,26.631936,lte,5.0909,7.1107,5.4165,-11.1811
long,1h_previous_body_pct,27.186768,lte,5.0909,7.1107,5.4165,-11.1811
long,1h_previous_body_pct,27.7416,lte,5.0931,0.0,5.398,0.0
long,1h_previous_close_position,0.0,gte,5.0931,0.0,5.398,0.0
long,1h_previous_close_position,0.02,gte,5.0839,6.4627,5.38,8.0708
long,1h_previous_close_position,0.04,gte,5.0603,6.6104,5.3431,7.9354
long,1h_previous_close_position,0.06,gte,5.064,5.7891,5.3529,6.4773
long,1h_previous_close_position,0.08,gte,5.1062,4.8617,5.432,4.7972
long,1h_previous_close_position,0.1,gte,5.1128,4.819,5.4779,4.2835
long,1h_previous_close_position,0.12,gte,5.099,5.0255,5.4673,4.6043
long,1h_previous_close_position,0.14,gte,5.099,5.0371,5.474,4.6717
long,1h_previous_close_position,0.16,gte,5.1296,4.8178,5.513,4.5308
long,1h_previous_close_position,0.18,gte,5.1135,4.9613,5.4897,4.8045
long,1h_previous_close_position,0.2,gte,5.1189,4.9453,5.4996,4.8147
long,1h_previous_close_position,0.22,gte,5.1092,5.0069,5.4668,5.0291
long,1h_previous_close_position,0.24,gte,5.0969,5.0753,5.4279,5.2563
long,1h_previous_close_position,0.26,gte,5.0766,5.1643,5.4087,5.352
long,1h_previous_close_position,0.28,gte,5.046,5.2745,5.4491,5.2015
long,1h_previous_close_position,0.3,gte,5.045,5.2576,5.4346,5.2728
long,1h_previous_close_position,0.32,gte,5.0345,5.2781,5.3954,5.4063
long,1h_previous_close_position,0.34,gte,5.052,5.2138,5.3683,5.4853
long,1h_previous_close_position,0.36,gte,5.0344,5.2522,5.3915,5.4156
long,1h_previous_close_position,0.38,gte,5.0265,5.2574,5.3812,5.4393
long,1h_previous_close_position,0.4,gte,5.049,5.1946,5.4199,5.3478
long,1h_previous_close_position,0.42,gte,5.0754,5.1308,5.3931,5.4084
long,1h_previous_close_position,0.44,gte,5.1256,5.0292,5.4645,5.2671
long,1h_previous_close_position,0.46,gte,5.1124,5.0585,5.4734,5.2621
long,1h_previous_close_position,0.48,gte,5.113,5.0596,5.4643,5.2864
long,1h_previous_close_position,0.5,gte,5.1722,4.9684,5.5227,5.2014
long,1h_previous_close_position,0.52,gte,5.3261,4.7552,5.6485,5.0346
long,1h_previous_close_position,0.54,gte,5.2873,4.8384,5.5845,5.1534
long,1h_previous_close_position,0.56,gte,5.2873,4.8562,5.5414,5.223
long,1h_previous_close_position,0.58,gte,5.3251,4.8309,5.5262,5.2531
long,1h_previous_close_position,0.6,gte,5.3014,4.8835,5.5724,5.2225
long,1h_previous_close_position,0.62,gte,5.3627,4.8359,5.669,5.1394
long,1h_previous_close_position,0.64,gte,5.3892,4.8278,5.6726,5.1519
long,1h_previous_close_position,0.66,gte,5.2694,4.9427,5.648,5.1847
long,1h_previous_close_position,0.68,gte,5.2439,4.975,5.614,5.2288
long,1h_previous_close_position,0.7,gte,5.3352,4.9185,5.6685,5.2028
long,1h_previous_close_position,0.72,gte,5.5378,4.7978,5.9165,5.0537
long,1h_previous_close_position,0.74,gte,5.6773,4.7399,6.0365,5.0119
long,1h_previous_close_position,0.76,gte,5.7088,4.7517,6.0819,5.0187
long,1h_previous_close_position,0.78,gte,5.83,4.7357,6.1361,5.04
long,1h_previous_close_position,0.8,gte,5.8795,4.7473,6.3886,4.9624
long,1h_previous_close_position,0.82,gte,5.881,4.7853,6.3974,5.0076
long,1h_previous_close_position,0.84,gte,5.8314,4.8311,6.3568,5.0577
long,1h_previous_close_position,0.86,gte,5.9476,4.8368,6.4925,5.0697
long,1h_previous_close_position,0.88,gte,6.0314,4.851,6.4579,5.1245
long,1h_previous_close_position,0.9,gte,5.8591,4.9454,6.6886,5.1492
long,1h_previous_close_position,0.92,gte,5.721,5.0099,7.0856,5.1743
long,1h_previous_close_position,0.94,gte,6.2432,4.9882,7.0234,5.2497
long,1h_previous_close_position,0.96,gte,5.8621,5.0477,5.4492,5.395
long,1h_previous_close_position,0.98,gte,5.9403,5.0797,6.7576,5.3765
long,1h_previous_close_position,1.0,gte,3.3414,5.099,3.1779,5.4055
long,1h_previous_close_position,0.0,lte,-2.3385,5.1014,-4.2618,5.4088
long,1h_previous_close_position,0.02,lte,6.4627,5.0839,8.0708,5.38
long,1h_previous_close_position,0.04,lte,6.6104,5.0603,7.9354,5.3431
long,1h_previous_close_position,0.06,lte,5.7891,5.064,6.4773,5.3529
long,1h_previous_close_position,0.08,lte,4.8617,5.1062,4.7972,5.432
long,1h_previous_close_position,0.1,lte,4.819,5.1128,4.2835,5.4779
long,1h_previous_close_position,0.12,lte,5.0255,5.099,4.6043,5.4673
long,1h_previous_close_position,0.14,lte,5.0371,5.099,4.6717,5.474
long,1h_previous_close_position,0.16,lte,4.8178,5.1296,4.5308,5.513
long,1h_previous_close_position,0.18,lte,4.9613,5.1135,4.8045,5.4897
long,1h_previous_close_position,0.2,lte,4.9453,5.1189,4.8147,5.4996
long,1h_previous_close_position,0.22,lte,5.0069,5.1092,5.0291,5.4668
long,1h_previous_close_position,0.24,lte,5.0753,5.0969,5.2563,5.4279
long,1h_previous_close_position,0.26,lte,5.1643,5.0766,5.352,5.4087
long,1h_previous_close_position,0.28,lte,5.2745,5.046,5.2015,5.4491
long,1h_previous_close_position,0.3,lte,5.2759,5.0393,5.2723,5.435
long,1h_previous_close_position,0.32,lte,5.2781,5.0345,5.4063,5.3954
long,1h_previous_close_position,0.34,lte,5.2138,5.052,5.4853,5.3683
long,1h_previous_close_position,0.36,lte,5.2522,5.0344,5.4156,5.3915
long,1h_previous_close_position,0.38,lte,5.2574,5.0265,5.4393,5.3812
long,1h_previous_close_position,0.4,lte,5.1636,5.0623,5.3247,5.4301
long,1h_previous_close_position,0.42,lte,5.1308,5.0754,5.4084,5.3931
long,1h_previous_close_position,0.44,lte,5.0292,5.1256,5.2671,5.4645
long,1h_previous_close_position,0.46,lte,5.0585,5.1124,5.2621,5.4734
long,1h_previous_close_position,0.48,lte,5.0596,5.113,5.2864,5.4643
long,1h_previous_close_position,0.5,lte,4.943,5.1897,5.18,5.5382
long,1h_previous_close_position,0.52,lte,4.7552,5.3261,5.0346,5.6485
long,1h_previous_close_position,0.54,lte,4.8334,5.292,5.1536,5.5852
long,1h_previous_close_position,0.56,lte,4.8562,5.2873,5.223,5.5414
long,1h_previous_close_position,0.58,lte,4.8309,5.3251,5.2531,5.5262
long,1h_previous_close_position,0.6,lte,4.8847,5.3011,5.2105,5.5851
long,1h_previous_close_position,0.62,lte,4.8359,5.3627,5.1394,5.669
long,1h_previous_close_position,0.64,lte,4.8278,5.3892,5.1519,5.6726
long,1h_previous_close_position,0.66,lte,4.9427,5.2694,5.1847,5.648
long,1h_previous_close_position,0.68,lte,4.975,5.2439,5.2288,5.614
long,1h_previous_close_position,0.7,lte,4.9205,5.3335,5.1994,5.6746
long,1h_previous_close_position,0.72,lte,4.7978,5.5378,5.0537,5.9165
long,1h_previous_close_position,0.74,lte,4.7399,5.6773,5.0119,6.0365
long,1h_previous_close_position,0.76,lte,4.736,5.7402,5.0074,6.1058
long,1h_previous_close_position,0.78,lte,4.7196,5.867,5.0193,6.1827
long,1h_previous_close_position,0.8,lte,4.786,5.8063,4.9766,6.3766
long,1h_previous_close_position,0.82,lte,4.7853,5.881,5.0076,6.3974
long,1h_previous_close_position,0.84,lte,4.841,5.8074,5.0647,6.3424
long,1h_previous_close_position,0.86,lte,4.8368,5.9476,5.0697,6.4925
long,1h_previous_close_position,0.88,lte,4.851,6.0314,5.1245,6.4579
long,1h_previous_close_position,0.9,lte,4.937,5.9165,5.1397,6.76
long,1h_previous_close_position,0.92,lte,5.0018,5.7894,5.1663,7.1646
long,1h_previous_close_position,0.94,lte,4.9882,6.2432,5.2497,7.0234
long,1h_previous_close_position,0.96,lte,5.0801,5.3237,5.4421,4.6175
long,1h_previous_close_position,0.98,lte,5.0797,5.9403,5.3765,6.7576
long,1h_previous_close_position,1.0,lte,5.0931,0.0,5.398,0.0
long,1h_previous_compression,0.0,gte,5.0931,0.0,5.398,0.0
long,1h_previous_compression,1.9,gte,3.756,5.2313,4.2407,5.5176
long,1h_previous_compression,3.8,gte,4.5028,5.1207,5.0781,5.413
long,1h_previous_compression,5.7,gte,4.8039,5.1038,5.325,5.4007
long,1h_previous_compression,7.6,gte,4.5081,5.1078,5.5416,5.3944
long,1h_previous_compression,9.5,gte,5.5619,5.0841,6.4449,5.3778
long,1h_previous_compression,11.4,gte,4.108,5.1076,4.3342,5.4137
long,1h_previous_compression,13.3,gte,5.0444,5.0937,5.1877,5.4004
long,1h_previous_compression,15.2,gte,6.7403,5.082,5.6299,5.3965
long,1h_previous_compression,17.1,gte,9.2348,5.0746,7.2191,5.3899
long,1h_previous_compression,19.0,gte,6.8734,5.0872,5.3099,5.3983
long,1h_previous_compression,0.0,lte,5.3418,3.7484,5.7012,3.7585
long,1h_previous_compression,1.9,lte,5.2313,3.756,5.5176,4.2407
long,1h_previous_compression,3.8,lte,5.1207,4.5028,5.413,5.0781
long,1h_previous_compression,5.7,lte,5.1038,4.8039,5.4007,5.325
long,1h_previous_compression,7.6,lte,5.1078,4.5081,5.3944,5.5416
long,1h_previous_compression,9.5,lte,5.0841,5.5619,5.3778,6.4449
long,1h_previous_compression,11.4,lte,5.1076,4.108,5.4137,4.3342
long,1h_previous_compression,13.3,lte,5.0937,5.0444,5.4004,5.1877
long,1h_previous_compression,15.2,lte,5.082,6.7403,5.3965,5.6299
long,1h_previous_compression,17.1,lte,5.0746,9.2348,5.3899,7.2191
long,1h_previous_compression,19.0,lte,5.0931,0.0,5.398,0.0
long,1h_previous_ma20_distance_pct,-15.3365,gte,5.0931,0.0,5.398,0.0
long,1h_previous_ma20_distance_pct,-13.51371,gte,5.0887,9.0863,5.3999,3.7404
long,1h_previous_ma20_distance_pct,-11.69092,gte,5.0755,13.0065,5.3721,16.9975
long,1h_previous_ma20_distance_pct,-9.86813,gte,5.0755,7.0575,5.3546,10.2244
long,1h_previous_ma20_distance_pct,-8.04534,gte,5.0268,9.6057,5.3227,10.5171
long,1h_previous_ma20_distance_pct,-6.22255,gte,5.0208,7.7234,5.3435,7.3798
long,1h_previous_ma20_distance_pct,-4.39976,gte,5.0402,6.1453,5.3844,5.6687
long,1h_previous_ma20_distance_pct,-2.57697,gte,5.0258,5.771,5.4216,5.1606
long,1h_previous_ma20_distance_pct,-0.75418,gte,5.1446,4.8411,5.6742,4.0443
long,1h_previous_ma20_distance_pct,1.06861,gte,5.3031,4.5587,5.8966,4.1289
long,1h_previous_ma20_distance_pct,2.8914,gte,5.5652,4.4207,6.3142,4.0931
long,1h_previous_ma20_distance_pct,4.71419,gte,5.8881,4.3546,6.6829,4.2044
long,1h_previous_ma20_distance_pct,6.53698,gte,6.091,4.4304,6.959,4.3613
long,1h_previous_ma20_distance_pct,8.35977,gte,6.5985,4.3885,7.4634,4.4312
long,1h_previous_ma20_distance_pct,10.18256,gte,7.1676,4.3525,7.8519,4.5219
long,1h_previous_ma20_distance_pct,12.00535,gte,7.3026,4.4914,7.6236,4.7919
long,1h_previous_ma20_distance_pct,13.82814,gte,7.7435,4.5352,8.1286,4.8232
long,1h_previous_ma20_distance_pct,15.65093,gte,8.1851,4.6064,8.8738,4.8509
long,1h_previous_ma20_distance_pct,17.47372,gte,8.1349,4.6986,8.3008,5.0215
long,1h_previous_ma20_distance_pct,19.29651,gte,7.9699,4.7998,8.5638,5.0752
long,1h_previous_ma20_distance_pct,21.1193,gte,8.2667,4.812,8.169,5.1525
long,1h_previous_ma20_distance_pct,22.94209,gte,8.082,4.8596,7.1603,5.2603
long,1h_previous_ma20_distance_pct,24.76488,gte,7.7852,4.9207,6.7329,5.3125
long,1h_previous_ma20_distance_pct,26.58767,gte,7.8221,4.932,7.1898,5.2922
long,1h_previous_ma20_distance_pct,28.41046,gte,8.0958,4.9345,7.6058,5.2814
long,1h_previous_ma20_distance_pct,30.23325,gte,7.5599,4.981,7.166,5.3177
long,1h_previous_ma20_distance_pct,32.05604,gte,6.1464,5.0542,5.811,5.3827
long,1h_previous_ma20_distance_pct,33.87883,gte,6.2947,5.0516,5.2558,5.4029
long,1h_previous_ma20_distance_pct,35.70162,gte,6.9224,5.0407,5.6783,5.39
long,1h_previous_ma20_distance_pct,37.52441,gte,6.6507,5.0521,5.8029,5.3874
long,1h_previous_ma20_distance_pct,39.3472,gte,6.3829,5.0622,5.3297,5.3997
long,1h_previous_ma20_distance_pct,41.16999,gte,5.1584,5.0918,3.7093,5.4326
long,1h_previous_ma20_distance_pct,42.99278,gte,4.4328,5.1059,1.8,5.4675
long,1h_previous_ma20_distance_pct,44.81557,gte,4.5295,5.1021,1.3819,5.4617
long,1h_previous_ma20_distance_pct,46.63836,gte,5.0452,5.0937,2.0861,5.4391
long,1h_previous_ma20_distance_pct,48.46115,gte,5.9657,5.0833,5.2853,5.3993
long,1h_previous_ma20_distance_pct,50.28394,gte,5.9657,5.0833,5.2853,5.3993
long,1h_previous_ma20_distance_pct,52.10673,gte,6.171,5.0822,5.8979,5.393
long,1h_previous_ma20_distance_pct,53.92952,gte,4.9546,5.0944,4.9186,5.4023
long,1h_previous_ma20_distance_pct,55.75231,gte,4.1309,5.1007,4.7741,5.4029
long,1h_previous_ma20_distance_pct,57.5751,gte,8.489,5.0741,12.663,5.3573
long,1h_previous_ma20_distance_pct,59.39789,gte,11.6917,5.0636,16.2106,5.3496
long,1h_previous_ma20_distance_pct,61.22068,gte,7.3745,5.088,-3.053,5.4169
long,1h_previous_ma20_distance_pct,63.04347,gte,7.1107,5.0909,-11.1811,5.4165
long,1h_previous_ma20_distance_pct,64.86626,gte,7.1107,5.0909,-11.1811,5.4165
long,1h_previous_ma20_distance_pct,66.68905,gte,7.1107,5.0909,-11.1811,5.4165
long,1h_previous_ma20_distance_pct,68.51184,gte,7.1107,5.0909,-11.1811,5.4165
long,1h_previous_ma20_distance_pct,70.33463,gte,7.1107,5.0909,-11.1811,5.4165
long,1h_previous_ma20_distance_pct,72.15742,gte,7.1107,5.0909,-11.1811,5.4165
long,1h_previous_ma20_distance_pct,73.98021,gte,7.1107,5.0909,-11.1811,5.4165
long,1h_previous_ma20_distance_pct,75.803,gte,7.1107,5.0909,-11.1811,5.4165
long,1h_previous_ma20_distance_pct,-15.3365,lte,9.0863,5.0887,3.7404,5.3999
long,1h_previous_ma20_distance_pct,-13.51371,lte,9.0863,5.0887,3.7404,5.3999
long,1h_previous_ma20_distance_pct,-11.69092,lte,13.0065,5.0755,16.9975,5.3721
long,1h_previous_ma20_distance_pct,-9.86813,lte,7.0575,5.0755,10.2244,5.3546
long,1h_previous_ma20_distance_pct,-8.04534,lte,9.6057,5.0268,10.5171,5.3227
long,1h_previous_ma20_distance_pct,-6.22255,lte,7.7234,5.0208,7.3798,5.3435
long,1h_previous_ma20_distance_pct,-4.39976,lte,6.1453,5.0402,5.6687,5.3844
long,1h_previous_ma20_distance_pct,-2.57697,lte,5.771,5.0258,5.1606,5.4216
long,1h_previous_ma20_distance_pct,-0.75418,lte,4.8411,5.1446,4.0443,5.6742
long,1h_previous_ma20_distance_pct,1.06861,lte,4.5587,5.3031,4.1289,5.8966
long,1h_previous_ma20_distance_pct,2.8914,lte,4.4207,5.5652,4.0931,6.3142
long,1h_previous_ma20_distance_pct,4.71419,lte,4.3546,5.8881,4.2044,6.6829
long,1h_previous_ma20_distance_pct,6.53698,lte,4.4304,6.091,4.3613,6.959
long,1h_previous_ma20_distance_pct,8.35977,lte,4.3885,6.5985,4.4312,7.4634
long,1h_previous_ma20_distance_pct,10.18256,lte,4.3525,7.1676,4.5219,7.8519
long,1h_previous_ma20_distance_pct,12.00535,lte,4.4914,7.3026,4.7919,7.6236
long,1h_previous_ma20_distance_pct,13.82814,lte,4.5352,7.7435,4.8232,8.1286
long,1h_previous_ma20_distance_pct,15.65093,lte,4.6064,8.1851,4.8509,8.8738
long,1h_previous_ma20_distance_pct,17.47372,lte,4.6986,8.1349,5.0215,8.3008
long,1h_previous_ma20_distance_pct,19.29651,lte,4.7998,7.9699,5.0752,8.5638
long,1h_previous_ma20_distance_pct,21.1193,lte,4.812,8.2667,5.1525,8.169
long,1h_previous_ma20_distance_pct,22.94209,lte,4.8596,8.082,5.2603,7.1603
long,1h_previous_ma20_distance_pct,24.76488,lte,4.9207,7.7852,5.3125,6.7329
long,1h_previous_ma20_distance_pct,26.58767,lte,4.932,7.8221,5.2922,7.1898
long,1h_previous_ma20_distance_pct,28.41046,lte,4.9345,8.0958,5.2814,7.6058
long,1h_previous_ma20_distance_pct,30.23325,lte,4.981,7.5599,5.3177,7.166
long,1h_previous_ma20_distance_pct,32.05604,lte,5.0542,6.1464,5.3827,5.811
long,1h_previous_ma20_distance_pct,33.87883,lte,5.0516,6.2947,5.4029,5.2558
long,1h_previous_ma20_distance_pct,35.70162,lte,5.0407,6.9224,5.39,5.6783
long,1h_previous_ma20_distance_pct,37.52441,lte,5.0521,6.6507,5.3874,5.8029
long,1h_previous_ma20_distance_pct,39.3472,lte,5.0622,6.3829,5.3997,5.3297
long,1h_previous_ma20_distance_pct,41.16999,lte,5.0918,5.1584,5.4326,3.7093
long,1h_previous_ma20_distance_pct,42.99278,lte,5.1059,4.4328,5.4675,1.8
long,1h_previous_ma20_distance_pct,44.81557,lte,5.1021,4.5295,5.4617,1.3819
long,1h_previous_ma20_distance_pct,46.63836,lte,5.0937,5.0452,5.4391,2.0861
long,1h_previous_ma20_distance_pct,48.46115,lte,5.0833,5.9657,5.3993,5.2853
long,1h_previous_ma20_distance_pct,50.28394,lte,5.0833,5.9657,5.3993,5.2853
long,1h_previous_ma20_distance_pct,52.10673,lte,5.0822,6.171,5.393,5.8979
long,1h_previous_ma20_distance_pct,53.92952,lte,5.0944,4.9546,5.4023,4.9186
long,1h_previous_ma20_distance_pct,55.75231,lte,5.1007,4.1309,5.4029,4.7741
long,1h_previous_ma20_distance_pct,57.5751,lte,5.0741,8.489,5.3573,12.663
long,1h_previous_ma20_distance_pct,59.39789,lte,5.0636,11.6917,5.3496,16.2106
long,1h_previous_ma20_distance_pct,61.22068,lte,5.088,7.3745,5.4169,-3.053
long,1h_previous_ma20_distance_pct,63.04347,lte,5.0909,7.1107,5.4165,-11.1811
long,1h_previous_ma20_distance_pct,64.86626,lte,5.0909,7.1107,5.4165,-11.1811
long,1h_previous_ma20_distance_pct,66.68905,lte,5.0909,7.1107,5.4165,-11.1811
long,1h_previous_ma20_distance_pct,68.51184,lte,5.0909,7.1107,5.4165,-11.1811
long,1h_previous_ma20_distance_pct,70.33463,lte,5.0909,7.1107,5.4165,-11.1811
long,1h_previous_ma20_distance_pct,72.15742,lte,5.0909,7.1107,5.4165,-11.1811
long,1h_previous_ma20_distance_pct,73.98021,lte,5.0909,7.1107,5.4165,-11.1811
long,1h_previous_ma20_distance_pct,75.803,lte,5.0931,0.0,5.398,0.0
long,1h_previous_range_pct,0.4675,gte,5.0931,0.0,5.398,0.0
long,1h_previous_range_pct,1.18692,gte,5.131,3.5885,5.439,3.7679
long,1h_previous_range_pct,1.90634,gte,5.2879,3.4489,5.6864,2.9631
long,1h_previous_range_pct,2.62576,gte,5.544,3.4699,5.9698,3.3395
long,1h_previous_range_pct,3.34518,gte,5.7231,3.7192,6.194,3.6622
long,1h_previous_range_pct,4.0646,gte,6.0708,3.6549,6.479,3.8078
long,1h_previous_range_pct,4.78402,gte,6.4053,3.7303,6.8582,3.8815
long,1h_previous_range_pct,5.50344,gte,6.7882,3.7165,7.2583,3.8873
long,1h_previous_range_pct,6.22286,gte,7.0472,3.8603,7.323,4.1835
long,1h_previous_range_pct,6.94228,gte,7.4906,3.9651,7.5918,4.3659
long,1h_previous_range_pct,7.6617,gte,7.6227,4.1157,7.8122,4.4652
long,1h_previous_range_pct,8.38112,gte,7.8931,4.2266,8.3088,4.4972
long,1h_previous_range_pct,9.10054,gte,8.4804,4.2663,8.8183,4.5631
long,1h_previous_range_pct,9.81996,gte,7.7344,4.567,7.733,4.9329
long,1h_previous_range_pct,10.53938,gte,7.6349,4.6892,7.5076,5.0628
long,1h_previous_range_pct,11.2588,gte,7.6347,4.7452,7.4633,5.1153
long,1h_previous_range_pct,11.97822,gte,7.5138,4.8131,7.655,5.137
long,1h_previous_range_pct,12.69764,gte,7.5111,4.8334,7.4183,5.181
long,1h_previous_range_pct,13.41706,gte,7.4226,4.8868,6.6649,5.2858
long,1h_previous_range_pct,14.13648,gte,7.7582,4.8884,6.6422,5.3024
long,1h_previous_range_pct,14.8559,gte,7.4571,4.9297,6.3583,5.3316
long,1h_previous_range_pct,15.57532,gte,7.3591,4.9594,5.8459,5.3716
long,1h_previous_range_pct,16.29474,gte,7.0501,4.9922,4.5269,5.443
long,1h_previous_range_pct,17.01416,gte,7.0706,5.0081,4.3504,5.4431
long,1h_previous_range_pct,17.73358,gte,5.5732,5.0748,3.5926,5.467
long,1h_previous_range_pct,18.453,gte,5.3102,5.0856,2.5523,5.4965
long,1h_previous_range_pct,19.17242,gte,5.0393,5.0949,2.7959,5.4819
long,1h_previous_range_pct,19.89184,gte,5.0004,5.0959,3.3101,5.4603
long,1h_previous_range_pct,20.61126,gte,5.271,5.0885,3.8809,5.4379
long,1h_previous_range_pct,21.33068,gte,5.0602,5.0939,2.8363,5.4594
long,1h_previous_range_pct,22.0501,gte,1.6674,5.1633,-0.8765,5.5265
long,1h_previous_range_pct,22.76952,gte,3.6885,5.1154,0.9095,5.4692
long,1h_previous_range_pct,23.48894,gte,4.2166,5.105,2.3886,5.4388
long,1h_previous_range_pct,24.20836,gte,7.6037,5.0648,7.3631,5.3759
long,1h_previous_range_pct,24.92778,gte,7.5998,5.0677,7.6173,5.3755
long,1h_previous_range_pct,25.6472,gte,7.0672,5.0754,6.1321,5.3914
long,1h_previous_range_pct,26.36662,gte,7.0672,5.0754,6.1321,5.3914
long,1h_previous_range_pct,27.08604,gte,7.3967,5.0802,2.8429,5.4123
long,1h_previous_range_pct,27.80546,gte,7.3967,5.0802,2.8429,5.4123
long,1h_previous_range_pct,28.52488,gte,9.0178,5.08,1.0996,5.4124
long,1h_previous_range_pct,29.2443,gte,9.0178,5.08,1.0996,5.4124
long,1h_previous_range_pct,29.96372,gte,9.0178,5.08,1.0996,5.4124
long,1h_previous_range_pct,30.68314,gte,3.7247,5.0962,-6.4868,5.4246
long,1h_previous_range_pct,31.40256,gte,3.7247,5.0962,-6.4868,5.4246
long,1h_previous_range_pct,32.12198,gte,7.1107,5.0909,-11.1811,5.4165
long,1h_previous_range_pct,32.8414,gte,7.1107,5.0909,-11.1811,5.4165
long,1h_previous_range_pct,33.56082,gte,7.1107,5.0909,-11.1811,5.4165
long,1h_previous_range_pct,34.28024,gte,7.1107,5.0909,-11.1811,5.4165
long,1h_previous_range_pct,34.99966,gte,7.1107,5.0909,-11.1811,5.4165
long,1h_previous_range_pct,35.71908,gte,7.1107,5.0909,-11.1811,5.4165
long,1h_previous_range_pct,36.4385,gte,7.1107,5.0909,-11.1811,5.4165
long,1h_previous_range_pct,0.4675,lte,14.8,5.0823,12.3846,5.3902
long,1h_previous_range_pct,1.18692,lte,3.5885,5.131,3.7679,5.439
long,1h_previous_range_pct,1.90634,lte,3.4489,5.2879,2.9631,5.6864
long,1h_previous_range_pct,2.62576,lte,3.4699,5.544,3.3395,5.9698
long,1h_previous_range_pct,3.34518,lte,3.7192,5.7231,3.6622,6.194
long,1h_previous_range_pct,4.0646,lte,3.6549,6.0708,3.8078,6.479
long,1h_previous_range_pct,4.78402,lte,3.7303,6.4053,3.8815,6.8582
long,1h_previous_range_pct,5.50344,lte,3.7165,6.7882,3.8873,7.2583
long,1h_previous_range_pct,6.22286,lte,3.8603,7.0472,4.1835,7.323
long,1h_previous_range_pct,6.94228,lte,3.9651,7.4906,4.3659,7.5918
long,1h_previous_range_pct,7.6617,lte,4.1157,7.6227,4.4652,7.8122
long,1h_previous_range_pct,8.38112,lte,4.2266,7.8931,4.4972,8.3088
long,1h_previous_range_pct,9.10054,lte,4.2663,8.4804,4.5631,8.8183
long,1h_previous_range_pct,9.81996,lte,4.567,7.7344,4.9329,7.733
long,1h_previous_range_pct,10.53938,lte,4.6892,7.6349,5.0628,7.5076
long,1h_previous_range_pct,11.2588,lte,4.7452,7.6347,5.1153,7.4633
long,1h_previous_range_pct,11.97822,lte,4.8131,7.5138,5.137,7.655
long,1h_previous_range_pct,12.69764,lte,4.8334,7.5111,5.181,7.4183
long,1h_previous_range_pct,13.41706,lte,4.8868,7.4226,5.2858,6.6649
long,1h_previous_range_pct,14.13648,lte,4.8884,7.7582,5.3024,6.6422
long,1h_previous_range_pct,14.8559,lte,4.9297,7.4571,5.3316,6.3583
long,1h_previous_range_pct,15.57532,lte,4.9594,7.3591,5.3716,5.8459
long,1h_previous_range_pct,16.29474,lte,4.9922,7.0501,5.443,4.5269
long,1h_previous_range_pct,17.01416,lte,5.0081,7.0706,5.4431,4.3504
long,1h_previous_range_pct,17.73358,lte,5.0748,5.5732,5.467,3.5926
long,1h_previous_range_pct,18.453,lte,5.0856,5.3102,5.4965,2.5523
long,1h_previous_range_pct,19.17242,lte,5.0949,5.0393,5.4819,2.7959
long,1h_previous_range_pct,19.89184,lte,5.0959,5.0004,5.4603,3.3101
long,1h_previous_range_pct,20.61126,lte,5.0885,5.271,5.4379,3.8809
long,1h_previous_range_pct,21.33068,lte,5.0939,5.0602,5.4594,2.8363
long,1h_previous_range_pct,22.0501,lte,5.1633,1.6674,5.5265,-0.8765
long,1h_previous_range_pct,22.76952,lte,5.1154,3.6885,5.4692,0.9095
long,1h_previous_range_pct,23.48894,lte,5.105,4.2166,5.4388,2.3886
long,1h_previous_range_pct,24.20836,lte,5.0648,7.6037,5.3759,7.3631
long,1h_previous_range_pct,24.92778,lte,5.0677,7.5998,5.3755,7.6173
long,1h_previous_range_pct,25.6472,lte,5.0754,7.0672,5.3914,6.1321
long,1h_previous_range_pct,26.36662,lte,5.0754,7.0672,5.3914,6.1321
long,1h_previous_range_pct,27.08604,lte,5.0802,7.3967,5.4123,2.8429
long,1h_previous_range_pct,27.80546,lte,5.0802,7.3967,5.4123,2.8429
long,1h_previous_range_pct,28.52488,lte,5.08,9.0178,5.4124,1.0996
long,1h_previous_range_pct,29.2443,lte,5.08,9.0178,5.4124,1.0996
long,1h_previous_range_pct,29.96372,lte,5.08,9.0178,5.4124,1.0996
long,1h_previous_range_pct,30.68314,lte,5.0962,3.7247,5.4246,-6.4868
long,1h_previous_range_pct,31.40256,lte,5.0962,3.7247,5.4246,-6.4868
long,1h_previous_range_pct,32.12198,lte,5.0909,7.1107,5.4165,-11.1811
long,1h_previous_range_pct,32.8414,lte,5.0909,7.1107,5.4165,-11.1811
long,1h_previous_range_pct,33.56082,lte,5.0909,7.1107,5.4165,-11.1811
long,1h_previous_range_pct,34.28024,lte,5.0909,7.1107,5.4165,-11.1811
long,1h_previous_range_pct,34.99966,lte,5.0909,7.1107,5.4165,-11.1811
long,1h_previous_range_pct,35.71908,lte,5.0909,7.1107,5.4165,-11.1811
long,1h_previous_range_pct,36.4385,lte,5.0931,0.0,5.398,0.0
long,1h_previous_return_pct,-16.0564,gte,5.0931,0.0,5.398,0.0
long,1h_previous_return_pct,-15.18044,gte,5.0849,12.4782,5.3766,24.5522
long,1h_previous_return_pct,-14.30448,gte,5.0849,12.4782,5.3766,24.5522
long,1h_previous_return_pct,-13.42852,gte,5.077,12.3299,5.3679,18.8652
long,1h_previous_return_pct,-12.55256,gte,5.0822,7.0453,5.3617,11.8725
long,1h_previous_return_pct,-11.6766,gte,5.1135,3.081,5.421,3.1354
long,1h_previous_return_pct,-10.80064,gte,5.0905,5.3014,5.3956,5.5907
long,1h_previous_return_pct,-9.92468,gte,5.0905,5.3014,5.3956,5.5907
long,1h_previous_return_pct,-9.04872,gte,5.0898,5.2911,5.3876,6.0116
long,1h_previous_return_pct,-8.17276,gte,5.0818,5.5908,5.3927,5.6308
long,1h_previous_return_pct,-7.2968,gte,5.0686,5.9867,5.3693,6.4441
long,1h_previous_return_pct,-6.42084,gte,5.0447,6.493,5.2988,8.2644
long,1h_previous_return_pct,-5.54488,gte,5.028,6.4895,5.2707,8.1249
long,1h_previous_return_pct,-4.66892,gte,5.0165,6.266,5.259,7.5256
long,1h_previous_return_pct,-3.79296,gte,5.0106,5.9475,5.2982,6.4316
long,1h_previous_return_pct,-2.917,gte,5.0214,5.6521,5.3314,5.9173
long,1h_previous_return_pct,-2.04104,gte,5.0493,5.3383,5.4064,5.3509
long,1h_previous_return_pct,-1.16508,gte,5.0745,5.1538,5.4063,5.371
long,1h_previous_return_pct,-0.28912,gte,5.2666,4.7662,5.5155,5.1767
long,1h_previous_return_pct,0.58684,gte,5.499,4.6444,5.6363,5.1346
long,1h_previous_return_pct,1.4628,gte,5.8896,4.5492,5.9864,4.9962
long,1h_previous_return_pct,2.33876,gte,6.7489,4.3221,6.5703,4.8521
long,1h_previous_return_pct,3.21472,gte,7.1996,4.4168,6.7759,4.9556
long,1h_previous_return_pct,4.09068,gte,7.5777,4.4952,7.7928,4.8217
long,1h_previous_return_pct,4.96664,gte,7.6228,4.6605,7.4948,5.0394
long,1h_previous_return_pct,5.8426,gte,8.0948,4.708,7.3737,5.1445
long,1h_previous_return_pct,6.71856,gte,7.4037,4.8638,6.5866,5.28
long,1h_previous_return_pct,7.59452,gte,8.2788,4.836,7.3685,5.239
long,1h_previous_return_pct,8.47048,gte,7.5804,4.9432,5.2062,5.4096
long,1h_previous_return_pct,9.34644,gte,7.5856,4.9676,6.3872,5.3482
long,1h_previous_return_pct,10.2224,gte,8.2039,4.9706,6.8666,5.3402
long,1h_previous_return_pct,11.09836,gte,7.32,5.0161,6.8357,5.3483
long,1h_previous_return_pct,11.97432,gte,7.3088,5.0348,7.2372,5.3496
long,1h_previous_return_pct,12.85028,gte,8.0689,5.0253,7.4143,5.352
long,1h_previous_return_pct,13.72624,gte,10.4505,5.0082,7.3164,5.3676
long,1h_previous_return_pct,14.6022,gte,8.9274,5.0411,2.8084,5.4331
long,1h_previous_return_pct,15.47816,gte,9.3869,5.0398,2.5328,5.4336
long,1h_previous_return_pct,16.35412,gte,12.2615,5.0123,6.4233,5.3865
long,1h_previous_return_pct,17.23008,gte,9.5601,5.0529,3.0961,5.4187
long,1h_previous_return_pct,18.10604,gte,12.5456,5.0345,6.9206,5.386
long,1h_previous_return_pct,18.982,gte,12.8498,5.0409,7.0857,5.3867
long,1h_previous_return_pct,19.85796,gte,11.5535,5.0642,7.4165,5.389
long,1h_previous_return_pct,20.73392,gte,12.8585,5.0671,8.1969,5.3886
long,1h_previous_return_pct,21.60988,gte,13.3574,5.0747,2.5456,5.4044
long,1h_previous_return_pct,22.48584,gte,13.3574,5.0747,2.5456,5.4044
long,1h_previous_return_pct,23.3618,gte,13.3574,5.0747,2.5456,5.4044
long,1h_previous_return_pct,24.23776,gte,13.3574,5.0747,2.5456,5.4044
long,1h_previous_return_pct,25.11372,gte,13.3574,5.0747,2.5456,5.4044
long,1h_previous_return_pct,25.98968,gte,7.1107,5.0909,-11.1811,5.4165
long,1h_previous_return_pct,26.86564,gte,7.1107,5.0909,-11.1811,5.4165
long,1h_previous_return_pct,27.7416,gte,7.1107,5.0909,-11.1811,5.4165
long,1h_previous_return_pct,-16.0564,lte,12.4782,5.0849,24.5522,5.3766
long,1h_previous_return_pct,-15.18044,lte,12.4782,5.0849,24.5522,5.3766
long,1h_previous_return_pct,-14.30448,lte,12.4782,5.0849,24.5522,5.3766
long,1h_previous_return_pct,-13.42852,lte,12.3299,5.077,18.8652,5.3679
long,1h_previous_return_pct,-12.55256,lte,7.0453,5.0822,11.8725,5.3617
long,1h_previous_return_pct,-11.6766,lte,3.081,5.1135,3.1354,5.421
long,1h_previous_return_pct,-10.80064,lte,5.3014,5.0905,5.5907,5.3956
long,1h_previous_return_pct,-9.92468,lte,5.3014,5.0905,5.5907,5.3956
long,1h_previous_return_pct,-9.04872,lte,5.2911,5.0898,6.0116,5.3876
long,1h_previous_return_pct,-8.17276,lte,5.5908,5.0818,5.6308,5.3927
long,1h_previous_return_pct,-7.2968,lte,5.9867,5.0686,6.4441,5.3693
long,1h_previous_return_pct,-6.42084,lte,6.493,5.0447,8.2644,5.2988
long,1h_previous_return_pct,-5.54488,lte,6.4895,5.028,8.1249,5.2707
long,1h_previous_return_pct,-4.66892,lte,6.266,5.0165,7.5256,5.259
long,1h_previous_return_pct,-3.79296,lte,5.9475,5.0106,6.4316,5.2982
long,1h_previous_return_pct,-2.917,lte,5.6521,5.0214,5.9173,5.3314
long,1h_previous_return_pct,-2.04104,lte,5.3383,5.0493,5.3509,5.4064
long,1h_previous_return_pct,-1.16508,lte,5.1538,5.0745,5.371,5.4063
long,1h_previous_return_pct,-0.28912,lte,4.7662,5.2666,5.1767,5.5155
long,1h_previous_return_pct,0.58684,lte,4.6444,5.499,5.1346,5.6363
long,1h_previous_return_pct,1.4628,lte,4.5492,5.8896,4.9962,5.9864
long,1h_previous_return_pct,2.33876,lte,4.3221,6.7489,4.8521,6.5703
long,1h_previous_return_pct,3.21472,lte,4.4168,7.1996,4.9556,6.7759
long,1h_previous_return_pct,4.09068,lte,4.4952,7.5777,4.8217,7.7928
long,1h_previous_return_pct,4.96664,lte,4.6605,7.6228,5.0394,7.4948
long,1h_previous_return_pct,5.8426,lte,4.708,8.0948,5.1445,7.3737
long,1h_previous_return_pct,6.71856,lte,4.8638,7.4037,5.28,6.5866
long,1h_previous_return_pct,7.59452,lte,4.836,8.2788,5.239,7.3685
long,1h_previous_return_pct,8.47048,lte,4.9432,7.5804,5.4096,5.2062
long,1h_previous_return_pct,9.34644,lte,4.9676,7.5856,5.3482,6.3872
long,1h_previous_return_pct,10.2224,lte,4.9706,8.2039,5.3402,6.8666
long,1h_previous_return_pct,11.09836,lte,5.0161,7.32,5.3483,6.8357
long,1h_previous_return_pct,11.97432,lte,5.0348,7.3088,5.3496,7.2372
long,1h_previous_return_pct,12.85028,lte,5.0253,8.0689,5.352,7.4143
long,1h_previous_return_pct,13.72624,lte,5.0082,10.4505,5.3676,7.3164
long,1h_previous_return_pct,14.6022,lte,5.0411,8.9274,5.4331,2.8084
long,1h_previous_return_pct,15.47816,lte,5.0398,9.3869,5.4336,2.5328
long,1h_previous_return_pct,16.35412,lte,5.0123,12.2615,5.3865,6.4233
long,1h_previous_return_pct,17.23008,lte,5.0529,9.5601,5.4187,3.0961
long,1h_previous_return_pct,18.10604,lte,5.0345,12.5456,5.386,6.9206
long,1h_previous_return_pct,18.982,lte,5.0409,12.8498,5.3867,7.0857
long,1h_previous_return_pct,19.85796,lte,5.0642,11.5535,5.389,7.4165
long,1h_previous_return_pct,20.73392,lte,5.0671,12.8585,5.3886,8.1969
long,1h_previous_return_pct,21.60988,lte,5.0747,13.3574,5.4044,2.5456
long,1h_previous_return_pct,22.48584,lte,5.0747,13.3574,5.4044,2.5456
long,1h_previous_return_pct,23.3618,lte,5.0747,13.3574,5.4044,2.5456
long,1h_previous_return_pct,24.23776,lte,5.0747,13.3574,5.4044,2.5456
long,1h_previous_return_pct,25.11372,lte,5.0747,13.3574,5.4044,2.5456
long,1h_previous_return_pct,25.98968,lte,5.0909,7.1107,5.4165,-11.1811
long,1h_previous_return_pct,26.86564,lte,5.0909,7.1107,5.4165,-11.1811
long,1h_previous_return_pct,27.7416,lte,5.0931,0.0,5.398,0.0
long,1h_previous_volume_ratio,0.1012,gte,5.0931,0.0,5.398,0.0
long,1h_previous_volume_ratio,1.09065,gte,5.4233,4.7409,6.5025,4.2198
long,1h_previous_volume_ratio,2.0801,gte,5.7954,4.838,6.6408,4.9466
long,1h_previous_volume_ratio,3.06955,gte,6.2164,4.9096,6.439,5.2279
long,1h_previous_volume_ratio,4.059,gte,6.9779,4.901,6.7643,5.2587
long,1h_previous_volume_ratio,5.04845,gte,7.5943,4.888,7.5087,5.2249
long,1h_previous_volume_ratio,6.0379,gte,7.5381,4.9549,6.7955,5.319
long,1h_previous_volume_ratio,7.02735,gte,8.2019,4.9594,6.3505,5.357
long,1h_previous_volume_ratio,8.0168,gte,6.968,5.0305,5.2417,5.4032
long,1h_previous_volume_ratio,9.00625,gte,7.5507,5.0198,5.7493,5.3875
long,1h_previous_volume_ratio,9.9957,gte,7.6859,5.0249,6.1593,5.378
long,1h_previous_volume_ratio,10.98515,gte,8.7967,5.0173,7.1793,5.3615
long,1h_previous_volume_ratio,11.9746,gte,9.3709,5.0154,7.6385,5.3573
long,1h_previous_volume_ratio,12.96405,gte,10.0704,5.0142,7.9121,5.3582
long,1h_previous_volume_ratio,13.9535,gte,11.7866,5.01,9.8537,5.3427
long,1h_previous_volume_ratio,14.94295,gte,11.7866,5.01,9.8537,5.3427
long,1h_previous_volume_ratio,15.9324,gte,11.7866,5.01,9.8537,5.3427
long,1h_previous_volume_ratio,16.92185,gte,9.1799,5.0471,9.6184,5.3504
long,1h_previous_volume_ratio,17.9113,gte,10.1165,5.0479,8.9761,5.3658
long,1h_previous_volume_ratio,18.90075,gte,10.1165,5.0479,8.9761,5.3658
long,1h_previous_volume_ratio,19.8902,gte,11.4038,5.0435,9.8974,5.3626
long,1h_previous_volume_ratio,20.87965,gte,11.9452,5.047,10.4399,5.3641
long,1h_previous_volume_ratio,21.8691,gte,11.9452,5.047,10.4399,5.3641
long,1h_previous_volume_ratio,22.85855,gte,11.9452,5.047,10.4399,5.3641
long,1h_previous_volume_ratio,23.848,gte,14.0467,5.0429,14.2761,5.3483
long,1h_previous_volume_ratio,24.83745,gte,14.0114,5.0532,14.0082,5.3595
long,1h_previous_volume_ratio,25.8269,gte,17.3224,5.0521,15.6574,5.3636
long,1h_previous_volume_ratio,26.81635,gte,17.3224,5.0521,15.6574,5.3636
long,1h_previous_volume_ratio,27.8058,gte,17.3224,5.0521,15.6574,5.3636
long,1h_previous_volume_ratio,28.79525,gte,17.3224,5.0521,15.6574,5.3636
long,1h_previous_volume_ratio,29.7847,gte,17.3224,5.0521,15.6574,5.3636
long,1h_previous_volume_ratio,30.77415,gte,17.3224,5.0521,15.6574,5.3636
long,1h_previous_volume_ratio,31.7636,gte,17.3224,5.0521,15.6574,5.3636
long,1h_previous_volume_ratio,32.75305,gte,17.3224,5.0521,15.6574,5.3636
long,1h_previous_volume_ratio,33.7425,gte,15.8928,5.069,14.7253,5.3772
long,1h_previous_volume_ratio,34.73195,gte,15.8928,5.069,14.7253,5.3772
long,1h_previous_volume_ratio,35.7214,gte,15.8928,5.069,14.7253,5.3772
long,1h_previous_volume_ratio,36.71085,gte,15.8928,5.069,14.7253,5.3772
long,1h_previous_volume_ratio,37.7003,gte,19.6041,5.0769,16.2723,5.3859
long,1h_previous_volume_ratio,38.68975,gte,19.6041,5.0769,16.2723,5.3859
long,1h_previous_volume_ratio,39.6792,gte,19.6041,5.0769,16.2723,5.3859
long,1h_previous_volume_ratio,40.66865,gte,19.6041,5.0769,16.2723,5.3859
long,1h_previous_volume_ratio,41.6581,gte,19.6041,5.0769,16.2723,5.3859
long,1h_previous_volume_ratio,42.64755,gte,19.6041,5.0769,16.2723,5.3859
long,1h_previous_volume_ratio,43.637,gte,19.6041,5.0769,16.2723,5.3859
long,1h_previous_volume_ratio,44.62645,gte,19.6041,5.0769,16.2723,5.3859
long,1h_previous_volume_ratio,45.6159,gte,19.6041,5.0769,16.2723,5.3859
long,1h_previous_volume_ratio,46.60535,gte,19.6041,5.0769,16.2723,5.3859
long,1h_previous_volume_ratio,47.5948,gte,19.6041,5.0769,16.2723,5.3859
long,1h_previous_volume_ratio,48.58425,gte,19.6041,5.0769,16.2723,5.3859
long,1h_previous_volume_ratio,49.5737,gte,19.6041,5.0769,16.2723,5.3859
long,1h_previous_volume_ratio,0.1012,lte,2.5925,5.0959,0.6353,5.4033
long,1h_previous_volume_ratio,1.09065,lte,4.7409,5.4233,4.2198,6.5025
long,1h_previous_volume_ratio,2.0801,lte,4.838,5.7954,4.9466,6.6408
long,1h_previous_volume_ratio,3.06955,lte,4.9096,6.2164,5.2279,6.439
long,1h_previous_volume_ratio,4.059,lte,4.901,6.9779,5.2587,6.7643
long,1h_previous_volume_ratio,5.04845,lte,4.888,7.5943,5.2249,7.5087
long,1h_previous_volume_ratio,6.0379,lte,4.9549,7.5381,5.319,6.7955
long,1h_previous_volume_ratio,7.02735,lte,4.9594,8.2019,5.357,6.3505
long,1h_previous_volume_ratio,8.0168,lte,5.0305,6.968,5.4032,5.2417
long,1h_previous_volume_ratio,9.00625,lte,5.0198,7.5507,5.3875,5.7493
long,1h_previous_volume_ratio,9.9957,lte,5.0249,7.6859,5.378,6.1593
long,1h_previous_volume_ratio,10.98515,lte,5.0173,8.7967,5.3615,7.1793
long,1h_previous_volume_ratio,11.9746,lte,5.0154,9.3709,5.3573,7.6385
long,1h_previous_volume_ratio,12.96405,lte,5.0142,10.0704,5.3582,7.9121
long,1h_previous_volume_ratio,13.9535,lte,5.01,11.7866,5.3427,9.8537
long,1h_previous_volume_ratio,14.94295,lte,5.01,11.7866,5.3427,9.8537
long,1h_previous_volume_ratio,15.9324,lte,5.01,11.7866,5.3427,9.8537
long,1h_previous_volume_ratio,16.92185,lte,5.0471,9.1799,5.3504,9.6184
long,1h_previous_volume_ratio,17.9113,lte,5.0479,10.1165,5.3658,8.9761
long,1h_previous_volume_ratio,18.90075,lte,5.0479,10.1165,5.3658,8.9761
long,1h_previous_volume_ratio,19.8902,lte,5.0435,11.4038,5.3626,9.8974
long,1h_previous_volume_ratio,20.87965,lte,5.047,11.9452,5.3641,10.4399
long,1h_previous_volume_ratio,21.8691,lte,5.047,11.9452,5.3641,10.4399
long,1h_previous_volume_ratio,22.85855,lte,5.047,11.9452,5.3641,10.4399
long,1h_previous_volume_ratio,23.848,lte,5.0429,14.0467,5.3483,14.2761
long,1h_previous_volume_ratio,24.83745,lte,5.0532,14.0114,5.3595,14.0082
long,1h_previous_volume_ratio,25.8269,lte,5.0521,17.3224,5.3636,15.6574
long,1h_previous_volume_ratio,26.81635,lte,5.0521,17.3224,5.3636,15.6574
long,1h_previous_volume_ratio,27.8058,lte,5.0521,17.3224,5.3636,15.6574
long,1h_previous_volume_ratio,28.79525,lte,5.0521,17.3224,5.3636,15.6574
long,1h_previous_volume_ratio,29.7847,lte,5.0521,17.3224,5.3636,15.6574
long,1h_previous_volume_ratio,30.77415,lte,5.0521,17.3224,5.3636,15.6574
long,1h_previous_volume_ratio,31.7636,lte,5.0521,17.3224,5.3636,15.6574
long,1h_previous_volume_ratio,32.75305,lte,5.0521,17.3224,5.3636,15.6574
long,1h_previous_volume_ratio,33.7425,lte,5.069,15.8928,5.3772,14.7253
long,1h_previous_volume_ratio,34.73195,lte,5.069,15.8928,5.3772,14.7253
long,1h_previous_volume_ratio,35.7214,lte,5.069,15.8928,5.3772,14.7253
long,1h_previous_volume_ratio,36.71085,lte,5.069,15.8928,5.3772,14.7253
long,1h_previous_volume_ratio,37.7003,lte,5.0769,19.6041,5.3859,16.2723
long,1h_previous_volume_ratio,38.68975,lte,5.0769,19.6041,5.3859,16.2723
long,1h_previous_volume_ratio,39.6792,lte,5.0769,19.6041,5.3859,16.2723
long,1h_previous_volume_ratio,40.66865,lte,5.0769,19.6041,5.3859,16.2723
long,1h_previous_volume_ratio,41.6581,lte,5.0769,19.6041,5.3859,16.2723
long,1h_previous_volume_ratio,42.64755,lte,5.0769,19.6041,5.3859,16.2723
long,1h_previous_volume_ratio,43.637,lte,5.0769,19.6041,5.3859,16.2723
long,1h_previous_volume_ratio,44.62645,lte,5.0769,19.6041,5.3859,16.2723
long,1h_previous_volume_ratio,45.6159,lte,5.0769,19.6041,5.3859,16.2723
long,1h_previous_volume_ratio,46.60535,lte,5.0769,19.6041,5.3859,16.2723
long,1h_previous_volume_ratio,47.5948,lte,5.0769,19.6041,5.3859,16.2723
long,1h_previous_volume_ratio,48.58425,lte,5.0769,19.6041,5.3859,16.2723
long,1h_previous_volume_ratio,49.5737,lte,5.0931,0.0,5.398,0.0
long,2h_current_body_pct,0.0,gte,5.0931,0.0,5.398,0.0
long,2h_current_body_pct,0.961796,gte,5.313,2.8167,5.5903,3.4066
long,2h_current_body_pct,1.923592,gte,5.6188,2.8288,5.8778,3.3312
long,2h_current_body_pct,2.885388,gte,6.0965,2.7507,6.5321,2.7504
long,2h_current_body_pct,3.847184,gte,6.4612,3.1355,6.7783,3.4229
long,2h_current_body_pct,4.80898,gte,7.0936,3.1585,7.4835,3.3811
long,2h_current_body_pct,5.770776,gte,7.7068,3.3,7.8813,3.6943
long,2h_current_body_pct,6.732572,gte,8.2841,3.4735,8.6434,3.7508
long,2h_current_body_pct,7.694368,gte,9.1238,3.527,9.3397,3.8665
long,2h_current_body_pct,8.656164,gte,9.9603,3.5775,10.29,3.8747
long,2h_current_body_pct,9.61796,gte,10.5771,3.7068,10.7614,4.0422
long,2h_current_body_pct,10.579756,gte,11.559,3.753,11.6414,4.104
long,2h_current_body_pct,11.541552,gte,11.8962,3.9401,12.2708,4.2331
long,2h_current_body_pct,12.503348,gte,12.462,3.9987,12.5753,4.332
long,2h_current_body_pct,13.465144,gte,12.953,4.0958,13.1989,4.4082
long,2h_current_body_pct,14.42694,gte,13.4587,4.1717,13.6546,4.4886
long,2h_current_body_pct,15.388736,gte,14.29,4.254,14.1068,4.6034
long,2h_current_body_pct,16.350532,gte,15.8371,4.2677,15.4548,4.6254
long,2h_current_body_pct,17.312328,gte,15.9941,4.3117,15.3848,4.6821
long,2h_current_body_pct,18.274124,gte,17.0004,4.3604,16.5431,4.7122
long,2h_current_body_pct,19.23592,gte,18.6411,4.3776,18.2575,4.7188
long,2h_current_body_pct,20.197716,gte,19.1624,4.4193,18.5979,4.7658
long,2h_current_body_pct,21.159512,gte,20.0419,4.45,19.6468,4.785
long,2h_current_body_pct,22.121308,gte,22.0346,4.4664,22.4737,4.7663
long,2h_current_body_pct,23.083104,gte,22.21,4.5009,22.8109,4.7955
long,2h_current_body_pct,24.0449,gte,22.4986,4.5323,23.586,4.812
long,2h_current_body_pct,25.006696,gte,22.0884,4.6259,23.3558,4.9043
long,2h_current_body_pct,25.968492,gte,22.0884,4.6259,23.3558,4.9043
long,2h_current_body_pct,26.930288,gte,22.4319,4.6369,23.7039,4.9163
long,2h_current_body_pct,27.892084,gte,21.5517,4.737,21.1156,5.0579
long,2h_current_body_pct,28.85388,gte,21.5271,4.7947,18.8879,5.153
long,2h_current_body_pct,29.815676,gte,22.1715,4.8027,18.8471,5.1693
long,2h_current_body_pct,30.777472,gte,22.1715,4.8027,18.8471,5.1693
long,2h_current_body_pct,31.739268,gte,21.4706,4.8335,16.7385,5.2182
long,2h_current_body_pct,32.701064,gte,23.4762,4.8649,18.0921,5.2404
long,2h_current_body_pct,33.66286,gte,26.6815,4.8989,22.3722,5.2453
long,2h_current_body_pct,34.624656,gte,26.6815,4.8989,22.3722,5.2453
long,2h_current_body_pct,35.586452,gte,26.2864,4.9264,22.4841,5.2636
long,2h_current_body_pct,36.548248,gte,26.2864,4.9264,22.4841,5.2636
long,2h_current_body_pct,37.510044,gte,29.4824,4.9289,28.0949,5.2452
long,2h_current_body_pct,38.47184,gte,35.2853,4.9579,29.0703,5.292
long,2h_current_body_pct,39.433636,gte,35.2853,4.9579,29.0703,5.292
long,2h_current_body_pct,40.395432,gte,31.1802,5.0056,25.4331,5.3308
long,2h_current_body_pct,41.357228,gte,28.7285,5.0403,14.2394,5.3783
long,2h_current_body_pct,42.319024,gte,19.6041,5.0769,16.2723,5.3859
long,2h_current_body_pct,43.28082,gte,19.6041,5.0769,16.2723,5.3859
long,2h_current_body_pct,44.242616,gte,19.6041,5.0769,16.2723,5.3859
long,2h_current_body_pct,45.204412,gte,19.6041,5.0769,16.2723,5.3859
long,2h_current_body_pct,46.166208,gte,19.6041,5.0769,16.2723,5.3859
long,2h_current_body_pct,47.128004,gte,19.6041,5.0769,16.2723,5.3859
long,2h_current_body_pct,48.0898,gte,19.6041,5.0769,16.2723,5.3859
long,2h_current_body_pct,0.0,lte,6.8526,5.0813,5.3935,5.3981
long,2h_current_body_pct,0.961796,lte,2.8167,5.313,3.4066,5.5903
long,2h_current_body_pct,1.923592,lte,2.8288,5.6188,3.3312,5.8778
long,2h_current_body_pct,2.885388,lte,2.7507,6.0965,2.7504,6.5321
long,2h_current_body_pct,3.847184,lte,3.1355,6.4612,3.4229,6.7783
long,2h_current_body_pct,4.80898,lte,3.1585,7.0936,3.3811,7.4835
long,2h_current_body_pct,5.770776,lte,3.3,7.7068,3.6943,7.8813
long,2h_current_body_pct,6.732572,lte,3.4735,8.2841,3.7508,8.6434
long,2h_current_body_pct,7.694368,lte,3.527,9.1238,3.8665,9.3397
long,2h_current_body_pct,8.656164,lte,3.5775,9.9603,3.8747,10.29
long,2h_current_body_pct,9.61796,lte,3.7068,10.5771,4.0422,10.7614
long,2h_current_body_pct,10.579756,lte,3.753,11.559,4.104,11.6414
long,2h_current_body_pct,11.541552,lte,3.9401,11.8962,4.2331,12.2708
long,2h_current_body_pct,12.503348,lte,3.9987,12.462,4.332,12.5753
long,2h_current_body_pct,13.465144,lte,4.0958,12.953,4.4082,13.1989
long,2h_current_body_pct,14.42694,lte,4.1717,13.4587,4.4886,13.6546
long,2h_current_body_pct,15.388736,lte,4.254,14.29,4.6034,14.1068
long,2h_current_body_pct,16.350532,lte,4.2677,15.8371,4.6254,15.4548
long,2h_current_body_pct,17.312328,lte,4.3117,15.9941,4.6821,15.3848
long,2h_current_body_pct,18.274124,lte,4.3604,17.0004,4.7122,16.5431
long,2h_current_body_pct,19.23592,lte,4.3776,18.6411,4.7188,18.2575
long,2h_current_body_pct,20.197716,lte,4.4193,19.1624,4.7658,18.5979
long,2h_current_body_pct,21.159512,lte,4.45,20.0419,4.785,19.6468
long,2h_current_body_pct,22.121308,lte,4.4664,22.0346,4.7663,22.4737
long,2h_current_body_pct,23.083104,lte,4.5009,22.21,4.7955,22.8109
long,2h_current_body_pct,24.0449,lte,4.5323,22.4986,4.812,23.586
long,2h_current_body_pct,25.006696,lte,4.6259,22.0884,4.9043,23.3558
long,2h_current_body_pct,25.968492,lte,4.6259,22.0884,4.9043,23.3558
long,2h_current_body_pct,26.930288,lte,4.6369,22.4319,4.9163,23.7039
long,2h_current_body_pct,27.892084,lte,4.737,21.5517,5.0579,21.1156
long,2h_current_body_pct,28.85388,lte,4.7947,21.5271,5.153,18.8879
long,2h_current_body_pct,29.815676,lte,4.8027,22.1715,5.1693,18.8471
long,2h_current_body_pct,30.777472,lte,4.8027,22.1715,5.1693,18.8471
long,2h_current_body_pct,31.739268,lte,4.8335,21.4706,5.2182,16.7385
long,2h_current_body_pct,32.701064,lte,4.8649,23.4762,5.2404,18.0921
long,2h_current_body_pct,33.66286,lte,4.8989,26.6815,5.2453,22.3722
long,2h_current_body_pct,34.624656,lte,4.8989,26.6815,5.2453,22.3722
long,2h_current_body_pct,35.586452,lte,4.9264,26.2864,5.2636,22.4841
long,2h_current_body_pct,36.548248,lte,4.9264,26.2864,5.2636,22.4841
long,2h_current_body_pct,37.510044,lte,4.9289,29.4824,5.2452,28.0949
long,2h_current_body_pct,38.47184,lte,4.9579,35.2853,5.292,29.0703
long,2h_current_body_pct,39.433636,lte,4.9579,35.2853,5.292,29.0703
long,2h_current_body_pct,40.395432,lte,5.0056,31.1802,5.3308,25.4331
long,2h_current_body_pct,41.357228,lte,5.0403,28.7285,5.3783,14.2394
long,2h_current_body_pct,42.319024,lte,5.0769,19.6041,5.3859,16.2723
long,2h_current_body_pct,43.28082,lte,5.0769,19.6041,5.3859,16.2723
long,2h_current_body_pct,44.242616,lte,5.0769,19.6041,5.3859,16.2723
long,2h_current_body_pct,45.204412,lte,5.0769,19.6041,5.3859,16.2723
long,2h_current_body_pct,46.166208,lte,5.0769,19.6041,5.3859,16.2723
long,2h_current_body_pct,47.128004,lte,5.0769,19.6041,5.3859,16.2723
long,2h_current_body_pct,48.0898,lte,5.0931,0.0,5.398,0.0
long,2h_current_close_position,0.0,gte,5.0931,0.0,5.398,0.0
long,2h_current_close_position,0.02,gte,5.0813,6.8526,5.3981,5.3935
long,2h_current_close_position,0.04,gte,5.0813,6.8526,5.3981,5.3935
long,2h_current_close_position,0.06,gte,5.0858,6.0278,5.4015,4.9513
long,2h_current_close_position,0.08,gte,5.094,4.9918,5.4124,3.7994
long,2h_current_close_position,0.1,gte,5.1096,3.4647,5.4298,2.2641
long,2h_current_close_position,0.12,gte,5.1096,3.4647,5.4298,2.2641
long,2h_current_close_position,0.14,gte,5.1237,2.6297,5.4485,1.3317
long,2h_current_close_position,0.16,gte,5.1316,2.4802,5.4566,1.4156
long,2h_current_close_position,0.18,gte,5.1316,2.4802,5.4566,1.4156
long,2h_current_close_position,0.2,gte,5.1316,2.4802,5.4566,1.4156
long,2h_current_close_position,0.22,gte,5.1435,2.1339,5.4692,1.2137
long,2h_current_close_position,0.24,gte,5.1531,2.1643,5.4868,1.0618
long,2h_current_close_position,0.26,gte,5.1555,2.2101,5.487,1.2861
long,2h_current_close_position,0.28,gte,5.1555,2.2101,5.487,1.2861
long,2h_current_close_position,0.3,gte,5.1582,2.2403,5.4877,1.4676
long,2h_current_close_position,0.32,gte,5.1701,2.031,5.4904,1.7226
long,2h_current_close_position,0.34,gte,5.1674,2.5027,5.5197,1.1529
long,2h_current_close_position,0.36,gte,5.1706,2.689,5.5228,1.5239
long,2h_current_close_position,0.38,gte,5.188,2.4416,5.5393,1.4522
long,2h_current_close_position,0.4,gte,5.1935,2.5462,5.5528,1.4694
long,2h_current_close_position,0.42,gte,5.2123,2.3227,5.5748,1.2887
long,2h_current_close_position,0.44,gte,5.1854,3.3035,5.5287,2.8655
long,2h_current_close_position,0.46,gte,5.1741,3.6921,5.5174,3.3326
long,2h_current_close_position,0.48,gte,5.2052,3.5012,5.5346,3.4581
long,2h_current_close_position,0.5,gte,5.2183,3.6798,5.5441,3.7491
long,2h_current_close_position,0.52,gte,5.2703,3.3325,5.6226,3.1655
long,2h_current_close_position,0.54,gte,5.2933,3.3413,5.6571,3.1311
long,2h_current_close_position,0.56,gte,5.2785,3.6642,5.6438,3.5032
long,2h_current_close_position,0.58,gte,5.3499,3.4466,5.7584,3.0869
long,2h_current_close_position,0.6,gte,5.3809,3.4969,5.77,3.3347
long,2h_current_close_position,0.62,gte,5.4241,3.4582,5.8245,3.2909
long,2h_current_close_position,0.64,gte,5.4871,3.3708,5.9148,3.1391
long,2h_current_close_position,0.66,gte,5.6102,3.182,6.066,2.9288
long,2h_current_close_position,0.68,gte,5.5932,3.4051,5.989,3.403
long,2h_current_close_position,0.7,gte,5.5968,3.5433,6.025,3.4687
long,2h_current_close_position,0.72,gte,5.7226,3.4179,6.1281,3.455
long,2h_current_close_position,0.74,gte,5.817,3.498,6.3539,3.2917
long,2h_current_close_position,0.76,gte,5.9032,3.5363,6.4425,3.3906
long,2h_current_close_position,0.78,gte,6.0854,3.4752,6.7314,3.2239
long,2h_current_close_position,0.8,gte,6.2981,3.5124,7.0086,3.2852
long,2h_current_close_position,0.82,gte,6.3432,3.7295,7.0141,3.635
long,2h_current_close_position,0.84,gte,6.4477,3.8625,7.1396,3.8157
long,2h_current_close_position,0.86,gte,6.3573,4.164,6.9537,4.2546
long,2h_current_close_position,0.88,gte,6.4984,4.2792,7.1952,4.357
long,2h_current_close_position,0.9,gte,6.5915,4.4479,7.3336,4.5645
long,2h_current_close_position,0.92,gte,6.7116,4.5544,7.2928,4.7674
long,2h_current_close_position,0.94,gte,6.216,4.8363,6.6297,5.1162
long,2h_current_close_position,0.96,gte,6.0409,4.9782,6.2366,5.2963
long,2h_current_close_position,0.98,gte,5.846,5.0552,5.929,5.3713
long,2h_current_close_position,1.0,gte,2.7471,5.101,1.8169,5.41
long,2h_current_close_position,0.0,lte,6.8526,5.0813,5.3935,5.3981
long,2h_current_close_position,0.02,lte,6.8526,5.0813,5.3935,5.3981
long,2h_current_close_position,0.04,lte,6.8526,5.0813,5.3935,5.3981
long,2h_current_close_position,0.06,lte,6.0278,5.0858,4.9513,5.4015
long,2h_current_close_position,0.08,lte,4.9918,5.094,3.7994,5.4124
long,2h_current_close_position,0.1,lte,3.4647,5.1096,2.2641,5.4298
long,2h_current_close_position,0.12,lte,3.4647,5.1096,2.2641,5.4298
long,2h_current_close_position,0.14,lte,2.6297,5.1237,1.3317,5.4485
long,2h_current_close_position,0.16,lte,2.4802,5.1316,1.4156,5.4566
long,2h_current_close_position,0.18,lte,2.4802,5.1316,1.4156,5.4566
long,2h_current_close_position,0.2,lte,2.4802,5.1316,1.4156,5.4566
long,2h_current_close_position,0.22,lte,2.1339,5.1435,1.2137,5.4692
long,2h_current_close_position,0.24,lte,2.1643,5.1531,1.0618,5.4868
long,2h_current_close_position,0.26,lte,2.2101,5.1555,1.2861,5.487
long,2h_current_close_position,0.28,lte,2.2101,5.1555,1.2861,5.487
long,2h_current_close_position,0.3,lte,2.2403,5.1582,1.4676,5.4877
long,2h_current_close_position,0.32,lte,2.328,5.1659,1.3418,5.5048
long,2h_current_close_position,0.34,lte,2.5027,5.1674,1.1529,5.5197
long,2h_current_close_position,0.36,lte,2.689,5.1706,1.5239,5.5228
long,2h_current_close_position,0.38,lte,2.4416,5.188,1.4522,5.5393
long,2h_current_close_position,0.4,lte,2.5462,5.1935,1.4694,5.5528
long,2h_current_close_position,0.42,lte,2.3227,5.2123,1.2887,5.5748
long,2h_current_close_position,0.44,lte,3.3035,5.1854,2.8655,5.5287
long,2h_current_close_position,0.46,lte,3.6921,5.1741,3.3326,5.5174
long,2h_current_close_position,0.48,lte,3.5012,5.2052,3.4581,5.5346
long,2h_current_close_position,0.5,lte,3.5545,5.2335,3.6706,5.5556
long,2h_current_close_position,0.52,lte,3.3325,5.2703,3.1655,5.6226
long,2h_current_close_position,0.54,lte,3.4621,5.2818,3.2733,5.6438
long,2h_current_close_position,0.56,lte,3.6642,5.2785,3.5032,5.6438
long,2h_current_close_position,0.58,lte,3.4466,5.3499,3.0869,5.7584
long,2h_current_close_position,0.6,lte,3.4897,5.3847,3.3394,5.7723
long,2h_current_close_position,0.62,lte,3.4582,5.4241,3.2909,5.8245
long,2h_current_close_position,0.64,lte,3.3708,5.4871,3.1391,5.9148
long,2h_current_close_position,0.66,lte,3.182,5.6102,2.9288,6.066
long,2h_current_close_position,0.68,lte,3.4051,5.5932,3.403,5.989
long,2h_current_close_position,0.7,lte,3.5433,5.5968,3.4687,6.025
long,2h_current_close_position,0.72,lte,3.4179,5.7226,3.455,6.1281
long,2h_current_close_position,0.74,lte,3.497,5.8212,3.2836,6.3626
long,2h_current_close_position,0.76,lte,3.5297,5.9147,3.3819,6.4575
long,2h_current_close_position,0.78,lte,3.4752,6.0854,3.2239,6.7314
long,2h_current_close_position,0.8,lte,3.503,6.3107,3.2687,7.0285
long,2h_current_close_position,0.82,lte,3.7295,6.3432,3.635,7.0141
long,2h_current_close_position,0.84,lte,3.8625,6.4477,3.8157,7.1396
long,2h_current_close_position,0.86,lte,4.164,6.3573,4.2546,6.9537
long,2h_current_close_position,0.88,lte,4.2792,6.4984,4.357,7.1952
long,2h_current_close_position,0.9,lte,4.4479,6.5915,4.5645,7.3336
long,2h_current_close_position,0.92,lte,4.5544,6.7116,4.7674,7.2928
long,2h_current_close_position,0.94,lte,4.8218,6.2969,5.1013,6.7145
long,2h_current_close_position,0.96,lte,4.9782,6.0409,5.2963,6.2366
long,2h_current_close_position,0.98,lte,5.0641,5.7,5.387,5.6288
long,2h_current_close_position,1.0,lte,5.0931,0.0,5.398,0.0
long,2h_current_compression,0.0,gte,5.0931,0.0,5.398,0.0
long,2h_current_compression,0.7,gte,3.7544,5.1789,4.3586,5.4646
long,2h_current_compression,1.4,gte,3.9904,5.1209,4.11,5.4304
long,2h_current_compression,2.1,gte,4.5567,5.1029,5.0324,5.4047
long,2h_current_compression,2.8,gte,4.5567,5.1029,5.0324,5.4047
long,2h_current_compression,3.5,gte,4.5313,5.0995,5.746,5.3941
long,2h_current_compression,4.2,gte,7.0398,5.08,8.3398,5.3782
long,2h_current_compression,4.9,gte,7.0398,5.08,8.3398,5.3782
long,2h_current_compression,5.6,gte,1.4583,5.1053,1.1011,5.4124
long,2h_current_compression,6.3,gte,0.8997,5.0978,0.5536,5.4034
long,2h_current_compression,7.0,gte,0.8997,5.0978,0.5536,5.4034
long,2h_current_compression,0.0,lte,5.1789,3.7544,5.4646,4.3586
long,2h_current_compression,0.7,lte,5.1789,3.7544,5.4646,4.3586
long,2h_current_compression,1.4,lte,5.1209,3.9904,5.4304,4.11
long,2h_current_compression,2.1,lte,5.1029,4.5567,5.4047,5.0324
long,2h_current_compression,2.8,lte,5.1029,4.5567,5.4047,5.0324
long,2h_current_compression,3.5,lte,5.0995,4.5313,5.3941,5.746
long,2h_current_compression,4.2,lte,5.08,7.0398,5.3782,8.3398
long,2h_current_compression,4.9,lte,5.08,7.0398,5.3782,8.3398
long,2h_current_compression,5.6,lte,5.1053,1.4583,5.4124,1.1011
long,2h_current_compression,6.3,lte,5.0978,0.8997,5.4034,0.5536
long,2h_current_compression,7.0,lte,5.0931,0.0,5.398,0.0
long,2h_current_ma20_distance_pct,-43.7194,gte,5.0931,0.0,5.398,0.0
long,2h_current_ma20_distance_pct,-40.852768,gte,5.0992,-0.3193,5.3983,5.1798
long,2h_current_ma20_distance_pct,-37.986136,gte,5.0992,-0.3193,5.3983,5.1798
long,2h_current_ma20_distance_pct,-35.119504,gte,5.0992,-0.3193,5.3983,5.1798
long,2h_current_ma20_distance_pct,-32.252872,gte,5.0992,-0.3193,5.3983,5.1798
long,2h_current_ma20_distance_pct,-29.38624,gte,5.0992,-0.3193,5.3983,5.1798
long,2h_current_ma20_distance_pct,-26.519608,gte,5.0992,-0.3193,5.3983,5.1798
long,2h_current_ma20_distance_pct,-23.652976,gte,5.0992,-0.3193,5.3983,5.1798
long,2h_current_ma20_distance_pct,-20.786344,gte,5.0868,7.9122,5.3843,11.5227
long,2h_current_ma20_distance_pct,-17.919712,gte,5.0868,7.9122,5.3843,11.5227
long,2h_current_ma20_distance_pct,-15.05308,gte,5.0936,4.9831,5.3876,7.7144
long,2h_current_ma20_distance_pct,-12.186448,gte,5.0917,5.2755,5.4044,4.5842
long,2h_current_ma20_distance_pct,-9.319816,gte,5.1121,3.9773,5.4251,3.8082
long,2h_current_ma20_distance_pct,-6.453184,gte,5.1353,3.915,5.4996,2.5611
long,2h_current_ma20_distance_pct,-3.586552,gte,5.2104,3.2975,5.5984,2.3311
long,2h_current_ma20_distance_pct,-0.71992,gte,5.3046,3.3494,5.7338,2.6291
long,2h_current_ma20_distance_pct,2.146712,gte,5.5688,3.2371,6.0057,3.0272
long,2h_current_ma20_distance_pct,5.013344,gte,5.9823,3.0499,6.4943,2.8791
long,2h_current_ma20_distance_pct,7.879976,gte,6.4322,3.105,7.0199,2.9899
long,2h_current_ma20_distance_pct,10.746608,gte,6.9575,3.2576,7.7098,3.1221
long,2h_current_ma20_distance_pct,13.61324,gte,7.338,3.6021,8.2651,3.4937
long,2h_current_ma20_distance_pct,16.479872,gte,7.7402,3.8025,8.5951,3.8392
long,2h_current_ma20_distance_pct,19.346504,gte,8.3396,3.9072,9.3228,3.9643
long,2h_current_ma20_distance_pct,22.213136,gte,9.1551,3.9722,9.9727,4.1356
long,2h_current_ma20_distance_pct,25.079768,gte,9.1236,4.1575,10.0772,4.3118
long,2h_current_ma20_distance_pct,27.9464,gte,9.1845,4.2847,10.2968,4.43
long,2h_current_ma20_distance_pct,30.813032,gte,9.5572,4.3971,10.1786,4.6526
long,2h_current_ma20_distance_pct,33.679664,gte,10.1689,4.4275,10.9544,4.6693
long,2h_current_ma20_distance_pct,36.546296,gte,10.5155,4.5181,11.5994,4.7404
long,2h_current_ma20_distance_pct,39.412928,gte,10.2441,4.5957,11.5541,4.8035
long,2h_current_ma20_distance_pct,42.27956,gte,11.3756,4.5942,12.7587,4.8134
long,2h_current_ma20_distance_pct,45.146192,gte,10.1648,4.7361,10.7682,5.0199
long,2h_current_ma20_distance_pct,48.012824,gte,10.086,4.7607,10.8167,5.0372
long,2h_current_ma20_distance_pct,50.879456,gte,10.775,4.7577,10.9397,5.0709
long,2h_current_ma20_distance_pct,53.746088,gte,11.757,4.7329,12.4356,5.0176
long,2h_current_ma20_distance_pct,56.61272,gte,11.4929,4.7944,13.0327,5.0417
long,2h_current_ma20_distance_pct,59.479352,gte,11.3666,4.8384,11.8672,5.1354
long,2h_current_ma20_distance_pct,62.345984,gte,10.2436,4.9149,10.3029,5.2283
long,2h_current_ma20_distance_pct,65.212616,gte,10.1666,4.9236,9.8116,5.2506
long,2h_current_ma20_distance_pct,68.079248,gte,7.9356,5.015,7.5714,5.3383
long,2h_current_ma20_distance_pct,70.94588,gte,7.1193,5.0469,6.479,5.3734
long,2h_current_ma20_distance_pct,73.812512,gte,3.7637,5.1127,3.7406,5.4224
long,2h_current_ma20_distance_pct,76.679144,gte,1.8131,5.1301,-2.1738,5.4834
long,2h_current_ma20_distance_pct,79.545776,gte,1.1658,5.1329,-2.9792,5.4829
long,2h_current_ma20_distance_pct,82.412408,gte,1.3583,5.1225,-6.5462,5.492
long,2h_current_ma20_distance_pct,85.27904,gte,4.6413,5.0957,-3.1078,5.4457
long,2h_current_ma20_distance_pct,88.145672,gte,4.6413,5.0957,-3.1078,5.4457
long,2h_current_ma20_distance_pct,91.012304,gte,0.9006,5.1119,-7.9528,5.4578
long,2h_current_ma20_distance_pct,93.878936,gte,-1.4241,5.1077,-13.5027,5.4403
long,2h_current_ma20_distance_pct,96.745568,gte,-1.4241,5.1077,-13.5027,5.4403
long,2h_current_ma20_distance_pct,99.6122,gte,7.1107,5.0909,-11.1811,5.4165
long,2h_current_ma20_distance_pct,-43.7194,lte,-0.3193,5.0992,5.1798,5.3983
long,2h_current_ma20_distance_pct,-40.852768,lte,-0.3193,5.0992,5.1798,5.3983
long,2h_current_ma20_distance_pct,-37.986136,lte,-0.3193,5.0992,5.1798,5.3983
long,2h_current_ma20_distance_pct,-35.119504,lte,-0.3193,5.0992,5.1798,5.3983
long,2h_current_ma20_distance_pct,-32.252872,lte,-0.3193,5.0992,5.1798,5.3983
long,2h_current_ma20_distance_pct,-29.38624,lte,-0.3193,5.0992,5.1798,5.3983
long,2h_current_ma20_distance_pct,-26.519608,lte,-0.3193,5.0992,5.1798,5.3983
long,2h_current_ma20_distance_pct,-23.652976,lte,-0.3193,5.0992,5.1798,5.3983
long,2h_current_ma20_distance_pct,-20.786344,lte,7.9122,5.0868,11.5227,5.3843
long,2h_current_ma20_distance_pct,-17.919712,lte,7.9122,5.0868,11.5227,5.3843
long,2h_current_ma20_distance_pct,-15.05308,lte,4.9831,5.0936,7.7144,5.3876
long,2h_current_ma20_distance_pct,-12.186448,lte,5.2755,5.0917,4.5842,5.4044
long,2h_current_ma20_distance_pct,-9.319816,lte,3.9773,5.1121,3.8082,5.4251
long,2h_current_ma20_distance_pct,-6.453184,lte,3.915,5.1353,2.5611,5.4996
long,2h_current_ma20_distance_pct,-3.586552,lte,3.2975,5.2104,2.3311,5.5984
long,2h_current_ma20_distance_pct,-0.71992,lte,3.3494,5.3046,2.6291,5.7338
long,2h_current_ma20_distance_pct,2.146712,lte,3.2371,5.5688,3.0272,6.0057
long,2h_current_ma20_distance_pct,5.013344,lte,3.0499,5.9823,2.8791,6.4943
long,2h_current_ma20_distance_pct,7.879976,lte,3.105,6.4322,2.9899,7.0199
long,2h_current_ma20_distance_pct,10.746608,lte,3.2576,6.9575,3.1221,7.7098
long,2h_current_ma20_distance_pct,13.61324,lte,3.6021,7.338,3.4937,8.2651
long,2h_current_ma20_distance_pct,16.479872,lte,3.8025,7.7402,3.8392,8.5951
long,2h_current_ma20_distance_pct,19.346504,lte,3.9072,8.3396,3.9643,9.3228
long,2h_current_ma20_distance_pct,22.213136,lte,3.9722,9.1551,4.1356,9.9727
long,2h_current_ma20_distance_pct,25.079768,lte,4.1575,9.1236,4.3118,10.0772
long,2h_current_ma20_distance_pct,27.9464,lte,4.2847,9.1845,4.43,10.2968
long,2h_current_ma20_distance_pct,30.813032,lte,4.3971,9.5572,4.6526,10.1786
long,2h_current_ma20_distance_pct,33.679664,lte,4.4275,10.1689,4.6693,10.9544
long,2h_current_ma20_distance_pct,36.546296,lte,4.5181,10.5155,4.7404,11.5994
long,2h_current_ma20_distance_pct,39.412928,lte,4.5957,10.2441,4.8035,11.5541
long,2h_current_ma20_distance_pct,42.27956,lte,4.5942,11.3756,4.8134,12.7587
long,2h_current_ma20_distance_pct,45.146192,lte,4.7361,10.1648,5.0199,10.7682
long,2h_current_ma20_distance_pct,48.012824,lte,4.7607,10.086,5.0372,10.8167
long,2h_current_ma20_distance_pct,50.879456,lte,4.7577,10.775,5.0709,10.9397
long,2h_current_ma20_distance_pct,53.746088,lte,4.7329,11.757,5.0176,12.4356
long,2h_current_ma20_distance_pct,56.61272,lte,4.7944,11.4929,5.0417,13.0327
long,2h_current_ma20_distance_pct,59.479352,lte,4.8384,11.3666,5.1354,11.8672
long,2h_current_ma20_distance_pct,62.345984,lte,4.9149,10.2436,5.2283,10.3029
long,2h_current_ma20_distance_pct,65.212616,lte,4.9236,10.1666,5.2506,9.8116
long,2h_current_ma20_distance_pct,68.079248,lte,5.015,7.9356,5.3383,7.5714
long,2h_current_ma20_distance_pct,70.94588,lte,5.0469,7.1193,5.3734,6.479
long,2h_current_ma20_distance_pct,73.812512,lte,5.1127,3.7637,5.4224,3.7406
long,2h_current_ma20_distance_pct,76.679144,lte,5.1301,1.8131,5.4834,-2.1738
long,2h_current_ma20_distance_pct,79.545776,lte,5.1329,1.1658,5.4829,-2.9792
long,2h_current_ma20_distance_pct,82.412408,lte,5.1225,1.3583,5.492,-6.5462
long,2h_current_ma20_distance_pct,85.27904,lte,5.0957,4.6413,5.4457,-3.1078
long,2h_current_ma20_distance_pct,88.145672,lte,5.0957,4.6413,5.4457,-3.1078
long,2h_current_ma20_distance_pct,91.012304,lte,5.1119,0.9006,5.4578,-7.9528
long,2h_current_ma20_distance_pct,93.878936,lte,5.1077,-1.4241,5.4403,-13.5027
long,2h_current_ma20_distance_pct,96.745568,lte,5.1077,-1.4241,5.4403,-13.5027
long,2h_current_ma20_distance_pct,99.6122,lte,5.0931,0.0,5.398,0.0
long,2h_current_range_pct,0.0,gte,5.0931,0.0,5.398,0.0
long,2h_current_range_pct,2.094994,gte,5.087,5.8736,5.4034,4.7161
long,2h_current_range_pct,4.189988,gte,5.4947,1.6626,5.8633,1.4231
long,2h_current_range_pct,6.284982,gte,6.3167,2.0954,6.8692,1.7936
long,2h_current_range_pct,8.379976,gte,7.3769,2.5681,8.0033,2.5175
long,2h_current_range_pct,10.47497,gte,8.207,3.1378,8.4507,3.4811
long,2h_current_range_pct,12.569964,gte,9.1221,3.4486,9.6572,3.6596
long,2h_current_range_pct,14.664958,gte,9.8366,3.732,10.0592,4.0605
long,2h_current_range_pct,16.759952,gte,10.5965,3.9614,11.0819,4.2292
long,2h_current_range_pct,18.854946,gte,11.6079,4.1826,11.7579,4.5091
long,2h_current_range_pct,20.94994,gte,12.9249,4.2946,12.0298,4.7218
long,2h_current_range_pct,23.044934,gte,14.4102,4.3167,13.4675,4.7256
long,2h_current_range_pct,25.139928,gte,16.5212,4.3611,14.5015,4.8149
long,2h_current_range_pct,27.234922,gte,17.0946,4.4593,15.4603,4.8666
long,2h_current_range_pct,29.329916,gte,17.8084,4.5461,16.1379,4.936
long,2h_current_range_pct,31.42491,gte,17.6172,4.6747,13.4815,5.1279
long,2h_current_range_pct,33.519904,gte,17.67,4.7769,12.5045,5.2193
long,2h_current_range_pct,35.614898,gte,18.566,4.8172,14.8215,5.205
long,2h_current_range_pct,37.709892,gte,20.4321,4.8146,16.7279,5.1923
long,2h_current_range_pct,39.804886,gte,21.9343,4.8455,18.7386,5.2018
long,2h_current_range_pct,41.89988,gte,20.0579,4.9073,15.0083,5.2787
long,2h_current_range_pct,43.994874,gte,19.0998,4.9512,16.4635,5.2859
long,2h_current_range_pct,46.089868,gte,20.5325,4.9542,17.887,5.2856
long,2h_current_range_pct,48.184862,gte,22.4499,4.9566,22.0396,5.2671
long,2h_current_range_pct,50.279856,gte,21.2837,4.9841,22.1147,5.2854
long,2h_current_range_pct,52.37485,gte,16.0204,5.0319,18.5412,5.3243
long,2h_current_range_pct,54.469844,gte,15.1245,5.0482,19.1084,5.3366
long,2h_current_range_pct,56.564838,gte,15.1245,5.0482,19.1084,5.3366
long,2h_current_range_pct,58.659832,gte,15.1245,5.0482,19.1084,5.3366
long,2h_current_range_pct,60.754826,gte,15.1245,5.0482,19.1084,5.3366
long,2h_current_range_pct,62.84982,gte,15.1245,5.0482,19.1084,5.3366
long,2h_current_range_pct,64.944814,gte,23.9457,5.0299,33.3696,5.3042
long,2h_current_range_pct,67.039808,gte,30.352,5.0367,36.9091,5.3276
long,2h_current_range_pct,69.134802,gte,30.352,5.0367,36.9091,5.3276
long,2h_current_range_pct,71.229796,gte,30.352,5.0367,36.9091,5.3276
long,2h_current_range_pct,73.32479,gte,30.352,5.0367,36.9091,5.3276
long,2h_current_range_pct,75.419784,gte,30.352,5.0367,36.9091,5.3276
long,2h_current_range_pct,77.514778,gte,36.0838,5.0585,47.8206,5.3507
long,2h_current_range_pct,79.609772,gte,36.0838,5.0585,47.8206,5.3507
long,2h_current_range_pct,81.704766,gte,36.0838,5.0585,47.8206,5.3507
long,2h_current_range_pct,83.79976,gte,36.0838,5.0585,47.8206,5.3507
long,2h_current_range_pct,85.894754,gte,36.0838,5.0585,47.8206,5.3507
long,2h_current_range_pct,87.989748,gte,36.0838,5.0585,47.8206,5.3507
long,2h_current_range_pct,90.084742,gte,36.0838,5.0585,47.8206,5.3507
long,2h_current_range_pct,92.179736,gte,36.0838,5.0585,47.8206,5.3507
long,2h_current_range_pct,94.27473,gte,36.0838,5.0585,47.8206,5.3507
long,2h_current_range_pct,96.369724,gte,36.0838,5.0585,47.8206,5.3507
long,2h_current_range_pct,98.464718,gte,36.0838,5.0585,47.8206,5.3507
long,2h_current_range_pct,100.559712,gte,36.0838,5.0585,47.8206,5.3507
long,2h_current_range_pct,102.654706,gte,36.0838,5.0585,47.8206,5.3507
long,2h_current_range_pct,104.7497,gte,36.0838,5.0585,47.8206,5.3507
long,2h_current_range_pct,0.0,lte,6.8526,5.0813,5.3935,5.3981
long,2h_current_range_pct,2.094994,lte,5.8736,5.087,4.7161,5.4034
long,2h_current_range_pct,4.189988,lte,1.6626,5.4947,1.4231,5.8633
long,2h_current_range_pct,6.284982,lte,2.0954,6.3167,1.7936,6.8692
long,2h_current_range_pct,8.379976,lte,2.5681,7.3769,2.5175,8.0033
long,2h_current_range_pct,10.47497,lte,3.1378,8.207,3.4811,8.4507
long,2h_current_range_pct,12.569964,lte,3.4486,9.1221,3.6596,9.6572
long,2h_current_range_pct,14.664958,lte,3.732,9.8366,4.0605,10.0592
long,2h_current_range_pct,16.759952,lte,3.9614,10.5965,4.2292,11.0819
long,2h_current_range_pct,18.854946,lte,4.1826,11.6079,4.5091,11.7579
long,2h_current_range_pct,20.94994,lte,4.2946,12.9249,4.7218,12.0298
long,2h_current_range_pct,23.044934,lte,4.3167,14.4102,4.7256,13.4675
long,2h_current_range_pct,25.139928,lte,4.3611,16.5212,4.8149,14.5015
long,2h_current_range_pct,27.234922,lte,4.4593,17.0946,4.8666,15.4603
long,2h_current_range_pct,29.329916,lte,4.5461,17.8084,4.936,16.1379
long,2h_current_range_pct,31.42491,lte,4.6747,17.6172,5.1279,13.4815
long,2h_current_range_pct,33.519904,lte,4.7769,17.67,5.2193,12.5045
long,2h_current_range_pct,35.614898,lte,4.8172,18.566,5.205,14.8215
long,2h_current_range_pct,37.709892,lte,4.8146,20.4321,5.1923,16.7279
long,2h_current_range_pct,39.804886,lte,4.8455,21.9343,5.2018,18.7386
long,2h_current_range_pct,41.89988,lte,4.9073,20.0579,5.2787,15.0083
long,2h_current_range_pct,43.994874,lte,4.9512,19.0998,5.2859,16.4635
long,2h_current_range_pct,46.089868,lte,4.9542,20.5325,5.2856,17.887
long,2h_current_range_pct,48.184862,lte,4.9566,22.4499,5.2671,22.0396
long,2h_current_range_pct,50.279856,lte,4.9841,21.2837,5.2854,22.1147
long,2h_current_range_pct,52.37485,lte,5.0319,16.0204,5.3243,18.5412
long,2h_current_range_pct,54.469844,lte,5.0482,15.1245,5.3366,19.1084
long,2h_current_range_pct,56.564838,lte,5.0482,15.1245,5.3366,19.1084
long,2h_current_range_pct,58.659832,lte,5.0482,15.1245,5.3366,19.1084
long,2h_current_range_pct,60.754826,lte,5.0482,15.1245,5.3366,19.1084
long,2h_current_range_pct,62.84982,lte,5.0482,15.1245,5.3366,19.1084
long,2h_current_range_pct,64.944814,lte,5.0299,23.9457,5.3042,33.3696
long,2h_current_range_pct,67.039808,lte,5.0367,30.352,5.3276,36.9091
long,2h_current_range_pct,69.134802,lte,5.0367,30.352,5.3276,36.9091
long,2h_current_range_pct,71.229796,lte,5.0367,30.352,5.3276,36.9091
long,2h_current_range_pct,73.32479,lte,5.0367,30.352,5.3276,36.9091
long,2h_current_range_pct,75.419784,lte,5.0367,30.352,5.3276,36.9091
long,2h_current_range_pct,77.514778,lte,5.0585,36.0838,5.3507,47.8206
long,2h_current_range_pct,79.609772,lte,5.0585,36.0838,5.3507,47.8206
long,2h_current_range_pct,81.704766,lte,5.0585,36.0838,5.3507,47.8206
long,2h_current_range_pct,83.79976,lte,5.0585,36.0838,5.3507,47.8206
long,2h_current_range_pct,85.894754,lte,5.0585,36.0838,5.3507,47.8206
long,2h_current_range_pct,87.989748,lte,5.0585,36.0838,5.3507,47.8206
long,2h_current_range_pct,90.084742,lte,5.0585,36.0838,5.3507,47.8206
long,2h_current_range_pct,92.179736,lte,5.0585,36.0838,5.3507,47.8206
long,2h_current_range_pct,94.27473,lte,5.0585,36.0838,5.3507,47.8206
long,2h_current_range_pct,96.369724,lte,5.0585,36.0838,5.3507,47.8206
long,2h_current_range_pct,98.464718,lte,5.0585,36.0838,5.3507,47.8206
long,2h_current_range_pct,100.559712,lte,5.0585,36.0838,5.3507,47.8206
long,2h_current_range_pct,102.654706,lte,5.0585,36.0838,5.3507,47.8206
long,2h_current_range_pct,104.7497,lte,5.0931,0.0,5.398,0.0
long,2h_current_return_pct,-11.0088,gte,5.0931,0.0,5.398,0.0
long,2h_current_return_pct,-9.826828,gte,5.1002,-1.256,5.4053,-1.1594
long,2h_current_return_pct,-8.644856,gte,5.092,5.6111,5.3839,11.6964
long,2h_current_return_pct,-7.462884,gte,5.1338,-2.1655,5.4417,-2.4024
long,2h_current_return_pct,-6.280912,gte,5.1494,-3.2633,5.4591,-3.6717
long,2h_current_return_pct,-5.09894,gte,5.1497,-0.492,5.4737,-2.0722
long,2h_current_return_pct,-3.916968,gte,5.1566,0.4132,5.4511,1.4847
long,2h_current_return_pct,-2.734996,gte,5.1272,3.9942,5.4236,4.5729
long,2h_current_return_pct,-1.553024,gte,5.1711,3.6168,5.5065,3.3434
long,2h_current_return_pct,-0.371052,gte,5.2008,3.8014,5.5714,3.317
long,2h_current_return_pct,0.81092,gte,5.371,3.3769,5.7013,3.5252
long,2h_current_return_pct,1.992892,gte,5.7271,3.0573,6.0172,3.4095
long,2h_current_return_pct,3.174864,gte,6.2741,2.9218,6.6665,3.0658
long,2h_current_return_pct,4.356836,gte,6.9454,3.036,7.3748,3.2026
long,2h_current_return_pct,5.538808,gte,7.7917,3.1634,8.1204,3.4512
long,2h_current_return_pct,6.72078,gte,8.5362,3.3888,8.8766,3.6761
long,2h_current_return_pct,7.902752,gte,9.4152,3.5589,9.8094,3.8321
long,2h_current_return_pct,9.084724,gte,10.1847,3.6415,10.7295,3.878
long,2h_current_return_pct,10.266696,gte,11.3419,3.7469,11.4303,4.0984
long,2h_current_return_pct,11.448668,gte,11.8964,3.9297,12.0632,4.2581
long,2h_current_return_pct,12.63064,gte,12.6952,4.0306,12.9556,4.3417
long,2h_current_return_pct,13.812612,gte,13.1211,4.1197,13.445,4.4223
long,2h_current_return_pct,14.994584,gte,13.4671,4.2506,13.1342,4.6197
long,2h_current_return_pct,16.176556,gte,15.8371,4.2677,15.4548,4.6254
long,2h_current_return_pct,17.358528,gte,16.1775,4.3127,15.5486,4.6834
long,2h_current_return_pct,18.5405,gte,17.524,4.3748,16.8832,4.7344
long,2h_current_return_pct,19.722472,gte,18.7512,4.4054,17.8907,4.769
long,2h_current_return_pct,20.904444,gte,20.0419,4.45,19.6468,4.785
long,2h_current_return_pct,22.086416,gte,22.0346,4.4664,22.4737,4.7663
long,2h_current_return_pct,23.268388,gte,22.21,4.5009,22.8109,4.7955
long,2h_current_return_pct,24.45036,gte,22.4986,4.5323,23.586,4.812
long,2h_current_return_pct,25.632332,gte,22.0884,4.6259,23.3558,4.9043
long,2h_current_return_pct,26.814304,gte,22.4319,4.6369,23.7039,4.9163
long,2h_current_return_pct,27.996276,gte,21.5517,4.737,21.1156,5.0579
long,2h_current_return_pct,29.178248,gte,22.1715,4.8027,18.8471,5.1693
long,2h_current_return_pct,30.36022,gte,22.1715,4.8027,18.8471,5.1693
long,2h_current_return_pct,31.542192,gte,21.4706,4.8335,16.7385,5.2182
long,2h_current_return_pct,32.724164,gte,23.4762,4.8649,18.0921,5.2404
long,2h_current_return_pct,33.906136,gte,26.6815,4.8989,22.3722,5.2453
long,2h_current_return_pct,35.088108,gte,26.6815,4.8989,22.3722,5.2453
long,2h_current_return_pct,36.27008,gte,26.2864,4.9264,22.4841,5.2636
long,2h_current_return_pct,37.452052,gte,29.4824,4.9289,28.0949,5.2452
long,2h_current_return_pct,38.634024,gte,35.2853,4.9579,29.0703,5.292
long,2h_current_return_pct,39.815996,gte,35.2853,4.9579,29.0703,5.292
long,2h_current_return_pct,40.997968,gte,31.1802,5.0056,25.4331,5.3308
long,2h_current_return_pct,42.17994,gte,19.6041,5.0769,16.2723,5.3859
long,2h_current_return_pct,43.361912,gte,19.6041,5.0769,16.2723,5.3859
long,2h_current_return_pct,44.543884,gte,19.6041,5.0769,16.2723,5.3859
long,2h_current_return_pct,45.725856,gte,19.6041,5.0769,16.2723,5.3859
long,2h_current_return_pct,46.907828,gte,19.6041,5.0769,16.2723,5.3859
long,2h_current_return_pct,48.0898,gte,19.6041,5.0769,16.2723,5.3859
long,2h_current_return_pct,-11.0088,lte,-1.256,5.1002,-1.1594,5.4053
long,2h_current_return_pct,-9.826828,lte,-1.256,5.1002,-1.1594,5.4053
long,2h_current_return_pct,-8.644856,lte,5.6111,5.092,11.6964,5.3839
long,2h_current_return_pct,-7.462884,lte,-2.1655,5.1338,-2.4024,5.4417
long,2h_current_return_pct,-6.280912,lte,-3.2633,5.1494,-3.6717,5.4591
long,2h_current_return_pct,-5.09894,lte,-0.492,5.1497,-2.0722,5.4737
long,2h_current_return_pct,-3.916968,lte,0.4132,5.1566,1.4847,5.4511
long,2h_current_return_pct,-2.734996,lte,3.9942,5.1272,4.5729,5.4236
long,2h_current_return_pct,-1.553024,lte,3.6168,5.1711,3.3434,5.5065
long,2h_current_return_pct,-0.371052,lte,3.8014,5.2008,3.317,5.5714
long,2h_current_return_pct,0.81092,lte,3.3769,5.371,3.5252,5.7013
long,2h_current_return_pct,1.992892,lte,3.0573,5.7271,3.4095,6.0172
long,2h_current_return_pct,3.174864,lte,2.9218,6.2741,3.0658,6.6665
long,2h_current_return_pct,4.356836,lte,3.036,6.9454,3.2026,7.3748
long,2h_current_return_pct,5.538808,lte,3.1634,7.7917,3.4512,8.1204
long,2h_current_return_pct,6.72078,lte,3.3888,8.5362,3.6761,8.8766
long,2h_current_return_pct,7.902752,lte,3.5589,9.4152,3.8321,9.8094
long,2h_current_return_pct,9.084724,lte,3.6415,10.1847,3.878,10.7295
long,2h_current_return_pct,10.266696,lte,3.7469,11.3419,4.0984,11.4303
long,2h_current_return_pct,11.448668,lte,3.9297,11.8964,4.2581,12.0632
long,2h_current_return_pct,12.63064,lte,4.0306,12.6952,4.3417,12.9556
long,2h_current_return_pct,13.812612,lte,4.1197,13.1211,4.4223,13.445
long,2h_current_return_pct,14.994584,lte,4.2506,13.4671,4.6197,13.1342
long,2h_current_return_pct,16.176556,lte,4.2677,15.8371,4.6254,15.4548
long,2h_current_return_pct,17.358528,lte,4.3127,16.1775,4.6834,15.5486
long,2h_current_return_pct,18.5405,lte,4.3748,17.524,4.7344,16.8832
long,2h_current_return_pct,19.722472,lte,4.4054,18.7512,4.769,17.8907
long,2h_current_return_pct,20.904444,lte,4.45,20.0419,4.785,19.6468
long,2h_current_return_pct,22.086416,lte,4.4664,22.0346,4.7663,22.4737
long,2h_current_return_pct,23.268388,lte,4.5009,22.21,4.7955,22.8109
long,2h_current_return_pct,24.45036,lte,4.5323,22.4986,4.812,23.586
long,2h_current_return_pct,25.632332,lte,4.6259,22.0884,4.9043,23.3558
long,2h_current_return_pct,26.814304,lte,4.6369,22.4319,4.9163,23.7039
long,2h_current_return_pct,27.996276,lte,4.737,21.5517,5.0579,21.1156
long,2h_current_return_pct,29.178248,lte,4.8027,22.1715,5.1693,18.8471
long,2h_current_return_pct,30.36022,lte,4.8027,22.1715,5.1693,18.8471
long,2h_current_return_pct,31.542192,lte,4.8335,21.4706,5.2182,16.7385
long,2h_current_return_pct,32.724164,lte,4.8649,23.4762,5.2404,18.0921
long,2h_current_return_pct,33.906136,lte,4.8989,26.6815,5.2453,22.3722
long,2h_current_return_pct,35.088108,lte,4.8989,26.6815,5.2453,22.3722
long,2h_current_return_pct,36.27008,lte,4.9264,26.2864,5.2636,22.4841
long,2h_current_return_pct,37.452052,lte,4.9289,29.4824,5.2452,28.0949
long,2h_current_return_pct,38.634024,lte,4.9579,35.2853,5.292,29.0703
long,2h_current_return_pct,39.815996,lte,4.9579,35.2853,5.292,29.0703
long,2h_current_return_pct,40.997968,lte,5.0056,31.1802,5.3308,25.4331
long,2h_current_return_pct,42.17994,lte,5.0769,19.6041,5.3859,16.2723
long,2h_current_return_pct,43.361912,lte,5.0769,19.6041,5.3859,16.2723
long,2h_current_return_pct,44.543884,lte,5.0769,19.6041,5.3859,16.2723
long,2h_current_return_pct,45.725856,lte,5.0769,19.6041,5.3859,16.2723
long,2h_current_return_pct,46.907828,lte,5.0769,19.6041,5.3859,16.2723
long,2h_current_return_pct,48.0898,lte,5.0931,0.0,5.398,0.0
long,2h_current_volume_ratio,0.0,gte,5.0931,0.0,5.398,0.0
long,2h_current_volume_ratio,3.501358,gte,6.8249,4.6339,7.2484,4.9074
long,2h_current_volume_ratio,7.002716,gte,8.6966,4.7834,8.4628,5.1346
long,2h_current_volume_ratio,10.504074,gte,10.5557,4.8581,9.6583,5.2147
long,2h_current_volume_ratio,14.005432,gte,11.5953,4.9373,9.6707,5.2956
long,2h_current_volume_ratio,17.50679,gte,13.7373,4.9561,11.5859,5.2999
long,2h_current_volume_ratio,21.008148,gte,14.2396,4.9691,11.8074,5.3111
long,2h_current_volume_ratio,24.509506,gte,14.6251,4.9857,12.8905,5.3136
long,2h_current_volume_ratio,28.010864,gte,15.5358,4.9873,13.3783,5.3171
long,2h_current_volume_ratio,31.512222,gte,16.1916,5.0058,12.626,5.3412
long,2h_current_volume_ratio,35.01358,gte,17.5743,5.0091,10.9642,5.3605
long,2h_current_volume_ratio,38.514938,gte,20.8016,5.0051,14.9053,5.3447
long,2h_current_volume_ratio,42.016296,gte,20.8016,5.0051,14.9053,5.3447
long,2h_current_volume_ratio,45.517654,gte,17.9911,5.0499,16.3807,5.3612
long,2h_current_volume_ratio,49.019012,gte,19.8928,5.0601,16.897,5.3723
long,2h_current_volume_ratio,52.52037,gte,20.1815,5.0763,17.5216,5.3845
long,2h_current_volume_ratio,56.021728,gte,20.1815,5.0763,17.5216,5.3845
long,2h_current_volume_ratio,59.523086,gte,20.1815,5.0763,17.5216,5.3845
long,2h_current_volume_ratio,63.024444,gte,20.1815,5.0763,17.5216,5.3845
long,2h_current_volume_ratio,66.525802,gte,20.1815,5.0763,17.5216,5.3845
long,2h_current_volume_ratio,70.02716,gte,20.1815,5.0763,17.5216,5.3845
long,2h_current_volume_ratio,73.528518,gte,20.1815,5.0763,17.5216,5.3845
long,2h_current_volume_ratio,77.029876,gte,20.1815,5.0763,17.5216,5.3845
long,2h_current_volume_ratio,80.531234,gte,20.1815,5.0763,17.5216,5.3845
long,2h_current_volume_ratio,84.032592,gte,20.1815,5.0763,17.5216,5.3845
long,2h_current_volume_ratio,87.53395,gte,20.1815,5.0763,17.5216,5.3845
long,2h_current_volume_ratio,91.035308,gte,20.1815,5.0763,17.5216,5.3845
long,2h_current_volume_ratio,94.536666,gte,20.1815,5.0763,17.5216,5.3845
long,2h_current_volume_ratio,98.038024,gte,20.1815,5.0763,17.5216,5.3845
long,2h_current_volume_ratio,101.539382,gte,20.1815,5.0763,17.5216,5.3845
long,2h_current_volume_ratio,105.04074,gte,20.1815,5.0763,17.5216,5.3845
long,2h_current_volume_ratio,108.542098,gte,20.1815,5.0763,17.5216,5.3845
long,2h_current_volume_ratio,112.043456,gte,20.1815,5.0763,17.5216,5.3845
long,2h_current_volume_ratio,115.544814,gte,20.1815,5.0763,17.5216,5.3845
long,2h_current_volume_ratio,119.046172,gte,20.1815,5.0763,17.5216,5.3845
long,2h_current_volume_ratio,122.54753,gte,20.1815,5.0763,17.5216,5.3845
long,2h_current_volume_ratio,126.048888,gte,20.1815,5.0763,17.5216,5.3845
long,2h_current_volume_ratio,129.550246,gte,20.1815,5.0763,17.5216,5.3845
long,2h_current_volume_ratio,133.051604,gte,20.1815,5.0763,17.5216,5.3845
long,2h_current_volume_ratio,136.552962,gte,20.1815,5.0763,17.5216,5.3845
long,2h_current_volume_ratio,140.05432,gte,20.1815,5.0763,17.5216,5.3845
long,2h_current_volume_ratio,143.555678,gte,20.1815,5.0763,17.5216,5.3845
long,2h_current_volume_ratio,147.057036,gte,20.1815,5.0763,17.5216,5.3845
long,2h_current_volume_ratio,150.558394,gte,20.1815,5.0763,17.5216,5.3845
long,2h_current_volume_ratio,154.059752,gte,20.1815,5.0763,17.5216,5.3845
long,2h_current_volume_ratio,157.56111,gte,20.1815,5.0763,17.5216,5.3845
long,2h_current_volume_ratio,161.062468,gte,20.1815,5.0763,17.5216,5.3845
long,2h_current_volume_ratio,164.563826,gte,20.1815,5.0763,17.5216,5.3845
long,2h_current_volume_ratio,168.065184,gte,20.1815,5.0763,17.5216,5.3845
long,2h_current_volume_ratio,171.566542,gte,20.1815,5.0763,17.5216,5.3845
long,2h_current_volume_ratio,175.0679,gte,20.1815,5.0763,17.5216,5.3845
long,2h_current_volume_ratio,0.0,lte,6.8526,5.0813,5.3935,5.3981
long,2h_current_volume_ratio,3.501358,lte,4.6339,6.8249,4.9074,7.2484
long,2h_current_volume_ratio,7.002716,lte,4.7834,8.6966,5.1346,8.4628
long,2h_current_volume_ratio,10.504074,lte,4.8581,10.5557,5.2147,9.6583
long,2h_current_volume_ratio,14.005432,lte,4.9373,11.5953,5.2956,9.6707
long,2h_current_volume_ratio,17.50679,lte,4.9561,13.7373,5.2999,11.5859
long,2h_current_volume_ratio,21.008148,lte,4.9691,14.2396,5.3111,11.8074
long,2h_current_volume_ratio,24.509506,lte,4.9857,14.6251,5.3136,12.8905
long,2h_current_volume_ratio,28.010864,lte,4.9873,15.5358,5.3171,13.3783
long,2h_current_volume_ratio,31.512222,lte,5.0058,16.1916,5.3412,12.626
long,2h_current_volume_ratio,35.01358,lte,5.0091,17.5743,5.3605,10.9642
long,2h_current_volume_ratio,38.514938,lte,5.0051,20.8016,5.3447,14.9053
long,2h_current_volume_ratio,42.016296,lte,5.0051,20.8016,5.3447,14.9053
long,2h_current_volume_ratio,45.517654,lte,5.0499,17.9911,5.3612,16.3807
long,2h_current_volume_ratio,49.019012,lte,5.0601,19.8928,5.3723,16.897
long,2h_current_volume_ratio,52.52037,lte,5.0763,20.1815,5.3845,17.5216
long,2h_current_volume_ratio,56.021728,lte,5.0763,20.1815,5.3845,17.5216
long,2h_current_volume_ratio,59.523086,lte,5.0763,20.1815,5.3845,17.5216
long,2h_current_volume_ratio,63.024444,lte,5.0763,20.1815,5.3845,17.5216
long,2h_current_volume_ratio,66.525802,lte,5.0763,20.1815,5.3845,17.5216
long,2h_current_volume_ratio,70.02716,lte,5.0763,20.1815,5.3845,17.5216
long,2h_current_volume_ratio,73.528518,lte,5.0763,20.1815,5.3845,17.5216
long,2h_current_volume_ratio,77.029876,lte,5.0763,20.1815,5.3845,17.5216
long,2h_current_volume_ratio,80.531234,lte,5.0763,20.1815,5.3845,17.5216
long,2h_current_volume_ratio,84.032592,lte,5.0763,20.1815,5.3845,17.5216
long,2h_current_volume_ratio,87.53395,lte,5.0763,20.1815,5.3845,17.5216
long,2h_current_volume_ratio,91.035308,lte,5.0763,20.1815,5.3845,17.5216
long,2h_current_volume_ratio,94.536666,lte,5.0763,20.1815,5.3845,17.5216
long,2h_current_volume_ratio,98.038024,lte,5.0763,20.1815,5.3845,17.5216
long,2h_current_volume_ratio,101.539382,lte,5.0763,20.1815,5.3845,17.5216
long,2h_current_volume_ratio,105.04074,lte,5.0763,20.1815,5.3845,17.5216
long,2h_current_volume_ratio,108.542098,lte,5.0763,20.1815,5.3845,17.5216
long,2h_current_volume_ratio,112.043456,lte,5.0763,20.1815,5.3845,17.5216
long,2h_current_volume_ratio,115.544814,lte,5.0763,20.1815,5.3845,17.5216
long,2h_current_volume_ratio,119.046172,lte,5.0763,20.1815,5.3845,17.5216
long,2h_current_volume_ratio,122.54753,lte,5.0763,20.1815,5.3845,17.5216
long,2h_current_volume_ratio,126.048888,lte,5.0763,20.1815,5.3845,17.5216
long,2h_current_volume_ratio,129.550246,lte,5.0763,20.1815,5.3845,17.5216
long,2h_current_volume_ratio,133.051604,lte,5.0763,20.1815,5.3845,17.5216
long,2h_current_volume_ratio,136.552962,lte,5.0763,20.1815,5.3845,17.5216
long,2h_current_volume_ratio,140.05432,lte,5.0763,20.1815,5.3845,17.5216
long,2h_current_volume_ratio,143.555678,lte,5.0763,20.1815,5.3845,17.5216
long,2h_current_volume_ratio,147.057036,lte,5.0763,20.1815,5.3845,17.5216
long,2h_current_volume_ratio,150.558394,lte,5.0763,20.1815,5.3845,17.5216
long,2h_current_volume_ratio,154.059752,lte,5.0763,20.1815,5.3845,17.5216
long,2h_current_volume_ratio,157.56111,lte,5.0763,20.1815,5.3845,17.5216
long,2h_current_volume_ratio,161.062468,lte,5.0763,20.1815,5.3845,17.5216
long,2h_current_volume_ratio,164.563826,lte,5.0763,20.1815,5.3845,17.5216
long,2h_current_volume_ratio,168.065184,lte,5.0763,20.1815,5.3845,17.5216
long,2h_current_volume_ratio,171.566542,lte,5.0763,20.1815,5.3845,17.5216
long,2h_current_volume_ratio,175.0679,lte,5.0931,0.0,5.398,0.0
long,2h_previous_body_pct,0.0,gte,5.0931,0.0,5.398,0.0
long,2h_previous_body_pct,0.76514,gte,5.319,4.2357,5.8449,3.7014
long,2h_previous_body_pct,1.53028,gte,5.7498,3.9703,6.292,3.8694
long,2h_previous_body_pct,2.29542,gte,6.0729,4.1413,6.5044,4.3232
long,2h_previous_body_pct,3.06056,gte,6.5282,4.1877,7.0505,4.3554
long,2h_previous_body_pct,3.8257,gte,6.5641,4.4462,7.1298,4.6364
long,2h_previous_body_pct,4.59084,gte,6.8881,4.5168,7.8288,4.6176
long,2h_previous_body_pct,5.35598,gte,7.4451,4.515,8.2606,4.6943
long,2h_previous_body_pct,6.12112,gte,6.9653,4.7142,8.129,4.8452
long,2h_previous_body_pct,6.88626,gte,7.2664,4.7115,8.5818,4.8389
long,2h_previous_body_pct,7.6514,gte,6.9628,4.8071,8.46,4.9297
long,2h_previous_body_pct,8.41654,gte,6.4741,4.9199,7.5495,5.1281
long,2h_previous_body_pct,9.18168,gte,6.9538,4.9034,8.4498,5.0868
long,2h_previous_body_pct,9.94682,gte,6.9241,4.9309,8.5036,5.1229
long,2h_previous_body_pct,10.71196,gte,7.1943,4.9344,8.7387,5.1457
long,2h_previous_body_pct,11.4771,gte,7.2036,4.9499,8.5805,5.1821
long,2h_previous_body_pct,12.24224,gte,7.4349,4.9694,9.2736,5.1933
long,2h_previous_body_pct,13.00738,gte,7.4607,4.9826,9.9385,5.1861
long,2h_previous_body_pct,13.77252,gte,7.5123,4.9891,10.0067,5.1997
long,2h_previous_body_pct,14.53766,gte,7.646,4.9956,10.1035,5.2183
long,2h_previous_body_pct,15.3028,gte,7.7939,5.0125,10.7544,5.2381
long,2h_previous_body_pct,16.06794,gte,7.3492,5.0338,9.9485,5.2783
long,2h_previous_body_pct,16.83308,gte,7.3244,5.037,9.3736,5.2981
long,2h_previous_body_pct,17.59822,gte,7.9362,5.025,10.0786,5.2858
long,2h_previous_body_pct,18.36336,gte,7.6057,5.0417,9.0662,5.3229
long,2h_previous_body_pct,19.1285,gte,9.587,5.0115,12.1289,5.2758
long,2h_previous_body_pct,19.89364,gte,7.4226,5.0562,7.8235,5.3596
long,2h_previous_body_pct,20.65878,gte,7.5396,5.06,8.1658,5.3605
long,2h_previous_body_pct,21.42392,gte,8.6179,5.0494,9.0469,5.3527
long,2h_previous_body_pct,22.18906,gte,8.4656,5.0551,8.9593,5.3579
long,2h_previous_body_pct,22.9542,gte,8.4656,5.0551,8.9593,5.3579
long,2h_previous_body_pct,23.71934,gte,8.4656,5.0551,8.9593,5.3579
long,2h_previous_body_pct,24.48448,gte,8.4656,5.0551,8.9593,5.3579
long,2h_previous_body_pct,25.24962,gte,8.4656,5.0551,8.9593,5.3579
long,2h_previous_body_pct,26.01476,gte,8.4656,5.0551,8.9593,5.3579
long,2h_previous_body_pct,26.7799,gte,8.4656,5.0551,8.9593,5.3579
long,2h_previous_body_pct,27.54504,gte,6.8076,5.0777,7.2719,5.3812
long,2h_previous_body_pct,28.31018,gte,7.2618,5.0785,9.9742,5.3672
long,2h_previous_body_pct,29.07532,gte,7.3359,5.0806,8.5585,5.3803
long,2h_previous_body_pct,29.84046,gte,7.3359,5.0806,8.5585,5.3803
long,2h_previous_body_pct,30.6056,gte,7.3359,5.0806,8.5585,5.3803
long,2h_previous_body_pct,31.37074,gte,6.0664,5.0888,-2.9708,5.4355
long,2h_previous_body_pct,32.13588,gte,8.6932,5.0811,-0.2474,5.417
long,2h_previous_body_pct,32.90102,gte,13.9546,5.0733,10.3443,5.387
long,2h_previous_body_pct,33.66616,gte,13.9546,5.0733,10.3443,5.387
long,2h_previous_body_pct,34.4313,gte,13.9546,5.0733,10.3443,5.387
long,2h_previous_body_pct,35.19644,gte,13.9546,5.0733,10.3443,5.387
long,2h_previous_body_pct,35.96158,gte,13.6235,5.0836,13.6463,5.3888
long,2h_previous_body_pct,36.72672,gte,13.6235,5.0836,13.6463,5.3888
long,2h_previous_body_pct,37.49186,gte,13.6235,5.0836,13.6463,5.3888
long,2h_previous_body_pct,38.257,gte,13.6235,5.0836,13.6463,5.3888
long,2h_previous_body_pct,0.0,lte,6.1095,5.084,4.6093,5.4051
long,2h_previous_body_pct,0.76514,lte,4.2357,5.319,3.7014,5.8449
long,2h_previous_body_pct,1.53028,lte,3.9703,5.7498,3.8694,6.292
long,2h_previous_body_pct,2.29542,lte,4.1413,6.0729,4.3232,6.5044
long,2h_previous_body_pct,3.06056,lte,4.1877,6.5282,4.3554,7.0505
long,2h_previous_body_pct,3.8257,lte,4.4462,6.5641,4.6364,7.1298
long,2h_previous_body_pct,4.59084,lte,4.5168,6.8881,4.6176,7.8288
long,2h_previous_body_pct,5.35598,lte,4.515,7.4451,4.6943,8.2606
long,2h_previous_body_pct,6.12112,lte,4.7142,6.9653,4.8452,8.129
long,2h_previous_body_pct,6.88626,lte,4.7115,7.2664,4.8389,8.5818
long,2h_previous_body_pct,7.6514,lte,4.8071,6.9628,4.9297,8.46
long,2h_previous_body_pct,8.41654,lte,4.9199,6.4741,5.1281,7.5495
long,2h_previous_body_pct,9.18168,lte,4.9034,6.9538,5.0868,8.4498
long,2h_previous_body_pct,9.94682,lte,4.9309,6.9241,5.1229,8.5036
long,2h_previous_body_pct,10.71196,lte,4.9344,7.1943,5.1457,8.7387
long,2h_previous_body_pct,11.4771,lte,4.9499,7.2036,5.1821,8.5805
long,2h_previous_body_pct,12.24224,lte,4.9694,7.4349,5.1933,9.2736
long,2h_previous_body_pct,13.00738,lte,4.9826,7.4607,5.1861,9.9385
long,2h_previous_body_pct,13.77252,lte,4.9891,7.5123,5.1997,10.0067
long,2h_previous_body_pct,14.53766,lte,4.9956,7.646,5.2183,10.1035
long,2h_previous_body_pct,15.3028,lte,5.0125,7.7939,5.2381,10.7544
long,2h_previous_body_pct,16.06794,lte,5.0338,7.3492,5.2783,9.9485
long,2h_previous_body_pct,16.83308,lte,5.037,7.3244,5.2981,9.3736
long,2h_previous_body_pct,17.59822,lte,5.025,7.9362,5.2858,10.0786
long,2h_previous_body_pct,18.36336,lte,5.0417,7.6057,5.3229,9.0662
long,2h_previous_body_pct,19.1285,lte,5.0115,9.587,5.2758,12.1289
long,2h_previous_body_pct,19.89364,lte,5.0562,7.4226,5.3596,7.8235
long,2h_previous_body_pct,20.65878,lte,5.06,7.5396,5.3605,8.1658
long,2h_previous_body_pct,21.42392,lte,5.0494,8.6179,5.3527,9.0469
long,2h_previous_body_pct,22.18906,lte,5.0551,8.4656,5.3579,8.9593
long,2h_previous_body_pct,22.9542,lte,5.0551,8.4656,5.3579,8.9593
long,2h_previous_body_pct,23.71934,lte,5.0551,8.4656,5.3579,8.9593
long,2h_previous_body_pct,24.48448,lte,5.0551,8.4656,5.3579,8.9593
long,2h_previous_body_pct,25.24962,lte,5.0551,8.4656,5.3579,8.9593
long,2h_previous_body_pct,26.01476,lte,5.0551,8.4656,5.3579,8.9593
long,2h_previous_body_pct,26.7799,lte,5.0551,8.4656,5.3579,8.9593
long,2h_previous_body_pct,27.54504,lte,5.0777,6.8076,5.3812,7.2719
long,2h_previous_body_pct,28.31018,lte,5.0785,7.2618,5.3672,9.9742
long,2h_previous_body_pct,29.07532,lte,5.0806,7.3359,5.3803,8.5585
long,2h_previous_body_pct,29.84046,lte,5.0806,7.3359,5.3803,8.5585
long,2h_previous_body_pct,30.6056,lte,5.0806,7.3359,5.3803,8.5585
long,2h_previous_body_pct,31.37074,lte,5.0888,6.0664,5.4355,-2.9708
long,2h_previous_body_pct,32.13588,lte,5.0811,8.6932,5.417,-0.2474
long,2h_previous_body_pct,32.90102,lte,5.0733,13.9546,5.387,10.3443
long,2h_previous_body_pct,33.66616,lte,5.0733,13.9546,5.387,10.3443
long,2h_previous_body_pct,34.4313,lte,5.0733,13.9546,5.387,10.3443
long,2h_previous_body_pct,35.19644,lte,5.0733,13.9546,5.387,10.3443
long,2h_previous_body_pct,35.96158,lte,5.0836,13.6235,5.3888,13.6463
long,2h_previous_body_pct,36.72672,lte,5.0836,13.6235,5.3888,13.6463
long,2h_previous_body_pct,37.49186,lte,5.0836,13.6235,5.3888,13.6463
long,2h_previous_body_pct,38.257,lte,5.0931,0.0,5.398,0.0
long,2h_previous_close_position,0.0,gte,5.0931,0.0,5.398,0.0
long,2h_previous_close_position,0.02,gte,5.1012,4.4999,5.4253,3.3886
long,2h_previous_close_position,0.04,gte,5.1198,4.0339,5.4397,3.7401
long,2h_previous_close_position,0.06,gte,5.0782,5.4127,5.4049,5.2503
long,2h_previous_close_position,0.08,gte,5.0765,5.3628,5.4242,4.973
long,2h_previous_close_position,0.1,gte,5.0909,5.1225,5.4527,4.674
long,2h_previous_close_position,0.12,gte,5.0927,5.0975,5.4693,4.6168
long,2h_previous_close_position,0.14,gte,5.1326,4.7209,5.5014,4.4231
long,2h_previous_close_position,0.16,gte,5.1084,4.9646,5.4726,4.7682
long,2h_previous_close_position,0.18,gte,5.1183,4.9096,5.4886,4.7363
long,2h_previous_close_position,0.2,gte,5.1281,4.8645,5.4789,4.8694
long,2h_previous_close_position,0.22,gte,5.0312,5.4398,5.4795,4.9423
long,2h_previous_close_position,0.24,gte,5.0274,5.4032,5.425,5.271
long,2h_previous_close_position,0.26,gte,5.0274,5.3683,5.4353,5.2419
long,2h_previous_close_position,0.28,gte,4.9687,5.5625,5.3926,5.4184
long,2h_previous_close_position,0.3,gte,5.0258,5.3218,5.4714,5.1489
long,2h_previous_close_position,0.32,gte,5.0313,5.2767,5.5186,5.0401
long,2h_previous_close_position,0.34,gte,5.0111,5.3177,5.4516,5.2513
long,2h_previous_close_position,0.36,gte,5.0305,5.2457,5.3951,5.4051
long,2h_previous_close_position,0.38,gte,5.018,5.264,5.3744,5.4518
long,2h_previous_close_position,0.4,gte,5.0806,5.1199,5.3571,5.4855
long,2h_previous_close_position,0.42,gte,5.1221,5.0372,5.4021,5.3902
long,2h_previous_close_position,0.44,gte,5.1011,5.0791,5.4046,5.3864
long,2h_previous_close_position,0.46,gte,5.134,5.0267,5.4119,5.3755
long,2h_previous_close_position,0.48,gte,5.098,5.0858,5.2786,5.5779
long,2h_previous_close_position,0.5,gte,5.0129,5.2069,5.2088,5.6663
long,2h_previous_close_position,0.52,gte,5.0513,5.1471,5.3157,5.5041
long,2h_previous_close_position,0.54,gte,5.0941,5.092,5.3289,5.4783
long,2h_previous_close_position,0.56,gte,5.1351,5.0471,5.4401,5.3519
long,2h_previous_close_position,0.58,gte,5.1666,5.0185,5.4587,5.3364
long,2h_previous_close_position,0.6,gte,5.1909,5.0007,5.4997,5.3018
long,2h_previous_close_position,0.62,gte,5.3045,4.9111,5.6114,5.2143
long,2h_previous_close_position,0.64,gte,5.3535,4.891,5.6758,5.1824
long,2h_previous_close_position,0.66,gte,5.3929,4.8748,5.7385,5.15
long,2h_previous_close_position,0.68,gte,5.4307,4.871,5.8065,5.1292
long,2h_previous_close_position,0.7,gte,5.4331,4.8886,5.8982,5.097
long,2h_previous_close_position,0.72,gte,5.4741,4.8879,5.998,5.0749
long,2h_previous_close_position,0.74,gte,5.7004,4.7834,6.3468,4.914
long,2h_previous_close_position,0.76,gte,5.7756,4.7802,6.4336,4.9232
long,2h_previous_close_position,0.78,gte,5.8585,4.779,6.4829,4.9528
long,2h_previous_close_position,0.8,gte,5.9279,4.783,6.3733,5.0356
long,2h_previous_close_position,0.82,gte,5.8002,4.8536,6.1114,5.1563
long,2h_previous_close_position,0.84,gte,5.8072,4.8666,6.0588,5.1884
long,2h_previous_close_position,0.86,gte,5.6978,4.9381,6.5515,5.1024
long,2h_previous_close_position,0.88,gte,5.3526,5.0377,5.8396,5.3036
long,2h_previous_close_position,0.9,gte,4.8588,5.1314,5.5372,5.3753
long,2h_previous_close_position,0.92,gte,5.3063,5.0655,5.6917,5.3599
long,2h_previous_close_position,0.94,gte,5.8797,5.0276,5.8268,5.3623
long,2h_previous_close_position,0.96,gte,5.9726,5.0456,5.4122,5.3973
long,2h_previous_close_position,0.98,gte,5.5207,5.0819,3.9236,5.4368
long,2h_previous_close_position,1.0,gte,3.5434,5.1036,1.962,5.4212
long,2h_previous_close_position,0.0,lte,6.8526,5.0813,5.3935,5.3981
long,2h_previous_close_position,0.02,lte,4.4999,5.1012,3.3886,5.4253
long,2h_previous_close_position,0.04,lte,4.0339,5.1198,3.7401,5.4397
long,2h_previous_close_position,0.06,lte,5.4127,5.0782,5.2503,5.4049
long,2h_previous_close_position,0.08,lte,5.3628,5.0765,4.973,5.4242
long,2h_previous_close_position,0.1,lte,5.1346,5.0899,4.6902,5.4524
long,2h_previous_close_position,0.12,lte,5.0975,5.0927,4.6168,5.4693
long,2h_previous_close_position,0.14,lte,4.7209,5.1326,4.4231,5.5014
long,2h_previous_close_position,0.16,lte,4.9646,5.1084,4.7682,5.4726
long,2h_previous_close_position,0.18,lte,4.9096,5.1183,4.7363,5.4886
long,2h_previous_close_position,0.2,lte,4.7686,5.1442,4.7244,5.5041
long,2h_previous_close_position,0.22,lte,5.4398,5.0312,4.9423,5.4795
long,2h_previous_close_position,0.24,lte,5.4032,5.0274,5.271,5.425
long,2h_previous_close_position,0.26,lte,5.3683,5.0274,5.2419,5.4353
long,2h_previous_close_position,0.28,lte,5.5625,4.9687,5.4184,5.3926
long,2h_previous_close_position,0.3,lte,5.3218,5.0258,5.1489,5.4714
long,2h_previous_close_position,0.32,lte,5.2767,5.0313,5.0401,5.5186
long,2h_previous_close_position,0.34,lte,5.3177,5.0111,5.2513,5.4516
long,2h_previous_close_position,0.36,lte,5.2457,5.0305,5.4051,5.3951
long,2h_previous_close_position,0.38,lte,5.264,5.018,5.4518,5.3744
long,2h_previous_close_position,0.4,lte,5.1199,5.0806,5.4855,5.3571
long,2h_previous_close_position,0.42,lte,5.0372,5.1221,5.3902,5.4021
long,2h_previous_close_position,0.44,lte,5.0791,5.1011,5.3864,5.4046
long,2h_previous_close_position,0.46,lte,5.0267,5.134,5.3755,5.4119
long,2h_previous_close_position,0.48,lte,5.0858,5.098,5.5779,5.2786
long,2h_previous_close_position,0.5,lte,5.2721,4.9657,5.6625,5.2097
long,2h_previous_close_position,0.52,lte,5.1471,5.0513,5.5041,5.3157
long,2h_previous_close_position,0.54,lte,5.092,5.0941,5.4783,5.3289
long,2h_previous_close_position,0.56,lte,5.0471,5.1351,5.3519,5.4401
long,2h_previous_close_position,0.58,lte,5.0185,5.1666,5.3364,5.4587
long,2h_previous_close_position,0.6,lte,4.9914,5.2016,5.3136,5.4881
long,2h_previous_close_position,0.62,lte,4.9111,5.3045,5.2143,5.6114
long,2h_previous_close_position,0.64,lte,4.8811,5.3676,5.166,5.6982
long,2h_previous_close_position,0.66,lte,4.8748,5.3929,5.15,5.7385
long,2h_previous_close_position,0.68,lte,4.871,5.4307,5.1292,5.8065
long,2h_previous_close_position,0.7,lte,4.8691,5.4689,5.0772,5.9362
long,2h_previous_close_position,0.72,lte,4.8879,5.4741,5.0749,5.998
long,2h_previous_close_position,0.74,lte,4.7834,5.7004,4.914,6.3468
long,2h_previous_close_position,0.76,lte,4.7818,5.7756,4.9203,6.4452
long,2h_previous_close_position,0.78,lte,4.779,5.8585,4.9528,6.4829
long,2h_previous_close_position,0.8,lte,4.783,5.9279,5.0356,6.3733
long,2h_previous_close_position,0.82,lte,4.8536,5.8002,5.1563,6.1114
long,2h_previous_close_position,0.84,lte,4.8666,5.8072,5.1884,6.0588
long,2h_previous_close_position,0.86,lte,4.9381,5.6978,5.1024,6.5515
long,2h_previous_close_position,0.88,lte,5.0377,5.3526,5.3036,5.8396
long,2h_previous_close_position,0.9,lte,5.1314,4.8588,5.3753,5.5372
long,2h_previous_close_position,0.92,lte,5.0655,5.3063,5.3599,5.6917
long,2h_previous_close_position,0.94,lte,5.0276,5.8797,5.3623,5.8268
long,2h_previous_close_position,0.96,lte,5.038,6.1363,5.3896,5.5576
long,2h_previous_close_position,0.98,lte,5.0819,5.5207,5.4368,3.9236
long,2h_previous_close_position,1.0,lte,5.0931,0.0,5.398,0.0
long,2h_previous_compression,0.0,gte,5.0931,0.0,5.398,0.0
long,2h_previous_compression,1.9,gte,6.0422,5.0453,6.7872,5.3281
long,2h_previous_compression,3.8,gte,5.2432,5.0902,5.9114,5.3881
long,2h_previous_compression,5.7,gte,4.6254,5.0968,4.6922,5.4036
long,2h_previous_compression,7.6,gte,7.9707,5.0835,6.8513,5.3931
long,2h_previous_compression,9.5,gte,10.4834,5.0811,9.7248,5.3884
long,2h_previous_compression,11.4,gte,10.4834,5.0811,9.7248,5.3884
long,2h_previous_compression,13.3,gte,10.4834,5.0811,9.7248,5.3884
long,2h_previous_compression,15.2,gte,10.4834,5.0811,9.7248,5.3884
long,2h_previous_compression,17.1,gte,20.1815,5.0763,17.5216,5.3845
long,2h_previous_compression,19.0,gte,20.1815,5.0763,17.5216,5.3845
long,2h_previous_compression,0.0,lte,5.0664,5.3907,5.3062,6.4197
long,2h_previous_compression,1.9,lte,5.0453,6.0422,5.3281,6.7872
long,2h_previous_compression,3.8,lte,5.0902,5.2432,5.3881,5.9114
long,2h_previous_compression,5.7,lte,5.0968,4.6254,5.4036,4.6922
long,2h_previous_compression,7.6,lte,5.0835,7.9707,5.3931,6.8513
long,2h_previous_compression,9.5,lte,5.0811,10.4834,5.3884,9.7248
long,2h_previous_compression,11.4,lte,5.0811,10.4834,5.3884,9.7248
long,2h_previous_compression,13.3,lte,5.0811,10.4834,5.3884,9.7248
long,2h_previous_compression,15.2,lte,5.0811,10.4834,5.3884,9.7248
long,2h_previous_compression,17.1,lte,5.0763,20.1815,5.3845,17.5216
long,2h_previous_compression,19.0,lte,5.0931,0.0,5.398,0.0
long,2h_previous_ma20_distance_pct,-55.2718,gte,5.0931,0.0,5.398,0.0
long,2h_previous_ma20_distance_pct,-52.196378,gte,5.0992,-0.3193,5.3983,5.1798
long,2h_previous_ma20_distance_pct,-49.120956,gte,5.0992,-0.3193,5.3983,5.1798
long,2h_previous_ma20_distance_pct,-46.045534,gte,5.0992,-0.3193,5.3983,5.1798
long,2h_previous_ma20_distance_pct,-42.970112,gte,5.0992,-0.3193,5.3983,5.1798
long,2h_previous_ma20_distance_pct,-39.89469,gte,5.0992,-0.3193,5.3983,5.1798
long,2h_previous_ma20_distance_pct,-36.819268,gte,5.0992,-0.3193,5.3983,5.1798
long,2h_previous_ma20_distance_pct,-33.743846,gte,5.0992,-0.3193,5.3983,5.1798
long,2h_previous_ma20_distance_pct,-30.668424,gte,5.0992,-0.3193,5.3983,5.1798
long,2h_previous_ma20_distance_pct,-27.593002,gte,5.0992,-0.3193,5.3983,5.1798
long,2h_previous_ma20_distance_pct,-24.51758,gte,5.0868,7.9122,5.3843,11.5227
long,2h_previous_ma20_distance_pct,-21.442158,gte,5.0909,5.7699,5.3856,9.1029
long,2h_previous_ma20_distance_pct,-18.366736,gte,5.0764,8.0868,5.3571,12.6918
long,2h_previous_ma20_distance_pct,-15.291314,gte,5.0791,6.0444,5.418,4.0389
long,2h_previous_ma20_distance_pct,-12.215892,gte,5.0541,6.4539,5.4199,4.6346
long,2h_previous_ma20_distance_pct,-9.14047,gte,5.0427,6.1465,5.4365,4.5951
long,2h_previous_ma20_distance_pct,-6.065048,gte,5.0606,5.4206,5.5063,4.3077
long,2h_previous_ma20_distance_pct,-2.989626,gte,5.159,4.7212,5.5988,4.2649
long,2h_previous_ma20_distance_pct,0.085796,gte,5.4431,4.2024,5.8951,4.1328
long,2h_previous_ma20_distance_pct,3.161218,gte,5.67,4.2715,6.2196,4.2278
long,2h_previous_ma20_distance_pct,6.23664,gte,5.9104,4.3473,6.6557,4.2502
long,2h_previous_ma20_distance_pct,9.312062,gte,6.2835,4.3802,7.048,4.4098
long,2h_previous_ma20_distance_pct,12.387484,gte,6.802,4.3689,7.7371,4.4067
long,2h_previous_ma20_distance_pct,15.462906,gte,7.1152,4.4635,8.0264,4.5795
long,2h_previous_ma20_distance_pct,18.538328,gte,7.0637,4.6324,7.7675,4.844
long,2h_previous_ma20_distance_pct,21.61375,gte,7.5889,4.6159,8.5771,4.7901
long,2h_previous_ma20_distance_pct,24.689172,gte,7.3103,4.7606,7.9927,5.0088
long,2h_previous_ma20_distance_pct,27.764594,gte,7.3412,4.8237,8.1135,5.0726
long,2h_previous_ma20_distance_pct,30.840016,gte,7.1102,4.8929,8.6574,5.0745
long,2h_previous_ma20_distance_pct,33.915438,gte,7.3051,4.9146,9.2919,5.0837
long,2h_previous_ma20_distance_pct,36.99086,gte,5.7944,5.0455,6.7786,5.3043
long,2h_previous_ma20_distance_pct,40.066282,gte,5.7445,5.0563,6.0855,5.3592
long,2h_previous_ma20_distance_pct,43.141704,gte,5.0063,5.0974,5.8695,5.3749
long,2h_previous_ma20_distance_pct,46.217126,gte,4.7637,5.1073,5.5592,5.3911
long,2h_previous_ma20_distance_pct,49.292548,gte,5.0538,5.0945,6.0423,5.3757
long,2h_previous_ma20_distance_pct,52.36797,gte,4.5325,5.1105,4.8358,5.4155
long,2h_previous_ma20_distance_pct,55.443392,gte,4.6695,5.1043,5.2875,5.4009
long,2h_previous_ma20_distance_pct,58.518814,gte,4.028,5.1174,5.2396,5.4016
long,2h_previous_ma20_distance_pct,61.594236,gte,3.3497,5.1288,4.4171,5.4181
long,2h_previous_ma20_distance_pct,64.669658,gte,1.2152,5.1591,2.9652,5.4394
long,2h_previous_ma20_distance_pct,67.74508,gte,0.1304,5.1661,-0.7668,5.4887
long,2h_previous_ma20_distance_pct,70.820502,gte,0.488,5.1556,1.6614,5.4487
long,2h_previous_ma20_distance_pct,73.895924,gte,3.8334,5.1059,6.0505,5.3914
long,2h_previous_ma20_distance_pct,76.971346,gte,-0.4329,5.1303,2.8589,5.4151
long,2h_previous_ma20_distance_pct,80.046768,gte,-0.954,5.127,1.8491,5.4179
long,2h_previous_ma20_distance_pct,83.12219,gte,-0.954,5.127,1.8491,5.4179
long,2h_previous_ma20_distance_pct,86.197612,gte,-4.312,5.1353,-3.8267,5.4393
long,2h_previous_ma20_distance_pct,89.273034,gte,-1.8596,5.1087,7.2948,5.3938
long,2h_previous_ma20_distance_pct,92.348456,gte,-1.8596,5.1087,7.2948,5.3938
long,2h_previous_ma20_distance_pct,95.423878,gte,-6.5888,5.1062,9.0885,5.3939
long,2h_previous_ma20_distance_pct,98.4993,gte,-6.5888,5.1062,9.0885,5.3939
long,2h_previous_ma20_distance_pct,-55.2718,lte,-0.3193,5.0992,5.1798,5.3983
long,2h_previous_ma20_distance_pct,-52.196378,lte,-0.3193,5.0992,5.1798,5.3983
long,2h_previous_ma20_distance_pct,-49.120956,lte,-0.3193,5.0992,5.1798,5.3983
long,2h_previous_ma20_distance_pct,-46.045534,lte,-0.3193,5.0992,5.1798,5.3983
long,2h_previous_ma20_distance_pct,-42.970112,lte,-0.3193,5.0992,5.1798,5.3983
long,2h_previous_ma20_distance_pct,-39.89469,lte,-0.3193,5.0992,5.1798,5.3983
long,2h_previous_ma20_distance_pct,-36.819268,lte,-0.3193,5.0992,5.1798,5.3983
long,2h_previous_ma20_distance_pct,-33.743846,lte,-0.3193,5.0992,5.1798,5.3983
long,2h_previous_ma20_distance_pct,-30.668424,lte,-0.3193,5.0992,5.1798,5.3983
long,2h_previous_ma20_distance_pct,-27.593002,lte,-0.3193,5.0992,5.1798,5.3983
long,2h_previous_ma20_distance_pct,-24.51758,lte,7.9122,5.0868,11.5227,5.3843
long,2h_previous_ma20_distance_pct,-21.442158,lte,5.7699,5.0909,9.1029,5.3856
long,2h_previous_ma20_distance_pct,-18.366736,lte,8.0868,5.0764,12.6918,5.3571
long,2h_previous_ma20_distance_pct,-15.291314,lte,6.0444,5.0791,4.0389,5.418
long,2h_previous_ma20_distance_pct,-12.215892,lte,6.4539,5.0541,4.6346,5.4199
long,2h_previous_ma20_distance_pct,-9.14047,lte,6.1465,5.0427,4.5951,5.4365
long,2h_previous_ma20_distance_pct,-6.065048,lte,5.4206,5.0606,4.3077,5.5063
long,2h_previous_ma20_distance_pct,-2.989626,lte,4.7212,5.159,4.2649,5.5988
long,2h_previous_ma20_distance_pct,0.085796,lte,4.2024,5.4431,4.1328,5.8951
long,2h_previous_ma20_distance_pct,3.161218,lte,4.2715,5.67,4.2278,6.2196
long,2h_previous_ma20_distance_pct,6.23664,lte,4.3473,5.9104,4.2502,6.6557
long,2h_previous_ma20_distance_pct,9.312062,lte,4.3802,6.2835,4.4098,7.048
long,2h_previous_ma20_distance_pct,12.387484,lte,4.3689,6.802,4.4067,7.7371
long,2h_previous_ma20_distance_pct,15.462906,lte,4.4635,7.1152,4.5795,8.0264
long,2h_previous_ma20_distance_pct,18.538328,lte,4.6324,7.0637,4.844,7.7675
long,2h_previous_ma20_distance_pct,21.61375,lte,4.6159,7.5889,4.7901,8.5771
long,2h_previous_ma20_distance_pct,24.689172,lte,4.7606,7.3103,5.0088,7.9927
long,2h_previous_ma20_distance_pct,27.764594,lte,4.8237,7.3412,5.0726,8.1135
long,2h_previous_ma20_distance_pct,30.840016,lte,4.8929,7.1102,5.0745,8.6574
long,2h_previous_ma20_distance_pct,33.915438,lte,4.9146,7.3051,5.0837,9.2919
long,2h_previous_ma20_distance_pct,36.99086,lte,5.0455,5.7944,5.3043,6.7786
long,2h_previous_ma20_distance_pct,40.066282,lte,5.0563,5.7445,5.3592,6.0855
long,2h_previous_ma20_distance_pct,43.141704,lte,5.0974,5.0063,5.3749,5.8695
long,2h_previous_ma20_distance_pct,46.217126,lte,5.1073,4.7637,5.3911,5.5592
long,2h_previous_ma20_distance_pct,49.292548,lte,5.0945,5.0538,5.3757,6.0423
long,2h_previous_ma20_distance_pct,52.36797,lte,5.1105,4.5325,5.4155,4.8358
long,2h_previous_ma20_distance_pct,55.443392,lte,5.1043,4.6695,5.4009,5.2875
long,2h_previous_ma20_distance_pct,58.518814,lte,5.1174,4.028,5.4016,5.2396
long,2h_previous_ma20_distance_pct,61.594236,lte,5.1288,3.3497,5.4181,4.4171
long,2h_previous_ma20_distance_pct,64.669658,lte,5.1591,1.2152,5.4394,2.9652
long,2h_previous_ma20_distance_pct,67.74508,lte,5.1661,0.1304,5.4887,-0.7668
long,2h_previous_ma20_distance_pct,70.820502,lte,5.1556,0.488,5.4487,1.6614
long,2h_previous_ma20_distance_pct,73.895924,lte,5.1059,3.8334,5.3914,6.0505
long,2h_previous_ma20_distance_pct,76.971346,lte,5.1303,-0.4329,5.4151,2.8589
long,2h_previous_ma20_distance_pct,80.046768,lte,5.127,-0.954,5.4179,1.8491
long,2h_previous_ma20_distance_pct,83.12219,lte,5.127,-0.954,5.4179,1.8491
long,2h_previous_ma20_distance_pct,86.197612,lte,5.1353,-4.312,5.4393,-3.8267
long,2h_previous_ma20_distance_pct,89.273034,lte,5.1087,-1.8596,5.3938,7.2948
long,2h_previous_ma20_distance_pct,92.348456,lte,5.1087,-1.8596,5.3938,7.2948
long,2h_previous_ma20_distance_pct,95.423878,lte,5.1062,-6.5888,5.3939,9.0885
long,2h_previous_ma20_distance_pct,98.4993,lte,5.0931,0.0,5.398,0.0
long,2h_previous_range_pct,0.0,gte,5.0931,0.0,5.398,0.0
long,2h_previous_range_pct,1.321324,gte,5.1167,4.2367,5.4342,4.0817
long,2h_previous_range_pct,2.642648,gte,5.3052,3.6656,5.6234,3.8807
long,2h_previous_range_pct,3.963972,gte,5.6238,3.7717,5.9857,3.9345
long,2h_previous_range_pct,5.285296,gte,6.0755,3.7748,6.5329,3.875
long,2h_previous_range_pct,6.60662,gte,6.7411,3.7906,7.5479,3.6987
long,2h_previous_range_pct,7.927944,gte,7.265,3.9686,8.1299,3.9835
long,2h_previous_range_pct,9.249268,gte,7.3822,4.1938,8.3213,4.2496
long,2h_previous_range_pct,10.570592,gte,7.3487,4.408,8.5053,4.4541
long,2h_previous_range_pct,11.891916,gte,7.3235,4.5829,8.6219,4.6605
long,2h_previous_range_pct,13.21324,gte,7.4126,4.6422,8.613,4.773
long,2h_previous_range_pct,14.534564,gte,7.7116,4.6965,9.0803,4.8402
long,2h_previous_range_pct,15.855888,gte,8.119,4.7389,9.8792,4.8734
long,2h_previous_range_pct,17.177212,gte,8.3355,4.793,9.7205,4.9979
long,2h_previous_range_pct,18.498536,gte,6.7604,4.9629,7.5292,5.2315
long,2h_previous_range_pct,19.81986,gte,6.5941,4.9875,7.405,5.2567
long,2h_previous_range_pct,21.141184,gte,6.9978,4.9878,7.9041,5.2594
long,2h_previous_range_pct,22.462508,gte,6.7261,5.0109,6.9516,5.3198
long,2h_previous_range_pct,23.783832,gte,6.9107,5.0215,5.7762,5.3831
long,2h_previous_range_pct,25.105156,gte,6.1507,5.0603,4.1061,5.4381
long,2h_previous_range_pct,26.42648,gte,6.1881,5.0617,4.4051,5.4265
long,2h_previous_range_pct,27.747804,gte,6.7093,5.0582,4.9625,5.4074
long,2h_previous_range_pct,29.069128,gte,4.6463,5.1007,3.5433,5.4296
long,2h_previous_range_pct,30.390452,gte,5.3788,5.0896,6.0411,5.39
long,2h_previous_range_pct,31.711776,gte,5.4873,5.0887,6.2247,5.3887
long,2h_previous_range_pct,33.0331,gte,4.9154,5.0945,4.3738,5.4061
long,2h_previous_range_pct,34.354424,gte,4.9154,5.0945,4.3738,5.4061
long,2h_previous_range_pct,35.675748,gte,4.9154,5.0945,4.3738,5.4061
long,2h_previous_range_pct,36.997072,gte,4.9154,5.0945,4.3738,5.4061
long,2h_previous_range_pct,38.318396,gte,6.037,5.0868,6.9596,5.3875
long,2h_previous_range_pct,39.63972,gte,6.594,5.0847,9.7005,5.3739
long,2h_previous_range_pct,40.961044,gte,7.4619,5.0852,5.0859,5.3991
long,2h_previous_range_pct,42.282368,gte,13.9546,5.0733,10.3443,5.387
long,2h_previous_range_pct,43.603692,gte,13.9546,5.0733,10.3443,5.387
long,2h_previous_range_pct,44.925016,gte,13.9546,5.0733,10.3443,5.387
long,2h_previous_range_pct,46.24634,gte,13.6235,5.0836,13.6463,5.3888
long,2h_previous_range_pct,47.567664,gte,13.6235,5.0836,13.6463,5.3888
long,2h_previous_range_pct,48.888988,gte,13.6235,5.0836,13.6463,5.3888
long,2h_previous_range_pct,50.210312,gte,13.6235,5.0836,13.6463,5.3888
long,2h_previous_range_pct,51.531636,gte,13.6235,5.0836,13.6463,5.3888
long,2h_previous_range_pct,52.85296,gte,13.6235,5.0836,13.6463,5.3888
long,2h_previous_range_pct,54.174284,gte,13.6235,5.0836,13.6463,5.3888
long,2h_previous_range_pct,55.495608,gte,13.6235,5.0836,13.6463,5.3888
long,2h_previous_range_pct,56.816932,gte,13.6235,5.0836,13.6463,5.3888
long,2h_previous_range_pct,58.138256,gte,13.6235,5.0836,13.6463,5.3888
long,2h_previous_range_pct,59.45958,gte,13.6235,5.0836,13.6463,5.3888
long,2h_previous_range_pct,60.780904,gte,13.6235,5.0836,13.6463,5.3888
long,2h_previous_range_pct,62.102228,gte,13.6235,5.0836,13.6463,5.3888
long,2h_previous_range_pct,63.423552,gte,13.6235,5.0836,13.6463,5.3888
long,2h_previous_range_pct,64.744876,gte,13.6235,5.0836,13.6463,5.3888
long,2h_previous_range_pct,66.0662,gte,13.6235,5.0836,13.6463,5.3888
long,2h_previous_range_pct,0.0,lte,6.8526,5.0813,5.3935,5.3981
long,2h_previous_range_pct,1.321324,lte,4.2367,5.1167,4.0817,5.4342
long,2h_previous_range_pct,2.642648,lte,3.6656,5.3052,3.8807,5.6234
long,2h_previous_range_pct,3.963972,lte,3.7717,5.6238,3.9345,5.9857
long,2h_previous_range_pct,5.285296,lte,3.7748,6.0755,3.875,6.5329
long,2h_previous_range_pct,6.60662,lte,3.7906,6.7411,3.6987,7.5479
long,2h_previous_range_pct,7.927944,lte,3.9686,7.265,3.9835,8.1299
long,2h_previous_range_pct,9.249268,lte,4.1938,7.3822,4.2496,8.3213
long,2h_previous_range_pct,10.570592,lte,4.408,7.3487,4.4541,8.5053
long,2h_previous_range_pct,11.891916,lte,4.5829,7.3235,4.6605,8.6219
long,2h_previous_range_pct,13.21324,lte,4.6422,7.4126,4.773,8.613
long,2h_previous_range_pct,14.534564,lte,4.6965,7.7116,4.8402,9.0803
long,2h_previous_range_pct,15.855888,lte,4.7389,8.119,4.8734,9.8792
long,2h_previous_range_pct,17.177212,lte,4.793,8.3355,4.9979,9.7205
long,2h_previous_range_pct,18.498536,lte,4.9629,6.7604,5.2315,7.5292
long,2h_previous_range_pct,19.81986,lte,4.9875,6.5941,5.2567,7.405
long,2h_previous_range_pct,21.141184,lte,4.9878,6.9978,5.2594,7.9041
long,2h_previous_range_pct,22.462508,lte,5.0109,6.7261,5.3198,6.9516
long,2h_previous_range_pct,23.783832,lte,5.0215,6.9107,5.3831,5.7762
long,2h_previous_range_pct,25.105156,lte,5.0603,6.1507,5.4381,4.1061
long,2h_previous_range_pct,26.42648,lte,5.0617,6.1881,5.4265,4.4051
long,2h_previous_range_pct,27.747804,lte,5.0582,6.7093,5.4074,4.9625
long,2h_previous_range_pct,29.069128,lte,5.1007,4.6463,5.4296,3.5433
long,2h_previous_range_pct,30.390452,lte,5.0896,5.3788,5.39,6.0411
long,2h_previous_range_pct,31.711776,lte,5.0887,5.4873,5.3887,6.2247
long,2h_previous_range_pct,33.0331,lte,5.0945,4.9154,5.4061,4.3738
long,2h_previous_range_pct,34.354424,lte,5.0945,4.9154,5.4061,4.3738
long,2h_previous_range_pct,35.675748,lte,5.0945,4.9154,5.4061,4.3738
long,2h_previous_range_pct,36.997072,lte,5.0945,4.9154,5.4061,4.3738
long,2h_previous_range_pct,38.318396,lte,5.0868,6.037,5.3875,6.9596
long,2h_previous_range_pct,39.63972,lte,5.0847,6.594,5.3739,9.7005
long,2h_previous_range_pct,40.961044,lte,5.0852,7.4619,5.3991,5.0859
long,2h_previous_range_pct,42.282368,lte,5.0733,13.9546,5.387,10.3443
long,2h_previous_range_pct,43.603692,lte,5.0733,13.9546,5.387,10.3443
long,2h_previous_range_pct,44.925016,lte,5.0733,13.9546,5.387,10.3443
long,2h_previous_range_pct,46.24634,lte,5.0836,13.6235,5.3888,13.6463
long,2h_previous_range_pct,47.567664,lte,5.0836,13.6235,5.3888,13.6463
long,2h_previous_range_pct,48.888988,lte,5.0836,13.6235,5.3888,13.6463
long,2h_previous_range_pct,50.210312,lte,5.0836,13.6235,5.3888,13.6463
long,2h_previous_range_pct,51.531636,lte,5.0836,13.6235,5.3888,13.6463
long,2h_previous_range_pct,52.85296,lte,5.0836,13.6235,5.3888,13.6463
long,2h_previous_range_pct,54.174284,lte,5.0836,13.6235,5.3888,13.6463
long,2h_previous_range_pct,55.495608,lte,5.0836,13.6235,5.3888,13.6463
long,2h_previous_range_pct,56.816932,lte,5.0836,13.6235,5.3888,13.6463
long,2h_previous_range_pct,58.138256,lte,5.0836,13.6235,5.3888,13.6463
long,2h_previous_range_pct,59.45958,lte,5.0836,13.6235,5.3888,13.6463
long,2h_previous_range_pct,60.780904,lte,5.0836,13.6235,5.3888,13.6463
long,2h_previous_range_pct,62.102228,lte,5.0836,13.6235,5.3888,13.6463
long,2h_previous_range_pct,63.423552,lte,5.0836,13.6235,5.3888,13.6463
long,2h_previous_range_pct,64.744876,lte,5.0836,13.6235,5.3888,13.6463
long,2h_previous_range_pct,66.0662,lte,5.0931,0.0,5.398,0.0
long,2h_previous_return_pct,-28.1797,gte,5.0931,0.0,5.398,0.0
long,2h_previous_return_pct,-26.850966,gte,5.0952,3.252,5.4116,-6.7451
long,2h_previous_return_pct,-25.522232,gte,5.0952,3.252,5.4116,-6.7451
long,2h_previous_return_pct,-24.193498,gte,5.0952,3.252,5.4116,-6.7451
long,2h_previous_return_pct,-22.864764,gte,5.0952,3.252,5.4116,-6.7451
long,2h_previous_return_pct,-21.53603,gte,5.0952,3.252,5.4116,-6.7451
long,2h_previous_return_pct,-20.207296,gte,5.0952,3.252,5.4116,-6.7451
long,2h_previous_return_pct,-18.878562,gte,5.0952,3.252,5.4116,-6.7451
long,2h_previous_return_pct,-17.549828,gte,5.0952,3.252,5.4116,-6.7451
long,2h_previous_return_pct,-16.221094,gte,5.0952,3.252,5.4116,-6.7451
long,2h_previous_return_pct,-14.89236,gte,5.0919,5.4676,5.4052,3.2644
long,2h_previous_return_pct,-13.563626,gte,5.0857,6.1918,5.3934,6.08
long,2h_previous_return_pct,-12.234892,gte,5.0929,5.1279,5.4008,5.0458
long,2h_previous_return_pct,-10.906158,gte,5.0751,6.4214,5.3637,7.9281
long,2h_previous_return_pct,-9.577424,gte,5.0643,6.7902,5.3496,8.2427
long,2h_previous_return_pct,-8.24869,gte,5.0631,6.3445,5.368,6.6482
long,2h_previous_return_pct,-6.919956,gte,4.9885,8.5978,5.3366,7.4555
long,2h_previous_return_pct,-5.591222,gte,5.0043,7.6608,5.349,6.8153
long,2h_previous_return_pct,-4.262488,gte,5.0622,5.5764,5.4059,5.2756
long,2h_previous_return_pct,-2.933754,gte,5.0068,5.7658,5.4314,5.1379
long,2h_previous_return_pct,-1.60502,gte,4.9241,5.8318,5.2949,5.8489
long,2h_previous_return_pct,-0.276286,gte,5.2028,4.866,5.4583,5.2732
long,2h_previous_return_pct,1.052448,gte,5.4746,4.7192,6.174,4.6375
long,2h_previous_return_pct,2.381182,gte,6.3757,4.4486,7.063,4.5613
long,2h_previous_return_pct,3.709916,gte,6.6352,4.6188,7.6562,4.7034
long,2h_previous_return_pct,5.03865,gte,7.2613,4.6437,8.4396,4.7676
long,2h_previous_return_pct,6.367384,gte,6.9671,4.8093,8.7015,4.8976
long,2h_previous_return_pct,7.696118,gte,7.1473,4.8469,8.9142,4.9766
long,2h_previous_return_pct,9.024852,gte,6.9187,4.9386,8.4291,5.1415
long,2h_previous_return_pct,10.353586,gte,7.0356,4.9687,8.1468,5.2219
long,2h_previous_return_pct,11.68232,gte,7.3294,4.9805,8.6863,5.2324
long,2h_previous_return_pct,13.011054,gte,7.9556,4.9838,10.9763,5.185
long,2h_previous_return_pct,14.339788,gte,7.8638,4.9973,10.7874,5.2115
long,2h_previous_return_pct,15.668522,gte,7.5354,5.0317,10.7073,5.2645
long,2h_previous_return_pct,16.997256,gte,7.5183,5.035,10.1412,5.2843
long,2h_previous_return_pct,18.32599,gte,7.9537,5.0346,11.0698,5.2819
long,2h_previous_return_pct,19.654724,gte,9.4749,5.0237,11.7601,5.2971
long,2h_previous_return_pct,20.983458,gte,7.9294,5.0579,9.5213,5.3468
long,2h_previous_return_pct,22.312192,gte,9.0449,5.0531,10.7042,5.3442
long,2h_previous_return_pct,23.640926,gte,9.0449,5.0531,10.7042,5.3442
long,2h_previous_return_pct,24.96966,gte,9.0449,5.0531,10.7042,5.3442
long,2h_previous_return_pct,26.298394,gte,9.0449,5.0531,10.7042,5.3442
long,2h_previous_return_pct,27.627128,gte,7.3156,5.0757,9.2743,5.3675
long,2h_previous_return_pct,28.955862,gte,7.3359,5.0806,8.5585,5.3803
long,2h_previous_return_pct,30.284596,gte,7.3359,5.0806,8.5585,5.3803
long,2h_previous_return_pct,31.61333,gte,6.0664,5.0888,-2.9708,5.4355
long,2h_previous_return_pct,32.942064,gte,13.9546,5.0733,10.3443,5.387
long,2h_previous_return_pct,34.270798,gte,13.9546,5.0733,10.3443,5.387
long,2h_previous_return_pct,35.599532,gte,13.9546,5.0733,10.3443,5.387
long,2h_previous_return_pct,36.928266,gte,13.6235,5.0836,13.6463,5.3888
long,2h_previous_return_pct,38.257,gte,13.6235,5.0836,13.6463,5.3888
long,2h_previous_return_pct,-28.1797,lte,3.252,5.0952,-6.7451,5.4116
long,2h_previous_return_pct,-26.850966,lte,3.252,5.0952,-6.7451,5.4116
long,2h_previous_return_pct,-25.522232,lte,3.252,5.0952,-6.7451,5.4116
long,2h_previous_return_pct,-24.193498,lte,3.252,5.0952,-6.7451,5.4116
long,2h_previous_return_pct,-22.864764,lte,3.252,5.0952,-6.7451,5.4116
long,2h_previous_return_pct,-21.53603,lte,3.252,5.0952,-6.7451,5.4116
long,2h_previous_return_pct,-20.207296,lte,3.252,5.0952,-6.7451,5.4116
long,2h_previous_return_pct,-18.878562,lte,3.252,5.0952,-6.7451,5.4116
long,2h_previous_return_pct,-17.549828,lte,3.252,5.0952,-6.7451,5.4116
long,2h_previous_return_pct,-16.221094,lte,3.252,5.0952,-6.7451,5.4116
long,2h_previous_return_pct,-14.89236,lte,5.4676,5.0919,3.2644,5.4052
long,2h_previous_return_pct,-13.563626,lte,6.1918,5.0857,6.08,5.3934
long,2h_previous_return_pct,-12.234892,lte,5.1279,5.0929,5.0458,5.4008
long,2h_previous_return_pct,-10.906158,lte,6.4214,5.0751,7.9281,5.3637
long,2h_previous_return_pct,-9.577424,lte,6.7902,5.0643,8.2427,5.3496
long,2h_previous_return_pct,-8.24869,lte,6.3445,5.0631,6.6482,5.368
long,2h_previous_return_pct,-6.919956,lte,8.5978,4.9885,7.4555,5.3366
long,2h_previous_return_pct,-5.591222,lte,7.6608,5.0043,6.8153,5.349
long,2h_previous_return_pct,-4.262488,lte,5.5764,5.0622,5.2756,5.4059
long,2h_previous_return_pct,-2.933754,lte,5.7658,5.0068,5.1379,5.4314
long,2h_previous_return_pct,-1.60502,lte,5.8318,4.9241,5.8489,5.2949
long,2h_previous_return_pct,-0.276286,lte,4.866,5.2028,5.2732,5.4583
long,2h_previous_return_pct,1.052448,lte,4.7192,5.4746,4.6375,6.174
long,2h_previous_return_pct,2.381182,lte,4.4486,6.3757,4.5613,7.063
long,2h_previous_return_pct,3.709916,lte,4.6188,6.6352,4.7034,7.6562
long,2h_previous_return_pct,5.03865,lte,4.6437,7.2613,4.7676,8.4396
long,2h_previous_return_pct,6.367384,lte,4.8093,6.9671,4.8976,8.7015
long,2h_previous_return_pct,7.696118,lte,4.8469,7.1473,4.9766,8.9142
long,2h_previous_return_pct,9.024852,lte,4.9386,6.9187,5.1415,8.4291
long,2h_previous_return_pct,10.353586,lte,4.9687,7.0356,5.2219,8.1468
long,2h_previous_return_pct,11.68232,lte,4.9805,7.3294,5.2324,8.6863
long,2h_previous_return_pct,13.011054,lte,4.9838,7.9556,5.185,10.9763
long,2h_previous_return_pct,14.339788,lte,4.9973,7.8638,5.2115,10.7874
long,2h_previous_return_pct,15.668522,lte,5.0317,7.5354,5.2645,10.7073
long,2h_previous_return_pct,16.997256,lte,5.035,7.5183,5.2843,10.1412
long,2h_previous_return_pct,18.32599,lte,5.0346,7.9537,5.2819,11.0698
long,2h_previous_return_pct,19.654724,lte,5.0237,9.4749,5.2971,11.7601
long,2h_previous_return_pct,20.983458,lte,5.0579,7.9294,5.3468,9.5213
long,2h_previous_return_pct,22.312192,lte,5.0531,9.0449,5.3442,10.7042
long,2h_previous_return_pct,23.640926,lte,5.0531,9.0449,5.3442,10.7042
long,2h_previous_return_pct,24.96966,lte,5.0531,9.0449,5.3442,10.7042
long,2h_previous_return_pct,26.298394,lte,5.0531,9.0449,5.3442,10.7042
long,2h_previous_return_pct,27.627128,lte,5.0757,7.3156,5.3675,9.2743
long,2h_previous_return_pct,28.955862,lte,5.0806,7.3359,5.3803,8.5585
long,2h_previous_return_pct,30.284596,lte,5.0806,7.3359,5.3803,8.5585
long,2h_previous_return_pct,31.61333,lte,5.0888,6.0664,5.4355,-2.9708
long,2h_previous_return_pct,32.942064,lte,5.0733,13.9546,5.387,10.3443
long,2h_previous_return_pct,34.270798,lte,5.0733,13.9546,5.387,10.3443
long,2h_previous_return_pct,35.599532,lte,5.0733,13.9546,5.387,10.3443
long,2h_previous_return_pct,36.928266,lte,5.0836,13.6235,5.3888,13.6463
long,2h_previous_return_pct,38.257,lte,5.0931,0.0,5.398,0.0
long,2h_previous_volume_ratio,0.0,gte,5.0931,0.0,5.398,0.0
long,2h_previous_volume_ratio,0.690864,gte,5.2623,4.7299,6.0481,4.0021
long,2h_previous_volume_ratio,1.381728,gte,5.6767,4.7352,6.5553,4.6882
long,2h_previous_volume_ratio,2.072592,gte,5.8651,4.8572,6.3128,5.1184
long,2h_previous_volume_ratio,2.763456,gte,5.8331,4.9469,5.7258,5.3333
long,2h_previous_volume_ratio,3.45432,gte,5.7129,5.011,5.4309,5.3937
long,2h_previous_volume_ratio,4.145184,gte,5.6379,5.0354,5.2277,5.4161
long,2h_previous_volume_ratio,4.836048,gte,5.6475,5.0455,5.0357,5.4292
long,2h_previous_volume_ratio,5.526912,gte,5.7274,5.0525,4.1368,5.4788
long,2h_previous_volume_ratio,6.217776,gte,5.887,5.0492,4.5586,5.4444
long,2h_previous_volume_ratio,6.90864,gte,5.9171,5.0567,4.2129,5.4504
long,2h_previous_volume_ratio,7.599504,gte,5.8208,5.0653,4.2294,5.4427
long,2h_previous_volume_ratio,8.290368,gte,5.0862,5.0933,5.1221,5.4066
long,2h_previous_volume_ratio,8.981232,gte,4.108,5.1167,3.558,5.4421
long,2h_previous_volume_ratio,9.672096,gte,4.9868,5.0953,4.4109,5.4182
long,2h_previous_volume_ratio,10.36296,gte,5.2127,5.091,4.0406,5.4227
long,2h_previous_volume_ratio,11.053824,gte,5.5137,5.086,4.3798,5.4153
long,2h_previous_volume_ratio,11.744688,gte,6.0362,5.0803,5.3791,5.3983
long,2h_previous_volume_ratio,12.435552,gte,6.2331,5.079,5.978,5.3908
long,2h_previous_volume_ratio,13.126416,gte,6.7126,5.0749,7.45,5.3749
long,2h_previous_volume_ratio,13.81728,gte,6.7126,5.0749,7.45,5.3749
long,2h_previous_volume_ratio,14.508144,gte,6.7126,5.0749,7.45,5.3749
long,2h_previous_volume_ratio,15.199008,gte,7.7506,5.0662,8.717,5.3644
long,2h_previous_volume_ratio,15.889872,gte,7.0793,5.0775,7.181,5.384
long,2h_previous_volume_ratio,16.580736,gte,7.0793,5.0775,7.181,5.384
long,2h_previous_volume_ratio,17.2716,gte,6.8988,5.081,7.3128,5.3851
long,2h_previous_volume_ratio,17.962464,gte,6.8988,5.081,7.3128,5.3851
long,2h_previous_volume_ratio,18.653328,gte,6.8988,5.081,7.3128,5.3851
long,2h_previous_volume_ratio,19.344192,gte,6.8988,5.081,7.3128,5.3851
long,2h_previous_volume_ratio,20.035056,gte,6.8988,5.081,7.3128,5.3851
long,2h_previous_volume_ratio,20.72592,gte,6.8988,5.081,7.3128,5.3851
long,2h_previous_volume_ratio,21.416784,gte,6.8988,5.081,7.3128,5.3851
long,2h_previous_volume_ratio,22.107648,gte,7.3874,5.0803,8.0319,5.3833
long,2h_previous_volume_ratio,22.798512,gte,7.3874,5.0803,8.0319,5.3833
long,2h_previous_volume_ratio,23.489376,gte,7.6109,5.0819,8.3323,5.3849
long,2h_previous_volume_ratio,24.18024,gte,10.1179,5.0763,12.4699,5.3743
long,2h_previous_volume_ratio,24.871104,gte,10.1179,5.0763,12.4699,5.3743
long,2h_previous_volume_ratio,25.561968,gte,10.1179,5.0763,12.4699,5.3743
long,2h_previous_volume_ratio,26.252832,gte,10.1179,5.0763,12.4699,5.3743
long,2h_previous_volume_ratio,26.943696,gte,10.1179,5.0763,12.4699,5.3743
long,2h_previous_volume_ratio,27.63456,gte,10.1179,5.0763,12.4699,5.3743
long,2h_previous_volume_ratio,28.325424,gte,13.6077,5.0836,4.4308,5.3991
long,2h_previous_volume_ratio,29.016288,gte,13.6077,5.0836,4.4308,5.3991
long,2h_previous_volume_ratio,29.707152,gte,13.6077,5.0836,4.4308,5.3991
long,2h_previous_volume_ratio,30.398016,gte,13.6077,5.0836,4.4308,5.3991
long,2h_previous_volume_ratio,31.08888,gte,13.6077,5.0836,4.4308,5.3991
long,2h_previous_volume_ratio,31.779744,gte,13.6077,5.0836,4.4308,5.3991
long,2h_previous_volume_ratio,32.470608,gte,13.6077,5.0836,4.4308,5.3991
long,2h_previous_volume_ratio,33.161472,gte,13.6077,5.0836,4.4308,5.3991
long,2h_previous_volume_ratio,33.852336,gte,13.6077,5.0836,4.4308,5.3991
long,2h_previous_volume_ratio,34.5432,gte,13.6077,5.0836,4.4308,5.3991
long,2h_previous_volume_ratio,0.0,lte,6.8526,5.0813,5.3935,5.3981
long,2h_previous_volume_ratio,0.690864,lte,4.7299,5.2623,4.0021,6.0481
long,2h_previous_volume_ratio,1.381728,lte,4.7352,5.6767,4.6882,6.5553
long,2h_previous_volume_ratio,2.072592,lte,4.8572,5.8651,5.1184,6.3128
long,2h_previous_volume_ratio,2.763456,lte,4.9469,5.8331,5.3333,5.7258
long,2h_previous_volume_ratio,3.45432,lte,5.011,5.7129,5.3937,5.4309
long,2h_previous_volume_ratio,4.145184,lte,5.0354,5.6379,5.4161,5.2277
long,2h_previous_volume_ratio,4.836048,lte,5.0455,5.6475,5.4292,5.0357
long,2h_previous_volume_ratio,5.526912,lte,5.0525,5.7274,5.4788,4.1368
long,2h_previous_volume_ratio,6.217776,lte,5.0492,5.887,5.4444,4.5586
long,2h_previous_volume_ratio,6.90864,lte,5.0567,5.9171,5.4504,4.2129
long,2h_previous_volume_ratio,7.599504,lte,5.0653,5.8208,5.4427,4.2294
long,2h_previous_volume_ratio,8.290368,lte,5.0933,5.0862,5.4066,5.1221
long,2h_previous_volume_ratio,8.981232,lte,5.1167,4.108,5.4421,3.558
long,2h_previous_volume_ratio,9.672096,lte,5.0953,4.9868,5.4182,4.4109
long,2h_previous_volume_ratio,10.36296,lte,5.091,5.2127,5.4227,4.0406
long,2h_previous_volume_ratio,11.053824,lte,5.086,5.5137,5.4153,4.3798
long,2h_previous_volume_ratio,11.744688,lte,5.0803,6.0362,5.3983,5.3791
long,2h_previous_volume_ratio,12.435552,lte,5.079,6.2331,5.3908,5.978
long,2h_previous_volume_ratio,13.126416,lte,5.0749,6.7126,5.3749,7.45
long,2h_previous_volume_ratio,13.81728,lte,5.0749,6.7126,5.3749,7.45
long,2h_previous_volume_ratio,14.508144,lte,5.0749,6.7126,5.3749,7.45
long,2h_previous_volume_ratio,15.199008,lte,5.0662,7.7506,5.3644,8.717
long,2h_previous_volume_ratio,15.889872,lte,5.0775,7.0793,5.384,7.181
long,2h_previous_volume_ratio,16.580736,lte,5.0775,7.0793,5.384,7.181
long,2h_previous_volume_ratio,17.2716,lte,5.081,6.8988,5.3851,7.3128
long,2h_previous_volume_ratio,17.962464,lte,5.081,6.8988,5.3851,7.3128
long,2h_previous_volume_ratio,18.653328,lte,5.081,6.8988,5.3851,7.3128
long,2h_previous_volume_ratio,19.344192,lte,5.081,6.8988,5.3851,7.3128
long,2h_previous_volume_ratio,20.035056,lte,5.081,6.8988,5.3851,7.3128
long,2h_previous_volume_ratio,20.72592,lte,5.081,6.8988,5.3851,7.3128
long,2h_previous_volume_ratio,21.416784,lte,5.081,6.8988,5.3851,7.3128
long,2h_previous_volume_ratio,22.107648,lte,5.0803,7.3874,5.3833,8.0319
long,2h_previous_volume_ratio,22.798512,lte,5.0803,7.3874,5.3833,8.0319
long,2h_previous_volume_ratio,23.489376,lte,5.0819,7.6109,5.3849,8.3323
long,2h_previous_volume_ratio,24.18024,lte,5.0763,10.1179,5.3743,12.4699
long,2h_previous_volume_ratio,24.871104,lte,5.0763,10.1179,5.3743,12.4699
long,2h_previous_volume_ratio,25.561968,lte,5.0763,10.1179,5.3743,12.4699
long,2h_previous_volume_ratio,26.252832,lte,5.0763,10.1179,5.3743,12.4699
long,2h_previous_volume_ratio,26.943696,lte,5.0763,10.1179,5.3743,12.4699
long,2h_previous_volume_ratio,27.63456,lte,5.0763,10.1179,5.3743,12.4699
long,2h_previous_volume_ratio,28.325424,lte,5.0836,13.6077,5.3991,4.4308
long,2h_previous_volume_ratio,29.016288,lte,5.0836,13.6077,5.3991,4.4308
long,2h_previous_volume_ratio,29.707152,lte,5.0836,13.6077,5.3991,4.4308
long,2h_previous_volume_ratio,30.398016,lte,5.0836,13.6077,5.3991,4.4308
long,2h_previous_volume_ratio,31.08888,lte,5.0836,13.6077,5.3991,4.4308
long,2h_previous_volume_ratio,31.779744,lte,5.0836,13.6077,5.3991,4.4308
long,2h_previous_volume_ratio,32.470608,lte,5.0836,13.6077,5.3991,4.4308
long,2h_previous_volume_ratio,33.161472,lte,5.0836,13.6077,5.3991,4.4308
long,2h_previous_volume_ratio,33.852336,lte,5.0836,13.6077,5.3991,4.4308
long,2h_previous_volume_ratio,34.5432,lte,5.0931,0.0,5.398,0.0
long,30m_current_body_pct,0.0011,gte,5.0931,0.0,5.398,0.0
long,30m_current_body_pct,0.746388,gte,5.2622,4.049,5.6643,3.7538
long,30m_current_body_pct,1.491676,gte,5.8038,3.4687,6.1077,3.7758
long,30m_current_body_pct,2.236964,gte,6.5019,3.5003,6.8168,3.7938
long,30m_current_body_pct,2.982252,gte,7.5765,3.6409,8.0574,3.8428
long,30m_current_body_pct,3.72754,gte,8.3934,3.839,8.747,4.1254
long,30m_current_body_pct,4.472828,gte,9.3887,3.9694,10.0307,4.1861
long,30m_current_body_pct,5.218116,gte,10.0995,4.2062,9.5799,4.6571
long,30m_current_body_pct,5.963404,gte,10.9738,4.3051,9.8038,4.8076
long,30m_current_body_pct,6.708692,gte,12.0537,4.458,10.8241,4.9029
long,30m_current_body_pct,7.45398,gte,12.8555,4.5466,11.9515,4.9366
long,30m_current_body_pct,8.199268,gte,14.4383,4.5996,13.0189,4.9955
long,30m_current_body_pct,8.944556,gte,14.3517,4.6383,12.9629,5.0264
long,30m_current_body_pct,9.689844,gte,14.8094,4.6869,13.4547,5.0612
long,30m_current_body_pct,10.435132,gte,15.5051,4.7204,14.1808,5.0836
long,30m_current_body_pct,11.18042,gte,15.5051,4.7204,14.1808,5.0836
long,30m_current_body_pct,11.925708,gte,17.4679,4.7529,16.3611,5.0966
long,30m_current_body_pct,12.670996,gte,19.0725,4.758,18.37,5.087
long,30m_current_body_pct,13.416284,gte,20.0247,4.77,19.8308,5.0857
long,30m_current_body_pct,14.161572,gte,20.9696,4.7864,20.87,5.0991
long,30m_current_body_pct,14.90686,gte,22.0412,4.8244,20.4647,5.1591
long,30m_current_body_pct,15.652148,gte,22.4346,4.8381,19.7116,5.1875
long,30m_current_body_pct,16.397436,gte,22.4346,4.8381,19.7116,5.1875
long,30m_current_body_pct,17.142724,gte,21.4056,4.9463,18.1274,5.2835
long,30m_current_body_pct,17.888012,gte,20.9464,4.9684,17.0031,5.3067
long,30m_current_body_pct,18.6333,gte,20.9464,4.9684,17.0031,5.3067
long,30m_current_body_pct,19.378588,gte,20.9464,4.9684,17.0031,5.3067
long,30m_current_body_pct,20.123876,gte,26.1255,4.9515,22.5389,5.2826
long,30m_current_body_pct,20.869164,gte,26.1255,4.9515,22.5389,5.2826
long,30m_current_body_pct,21.614452,gte,23.9838,5.0085,20.4561,5.3306
long,30m_current_body_pct,22.35974,gte,23.9838,5.0085,20.4561,5.3306
long,30m_current_body_pct,23.105028,gte,23.9838,5.0085,20.4561,5.3306
long,30m_current_body_pct,23.850316,gte,12.3723,5.0769,12.0728,5.3831
long,30m_current_body_pct,24.595604,gte,-11.3391,5.1115,-23.675,5.4305
long,30m_current_body_pct,25.340892,gte,-11.3391,5.1115,-23.675,5.4305
long,30m_current_body_pct,26.08618,gte,-11.3391,5.1115,-23.675,5.4305
long,30m_current_body_pct,26.831468,gte,-11.3391,5.1115,-23.675,5.4305
long,30m_current_body_pct,27.576756,gte,-11.3391,5.1115,-23.675,5.4305
long,30m_current_body_pct,28.322044,gte,-11.3391,5.1115,-23.675,5.4305
long,30m_current_body_pct,29.067332,gte,-11.3391,5.1115,-23.675,5.4305
long,30m_current_body_pct,29.81262,gte,-11.3391,5.1115,-23.675,5.4305
long,30m_current_body_pct,30.557908,gte,-11.3391,5.1115,-23.675,5.4305
long,30m_current_body_pct,31.303196,gte,-11.3391,5.1115,-23.675,5.4305
long,30m_current_body_pct,32.048484,gte,-11.3391,5.1115,-23.675,5.4305
long,30m_current_body_pct,32.793772,gte,-11.3391,5.1115,-23.675,5.4305
long,30m_current_body_pct,33.53906,gte,-11.3391,5.1115,-23.675,5.4305
long,30m_current_body_pct,34.284348,gte,-11.3391,5.1115,-23.675,5.4305
long,30m_current_body_pct,35.029636,gte,-11.3391,5.1115,-23.675,5.4305
long,30m_current_body_pct,35.774924,gte,-11.3391,5.1115,-23.675,5.4305
long,30m_current_body_pct,36.520212,gte,-11.3391,5.1115,-23.675,5.4305
long,30m_current_body_pct,37.2655,gte,-11.3391,5.1115,-23.675,5.4305
long,30m_current_body_pct,0.0011,lte,10.8261,5.0867,2.7333,5.401
long,30m_current_body_pct,0.746388,lte,4.049,5.2622,3.7538,5.6643
long,30m_current_body_pct,1.491676,lte,3.4687,5.8038,3.7758,6.1077
long,30m_current_body_pct,2.236964,lte,3.5003,6.5019,3.7938,6.8168
long,30m_current_body_pct,2.982252,lte,3.6409,7.5765,3.8428,8.0574
long,30m_current_body_pct,3.72754,lte,3.839,8.3934,4.1254,8.747
long,30m_current_body_pct,4.472828,lte,3.9694,9.3887,4.1861,10.0307
long,30m_current_body_pct,5.218116,lte,4.2062,10.0995,4.6571,9.5799
long,30m_current_body_pct,5.963404,lte,4.3051,10.9738,4.8076,9.8038
long,30m_current_body_pct,6.708692,lte,4.458,12.0537,4.9029,10.8241
long,30m_current_body_pct,7.45398,lte,4.5466,12.8555,4.9366,11.9515
long,30m_current_body_pct,8.199268,lte,4.5996,14.4383,4.9955,13.0189
long,30m_current_body_pct,8.944556,lte,4.6383,14.3517,5.0264,12.9629
long,30m_current_body_pct,9.689844,lte,4.6869,14.8094,5.0612,13.4547
long,30m_current_body_pct,10.435132,lte,4.7204,15.5051,5.0836,14.1808
long,30m_current_body_pct,11.18042,lte,4.7204,15.5051,5.0836,14.1808
long,30m_current_body_pct,11.925708,lte,4.7529,17.4679,5.0966,16.3611
long,30m_current_body_pct,12.670996,lte,4.758,19.0725,5.087,18.37
long,30m_current_body_pct,13.416284,lte,4.77,20.0247,5.0857,19.8308
long,30m_current_body_pct,14.161572,lte,4.7864,20.9696,5.0991,20.87
long,30m_current_body_pct,14.90686,lte,4.8244,22.0412,5.1591,20.4647
long,30m_current_body_pct,15.652148,lte,4.8381,22.4346,5.1875,19.7116
long,30m_current_body_pct,16.397436,lte,4.8381,22.4346,5.1875,19.7116
long,30m_current_body_pct,17.142724,lte,4.9463,21.4056,5.2835,18.1274
long,30m_current_body_pct,17.888012,lte,4.9684,20.9464,5.3067,17.0031
long,30m_current_body_pct,18.6333,lte,4.9684,20.9464,5.3067,17.0031
long,30m_current_body_pct,19.378588,lte,4.9684,20.9464,5.3067,17.0031
long,30m_current_body_pct,20.123876,lte,4.9515,26.1255,5.2826,22.5389
long,30m_current_body_pct,20.869164,lte,4.9515,26.1255,5.2826,22.5389
long,30m_current_body_pct,21.614452,lte,5.0085,23.9838,5.3306,20.4561
long,30m_current_body_pct,22.35974,lte,5.0085,23.9838,5.3306,20.4561
long,30m_current_body_pct,23.105028,lte,5.0085,23.9838,5.3306,20.4561
long,30m_current_body_pct,23.850316,lte,5.0769,12.3723,5.3831,12.0728
long,30m_current_body_pct,24.595604,lte,5.1115,-11.3391,5.4305,-23.675
long,30m_current_body_pct,25.340892,lte,5.1115,-11.3391,5.4305,-23.675
long,30m_current_body_pct,26.08618,lte,5.1115,-11.3391,5.4305,-23.675
long,30m_current_body_pct,26.831468,lte,5.1115,-11.3391,5.4305,-23.675
long,30m_current_body_pct,27.576756,lte,5.1115,-11.3391,5.4305,-23.675
long,30m_current_body_pct,28.322044,lte,5.1115,-11.3391,5.4305,-23.675
long,30m_current_body_pct,29.067332,lte,5.1115,-11.3391,5.4305,-23.675
long,30m_current_body_pct,29.81262,lte,5.1115,-11.3391,5.4305,-23.675
long,30m_current_body_pct,30.557908,lte,5.1115,-11.3391,5.4305,-23.675
long,30m_current_body_pct,31.303196,lte,5.1115,-11.3391,5.4305,-23.675
long,30m_current_body_pct,32.048484,lte,5.1115,-11.3391,5.4305,-23.675
long,30m_current_body_pct,32.793772,lte,5.1115,-11.3391,5.4305,-23.675
long,30m_current_body_pct,33.53906,lte,5.1115,-11.3391,5.4305,-23.675
long,30m_current_body_pct,34.284348,lte,5.1115,-11.3391,5.4305,-23.675
long,30m_current_body_pct,35.029636,lte,5.1115,-11.3391,5.4305,-23.675
long,30m_current_body_pct,35.774924,lte,5.1115,-11.3391,5.4305,-23.675
long,30m_current_body_pct,36.520212,lte,5.1115,-11.3391,5.4305,-23.675
long,30m_current_body_pct,37.2655,lte,5.0931,0.0,5.398,0.0
long,30m_current_close_position,0.0079,gte,5.0931,0.0,5.398,0.0
long,30m_current_close_position,0.027742,gte,5.1069,0.9993,5.4148,0.3931
long,30m_current_close_position,0.047584,gte,5.1151,1.1705,5.4157,2.2495
long,30m_current_close_position,0.067426,gte,5.1303,0.3654,5.436,0.5647
long,30m_current_close_position,0.087268,gte,5.1212,1.9742,5.4477,-0.1211
long,30m_current_close_position,0.10711,gte,5.1312,2.5042,5.4669,0.7126
long,30m_current_close_position,0.126952,gte,5.136,2.3878,5.4722,0.7187
long,30m_current_close_position,0.146794,gte,5.163,2.3143,5.4995,1.3623
long,30m_current_close_position,0.166636,gte,5.174,2.152,5.5172,1.0627
long,30m_current_close_position,0.186478,gte,5.1775,2.2656,5.5342,0.8371
long,30m_current_close_position,0.20632,gte,5.1739,2.8358,5.5446,1.3032
long,30m_current_close_position,0.226162,gte,5.1782,2.7927,5.5497,1.2977
long,30m_current_close_position,0.246004,gte,5.173,3.3811,5.5325,2.5161
long,30m_current_close_position,0.265846,gte,5.1747,3.5481,5.4922,3.6158
long,30m_current_close_position,0.285688,gte,5.1838,3.5888,5.506,3.6061
long,30m_current_close_position,0.30553,gte,5.186,3.7981,5.4827,4.2172
long,30m_current_close_position,0.325372,gte,5.2183,3.68,5.491,4.348
long,30m_current_close_position,0.345214,gte,5.2597,3.4381,5.5439,3.9484
long,30m_current_close_position,0.365056,gte,5.273,3.4997,5.5458,4.089
long,30m_current_close_position,0.384898,gte,5.2526,3.8638,5.5543,4.193
long,30m_current_close_position,0.40474,gte,5.2761,3.7978,5.5699,4.181
long,30m_current_close_position,0.424582,gte,5.2839,3.8927,5.5843,4.2259
long,30m_current_close_position,0.444424,gte,5.2886,3.9187,5.6132,4.105
long,30m_current_close_position,0.464266,gte,5.3095,3.893,5.6562,3.9659
long,30m_current_close_position,0.484108,gte,5.299,4.0763,5.7084,3.8645
long,30m_current_close_position,0.50395,gte,5.277,4.3013,5.7093,4.0573
long,30m_current_close_position,0.523792,gte,5.284,4.3382,5.7663,3.9414
long,30m_current_close_position,0.543634,gte,5.2726,4.4556,5.7365,4.1952
long,30m_current_close_position,0.563476,gte,5.3411,4.3019,5.7636,4.2313
long,30m_current_close_position,0.583318,gte,5.4102,4.1736,5.9283,3.8601
long,30m_current_close_position,0.60316,gte,5.4704,4.1112,6.0479,3.7067
long,30m_current_close_position,0.623002,gte,5.4752,4.167,5.9495,4.0614
long,30m_current_close_position,0.642844,gte,5.5485,4.1001,6.0644,3.9447
long,30m_current_close_position,0.662686,gte,5.618,4.1138,6.1482,3.9984
long,30m_current_close_position,0.682528,gte,5.7233,4.0258,6.2788,3.9062
long,30m_current_close_position,0.70237,gte,5.7984,4.046,6.3462,3.9902
long,30m_current_close_position,0.722212,gte,5.8726,4.0659,6.4661,3.9905
long,30m_current_close_position,0.742054,gte,5.9212,4.114,6.5382,4.0497
long,30m_current_close_position,0.761896,gte,6.0264,4.1064,6.6431,4.0815
long,30m_current_close_position,0.781738,gte,6.0491,4.2246,6.7205,4.1965
long,30m_current_close_position,0.80158,gte,6.1876,4.184,6.839,4.2011
long,30m_current_close_position,0.821422,gte,6.0864,4.4085,6.8084,4.4259
long,30m_current_close_position,0.841264,gte,6.1267,4.4916,6.604,4.6962
long,30m_current_close_position,0.861106,gte,6.2323,4.5321,6.804,4.7055
long,30m_current_close_position,0.880948,gte,6.3058,4.6141,7.046,4.747
long,30m_current_close_position,0.90079,gte,6.3367,4.6939,7.1161,4.8464
long,30m_current_close_position,0.920632,gte,6.1157,4.8329,7.0402,4.98
long,30m_current_close_position,0.940474,gte,6.1797,4.9156,6.6899,5.1869
long,30m_current_close_position,0.960316,gte,5.8737,5.0177,5.948,5.3449
long,30m_current_close_position,0.980158,gte,6.0959,5.0463,6.033,5.3684
long,30m_current_close_position,1.0,gte,2.2151,5.1322,1.2447,5.4543
long,30m_current_close_position,0.0079,lte,2.374,5.0962,3.13,5.4006
long,30m_current_close_position,0.027742,lte,0.9993,5.1069,0.3931,5.4148
long,30m_current_close_position,0.047584,lte,1.1705,5.1151,2.2495,5.4157
long,30m_current_close_position,0.067426,lte,0.3654,5.1303,0.5647,5.436
long,30m_current_close_position,0.087268,lte,1.9742,5.1212,-0.1211,5.4477
long,30m_current_close_position,0.10711,lte,2.5042,5.1312,0.7126,5.4669
long,30m_current_close_position,0.126952,lte,2.3878,5.136,0.7187,5.4722
long,30m_current_close_position,0.146794,lte,2.3143,5.163,1.3623,5.4995
long,30m_current_close_position,0.166636,lte,2.152,5.174,1.0627,5.5172
long,30m_current_close_position,0.186478,lte,2.2656,5.1775,0.8371,5.5342
long,30m_current_close_position,0.20632,lte,2.8358,5.1739,1.3032,5.5446
long,30m_current_close_position,0.226162,lte,2.7927,5.1782,1.2977,5.5497
long,30m_current_close_position,0.246004,lte,3.3811,5.173,2.5161,5.5325
long,30m_current_close_position,0.265846,lte,3.5481,5.1747,3.6158,5.4922
long,30m_current_close_position,0.285688,lte,3.5888,5.1838,3.6061,5.506
long,30m_current_close_position,0.30553,lte,3.7981,5.186,4.2172,5.4827
long,30m_current_close_position,0.325372,lte,3.68,5.2183,4.348,5.491
long,30m_current_close_position,0.345214,lte,3.4381,5.2597,3.9484,5.5439
long,30m_current_close_position,0.365056,lte,3.4997,5.273,4.089,5.5458
long,30m_current_close_position,0.384898,lte,3.8638,5.2526,4.193,5.5543
long,30m_current_close_position,0.40474,lte,3.7978,5.2761,4.181,5.5699
long,30m_current_close_position,0.424582,lte,3.8927,5.2839,4.2259,5.5843
long,30m_current_close_position,0.444424,lte,3.9187,5.2886,4.105,5.6132
long,30m_current_close_position,0.464266,lte,3.893,5.3095,3.9659,5.6562
long,30m_current_close_position,0.484108,lte,4.0763,5.299,3.8645,5.7084
long,30m_current_close_position,0.50395,lte,4.3013,5.277,4.0573,5.7093
long,30m_current_close_position,0.523792,lte,4.3382,5.284,3.9414,5.7663
long,30m_current_close_position,0.543634,lte,4.4556,5.2726,4.1952,5.7365
long,30m_current_close_position,0.563476,lte,4.3019,5.3411,4.2313,5.7636
long,30m_current_close_position,0.583318,lte,4.1736,5.4102,3.8601,5.9283
long,30m_current_close_position,0.60316,lte,4.1112,5.4704,3.7067,6.0479
long,30m_current_close_position,0.623002,lte,4.167,5.4752,4.0614,5.9495
long,30m_current_close_position,0.642844,lte,4.1001,5.5485,3.9447,6.0644
long,30m_current_close_position,0.662686,lte,4.1138,5.618,3.9984,6.1482
long,30m_current_close_position,0.682528,lte,4.0258,5.7233,3.9062,6.2788
long,30m_current_close_position,0.70237,lte,4.046,5.7984,3.9902,6.3462
long,30m_current_close_position,0.722212,lte,4.0659,5.8726,3.9905,6.4661
long,30m_current_close_position,0.742054,lte,4.114,5.9212,4.0497,6.5382
long,30m_current_close_position,0.761896,lte,4.1064,6.0264,4.0815,6.6431
long,30m_current_close_position,0.781738,lte,4.2246,6.0491,4.1965,6.7205
long,30m_current_close_position,0.80158,lte,4.184,6.1876,4.2011,6.839
long,30m_current_close_position,0.821422,lte,4.4085,6.0864,4.4259,6.8084
long,30m_current_close_position,0.841264,lte,4.4916,6.1267,4.6962,6.604
long,30m_current_close_position,0.861106,lte,4.5321,6.2323,4.7055,6.804
long,30m_current_close_position,0.880948,lte,4.6141,6.3058,4.747,7.046
long,30m_current_close_position,0.90079,lte,4.6939,6.3367,4.8464,7.1161
long,30m_current_close_position,0.920632,lte,4.8329,6.1157,4.98,7.0402
long,30m_current_close_position,0.940474,lte,4.9156,6.1797,5.1869,6.6899
long,30m_current_close_position,0.960316,lte,5.0177,5.8737,5.3449,5.948
long,30m_current_close_position,0.980158,lte,5.0463,6.0959,5.3684,6.033
long,30m_current_close_position,1.0,lte,5.0931,0.0,5.398,0.0
long,30m_current_compression,0.0,gte,5.0931,0.0,5.398,0.0
long,30m_current_compression,1.9,gte,3.3663,5.4652,3.0684,5.8999
long,30m_current_compression,3.8,gte,3.3662,5.2739,3.3487,5.6125
long,30m_current_compression,5.7,gte,3.2523,5.2369,3.5636,5.5413
long,30m_current_compression,7.6,gte,3.3731,5.1968,3.6096,5.5058
long,30m_current_compression,9.5,gte,3.2475,5.1838,3.6802,5.4824
long,30m_current_compression,11.4,gte,3.2281,5.1689,3.5141,5.4745
long,30m_current_compression,13.3,gte,3.4357,5.1505,3.9507,5.4481
long,30m_current_compression,15.2,gte,3.0133,5.1552,3.8125,5.4454
long,30m_current_compression,17.1,gte,2.5248,5.1607,3.5682,5.4462
long,30m_current_compression,19.0,gte,2.5767,5.1564,3.5349,5.4449
long,30m_current_compression,0.0,lte,5.6512,3.5655,6.0518,3.6083
long,30m_current_compression,1.9,lte,5.4652,3.3663,5.8999,3.0684
long,30m_current_compression,3.8,lte,5.2739,3.3662,5.6125,3.3487
long,30m_current_compression,5.7,lte,5.2369,3.2523,5.5413,3.5636
long,30m_current_compression,7.6,lte,5.1968,3.3731,5.5058,3.6096
long,30m_current_compression,9.5,lte,5.1838,3.2475,5.4824,3.6802
long,30m_current_compression,11.4,lte,5.1689,3.2281,5.4745,3.5141
long,30m_current_compression,13.3,lte,5.1505,3.4357,5.4481,3.9507
long,30m_current_compression,15.2,lte,5.1552,3.0133,5.4454,3.8125
long,30m_current_compression,17.1,lte,5.1607,2.5248,5.4462,3.5682
long,30m_current_compression,19.0,lte,5.0931,0.0,5.398,0.0
long,30m_current_ma20_distance_pct,-9.1067,gte,5.0931,0.0,5.398,0.0
long,30m_current_ma20_distance_pct,-7.651328,gte,5.0967,4.0379,5.406,3.0208
long,30m_current_ma20_distance_pct,-6.195956,gte,5.1035,3.5534,5.4301,0.6296
long,30m_current_ma20_distance_pct,-4.740584,gte,5.0984,4.7053,5.4411,2.2211
long,30m_current_ma20_distance_pct,-3.285212,gte,5.1358,3.3981,5.4976,1.437
long,30m_current_ma20_distance_pct,-1.82984,gte,5.1581,3.6645,5.5016,3.1184
long,30m_current_ma20_distance_pct,-0.374468,gte,5.2055,3.9295,5.6438,2.8532
long,30m_current_ma20_distance_pct,1.080904,gte,5.2925,3.9872,5.8048,3.1417
long,30m_current_ma20_distance_pct,2.536276,gte,5.6942,3.5289,6.2475,3.1872
long,30m_current_ma20_distance_pct,3.991648,gte,6.1357,3.5876,6.7931,3.3834
long,30m_current_ma20_distance_pct,5.44702,gte,6.5982,3.7011,7.2188,3.714
long,30m_current_ma20_distance_pct,6.902392,gte,7.2774,3.8401,7.7791,4.032
long,30m_current_ma20_distance_pct,8.357764,gte,7.8881,3.9585,8.1917,4.2639
long,30m_current_ma20_distance_pct,9.813136,gte,8.5254,4.0956,8.8171,4.4043
long,30m_current_ma20_distance_pct,11.268508,gte,9.2821,4.1065,9.2817,4.4833
long,30m_current_ma20_distance_pct,12.72388,gte,9.4021,4.2759,9.4754,4.6247
long,30m_current_ma20_distance_pct,14.179252,gte,9.8728,4.4181,9.4529,4.8254
long,30m_current_ma20_distance_pct,15.634624,gte,10.3481,4.456,9.2812,4.9272
long,30m_current_ma20_distance_pct,17.089996,gte,11.3153,4.4839,10.392,4.909
long,30m_current_ma20_distance_pct,18.545368,gte,11.0976,4.6162,9.7095,5.0556
long,30m_current_ma20_distance_pct,20.00074,gte,11.4209,4.6637,9.3972,5.1266
long,30m_current_ma20_distance_pct,21.456112,gte,11.2829,4.7277,9.2435,5.171
long,30m_current_ma20_distance_pct,22.911484,gte,11.2144,4.7774,9.0809,5.208
long,30m_current_ma20_distance_pct,24.366856,gte,10.9882,4.818,8.8797,5.2355
long,30m_current_ma20_distance_pct,25.822228,gte,11.4787,4.8339,8.9883,5.2522
long,30m_current_ma20_distance_pct,27.2776,gte,11.024,4.8879,8.0334,5.3068
long,30m_current_ma20_distance_pct,28.732972,gte,11.2075,4.9034,8.9749,5.287
long,30m_current_ma20_distance_pct,30.188344,gte,10.6485,4.9273,8.6577,5.3007
long,30m_current_ma20_distance_pct,31.643716,gte,11.2045,4.9466,9.7764,5.2931
long,30m_current_ma20_distance_pct,33.099088,gte,11.5523,4.9609,10.1409,5.3009
long,30m_current_ma20_distance_pct,34.55446,gte,12.3395,4.9531,11.9981,5.2705
long,30m_current_ma20_distance_pct,36.009832,gte,12.6571,4.9645,11.8036,5.2891
long,30m_current_ma20_distance_pct,37.465204,gte,13.8583,4.9542,14.7828,5.2492
long,30m_current_ma20_distance_pct,38.920576,gte,12.0451,4.9989,10.2021,5.3329
long,30m_current_ma20_distance_pct,40.375948,gte,9.2403,5.0464,10.3176,5.3426
long,30m_current_ma20_distance_pct,41.83132,gte,9.0757,5.0528,10.8051,5.3432
long,30m_current_ma20_distance_pct,43.286692,gte,8.6585,5.061,5.3213,5.3987
long,30m_current_ma20_distance_pct,44.742064,gte,10.5129,5.0505,6.2997,5.3909
long,30m_current_ma20_distance_pct,46.197436,gte,11.8196,5.0554,6.8624,5.3898
long,30m_current_ma20_distance_pct,47.652808,gte,11.8196,5.0554,6.8624,5.3898
long,30m_current_ma20_distance_pct,49.10818,gte,11.8196,5.0554,6.8624,5.3898
long,30m_current_ma20_distance_pct,50.563552,gte,21.1088,5.0394,23.056,5.3388
long,30m_current_ma20_distance_pct,52.018924,gte,21.1088,5.0394,23.056,5.3388
long,30m_current_ma20_distance_pct,53.474296,gte,21.8611,5.0557,26.4479,5.351
long,30m_current_ma20_distance_pct,54.929668,gte,21.8611,5.0557,26.4479,5.351
long,30m_current_ma20_distance_pct,56.38504,gte,21.8611,5.0557,26.4479,5.351
long,30m_current_ma20_distance_pct,57.840412,gte,21.8611,5.0557,26.4479,5.351
long,30m_current_ma20_distance_pct,59.295784,gte,21.8611,5.0557,26.4479,5.351
long,30m_current_ma20_distance_pct,60.751156,gte,21.8611,5.0557,26.4479,5.351
long,30m_current_ma20_distance_pct,62.206528,gte,36.0838,5.0585,47.8206,5.3507
long,30m_current_ma20_distance_pct,63.6619,gte,36.0838,5.0585,47.8206,5.3507
long,30m_current_ma20_distance_pct,-9.1067,lte,-1.256,5.1002,-1.1594,5.4053
long,30m_current_ma20_distance_pct,-7.651328,lte,4.0379,5.0967,3.0208,5.406
long,30m_current_ma20_distance_pct,-6.195956,lte,3.5534,5.1035,0.6296,5.4301
long,30m_current_ma20_distance_pct,-4.740584,lte,4.7053,5.0984,2.2211,5.4411
long,30m_current_ma20_distance_pct,-3.285212,lte,3.3981,5.1358,1.437,5.4976
long,30m_current_ma20_distance_pct,-1.82984,lte,3.6645,5.1581,3.1184,5.5016
long,30m_current_ma20_distance_pct,-0.374468,lte,3.9295,5.2055,2.8532,5.6438
long,30m_current_ma20_distance_pct,1.080904,lte,3.9872,5.2925,3.1417,5.8048
long,30m_current_ma20_distance_pct,2.536276,lte,3.5289,5.6942,3.1872,6.2475
long,30m_current_ma20_distance_pct,3.991648,lte,3.5876,6.1357,3.3834,6.7931
long,30m_current_ma20_distance_pct,5.44702,lte,3.7011,6.5982,3.714,7.2188
long,30m_current_ma20_distance_pct,6.902392,lte,3.8401,7.2774,4.032,7.7791
long,30m_current_ma20_distance_pct,8.357764,lte,3.9585,7.8881,4.2639,8.1917
long,30m_current_ma20_distance_pct,9.813136,lte,4.0956,8.5254,4.4043,8.8171
long,30m_current_ma20_distance_pct,11.268508,lte,4.1065,9.2821,4.4833,9.2817
long,30m_current_ma20_distance_pct,12.72388,lte,4.2759,9.4021,4.6247,9.4754
long,30m_current_ma20_distance_pct,14.179252,lte,4.4181,9.8728,4.8254,9.4529
long,30m_current_ma20_distance_pct,15.634624,lte,4.456,10.3481,4.9272,9.2812
long,30m_current_ma20_distance_pct,17.089996,lte,4.4839,11.3153,4.909,10.392
long,30m_current_ma20_distance_pct,18.545368,lte,4.6162,11.0976,5.0556,9.7095
long,30m_current_ma20_distance_pct,20.00074,lte,4.6637,11.4209,5.1266,9.3972
long,30m_current_ma20_distance_pct,21.456112,lte,4.7277,11.2829,5.171,9.2435
long,30m_current_ma20_distance_pct,22.911484,lte,4.7774,11.2144,5.208,9.0809
long,30m_current_ma20_distance_pct,24.366856,lte,4.818,10.9882,5.2355,8.8797
long,30m_current_ma20_distance_pct,25.822228,lte,4.8339,11.4787,5.2522,8.9883
long,30m_current_ma20_distance_pct,27.2776,lte,4.8879,11.024,5.3068,8.0334
long,30m_current_ma20_distance_pct,28.732972,lte,4.9034,11.2075,5.287,8.9749
long,30m_current_ma20_distance_pct,30.188344,lte,4.9273,10.6485,5.3007,8.6577
long,30m_current_ma20_distance_pct,31.643716,lte,4.9466,11.2045,5.2931,9.7764
long,30m_current_ma20_distance_pct,33.099088,lte,4.9609,11.5523,5.3009,10.1409
long,30m_current_ma20_distance_pct,34.55446,lte,4.9531,12.3395,5.2705,11.9981
long,30m_current_ma20_distance_pct,36.009832,lte,4.9645,12.6571,5.2891,11.8036
long,30m_current_ma20_distance_pct,37.465204,lte,4.9542,13.8583,5.2492,14.7828
long,30m_current_ma20_distance_pct,38.920576,lte,4.9989,12.0451,5.3329,10.2021
long,30m_current_ma20_distance_pct,40.375948,lte,5.0464,9.2403,5.3426,10.3176
long,30m_current_ma20_distance_pct,41.83132,lte,5.0528,9.0757,5.3432,10.8051
long,30m_current_ma20_distance_pct,43.286692,lte,5.061,8.6585,5.3987,5.3213
long,30m_current_ma20_distance_pct,44.742064,lte,5.0505,10.5129,5.3909,6.2997
long,30m_current_ma20_distance_pct,46.197436,lte,5.0554,11.8196,5.3898,6.8624
long,30m_current_ma20_distance_pct,47.652808,lte,5.0554,11.8196,5.3898,6.8624
long,30m_current_ma20_distance_pct,49.10818,lte,5.0554,11.8196,5.3898,6.8624
long,30m_current_ma20_distance_pct,50.563552,lte,5.0394,21.1088,5.3388,23.056
long,30m_current_ma20_distance_pct,52.018924,lte,5.0394,21.1088,5.3388,23.056
long,30m_current_ma20_distance_pct,53.474296,lte,5.0557,21.8611,5.351,26.4479
long,30m_current_ma20_distance_pct,54.929668,lte,5.0557,21.8611,5.351,26.4479
long,30m_current_ma20_distance_pct,56.38504,lte,5.0557,21.8611,5.351,26.4479
long,30m_current_ma20_distance_pct,57.840412,lte,5.0557,21.8611,5.351,26.4479
long,30m_current_ma20_distance_pct,59.295784,lte,5.0557,21.8611,5.351,26.4479
long,30m_current_ma20_distance_pct,60.751156,lte,5.0557,21.8611,5.351,26.4479
long,30m_current_ma20_distance_pct,62.206528,lte,5.0585,36.0838,5.3507,47.8206
long,30m_current_ma20_distance_pct,63.6619,lte,5.0931,0.0,5.398,0.0
long,30m_current_range_pct,1.4834,gte,5.0931,0.0,5.398,0.0
long,30m_current_range_pct,2.979996,gte,5.9739,2.7491,6.4548,2.5857
long,30m_current_range_pct,4.476592,gte,7.3119,3.2585,7.7514,3.452
long,30m_current_range_pct,5.973188,gte,8.0335,3.906,8.154,4.2853
long,30m_current_range_pct,7.469784,gte,8.8648,4.1528,8.5254,4.6184
long,30m_current_range_pct,8.96638,gte,9.5669,4.4221,9.2429,4.8213
long,30m_current_range_pct,10.462976,gte,11.5328,4.4626,11.2883,4.8212
long,30m_current_range_pct,11.959572,gte,12.4799,4.5541,11.5682,4.9478
long,30m_current_range_pct,13.456168,gte,13.3104,4.5875,12.8034,4.9423
long,30m_current_range_pct,14.952764,gte,14.5241,4.6874,14.3142,5.0144
long,30m_current_range_pct,16.44936,gte,15.7745,4.7616,14.4064,5.1185
long,30m_current_range_pct,17.945956,gte,18.3987,4.8052,17.1999,5.1426
long,30m_current_range_pct,19.442552,gte,20.8832,4.8609,18.5079,5.2052
long,30m_current_range_pct,20.939148,gte,21.5887,4.8883,18.0096,5.2414
long,30m_current_range_pct,22.435744,gte,20.2368,4.9397,16.6369,5.2841
long,30m_current_range_pct,23.93234,gte,20.2368,4.9397,16.6369,5.2841
long,30m_current_range_pct,25.428936,gte,18.3819,4.9735,14.1932,5.3189
long,30m_current_range_pct,26.925532,gte,22.4548,4.9566,18.5368,5.2947
long,30m_current_range_pct,28.422128,gte,24.3828,4.9632,20.8408,5.294
long,30m_current_range_pct,29.918724,gte,18.2388,5.0343,16.96,5.3462
long,30m_current_range_pct,31.41532,gte,18.2388,5.0343,16.96,5.3462
long,30m_current_range_pct,32.911916,gte,18.2388,5.0343,16.96,5.3462
long,30m_current_range_pct,34.408512,gte,16.455,5.055,16.7144,5.36
long,30m_current_range_pct,35.905108,gte,16.455,5.055,16.7144,5.36
long,30m_current_range_pct,37.401704,gte,16.455,5.055,16.7144,5.36
long,30m_current_range_pct,38.8983,gte,16.455,5.055,16.7144,5.36
long,30m_current_range_pct,40.394896,gte,30.352,5.0367,36.9091,5.3276
long,30m_current_range_pct,41.891492,gte,30.352,5.0367,36.9091,5.3276
long,30m_current_range_pct,43.388088,gte,30.352,5.0367,36.9091,5.3276
long,30m_current_range_pct,44.884684,gte,30.352,5.0367,36.9091,5.3276
long,30m_current_range_pct,46.38128,gte,30.352,5.0367,36.9091,5.3276
long,30m_current_range_pct,47.877876,gte,30.352,5.0367,36.9091,5.3276
long,30m_current_range_pct,49.374472,gte,30.352,5.0367,36.9091,5.3276
long,30m_current_range_pct,50.871068,gte,30.352,5.0367,36.9091,5.3276
long,30m_current_range_pct,52.367664,gte,30.352,5.0367,36.9091,5.3276
long,30m_current_range_pct,53.86426,gte,30.352,5.0367,36.9091,5.3276
long,30m_current_range_pct,55.360856,gte,36.0838,5.0585,47.8206,5.3507
long,30m_current_range_pct,56.857452,gte,36.0838,5.0585,47.8206,5.3507
long,30m_current_range_pct,58.354048,gte,36.0838,5.0585,47.8206,5.3507
long,30m_current_range_pct,59.850644,gte,36.0838,5.0585,47.8206,5.3507
long,30m_current_range_pct,61.34724,gte,36.0838,5.0585,47.8206,5.3507
long,30m_current_range_pct,62.843836,gte,36.0838,5.0585,47.8206,5.3507
long,30m_current_range_pct,64.340432,gte,36.0838,5.0585,47.8206,5.3507
long,30m_current_range_pct,65.837028,gte,36.0838,5.0585,47.8206,5.3507
long,30m_current_range_pct,67.333624,gte,36.0838,5.0585,47.8206,5.3507
long,30m_current_range_pct,68.83022,gte,36.0838,5.0585,47.8206,5.3507
long,30m_current_range_pct,70.326816,gte,36.0838,5.0585,47.8206,5.3507
long,30m_current_range_pct,71.823412,gte,36.0838,5.0585,47.8206,5.3507
long,30m_current_range_pct,73.320008,gte,36.0838,5.0585,47.8206,5.3507
long,30m_current_range_pct,74.816604,gte,36.0838,5.0585,47.8206,5.3507
long,30m_current_range_pct,76.3132,gte,36.0838,5.0585,47.8206,5.3507
long,30m_current_range_pct,1.4834,lte,1.3007,5.0974,0.1935,5.4038
long,30m_current_range_pct,2.979996,lte,2.7491,5.9739,2.5857,6.4548
long,30m_current_range_pct,4.476592,lte,3.2585,7.3119,3.452,7.7514
long,30m_current_range_pct,5.973188,lte,3.906,8.0335,4.2853,8.154
long,30m_current_range_pct,7.469784,lte,4.1528,8.8648,4.6184,8.5254
long,30m_current_range_pct,8.96638,lte,4.4221,9.5669,4.8213,9.2429
long,30m_current_range_pct,10.462976,lte,4.4626,11.5328,4.8212,11.2883
long,30m_current_range_pct,11.959572,lte,4.5541,12.4799,4.9478,11.5682
long,30m_current_range_pct,13.456168,lte,4.5875,13.3104,4.9423,12.8034
long,30m_current_range_pct,14.952764,lte,4.6874,14.5241,5.0144,14.3142
long,30m_current_range_pct,16.44936,lte,4.7616,15.7745,5.1185,14.4064
long,30m_current_range_pct,17.945956,lte,4.8052,18.3987,5.1426,17.1999
long,30m_current_range_pct,19.442552,lte,4.8609,20.8832,5.2052,18.5079
long,30m_current_range_pct,20.939148,lte,4.8883,21.5887,5.2414,18.0096
long,30m_current_range_pct,22.435744,lte,4.9397,20.2368,5.2841,16.6369
long,30m_current_range_pct,23.93234,lte,4.9397,20.2368,5.2841,16.6369
long,30m_current_range_pct,25.428936,lte,4.9735,18.3819,5.3189,14.1932
long,30m_current_range_pct,26.925532,lte,4.9566,22.4548,5.2947,18.5368
long,30m_current_range_pct,28.422128,lte,4.9632,24.3828,5.294,20.8408
long,30m_current_range_pct,29.918724,lte,5.0343,18.2388,5.3462,16.96
long,30m_current_range_pct,31.41532,lte,5.0343,18.2388,5.3462,16.96
long,30m_current_range_pct,32.911916,lte,5.0343,18.2388,5.3462,16.96
long,30m_current_range_pct,34.408512,lte,5.055,16.455,5.36,16.7144
long,30m_current_range_pct,35.905108,lte,5.055,16.455,5.36,16.7144
long,30m_current_range_pct,37.401704,lte,5.055,16.455,5.36,16.7144
long,30m_current_range_pct,38.8983,lte,5.055,16.455,5.36,16.7144
long,30m_current_range_pct,40.394896,lte,5.0367,30.352,5.3276,36.9091
long,30m_current_range_pct,41.891492,lte,5.0367,30.352,5.3276,36.9091
long,30m_current_range_pct,43.388088,lte,5.0367,30.352,5.3276,36.9091
long,30m_current_range_pct,44.884684,lte,5.0367,30.352,5.3276,36.9091
long,30m_current_range_pct,46.38128,lte,5.0367,30.352,5.3276,36.9091
long,30m_current_range_pct,47.877876,lte,5.0367,30.352,5.3276,36.9091
long,30m_current_range_pct,49.374472,lte,5.0367,30.352,5.3276,36.9091
long,30m_current_range_pct,50.871068,lte,5.0367,30.352,5.3276,36.9091
long,30m_current_range_pct,52.367664,lte,5.0367,30.352,5.3276,36.9091
long,30m_current_range_pct,53.86426,lte,5.0367,30.352,5.3276,36.9091
long,30m_current_range_pct,55.360856,lte,5.0585,36.0838,5.3507,47.8206
long,30m_current_range_pct,56.857452,lte,5.0585,36.0838,5.3507,47.8206
long,30m_current_range_pct,58.354048,lte,5.0585,36.0838,5.3507,47.8206
long,30m_current_range_pct,59.850644,lte,5.0585,36.0838,5.3507,47.8206
long,30m_current_range_pct,61.34724,lte,5.0585,36.0838,5.3507,47.8206
long,30m_current_range_pct,62.843836,lte,5.0585,36.0838,5.3507,47.8206
long,30m_current_range_pct,64.340432,lte,5.0585,36.0838,5.3507,47.8206
long,30m_current_range_pct,65.837028,lte,5.0585,36.0838,5.3507,47.8206
long,30m_current_range_pct,67.333624,lte,5.0585,36.0838,5.3507,47.8206
long,30m_current_range_pct,68.83022,lte,5.0585,36.0838,5.3507,47.8206
long,30m_current_range_pct,70.326816,lte,5.0585,36.0838,5.3507,47.8206
long,30m_current_range_pct,71.823412,lte,5.0585,36.0838,5.3507,47.8206
long,30m_current_range_pct,73.320008,lte,5.0585,36.0838,5.3507,47.8206
long,30m_current_range_pct,74.816604,lte,5.0585,36.0838,5.3507,47.8206
long,30m_current_range_pct,76.3132,lte,5.0931,0.0,5.398,0.0
long,30m_current_return_pct,-5.6881,gte,5.0931,0.0,5.398,0.0
long,30m_current_return_pct,-4.829028,gte,5.1086,-8.7523,5.4152,-10.0183
long,30m_current_return_pct,-3.969956,gte,5.1359,-14.0558,5.4619,-23.1952
long,30m_current_return_pct,-3.110884,gte,5.1394,-5.2351,5.453,-6.8665
long,30m_current_return_pct,-2.251812,gte,5.1199,2.4532,5.4721,-1.9154
long,30m_current_return_pct,-1.39274,gte,5.1393,3.1667,5.4669,2.5257
long,30m_current_return_pct,-0.533668,gte,5.2114,3.1308,5.6054,1.9586
long,30m_current_return_pct,0.325404,gte,5.2355,4.1626,5.66,3.6852
long,30m_current_return_pct,1.184476,gte,5.7161,3.3178,6.1007,3.3954
long,30m_current_return_pct,2.043548,gte,6.3065,3.53,6.6364,3.8027
long,30m_current_return_pct,2.90262,gte,7.616,3.5531,8.1028,3.747
long,30m_current_return_pct,3.761692,gte,8.6134,3.8072,9.4161,3.9302
long,30m_current_return_pct,4.620764,gte,9.4592,4.0648,9.8156,4.3575
long,30m_current_return_pct,5.479836,gte,10.8883,4.2067,10.3358,4.6428
long,30m_current_return_pct,6.338908,gte,11.7031,4.4012,10.3282,4.8819
long,30m_current_return_pct,7.19798,gte,12.4763,4.5163,11.423,4.9273
long,30m_current_return_pct,8.057052,gte,14.2682,4.5744,13.3253,4.9498
long,30m_current_return_pct,8.916124,gte,14.3517,4.6383,12.9629,5.0264
long,30m_current_return_pct,9.775196,gte,14.8094,4.6869,13.4547,5.0612
long,30m_current_return_pct,10.634268,gte,15.5051,4.7204,14.1808,5.0836
long,30m_current_return_pct,11.49334,gte,17.2875,4.7147,17.0675,5.0359
long,30m_current_return_pct,12.352412,gte,17.6149,4.7636,17.0839,5.0905
long,30m_current_return_pct,13.211484,gte,19.2861,4.7695,18.6693,5.0954
long,30m_current_return_pct,14.070556,gte,20.8591,4.7703,20.6807,5.0851
long,30m_current_return_pct,14.929628,gte,22.0412,4.8244,20.4647,5.1591
long,30m_current_return_pct,15.7887,gte,22.4346,4.8381,19.7116,5.1875
long,30m_current_return_pct,16.647772,gte,21.1498,4.8754,20.337,5.1955
long,30m_current_return_pct,17.506844,gte,20.9464,4.9684,17.0031,5.3067
long,30m_current_return_pct,18.365916,gte,20.9464,4.9684,17.0031,5.3067
long,30m_current_return_pct,19.224988,gte,20.9464,4.9684,17.0031,5.3067
long,30m_current_return_pct,20.08406,gte,26.1255,4.9515,22.5389,5.2826
long,30m_current_return_pct,20.943132,gte,26.1255,4.9515,22.5389,5.2826
long,30m_current_return_pct,21.802204,gte,23.9838,5.0085,20.4561,5.3306
long,30m_current_return_pct,22.661276,gte,23.9838,5.0085,20.4561,5.3306
long,30m_current_return_pct,23.520348,gte,12.3723,5.0769,12.0728,5.3831
long,30m_current_return_pct,24.37942,gte,-11.3391,5.1115,-23.675,5.4305
long,30m_current_return_pct,25.238492,gte,-11.3391,5.1115,-23.675,5.4305
long,30m_current_return_pct,26.097564,gte,-11.3391,5.1115,-23.675,5.4305
long,30m_current_return_pct,26.956636,gte,-11.3391,5.1115,-23.675,5.4305
long,30m_current_return_pct,27.815708,gte,-11.3391,5.1115,-23.675,5.4305
long,30m_current_return_pct,28.67478,gte,-11.3391,5.1115,-23.675,5.4305
long,30m_current_return_pct,29.533852,gte,-11.3391,5.1115,-23.675,5.4305
long,30m_current_return_pct,30.392924,gte,-11.3391,5.1115,-23.675,5.4305
long,30m_current_return_pct,31.251996,gte,-11.3391,5.1115,-23.675,5.4305
long,30m_current_return_pct,32.111068,gte,-11.3391,5.1115,-23.675,5.4305
long,30m_current_return_pct,32.97014,gte,-11.3391,5.1115,-23.675,5.4305
long,30m_current_return_pct,33.829212,gte,-11.3391,5.1115,-23.675,5.4305
long,30m_current_return_pct,34.688284,gte,-11.3391,5.1115,-23.675,5.4305
long,30m_current_return_pct,35.547356,gte,-11.3391,5.1115,-23.675,5.4305
long,30m_current_return_pct,36.406428,gte,-11.3391,5.1115,-23.675,5.4305
long,30m_current_return_pct,37.2655,gte,-11.3391,5.1115,-23.675,5.4305
long,30m_current_return_pct,-5.6881,lte,-8.7523,5.1086,-10.0183,5.4152
long,30m_current_return_pct,-4.829028,lte,-8.7523,5.1086,-10.0183,5.4152
long,30m_current_return_pct,-3.969956,lte,-14.0558,5.1359,-23.1952,5.4619
long,30m_current_return_pct,-3.110884,lte,-5.2351,5.1394,-6.8665,5.453
long,30m_current_return_pct,-2.251812,lte,2.4532,5.1199,-1.9154,5.4721
long,30m_current_return_pct,-1.39274,lte,3.1667,5.1393,2.5257,5.4669
long,30m_current_return_pct,-0.533668,lte,3.1308,5.2114,1.9586,5.6054
long,30m_current_return_pct,0.325404,lte,4.1626,5.2355,3.6852,5.66
long,30m_current_return_pct,1.184476,lte,3.3178,5.7161,3.3954,6.1007
long,30m_current_return_pct,2.043548,lte,3.53,6.3065,3.8027,6.6364
long,30m_current_return_pct,2.90262,lte,3.5531,7.616,3.747,8.1028
long,30m_current_return_pct,3.761692,lte,3.8072,8.6134,3.9302,9.4161
long,30m_current_return_pct,4.620764,lte,4.0648,9.4592,4.3575,9.8156
long,30m_current_return_pct,5.479836,lte,4.2067,10.8883,4.6428,10.3358
long,30m_current_return_pct,6.338908,lte,4.4012,11.7031,4.8819,10.3282
long,30m_current_return_pct,7.19798,lte,4.5163,12.4763,4.9273,11.423
long,30m_current_return_pct,8.057052,lte,4.5744,14.2682,4.9498,13.3253
long,30m_current_return_pct,8.916124,lte,4.6383,14.3517,5.0264,12.9629
long,30m_current_return_pct,9.775196,lte,4.6869,14.8094,5.0612,13.4547
long,30m_current_return_pct,10.634268,lte,4.7204,15.5051,5.0836,14.1808
long,30m_current_return_pct,11.49334,lte,4.7147,17.2875,5.0359,17.0675
long,30m_current_return_pct,12.352412,lte,4.7636,17.6149,5.0905,17.0839
long,30m_current_return_pct,13.211484,lte,4.7695,19.2861,5.0954,18.6693
long,30m_current_return_pct,14.070556,lte,4.7703,20.8591,5.0851,20.6807
long,30m_current_return_pct,14.929628,lte,4.8244,22.0412,5.1591,20.4647
long,30m_current_return_pct,15.7887,lte,4.8381,22.4346,5.1875,19.7116
long,30m_current_return_pct,16.647772,lte,4.8754,21.1498,5.1955,20.337
long,30m_current_return_pct,17.506844,lte,4.9684,20.9464,5.3067,17.0031
long,30m_current_return_pct,18.365916,lte,4.9684,20.9464,5.3067,17.0031
long,30m_current_return_pct,19.224988,lte,4.9684,20.9464,5.3067,17.0031
long,30m_current_return_pct,20.08406,lte,4.9515,26.1255,5.2826,22.5389
long,30m_current_return_pct,20.943132,lte,4.9515,26.1255,5.2826,22.5389
long,30m_current_return_pct,21.802204,lte,5.0085,23.9838,5.3306,20.4561
long,30m_current_return_pct,22.661276,lte,5.0085,23.9838,5.3306,20.4561
long,30m_current_return_pct,23.520348,lte,5.0769,12.3723,5.3831,12.0728
long,30m_current_return_pct,24.37942,lte,5.1115,-11.3391,5.4305,-23.675
long,30m_current_return_pct,25.238492,lte,5.1115,-11.3391,5.4305,-23.675
long,30m_current_return_pct,26.097564,lte,5.1115,-11.3391,5.4305,-23.675
long,30m_current_return_pct,26.956636,lte,5.1115,-11.3391,5.4305,-23.675
long,30m_current_return_pct,27.815708,lte,5.1115,-11.3391,5.4305,-23.675
long,30m_current_return_pct,28.67478,lte,5.1115,-11.3391,5.4305,-23.675
long,30m_current_return_pct,29.533852,lte,5.1115,-11.3391,5.4305,-23.675
long,30m_current_return_pct,30.392924,lte,5.1115,-11.3391,5.4305,-23.675
long,30m_current_return_pct,31.251996,lte,5.1115,-11.3391,5.4305,-23.675
long,30m_current_return_pct,32.111068,lte,5.1115,-11.3391,5.4305,-23.675
long,30m_current_return_pct,32.97014,lte,5.1115,-11.3391,5.4305,-23.675
long,30m_current_return_pct,33.829212,lte,5.1115,-11.3391,5.4305,-23.675
long,30m_current_return_pct,34.688284,lte,5.1115,-11.3391,5.4305,-23.675
long,30m_current_return_pct,35.547356,lte,5.1115,-11.3391,5.4305,-23.675
long,30m_current_return_pct,36.406428,lte,5.1115,-11.3391,5.4305,-23.675
long,30m_current_return_pct,37.2655,lte,5.0931,0.0,5.398,0.0
long,30m_current_volume_ratio,0.1957,gte,5.0931,0.0,5.398,0.0
long,30m_current_volume_ratio,2.063284,gte,6.3699,4.4738,6.9991,4.6213
long,30m_current_volume_ratio,3.930868,gte,6.7953,4.7942,7.112,5.097
long,30m_current_volume_ratio,5.798452,gte,8.8085,4.7591,8.8024,5.0919
long,30m_current_volume_ratio,7.666036,gte,9.9712,4.8295,10.5743,5.1182
long,30m_current_volume_ratio,9.53362,gte,10.3456,4.8988,10.8335,5.1969
long,30m_current_volume_ratio,11.401204,gte,9.7613,4.9975,11.483,5.2734
long,30m_current_volume_ratio,13.268788,gte,9.9462,5.0106,11.8539,5.2882
long,30m_current_volume_ratio,15.136372,gte,10.4672,5.0141,12.4084,5.2949
long,30m_current_volume_ratio,17.003956,gte,11.0866,5.0119,12.9987,5.295
long,30m_current_volume_ratio,18.87154,gte,11.8443,5.0247,12.9281,5.3217
long,30m_current_volume_ratio,20.739124,gte,10.5108,5.0444,10.9764,5.3478
long,30m_current_volume_ratio,22.606708,gte,9.8981,5.0553,10.7752,5.3557
long,30m_current_volume_ratio,24.474292,gte,11.3978,5.0507,12.4788,5.3503
long,30m_current_volume_ratio,26.341876,gte,16.89,5.0403,17.6595,5.3431
long,30m_current_volume_ratio,28.20946,gte,16.89,5.0403,17.6595,5.3431
long,30m_current_volume_ratio,30.077044,gte,16.89,5.0403,17.6595,5.3431
long,30m_current_volume_ratio,31.944628,gte,16.89,5.0403,17.6595,5.3431
long,30m_current_volume_ratio,33.812212,gte,16.89,5.0403,17.6595,5.3431
long,30m_current_volume_ratio,35.679796,gte,16.89,5.0403,17.6595,5.3431
long,30m_current_volume_ratio,37.54738,gte,16.89,5.0403,17.6595,5.3431
long,30m_current_volume_ratio,39.414964,gte,17.9472,5.05,18.4294,5.3543
long,30m_current_volume_ratio,41.282548,gte,17.9472,5.05,18.4294,5.3543
long,30m_current_volume_ratio,43.150132,gte,17.9472,5.05,18.4294,5.3543
long,30m_current_volume_ratio,45.017716,gte,17.9472,5.05,18.4294,5.3543
long,30m_current_volume_ratio,46.8853,gte,17.9472,5.05,18.4294,5.3543
long,30m_current_volume_ratio,48.752884,gte,17.9472,5.05,18.4294,5.3543
long,30m_current_volume_ratio,50.620468,gte,17.9472,5.05,18.4294,5.3543
long,30m_current_volume_ratio,52.488052,gte,17.9472,5.05,18.4294,5.3543
long,30m_current_volume_ratio,54.355636,gte,17.9472,5.05,18.4294,5.3543
long,30m_current_volume_ratio,56.22322,gte,17.9472,5.05,18.4294,5.3543
long,30m_current_volume_ratio,58.090804,gte,17.9472,5.05,18.4294,5.3543
long,30m_current_volume_ratio,59.958388,gte,17.9472,5.05,18.4294,5.3543
long,30m_current_volume_ratio,61.825972,gte,17.9472,5.05,18.4294,5.3543
long,30m_current_volume_ratio,63.693556,gte,17.9472,5.05,18.4294,5.3543
long,30m_current_volume_ratio,65.56114,gte,17.9472,5.05,18.4294,5.3543
long,30m_current_volume_ratio,67.428724,gte,15.1257,5.0707,18.7957,5.3681
long,30m_current_volume_ratio,69.296308,gte,15.1257,5.0707,18.7957,5.3681
long,30m_current_volume_ratio,71.163892,gte,20.1815,5.0763,17.5216,5.3845
long,30m_current_volume_ratio,73.031476,gte,20.1815,5.0763,17.5216,5.3845
long,30m_current_volume_ratio,74.89906,gte,20.1815,5.0763,17.5216,5.3845
long,30m_current_volume_ratio,76.766644,gte,20.1815,5.0763,17.5216,5.3845
long,30m_current_volume_ratio,78.634228,gte,20.1815,5.0763,17.5216,5.3845
long,30m_current_volume_ratio,80.501812,gte,20.1815,5.0763,17.5216,5.3845
long,30m_current_volume_ratio,82.369396,gte,20.1815,5.0763,17.5216,5.3845
long,30m_current_volume_ratio,84.23698,gte,20.1815,5.0763,17.5216,5.3845
long,30m_current_volume_ratio,86.104564,gte,20.1815,5.0763,17.5216,5.3845
long,30m_current_volume_ratio,87.972148,gte,20.1815,5.0763,17.5216,5.3845
long,30m_current_volume_ratio,89.839732,gte,20.1815,5.0763,17.5216,5.3845
long,30m_current_volume_ratio,91.707316,gte,20.1815,5.0763,17.5216,5.3845
long,30m_current_volume_ratio,93.5749,gte,20.1815,5.0763,17.5216,5.3845
long,30m_current_volume_ratio,0.1957,lte,4.2934,5.094,4.2051,5.3994
long,30m_current_volume_ratio,2.063284,lte,4.4738,6.3699,4.6213,6.9991
long,30m_current_volume_ratio,3.930868,lte,4.7942,6.7953,5.097,7.112
long,30m_current_volume_ratio,5.798452,lte,4.7591,8.8085,5.0919,8.8024
long,30m_current_volume_ratio,7.666036,lte,4.8295,9.9712,5.1182,10.5743
long,30m_current_volume_ratio,9.53362,lte,4.8988,10.3456,5.1969,10.8335
long,30m_current_volume_ratio,11.401204,lte,4.9975,9.7613,5.2734,11.483
long,30m_current_volume_ratio,13.268788,lte,5.0106,9.9462,5.2882,11.8539
long,30m_current_volume_ratio,15.136372,lte,5.0141,10.4672,5.2949,12.4084
long,30m_current_volume_ratio,17.003956,lte,5.0119,11.0866,5.295,12.9987
long,30m_current_volume_ratio,18.87154,lte,5.0247,11.8443,5.3217,12.9281
long,30m_current_volume_ratio,20.739124,lte,5.0444,10.5108,5.3478,10.9764
long,30m_current_volume_ratio,22.606708,lte,5.0553,9.8981,5.3557,10.7752
long,30m_current_volume_ratio,24.474292,lte,5.0507,11.3978,5.3503,12.4788
long,30m_current_volume_ratio,26.341876,lte,5.0403,16.89,5.3431,17.6595
long,30m_current_volume_ratio,28.20946,lte,5.0403,16.89,5.3431,17.6595
long,30m_current_volume_ratio,30.077044,lte,5.0403,16.89,5.3431,17.6595
long,30m_current_volume_ratio,31.944628,lte,5.0403,16.89,5.3431,17.6595
long,30m_current_volume_ratio,33.812212,lte,5.0403,16.89,5.3431,17.6595
long,30m_current_volume_ratio,35.679796,lte,5.0403,16.89,5.3431,17.6595
long,30m_current_volume_ratio,37.54738,lte,5.0403,16.89,5.3431,17.6595
long,30m_current_volume_ratio,39.414964,lte,5.05,17.9472,5.3543,18.4294
long,30m_current_volume_ratio,41.282548,lte,5.05,17.9472,5.3543,18.4294
long,30m_current_volume_ratio,43.150132,lte,5.05,17.9472,5.3543,18.4294
long,30m_current_volume_ratio,45.017716,lte,5.05,17.9472,5.3543,18.4294
long,30m_current_volume_ratio,46.8853,lte,5.05,17.9472,5.3543,18.4294
long,30m_current_volume_ratio,48.752884,lte,5.05,17.9472,5.3543,18.4294
long,30m_current_volume_ratio,50.620468,lte,5.05,17.9472,5.3543,18.4294
long,30m_current_volume_ratio,52.488052,lte,5.05,17.9472,5.3543,18.4294
long,30m_current_volume_ratio,54.355636,lte,5.05,17.9472,5.3543,18.4294
long,30m_current_volume_ratio,56.22322,lte,5.05,17.9472,5.3543,18.4294
long,30m_current_volume_ratio,58.090804,lte,5.05,17.9472,5.3543,18.4294
long,30m_current_volume_ratio,59.958388,lte,5.05,17.9472,5.3543,18.4294
long,30m_current_volume_ratio,61.825972,lte,5.05,17.9472,5.3543,18.4294
long,30m_current_volume_ratio,63.693556,lte,5.05,17.9472,5.3543,18.4294
long,30m_current_volume_ratio,65.56114,lte,5.05,17.9472,5.3543,18.4294
long,30m_current_volume_ratio,67.428724,lte,5.0707,15.1257,5.3681,18.7957
long,30m_current_volume_ratio,69.296308,lte,5.0707,15.1257,5.3681,18.7957
long,30m_current_volume_ratio,71.163892,lte,5.0763,20.1815,5.3845,17.5216
long,30m_current_volume_ratio,73.031476,lte,5.0763,20.1815,5.3845,17.5216
long,30m_current_volume_ratio,74.89906,lte,5.0763,20.1815,5.3845,17.5216
long,30m_current_volume_ratio,76.766644,lte,5.0763,20.1815,5.3845,17.5216
long,30m_current_volume_ratio,78.634228,lte,5.0763,20.1815,5.3845,17.5216
long,30m_current_volume_ratio,80.501812,lte,5.0763,20.1815,5.3845,17.5216
long,30m_current_volume_ratio,82.369396,lte,5.0763,20.1815,5.3845,17.5216
long,30m_current_volume_ratio,84.23698,lte,5.0763,20.1815,5.3845,17.5216
long,30m_current_volume_ratio,86.104564,lte,5.0763,20.1815,5.3845,17.5216
long,30m_current_volume_ratio,87.972148,lte,5.0763,20.1815,5.3845,17.5216
long,30m_current_volume_ratio,89.839732,lte,5.0763,20.1815,5.3845,17.5216
long,30m_current_volume_ratio,91.707316,lte,5.0763,20.1815,5.3845,17.5216
long,30m_current_volume_ratio,93.5749,lte,5.0931,0.0,5.398,0.0
long,30m_previous_body_pct,0.0,gte,5.0931,0.0,5.398,0.0
long,30m_previous_body_pct,0.357836,gte,5.2186,4.4316,5.5747,4.4665
long,30m_previous_body_pct,0.715672,gte,5.5036,4.109,5.788,4.4629
long,30m_previous_body_pct,1.073508,gte,5.7091,4.2357,5.9429,4.6396
long,30m_previous_body_pct,1.431344,gte,5.9096,4.307,5.8649,4.9486
long,30m_previous_body_pct,1.78918,gte,6.3794,4.2624,5.9981,5.0105
long,30m_previous_body_pct,2.147016,gte,6.713,4.3192,6.4654,4.8881
long,30m_previous_body_pct,2.504852,gte,6.9801,4.364,6.795,4.8582
long,30m_previous_body_pct,2.862688,gte,7.3376,4.3725,7.0918,4.8542
long,30m_previous_body_pct,3.220524,gte,7.683,4.4202,7.6136,4.8223
long,30m_previous_body_pct,3.57836,gte,7.5818,4.5692,7.8766,4.8762
long,30m_previous_body_pct,3.936196,gte,7.8265,4.6257,8.2834,4.9046
long,30m_previous_body_pct,4.294032,gte,7.691,4.73,9.1019,4.8803
long,30m_previous_body_pct,4.651868,gte,8.6344,4.7031,10.6342,4.8213
long,30m_previous_body_pct,5.009704,gte,8.627,4.766,10.7391,4.9036
long,30m_previous_body_pct,5.36754,gte,7.7705,4.8874,9.5105,5.0821
long,30m_previous_body_pct,5.725376,gte,7.8798,4.8969,9.2779,5.1249
long,30m_previous_body_pct,6.083212,gte,8.0009,4.9287,8.3239,5.2326
long,30m_previous_body_pct,6.441048,gte,8.5875,4.93,8.7206,5.2429
long,30m_previous_body_pct,6.798884,gte,8.7298,4.9455,8.8542,5.2577
long,30m_previous_body_pct,7.15672,gte,8.2952,4.99,9.2565,5.2737
long,30m_previous_body_pct,7.514556,gte,7.7875,5.0127,8.7487,5.298
long,30m_previous_body_pct,7.872392,gte,8.7874,4.9959,10.3196,5.2685
long,30m_previous_body_pct,8.230228,gte,9.7023,4.9772,11.8648,5.2354
long,30m_previous_body_pct,8.588064,gte,9.7023,4.9772,11.8648,5.2354
long,30m_previous_body_pct,8.9459,gte,10.1101,4.9846,11.9533,5.2562
long,30m_previous_body_pct,9.303736,gte,10.1842,5.0066,10.4727,5.3117
long,30m_previous_body_pct,9.661572,gte,11.0793,4.9982,11.99,5.2935
long,30m_previous_body_pct,10.019408,gte,11.0793,4.9982,11.99,5.2935
long,30m_previous_body_pct,10.377244,gte,11.0793,4.9982,11.99,5.2935
long,30m_previous_body_pct,10.73508,gte,11.8323,4.994,13.1401,5.2842
long,30m_previous_body_pct,11.092916,gte,11.5943,5.0124,14.8749,5.2804
long,30m_previous_body_pct,11.450752,gte,11.2158,5.0241,15.8538,5.2801
long,30m_previous_body_pct,11.808588,gte,11.903,5.0319,17.1778,5.292
long,30m_previous_body_pct,12.166424,gte,11.903,5.0319,17.1778,5.292
long,30m_previous_body_pct,12.52426,gte,11.903,5.0319,17.1778,5.292
long,30m_previous_body_pct,12.882096,gte,14.8625,5.0273,19.9859,5.2998
long,30m_previous_body_pct,13.239932,gte,13.964,5.0534,23.1215,5.3186
long,30m_previous_body_pct,13.597768,gte,13.964,5.0534,23.1215,5.3186
long,30m_previous_body_pct,13.955604,gte,8.4924,5.0855,14.073,5.3786
long,30m_previous_body_pct,14.31344,gte,8.4924,5.0855,14.073,5.3786
long,30m_previous_body_pct,14.671276,gte,8.4924,5.0855,14.073,5.3786
long,30m_previous_body_pct,15.029112,gte,8.4924,5.0855,14.073,5.3786
long,30m_previous_body_pct,15.386948,gte,8.4924,5.0855,14.073,5.3786
long,30m_previous_body_pct,15.744784,gte,8.4924,5.0855,14.073,5.3786
long,30m_previous_body_pct,16.10262,gte,8.4924,5.0855,14.073,5.3786
long,30m_previous_body_pct,16.460456,gte,8.4924,5.0855,14.073,5.3786
long,30m_previous_body_pct,16.818292,gte,8.4924,5.0855,14.073,5.3786
long,30m_previous_body_pct,17.176128,gte,8.4924,5.0855,14.073,5.3786
long,30m_previous_body_pct,17.533964,gte,8.4924,5.0855,14.073,5.3786
long,30m_previous_body_pct,17.8918,gte,5.8517,5.0923,1.8554,5.402
long,30m_previous_body_pct,0.0,lte,3.2917,5.1073,3.2892,5.4146
long,30m_previous_body_pct,0.357836,lte,4.4316,5.2186,4.4665,5.5747
long,30m_previous_body_pct,0.715672,lte,4.109,5.5036,4.4629,5.788
long,30m_previous_body_pct,1.073508,lte,4.2357,5.7091,4.6396,5.9429
long,30m_previous_body_pct,1.431344,lte,4.307,5.9096,4.9486,5.8649
long,30m_previous_body_pct,1.78918,lte,4.2624,6.3794,5.0105,5.9981
long,30m_previous_body_pct,2.147016,lte,4.3192,6.713,4.8881,6.4654
long,30m_previous_body_pct,2.504852,lte,4.364,6.9801,4.8582,6.795
long,30m_previous_body_pct,2.862688,lte,4.3725,7.3376,4.8542,7.0918
long,30m_previous_body_pct,3.220524,lte,4.4202,7.683,4.8223,7.6136
long,30m_previous_body_pct,3.57836,lte,4.5692,7.5818,4.8762,7.8766
long,30m_previous_body_pct,3.936196,lte,4.6257,7.8265,4.9046,8.2834
long,30m_previous_body_pct,4.294032,lte,4.73,7.691,4.8803,9.1019
long,30m_previous_body_pct,4.651868,lte,4.7031,8.6344,4.8213,10.6342
long,30m_previous_body_pct,5.009704,lte,4.766,8.627,4.9036,10.7391
long,30m_previous_body_pct,5.36754,lte,4.8874,7.7705,5.0821,9.5105
long,30m_previous_body_pct,5.725376,lte,4.8969,7.8798,5.1249,9.2779
long,30m_previous_body_pct,6.083212,lte,4.9287,8.0009,5.2326,8.3239
long,30m_previous_body_pct,6.441048,lte,4.93,8.5875,5.2429,8.7206
long,30m_previous_body_pct,6.798884,lte,4.9455,8.7298,5.2577,8.8542
long,30m_previous_body_pct,7.15672,lte,4.99,8.2952,5.2737,9.2565
long,30m_previous_body_pct,7.514556,lte,5.0127,7.7875,5.298,8.7487
long,30m_previous_body_pct,7.872392,lte,4.9959,8.7874,5.2685,10.3196
long,30m_previous_body_pct,8.230228,lte,4.9772,9.7023,5.2354,11.8648
long,30m_previous_body_pct,8.588064,lte,4.9772,9.7023,5.2354,11.8648
long,30m_previous_body_pct,8.9459,lte,4.9846,10.1101,5.2562,11.9533
long,30m_previous_body_pct,9.303736,lte,5.0066,10.1842,5.3117,10.4727
long,30m_previous_body_pct,9.661572,lte,4.9982,11.0793,5.2935,11.99
long,30m_previous_body_pct,10.019408,lte,4.9982,11.0793,5.2935,11.99
long,30m_previous_body_pct,10.377244,lte,4.9982,11.0793,5.2935,11.99
long,30m_previous_body_pct,10.73508,lte,4.994,11.8323,5.2842,13.1401
long,30m_previous_body_pct,11.092916,lte,5.0124,11.5943,5.2804,14.8749
long,30m_previous_body_pct,11.450752,lte,5.0241,11.2158,5.2801,15.8538
long,30m_previous_body_pct,11.808588,lte,5.0319,11.903,5.292,17.1778
long,30m_previous_body_pct,12.166424,lte,5.0319,11.903,5.292,17.1778
long,30m_previous_body_pct,12.52426,lte,5.0319,11.903,5.292,17.1778
long,30m_previous_body_pct,12.882096,lte,5.0273,14.8625,5.2998,19.9859
long,30m_previous_body_pct,13.239932,lte,5.0534,13.964,5.3186,23.1215
long,30m_previous_body_pct,13.597768,lte,5.0534,13.964,5.3186,23.1215
long,30m_previous_body_pct,13.955604,lte,5.0855,8.4924,5.3786,14.073
long,30m_previous_body_pct,14.31344,lte,5.0855,8.4924,5.3786,14.073
long,30m_previous_body_pct,14.671276,lte,5.0855,8.4924,5.3786,14.073
long,30m_previous_body_pct,15.029112,lte,5.0855,8.4924,5.3786,14.073
long,30m_previous_body_pct,15.386948,lte,5.0855,8.4924,5.3786,14.073
long,30m_previous_body_pct,15.744784,lte,5.0855,8.4924,5.3786,14.073
long,30m_previous_body_pct,16.10262,lte,5.0855,8.4924,5.3786,14.073
long,30m_previous_body_pct,16.460456,lte,5.0855,8.4924,5.3786,14.073
long,30m_previous_body_pct,16.818292,lte,5.0855,8.4924,5.3786,14.073
long,30m_previous_body_pct,17.176128,lte,5.0855,8.4924,5.3786,14.073
long,30m_previous_body_pct,17.533964,lte,5.0855,8.4924,5.3786,14.073
long,30m_previous_body_pct,17.8918,lte,5.0931,0.0,5.398,0.0
long,30m_previous_close_position,0.0,gte,5.0931,0.0,5.398,0.0
long,30m_previous_close_position,0.02,gte,5.1175,2.9317,5.41,4.3363
long,30m_previous_close_position,0.04,gte,5.115,4.0255,5.3822,6.1716
long,30m_previous_close_position,0.06,gte,5.0823,5.3676,5.3311,7.0969
long,30m_previous_close_position,0.08,gte,5.0831,5.2328,5.3282,6.3714
long,30m_previous_close_position,0.1,gte,5.116,4.8389,5.3922,5.4628
long,30m_previous_close_position,0.12,gte,5.1579,4.4666,5.44,4.992
long,30m_previous_close_position,0.14,gte,5.1286,4.8259,5.4618,4.9173
long,30m_previous_close_position,0.16,gte,5.1451,4.778,5.4533,5.063
long,30m_previous_close_position,0.18,gte,5.1761,4.6485,5.4931,4.8885
long,30m_previous_close_position,0.2,gte,5.1816,4.6593,5.4877,4.9584
long,30m_previous_close_position,0.22,gte,5.1519,4.8284,5.514,4.8758
long,30m_previous_close_position,0.24,gte,5.1409,4.9053,5.5245,4.9013
long,30m_previous_close_position,0.26,gte,5.1558,4.8775,5.5357,4.9244
long,30m_previous_close_position,0.28,gte,5.1869,4.7975,5.587,4.8022
long,30m_previous_close_position,0.3,gte,5.2065,4.7625,5.6005,4.8073
long,30m_previous_close_position,0.32,gte,5.2622,4.6381,5.6987,4.5887
long,30m_previous_close_position,0.34,gte,5.2039,4.8217,5.6465,4.7892
long,30m_previous_close_position,0.36,gte,5.2126,4.8244,5.7065,4.7039
long,30m_previous_close_position,0.38,gte,5.1915,4.8873,5.6578,4.8544
long,30m_previous_close_position,0.4,gte,5.2162,4.8554,5.644,4.923
long,30m_previous_close_position,0.42,gte,5.2181,4.8611,5.5982,5.0264
long,30m_previous_close_position,0.44,gte,5.2723,4.7823,5.6421,4.9745
long,30m_previous_close_position,0.46,gte,5.2873,4.7868,5.6691,4.9703
long,30m_previous_close_position,0.48,gte,5.2739,4.826,5.6957,4.958
long,30m_previous_close_position,0.5,gte,5.2358,4.8937,5.7165,4.9527
long,30m_previous_close_position,0.52,gte,5.3012,4.8251,5.7302,4.9701
long,30m_previous_close_position,0.54,gte,5.269,4.8776,5.6885,5.042
long,30m_previous_close_position,0.56,gte,5.3242,4.8272,5.7684,4.9717
long,30m_previous_close_position,0.58,gte,5.352,4.8219,5.8423,4.9325
long,30m_previous_close_position,0.6,gte,5.3183,4.8754,5.7751,5.0334
long,30m_previous_close_position,0.62,gte,5.31,4.8934,5.7934,5.0339
long,30m_previous_close_position,0.64,gte,5.372,4.8519,5.8877,4.9745
long,30m_previous_close_position,0.66,gte,5.4281,4.8296,5.7727,5.1032
long,30m_previous_close_position,0.68,gte,5.4844,4.8159,5.8525,5.076
long,30m_previous_close_position,0.7,gte,5.6208,4.7491,5.9218,5.0565
long,30m_previous_close_position,0.72,gte,5.7295,4.7174,6.0764,4.9975
long,30m_previous_close_position,0.74,gte,5.8055,4.7057,6.5743,4.7583
long,30m_previous_close_position,0.76,gte,5.8213,4.7327,6.5312,4.8371
long,30m_previous_close_position,0.78,gte,5.8166,4.7733,6.5635,4.8827
long,30m_previous_close_position,0.8,gte,5.7253,4.8337,6.3056,5.0256
long,30m_previous_close_position,0.82,gte,5.7138,4.8677,6.2771,5.0787
long,30m_previous_close_position,0.84,gte,5.8173,4.862,6.5259,5.0381
long,30m_previous_close_position,0.86,gte,5.8186,4.9034,6.682,5.0621
long,30m_previous_close_position,0.88,gte,5.6511,4.9784,6.611,5.1486
long,30m_previous_close_position,0.9,gte,5.1456,5.0847,6.3196,5.2502
long,30m_previous_close_position,0.92,gte,4.8878,5.1169,5.3871,5.3993
long,30m_previous_close_position,0.94,gte,4.804,5.1153,4.2764,5.4842
long,30m_previous_close_position,0.96,gte,4.1509,5.1383,3.6522,5.4816
long,30m_previous_close_position,0.98,gte,5.0108,5.0948,5.4056,5.3979
long,30m_previous_close_position,1.0,gte,2.6272,5.107,1.7036,5.4187
long,30m_previous_close_position,0.0,lte,0.614,5.1182,0.898,5.4232
long,30m_previous_close_position,0.02,lte,2.9317,5.1175,4.3363,5.41
long,30m_previous_close_position,0.04,lte,3.8014,5.1211,5.8345,5.3886
long,30m_previous_close_position,0.06,lte,5.3676,5.0823,7.0969,5.3311
long,30m_previous_close_position,0.08,lte,5.2328,5.0831,6.3714,5.3282
long,30m_previous_close_position,0.1,lte,4.8389,5.116,5.4628,5.3922
long,30m_previous_close_position,0.12,lte,4.4666,5.1579,4.992,5.44
long,30m_previous_close_position,0.14,lte,4.8259,5.1286,4.9173,5.4618
long,30m_previous_close_position,0.16,lte,4.778,5.1451,5.063,5.4533
long,30m_previous_close_position,0.18,lte,4.6485,5.1761,4.8885,5.4931
long,30m_previous_close_position,0.2,lte,4.6593,5.1816,4.9584,5.4877
long,30m_previous_close_position,0.22,lte,4.8284,5.1519,4.8758,5.514
long,30m_previous_close_position,0.24,lte,4.9053,5.1409,4.9013,5.5245
long,30m_previous_close_position,0.26,lte,4.8775,5.1558,4.9244,5.5357
long,30m_previous_close_position,0.28,lte,4.7975,5.1869,4.8022,5.587
long,30m_previous_close_position,0.3,lte,4.7625,5.2065,4.8073,5.6005
long,30m_previous_close_position,0.32,lte,4.6381,5.2622,4.5887,5.6987
long,30m_previous_close_position,0.34,lte,4.8265,5.2025,4.7849,5.6496
long,30m_previous_close_position,0.36,lte,4.8078,5.2213,4.7274,5.6992
long,30m_previous_close_position,0.38,lte,4.8873,5.1915,4.8544,5.6578
long,30m_previous_close_position,0.4,lte,4.8554,5.2162,4.923,5.644
long,30m_previous_close_position,0.42,lte,4.8611,5.2181,5.0264,5.5982
long,30m_previous_close_position,0.44,lte,4.7823,5.2723,4.9745,5.6421
long,30m_previous_close_position,0.46,lte,4.7868,5.2873,4.9703,5.6691
long,30m_previous_close_position,0.48,lte,4.826,5.2739,4.958,5.6957
long,30m_previous_close_position,0.5,lte,4.9033,5.2308,4.9679,5.7098
long,30m_previous_close_position,0.52,lte,4.8251,5.3012,4.9701,5.7302
long,30m_previous_close_position,0.54,lte,4.8776,5.269,5.042,5.6885
long,30m_previous_close_position,0.56,lte,4.8272,5.3242,4.9717,5.7684
long,30m_previous_close_position,0.58,lte,4.8219,5.352,4.9325,5.8423
long,30m_previous_close_position,0.6,lte,4.8923,5.3018,5.0246,5.7859
long,30m_previous_close_position,0.62,lte,4.8934,5.31,5.0339,5.7934
long,30m_previous_close_position,0.64,lte,4.8519,5.372,4.9745,5.8877
long,30m_previous_close_position,0.66,lte,4.8296,5.4281,5.1032,5.7727
long,30m_previous_close_position,0.68,lte,4.8123,5.4912,5.091,5.8334
long,30m_previous_close_position,0.7,lte,4.7381,5.6403,5.0488,5.9362
long,30m_previous_close_position,0.72,lte,4.7174,5.7295,4.9975,6.0764
long,30m_previous_close_position,0.74,lte,4.7057,5.8055,4.7583,6.5743
long,30m_previous_close_position,0.76,lte,4.7327,5.8213,4.8371,6.5312
long,30m_previous_close_position,0.78,lte,4.7733,5.8166,4.8827,6.5635
long,30m_previous_close_position,0.8,lte,4.8069,5.8098,5.0053,6.3813
long,30m_previous_close_position,0.82,lte,4.8677,5.7138,5.0787,6.2771
long,30m_previous_close_position,0.84,lte,4.862,5.8173,5.0381,6.5259
long,30m_previous_close_position,0.86,lte,4.9034,5.8186,5.0621,6.682
long,30m_previous_close_position,0.88,lte,4.9784,5.6511,5.1486,6.611
long,30m_previous_close_position,0.9,lte,5.0857,5.14,5.2496,6.332
long,30m_previous_close_position,0.92,lte,5.1169,4.8878,5.3993,5.3871
long,30m_previous_close_position,0.94,lte,5.1153,4.804,5.4842,4.2764
long,30m_previous_close_position,0.96,lte,5.134,4.2176,5.4787,3.6686
long,30m_previous_close_position,0.98,lte,5.0948,5.0108,5.3979,5.4056
long,30m_previous_close_position,1.0,lte,5.0931,0.0,5.398,0.0
long,30m_previous_compression,0.0,gte,5.0931,0.0,5.398,0.0
long,30m_previous_compression,1.9,gte,3.7506,5.4071,3.888,5.7511
long,30m_previous_compression,3.8,gte,3.8367,5.2508,4.1307,5.557
long,30m_previous_compression,5.7,gte,3.9386,5.1954,4.4444,5.4825
long,30m_previous_compression,7.6,gte,3.7848,5.1836,4.4347,5.4646
long,30m_previous_compression,9.5,gte,3.6884,5.1796,4.3454,5.4628
long,30m_previous_compression,11.4,gte,4.0755,5.1419,4.7193,5.4305
long,30m_previous_compression,13.3,gte,3.9809,5.137,4.7378,5.424
long,30m_previous_compression,15.2,gte,3.7547,5.1443,4.5863,5.429
long,30m_previous_compression,17.1,gte,3.7604,5.1361,4.6999,5.4205
long,30m_previous_compression,19.0,gte,3.534,5.1397,4.6286,5.421
long,30m_previous_compression,0.0,lte,5.584,3.7869,6.0264,3.7258
long,30m_previous_compression,1.9,lte,5.4071,3.7506,5.7511,3.888
long,30m_previous_compression,3.8,lte,5.2508,3.8367,5.557,4.1307
long,30m_previous_compression,5.7,lte,5.1954,3.9386,5.4825,4.4444
long,30m_previous_compression,7.6,lte,5.1836,3.7848,5.4646,4.4347
long,30m_previous_compression,9.5,lte,5.1796,3.6884,5.4628,4.3454
long,30m_previous_compression,11.4,lte,5.1419,4.0755,5.4305,4.7193
long,30m_previous_compression,13.3,lte,5.137,3.9809,5.424,4.7378
long,30m_previous_compression,15.2,lte,5.1443,3.7547,5.429,4.5863
long,30m_previous_compression,17.1,lte,5.1361,3.7604,5.4205,4.6999
long,30m_previous_compression,19.0,lte,5.0931,0.0,5.398,0.0
long,30m_previous_ma20_distance_pct,-13.1207,gte,5.0931,0.0,5.398,0.0
long,30m_previous_ma20_distance_pct,-11.765958,gte,5.0642,18.0494,5.3557,24.3168
long,30m_previous_ma20_distance_pct,-10.411216,gte,5.0642,18.0494,5.3557,24.3168
long,30m_previous_ma20_distance_pct,-9.056474,gte,5.0562,16.0935,5.347,20.604
long,30m_previous_ma20_distance_pct,-7.701732,gte,5.0696,7.1796,5.3906,6.0551
long,30m_previous_ma20_distance_pct,-6.34699,gte,5.0787,6.0747,5.3906,5.9029
long,30m_previous_ma20_distance_pct,-4.992248,gte,5.0716,5.877,5.3928,5.5875
long,30m_previous_ma20_distance_pct,-3.637506,gte,5.0624,5.735,5.4271,4.7918
long,30m_previous_ma20_distance_pct,-2.282764,gte,5.0437,5.5476,5.4933,4.5217
long,30m_previous_ma20_distance_pct,-0.928022,gte,5.0983,5.0671,5.587,4.4416
long,30m_previous_ma20_distance_pct,0.42672,gte,5.2072,4.7699,5.7869,4.2961
long,30m_previous_ma20_distance_pct,1.781462,gte,5.3545,4.6808,5.9526,4.523
long,30m_previous_ma20_distance_pct,3.136204,gte,5.7106,4.5091,6.3404,4.5068
long,30m_previous_ma20_distance_pct,4.490946,gte,6.2942,4.3772,6.6565,4.6479
long,30m_previous_ma20_distance_pct,5.845688,gte,6.6668,4.3937,6.7655,4.7902
long,30m_previous_ma20_distance_pct,7.20043,gte,7.2755,4.4135,6.9532,4.9137
long,30m_previous_ma20_distance_pct,8.555172,gte,7.9009,4.427,7.8346,4.82
long,30m_previous_ma20_distance_pct,9.909914,gte,8.8368,4.4414,8.9869,4.7733
long,30m_previous_ma20_distance_pct,11.264656,gte,8.2202,4.6875,8.4637,5.0003
long,30m_previous_ma20_distance_pct,12.619398,gte,8.7344,4.707,8.9778,5.0184
long,30m_previous_ma20_distance_pct,13.97414,gte,9.4042,4.7055,9.4217,5.0362
long,30m_previous_ma20_distance_pct,15.328882,gte,9.1013,4.7852,8.5501,5.1558
long,30m_previous_ma20_distance_pct,16.683624,gte,8.6531,4.8561,6.7441,5.3084
long,30m_previous_ma20_distance_pct,18.038366,gte,9.7058,4.8552,7.0881,5.3108
long,30m_previous_ma20_distance_pct,19.393108,gte,9.4864,4.8827,6.7207,5.3347
long,30m_previous_ma20_distance_pct,20.74785,gte,9.3969,4.9184,7.81,5.3001
long,30m_previous_ma20_distance_pct,22.102592,gte,8.1604,4.987,5.6047,5.3909
long,30m_previous_ma20_distance_pct,23.457334,gte,7.9972,5.0133,6.5955,5.3651
long,30m_previous_ma20_distance_pct,24.812076,gte,7.467,5.0362,5.6008,5.3932
long,30m_previous_ma20_distance_pct,26.166818,gte,8.3467,5.0189,6.6915,5.3685
long,30m_previous_ma20_distance_pct,27.52156,gte,7.9217,5.0418,6.8584,5.3715
long,30m_previous_ma20_distance_pct,28.876302,gte,7.8282,5.0466,6.5311,5.3787
long,30m_previous_ma20_distance_pct,30.231044,gte,8.2847,5.0425,7.622,5.3628
long,30m_previous_ma20_distance_pct,31.585786,gte,10.7301,5.0231,11.2986,5.3248
long,30m_previous_ma20_distance_pct,32.940528,gte,10.2129,5.0354,11.0551,5.3342
long,30m_previous_ma20_distance_pct,34.29527,gte,11.551,5.0277,14.6647,5.3041
long,30m_previous_ma20_distance_pct,35.650012,gte,11.551,5.0277,14.6647,5.3041
long,30m_previous_ma20_distance_pct,37.004754,gte,11.3465,5.051,14.3196,5.3379
long,30m_previous_ma20_distance_pct,38.359496,gte,11.4976,5.0572,14.1544,5.3489
long,30m_previous_ma20_distance_pct,39.714238,gte,11.6917,5.0636,16.2106,5.3496
long,30m_previous_ma20_distance_pct,41.06898,gte,11.6917,5.0636,16.2106,5.3496
long,30m_previous_ma20_distance_pct,42.423722,gte,11.6917,5.0636,16.2106,5.3496
long,30m_previous_ma20_distance_pct,43.778464,gte,11.4511,5.0718,3.3888,5.4048
long,30m_previous_ma20_distance_pct,45.133206,gte,11.4511,5.0718,3.3888,5.4048
long,30m_previous_ma20_distance_pct,46.487948,gte,13.6212,5.0741,10.6738,5.3862
long,30m_previous_ma20_distance_pct,47.84269,gte,13.6212,5.0741,10.6738,5.3862
long,30m_previous_ma20_distance_pct,49.197432,gte,13.6212,5.0741,10.6738,5.3862
long,30m_previous_ma20_distance_pct,50.552174,gte,13.6212,5.0741,10.6738,5.3862
long,30m_previous_ma20_distance_pct,51.906916,gte,19.6041,5.0769,16.2723,5.3859
long,30m_previous_ma20_distance_pct,53.261658,gte,19.6041,5.0769,16.2723,5.3859
long,30m_previous_ma20_distance_pct,54.6164,gte,19.6041,5.0769,16.2723,5.3859
long,30m_previous_ma20_distance_pct,-13.1207,lte,19.1721,5.0774,18.379,5.3835
long,30m_previous_ma20_distance_pct,-11.765958,lte,18.0494,5.0642,24.3168,5.3557
long,30m_previous_ma20_distance_pct,-10.411216,lte,18.0494,5.0642,24.3168,5.3557
long,30m_previous_ma20_distance_pct,-9.056474,lte,16.0935,5.0562,20.604,5.347
long,30m_previous_ma20_distance_pct,-7.701732,lte,7.1796,5.0696,6.0551,5.3906
long,30m_previous_ma20_distance_pct,-6.34699,lte,6.0747,5.0787,5.9029,5.3906
long,30m_previous_ma20_distance_pct,-4.992248,lte,5.877,5.0716,5.5875,5.3928
long,30m_previous_ma20_distance_pct,-3.637506,lte,5.735,5.0624,4.7918,5.4271
long,30m_previous_ma20_distance_pct,-2.282764,lte,5.5476,5.0437,4.5217,5.4933
long,30m_previous_ma20_distance_pct,-0.928022,lte,5.0671,5.0983,4.4416,5.587
long,30m_previous_ma20_distance_pct,0.42672,lte,4.7699,5.2072,4.2961,5.7869
long,30m_previous_ma20_distance_pct,1.781462,lte,4.6808,5.3545,4.523,5.9526
long,30m_previous_ma20_distance_pct,3.136204,lte,4.5091,5.7106,4.5068,6.3404
long,30m_previous_ma20_distance_pct,4.490946,lte,4.3772,6.2942,4.6479,6.6565
long,30m_previous_ma20_distance_pct,5.845688,lte,4.3937,6.6668,4.7902,6.7655
long,30m_previous_ma20_distance_pct,7.20043,lte,4.4135,7.2755,4.9137,6.9532
long,30m_previous_ma20_distance_pct,8.555172,lte,4.427,7.9009,4.82,7.8346
long,30m_previous_ma20_distance_pct,9.909914,lte,4.4414,8.8368,4.7733,8.9869
long,30m_previous_ma20_distance_pct,11.264656,lte,4.6875,8.2202,5.0003,8.4637
long,30m_previous_ma20_distance_pct,12.619398,lte,4.707,8.7344,5.0184,8.9778
long,30m_previous_ma20_distance_pct,13.97414,lte,4.7055,9.4042,5.0362,9.4217
long,30m_previous_ma20_distance_pct,15.328882,lte,4.7852,9.1013,5.1558,8.5501
long,30m_previous_ma20_distance_pct,16.683624,lte,4.8561,8.6531,5.3084,6.7441
long,30m_previous_ma20_distance_pct,18.038366,lte,4.8552,9.7058,5.3108,7.0881
long,30m_previous_ma20_distance_pct,19.393108,lte,4.8827,9.4864,5.3347,6.7207
long,30m_previous_ma20_distance_pct,20.74785,lte,4.9184,9.3969,5.3001,7.81
long,30m_previous_ma20_distance_pct,22.102592,lte,4.987,8.1604,5.3909,5.6047
long,30m_previous_ma20_distance_pct,23.457334,lte,5.0133,7.9972,5.3651,6.5955
long,30m_previous_ma20_distance_pct,24.812076,lte,5.0362,7.467,5.3932,5.6008
long,30m_previous_ma20_distance_pct,26.166818,lte,5.0189,8.3467,5.3685,6.6915
long,30m_previous_ma20_distance_pct,27.52156,lte,5.0418,7.9217,5.3715,6.8584
long,30m_previous_ma20_distance_pct,28.876302,lte,5.0466,7.8282,5.3787,6.5311
long,30m_previous_ma20_distance_pct,30.231044,lte,5.0425,8.2847,5.3628,7.622
long,30m_previous_ma20_distance_pct,31.585786,lte,5.0231,10.7301,5.3248,11.2986
long,30m_previous_ma20_distance_pct,32.940528,lte,5.0354,10.2129,5.3342,11.0551
long,30m_previous_ma20_distance_pct,34.29527,lte,5.0277,11.551,5.3041,14.6647
long,30m_previous_ma20_distance_pct,35.650012,lte,5.0277,11.551,5.3041,14.6647
long,30m_previous_ma20_distance_pct,37.004754,lte,5.051,11.3465,5.3379,14.3196
long,30m_previous_ma20_distance_pct,38.359496,lte,5.0572,11.4976,5.3489,14.1544
long,30m_previous_ma20_distance_pct,39.714238,lte,5.0636,11.6917,5.3496,16.2106
long,30m_previous_ma20_distance_pct,41.06898,lte,5.0636,11.6917,5.3496,16.2106
long,30m_previous_ma20_distance_pct,42.423722,lte,5.0636,11.6917,5.3496,16.2106
long,30m_previous_ma20_distance_pct,43.778464,lte,5.0718,11.4511,5.4048,3.3888
long,30m_previous_ma20_distance_pct,45.133206,lte,5.0718,11.4511,5.4048,3.3888
long,30m_previous_ma20_distance_pct,46.487948,lte,5.0741,13.6212,5.3862,10.6738
long,30m_previous_ma20_distance_pct,47.84269,lte,5.0741,13.6212,5.3862,10.6738
long,30m_previous_ma20_distance_pct,49.197432,lte,5.0741,13.6212,5.3862,10.6738
long,30m_previous_ma20_distance_pct,50.552174,lte,5.0741,13.6212,5.3862,10.6738
long,30m_previous_ma20_distance_pct,51.906916,lte,5.0769,19.6041,5.3859,16.2723
long,30m_previous_ma20_distance_pct,53.261658,lte,5.0769,19.6041,5.3859,16.2723
long,30m_previous_ma20_distance_pct,54.6164,lte,5.0931,0.0,5.398,0.0
long,30m_previous_range_pct,0.3721,gte,5.0931,0.0,5.398,0.0
long,30m_previous_range_pct,0.842508,gte,5.15,3.0232,5.4502,3.5015
long,30m_previous_range_pct,1.312916,gte,5.3703,2.6083,5.6829,2.8433
long,30m_previous_range_pct,1.783324,gte,5.5981,3.2634,5.9882,3.2595
long,30m_previous_range_pct,2.253732,gte,5.7198,3.7544,6.086,3.9283
long,30m_previous_range_pct,2.72414,gte,5.9608,3.8343,6.3875,3.9625
long,30m_previous_range_pct,3.194548,gte,6.4804,3.7212,6.7216,4.0891
long,30m_previous_range_pct,3.664956,gte,6.8133,3.7997,6.904,4.2656
long,30m_previous_range_pct,4.135364,gte,7.1566,3.8335,7.2239,4.2835
long,30m_previous_range_pct,4.605772,gte,7.4319,3.9296,7.3565,4.4237
long,30m_previous_range_pct,5.07618,gte,7.5163,4.1307,7.5209,4.5548
long,30m_previous_range_pct,5.546588,gte,7.5835,4.2444,7.7638,4.5917
long,30m_previous_range_pct,6.016996,gte,7.8157,4.3517,8.5487,4.54
long,30m_previous_range_pct,6.487404,gte,8.0676,4.4375,9.2381,4.5516
long,30m_previous_range_pct,6.957812,gte,8.0544,4.5315,8.7384,4.7645
long,30m_previous_range_pct,7.42822,gte,7.8859,4.6283,8.3456,4.9074
long,30m_previous_range_pct,7.898628,gte,8.1076,4.6674,8.003,5.0301
long,30m_previous_range_pct,8.369036,gte,8.2183,4.7273,8.0214,5.0909
long,30m_previous_range_pct,8.839444,gte,8.3206,4.764,8.0886,5.1237
long,30m_previous_range_pct,9.309852,gte,8.5194,4.8076,8.6699,5.1254
long,30m_previous_range_pct,9.78026,gte,7.1056,4.9566,7.1757,5.2774
long,30m_previous_range_pct,10.250668,gte,7.6477,4.9455,6.0639,5.3595
long,30m_previous_range_pct,10.721076,gte,8.6139,4.9202,7.4192,5.2987
long,30m_previous_range_pct,11.191484,gte,8.3823,4.9436,7.7184,5.2926
long,30m_previous_range_pct,11.661892,gte,8.3977,4.955,8.686,5.2605
long,30m_previous_range_pct,12.1323,gte,8.7538,4.9489,9.6524,5.2304
long,30m_previous_range_pct,12.602708,gte,8.5032,4.9833,9.1883,5.2759
long,30m_previous_range_pct,13.073116,gte,8.3485,4.996,9.3322,5.2806
long,30m_previous_range_pct,13.543524,gte,8.6108,4.9923,9.6182,5.277
long,30m_previous_range_pct,14.013932,gte,8.4514,5.0087,8.788,5.3128
long,30m_previous_range_pct,14.48434,gte,7.5943,5.039,8.7466,5.3256
long,30m_previous_range_pct,14.954748,gte,7.801,5.0377,8.9081,5.3261
long,30m_previous_range_pct,15.425156,gte,6.0435,5.0759,6.7157,5.3741
long,30m_previous_range_pct,15.895564,gte,3.4033,5.1199,4.9706,5.4048
long,30m_previous_range_pct,16.365972,gte,3.4033,5.1199,4.9706,5.4048
long,30m_previous_range_pct,16.83638,gte,5.7324,5.0837,8.1396,5.3577
long,30m_previous_range_pct,17.306788,gte,5.4827,5.0887,8.9529,5.3579
long,30m_previous_range_pct,17.777196,gte,5.8191,5.0858,9.4347,5.3571
long,30m_previous_range_pct,18.247604,gte,5.9524,5.0854,9.6219,5.36
long,30m_previous_range_pct,18.718012,gte,5.0625,5.0934,9.1138,5.3688
long,30m_previous_range_pct,19.18842,gte,5.0625,5.0934,9.1138,5.3688
long,30m_previous_range_pct,19.658828,gte,4.8991,5.0942,8.127,5.3827
long,30m_previous_range_pct,20.129236,gte,7.0957,5.0864,12.3088,5.3748
long,30m_previous_range_pct,20.599644,gte,7.0957,5.0864,12.3088,5.3748
long,30m_previous_range_pct,21.070052,gte,7.0957,5.0864,12.3088,5.3748
long,30m_previous_range_pct,21.54046,gte,7.0957,5.0864,12.3088,5.3748
long,30m_previous_range_pct,22.010868,gte,5.077,5.0932,5.3179,5.3982
long,30m_previous_range_pct,22.481276,gte,5.077,5.0932,5.3179,5.3982
long,30m_previous_range_pct,22.951684,gte,5.077,5.0932,5.3179,5.3982
long,30m_previous_range_pct,23.422092,gte,4.3023,5.094,8.7804,5.3942
long,30m_previous_range_pct,23.8925,gte,4.3023,5.094,8.7804,5.3942
long,30m_previous_range_pct,0.3721,lte,0.0,5.0988,0.6518,5.4033
long,30m_previous_range_pct,0.842508,lte,3.0232,5.15,3.5015,5.4502
long,30m_previous_range_pct,1.312916,lte,2.6083,5.3703,2.8433,5.6829
long,30m_previous_range_pct,1.783324,lte,3.2634,5.5981,3.2595,5.9882
long,30m_previous_range_pct,2.253732,lte,3.7544,5.7198,3.9283,6.086
long,30m_previous_range_pct,2.72414,lte,3.8343,5.9608,3.9625,6.3875
long,30m_previous_range_pct,3.194548,lte,3.7212,6.4804,4.0891,6.7216
long,30m_previous_range_pct,3.664956,lte,3.7997,6.8133,4.2656,6.904
long,30m_previous_range_pct,4.135364,lte,3.8335,7.1566,4.2835,7.2239
long,30m_previous_range_pct,4.605772,lte,3.9296,7.4319,4.4237,7.3565
long,30m_previous_range_pct,5.07618,lte,4.1307,7.5163,4.5548,7.5209
long,30m_previous_range_pct,5.546588,lte,4.2444,7.5835,4.5917,7.7638
long,30m_previous_range_pct,6.016996,lte,4.3517,7.8157,4.54,8.5487
long,30m_previous_range_pct,6.487404,lte,4.4375,8.0676,4.5516,9.2381
long,30m_previous_range_pct,6.957812,lte,4.5315,8.0544,4.7645,8.7384
long,30m_previous_range_pct,7.42822,lte,4.6283,7.8859,4.9074,8.3456
long,30m_previous_range_pct,7.898628,lte,4.6674,8.1076,5.0301,8.003
long,30m_previous_range_pct,8.369036,lte,4.7273,8.2183,5.0909,8.0214
long,30m_previous_range_pct,8.839444,lte,4.764,8.3206,5.1237,8.0886
long,30m_previous_range_pct,9.309852,lte,4.8076,8.5194,5.1254,8.6699
long,30m_previous_range_pct,9.78026,lte,4.9566,7.1056,5.2774,7.1757
long,30m_previous_range_pct,10.250668,lte,4.9455,7.6477,5.3595,6.0639
long,30m_previous_range_pct,10.721076,lte,4.9202,8.6139,5.2987,7.4192
long,30m_previous_range_pct,11.191484,lte,4.9436,8.3823,5.2926,7.7184
long,30m_previous_range_pct,11.661892,lte,4.955,8.3977,5.2605,8.686
long,30m_previous_range_pct,12.1323,lte,4.9489,8.7538,5.2304,9.6524
long,30m_previous_range_pct,12.602708,lte,4.9833,8.5032,5.2759,9.1883
long,30m_previous_range_pct,13.073116,lte,4.996,8.3485,5.2806,9.3322
long,30m_previous_range_pct,13.543524,lte,4.9923,8.6108,5.277,9.6182
long,30m_previous_range_pct,14.013932,lte,5.0087,8.4514,5.3128,8.788
long,30m_previous_range_pct,14.48434,lte,5.039,7.5943,5.3256,8.7466
long,30m_previous_range_pct,14.954748,lte,5.0377,7.801,5.3261,8.9081
long,30m_previous_range_pct,15.425156,lte,5.0759,6.0435,5.3741,6.7157
long,30m_previous_range_pct,15.895564,lte,5.1199,3.4033,5.4048,4.9706
long,30m_previous_range_pct,16.365972,lte,5.1199,3.4033,5.4048,4.9706
long,30m_previous_range_pct,16.83638,lte,5.0837,5.7324,5.3577,8.1396
long,30m_previous_range_pct,17.306788,lte,5.0887,5.4827,5.3579,8.9529
long,30m_previous_range_pct,17.777196,lte,5.0858,5.8191,5.3571,9.4347
long,30m_previous_range_pct,18.247604,lte,5.0854,5.9524,5.36,9.6219
long,30m_previous_range_pct,18.718012,lte,5.0934,5.0625,5.3688,9.1138
long,30m_previous_range_pct,19.18842,lte,5.0934,5.0625,5.3688,9.1138
long,30m_previous_range_pct,19.658828,lte,5.0942,4.8991,5.3827,8.127
long,30m_previous_range_pct,20.129236,lte,5.0864,7.0957,5.3748,12.3088
long,30m_previous_range_pct,20.599644,lte,5.0864,7.0957,5.3748,12.3088
long,30m_previous_range_pct,21.070052,lte,5.0864,7.0957,5.3748,12.3088
long,30m_previous_range_pct,21.54046,lte,5.0864,7.0957,5.3748,12.3088
long,30m_previous_range_pct,22.010868,lte,5.0932,5.077,5.3982,5.3179
long,30m_previous_range_pct,22.481276,lte,5.0932,5.077,5.3982,5.3179
long,30m_previous_range_pct,22.951684,lte,5.0932,5.077,5.3982,5.3179
long,30m_previous_range_pct,23.422092,lte,5.094,4.3023,5.3942,8.7804
long,30m_previous_range_pct,23.8925,lte,5.0931,0.0,5.398,0.0
long,30m_previous_return_pct,-17.8918,gte,5.0931,0.0,5.398,0.0
long,30m_previous_return_pct,-17.1827,gte,5.0923,5.8517,5.402,1.8554
long,30m_previous_return_pct,-16.4736,gte,5.0923,5.8517,5.402,1.8554
long,30m_previous_return_pct,-15.7645,gte,5.0923,5.8517,5.402,1.8554
long,30m_previous_return_pct,-15.0554,gte,5.0923,5.8517,5.402,1.8554
long,30m_previous_return_pct,-14.3463,gte,5.0923,5.8517,5.402,1.8554
long,30m_previous_return_pct,-13.6372,gte,5.0949,4.3195,5.3896,9.1875
long,30m_previous_return_pct,-12.9281,gte,5.0949,4.3195,5.3896,9.1875
long,30m_previous_return_pct,-12.219,gte,5.0995,3.6721,5.382,8.9704
long,30m_previous_return_pct,-11.5099,gte,5.0916,5.374,5.3733,9.812
long,30m_previous_return_pct,-10.8008,gte,5.0642,8.7744,5.359,10.3607
long,30m_previous_return_pct,-10.0917,gte,5.0642,8.7744,5.359,10.3607
long,30m_previous_return_pct,-9.3826,gte,5.0642,8.7744,5.359,10.3607
long,30m_previous_return_pct,-8.6735,gte,5.0666,8.0363,5.3588,9.7532
long,30m_previous_return_pct,-7.9644,gte,5.0666,8.0363,5.3588,9.7532
long,30m_previous_return_pct,-7.2553,gte,5.0666,8.0363,5.3588,9.7532
long,30m_previous_return_pct,-6.5462,gte,5.0563,8.7307,5.3569,9.452
long,30m_previous_return_pct,-5.8371,gte,5.0275,8.9545,5.3039,10.9309
long,30m_previous_return_pct,-5.128,gte,5.016,8.8574,5.2733,11.4888
long,30m_previous_return_pct,-4.4189,gte,5.0256,7.3561,5.2982,8.742
long,30m_previous_return_pct,-3.7098,gte,5.0172,6.4981,5.2851,7.4873
long,30m_previous_return_pct,-3.0007,gte,4.9678,6.6216,5.309,6.4838
long,30m_previous_return_pct,-2.2916,gte,4.9665,6.1621,5.2901,6.3093
long,30m_previous_return_pct,-1.5825,gte,4.966,5.7262,5.2853,5.9592
long,30m_previous_return_pct,-0.8734,gte,4.9684,5.4794,5.2675,5.802
long,30m_previous_return_pct,-0.1643,gte,5.163,4.9764,5.3813,5.426
long,30m_previous_return_pct,0.5448,gte,5.4602,4.7611,5.7252,5.1021
long,30m_previous_return_pct,1.2539,gte,6.0794,4.5875,5.9425,5.1189
long,30m_previous_return_pct,1.963,gte,6.6714,4.6107,6.1723,5.1613
long,30m_previous_return_pct,2.6721,gte,7.4842,4.5819,7.0192,5.0514
long,30m_previous_return_pct,3.3812,gte,8.1617,4.6328,8.021,5.0046
long,30m_previous_return_pct,4.0903,gte,8.0791,4.7683,8.4015,5.0713
long,30m_previous_return_pct,4.7994,gte,8.7731,4.8246,11.2511,4.9709
long,30m_previous_return_pct,5.5085,gte,7.3526,4.971,8.4902,5.2309
long,30m_previous_return_pct,6.2176,gte,8.3137,4.9701,8.0253,5.2977
long,30m_previous_return_pct,6.9267,gte,7.4514,5.0311,7.2419,5.3495
long,30m_previous_return_pct,7.6358,gte,9.2673,5.0125,10.9301,5.2912
long,30m_previous_return_pct,8.3449,gte,10.6542,5.005,13.0714,5.2764
long,30m_previous_return_pct,9.054,gte,10.8198,5.0286,13.2814,5.3091
long,30m_previous_return_pct,9.7631,gte,13.3841,5.0279,13.6194,5.3334
long,30m_previous_return_pct,10.4722,gte,13.3841,5.0279,13.6194,5.3334
long,30m_previous_return_pct,11.1813,gte,17.0577,5.0261,21.8956,5.3055
long,30m_previous_return_pct,11.8904,gte,20.134,5.0258,25.3851,5.3085
long,30m_previous_return_pct,12.5995,gte,20.134,5.0258,25.3851,5.3085
long,30m_previous_return_pct,13.3086,gte,23.6084,5.0518,37.0555,5.3273
long,30m_previous_return_pct,14.0177,gte,11.133,5.0864,26.2905,5.3747
long,30m_previous_return_pct,14.7268,gte,11.133,5.0864,26.2905,5.3747
long,30m_previous_return_pct,15.4359,gte,11.133,5.0864,26.2905,5.3747
long,30m_previous_return_pct,16.145,gte,11.133,5.0864,26.2905,5.3747
long,30m_previous_return_pct,16.8541,gte,11.133,5.0864,26.2905,5.3747
long,30m_previous_return_pct,17.5632,gte,11.133,5.0864,26.2905,5.3747
long,30m_previous_return_pct,-17.8918,lte,5.8517,5.0923,1.8554,5.402
long,30m_previous_return_pct,-17.1827,lte,5.8517,5.0923,1.8554,5.402
long,30m_previous_return_pct,-16.4736,lte,5.8517,5.0923,1.8554,5.402
long,30m_previous_return_pct,-15.7645,lte,5.8517,5.0923,1.8554,5.402
long,30m_previous_return_pct,-15.0554,lte,5.8517,5.0923,1.8554,5.402
long,30m_previous_return_pct,-14.3463,lte,5.8517,5.0923,1.8554,5.402
long,30m_previous_return_pct,-13.6372,lte,4.3195,5.0949,9.1875,5.3896
long,30m_previous_return_pct,-12.9281,lte,4.3195,5.0949,9.1875,5.3896
long,30m_previous_return_pct,-12.219,lte,3.6721,5.0995,8.9704,5.382
long,30m_previous_return_pct,-11.5099,lte,5.374,5.0916,9.812,5.3733
long,30m_previous_return_pct,-10.8008,lte,8.7744,5.0642,10.3607,5.359
long,30m_previous_return_pct,-10.0917,lte,8.7744,5.0642,10.3607,5.359
long,30m_previous_return_pct,-9.3826,lte,8.7744,5.0642,10.3607,5.359
long,30m_previous_return_pct,-8.6735,lte,8.0363,5.0666,9.7532,5.3588
long,30m_previous_return_pct,-7.9644,lte,8.0363,5.0666,9.7532,5.3588
long,30m_previous_return_pct,-7.2553,lte,8.0363,5.0666,9.7532,5.3588
long,30m_previous_return_pct,-6.5462,lte,8.7307,5.0563,9.452,5.3569
long,30m_previous_return_pct,-5.8371,lte,8.9545,5.0275,10.9309,5.3039
long,30m_previous_return_pct,-5.128,lte,8.8574,5.016,11.4888,5.2733
long,30m_previous_return_pct,-4.4189,lte,7.3561,5.0256,8.742,5.2982
long,30m_previous_return_pct,-3.7098,lte,6.4981,5.0172,7.4873,5.2851
long,30m_previous_return_pct,-3.0007,lte,6.6216,4.9678,6.4838,5.309
long,30m_previous_return_pct,-2.2916,lte,6.1621,4.9665,6.3093,5.2901
long,30m_previous_return_pct,-1.5825,lte,5.7262,4.966,5.9592,5.2853
long,30m_previous_return_pct,-0.8734,lte,5.4794,4.9684,5.802,5.2675
long,30m_previous_return_pct,-0.1643,lte,4.9764,5.163,5.426,5.3813
long,30m_previous_return_pct,0.5448,lte,4.7611,5.4602,5.1021,5.7252
long,30m_previous_return_pct,1.2539,lte,4.5875,6.0794,5.1189,5.9425
long,30m_previous_return_pct,1.963,lte,4.6107,6.6714,5.1613,6.1723
long,30m_previous_return_pct,2.6721,lte,4.5819,7.4842,5.0514,7.0192
long,30m_previous_return_pct,3.3812,lte,4.6328,8.1617,5.0046,8.021
long,30m_previous_return_pct,4.0903,lte,4.7683,8.0791,5.0713,8.4015
long,30m_previous_return_pct,4.7994,lte,4.8246,8.7731,4.9709,11.2511
long,30m_previous_return_pct,5.5085,lte,4.971,7.3526,5.2309,8.4902
long,30m_previous_return_pct,6.2176,lte,4.9701,8.3137,5.2977,8.0253
long,30m_previous_return_pct,6.9267,lte,5.0311,7.4514,5.3495,7.2419
long,30m_previous_return_pct,7.6358,lte,5.0125,9.2673,5.2912,10.9301
long,30m_previous_return_pct,8.3449,lte,5.005,10.6542,5.2764,13.0714
long,30m_previous_return_pct,9.054,lte,5.0286,10.8198,5.3091,13.2814
long,30m_previous_return_pct,9.7631,lte,5.0279,13.3841,5.3334,13.6194
long,30m_previous_return_pct,10.4722,lte,5.0279,13.3841,5.3334,13.6194
long,30m_previous_return_pct,11.1813,lte,5.0261,17.0577,5.3055,21.8956
long,30m_previous_return_pct,11.8904,lte,5.0258,20.134,5.3085,25.3851
long,30m_previous_return_pct,12.5995,lte,5.0258,20.134,5.3085,25.3851
long,30m_previous_return_pct,13.3086,lte,5.0518,23.6084,5.3273,37.0555
long,30m_previous_return_pct,14.0177,lte,5.0864,11.133,5.3747,26.2905
long,30m_previous_return_pct,14.7268,lte,5.0864,11.133,5.3747,26.2905
long,30m_previous_return_pct,15.4359,lte,5.0864,11.133,5.3747,26.2905
long,30m_previous_return_pct,16.145,lte,5.0864,11.133,5.3747,26.2905
long,30m_previous_return_pct,16.8541,lte,5.0864,11.133,5.3747,26.2905
long,30m_previous_return_pct,17.5632,lte,5.0931,0.0,5.398,0.0
long,30m_previous_volume_ratio,0.091,gte,5.0931,0.0,5.398,0.0
long,30m_previous_volume_ratio,1.43527,gte,5.858,4.6832,6.1706,4.9839
long,30m_previous_volume_ratio,2.77954,gte,6.5919,4.8639,7.0904,5.1392
long,30m_previous_volume_ratio,4.12381,gte,6.9795,4.9409,7.7338,5.2095
long,30m_previous_volume_ratio,5.46808,gte,7.563,4.9748,6.9363,5.3243
long,30m_previous_volume_ratio,6.81235,gte,8.0349,5.0018,7.8269,5.3226
long,30m_previous_volume_ratio,8.15662,gte,8.9691,4.9911,8.1412,5.3258
long,30m_previous_volume_ratio,9.50089,gte,8.5728,5.0259,6.2912,5.3808
long,30m_previous_volume_ratio,10.84516,gte,6.6247,5.0689,5.6449,5.3941
long,30m_previous_volume_ratio,12.18943,gte,8.0788,5.0663,8.3247,5.3717
long,30m_previous_volume_ratio,13.5337,gte,8.0788,5.0663,8.3247,5.3717
long,30m_previous_volume_ratio,14.87797,gte,8.0788,5.0663,8.3247,5.3717
long,30m_previous_volume_ratio,16.22224,gte,9.0565,5.0709,8.2607,5.382
long,30m_previous_volume_ratio,17.56651,gte,9.0565,5.0709,8.2607,5.382
long,30m_previous_volume_ratio,18.91078,gte,9.0565,5.0709,8.2607,5.382
long,30m_previous_volume_ratio,20.25505,gte,9.0565,5.0709,8.2607,5.382
long,30m_previous_volume_ratio,21.59932,gte,9.0565,5.0709,8.2607,5.382
long,30m_previous_volume_ratio,22.94359,gte,13.506,5.0649,12.4473,5.3744
long,30m_previous_volume_ratio,24.28786,gte,13.506,5.0649,12.4473,5.3744
long,30m_previous_volume_ratio,25.63213,gte,13.506,5.0649,12.4473,5.3744
long,30m_previous_volume_ratio,26.9764,gte,13.506,5.0649,12.4473,5.3744
long,30m_previous_volume_ratio,28.32067,gte,13.506,5.0649,12.4473,5.3744
long,30m_previous_volume_ratio,29.66494,gte,13.506,5.0649,12.4473,5.3744
long,30m_previous_volume_ratio,31.00921,gte,14.1683,5.0729,12.0818,5.3831
long,30m_previous_volume_ratio,32.35348,gte,14.1683,5.0729,12.0818,5.3831
long,30m_previous_volume_ratio,33.69775,gte,14.1683,5.0729,12.0818,5.3831
long,30m_previous_volume_ratio,35.04202,gte,14.1683,5.0729,12.0818,5.3831
long,30m_previous_volume_ratio,36.38629,gte,14.1683,5.0729,12.0818,5.3831
long,30m_previous_volume_ratio,37.73056,gte,14.1683,5.0729,12.0818,5.3831
long,30m_previous_volume_ratio,39.07483,gte,14.1683,5.0729,12.0818,5.3831
long,30m_previous_volume_ratio,40.4191,gte,14.1683,5.0729,12.0818,5.3831
long,30m_previous_volume_ratio,41.76337,gte,14.1683,5.0729,12.0818,5.3831
long,30m_previous_volume_ratio,43.10764,gte,14.1683,5.0729,12.0818,5.3831
long,30m_previous_volume_ratio,44.45191,gte,14.1683,5.0729,12.0818,5.3831
long,30m_previous_volume_ratio,45.79618,gte,14.1683,5.0729,12.0818,5.3831
long,30m_previous_volume_ratio,47.14045,gte,14.1683,5.0729,12.0818,5.3831
long,30m_previous_volume_ratio,48.48472,gte,14.1683,5.0729,12.0818,5.3831
long,30m_previous_volume_ratio,49.82899,gte,14.1683,5.0729,12.0818,5.3831
long,30m_previous_volume_ratio,51.17326,gte,8.155,5.0897,6.6421,5.3966
long,30m_previous_volume_ratio,52.51753,gte,8.155,5.0897,6.6421,5.3966
long,30m_previous_volume_ratio,53.8618,gte,8.155,5.0897,6.6421,5.3966
long,30m_previous_volume_ratio,55.20607,gte,8.155,5.0897,6.6421,5.3966
long,30m_previous_volume_ratio,56.55034,gte,8.155,5.0897,6.6421,5.3966
long,30m_previous_volume_ratio,57.89461,gte,8.155,5.0897,6.6421,5.3966
long,30m_previous_volume_ratio,59.23888,gte,8.155,5.0897,6.6421,5.3966
long,30m_previous_volume_ratio,60.58315,gte,8.155,5.0897,6.6421,5.3966
long,30m_previous_volume_ratio,61.92742,gte,8.155,5.0897,6.6421,5.3966
long,30m_previous_volume_ratio,63.27169,gte,8.155,5.0897,6.6421,5.3966
long,30m_previous_volume_ratio,64.61596,gte,8.155,5.0897,6.6421,5.3966
long,30m_previous_volume_ratio,65.96023,gte,8.155,5.0897,6.6421,5.3966
long,30m_previous_volume_ratio,67.3045,gte,8.155,5.0897,6.6421,5.3966
long,30m_previous_volume_ratio,0.091,lte,2.5925,5.0959,0.6353,5.4033
long,30m_previous_volume_ratio,1.43527,lte,4.6832,5.858,4.9839,6.1706
long,30m_previous_volume_ratio,2.77954,lte,4.8639,6.5919,5.1392,7.0904
long,30m_previous_volume_ratio,4.12381,lte,4.9409,6.9795,5.2095,7.7338
long,30m_previous_volume_ratio,5.46808,lte,4.9748,7.563,5.3243,6.9363
long,30m_previous_volume_ratio,6.81235,lte,5.0018,8.0349,5.3226,7.8269
long,30m_previous_volume_ratio,8.15662,lte,4.9911,8.9691,5.3258,8.1412
long,30m_previous_volume_ratio,9.50089,lte,5.0259,8.5728,5.3808,6.2912
long,30m_previous_volume_ratio,10.84516,lte,5.0689,6.6247,5.3941,5.6449
long,30m_previous_volume_ratio,12.18943,lte,5.0663,8.0788,5.3717,8.3247
long,30m_previous_volume_ratio,13.5337,lte,5.0663,8.0788,5.3717,8.3247
long,30m_previous_volume_ratio,14.87797,lte,5.0663,8.0788,5.3717,8.3247
long,30m_previous_volume_ratio,16.22224,lte,5.0709,9.0565,5.382,8.2607
long,30m_previous_volume_ratio,17.56651,lte,5.0709,9.0565,5.382,8.2607
long,30m_previous_volume_ratio,18.91078,lte,5.0709,9.0565,5.382,8.2607
long,30m_previous_volume_ratio,20.25505,lte,5.0709,9.0565,5.382,8.2607
long,30m_previous_volume_ratio,21.59932,lte,5.0709,9.0565,5.382,8.2607
long,30m_previous_volume_ratio,22.94359,lte,5.0649,13.506,5.3744,12.4473
long,30m_previous_volume_ratio,24.28786,lte,5.0649,13.506,5.3744,12.4473
long,30m_previous_volume_ratio,25.63213,lte,5.0649,13.506,5.3744,12.4473
long,30m_previous_volume_ratio,26.9764,lte,5.0649,13.506,5.3744,12.4473
long,30m_previous_volume_ratio,28.32067,lte,5.0649,13.506,5.3744,12.4473
long,30m_previous_volume_ratio,29.66494,lte,5.0649,13.506,5.3744,12.4473
long,30m_previous_volume_ratio,31.00921,lte,5.0729,14.1683,5.3831,12.0818
long,30m_previous_volume_ratio,32.35348,lte,5.0729,14.1683,5.3831,12.0818
long,30m_previous_volume_ratio,33.69775,lte,5.0729,14.1683,5.3831,12.0818
long,30m_previous_volume_ratio,35.04202,lte,5.0729,14.1683,5.3831,12.0818
long,30m_previous_volume_ratio,36.38629,lte,5.0729,14.1683,5.3831,12.0818
long,30m_previous_volume_ratio,37.73056,lte,5.0729,14.1683,5.3831,12.0818
long,30m_previous_volume_ratio,39.07483,lte,5.0729,14.1683,5.3831,12.0818
long,30m_previous_volume_ratio,40.4191,lte,5.0729,14.1683,5.3831,12.0818
long,30m_previous_volume_ratio,41.76337,lte,5.0729,14.1683,5.3831,12.0818
long,30m_previous_volume_ratio,43.10764,lte,5.0729,14.1683,5.3831,12.0818
long,30m_previous_volume_ratio,44.45191,lte,5.0729,14.1683,5.3831,12.0818
long,30m_previous_volume_ratio,45.79618,lte,5.0729,14.1683,5.3831,12.0818
long,30m_previous_volume_ratio,47.14045,lte,5.0729,14.1683,5.3831,12.0818
long,30m_previous_volume_ratio,48.48472,lte,5.0729,14.1683,5.3831,12.0818
long,30m_previous_volume_ratio,49.82899,lte,5.0729,14.1683,5.3831,12.0818
long,30m_previous_volume_ratio,51.17326,lte,5.0897,8.155,5.3966,6.6421
long,30m_previous_volume_ratio,52.51753,lte,5.0897,8.155,5.3966,6.6421
long,30m_previous_volume_ratio,53.8618,lte,5.0897,8.155,5.3966,6.6421
long,30m_previous_volume_ratio,55.20607,lte,5.0897,8.155,5.3966,6.6421
long,30m_previous_volume_ratio,56.55034,lte,5.0897,8.155,5.3966,6.6421
long,30m_previous_volume_ratio,57.89461,lte,5.0897,8.155,5.3966,6.6421
long,30m_previous_volume_ratio,59.23888,lte,5.0897,8.155,5.3966,6.6421
long,30m_previous_volume_ratio,60.58315,lte,5.0897,8.155,5.3966,6.6421
long,30m_previous_volume_ratio,61.92742,lte,5.0897,8.155,5.3966,6.6421
long,30m_previous_volume_ratio,63.27169,lte,5.0897,8.155,5.3966,6.6421
long,30m_previous_volume_ratio,64.61596,lte,5.0897,8.155,5.3966,6.6421
long,30m_previous_volume_ratio,65.96023,lte,5.0897,8.155,5.3966,6.6421
long,30m_previous_volume_ratio,67.3045,lte,5.0931,0.0,5.398,0.0
long,5m_body_position,0.0,gte,5.0931,0.0,5.398,0.0
long,5m_body_position,0.02,gte,5.1084,4.303,5.4197,4.2782
long,5m_body_position,0.04,gte,5.1126,4.3175,5.4145,4.7444
long,5m_body_position,0.06,gte,5.0815,5.4417,5.4076,5.1103
long,5m_body_position,0.08,gte,5.0466,6.1165,5.3585,6.2665
long,5m_body_position,0.1,gte,5.0898,5.155,5.3851,5.6365
long,5m_body_position,0.12,gte,5.0966,5.0395,5.446,4.6639
long,5m_body_position,0.14,gte,5.1109,4.8695,5.4384,4.8896
long,5m_body_position,0.16,gte,5.1439,4.5448,5.4607,4.7214
long,5m_body_position,0.18,gte,5.0992,5.0365,5.3718,5.6418
long,5m_body_position,0.2,gte,5.1198,4.8755,5.352,5.7728
long,5m_body_position,0.22,gte,5.128,4.8434,5.34,5.8131
long,5m_body_position,0.24,gte,5.08,5.178,5.2892,6.1026
long,5m_body_position,0.26,gte,5.1161,4.9613,5.295,5.9899
long,5m_body_position,0.28,gte,5.0998,5.0584,5.2339,6.2492
long,5m_body_position,0.3,gte,5.0915,5.1007,5.2344,6.1574
long,5m_body_position,0.32,gte,5.1035,5.0499,5.2763,5.9036
long,5m_body_position,0.34,gte,5.1026,5.057,5.2604,5.9241
long,5m_body_position,0.36,gte,5.049,5.2469,5.3076,5.7132
long,5m_body_position,0.38,gte,5.0762,5.1463,5.4025,5.3838
long,5m_body_position,0.4,gte,5.0999,5.0738,5.4468,5.2598
long,5m_body_position,0.42,gte,5.0767,5.1359,5.4436,5.2794
long,5m_body_position,0.44,gte,5.1036,5.067,5.4526,5.2621
long,5m_body_position,0.46,gte,5.1165,5.0386,5.5256,5.1002
long,5m_body_position,0.48,gte,5.1592,4.9513,5.5552,5.0604
long,5m_body_position,0.5,gte,5.1535,4.9705,5.58,5.0285
long,5m_body_position,0.52,gte,5.2356,4.8363,5.7482,4.7666
long,5m_body_position,0.54,gte,5.1788,4.9561,5.7697,4.8034
long,5m_body_position,0.56,gte,5.2005,4.9337,5.7506,4.8746
long,5m_body_position,0.58,gte,5.1762,4.9791,5.6224,5.0899
long,5m_body_position,0.6,gte,5.1815,4.9818,5.5643,5.1886
long,5m_body_position,0.62,gte,5.2084,4.9639,5.5987,5.1731
long,5m_body_position,0.64,gte,5.2278,4.9557,5.6289,5.1624
long,5m_body_position,0.66,gte,5.1788,5.0129,5.5066,5.2962
long,5m_body_position,0.68,gte,5.1703,5.0258,5.5058,5.304
long,5m_body_position,0.7,gte,5.1503,5.0462,5.4263,5.3748
long,5m_body_position,0.72,gte,5.1675,5.0375,5.518,5.3082
long,5m_body_position,0.74,gte,4.8835,5.2337,5.3324,5.442
long,5m_body_position,0.76,gte,4.9478,5.1814,5.2058,5.5148
long,5m_body_position,0.78,gte,4.8113,5.2464,5.0315,5.5973
long,5m_body_position,0.8,gte,4.685,5.2881,4.7735,5.6964
long,5m_body_position,0.82,gte,4.8242,5.2011,4.8535,5.6167
long,5m_body_position,0.84,gte,4.9137,5.1529,5.176,5.4719
long,5m_body_position,0.86,gte,5.0962,5.0923,5.2733,5.4331
long,5m_body_position,0.88,gte,5.2041,5.0666,5.4579,5.3837
long,5m_body_position,0.9,gte,5.0192,5.1076,5.6231,5.3539
long,5m_body_position,0.92,gte,5.2973,5.0604,5.8592,5.324
long,5m_body_position,0.94,gte,4.8807,5.1165,5.2131,5.4184
long,5m_body_position,0.96,gte,4.9389,5.1024,4.7011,5.44
long,5m_body_position,0.98,gte,3.0802,5.1652,3.8839,5.4522
long,5m_body_position,1.0,gte,2.5718,5.1565,2.5308,5.4701
long,5m_body_position,0.0,lte,1.9251,5.1361,1.9814,5.4443
long,5m_body_position,0.02,lte,4.303,5.1084,4.2782,5.4197
long,5m_body_position,0.04,lte,4.3175,5.1126,4.7444,5.4145
long,5m_body_position,0.06,lte,5.4417,5.0815,5.1103,5.4076
long,5m_body_position,0.08,lte,6.1165,5.0466,6.2665,5.3585
long,5m_body_position,0.1,lte,4.9757,5.0996,5.4958,5.3926
long,5m_body_position,0.12,lte,5.0395,5.0966,4.6639,5.446
long,5m_body_position,0.14,lte,4.8695,5.1109,4.8896,5.4384
long,5m_body_position,0.16,lte,4.5448,5.1439,4.7214,5.4607
long,5m_body_position,0.18,lte,5.0365,5.0992,5.6418,5.3718
long,5m_body_position,0.2,lte,4.8496,5.1233,5.7443,5.3551
long,5m_body_position,0.22,lte,4.8434,5.128,5.8131,5.34
long,5m_body_position,0.24,lte,5.178,5.08,6.1026,5.2892
long,5m_body_position,0.26,lte,4.9613,5.1161,5.9899,5.295
long,5m_body_position,0.28,lte,5.0584,5.0998,6.2492,5.2339
long,5m_body_position,0.3,lte,5.1407,5.0827,6.2358,5.2147
long,5m_body_position,0.32,lte,5.0499,5.1035,5.9036,5.2763
long,5m_body_position,0.34,lte,5.057,5.1026,5.9241,5.2604
long,5m_body_position,0.36,lte,5.2469,5.049,5.7132,5.3076
long,5m_body_position,0.38,lte,5.1401,5.0781,5.3651,5.4086
long,5m_body_position,0.4,lte,5.1182,5.0842,5.3117,5.4287
long,5m_body_position,0.42,lte,5.1359,5.0767,5.2794,5.4436
long,5m_body_position,0.44,lte,5.067,5.1036,5.2621,5.4526
long,5m_body_position,0.46,lte,5.0386,5.1165,5.1002,5.5256
long,5m_body_position,0.48,lte,4.9513,5.1592,5.0604,5.5552
long,5m_body_position,0.5,lte,4.9652,5.1587,5.0231,5.5902
long,5m_body_position,0.52,lte,4.8363,5.2356,4.7666,5.7482
long,5m_body_position,0.54,lte,4.9561,5.1788,4.8034,5.7697
long,5m_body_position,0.56,lte,4.9337,5.2005,4.8746,5.7506
long,5m_body_position,0.58,lte,4.9791,5.1762,5.0899,5.6224
long,5m_body_position,0.6,lte,4.95,5.2099,5.1842,5.5724
long,5m_body_position,0.62,lte,4.9639,5.2084,5.1731,5.5987
long,5m_body_position,0.64,lte,4.9453,5.2387,5.1548,5.6374
long,5m_body_position,0.66,lte,5.0129,5.1788,5.2962,5.5066
long,5m_body_position,0.68,lte,5.0258,5.1703,5.304,5.5058
long,5m_body_position,0.7,lte,5.0338,5.1662,5.361,5.4436
long,5m_body_position,0.72,lte,5.0479,5.1541,5.3075,5.5201
long,5m_body_position,0.74,lte,5.2337,4.8835,5.442,5.3324
long,5m_body_position,0.76,lte,5.1814,4.9478,5.5148,5.2058
long,5m_body_position,0.78,lte,5.2464,4.8113,5.5973,5.0315
long,5m_body_position,0.8,lte,5.272,4.7129,5.6808,4.797
long,5m_body_position,0.82,lte,5.2011,4.8242,5.6167,4.8535
long,5m_body_position,0.84,lte,5.1529,4.9137,5.4719,5.176
long,5m_body_position,0.86,lte,5.0923,5.0962,5.4331,5.2733
long,5m_body_position,0.88,lte,5.0588,5.238,5.3814,5.4682
long,5m_body_position,0.9,lte,5.1003,5.0559,5.3414,5.6942
long,5m_body_position,0.92,lte,5.08,5.1773,5.3258,5.861
long,5m_body_position,0.94,lte,5.1165,4.8807,5.4184,5.2131
long,5m_body_position,0.96,lte,5.1024,4.9389,5.44,4.7011
long,5m_body_position,0.98,lte,5.1652,3.0802,5.4522,3.8839
long,5m_body_position,1.0,lte,5.0931,0.0,5.398,0.0
long,5m_compression,0.0,gte,5.0931,0.0,5.398,0.0
long,5m_compression,2.238095,gte,3.6764,6.213,3.8508,6.621
long,5m_compression,4.47619,gte,3.5356,5.9867,3.6025,6.4281
long,5m_compression,6.714286,gte,3.4726,5.8595,3.7513,6.1768
long,5m_compression,8.952381,gte,3.2306,5.837,3.2922,6.239
long,5m_compression,11.190476,gte,3.2866,5.6661,3.2257,6.087
long,5m_compression,13.428571,gte,3.4262,5.5838,3.4155,5.9816
long,5m_compression,15.666667,gte,3.4177,5.5374,3.5219,5.8955
long,5m_compression,17.904762,gte,3.4657,5.4792,3.4269,5.8656
long,5m_compression,20.142857,gte,3.6002,5.4197,3.6094,5.7893
long,5m_compression,22.380952,gte,3.6484,5.3879,3.7083,5.7428
long,5m_compression,24.619048,gte,3.733,5.3489,3.7781,5.7027
long,5m_compression,26.857143,gte,3.7577,5.3297,3.7855,5.6837
long,5m_compression,29.095238,gte,3.6607,5.3144,3.833,5.6397
long,5m_compression,31.333333,gte,3.485,5.3344,3.74,5.6467
long,5m_compression,33.571429,gte,3.5239,5.3147,3.6685,5.6423
long,5m_compression,35.809524,gte,3.5827,5.2848,3.7325,5.6094
long,5m_compression,38.047619,gte,3.5404,5.2836,3.7291,5.6027
long,5m_compression,40.285714,gte,3.428,5.2904,3.4735,5.626
long,5m_compression,42.52381,gte,3.5602,5.2641,3.6391,5.5942
long,5m_compression,44.761905,gte,3.5602,5.2641,3.6391,5.5942
long,5m_compression,47.0,gte,3.5602,5.2641,3.6391,5.5942
long,5m_compression,0.0,lte,6.7086,4.0976,6.7131,4.5876
long,5m_compression,2.238095,lte,6.213,3.6764,6.621,3.8508
long,5m_compression,4.47619,lte,5.9867,3.5356,6.4281,3.6025
long,5m_compression,6.714286,lte,5.8595,3.4726,6.1768,3.7513
long,5m_compression,8.952381,lte,5.837,3.2306,6.239,3.2922
long,5m_compression,11.190476,lte,5.6661,3.2866,6.087,3.2257
long,5m_compression,13.428571,lte,5.5838,3.4262,5.9816,3.4155
long,5m_compression,15.666667,lte,5.5374,3.4177,5.8955,3.5219
long,5m_compression,17.904762,lte,5.4792,3.4657,5.8656,3.4269
long,5m_compression,20.142857,lte,5.4197,3.6002,5.7893,3.6094
long,5m_compression,22.380952,lte,5.3879,3.6484,5.7428,3.7083
long,5m_compression,24.619048,lte,5.3489,3.733,5.7027,3.7781
long,5m_compression,26.857143,lte,5.3297,3.7577,5.6837,3.7855
long,5m_compression,29.095238,lte,5.3144,3.6607,5.6397,3.833
long,5m_compression,31.333333,lte,5.3344,3.485,5.6467,3.74
long,5m_compression,33.571429,lte,5.3147,3.5239,5.6423,3.6685
long,5m_compression,35.809524,lte,5.2848,3.5827,5.6094,3.7325
long,5m_compression,38.047619,lte,5.2836,3.5404,5.6027,3.7291
long,5m_compression,40.285714,lte,5.2904,3.428,5.626,3.4735
long,5m_compression,42.52381,lte,5.2641,3.5602,5.5942,3.6391
long,5m_compression,44.761905,lte,5.2641,3.5602,5.5942,3.6391
long,5m_compression,47.0,lte,5.0931,0.0,5.398,0.0
long,5m_first_abnormal_candle_6,0.0,gte,5.0931,0.0,5.398,0.0
long,5m_first_abnormal_candle_6,0.1,gte,4.9532,5.7002,5.157,6.4439
long,5m_first_abnormal_candle_6,0.2,gte,4.9532,5.7002,5.157,6.4439
long,5m_first_abnormal_candle_6,0.3,gte,4.9532,5.7002,5.157,6.4439
long,5m_first_abnormal_candle_6,0.4,gte,4.9532,5.7002,5.157,6.4439
long,5m_first_abnormal_candle_6,0.5,gte,4.9532,5.7002,5.157,6.4439
long,5m_first_abnormal_candle_6,0.6,gte,4.9532,5.7002,5.157,6.4439
long,5m_first_abnormal_candle_6,0.7,gte,4.9532,5.7002,5.157,6.4439
long,5m_first_abnormal_candle_6,0.8,gte,4.9532,5.7002,5.157,6.4439
long,5m_first_abnormal_candle_6,0.9,gte,4.9532,5.7002,5.157,6.4439
long,5m_first_abnormal_candle_6,1.0,gte,4.9532,5.7002,5.157,6.4439
long,5m_first_abnormal_candle_6,0.0,lte,5.7002,4.9532,6.4439,5.157
long,5m_first_abnormal_candle_6,0.1,lte,5.7002,4.9532,6.4439,5.157
long,5m_first_abnormal_candle_6,0.2,lte,5.7002,4.9532,6.4439,5.157
long,5m_first_abnormal_candle_6,0.3,lte,5.7002,4.9532,6.4439,5.157
long,5m_first_abnormal_candle_6,0.4,lte,5.7002,4.9532,6.4439,5.157
long,5m_first_abnormal_candle_6,0.5,lte,5.7002,4.9532,6.4439,5.157
long,5m_first_abnormal_candle_6,0.6,lte,5.7002,4.9532,6.4439,5.157
long,5m_first_abnormal_candle_6,0.7,lte,5.7002,4.9532,6.4439,5.157
long,5m_first_abnormal_candle_6,0.8,lte,5.7002,4.9532,6.4439,5.157
long,5m_first_abnormal_candle_6,0.9,lte,5.7002,4.9532,6.4439,5.157
long,5m_first_abnormal_candle_6,1.0,lte,5.0931,0.0,5.398,0.0
long,5m_momentum,-9.801142,gte,5.0931,0.0,5.398,0.0
long,5m_momentum,-9.251805,gte,5.0768,12.4097,5.386,10.7982
long,5m_momentum,-8.702469,gte,5.0793,9.2297,5.3858,9.0325
long,5m_momentum,-8.153132,gte,5.115,0.2035,5.4324,-2.2823
long,5m_momentum,-7.603796,gte,5.115,0.2035,5.4324,-2.2823
long,5m_momentum,-7.054459,gte,5.1125,1.6384,5.4279,0.0737
long,5m_momentum,-6.505122,gte,5.1143,2.4023,5.4267,1.7578
long,5m_momentum,-5.955786,gte,5.1074,3.825,5.4023,5.0154
long,5m_momentum,-5.406449,gte,5.0995,4.626,5.3853,6.3375
long,5m_momentum,-4.857113,gte,5.0919,5.1616,5.3365,8.7868
long,5m_momentum,-4.307776,gte,5.0791,5.603,5.2927,9.229
long,5m_momentum,-3.75844,gte,5.0526,6.154,5.3009,7.9402
long,5m_momentum,-3.209103,gte,5.0529,5.9332,5.3397,6.6147
long,5m_momentum,-2.659767,gte,4.9405,7.3018,5.1344,9.2111
long,5m_momentum,-2.11043,gte,4.9455,6.5037,5.1272,7.9854
long,5m_momentum,-1.561093,gte,4.915,6.2038,5.0276,7.7073
long,5m_momentum,-1.011757,gte,4.937,5.7658,5.0787,6.7735
long,5m_momentum,-0.46242,gte,5.0764,5.1359,5.3316,5.5681
long,5m_momentum,0.086916,gte,5.2002,4.9521,5.6438,5.0742
long,5m_momentum,0.636253,gte,5.721,4.6101,6.0591,4.8895
long,5m_momentum,1.185589,gte,6.2519,4.5618,6.3849,4.9455
long,5m_momentum,1.734926,gte,6.3393,4.6955,6.4064,5.0762
long,5m_momentum,2.284262,gte,6.634,4.7561,6.3292,5.1943
long,5m_momentum,2.833599,gte,7.5734,4.7101,6.873,5.1702
long,5m_momentum,3.382935,gte,7.7994,4.7876,5.9247,5.3386
long,5m_momentum,3.932272,gte,7.1841,4.9189,6.0599,5.3429
long,5m_momentum,4.481609,gte,8.0554,4.9183,6.3411,5.3423
long,5m_momentum,5.030945,gte,7.4743,4.9732,6.954,5.3197
long,5m_momentum,5.580282,gte,8.2561,4.9609,7.4068,5.314
long,5m_momentum,6.129618,gte,8.3524,4.9842,6.245,5.3697
long,5m_momentum,6.678955,gte,10.1111,4.967,7.6605,5.3411
long,5m_momentum,7.228291,gte,7.9069,5.0388,6.0658,5.3851
long,5m_momentum,7.777628,gte,7.1638,5.0651,7.4533,5.3702
long,5m_momentum,8.326964,gte,7.2115,5.0668,9.0905,5.3522
long,5m_momentum,8.876301,gte,9.1669,5.0518,11.5017,5.3362
long,5m_momentum,9.425637,gte,8.4929,5.0625,7.598,5.3782
long,5m_momentum,9.974974,gte,17.5388,5.0234,25.4657,5.2855
long,5m_momentum,10.524311,gte,17.5388,5.0234,25.4657,5.2855
long,5m_momentum,11.073647,gte,13.9276,5.0536,19.7402,5.3338
long,5m_momentum,11.622984,gte,5.7358,5.0917,12.249,5.3827
long,5m_momentum,12.17232,gte,5.7358,5.0917,12.249,5.3827
long,5m_momentum,12.721657,gte,5.7358,5.0917,12.249,5.3827
long,5m_momentum,13.270993,gte,5.7358,5.0917,12.249,5.3827
long,5m_momentum,13.82033,gte,5.7358,5.0917,12.249,5.3827
long,5m_momentum,14.369666,gte,5.7358,5.0917,12.249,5.3827
long,5m_momentum,14.919003,gte,5.7358,5.0917,12.249,5.3827
long,5m_momentum,15.468339,gte,5.7358,5.0917,12.249,5.3827
long,5m_momentum,16.017676,gte,5.7358,5.0917,12.249,5.3827
long,5m_momentum,16.567013,gte,11.133,5.0864,26.2905,5.3747
long,5m_momentum,17.116349,gte,11.133,5.0864,26.2905,5.3747
long,5m_momentum,17.665686,gte,0.0,5.0931,0.0,5.398
long,5m_momentum,-9.801142,lte,0.0,5.0931,0.0,5.398
long,5m_momentum,-9.251805,lte,12.4097,5.0768,10.7982,5.386
long,5m_momentum,-8.702469,lte,9.2297,5.0793,9.0325,5.3858
long,5m_momentum,-8.153132,lte,0.2035,5.115,-2.2823,5.4324
long,5m_momentum,-7.603796,lte,0.2035,5.115,-2.2823,5.4324
long,5m_momentum,-7.054459,lte,1.6384,5.1125,0.0737,5.4279
long,5m_momentum,-6.505122,lte,2.4023,5.1143,1.7578,5.4267
long,5m_momentum,-5.955786,lte,3.825,5.1074,5.0154,5.4023
long,5m_momentum,-5.406449,lte,4.626,5.0995,6.3375,5.3853
long,5m_momentum,-4.857113,lte,5.1616,5.0919,8.7868,5.3365
long,5m_momentum,-4.307776,lte,5.603,5.0791,9.229,5.2927
long,5m_momentum,-3.75844,lte,6.154,5.0526,7.9402,5.3009
long,5m_momentum,-3.209103,lte,5.9332,5.0529,6.6147,5.3397
long,5m_momentum,-2.659767,lte,7.3018,4.9405,9.2111,5.1344
long,5m_momentum,-2.11043,lte,6.5037,4.9455,7.9854,5.1272
long,5m_momentum,-1.561093,lte,6.2038,4.915,7.7073,5.0276
long,5m_momentum,-1.011757,lte,5.7658,4.937,6.7735,5.0787
long,5m_momentum,-0.46242,lte,5.1359,5.0764,5.5681,5.3316
long,5m_momentum,0.086916,lte,4.9521,5.2002,5.0742,5.6438
long,5m_momentum,0.636253,lte,4.6101,5.721,4.8895,6.0591
long,5m_momentum,1.185589,lte,4.5618,6.2519,4.9455,6.3849
long,5m_momentum,1.734926,lte,4.6955,6.3393,5.0762,6.4064
long,5m_momentum,2.284262,lte,4.7561,6.634,5.1943,6.3292
long,5m_momentum,2.833599,lte,4.7101,7.5734,5.1702,6.873
long,5m_momentum,3.382935,lte,4.7876,7.7994,5.3386,5.9247
long,5m_momentum,3.932272,lte,4.9189,7.1841,5.3429,6.0599
long,5m_momentum,4.481609,lte,4.9183,8.0554,5.3423,6.3411
long,5m_momentum,5.030945,lte,4.9732,7.4743,5.3197,6.954
long,5m_momentum,5.580282,lte,4.9609,8.2561,5.314,7.4068
long,5m_momentum,6.129618,lte,4.9842,8.3524,5.3697,6.245
long,5m_momentum,6.678955,lte,4.967,10.1111,5.3411,7.6605
long,5m_momentum,7.228291,lte,5.0388,7.9069,5.3851,6.0658
long,5m_momentum,7.777628,lte,5.0651,7.1638,5.3702,7.4533
long,5m_momentum,8.326964,lte,5.0668,7.2115,5.3522,9.0905
long,5m_momentum,8.876301,lte,5.0518,9.1669,5.3362,11.5017
long,5m_momentum,9.425637,lte,5.0625,8.4929,5.3782,7.598
long,5m_momentum,9.974974,lte,5.0234,17.5388,5.2855,25.4657
long,5m_momentum,10.524311,lte,5.0234,17.5388,5.2855,25.4657
long,5m_momentum,11.073647,lte,5.0536,13.9276,5.3338,19.7402
long,5m_momentum,11.622984,lte,5.0917,5.7358,5.3827,12.249
long,5m_momentum,12.17232,lte,5.0917,5.7358,5.3827,12.249
long,5m_momentum,12.721657,lte,5.0917,5.7358,5.3827,12.249
long,5m_momentum,13.270993,lte,5.0917,5.7358,5.3827,12.249
long,5m_momentum,13.82033,lte,5.0917,5.7358,5.3827,12.249
long,5m_momentum,14.369666,lte,5.0917,5.7358,5.3827,12.249
long,5m_momentum,14.919003,lte,5.0917,5.7358,5.3827,12.249
long,5m_momentum,15.468339,lte,5.0917,5.7358,5.3827,12.249
long,5m_momentum,16.017676,lte,5.0917,5.7358,5.3827,12.249
long,5m_momentum,16.567013,lte,5.0864,11.133,5.3747,26.2905
long,5m_momentum,17.116349,lte,5.0864,11.133,5.3747,26.2905
long,5m_momentum,17.665686,lte,5.0931,0.0,5.398,0.0
long,5m_range_energy,0.0,gte,5.0931,0.0,5.398,0.0
long,5m_range_energy,23.827106,gte,8.4576,4.6662,8.2887,5.0312
long,5m_range_energy,47.654212,gte,10.1727,4.8436,8.0974,5.2654
long,5m_range_energy,71.481318,gte,9.3264,4.9668,7.4161,5.3378
long,5m_range_energy,95.308424,gte,8.5917,5.0377,8.1839,5.3538
long,5m_range_energy,119.13553,gte,7.815,5.0655,7.0681,5.3811
long,5m_range_energy,142.962636,gte,3.7795,5.1035,3.262,5.4148
long,5m_range_energy,166.789742,gte,4.8651,5.0944,4.4888,5.4031
long,5m_range_energy,190.616848,gte,5.1132,5.093,4.151,5.4036
long,5m_range_energy,214.443954,gte,5.3836,5.0922,2.6079,5.4074
long,5m_range_energy,238.27106,gte,24.6202,5.0713,25.9977,5.375
long,5m_range_energy,262.098166,gte,24.6202,5.0713,25.9977,5.375
long,5m_range_energy,285.925272,gte,24.6202,5.0713,25.9977,5.375
long,5m_range_energy,309.752378,gte,24.6202,5.0713,25.9977,5.375
long,5m_range_energy,333.579484,gte,24.6202,5.0713,25.9977,5.375
long,5m_range_energy,357.40659,gte,24.6202,5.0713,25.9977,5.375
long,5m_range_energy,381.233696,gte,24.6202,5.0713,25.9977,5.375
long,5m_range_energy,405.060802,gte,24.6202,5.0713,25.9977,5.375
long,5m_range_energy,428.887908,gte,24.6202,5.0713,25.9977,5.375
long,5m_range_energy,452.715014,gte,24.6202,5.0713,25.9977,5.375
long,5m_range_energy,476.54212,gte,24.6202,5.0713,25.9977,5.375
long,5m_range_energy,500.369226,gte,24.6202,5.0713,25.9977,5.375
long,5m_range_energy,524.196332,gte,24.6202,5.0713,25.9977,5.375
long,5m_range_energy,548.023438,gte,24.6202,5.0713,25.9977,5.375
long,5m_range_energy,571.850544,gte,24.6202,5.0713,25.9977,5.375
long,5m_range_energy,595.67765,gte,24.6202,5.0713,25.9977,5.375
long,5m_range_energy,619.504756,gte,24.6202,5.0713,25.9977,5.375
long,5m_range_energy,643.331862,gte,24.6202,5.0713,25.9977,5.375
long,5m_range_energy,667.158968,gte,24.6202,5.0713,25.9977,5.375
long,5m_range_energy,690.986074,gte,24.6202,5.0713,25.9977,5.375
long,5m_range_energy,714.81318,gte,24.6202,5.0713,25.9977,5.375
long,5m_range_energy,738.640286,gte,24.6202,5.0713,25.9977,5.375
long,5m_range_energy,762.467392,gte,24.6202,5.0713,25.9977,5.375
long,5m_range_energy,786.294498,gte,24.6202,5.0713,25.9977,5.375
long,5m_range_energy,810.121604,gte,24.6202,5.0713,25.9977,5.375
long,5m_range_energy,833.94871,gte,24.6202,5.0713,25.9977,5.375
long,5m_range_energy,857.775816,gte,24.6202,5.0713,25.9977,5.375
long,5m_range_energy,881.602922,gte,24.6202,5.0713,25.9977,5.375
long,5m_range_energy,905.430028,gte,24.6202,5.0713,25.9977,5.375
long,5m_range_energy,929.257134,gte,24.6202,5.0713,25.9977,5.375
long,5m_range_energy,953.08424,gte,24.6202,5.0713,25.9977,5.375
long,5m_range_energy,976.911346,gte,24.6202,5.0713,25.9977,5.375
long,5m_range_energy,1000.738452,gte,24.6202,5.0713,25.9977,5.375
long,5m_range_energy,1024.565558,gte,24.6202,5.0713,25.9977,5.375
long,5m_range_energy,1048.392664,gte,24.6202,5.0713,25.9977,5.375
long,5m_range_energy,1072.21977,gte,24.6202,5.0713,25.9977,5.375
long,5m_range_energy,1096.046876,gte,24.6202,5.0713,25.9977,5.375
long,5m_range_energy,1119.873982,gte,24.6202,5.0713,25.9977,5.375
long,5m_range_energy,1143.701088,gte,24.6202,5.0713,25.9977,5.375
long,5m_range_energy,1167.528194,gte,24.6202,5.0713,25.9977,5.375
long,5m_range_energy,1191.3553,gte,24.6202,5.0713,25.9977,5.375
long,5m_range_energy,0.0,lte,5.0439,5.0934,4.0433,5.4041
long,5m_range_energy,23.827106,lte,4.6662,8.4576,5.0312,8.2887
long,5m_range_energy,47.654212,lte,4.8436,10.1727,5.2654,8.0974
long,5m_range_energy,71.481318,lte,4.9668,9.3264,5.3378,7.4161
long,5m_range_energy,95.308424,lte,5.0377,8.5917,5.3538,8.1839
long,5m_range_energy,119.13553,lte,5.0655,7.815,5.3811,7.0681
long,5m_range_energy,142.962636,lte,5.1035,3.7795,5.4148,3.262
long,5m_range_energy,166.789742,lte,5.0944,4.8651,5.4031,4.4888
long,5m_range_energy,190.616848,lte,5.093,5.1132,5.4036,4.151
long,5m_range_energy,214.443954,lte,5.0922,5.3836,5.4074,2.6079
long,5m_range_energy,238.27106,lte,5.0713,24.6202,5.375,25.9977
long,5m_range_energy,262.098166,lte,5.0713,24.6202,5.375,25.9977
long,5m_range_energy,285.925272,lte,5.0713,24.6202,5.375,25.9977
long,5m_range_energy,309.752378,lte,5.0713,24.6202,5.375,25.9977
long,5m_range_energy,333.579484,lte,5.0713,24.6202,5.375,25.9977
long,5m_range_energy,357.40659,lte,5.0713,24.6202,5.375,25.9977
long,5m_range_energy,381.233696,lte,5.0713,24.6202,5.375,25.9977
long,5m_range_energy,405.060802,lte,5.0713,24.6202,5.375,25.9977
long,5m_range_energy,428.887908,lte,5.0713,24.6202,5.375,25.9977
long,5m_range_energy,452.715014,lte,5.0713,24.6202,5.375,25.9977
long,5m_range_energy,476.54212,lte,5.0713,24.6202,5.375,25.9977
long,5m_range_energy,500.369226,lte,5.0713,24.6202,5.375,25.9977
long,5m_range_energy,524.196332,lte,5.0713,24.6202,5.375,25.9977
long,5m_range_energy,548.023438,lte,5.0713,24.6202,5.375,25.9977
long,5m_range_energy,571.850544,lte,5.0713,24.6202,5.375,25.9977
long,5m_range_energy,595.67765,lte,5.0713,24.6202,5.375,25.9977
long,5m_range_energy,619.504756,lte,5.0713,24.6202,5.375,25.9977
long,5m_range_energy,643.331862,lte,5.0713,24.6202,5.375,25.9977
long,5m_range_energy,667.158968,lte,5.0713,24.6202,5.375,25.9977
long,5m_range_energy,690.986074,lte,5.0713,24.6202,5.375,25.9977
long,5m_range_energy,714.81318,lte,5.0713,24.6202,5.375,25.9977
long,5m_range_energy,738.640286,lte,5.0713,24.6202,5.375,25.9977
long,5m_range_energy,762.467392,lte,5.0713,24.6202,5.375,25.9977
long,5m_range_energy,786.294498,lte,5.0713,24.6202,5.375,25.9977
long,5m_range_energy,810.121604,lte,5.0713,24.6202,5.375,25.9977
long,5m_range_energy,833.94871,lte,5.0713,24.6202,5.375,25.9977
long,5m_range_energy,857.775816,lte,5.0713,24.6202,5.375,25.9977
long,5m_range_energy,881.602922,lte,5.0713,24.6202,5.375,25.9977
long,5m_range_energy,905.430028,lte,5.0713,24.6202,5.375,25.9977
long,5m_range_energy,929.257134,lte,5.0713,24.6202,5.375,25.9977
long,5m_range_energy,953.08424,lte,5.0713,24.6202,5.375,25.9977
long,5m_range_energy,976.911346,lte,5.0713,24.6202,5.375,25.9977
long,5m_range_energy,1000.738452,lte,5.0713,24.6202,5.375,25.9977
long,5m_range_energy,1024.565558,lte,5.0713,24.6202,5.375,25.9977
long,5m_range_energy,1048.392664,lte,5.0713,24.6202,5.375,25.9977
long,5m_range_energy,1072.21977,lte,5.0713,24.6202,5.375,25.9977
long,5m_range_energy,1096.046876,lte,5.0713,24.6202,5.375,25.9977
long,5m_range_energy,1119.873982,lte,5.0713,24.6202,5.375,25.9977
long,5m_range_energy,1143.701088,lte,5.0713,24.6202,5.375,25.9977
long,5m_range_energy,1167.528194,lte,5.0713,24.6202,5.375,25.9977
long,5m_range_energy,1191.3553,lte,5.0931,0.0,5.398,0.0
long,5m_release,0.0,gte,5.0931,0.0,5.398,0.0
long,5m_release,0.1,gte,4.391,5.2154,4.7142,5.5171
long,5m_release,0.2,gte,4.391,5.2154,4.7142,5.5171
long,5m_release,0.3,gte,4.391,5.2154,4.7142,5.5171
long,5m_release,0.4,gte,4.391,5.2154,4.7142,5.5171
long,5m_release,0.5,gte,4.391,5.2154,4.7142,5.5171
long,5m_release,0.6,gte,4.391,5.2154,4.7142,5.5171
long,5m_release,0.7,gte,4.391,5.2154,4.7142,5.5171
long,5m_release,0.8,gte,4.391,5.2154,4.7142,5.5171
long,5m_release,0.9,gte,4.391,5.2154,4.7142,5.5171
long,5m_release,1.0,gte,4.391,5.2154,4.7142,5.5171
long,5m_release,0.0,lte,5.2154,4.391,5.5171,4.7142
long,5m_release,0.1,lte,5.2154,4.391,5.5171,4.7142
long,5m_release,0.2,lte,5.2154,4.391,5.5171,4.7142
long,5m_release,0.3,lte,5.2154,4.391,5.5171,4.7142
long,5m_release,0.4,lte,5.2154,4.391,5.5171,4.7142
long,5m_release,0.5,lte,5.2154,4.391,5.5171,4.7142
long,5m_release,0.6,lte,5.2154,4.391,5.5171,4.7142
long,5m_release,0.7,lte,5.2154,4.391,5.5171,4.7142
long,5m_release,0.8,lte,5.2154,4.391,5.5171,4.7142
long,5m_release,0.9,lte,5.2154,4.391,5.5171,4.7142
long,5m_release,1.0,lte,5.0931,0.0,5.398,0.0
long,5m_seq_body_energy_6,0.0,gte,5.0931,0.0,5.398,0.0
long,5m_seq_body_energy_6,0.332926,gte,5.2511,3.9267,5.6419,3.5973
long,5m_seq_body_energy_6,0.665852,gte,5.4082,4.0296,5.937,3.5786
long,5m_seq_body_energy_6,0.998778,gte,5.7468,3.9537,6.2879,3.8469
long,5m_seq_body_energy_6,1.331704,gte,6.0827,4.0039,6.7979,3.8572
long,5m_seq_body_energy_6,1.66463,gte,6.6665,3.9576,7.2401,4.0686
long,5m_seq_body_energy_6,1.997556,gte,7.0883,4.0855,7.5321,4.3202
long,5m_seq_body_energy_6,2.330482,gte,7.4618,4.1779,7.6846,4.5145
long,5m_seq_body_energy_6,2.663408,gte,7.6144,4.3415,7.8972,4.653
long,5m_seq_body_energy_6,2.996334,gte,8.0056,4.3822,8.3089,4.6875
long,5m_seq_body_energy_6,3.32926,gte,8.3894,4.4575,8.6655,4.768
long,5m_seq_body_energy_6,3.662186,gte,8.6195,4.5538,8.8082,4.8764
long,5m_seq_body_energy_6,3.995112,gte,8.5555,4.6538,8.6544,4.9848
long,5m_seq_body_energy_6,4.328038,gte,9.1207,4.6384,9.5245,4.9321
long,5m_seq_body_energy_6,4.660964,gte,8.8338,4.7369,8.8278,5.0714
long,5m_seq_body_energy_6,4.99389,gte,8.7329,4.7993,8.5289,5.1453
long,5m_seq_body_energy_6,5.326816,gte,8.4337,4.8451,8.4002,5.1751
long,5m_seq_body_energy_6,5.659742,gte,8.9095,4.8631,8.3919,5.2175
long,5m_seq_body_energy_6,5.992668,gte,9.3676,4.8621,8.8685,5.2104
long,5m_seq_body_energy_6,6.325594,gte,9.5138,4.8705,8.8082,5.2263
long,5m_seq_body_energy_6,6.65852,gte,10.1684,4.8686,9.3434,5.2235
long,5m_seq_body_energy_6,6.991446,gte,10.2696,4.8892,9.2557,5.246
long,5m_seq_body_energy_6,7.324372,gte,10.4756,4.894,9.35,5.2518
long,5m_seq_body_energy_6,7.657298,gte,10.9432,4.8907,10.0196,5.2381
long,5m_seq_body_energy_6,7.990224,gte,11.6379,4.9055,8.7939,5.3007
long,5m_seq_body_energy_6,8.32315,gte,11.8735,4.9543,9.3592,5.3169
long,5m_seq_body_energy_6,8.656076,gte,13.3001,4.9441,10.0599,5.3134
long,5m_seq_body_energy_6,8.989002,gte,11.6632,4.9814,9.9168,5.3212
long,5m_seq_body_energy_6,9.321928,gte,11.6632,4.9814,9.9168,5.3212
long,5m_seq_body_energy_6,9.654854,gte,12.3683,4.9778,10.4693,5.3176
long,5m_seq_body_energy_6,9.98778,gte,6.9025,5.0707,6.1343,5.3889
long,5m_seq_body_energy_6,10.320706,gte,6.8289,5.0736,6.2402,5.3885
long,5m_seq_body_energy_6,10.653632,gte,6.9648,5.0763,5.6065,5.3961
long,5m_seq_body_energy_6,10.986558,gte,5.898,5.0868,3.6661,5.4116
long,5m_seq_body_energy_6,11.319484,gte,5.898,5.0868,3.6661,5.4116
long,5m_seq_body_energy_6,11.65241,gte,6.2356,5.0854,3.3038,5.4121
long,5m_seq_body_energy_6,11.985336,gte,5.8517,5.0889,2.6362,5.4135
long,5m_seq_body_energy_6,12.318262,gte,5.8517,5.0889,2.6362,5.4135
long,5m_seq_body_energy_6,12.651188,gte,5.8517,5.0889,2.6362,5.4135
long,5m_seq_body_energy_6,12.984114,gte,5.8517,5.0889,2.6362,5.4135
long,5m_seq_body_energy_6,13.31704,gte,5.8517,5.0889,2.6362,5.4135
long,5m_seq_body_energy_6,13.649966,gte,8.0558,5.0832,2.3453,5.4083
long,5m_seq_body_energy_6,13.982892,gte,8.0558,5.0832,2.3453,5.4083
long,5m_seq_body_energy_6,14.315818,gte,-11.3391,5.1115,-23.675,5.4305
long,5m_seq_body_energy_6,14.648744,gte,-11.3391,5.1115,-23.675,5.4305
long,5m_seq_body_energy_6,14.98167,gte,-11.3391,5.1115,-23.675,5.4305
long,5m_seq_body_energy_6,15.314596,gte,-11.3391,5.1115,-23.675,5.4305
long,5m_seq_body_energy_6,15.647522,gte,-11.3391,5.1115,-23.675,5.4305
long,5m_seq_body_energy_6,15.980448,gte,-11.3391,5.1115,-23.675,5.4305
long,5m_seq_body_energy_6,16.313374,gte,-11.3391,5.1115,-23.675,5.4305
long,5m_seq_body_energy_6,16.6463,gte,-11.3391,5.1115,-23.675,5.4305
long,5m_seq_body_energy_6,0.0,lte,5.0439,5.0934,4.0433,5.4041
long,5m_seq_body_energy_6,0.332926,lte,3.9267,5.2511,3.5973,5.6419
long,5m_seq_body_energy_6,0.665852,lte,4.0296,5.4082,3.5786,5.937
long,5m_seq_body_energy_6,0.998778,lte,3.9537,5.7468,3.8469,6.2879
long,5m_seq_body_energy_6,1.331704,lte,4.0039,6.0827,3.8572,6.7979
long,5m_seq_body_energy_6,1.66463,lte,3.9576,6.6665,4.0686,7.2401
long,5m_seq_body_energy_6,1.997556,lte,4.0855,7.0883,4.3202,7.5321
long,5m_seq_body_energy_6,2.330482,lte,4.1779,7.4618,4.5145,7.6846
long,5m_seq_body_energy_6,2.663408,lte,4.3415,7.6144,4.653,7.8972
long,5m_seq_body_energy_6,2.996334,lte,4.3822,8.0056,4.6875,8.3089
long,5m_seq_body_energy_6,3.32926,lte,4.4575,8.3894,4.768,8.6655
long,5m_seq_body_energy_6,3.662186,lte,4.5538,8.6195,4.8764,8.8082
long,5m_seq_body_energy_6,3.995112,lte,4.6538,8.5555,4.9848,8.6544
long,5m_seq_body_energy_6,4.328038,lte,4.6384,9.1207,4.9321,9.5245
long,5m_seq_body_energy_6,4.660964,lte,4.7369,8.8338,5.0714,8.8278
long,5m_seq_body_energy_6,4.99389,lte,4.7993,8.7329,5.1453,8.5289
long,5m_seq_body_energy_6,5.326816,lte,4.8451,8.4337,5.1751,8.4002
long,5m_seq_body_energy_6,5.659742,lte,4.8631,8.9095,5.2175,8.3919
long,5m_seq_body_energy_6,5.992668,lte,4.8621,9.3676,5.2104,8.8685
long,5m_seq_body_energy_6,6.325594,lte,4.8705,9.5138,5.2263,8.8082
long,5m_seq_body_energy_6,6.65852,lte,4.8686,10.1684,5.2235,9.3434
long,5m_seq_body_energy_6,6.991446,lte,4.8892,10.2696,5.246,9.2557
long,5m_seq_body_energy_6,7.324372,lte,4.894,10.4756,5.2518,9.35
long,5m_seq_body_energy_6,7.657298,lte,4.8907,10.9432,5.2381,10.0196
long,5m_seq_body_energy_6,7.990224,lte,4.9055,11.6379,5.3007,8.7939
long,5m_seq_body_energy_6,8.32315,lte,4.9543,11.8735,5.3169,9.3592
long,5m_seq_body_energy_6,8.656076,lte,4.9441,13.3001,5.3134,10.0599
long,5m_seq_body_energy_6,8.989002,lte,4.9814,11.6632,5.3212,9.9168
long,5m_seq_body_energy_6,9.321928,lte,4.9814,11.6632,5.3212,9.9168
long,5m_seq_body_energy_6,9.654854,lte,4.9778,12.3683,5.3176,10.4693
long,5m_seq_body_energy_6,9.98778,lte,5.0707,6.9025,5.3889,6.1343
long,5m_seq_body_energy_6,10.320706,lte,5.0736,6.8289,5.3885,6.2402
long,5m_seq_body_energy_6,10.653632,lte,5.0763,6.9648,5.3961,5.6065
long,5m_seq_body_energy_6,10.986558,lte,5.0868,5.898,5.4116,3.6661
long,5m_seq_body_energy_6,11.319484,lte,5.0868,5.898,5.4116,3.6661
long,5m_seq_body_energy_6,11.65241,lte,5.0854,6.2356,5.4121,3.3038
long,5m_seq_body_energy_6,11.985336,lte,5.0889,5.8517,5.4135,2.6362
long,5m_seq_body_energy_6,12.318262,lte,5.0889,5.8517,5.4135,2.6362
long,5m_seq_body_energy_6,12.651188,lte,5.0889,5.8517,5.4135,2.6362
long,5m_seq_body_energy_6,12.984114,lte,5.0889,5.8517,5.4135,2.6362
long,5m_seq_body_energy_6,13.31704,lte,5.0889,5.8517,5.4135,2.6362
long,5m_seq_body_energy_6,13.649966,lte,5.0832,8.0558,5.4083,2.3453
long,5m_seq_body_energy_6,13.982892,lte,5.0832,8.0558,5.4083,2.3453
long,5m_seq_body_energy_6,14.315818,lte,5.1115,-11.3391,5.4305,-23.675
long,5m_seq_body_energy_6,14.648744,lte,5.1115,-11.3391,5.4305,-23.675
long,5m_seq_body_energy_6,14.98167,lte,5.1115,-11.3391,5.4305,-23.675
long,5m_seq_body_energy_6,15.314596,lte,5.1115,-11.3391,5.4305,-23.675
long,5m_seq_body_energy_6,15.647522,lte,5.1115,-11.3391,5.4305,-23.675
long,5m_seq_body_energy_6,15.980448,lte,5.1115,-11.3391,5.4305,-23.675
long,5m_seq_body_energy_6,16.313374,lte,5.1115,-11.3391,5.4305,-23.675
long,5m_seq_body_energy_6,16.6463,lte,5.0931,0.0,5.398,0.0
long,5m_seq_positive_count_6,0.0,gte,5.0931,0.0,5.398,0.0
long,5m_seq_positive_count_6,0.6,gte,5.0934,5.0439,5.4041,4.0433
long,5m_seq_positive_count_6,1.2,gte,5.0587,5.5575,5.4783,4.3164
long,5m_seq_positive_count_6,1.8,gte,5.0587,5.5575,5.4783,4.3164
long,5m_seq_positive_count_6,2.4,gte,5.2217,4.6999,5.3927,5.4144
long,5m_seq_positive_count_6,3.0,gte,5.2217,4.6999,5.3927,5.4144
long,5m_seq_positive_count_6,3.6,gte,5.4103,4.8237,5.8501,5.014
long,5m_seq_positive_count_6,4.2,gte,4.8236,5.1464,5.6327,5.3516
long,5m_seq_positive_count_6,4.8,gte,4.8236,5.1464,5.6327,5.3516
long,5m_seq_positive_count_6,5.4,gte,3.1953,5.132,4.6974,5.4124
long,5m_seq_positive_count_6,6.0,gte,3.1953,5.132,4.6974,5.4124
long,5m_seq_positive_count_6,0.0,lte,5.0439,5.0934,4.0433,5.4041
long,5m_seq_positive_count_6,0.6,lte,5.0439,5.0934,4.0433,5.4041
long,5m_seq_positive_count_6,1.2,lte,5.5575,5.0587,4.3164,5.4783
long,5m_seq_positive_count_6,1.8,lte,5.5575,5.0587,4.3164,5.4783
long,5m_seq_positive_count_6,2.4,lte,4.6999,5.2217,5.4144,5.3927
long,5m_seq_positive_count_6,3.0,lte,4.8237,5.4103,5.014,5.8501
long,5m_seq_positive_count_6,3.6,lte,4.8237,5.4103,5.014,5.8501
long,5m_seq_positive_count_6,4.2,lte,5.1464,4.8236,5.3516,5.6327
long,5m_seq_positive_count_6,4.8,lte,5.1464,4.8236,5.3516,5.6327
long,5m_seq_positive_count_6,5.4,lte,5.132,3.1953,5.4124,4.6974
long,5m_seq_positive_count_6,6.0,lte,5.0931,0.0,5.398,0.0
long,5m_seq_return_sum_6,-13.4826,gte,5.0931,0.0,5.398,0.0
long,5m_seq_return_sum_6,-12.62114,gte,5.0932,5.0664,5.3872,10.219
long,5m_seq_return_sum_6,-11.75968,gte,5.0729,8.709,5.3828,8.1115
long,5m_seq_return_sum_6,-10.89822,gte,5.086,6.1594,5.3787,8.2743
long,5m_seq_return_sum_6,-10.03676,gte,5.086,6.1594,5.3787,8.2743
long,5m_seq_return_sum_6,-9.1753,gte,5.0738,7.5512,5.3693,9.0541
long,5m_seq_return_sum_6,-8.31384,gte,5.0738,7.5512,5.3693,9.0541
long,5m_seq_return_sum_6,-7.45238,gte,5.0738,7.5512,5.3693,9.0541
long,5m_seq_return_sum_6,-6.59092,gte,5.0699,7.6734,5.359,9.729
long,5m_seq_return_sum_6,-5.72946,gte,5.0291,8.8584,5.3059,10.8156
long,5m_seq_return_sum_6,-4.868,gte,5.0104,8.7229,5.2714,10.9489
long,5m_seq_return_sum_6,-4.00654,gte,4.9391,9.3975,5.2818,8.6454
long,5m_seq_return_sum_6,-3.14508,gte,4.9651,7.517,5.3131,7.0058
long,5m_seq_return_sum_6,-2.28362,gte,4.9536,6.767,5.3757,5.6663
long,5m_seq_return_sum_6,-1.42216,gte,4.96,6.0072,5.3444,5.7666
long,5m_seq_return_sum_6,-0.5607,gte,5.1466,4.9005,5.4618,5.1686
long,5m_seq_return_sum_6,0.30076,gte,5.4993,4.4052,5.7419,4.8157
long,5m_seq_return_sum_6,1.16222,gte,6.1024,4.3377,6.5303,4.5505
long,5m_seq_return_sum_6,2.02368,gte,6.4688,4.4976,7.1721,4.63
long,5m_seq_return_sum_6,2.88514,gte,7.3879,4.5604,7.7608,4.8495
long,5m_seq_return_sum_6,3.7466,gte,8.3495,4.6142,8.4725,4.9459
long,5m_seq_return_sum_6,4.60806,gte,8.8085,4.7243,9.1741,5.0232
long,5m_seq_return_sum_6,5.46952,gte,8.6624,4.8189,9.5523,5.0788
long,5m_seq_return_sum_6,6.33098,gte,10.6598,4.7715,11.0873,5.0693
long,5m_seq_return_sum_6,7.19244,gte,10.7195,4.8442,10.0267,5.1933
long,5m_seq_return_sum_6,8.0539,gte,11.416,4.8819,10.7099,5.2206
long,5m_seq_return_sum_6,8.91536,gte,12.201,4.881,11.4847,5.2163
long,5m_seq_return_sum_6,9.77682,gte,12.9592,4.9503,14.3413,5.2356
long,5m_seq_return_sum_6,10.63828,gte,10.1137,5.0251,9.2099,5.3463
long,5m_seq_return_sum_6,11.49974,gte,9.1985,5.0422,8.4543,5.3601
long,5m_seq_return_sum_6,12.3612,gte,9.4792,5.0487,9.1721,5.3598
long,5m_seq_return_sum_6,13.22266,gte,6.4257,5.0827,8.0352,5.3773
long,5m_seq_return_sum_6,14.08412,gte,6.7046,5.0823,8.0514,5.3802
long,5m_seq_return_sum_6,14.94558,gte,7.0717,5.0843,8.6133,5.3836
long,5m_seq_return_sum_6,15.80704,gte,5.7179,5.091,2.7209,5.407
long,5m_seq_return_sum_6,16.6685,gte,5.7179,5.091,2.7209,5.407
long,5m_seq_return_sum_6,17.52996,gte,6.6406,5.0897,1.1613,5.4075
long,5m_seq_return_sum_6,18.39142,gte,6.6406,5.0897,1.1613,5.4075
long,5m_seq_return_sum_6,19.25288,gte,6.6406,5.0897,1.1613,5.4075
long,5m_seq_return_sum_6,20.11434,gte,6.6406,5.0897,1.1613,5.4075
long,5m_seq_return_sum_6,20.9758,gte,6.6406,5.0897,1.1613,5.4075
long,5m_seq_return_sum_6,21.83726,gte,24.6202,5.0713,25.9977,5.375
long,5m_seq_return_sum_6,22.69872,gte,24.6202,5.0713,25.9977,5.375
long,5m_seq_return_sum_6,23.56018,gte,24.6202,5.0713,25.9977,5.375
long,5m_seq_return_sum_6,24.42164,gte,24.6202,5.0713,25.9977,5.375
long,5m_seq_return_sum_6,25.2831,gte,24.6202,5.0713,25.9977,5.375
long,5m_seq_return_sum_6,26.14456,gte,24.6202,5.0713,25.9977,5.375
long,5m_seq_return_sum_6,27.00602,gte,24.6202,5.0713,25.9977,5.375
long,5m_seq_return_sum_6,27.86748,gte,24.6202,5.0713,25.9977,5.375
long,5m_seq_return_sum_6,28.72894,gte,24.6202,5.0713,25.9977,5.375
long,5m_seq_return_sum_6,29.5904,gte,24.6202,5.0713,25.9977,5.375
long,5m_seq_return_sum_6,-13.4826,lte,2.7874,5.0957,16.5197,5.3856
long,5m_seq_return_sum_6,-12.62114,lte,5.0664,5.0932,10.219,5.3872
long,5m_seq_return_sum_6,-11.75968,lte,8.709,5.0729,8.1115,5.3828
long,5m_seq_return_sum_6,-10.89822,lte,6.1594,5.086,8.2743,5.3787
long,5m_seq_return_sum_6,-10.03676,lte,6.1594,5.086,8.2743,5.3787
long,5m_seq_return_sum_6,-9.1753,lte,7.5512,5.0738,9.0541,5.3693
long,5m_seq_return_sum_6,-8.31384,lte,7.5512,5.0738,9.0541,5.3693
long,5m_seq_return_sum_6,-7.45238,lte,7.5512,5.0738,9.0541,5.3693
long,5m_seq_return_sum_6,-6.59092,lte,7.6734,5.0699,9.729,5.359
long,5m_seq_return_sum_6,-5.72946,lte,8.8584,5.0291,10.8156,5.3059
long,5m_seq_return_sum_6,-4.868,lte,8.7229,5.0104,10.9489,5.2714
long,5m_seq_return_sum_6,-4.00654,lte,9.3975,4.9391,8.6454,5.2818
long,5m_seq_return_sum_6,-3.14508,lte,7.517,4.9651,7.0058,5.3131
long,5m_seq_return_sum_6,-2.28362,lte,6.767,4.9536,5.6663,5.3757
long,5m_seq_return_sum_6,-1.42216,lte,6.0072,4.96,5.7666,5.3444
long,5m_seq_return_sum_6,-0.5607,lte,4.9005,5.1466,5.1686,5.4618
long,5m_seq_return_sum_6,0.30076,lte,4.4052,5.4993,4.8157,5.7419
long,5m_seq_return_sum_6,1.16222,lte,4.3377,6.1024,4.5505,6.5303
long,5m_seq_return_sum_6,2.02368,lte,4.4976,6.4688,4.63,7.1721
long,5m_seq_return_sum_6,2.88514,lte,4.5604,7.3879,4.8495,7.7608
long,5m_seq_return_sum_6,3.7466,lte,4.6142,8.3495,4.9459,8.4725
long,5m_seq_return_sum_6,4.60806,lte,4.7243,8.8085,5.0232,9.1741
long,5m_seq_return_sum_6,5.46952,lte,4.8189,8.6624,5.0788,9.5523
long,5m_seq_return_sum_6,6.33098,lte,4.7715,10.6598,5.0693,11.0873
long,5m_seq_return_sum_6,7.19244,lte,4.8442,10.7195,5.1933,10.0267
long,5m_seq_return_sum_6,8.0539,lte,4.8819,11.416,5.2206,10.7099
long,5m_seq_return_sum_6,8.91536,lte,4.881,12.201,5.2163,11.4847
long,5m_seq_return_sum_6,9.77682,lte,4.9503,12.9592,5.2356,14.3413
long,5m_seq_return_sum_6,10.63828,lte,5.0251,10.1137,5.3463,9.2099
long,5m_seq_return_sum_6,11.49974,lte,5.0422,9.1985,5.3601,8.4543
long,5m_seq_return_sum_6,12.3612,lte,5.0487,9.4792,5.3598,9.1721
long,5m_seq_return_sum_6,13.22266,lte,5.0827,6.4257,5.3773,8.0352
long,5m_seq_return_sum_6,14.08412,lte,5.0823,6.7046,5.3802,8.0514
long,5m_seq_return_sum_6,14.94558,lte,5.0843,7.0717,5.3836,8.6133
long,5m_seq_return_sum_6,15.80704,lte,5.091,5.7179,5.407,2.7209
long,5m_seq_return_sum_6,16.6685,lte,5.091,5.7179,5.407,2.7209
long,5m_seq_return_sum_6,17.52996,lte,5.0897,6.6406,5.4075,1.1613
long,5m_seq_return_sum_6,18.39142,lte,5.0897,6.6406,5.4075,1.1613
long,5m_seq_return_sum_6,19.25288,lte,5.0897,6.6406,5.4075,1.1613
long,5m_seq_return_sum_6,20.11434,lte,5.0897,6.6406,5.4075,1.1613
long,5m_seq_return_sum_6,20.9758,lte,5.0897,6.6406,5.4075,1.1613
long,5m_seq_return_sum_6,21.83726,lte,5.0713,24.6202,5.375,25.9977
long,5m_seq_return_sum_6,22.69872,lte,5.0713,24.6202,5.375,25.9977
long,5m_seq_return_sum_6,23.56018,lte,5.0713,24.6202,5.375,25.9977
long,5m_seq_return_sum_6,24.42164,lte,5.0713,24.6202,5.375,25.9977
long,5m_seq_return_sum_6,25.2831,lte,5.0713,24.6202,5.375,25.9977
long,5m_seq_return_sum_6,26.14456,lte,5.0713,24.6202,5.375,25.9977
long,5m_seq_return_sum_6,27.00602,lte,5.0713,24.6202,5.375,25.9977
long,5m_seq_return_sum_6,27.86748,lte,5.0713,24.6202,5.375,25.9977
long,5m_seq_return_sum_6,28.72894,lte,5.0713,24.6202,5.375,25.9977
long,5m_seq_return_sum_6,29.5904,lte,5.0931,0.0,5.398,0.0
long,5m_seq_volume_energy_6,0.0,gte,5.0931,0.0,5.398,0.0
long,5m_seq_volume_energy_6,14.520916,gte,6.7202,4.9072,6.5215,5.2696
long,5m_seq_volume_energy_6,29.041832,gte,7.0752,5.0316,5.779,5.3862
long,5m_seq_volume_energy_6,43.562748,gte,8.0184,5.0468,7.141,5.3704
long,5m_seq_volume_energy_6,58.083664,gte,10.5173,5.0443,8.6228,5.369
long,5m_seq_volume_energy_6,72.60458,gte,8.8076,5.0681,7.2027,5.3859
long,5m_seq_volume_energy_6,87.125496,gte,12.837,5.0497,13.3783,5.3533
long,5m_seq_volume_energy_6,101.646412,gte,12.837,5.0497,13.3783,5.3533
long,5m_seq_volume_energy_6,116.167328,gte,12.837,5.0497,13.3783,5.3533
long,5m_seq_volume_energy_6,130.688244,gte,12.837,5.0497,13.3783,5.3533
long,5m_seq_volume_energy_6,145.20916,gte,12.837,5.0497,13.3783,5.3533
long,5m_seq_volume_energy_6,159.730076,gte,12.837,5.0497,13.3783,5.3533
long,5m_seq_volume_energy_6,174.250992,gte,15.5983,5.0461,16.1773,5.3497
long,5m_seq_volume_energy_6,188.771908,gte,19.5068,5.0448,19.623,5.3503
long,5m_seq_volume_energy_6,203.292824,gte,19.5068,5.0448,19.623,5.3503
long,5m_seq_volume_energy_6,217.81374,gte,19.5068,5.0448,19.623,5.3503
long,5m_seq_volume_energy_6,232.334656,gte,19.5068,5.0448,19.623,5.3503
long,5m_seq_volume_energy_6,246.855572,gte,19.5068,5.0448,19.623,5.3503
long,5m_seq_volume_energy_6,261.376488,gte,19.5068,5.0448,19.623,5.3503
long,5m_seq_volume_energy_6,275.897404,gte,19.1694,5.0617,20.6737,5.3639
long,5m_seq_volume_energy_6,290.41832,gte,13.7186,5.0835,15.3498,5.3869
long,5m_seq_volume_energy_6,304.939236,gte,13.7186,5.0835,15.3498,5.3869
long,5m_seq_volume_energy_6,319.460152,gte,13.7186,5.0835,15.3498,5.3869
long,5m_seq_volume_energy_6,333.981068,gte,13.7186,5.0835,15.3498,5.3869
long,5m_seq_volume_energy_6,348.501984,gte,13.7186,5.0835,15.3498,5.3869
long,5m_seq_volume_energy_6,363.0229,gte,13.7186,5.0835,15.3498,5.3869
long,5m_seq_volume_energy_6,377.543816,gte,13.7186,5.0835,15.3498,5.3869
long,5m_seq_volume_energy_6,392.064732,gte,13.7186,5.0835,15.3498,5.3869
long,5m_seq_volume_energy_6,406.585648,gte,13.7186,5.0835,15.3498,5.3869
long,5m_seq_volume_energy_6,421.106564,gte,13.7186,5.0835,15.3498,5.3869
long,5m_seq_volume_energy_6,435.62748,gte,13.7186,5.0835,15.3498,5.3869
long,5m_seq_volume_energy_6,450.148396,gte,13.7186,5.0835,15.3498,5.3869
long,5m_seq_volume_energy_6,464.669312,gte,13.7186,5.0835,15.3498,5.3869
long,5m_seq_volume_energy_6,479.190228,gte,13.7186,5.0835,15.3498,5.3869
long,5m_seq_volume_energy_6,493.711144,gte,13.7186,5.0835,15.3498,5.3869
long,5m_seq_volume_energy_6,508.23206,gte,13.7186,5.0835,15.3498,5.3869
long,5m_seq_volume_energy_6,522.752976,gte,13.7186,5.0835,15.3498,5.3869
long,5m_seq_volume_energy_6,537.273892,gte,13.7186,5.0835,15.3498,5.3869
long,5m_seq_volume_energy_6,551.794808,gte,13.7186,5.0835,15.3498,5.3869
long,5m_seq_volume_energy_6,566.315724,gte,13.7186,5.0835,15.3498,5.3869
long,5m_seq_volume_energy_6,580.83664,gte,13.7186,5.0835,15.3498,5.3869
long,5m_seq_volume_energy_6,595.357556,gte,13.7186,5.0835,15.3498,5.3869
long,5m_seq_volume_energy_6,609.878472,gte,13.7186,5.0835,15.3498,5.3869
long,5m_seq_volume_energy_6,624.399388,gte,13.7186,5.0835,15.3498,5.3869
long,5m_seq_volume_energy_6,638.920304,gte,13.7186,5.0835,15.3498,5.3869
long,5m_seq_volume_energy_6,653.44122,gte,13.7186,5.0835,15.3498,5.3869
long,5m_seq_volume_energy_6,667.962136,gte,13.7186,5.0835,15.3498,5.3869
long,5m_seq_volume_energy_6,682.483052,gte,13.7186,5.0835,15.3498,5.3869
long,5m_seq_volume_energy_6,697.003968,gte,13.7186,5.0835,15.3498,5.3869
long,5m_seq_volume_energy_6,711.524884,gte,13.7186,5.0835,15.3498,5.3869
long,5m_seq_volume_energy_6,726.0458,gte,13.7186,5.0835,15.3498,5.3869
long,5m_seq_volume_energy_6,0.0,lte,5.0439,5.0934,4.0433,5.4041
long,5m_seq_volume_energy_6,14.520916,lte,4.9072,6.7202,5.2696,6.5215
long,5m_seq_volume_energy_6,29.041832,lte,5.0316,7.0752,5.3862,5.779
long,5m_seq_volume_energy_6,43.562748,lte,5.0468,8.0184,5.3704,7.141
long,5m_seq_volume_energy_6,58.083664,lte,5.0443,10.5173,5.369,8.6228
long,5m_seq_volume_energy_6,72.60458,lte,5.0681,8.8076,5.3859,7.2027
long,5m_seq_volume_energy_6,87.125496,lte,5.0497,12.837,5.3533,13.3783
long,5m_seq_volume_energy_6,101.646412,lte,5.0497,12.837,5.3533,13.3783
long,5m_seq_volume_energy_6,116.167328,lte,5.0497,12.837,5.3533,13.3783
long,5m_seq_volume_energy_6,130.688244,lte,5.0497,12.837,5.3533,13.3783
long,5m_seq_volume_energy_6,145.20916,lte,5.0497,12.837,5.3533,13.3783
long,5m_seq_volume_energy_6,159.730076,lte,5.0497,12.837,5.3533,13.3783
long,5m_seq_volume_energy_6,174.250992,lte,5.0461,15.5983,5.3497,16.1773
long,5m_seq_volume_energy_6,188.771908,lte,5.0448,19.5068,5.3503,19.623
long,5m_seq_volume_energy_6,203.292824,lte,5.0448,19.5068,5.3503,19.623
long,5m_seq_volume_energy_6,217.81374,lte,5.0448,19.5068,5.3503,19.623
long,5m_seq_volume_energy_6,232.334656,lte,5.0448,19.5068,5.3503,19.623
long,5m_seq_volume_energy_6,246.855572,lte,5.0448,19.5068,5.3503,19.623
long,5m_seq_volume_energy_6,261.376488,lte,5.0448,19.5068,5.3503,19.623
long,5m_seq_volume_energy_6,275.897404,lte,5.0617,19.1694,5.3639,20.6737
long,5m_seq_volume_energy_6,290.41832,lte,5.0835,13.7186,5.3869,15.3498
long,5m_seq_volume_energy_6,304.939236,lte,5.0835,13.7186,5.3869,15.3498
long,5m_seq_volume_energy_6,319.460152,lte,5.0835,13.7186,5.3869,15.3498
long,5m_seq_volume_energy_6,333.981068,lte,5.0835,13.7186,5.3869,15.3498
long,5m_seq_volume_energy_6,348.501984,lte,5.0835,13.7186,5.3869,15.3498
long,5m_seq_volume_energy_6,363.0229,lte,5.0835,13.7186,5.3869,15.3498
long,5m_seq_volume_energy_6,377.543816,lte,5.0835,13.7186,5.3869,15.3498
long,5m_seq_volume_energy_6,392.064732,lte,5.0835,13.7186,5.3869,15.3498
long,5m_seq_volume_energy_6,406.585648,lte,5.0835,13.7186,5.3869,15.3498
long,5m_seq_volume_energy_6,421.106564,lte,5.0835,13.7186,5.3869,15.3498
long,5m_seq_volume_energy_6,435.62748,lte,5.0835,13.7186,5.3869,15.3498
long,5m_seq_volume_energy_6,450.148396,lte,5.0835,13.7186,5.3869,15.3498
long,5m_seq_volume_energy_6,464.669312,lte,5.0835,13.7186,5.3869,15.3498
long,5m_seq_volume_energy_6,479.190228,lte,5.0835,13.7186,5.3869,15.3498
long,5m_seq_volume_energy_6,493.711144,lte,5.0835,13.7186,5.3869,15.3498
long,5m_seq_volume_energy_6,508.23206,lte,5.0835,13.7186,5.3869,15.3498
long,5m_seq_volume_energy_6,522.752976,lte,5.0835,13.7186,5.3869,15.3498
long,5m_seq_volume_energy_6,537.273892,lte,5.0835,13.7186,5.3869,15.3498
long,5m_seq_volume_energy_6,551.794808,lte,5.0835,13.7186,5.3869,15.3498
long,5m_seq_volume_energy_6,566.315724,lte,5.0835,13.7186,5.3869,15.3498
long,5m_seq_volume_energy_6,580.83664,lte,5.0835,13.7186,5.3869,15.3498
long,5m_seq_volume_energy_6,595.357556,lte,5.0835,13.7186,5.3869,15.3498
long,5m_seq_volume_energy_6,609.878472,lte,5.0835,13.7186,5.3869,15.3498
long,5m_seq_volume_energy_6,624.399388,lte,5.0835,13.7186,5.3869,15.3498
long,5m_seq_volume_energy_6,638.920304,lte,5.0835,13.7186,5.3869,15.3498
long,5m_seq_volume_energy_6,653.44122,lte,5.0835,13.7186,5.3869,15.3498
long,5m_seq_volume_energy_6,667.962136,lte,5.0835,13.7186,5.3869,15.3498
long,5m_seq_volume_energy_6,682.483052,lte,5.0835,13.7186,5.3869,15.3498
long,5m_seq_volume_energy_6,697.003968,lte,5.0835,13.7186,5.3869,15.3498
long,5m_seq_volume_energy_6,711.524884,lte,5.0835,13.7186,5.3869,15.3498
long,5m_seq_volume_energy_6,726.0458,lte,5.0931,0.0,5.398,0.0
long,5m_volume_ma_ratio,0.1012,gte,5.0931,0.0,5.398,0.0
long,5m_volume_ma_ratio,2.995516,gte,5.2859,5.0651,4.6659,5.5046
long,5m_volume_ma_ratio,5.889832,gte,4.7658,5.1072,5.0669,5.4123
long,5m_volume_ma_ratio,8.784148,gte,4.763,5.1018,5.049,5.4072
long,5m_volume_ma_ratio,11.678464,gte,6.9046,5.0686,8.2893,5.3588
long,5m_volume_ma_ratio,14.57278,gte,6.4853,5.0822,7.1958,5.3839
long,5m_volume_ma_ratio,17.467096,gte,7.9357,5.0772,8.0708,5.383
long,5m_volume_ma_ratio,20.361412,gte,7.9357,5.0772,8.0708,5.383
long,5m_volume_ma_ratio,23.255728,gte,16.9501,5.0666,16.4357,5.3734
long,5m_volume_ma_ratio,26.150044,gte,16.9501,5.0666,16.4357,5.3734
long,5m_volume_ma_ratio,29.04436,gte,13.7186,5.0835,15.3498,5.3869
long,5m_volume_ma_ratio,31.938676,gte,13.7186,5.0835,15.3498,5.3869
long,5m_volume_ma_ratio,34.832992,gte,13.7186,5.0835,15.3498,5.3869
long,5m_volume_ma_ratio,37.727308,gte,13.7186,5.0835,15.3498,5.3869
long,5m_volume_ma_ratio,40.621624,gte,13.7186,5.0835,15.3498,5.3869
long,5m_volume_ma_ratio,43.51594,gte,13.7186,5.0835,15.3498,5.3869
long,5m_volume_ma_ratio,46.410256,gte,13.7186,5.0835,15.3498,5.3869
long,5m_volume_ma_ratio,49.304572,gte,13.7186,5.0835,15.3498,5.3869
long,5m_volume_ma_ratio,52.198888,gte,13.7186,5.0835,15.3498,5.3869
long,5m_volume_ma_ratio,55.093204,gte,13.7186,5.0835,15.3498,5.3869
long,5m_volume_ma_ratio,57.98752,gte,13.7186,5.0835,15.3498,5.3869
long,5m_volume_ma_ratio,60.881836,gte,13.7186,5.0835,15.3498,5.3869
long,5m_volume_ma_ratio,63.776152,gte,13.7186,5.0835,15.3498,5.3869
long,5m_volume_ma_ratio,66.670468,gte,13.7186,5.0835,15.3498,5.3869
long,5m_volume_ma_ratio,69.564784,gte,13.7186,5.0835,15.3498,5.3869
long,5m_volume_ma_ratio,72.4591,gte,13.7186,5.0835,15.3498,5.3869
long,5m_volume_ma_ratio,75.353416,gte,13.7186,5.0835,15.3498,5.3869
long,5m_volume_ma_ratio,78.247732,gte,13.7186,5.0835,15.3498,5.3869
long,5m_volume_ma_ratio,81.142048,gte,13.7186,5.0835,15.3498,5.3869
long,5m_volume_ma_ratio,84.036364,gte,13.7186,5.0835,15.3498,5.3869
long,5m_volume_ma_ratio,86.93068,gte,13.7186,5.0835,15.3498,5.3869
long,5m_volume_ma_ratio,89.824996,gte,13.7186,5.0835,15.3498,5.3869
long,5m_volume_ma_ratio,92.719312,gte,13.7186,5.0835,15.3498,5.3869
long,5m_volume_ma_ratio,95.613628,gte,13.7186,5.0835,15.3498,5.3869
long,5m_volume_ma_ratio,98.507944,gte,13.7186,5.0835,15.3498,5.3869
long,5m_volume_ma_ratio,101.40226,gte,13.7186,5.0835,15.3498,5.3869
long,5m_volume_ma_ratio,104.296576,gte,13.7186,5.0835,15.3498,5.3869
long,5m_volume_ma_ratio,107.190892,gte,13.7186,5.0835,15.3498,5.3869
long,5m_volume_ma_ratio,110.085208,gte,13.7186,5.0835,15.3498,5.3869
long,5m_volume_ma_ratio,112.979524,gte,13.7186,5.0835,15.3498,5.3869
long,5m_volume_ma_ratio,115.87384,gte,13.7186,5.0835,15.3498,5.3869
long,5m_volume_ma_ratio,118.768156,gte,13.7186,5.0835,15.3498,5.3869
long,5m_volume_ma_ratio,121.662472,gte,13.7186,5.0835,15.3498,5.3869
long,5m_volume_ma_ratio,124.556788,gte,13.7186,5.0835,15.3498,5.3869
long,5m_volume_ma_ratio,127.451104,gte,13.7186,5.0835,15.3498,5.3869
long,5m_volume_ma_ratio,130.34542,gte,13.7186,5.0835,15.3498,5.3869
long,5m_volume_ma_ratio,133.239736,gte,13.7186,5.0835,15.3498,5.3869
long,5m_volume_ma_ratio,136.134052,gte,13.7186,5.0835,15.3498,5.3869
long,5m_volume_ma_ratio,139.028368,gte,13.7186,5.0835,15.3498,5.3869
long,5m_volume_ma_ratio,141.922684,gte,13.7186,5.0835,15.3498,5.3869
long,5m_volume_ma_ratio,144.817,gte,13.7186,5.0835,15.3498,5.3869
long,5m_volume_ma_ratio,0.1012,lte,1.4288,5.0972,2.578,5.4012
long,5m_volume_ma_ratio,2.995516,lte,5.0651,5.2859,5.5046,4.6659
long,5m_volume_ma_ratio,5.889832,lte,5.1072,4.7658,5.4123,5.0669
long,5m_volume_ma_ratio,8.784148,lte,5.1018,4.763,5.4072,5.049
long,5m_volume_ma_ratio,11.678464,lte,5.0686,6.9046,5.3588,8.2893
long,5m_volume_ma_ratio,14.57278,lte,5.0822,6.4853,5.3839,7.1958
long,5m_volume_ma_ratio,17.467096,lte,5.0772,7.9357,5.383,8.0708
long,5m_volume_ma_ratio,20.361412,lte,5.0772,7.9357,5.383,8.0708
long,5m_volume_ma_ratio,23.255728,lte,5.0666,16.9501,5.3734,16.4357
long,5m_volume_ma_ratio,26.150044,lte,5.0666,16.9501,5.3734,16.4357
long,5m_volume_ma_ratio,29.04436,lte,5.0835,13.7186,5.3869,15.3498
long,5m_volume_ma_ratio,31.938676,lte,5.0835,13.7186,5.3869,15.3498
long,5m_volume_ma_ratio,34.832992,lte,5.0835,13.7186,5.3869,15.3498
long,5m_volume_ma_ratio,37.727308,lte,5.0835,13.7186,5.3869,15.3498
long,5m_volume_ma_ratio,40.621624,lte,5.0835,13.7186,5.3869,15.3498
long,5m_volume_ma_ratio,43.51594,lte,5.0835,13.7186,5.3869,15.3498
long,5m_volume_ma_ratio,46.410256,lte,5.0835,13.7186,5.3869,15.3498
long,5m_volume_ma_ratio,49.304572,lte,5.0835,13.7186,5.3869,15.3498
long,5m_volume_ma_ratio,52.198888,lte,5.0835,13.7186,5.3869,15.3498
long,5m_volume_ma_ratio,55.093204,lte,5.0835,13.7186,5.3869,15.3498
long,5m_volume_ma_ratio,57.98752,lte,5.0835,13.7186,5.3869,15.3498
long,5m_volume_ma_ratio,60.881836,lte,5.0835,13.7186,5.3869,15.3498
long,5m_volume_ma_ratio,63.776152,lte,5.0835,13.7186,5.3869,15.3498
long,5m_volume_ma_ratio,66.670468,lte,5.0835,13.7186,5.3869,15.3498
long,5m_volume_ma_ratio,69.564784,lte,5.0835,13.7186,5.3869,15.3498
long,5m_volume_ma_ratio,72.4591,lte,5.0835,13.7186,5.3869,15.3498
long,5m_volume_ma_ratio,75.353416,lte,5.0835,13.7186,5.3869,15.3498
long,5m_volume_ma_ratio,78.247732,lte,5.0835,13.7186,5.3869,15.3498
long,5m_volume_ma_ratio,81.142048,lte,5.0835,13.7186,5.3869,15.3498
long,5m_volume_ma_ratio,84.036364,lte,5.0835,13.7186,5.3869,15.3498
long,5m_volume_ma_ratio,86.93068,lte,5.0835,13.7186,5.3869,15.3498
long,5m_volume_ma_ratio,89.824996,lte,5.0835,13.7186,5.3869,15.3498
long,5m_volume_ma_ratio,92.719312,lte,5.0835,13.7186,5.3869,15.3498
long,5m_volume_ma_ratio,95.613628,lte,5.0835,13.7186,5.3869,15.3498
long,5m_volume_ma_ratio,98.507944,lte,5.0835,13.7186,5.3869,15.3498
long,5m_volume_ma_ratio,101.40226,lte,5.0835,13.7186,5.3869,15.3498
long,5m_volume_ma_ratio,104.296576,lte,5.0835,13.7186,5.3869,15.3498
long,5m_volume_ma_ratio,107.190892,lte,5.0835,13.7186,5.3869,15.3498
long,5m_volume_ma_ratio,110.085208,lte,5.0835,13.7186,5.3869,15.3498
long,5m_volume_ma_ratio,112.979524,lte,5.0835,13.7186,5.3869,15.3498
long,5m_volume_ma_ratio,115.87384,lte,5.0835,13.7186,5.3869,15.3498
long,5m_volume_ma_ratio,118.768156,lte,5.0835,13.7186,5.3869,15.3498
long,5m_volume_ma_ratio,121.662472,lte,5.0835,13.7186,5.3869,15.3498
long,5m_volume_ma_ratio,124.556788,lte,5.0835,13.7186,5.3869,15.3498
long,5m_volume_ma_ratio,127.451104,lte,5.0835,13.7186,5.3869,15.3498
long,5m_volume_ma_ratio,130.34542,lte,5.0835,13.7186,5.3869,15.3498
long,5m_volume_ma_ratio,133.239736,lte,5.0835,13.7186,5.3869,15.3498
long,5m_volume_ma_ratio,136.134052,lte,5.0835,13.7186,5.3869,15.3498
long,5m_volume_ma_ratio,139.028368,lte,5.0835,13.7186,5.3869,15.3498
long,5m_volume_ma_ratio,141.922684,lte,5.0835,13.7186,5.3869,15.3498
long,5m_volume_ma_ratio,144.817,lte,5.0931,0.0,5.398,0.0
long,h4_score,-60.069462,gte,5.0931,0.0,5.398,0.0
long,h4_score,-58.871288,gte,5.0908,7.1639,5.4006,3.1158
long,h4_score,-57.673114,gte,5.1018,2.5196,5.4004,4.6774
long,h4_score,-56.47494,gte,5.1033,2.8343,5.4024,4.428
long,h4_score,-55.276767,gte,5.1033,2.8343,5.4024,4.428
long,h4_score,-54.078593,gte,5.1033,2.8343,5.4024,4.428
long,h4_score,-52.880419,gte,5.1033,2.8343,5.4024,4.428
long,h4_score,-51.682245,gte,5.0944,4.9701,5.3771,7.4663
long,h4_score,-50.484072,gte,5.0944,4.9701,5.3771,7.4663
long,h4_score,-49.285898,gte,5.0972,4.7353,5.3903,6.083
long,h4_score,-48.087724,gte,5.0836,5.7411,5.4089,4.6608
long,h4_score,-46.88955,gte,5.0934,5.076,5.4309,3.3227
long,h4_score,-45.691377,gte,5.0934,5.076,5.4309,3.3227
long,h4_score,-44.493203,gte,5.1003,4.672,5.4378,3.0566
long,h4_score,-43.295029,gte,5.1003,4.672,5.4378,3.0566
long,h4_score,-42.096855,gte,5.1125,4.197,5.4538,2.8199
long,h4_score,-40.898682,gte,5.1091,4.4282,5.4409,3.6073
long,h4_score,-39.700508,gte,5.0998,4.827,5.3975,5.4191
long,h4_score,-38.502334,gte,5.1291,4.0544,5.4415,4.1422
long,h4_score,-37.30416,gte,5.1281,4.1151,5.4368,4.3151
long,h4_score,-36.105987,gte,5.1311,4.0662,5.4393,4.2814
long,h4_score,-34.907813,gte,5.1616,3.7331,5.4868,3.6354
long,h4_score,-33.709639,gte,5.1625,3.7481,5.4856,3.7007
long,h4_score,-32.511465,gte,5.1629,3.8593,5.5187,3.2642
long,h4_score,-31.313292,gte,5.1912,3.6475,5.5221,3.5693
long,h4_score,-30.115118,gte,5.1927,3.6532,5.5225,3.597
long,h4_score,-28.916944,gte,5.1949,3.6988,5.5183,3.7495
long,h4_score,-27.71877,gte,5.1289,4.6711,5.4184,5.1569
long,h4_score,-26.520596,gte,5.1234,4.7663,5.4102,5.2664
long,h4_score,-25.322423,gte,5.1455,4.5866,5.416,5.2235
long,h4_score,-24.124249,gte,5.1572,4.5327,5.4213,5.1944
long,h4_score,-22.926075,gte,5.1562,4.5542,5.432,5.1075
long,h4_score,-21.727901,gte,5.1975,4.3308,5.4729,4.8512
long,h4_score,-20.529728,gte,5.1692,4.6191,5.4279,5.2115
long,h4_score,-19.331554,gte,5.1686,4.6355,5.418,5.2768
long,h4_score,-18.13338,gte,5.1616,4.7293,5.3838,5.4736
long,h4_score,-16.935206,gte,5.1594,4.7521,5.3896,5.4413
long,h4_score,-15.737033,gte,5.146,4.8318,5.3885,5.4451
long,h4_score,-14.538859,gte,5.2483,4.5233,5.3421,5.6032
long,h4_score,-13.340685,gte,5.2453,4.5729,5.3291,5.6336
long,h4_score,-12.142511,gte,5.2376,4.6174,5.2567,5.8633
long,h4_score,-10.944338,gte,5.1891,4.8348,5.2113,5.9005
long,h4_score,-9.746164,gte,5.195,4.8353,5.2403,5.7972
long,h4_score,-8.54799,gte,5.1647,4.933,5.2185,5.7997
long,h4_score,-7.349816,gte,5.2788,4.7741,5.3737,5.4398
long,h4_score,-6.151643,gte,5.1424,5.0133,5.2546,5.6307
long,h4_score,-4.953469,gte,5.0267,5.1823,5.272,5.5671
long,h4_score,-3.755295,gte,5.0398,5.1516,5.3207,5.4828
long,h4_score,-2.557121,gte,4.6525,5.5044,4.988,5.7806
long,h4_score,-1.358948,gte,6.3426,4.9988,7.2461,5.2584
long,h4_score,-0.160774,gte,3.7943,5.0946,1.2929,5.4026
long,h4_score,-60.069462,lte,0.0,5.0931,0.0,5.398
long,h4_score,-58.871288,lte,7.1639,5.0908,3.1158,5.4006
long,h4_score,-57.673114,lte,2.5196,5.1018,4.6774,5.4004
long,h4_score,-56.47494,lte,2.8343,5.1033,4.428,5.4024
long,h4_score,-55.276767,lte,2.8343,5.1033,4.428,5.4024
long,h4_score,-54.078593,lte,2.8343,5.1033,4.428,5.4024
long,h4_score,-52.880419,lte,2.8343,5.1033,4.428,5.4024
long,h4_score,-51.682245,lte,4.9701,5.0944,7.4663,5.3771
long,h4_score,-50.484072,lte,4.9701,5.0944,7.4663,5.3771
long,h4_score,-49.285898,lte,4.7353,5.0972,6.083,5.3903
long,h4_score,-48.087724,lte,5.7411,5.0836,4.6608,5.4089
long,h4_score,-46.88955,lte,5.076,5.0934,3.3227,5.4309
long,h4_score,-45.691377,lte,5.076,5.0934,3.3227,5.4309
long,h4_score,-44.493203,lte,4.672,5.1003,3.0566,5.4378
long,h4_score,-43.295029,lte,4.672,5.1003,3.0566,5.4378
long,h4_score,-42.096855,lte,4.197,5.1125,2.8199,5.4538
long,h4_score,-40.898682,lte,4.4282,5.1091,3.6073,5.4409
long,h4_score,-39.700508,lte,4.827,5.0998,5.4191,5.3975
long,h4_score,-38.502334,lte,4.0544,5.1291,4.1422,5.4415
long,h4_score,-37.30416,lte,4.1151,5.1281,4.3151,5.4368
long,h4_score,-36.105987,lte,4.0662,5.1311,4.2814,5.4393
long,h4_score,-34.907813,lte,3.7331,5.1616,3.6354,5.4868
long,h4_score,-33.709639,lte,3.7481,5.1625,3.7007,5.4856
long,h4_score,-32.511465,lte,3.8593,5.1629,3.2642,5.5187
long,h4_score,-31.313292,lte,3.6475,5.1912,3.5693,5.5221
long,h4_score,-30.115118,lte,3.6532,5.1927,3.597,5.5225
long,h4_score,-28.916944,lte,3.6988,5.1949,3.7495,5.5183
long,h4_score,-27.71877,lte,4.6711,5.1289,5.1569,5.4184
long,h4_score,-26.520596,lte,4.7663,5.1234,5.2664,5.4102
long,h4_score,-25.322423,lte,4.5866,5.1455,5.2235,5.416
long,h4_score,-24.124249,lte,4.5327,5.1572,5.1944,5.4213
long,h4_score,-22.926075,lte,4.5542,5.1562,5.1075,5.432
long,h4_score,-21.727901,lte,4.3308,5.1975,4.8512,5.4729
long,h4_score,-20.529728,lte,4.6191,5.1692,5.2115,5.4279
long,h4_score,-19.331554,lte,4.6355,5.1686,5.2768,5.418
long,h4_score,-18.13338,lte,4.7293,5.1616,5.4736,5.3838
long,h4_score,-16.935206,lte,4.7521,5.1594,5.4413,5.3896
long,h4_score,-15.737033,lte,4.8318,5.146,5.4451,5.3885
long,h4_score,-14.538859,lte,4.5233,5.2483,5.6032,5.3421
long,h4_score,-13.340685,lte,4.5729,5.2453,5.6336,5.3291
long,h4_score,-12.142511,lte,4.6174,5.2376,5.8633,5.2567
long,h4_score,-10.944338,lte,4.8348,5.1891,5.9005,5.2113
long,h4_score,-9.746164,lte,4.8353,5.195,5.7972,5.2403
long,h4_score,-8.54799,lte,4.933,5.1647,5.7997,5.2185
long,h4_score,-7.349816,lte,4.7741,5.2788,5.4398,5.3737
long,h4_score,-6.151643,lte,5.0133,5.1424,5.6307,5.2546
long,h4_score,-4.953469,lte,5.1823,5.0267,5.5671,5.272
long,h4_score,-3.755295,lte,5.1516,5.0398,5.4828,5.3207
long,h4_score,-2.557121,lte,5.5044,4.6525,5.7806,4.988
long,h4_score,-1.358948,lte,4.9988,6.3426,5.2584,7.2461
long,h4_score,-0.160774,lte,5.0946,3.7943,5.4026,1.2929
short,15m_current_body_pct,0.005,gte,3.8598,0.0,3.4831,0.0
short,15m_current_body_pct,0.380804,gte,3.8581,3.879,3.4784,3.5382
short,15m_current_body_pct,0.756608,gte,3.965,3.3561,3.6919,2.4838
short,15m_current_body_pct,1.132412,gte,3.9822,3.5914,3.8311,2.7202
short,15m_current_body_pct,1.508216,gte,4.2631,3.3807,4.1111,2.7372
short,15m_current_body_pct,1.88402,gte,4.8339,3.2007,4.7081,2.6543
short,15m_current_body_pct,2.259824,gte,5.283,3.2004,5.017,2.7725
short,15m_current_body_pct,2.635628,gte,5.8538,3.2273,5.6763,2.7875
short,15m_current_body_pct,3.011432,gte,6.6399,3.1811,6.4132,2.7679
short,15m_current_body_pct,3.387236,gte,7.0923,3.2314,6.9633,2.8065
short,15m_current_body_pct,3.76304,gte,7.9591,3.2509,7.9617,2.8179
short,15m_current_body_pct,4.138844,gte,8.2962,3.2906,8.4916,2.8405
short,15m_current_body_pct,4.514648,gte,8.6085,3.3497,8.6892,2.924
short,15m_current_body_pct,4.890452,gte,9.2831,3.3936,8.9822,3.0104
short,15m_current_body_pct,5.266256,gte,10.5693,3.3788,10.2321,2.9993
short,15m_current_body_pct,5.64206,gte,10.9153,3.4167,10.8162,3.0226
short,15m_current_body_pct,6.017864,gte,11.407,3.4518,11.1849,3.0668
short,15m_current_body_pct,6.393668,gte,10.8656,3.5156,10.4526,3.1408
short,15m_current_body_pct,6.769472,gte,11.5011,3.5679,11.218,3.1877
short,15m_current_body_pct,7.145276,gte,12.0433,3.5766,11.8728,3.1928
short,15m_current_body_pct,7.52108,gte,11.3712,3.6356,11.4917,3.2441
short,15m_current_body_pct,7.896884,gte,12.2281,3.6592,14.3793,3.2219
short,15m_current_body_pct,8.272688,gte,10.7395,3.7109,12.4918,3.2882
short,15m_current_body_pct,8.648492,gte,11.0667,3.7122,12.9182,3.2899
short,15m_current_body_pct,9.024296,gte,11.0667,3.7122,12.9182,3.2899
short,15m_current_body_pct,9.4001,gte,10.4755,3.732,12.7283,3.3045
short,15m_current_body_pct,9.775904,gte,11.3116,3.7331,16.7842,3.2569
short,15m_current_body_pct,10.151708,gte,11.3116,3.7331,16.7842,3.2569
short,15m_current_body_pct,10.527512,gte,11.5391,3.738,17.3988,3.2625
short,15m_current_body_pct,10.903316,gte,11.0016,3.7548,17.8717,3.2715
short,15m_current_body_pct,11.27912,gte,11.0016,3.7548,17.8717,3.2715
short,15m_current_body_pct,11.654924,gte,10.3445,3.7867,19.3396,3.3044
short,15m_current_body_pct,12.030728,gte,9.468,3.8029,19.5306,3.3205
short,15m_current_body_pct,12.406532,gte,11.0441,3.8033,22.7876,3.3313
short,15m_current_body_pct,12.782336,gte,11.0441,3.8033,22.7876,3.3313
short,15m_current_body_pct,13.15814,gte,11.0441,3.8033,22.7876,3.3313
short,15m_current_body_pct,13.533944,gte,11.0441,3.8033,22.7876,3.3313
short,15m_current_body_pct,13.909748,gte,11.0441,3.8033,22.7876,3.3313
short,15m_current_body_pct,14.285552,gte,11.0441,3.8033,22.7876,3.3313
short,15m_current_body_pct,14.661356,gte,22.0422,3.7579,31.0785,3.3284
short,15m_current_body_pct,15.03716,gte,22.0422,3.7579,31.0785,3.3284
short,15m_current_body_pct,15.412964,gte,22.0422,3.7579,31.0785,3.3284
short,15m_current_body_pct,15.788768,gte,23.893,3.7701,34.2415,3.3453
short,15m_current_body_pct,16.164572,gte,27.6072,3.7801,41.1093,3.3569
short,15m_current_body_pct,16.540376,gte,32.6211,3.7955,37.4527,3.4072
short,15m_current_body_pct,16.91618,gte,32.6211,3.7955,37.4527,3.4072
short,15m_current_body_pct,17.291984,gte,32.6211,3.7955,37.4527,3.4072
short,15m_current_body_pct,17.667788,gte,32.6211,3.7955,37.4527,3.4072
short,15m_current_body_pct,18.043592,gte,32.6211,3.7955,37.4527,3.4072
short,15m_current_body_pct,18.419396,gte,34.5271,3.8256,42.3728,3.4397
short,15m_current_body_pct,18.7952,gte,34.5271,3.8256,42.3728,3.4397
short,15m_current_body_pct,0.005,lte,-4.1592,3.8687,-7.4553,3.4953
short,15m_current_body_pct,0.380804,lte,3.879,3.8581,3.5382,3.4784
short,15m_current_body_pct,0.756608,lte,3.3561,3.965,2.4838,3.6919
short,15m_current_body_pct,1.132412,lte,3.5914,3.9822,2.7202,3.8311
short,15m_current_body_pct,1.508216,lte,3.3807,4.2631,2.7372,4.1111
short,15m_current_body_pct,1.88402,lte,3.2007,4.8339,2.6543,4.7081
short,15m_current_body_pct,2.259824,lte,3.2004,5.283,2.7725,5.017
short,15m_current_body_pct,2.635628,lte,3.2273,5.8538,2.7875,5.6763
short,15m_current_body_pct,3.011432,lte,3.1811,6.6399,2.7679,6.4132
short,15m_current_body_pct,3.387236,lte,3.2314,7.0923,2.8065,6.9633
short,15m_current_body_pct,3.76304,lte,3.2509,7.9591,2.8179,7.9617
short,15m_current_body_pct,4.138844,lte,3.2906,8.2962,2.8405,8.4916
short,15m_current_body_pct,4.514648,lte,3.3497,8.6085,2.924,8.6892
short,15m_current_body_pct,4.890452,lte,3.3936,9.2831,3.0104,8.9822
short,15m_current_body_pct,5.266256,lte,3.3788,10.5693,2.9993,10.2321
short,15m_current_body_pct,5.64206,lte,3.4167,10.9153,3.0226,10.8162
short,15m_current_body_pct,6.017864,lte,3.4518,11.407,3.0668,11.1849
short,15m_current_body_pct,6.393668,lte,3.5156,10.8656,3.1408,10.4526
short,15m_current_body_pct,6.769472,lte,3.5679,11.5011,3.1877,11.218
short,15m_current_body_pct,7.145276,lte,3.5766,12.0433,3.1928,11.8728
short,15m_current_body_pct,7.52108,lte,3.6356,11.3712,3.2441,11.4917
short,15m_current_body_pct,7.896884,lte,3.6592,12.2281,3.2219,14.3793
short,15m_current_body_pct,8.272688,lte,3.7109,10.7395,3.2882,12.4918
short,15m_current_body_pct,8.648492,lte,3.7122,11.0667,3.2899,12.9182
short,15m_current_body_pct,9.024296,lte,3.7122,11.0667,3.2899,12.9182
short,15m_current_body_pct,9.4001,lte,3.732,10.4755,3.3045,12.7283
short,15m_current_body_pct,9.775904,lte,3.7331,11.3116,3.2569,16.7842
short,15m_current_body_pct,10.151708,lte,3.7331,11.3116,3.2569,16.7842
short,15m_current_body_pct,10.527512,lte,3.738,11.5391,3.2625,17.3988
short,15m_current_body_pct,10.903316,lte,3.7548,11.0016,3.2715,17.8717
short,15m_current_body_pct,11.27912,lte,3.7548,11.0016,3.2715,17.8717
short,15m_current_body_pct,11.654924,lte,3.7867,10.3445,3.3044,19.3396
short,15m_current_body_pct,12.030728,lte,3.8029,9.468,3.3205,19.5306
short,15m_current_body_pct,12.406532,lte,3.8033,11.0441,3.3313,22.7876
short,15m_current_body_pct,12.782336,lte,3.8033,11.0441,3.3313,22.7876
short,15m_current_body_pct,13.15814,lte,3.8033,11.0441,3.3313,22.7876
short,15m_current_body_pct,13.533944,lte,3.8033,11.0441,3.3313,22.7876
short,15m_current_body_pct,13.909748,lte,3.8033,11.0441,3.3313,22.7876
short,15m_current_body_pct,14.285552,lte,3.8033,11.0441,3.3313,22.7876
short,15m_current_body_pct,14.661356,lte,3.7579,22.0422,3.3284,31.0785
short,15m_current_body_pct,15.03716,lte,3.7579,22.0422,3.3284,31.0785
short,15m_current_body_pct,15.412964,lte,3.7579,22.0422,3.3284,31.0785
short,15m_current_body_pct,15.788768,lte,3.7701,23.893,3.3453,34.2415
short,15m_current_body_pct,16.164572,lte,3.7801,27.6072,3.3569,41.1093
short,15m_current_body_pct,16.540376,lte,3.7955,32.6211,3.4072,37.4527
short,15m_current_body_pct,16.91618,lte,3.7955,32.6211,3.4072,37.4527
short,15m_current_body_pct,17.291984,lte,3.7955,32.6211,3.4072,37.4527
short,15m_current_body_pct,17.667788,lte,3.7955,32.6211,3.4072,37.4527
short,15m_current_body_pct,18.043592,lte,3.7955,32.6211,3.4072,37.4527
short,15m_current_body_pct,18.419396,lte,3.8256,34.5271,3.4397,42.3728
short,15m_current_body_pct,18.7952,lte,3.8598,0.0,3.4831,0.0
short,15m_current_close_position,0.0,gte,3.8598,0.0,3.4831,0.0
short,15m_current_close_position,0.02,gte,3.8585,3.9075,3.4767,3.7172
short,15m_current_close_position,0.04,gte,3.8461,4.1132,3.4197,4.6563
short,15m_current_close_position,0.06,gte,3.8058,4.3964,3.3462,4.8444
short,15m_current_close_position,0.08,gte,3.784,4.3555,3.4003,4.0246
short,15m_current_close_position,0.1,gte,3.7273,4.4842,3.3258,4.2246
short,15m_current_close_position,0.12,gte,3.6717,4.528,3.2142,4.4386
short,15m_current_close_position,0.14,gte,3.6839,4.3525,3.2086,4.2521
short,15m_current_close_position,0.16,gte,3.6143,4.421,3.0705,4.4263
short,15m_current_close_position,0.18,gte,3.5691,4.4326,3.1138,4.2108
short,15m_current_close_position,0.2,gte,3.5328,4.4084,3.1258,4.0826
short,15m_current_close_position,0.22,gte,3.4001,4.5115,2.9848,4.1896
short,15m_current_close_position,0.24,gte,3.4077,4.4165,2.9932,4.0863
short,15m_current_close_position,0.26,gte,3.1712,4.5782,2.6852,4.3155
short,15m_current_close_position,0.28,gte,3.1165,4.5755,2.6568,4.2787
short,15m_current_close_position,0.3,gte,3.0772,4.5519,2.5998,4.2644
short,15m_current_close_position,0.32,gte,3.0432,4.4936,2.6012,4.1677
short,15m_current_close_position,0.34,gte,3.0468,4.4359,2.6482,4.0747
short,15m_current_close_position,0.36,gte,2.9173,4.48,2.5116,4.1224
short,15m_current_close_position,0.38,gte,2.8563,4.4637,2.4087,4.1297
short,15m_current_close_position,0.4,gte,2.7852,4.4674,2.4455,4.0699
short,15m_current_close_position,0.42,gte,2.8024,4.3938,2.414,4.0231
short,15m_current_close_position,0.44,gte,2.7253,4.4074,2.3618,4.0243
short,15m_current_close_position,0.46,gte,2.7755,4.3342,2.4934,3.9161
short,15m_current_close_position,0.48,gte,2.5984,4.3719,2.2694,3.9758
short,15m_current_close_position,0.5,gte,2.5043,4.3749,2.0282,4.036
short,15m_current_close_position,0.52,gte,2.586,4.3016,2.2138,3.9234
short,15m_current_close_position,0.54,gte,2.6653,4.2433,2.1754,3.903
short,15m_current_close_position,0.56,gte,2.7509,4.1925,2.4726,3.7863
short,15m_current_close_position,0.58,gte,2.5825,4.2076,2.2698,3.8136
short,15m_current_close_position,0.6,gte,2.5513,4.186,2.4506,3.7405
short,15m_current_close_position,0.62,gte,2.684,4.1307,2.3931,3.7343
short,15m_current_close_position,0.64,gte,2.3676,4.1764,2.2383,3.7472
short,15m_current_close_position,0.66,gte,2.2705,4.1587,2.0544,3.7518
short,15m_current_close_position,0.68,gte,2.1971,4.1391,1.9485,3.7409
short,15m_current_close_position,0.7,gte,2.0325,4.1474,2.5444,3.6309
short,15m_current_close_position,0.72,gte,1.7246,4.1675,2.3283,3.6496
short,15m_current_close_position,0.74,gte,1.8153,4.1338,2.4504,3.6215
short,15m_current_close_position,0.76,gte,1.5687,4.1408,2.2355,3.6361
short,15m_current_close_position,0.78,gte,1.1285,4.1383,1.6453,3.6705
short,15m_current_close_position,0.8,gte,0.9516,4.1485,1.2188,3.7079
short,15m_current_close_position,0.82,gte,1.3451,4.0892,1.628,3.6524
short,15m_current_close_position,0.84,gte,1.8464,4.0093,1.7307,3.6132
short,15m_current_close_position,0.86,gte,1.4528,4.017,1.1173,3.6377
short,15m_current_close_position,0.88,gte,1.8445,3.9637,1.3891,3.5911
short,15m_current_close_position,0.9,gte,1.9248,3.9407,1.1947,3.5788
short,15m_current_close_position,0.92,gte,1.7207,3.9262,0.0468,3.5898
short,15m_current_close_position,0.94,gte,0.7699,3.9195,-1.5007,3.5794
short,15m_current_close_position,0.96,gte,1.1803,3.8778,-1.8238,3.5189
short,15m_current_close_position,0.98,gte,0.7831,3.8701,-2.923,3.5046
short,15m_current_close_position,1.0,gte,3.2547,3.8605,3.8208,3.4827
short,15m_current_close_position,0.0,lte,2.4328,3.8759,2.5259,3.4939
short,15m_current_close_position,0.02,lte,3.9075,3.8585,3.7172,3.4767
short,15m_current_close_position,0.04,lte,4.1132,3.8461,4.6563,3.4197
short,15m_current_close_position,0.06,lte,4.3778,3.807,4.8406,3.3447
short,15m_current_close_position,0.08,lte,4.3311,3.787,3.9836,3.4058
short,15m_current_close_position,0.1,lte,4.4795,3.7273,4.212,3.3273
short,15m_current_close_position,0.12,lte,4.5119,3.6739,4.4666,3.2027
short,15m_current_close_position,0.14,lte,4.3525,3.6839,4.2521,3.2086
short,15m_current_close_position,0.16,lte,4.421,3.6143,4.4263,3.0705
short,15m_current_close_position,0.18,lte,4.4326,3.5691,4.2108,3.1138
short,15m_current_close_position,0.2,lte,4.41,3.5303,4.0717,3.1306
short,15m_current_close_position,0.22,lte,4.5115,3.4001,4.1896,2.9848
short,15m_current_close_position,0.24,lte,4.4125,3.4089,4.0864,2.991
short,15m_current_close_position,0.26,lte,4.5782,3.1712,4.3155,2.6852
short,15m_current_close_position,0.28,lte,4.5755,3.1165,4.2787,2.6568
short,15m_current_close_position,0.3,lte,4.5296,3.0956,4.2422,2.6172
short,15m_current_close_position,0.32,lte,4.4936,3.0432,4.1677,2.6012
short,15m_current_close_position,0.34,lte,4.4359,3.0468,4.0747,2.6482
short,15m_current_close_position,0.36,lte,4.476,2.919,4.1186,2.5129
short,15m_current_close_position,0.38,lte,4.4637,2.8563,4.1297,2.4087
short,15m_current_close_position,0.4,lte,4.4718,2.767,4.048,2.4743
short,15m_current_close_position,0.42,lte,4.3938,2.8024,4.0231,2.414
short,15m_current_close_position,0.44,lte,4.4074,2.7253,4.0243,2.3618
short,15m_current_close_position,0.46,lte,4.3342,2.7755,3.9161,2.4934
short,15m_current_close_position,0.48,lte,4.3719,2.5984,3.9758,2.2694
short,15m_current_close_position,0.5,lte,4.3781,2.4805,4.0439,1.9908
short,15m_current_close_position,0.52,lte,4.2982,2.5882,3.92,2.2161
short,15m_current_close_position,0.54,lte,4.2433,2.6653,3.903,2.1754
short,15m_current_close_position,0.56,lte,4.1925,2.7509,3.7863,2.4726
short,15m_current_close_position,0.58,lte,4.206,2.58,3.7995,2.3137
short,15m_current_close_position,0.6,lte,4.186,2.5513,3.7405,2.4506
short,15m_current_close_position,0.62,lte,4.1307,2.684,3.7343,2.3931
short,15m_current_close_position,0.64,lte,4.1764,2.3676,3.7472,2.2383
short,15m_current_close_position,0.66,lte,4.1587,2.2705,3.7518,2.0544
short,15m_current_close_position,0.68,lte,4.1391,2.1971,3.7409,1.9485
short,15m_current_close_position,0.7,lte,4.1474,2.0325,3.6309,2.5444
short,15m_current_close_position,0.72,lte,4.1675,1.7246,3.6496,2.3283
short,15m_current_close_position,0.74,lte,4.1338,1.8153,3.6215,2.4504
short,15m_current_close_position,0.76,lte,4.1408,1.5687,3.6361,2.2355
short,15m_current_close_position,0.78,lte,4.1383,1.1285,3.6705,1.6453
short,15m_current_close_position,0.8,lte,4.1485,0.9516,3.7079,1.2188
short,15m_current_close_position,0.82,lte,4.0892,1.3451,3.6524,1.628
short,15m_current_close_position,0.84,lte,4.0093,1.8464,3.6132,1.7307
short,15m_current_close_position,0.86,lte,4.017,1.4528,3.6377,1.1173
short,15m_current_close_position,0.88,lte,3.9637,1.8445,3.5911,1.3891
short,15m_current_close_position,0.9,lte,3.9407,1.9248,3.5788,1.1947
short,15m_current_close_position,0.92,lte,3.9262,1.7207,3.5898,0.0468
short,15m_current_close_position,0.94,lte,3.9195,0.7699,3.5794,-1.5007
short,15m_current_close_position,0.96,lte,3.8778,1.1803,3.5189,-1.8238
short,15m_current_close_position,0.98,lte,3.8701,0.7831,3.5046,-2.923
short,15m_current_close_position,1.0,lte,3.8598,0.0,3.4831,0.0
short,15m_current_compression,0.0,gte,3.8598,0.0,3.4831,0.0
short,15m_current_compression,1.9,gte,2.7747,4.2884,2.5906,3.8357
short,15m_current_compression,3.8,gte,2.4627,4.1226,2.22,3.7207
short,15m_current_compression,5.7,gte,2.3889,4.0718,2.2047,3.6674
short,15m_current_compression,7.6,gte,2.252,4.0303,2.1064,3.6291
short,15m_current_compression,9.5,gte,2.2965,4.0024,2.087,3.6105
short,15m_current_compression,11.4,gte,1.968,3.9978,1.6943,3.6136
short,15m_current_compression,13.3,gte,1.9389,3.9804,1.7461,3.5922
short,15m_current_compression,15.2,gte,2.162,3.9516,2.0147,3.5625
short,15m_current_compression,17.1,gte,1.9496,3.9536,1.9591,3.558
short,15m_current_compression,19.0,gte,1.8848,3.9448,1.7719,3.5567
short,15m_current_compression,0.0,lte,4.4283,3.0038,3.9479,2.7833
short,15m_current_compression,1.9,lte,4.2884,2.7747,3.8357,2.5906
short,15m_current_compression,3.8,lte,4.1226,2.4627,3.7207,2.22
short,15m_current_compression,5.7,lte,4.0718,2.3889,3.6674,2.2047
short,15m_current_compression,7.6,lte,4.0303,2.252,3.6291,2.1064
short,15m_current_compression,9.5,lte,4.0024,2.2965,3.6105,2.087
short,15m_current_compression,11.4,lte,3.9978,1.968,3.6136,1.6943
short,15m_current_compression,13.3,lte,3.9804,1.9389,3.5922,1.7461
short,15m_current_compression,15.2,lte,3.9516,2.162,3.5625,2.0147
short,15m_current_compression,17.1,lte,3.9536,1.9496,3.558,1.9591
short,15m_current_compression,19.0,lte,3.8598,0.0,3.4831,0.0
short,15m_current_ma20_distance_pct,-33.4893,gte,3.8598,0.0,3.4831,0.0
short,15m_current_ma20_distance_pct,-31.90905,gte,3.8596,3.9244,3.5182,-12.1949
short,15m_current_ma20_distance_pct,-30.3288,gte,3.8497,6.8725,3.5312,-10.8554
short,15m_current_ma20_distance_pct,-28.74855,gte,3.8497,6.8725,3.5312,-10.8554
short,15m_current_ma20_distance_pct,-27.1683,gte,3.8497,6.8725,3.5312,-10.8554
short,15m_current_ma20_distance_pct,-25.58805,gte,3.8497,6.8725,3.5312,-10.8554
short,15m_current_ma20_distance_pct,-24.0078,gte,3.8497,6.8725,3.5312,-10.8554
short,15m_current_ma20_distance_pct,-22.42755,gte,3.8497,6.8725,3.5312,-10.8554
short,15m_current_ma20_distance_pct,-20.8473,gte,3.8497,6.8725,3.5312,-10.8554
short,15m_current_ma20_distance_pct,-19.26705,gte,3.8189,11.161,3.4769,4.5925
short,15m_current_ma20_distance_pct,-17.6868,gte,3.7995,12.8074,3.4628,6.4983
short,15m_current_ma20_distance_pct,-16.10655,gte,3.7995,12.8074,3.4628,6.4983
short,15m_current_ma20_distance_pct,-14.5263,gte,3.7774,10.4952,3.4144,9.016
short,15m_current_ma20_distance_pct,-12.94605,gte,3.7686,9.61,3.4208,7.4165
short,15m_current_ma20_distance_pct,-11.3658,gte,3.7291,9.5899,3.4096,6.7067
short,15m_current_ma20_distance_pct,-9.78555,gte,3.6806,9.4207,3.3334,8.1301
short,15m_current_ma20_distance_pct,-8.2053,gte,3.6216,8.9637,3.2599,8.2657
short,15m_current_ma20_distance_pct,-6.62505,gte,3.5605,8.2704,3.2366,7.1165
short,15m_current_ma20_distance_pct,-5.0448,gte,3.4839,6.9241,3.1086,6.5367
short,15m_current_ma20_distance_pct,-3.46455,gte,3.3873,5.956,3.0957,5.202
short,15m_current_ma20_distance_pct,-1.8843,gte,3.2454,5.3172,2.9479,4.7527
short,15m_current_ma20_distance_pct,-0.30405,gte,3.3399,4.4942,2.9767,4.1011
short,15m_current_ma20_distance_pct,1.2762,gte,3.4242,4.1684,2.9042,3.8933
short,15m_current_ma20_distance_pct,2.85645,gte,3.6159,3.962,3.2106,3.5974
short,15m_current_ma20_distance_pct,4.4367,gte,4.1196,3.7927,3.6886,3.4301
short,15m_current_ma20_distance_pct,6.01695,gte,4.2311,3.798,3.6033,3.4631
short,15m_current_ma20_distance_pct,7.5972,gte,4.246,3.8178,3.9563,3.4317
short,15m_current_ma20_distance_pct,9.17745,gte,5.6944,3.7117,5.1585,3.3479
short,15m_current_ma20_distance_pct,10.7577,gte,6.3958,3.6973,6.3027,3.3025
short,15m_current_ma20_distance_pct,12.33795,gte,6.8406,3.7023,6.6098,3.318
short,15m_current_ma20_distance_pct,13.9182,gte,6.2095,3.77,5.454,3.4078
short,15m_current_ma20_distance_pct,15.49845,gte,6.5712,3.7692,4.4713,3.4501
short,15m_current_ma20_distance_pct,17.0787,gte,4.9598,3.8308,3.0029,3.4958
short,15m_current_ma20_distance_pct,18.65895,gte,5.0615,3.8366,4.5162,3.4632
short,15m_current_ma20_distance_pct,20.2392,gte,5.4447,3.831,4.9231,3.457
short,15m_current_ma20_distance_pct,21.81945,gte,5.3193,3.84,4.6894,3.4668
short,15m_current_ma20_distance_pct,23.3997,gte,2.4895,3.8752,3.5807,3.482
short,15m_current_ma20_distance_pct,24.97995,gte,2.071,3.8779,2.9327,3.4887
short,15m_current_ma20_distance_pct,26.5602,gte,0.6659,3.8849,2.666,3.4895
short,15m_current_ma20_distance_pct,28.14045,gte,0.6659,3.8849,2.666,3.4895
short,15m_current_ma20_distance_pct,29.7207,gte,0.6659,3.8849,2.666,3.4895
short,15m_current_ma20_distance_pct,31.30095,gte,-0.4678,3.884,-0.4623,3.5052
short,15m_current_ma20_distance_pct,32.8812,gte,8.5984,3.8439,11.7277,3.4555
short,15m_current_ma20_distance_pct,34.46145,gte,8.5984,3.8439,11.7277,3.4555
short,15m_current_ma20_distance_pct,36.0417,gte,9.8594,3.8464,14.1481,3.4593
short,15m_current_ma20_distance_pct,37.62195,gte,9.8594,3.8464,14.1481,3.4593
short,15m_current_ma20_distance_pct,39.2022,gte,9.8594,3.8464,14.1481,3.4593
short,15m_current_ma20_distance_pct,40.78245,gte,29.3423,3.8313,38.8145,3.4437
short,15m_current_ma20_distance_pct,42.3627,gte,29.3423,3.8313,38.8145,3.4437
short,15m_current_ma20_distance_pct,43.94295,gte,29.3423,3.8313,38.8145,3.4437
short,15m_current_ma20_distance_pct,45.5232,gte,29.3423,3.8313,38.8145,3.4437
short,15m_current_ma20_distance_pct,-33.4893,lte,12.7507,3.8499,13.638,3.4718
short,15m_current_ma20_distance_pct,-31.90905,lte,3.9244,3.8596,-12.1949,3.5182
short,15m_current_ma20_distance_pct,-30.3288,lte,6.8725,3.8497,-10.8554,3.5312
short,15m_current_ma20_distance_pct,-28.74855,lte,6.8725,3.8497,-10.8554,3.5312
short,15m_current_ma20_distance_pct,-27.1683,lte,6.8725,3.8497,-10.8554,3.5312
short,15m_current_ma20_distance_pct,-25.58805,lte,6.8725,3.8497,-10.8554,3.5312
short,15m_current_ma20_distance_pct,-24.0078,lte,6.8725,3.8497,-10.8554,3.5312
short,15m_current_ma20_distance_pct,-22.42755,lte,6.8725,3.8497,-10.8554,3.5312
short,15m_current_ma20_distance_pct,-20.8473,lte,6.8725,3.8497,-10.8554,3.5312
short,15m_current_ma20_distance_pct,-19.26705,lte,11.161,3.8189,4.5925,3.4769
short,15m_current_ma20_distance_pct,-17.6868,lte,12.8074,3.7995,6.4983,3.4628
short,15m_current_ma20_distance_pct,-16.10655,lte,12.8074,3.7995,6.4983,3.4628
short,15m_current_ma20_distance_pct,-14.5263,lte,10.4952,3.7774,9.016,3.4144
short,15m_current_ma20_distance_pct,-12.94605,lte,9.61,3.7686,7.4165,3.4208
short,15m_current_ma20_distance_pct,-11.3658,lte,9.5899,3.7291,6.7067,3.4096
short,15m_current_ma20_distance_pct,-9.78555,lte,9.4207,3.6806,8.1301,3.3334
short,15m_current_ma20_distance_pct,-8.2053,lte,8.9637,3.6216,8.2657,3.2599
short,15m_current_ma20_distance_pct,-6.62505,lte,8.2704,3.5605,7.1165,3.2366
short,15m_current_ma20_distance_pct,-5.0448,lte,6.9241,3.4839,6.5367,3.1086
short,15m_current_ma20_distance_pct,-3.46455,lte,5.956,3.3873,5.202,3.0957
short,15m_current_ma20_distance_pct,-1.8843,lte,5.3172,3.2454,4.7527,2.9479
short,15m_current_ma20_distance_pct,-0.30405,lte,4.4942,3.3399,4.1011,2.9767
short,15m_current_ma20_distance_pct,1.2762,lte,4.1684,3.4242,3.8933,2.9042
short,15m_current_ma20_distance_pct,2.85645,lte,3.962,3.6159,3.5974,3.2106
short,15m_current_ma20_distance_pct,4.4367,lte,3.7927,4.1196,3.4301,3.6886
short,15m_current_ma20_distance_pct,6.01695,lte,3.798,4.2311,3.4631,3.6033
short,15m_current_ma20_distance_pct,7.5972,lte,3.8178,4.246,3.4317,3.9563
short,15m_current_ma20_distance_pct,9.17745,lte,3.7117,5.6944,3.3479,5.1585
short,15m_current_ma20_distance_pct,10.7577,lte,3.6973,6.3958,3.3025,6.3027
short,15m_current_ma20_distance_pct,12.33795,lte,3.7023,6.8406,3.318,6.6098
short,15m_current_ma20_distance_pct,13.9182,lte,3.77,6.2095,3.4078,5.454
short,15m_current_ma20_distance_pct,15.49845,lte,3.7692,6.5712,3.4501,4.4713
short,15m_current_ma20_distance_pct,17.0787,lte,3.8308,4.9598,3.4958,3.0029
short,15m_current_ma20_distance_pct,18.65895,lte,3.8366,5.0615,3.4632,4.5162
short,15m_current_ma20_distance_pct,20.2392,lte,3.831,5.4447,3.457,4.9231
short,15m_current_ma20_distance_pct,21.81945,lte,3.84,5.3193,3.4668,4.6894
short,15m_current_ma20_distance_pct,23.3997,lte,3.8752,2.4895,3.482,3.5807
short,15m_current_ma20_distance_pct,24.97995,lte,3.8779,2.071,3.4887,2.9327
short,15m_current_ma20_distance_pct,26.5602,lte,3.8849,0.6659,3.4895,2.666
short,15m_current_ma20_distance_pct,28.14045,lte,3.8849,0.6659,3.4895,2.666
short,15m_current_ma20_distance_pct,29.7207,lte,3.8849,0.6659,3.4895,2.666
short,15m_current_ma20_distance_pct,31.30095,lte,3.884,-0.4678,3.5052,-0.4623
short,15m_current_ma20_distance_pct,32.8812,lte,3.8439,8.5984,3.4555,11.7277
short,15m_current_ma20_distance_pct,34.46145,lte,3.8439,8.5984,3.4555,11.7277
short,15m_current_ma20_distance_pct,36.0417,lte,3.8464,9.8594,3.4593,14.1481
short,15m_current_ma20_distance_pct,37.62195,lte,3.8464,9.8594,3.4593,14.1481
short,15m_current_ma20_distance_pct,39.2022,lte,3.8464,9.8594,3.4593,14.1481
short,15m_current_ma20_distance_pct,40.78245,lte,3.8313,29.3423,3.4437,38.8145
short,15m_current_ma20_distance_pct,42.3627,lte,3.8313,29.3423,3.4437,38.8145
short,15m_current_ma20_distance_pct,43.94295,lte,3.8313,29.3423,3.4437,38.8145
short,15m_current_ma20_distance_pct,45.5232,lte,3.8598,0.0,3.4831,0.0
short,15m_current_range_pct,1.4832,gte,3.8598,0.0,3.4831,0.0
short,15m_current_range_pct,2.163756,gte,4.3084,2.6725,4.0161,2.0727
short,15m_current_range_pct,2.844312,gte,4.8807,2.751,4.4855,2.3944
short,15m_current_range_pct,3.524868,gte,5.279,2.9084,4.7022,2.6658
short,15m_current_range_pct,4.205424,gte,5.6206,3.0935,5.1801,2.7446
short,15m_current_range_pct,4.88598,gte,5.9951,3.2549,5.3927,2.9422
short,15m_current_range_pct,5.566536,gte,6.4093,3.3063,6.2662,2.8789
short,15m_current_range_pct,6.247092,gte,6.8547,3.343,6.6791,2.9317
short,15m_current_range_pct,6.927648,gte,7.5471,3.3762,7.7665,2.9214
short,15m_current_range_pct,7.608204,gte,8.0571,3.4318,8.105,3.0118
short,15m_current_range_pct,8.28876,gte,7.9907,3.5101,7.747,3.1222
short,15m_current_range_pct,8.969316,gte,8.76,3.5459,7.8769,3.2017
short,15m_current_range_pct,9.649872,gte,8.5092,3.6142,8.2667,3.2305
short,15m_current_range_pct,10.330428,gte,8.7341,3.6323,9.0303,3.2242
short,15m_current_range_pct,11.010984,gte,9.4437,3.6263,9.7623,3.2206
short,15m_current_range_pct,11.69154,gte,10.7347,3.6137,11.4082,3.1994
short,15m_current_range_pct,12.372096,gte,10.9827,3.6387,11.056,3.2481
short,15m_current_range_pct,13.052652,gte,11.4115,3.6699,14.8933,3.1962
short,15m_current_range_pct,13.733208,gte,11.0141,3.7133,16.3493,3.2196
short,15m_current_range_pct,14.413764,gte,11.6087,3.7191,17.4395,3.2297
short,15m_current_range_pct,15.09432,gte,11.7171,3.7352,17.8463,3.2554
short,15m_current_range_pct,15.774876,gte,11.3457,3.7583,18.7484,3.2761
short,15m_current_range_pct,16.455432,gte,16.5347,3.7169,24.4754,3.2465
short,15m_current_range_pct,17.135988,gte,16.5347,3.7169,24.4754,3.2465
short,15m_current_range_pct,17.816544,gte,19.5945,3.7182,29.8214,3.2461
short,15m_current_range_pct,18.4971,gte,19.5945,3.7182,29.8214,3.2461
short,15m_current_range_pct,19.177656,gte,22.3219,3.7355,31.0482,3.2975
short,15m_current_range_pct,19.858212,gte,22.3219,3.7355,31.0482,3.2975
short,15m_current_range_pct,20.538768,gte,22.3219,3.7355,31.0482,3.2975
short,15m_current_range_pct,21.219324,gte,19.8809,3.77,28.7833,3.3413
short,15m_current_range_pct,21.89988,gte,19.8809,3.77,28.7833,3.3413
short,15m_current_range_pct,22.580436,gte,19.8809,3.77,28.7833,3.3413
short,15m_current_range_pct,23.260992,gte,19.8809,3.77,28.7833,3.3413
short,15m_current_range_pct,23.941548,gte,17.1724,3.8002,27.8459,3.374
short,15m_current_range_pct,24.622104,gte,12.4458,3.8406,27.6489,3.4291
short,15m_current_range_pct,25.30266,gte,12.4458,3.8406,27.6489,3.4291
short,15m_current_range_pct,25.983216,gte,12.4458,3.8406,27.6489,3.4291
short,15m_current_range_pct,26.663772,gte,12.4458,3.8406,27.6489,3.4291
short,15m_current_range_pct,27.344328,gte,12.4458,3.8406,27.6489,3.4291
short,15m_current_range_pct,28.024884,gte,12.4458,3.8406,27.6489,3.4291
short,15m_current_range_pct,28.70544,gte,12.4458,3.8406,27.6489,3.4291
short,15m_current_range_pct,29.385996,gte,12.4458,3.8406,27.6489,3.4291
short,15m_current_range_pct,30.066552,gte,7.3123,3.8559,6.8753,3.4793
short,15m_current_range_pct,30.747108,gte,7.3123,3.8559,6.8753,3.4793
short,15m_current_range_pct,31.427664,gte,7.3123,3.8559,6.8753,3.4793
short,15m_current_range_pct,32.10822,gte,7.3123,3.8559,6.8753,3.4793
short,15m_current_range_pct,32.788776,gte,7.3123,3.8559,6.8753,3.4793
short,15m_current_range_pct,33.469332,gte,7.3123,3.8559,6.8753,3.4793
short,15m_current_range_pct,34.149888,gte,7.3123,3.8559,6.8753,3.4793
short,15m_current_range_pct,34.830444,gte,7.3123,3.8559,6.8753,3.4793
short,15m_current_range_pct,35.511,gte,7.3123,3.8559,6.8753,3.4793
short,15m_current_range_pct,1.4832,lte,-4.1101,3.8687,-8.5917,3.4966
short,15m_current_range_pct,2.163756,lte,2.6725,4.3084,2.0727,4.0161
short,15m_current_range_pct,2.844312,lte,2.751,4.8807,2.3944,4.4855
short,15m_current_range_pct,3.524868,lte,2.9084,5.279,2.6658,4.7022
short,15m_current_range_pct,4.205424,lte,3.0935,5.6206,2.7446,5.1801
short,15m_current_range_pct,4.88598,lte,3.2549,5.9951,2.9422,5.3927
short,15m_current_range_pct,5.566536,lte,3.3063,6.4093,2.8789,6.2662
short,15m_current_range_pct,6.247092,lte,3.343,6.8547,2.9317,6.6791
short,15m_current_range_pct,6.927648,lte,3.3762,7.5471,2.9214,7.7665
short,15m_current_range_pct,7.608204,lte,3.4318,8.0571,3.0118,8.105
short,15m_current_range_pct,8.28876,lte,3.5101,7.9907,3.1222,7.747
short,15m_current_range_pct,8.969316,lte,3.5459,8.76,3.2017,7.8769
short,15m_current_range_pct,9.649872,lte,3.6142,8.5092,3.2305,8.2667
short,15m_current_range_pct,10.330428,lte,3.6323,8.7341,3.2242,9.0303
short,15m_current_range_pct,11.010984,lte,3.6263,9.4437,3.2206,9.7623
short,15m_current_range_pct,11.69154,lte,3.6137,10.7347,3.1994,11.4082
short,15m_current_range_pct,12.372096,lte,3.6387,10.9827,3.2481,11.056
short,15m_current_range_pct,13.052652,lte,3.6699,11.4115,3.1962,14.8933
short,15m_current_range_pct,13.733208,lte,3.7133,11.0141,3.2196,16.3493
short,15m_current_range_pct,14.413764,lte,3.7191,11.6087,3.2297,17.4395
short,15m_current_range_pct,15.09432,lte,3.7352,11.7171,3.2554,17.8463
short,15m_current_range_pct,15.774876,lte,3.7583,11.3457,3.2761,18.7484
short,15m_current_range_pct,16.455432,lte,3.7169,16.5347,3.2465,24.4754
short,15m_current_range_pct,17.135988,lte,3.7169,16.5347,3.2465,24.4754
short,15m_current_range_pct,17.816544,lte,3.7182,19.5945,3.2461,29.8214
short,15m_current_range_pct,18.4971,lte,3.7182,19.5945,3.2461,29.8214
short,15m_current_range_pct,19.177656,lte,3.7355,22.3219,3.2975,31.0482
short,15m_current_range_pct,19.858212,lte,3.7355,22.3219,3.2975,31.0482
short,15m_current_range_pct,20.538768,lte,3.7355,22.3219,3.2975,31.0482
short,15m_current_range_pct,21.219324,lte,3.77,19.8809,3.3413,28.7833
short,15m_current_range_pct,21.89988,lte,3.77,19.8809,3.3413,28.7833
short,15m_current_range_pct,22.580436,lte,3.77,19.8809,3.3413,28.7833
short,15m_current_range_pct,23.260992,lte,3.77,19.8809,3.3413,28.7833
short,15m_current_range_pct,23.941548,lte,3.8002,17.1724,3.374,27.8459
short,15m_current_range_pct,24.622104,lte,3.8406,12.4458,3.4291,27.6489
short,15m_current_range_pct,25.30266,lte,3.8406,12.4458,3.4291,27.6489
short,15m_current_range_pct,25.983216,lte,3.8406,12.4458,3.4291,27.6489
short,15m_current_range_pct,26.663772,lte,3.8406,12.4458,3.4291,27.6489
short,15m_current_range_pct,27.344328,lte,3.8406,12.4458,3.4291,27.6489
short,15m_current_range_pct,28.024884,lte,3.8406,12.4458,3.4291,27.6489
short,15m_current_range_pct,28.70544,lte,3.8406,12.4458,3.4291,27.6489
short,15m_current_range_pct,29.385996,lte,3.8406,12.4458,3.4291,27.6489
short,15m_current_range_pct,30.066552,lte,3.8559,7.3123,3.4793,6.8753
short,15m_current_range_pct,30.747108,lte,3.8559,7.3123,3.4793,6.8753
short,15m_current_range_pct,31.427664,lte,3.8559,7.3123,3.4793,6.8753
short,15m_current_range_pct,32.10822,lte,3.8559,7.3123,3.4793,6.8753
short,15m_current_range_pct,32.788776,lte,3.8559,7.3123,3.4793,6.8753
short,15m_current_range_pct,33.469332,lte,3.8559,7.3123,3.4793,6.8753
short,15m_current_range_pct,34.149888,lte,3.8559,7.3123,3.4793,6.8753
short,15m_current_range_pct,34.830444,lte,3.8559,7.3123,3.4793,6.8753
short,15m_current_range_pct,35.511,lte,3.8598,0.0,3.4831,0.0
short,15m_current_return_pct,-18.7952,gte,3.8598,0.0,3.4831,0.0
short,15m_current_return_pct,-18.130754,gte,3.8256,34.5271,3.4397,42.3728
short,15m_current_return_pct,-17.466308,gte,3.7955,32.6211,3.4072,37.4527
short,15m_current_return_pct,-16.801862,gte,3.7955,32.6211,3.4072,37.4527
short,15m_current_return_pct,-16.137416,gte,3.7801,27.6072,3.3569,41.1093
short,15m_current_return_pct,-15.47297,gte,3.7701,23.893,3.3453,34.2415
short,15m_current_return_pct,-14.808524,gte,3.7579,22.0422,3.3284,31.0785
short,15m_current_return_pct,-14.144078,gte,3.7456,20.8181,3.2827,33.2493
short,15m_current_return_pct,-13.479632,gte,3.7456,20.8181,3.2827,33.2493
short,15m_current_return_pct,-12.815186,gte,3.7456,20.8181,3.2827,33.2493
short,15m_current_return_pct,-12.15074,gte,3.7456,20.8181,3.2827,33.2493
short,15m_current_return_pct,-11.486294,gte,3.7218,17.4699,3.2564,25.8568
short,15m_current_return_pct,-10.821848,gte,3.6932,17.2755,3.2296,23.9025
short,15m_current_return_pct,-10.157402,gte,3.6714,16.668,3.2149,21.7199
short,15m_current_return_pct,-9.492956,gte,3.6703,15.8083,3.2553,17.8501
short,15m_current_return_pct,-8.82851,gte,3.6504,15.3881,3.2477,16.4452
short,15m_current_return_pct,-8.164064,gte,3.628,15.1783,3.2185,16.4078
short,15m_current_return_pct,-7.499618,gte,3.5734,14.2775,3.2016,13.7242
short,15m_current_return_pct,-6.835172,gte,3.5186,14.0719,3.164,13.036
short,15m_current_return_pct,-6.170726,gte,3.4035,13.6367,3.0535,12.6886
short,15m_current_return_pct,-5.50628,gte,3.3544,12.9996,2.9993,12.2337
short,15m_current_return_pct,-4.841834,gte,3.35,10.6078,3.0299,9.4834
short,15m_current_return_pct,-4.177388,gte,3.2732,9.7692,2.9271,9.085
short,15m_current_return_pct,-3.512942,gte,3.1639,8.5452,2.8278,7.8949
short,15m_current_return_pct,-2.848496,gte,3.1143,7.1919,2.7834,6.6107
short,15m_current_return_pct,-2.18405,gte,3.0639,5.8745,2.7247,5.403
short,15m_current_return_pct,-1.519604,gte,3.0122,4.8757,2.6421,4.4911
short,15m_current_return_pct,-0.855158,gte,2.9796,4.3456,2.7028,3.9138
short,15m_current_return_pct,-0.190712,gte,3.0581,4.1266,3.0728,3.6197
short,15m_current_return_pct,0.473734,gte,2.7139,4.1219,2.8033,3.6386
short,15m_current_return_pct,1.13818,gte,1.3209,4.1783,2.1726,3.6476
short,15m_current_return_pct,1.802626,gte,1.6337,4.0108,2.8707,3.5247
short,15m_current_return_pct,2.467072,gte,0.5872,3.9848,1.8315,3.5462
short,15m_current_return_pct,3.131518,gte,1.8722,3.9098,5.2902,3.4377
short,15m_current_return_pct,3.795964,gte,0.7396,3.9201,5.1199,3.4515
short,15m_current_return_pct,4.46041,gte,0.5172,3.9089,5.3372,3.4559
short,15m_current_return_pct,5.124856,gte,0.5529,3.8971,5.0731,3.4652
short,15m_current_return_pct,5.789302,gte,-4.2615,3.9237,0.4603,3.5069
short,15m_current_return_pct,6.453748,gte,-5.3641,3.9115,0.0151,3.5026
short,15m_current_return_pct,7.118194,gte,-10.5685,3.9082,-5.0114,3.5116
short,15m_current_return_pct,7.78264,gte,-23.5046,3.9209,-15.2975,3.5251
short,15m_current_return_pct,8.447086,gte,-23.5046,3.9209,-15.2975,3.5251
short,15m_current_return_pct,9.111532,gte,-23.5046,3.9209,-15.2975,3.5251
short,15m_current_return_pct,9.775978,gte,-23.5046,3.9209,-15.2975,3.5251
short,15m_current_return_pct,10.440424,gte,-23.5046,3.9209,-15.2975,3.5251
short,15m_current_return_pct,11.10487,gte,-23.5046,3.9209,-15.2975,3.5251
short,15m_current_return_pct,11.769316,gte,-23.5046,3.9209,-15.2975,3.5251
short,15m_current_return_pct,12.433762,gte,-47.6005,3.9172,-39.982,3.5316
short,15m_current_return_pct,13.098208,gte,-47.6005,3.9172,-39.982,3.5316
short,15m_current_return_pct,13.762654,gte,-47.6005,3.9172,-39.982,3.5316
short,15m_current_return_pct,14.4271,gte,-47.6005,3.9172,-39.982,3.5316
short,15m_current_return_pct,-18.7952,lte,34.5271,3.8256,42.3728,3.4397
short,15m_current_return_pct,-18.130754,lte,34.5271,3.8256,42.3728,3.4397
short,15m_current_return_pct,-17.466308,lte,32.6211,3.7955,37.4527,3.4072
short,15m_current_return_pct,-16.801862,lte,32.6211,3.7955,37.4527,3.4072
short,15m_current_return_pct,-16.137416,lte,27.6072,3.7801,41.1093,3.3569
short,15m_current_return_pct,-15.47297,lte,23.893,3.7701,34.2415,3.3453
short,15m_current_return_pct,-14.808524,lte,22.0422,3.7579,31.0785,3.3284
short,15m_current_return_pct,-14.144078,lte,20.8181,3.7456,33.2493,3.2827
short,15m_current_return_pct,-13.479632,lte,20.8181,3.7456,33.2493,3.2827
short,15m_current_return_pct,-12.815186,lte,20.8181,3.7456,33.2493,3.2827
short,15m_current_return_pct,-12.15074,lte,20.8181,3.7456,33.2493,3.2827
short,15m_current_return_pct,-11.486294,lte,17.4699,3.7218,25.8568,3.2564
short,15m_current_return_pct,-10.821848,lte,17.2755,3.6932,23.9025,3.2296
short,15m_current_return_pct,-10.157402,lte,16.668,3.6714,21.7199,3.2149
short,15m_current_return_pct,-9.492956,lte,15.8083,3.6703,17.8501,3.2553
short,15m_current_return_pct,-8.82851,lte,15.3881,3.6504,16.4452,3.2477
short,15m_current_return_pct,-8.164064,lte,15.1783,3.628,16.4078,3.2185
short,15m_current_return_pct,-7.499618,lte,14.2775,3.5734,13.7242,3.2016
short,15m_current_return_pct,-6.835172,lte,14.0719,3.5186,13.036,3.164
short,15m_current_return_pct,-6.170726,lte,13.6367,3.4035,12.6886,3.0535
short,15m_current_return_pct,-5.50628,lte,12.9996,3.3544,12.2337,2.9993
short,15m_current_return_pct,-4.841834,lte,10.6078,3.35,9.4834,3.0299
short,15m_current_return_pct,-4.177388,lte,9.7692,3.2732,9.085,2.9271
short,15m_current_return_pct,-3.512942,lte,8.5452,3.1639,7.8949,2.8278
short,15m_current_return_pct,-2.848496,lte,7.1919,3.1143,6.6107,2.7834
short,15m_current_return_pct,-2.18405,lte,5.8745,3.0639,5.403,2.7247
short,15m_current_return_pct,-1.519604,lte,4.8757,3.0122,4.4911,2.6421
short,15m_current_return_pct,-0.855158,lte,4.3456,2.9796,3.9138,2.7028
short,15m_current_return_pct,-0.190712,lte,4.1266,3.0581,3.6197,3.0728
short,15m_current_return_pct,0.473734,lte,4.1219,2.7139,3.6386,2.8033
short,15m_current_return_pct,1.13818,lte,4.1783,1.3209,3.6476,2.1726
short,15m_current_return_pct,1.802626,lte,4.0108,1.6337,3.5247,2.8707
short,15m_current_return_pct,2.467072,lte,3.9848,0.5872,3.5462,1.8315
short,15m_current_return_pct,3.131518,lte,3.9098,1.8722,3.4377,5.2902
short,15m_current_return_pct,3.795964,lte,3.9201,0.7396,3.4515,5.1199
short,15m_current_return_pct,4.46041,lte,3.9089,0.5172,3.4559,5.3372
short,15m_current_return_pct,5.124856,lte,3.8971,0.5529,3.4652,5.0731
short,15m_current_return_pct,5.789302,lte,3.9237,-4.2615,3.5069,0.4603
short,15m_current_return_pct,6.453748,lte,3.9115,-5.3641,3.5026,0.0151
short,15m_current_return_pct,7.118194,lte,3.9082,-10.5685,3.5116,-5.0114
short,15m_current_return_pct,7.78264,lte,3.9209,-23.5046,3.5251,-15.2975
short,15m_current_return_pct,8.447086,lte,3.9209,-23.5046,3.5251,-15.2975
short,15m_current_return_pct,9.111532,lte,3.9209,-23.5046,3.5251,-15.2975
short,15m_current_return_pct,9.775978,lte,3.9209,-23.5046,3.5251,-15.2975
short,15m_current_return_pct,10.440424,lte,3.9209,-23.5046,3.5251,-15.2975
short,15m_current_return_pct,11.10487,lte,3.9209,-23.5046,3.5251,-15.2975
short,15m_current_return_pct,11.769316,lte,3.9209,-23.5046,3.5251,-15.2975
short,15m_current_return_pct,12.433762,lte,3.9172,-47.6005,3.5316,-39.982
short,15m_current_return_pct,13.098208,lte,3.9172,-47.6005,3.5316,-39.982
short,15m_current_return_pct,13.762654,lte,3.9172,-47.6005,3.5316,-39.982
short,15m_current_return_pct,14.4271,lte,3.8598,0.0,3.4831,0.0
short,15m_current_volume_ratio,0.1634,gte,3.8598,0.0,3.4831,0.0
short,15m_current_volume_ratio,0.918938,gte,3.8142,3.9721,3.5866,3.2282
short,15m_current_volume_ratio,1.674476,gte,4.3805,3.5821,4.4292,2.9786
short,15m_current_volume_ratio,2.430014,gte,5.0799,3.5406,5.6343,2.9204
short,15m_current_volume_ratio,3.185552,gte,5.3143,3.6066,6.2972,2.9932
short,15m_current_volume_ratio,3.94109,gte,5.5025,3.6788,6.2042,3.1834
short,15m_current_volume_ratio,4.696628,gte,5.4914,3.7344,6.1499,3.2782
short,15m_current_volume_ratio,5.452166,gte,5.7398,3.7274,6.4794,3.2722
short,15m_current_volume_ratio,6.207704,gte,6.2147,3.7383,6.8254,3.3107
short,15m_current_volume_ratio,6.963242,gte,6.2819,3.7556,6.8808,3.3369
short,15m_current_volume_ratio,7.71878,gte,5.7906,3.7953,6.0576,3.3971
short,15m_current_volume_ratio,8.474318,gte,6.6344,3.7802,7.0996,3.3794
short,15m_current_volume_ratio,9.229856,gte,6.1996,3.801,6.6967,3.4023
short,15m_current_volume_ratio,9.985394,gte,6.4411,3.8039,6.5846,3.416
short,15m_current_volume_ratio,10.740932,gte,6.1455,3.813,6.1622,3.4283
short,15m_current_volume_ratio,11.49647,gte,6.3478,3.8117,6.2439,3.4298
short,15m_current_volume_ratio,12.252008,gte,5.1337,3.8381,4.3535,3.4683
short,15m_current_volume_ratio,13.007546,gte,5.1337,3.8381,4.3535,3.4683
short,15m_current_volume_ratio,13.763084,gte,4.8773,3.8437,4.2464,3.471
short,15m_current_volume_ratio,14.518622,gte,3.5226,3.8632,3.2788,3.4852
short,15m_current_volume_ratio,15.27416,gte,2.5736,3.8714,2.4823,3.4921
short,15m_current_volume_ratio,16.029698,gte,2.5736,3.8714,2.4823,3.4921
short,15m_current_volume_ratio,16.785236,gte,2.5736,3.8714,2.4823,3.4921
short,15m_current_volume_ratio,17.540774,gte,2.5736,3.8714,2.4823,3.4921
short,15m_current_volume_ratio,18.296312,gte,2.8079,3.8681,2.6448,3.4897
short,15m_current_volume_ratio,19.05185,gte,2.8079,3.8681,2.6448,3.4897
short,15m_current_volume_ratio,19.807388,gte,2.6967,3.8676,2.1648,3.492
short,15m_current_volume_ratio,20.562926,gte,3.1416,3.8638,2.5569,3.4883
short,15m_current_volume_ratio,21.318464,gte,3.1416,3.8638,2.5569,3.4883
short,15m_current_volume_ratio,22.074002,gte,2.619,3.8639,0.6209,3.4927
short,15m_current_volume_ratio,22.82954,gte,2.8708,3.862,1.1676,3.4883
short,15m_current_volume_ratio,23.585078,gte,2.8708,3.862,1.1676,3.4883
short,15m_current_volume_ratio,24.340616,gte,2.8708,3.862,1.1676,3.4883
short,15m_current_volume_ratio,25.096154,gte,2.8708,3.862,1.1676,3.4883
short,15m_current_volume_ratio,25.851692,gte,2.8708,3.862,1.1676,3.4883
short,15m_current_volume_ratio,26.60723,gte,2.8708,3.862,1.1676,3.4883
short,15m_current_volume_ratio,27.362768,gte,2.8708,3.862,1.1676,3.4883
short,15m_current_volume_ratio,28.118306,gte,-0.341,3.8645,-1.5345,3.4887
short,15m_current_volume_ratio,28.873844,gte,-0.341,3.8645,-1.5345,3.4887
short,15m_current_volume_ratio,29.629382,gte,-0.341,3.8645,-1.5345,3.4887
short,15m_current_volume_ratio,30.38492,gte,-0.341,3.8645,-1.5345,3.4887
short,15m_current_volume_ratio,31.140458,gte,-0.341,3.8645,-1.5345,3.4887
short,15m_current_volume_ratio,31.895996,gte,-0.341,3.8645,-1.5345,3.4887
short,15m_current_volume_ratio,32.651534,gte,-0.341,3.8645,-1.5345,3.4887
short,15m_current_volume_ratio,33.407072,gte,-0.341,3.8645,-1.5345,3.4887
short,15m_current_volume_ratio,34.16261,gte,-0.341,3.8645,-1.5345,3.4887
short,15m_current_volume_ratio,34.918148,gte,-0.341,3.8645,-1.5345,3.4887
short,15m_current_volume_ratio,35.673686,gte,-0.341,3.8645,-1.5345,3.4887
short,15m_current_volume_ratio,36.429224,gte,-0.341,3.8645,-1.5345,3.4887
short,15m_current_volume_ratio,37.184762,gte,-0.341,3.8645,-1.5345,3.4887
short,15m_current_volume_ratio,37.9403,gte,-0.341,3.8645,-1.5345,3.4887
short,15m_current_volume_ratio,0.1634,lte,2.6292,3.8612,3.9537,3.4826
short,15m_current_volume_ratio,0.918938,lte,3.9721,3.8142,3.2282,3.5866
short,15m_current_volume_ratio,1.674476,lte,3.5821,4.3805,2.9786,4.4292
short,15m_current_volume_ratio,2.430014,lte,3.5406,5.0799,2.9204,5.6343
short,15m_current_volume_ratio,3.185552,lte,3.6066,5.3143,2.9932,6.2972
short,15m_current_volume_ratio,3.94109,lte,3.6788,5.5025,3.1834,6.2042
short,15m_current_volume_ratio,4.696628,lte,3.7344,5.4914,3.2782,6.1499
short,15m_current_volume_ratio,5.452166,lte,3.7274,5.7398,3.2722,6.4794
short,15m_current_volume_ratio,6.207704,lte,3.7383,6.2147,3.3107,6.8254
short,15m_current_volume_ratio,6.963242,lte,3.7556,6.2819,3.3369,6.8808
short,15m_current_volume_ratio,7.71878,lte,3.7953,5.7906,3.3971,6.0576
short,15m_current_volume_ratio,8.474318,lte,3.7802,6.6344,3.3794,7.0996
short,15m_current_volume_ratio,9.229856,lte,3.801,6.1996,3.4023,6.6967
short,15m_current_volume_ratio,9.985394,lte,3.8039,6.4411,3.416,6.5846
short,15m_current_volume_ratio,10.740932,lte,3.813,6.1455,3.4283,6.1622
short,15m_current_volume_ratio,11.49647,lte,3.8117,6.3478,3.4298,6.2439
short,15m_current_volume_ratio,12.252008,lte,3.8381,5.1337,3.4683,4.3535
short,15m_current_volume_ratio,13.007546,lte,3.8381,5.1337,3.4683,4.3535
short,15m_current_volume_ratio,13.763084,lte,3.8437,4.8773,3.471,4.2464
short,15m_current_volume_ratio,14.518622,lte,3.8632,3.5226,3.4852,3.2788
short,15m_current_volume_ratio,15.27416,lte,3.8714,2.5736,3.4921,2.4823
short,15m_current_volume_ratio,16.029698,lte,3.8714,2.5736,3.4921,2.4823
short,15m_current_volume_ratio,16.785236,lte,3.8714,2.5736,3.4921,2.4823
short,15m_current_volume_ratio,17.540774,lte,3.8714,2.5736,3.4921,2.4823
short,15m_current_volume_ratio,18.296312,lte,3.8681,2.8079,3.4897,2.6448
short,15m_current_volume_ratio,19.05185,lte,3.8681,2.8079,3.4897,2.6448
short,15m_current_volume_ratio,19.807388,lte,3.8676,2.6967,3.492,2.1648
short,15m_current_volume_ratio,20.562926,lte,3.8638,3.1416,3.4883,2.5569
short,15m_current_volume_ratio,21.318464,lte,3.8638,3.1416,3.4883,2.5569
short,15m_current_volume_ratio,22.074002,lte,3.8639,2.619,3.4927,0.6209
short,15m_current_volume_ratio,22.82954,lte,3.862,2.8708,3.4883,1.1676
short,15m_current_volume_ratio,23.585078,lte,3.862,2.8708,3.4883,1.1676
short,15m_current_volume_ratio,24.340616,lte,3.862,2.8708,3.4883,1.1676
short,15m_current_volume_ratio,25.096154,lte,3.862,2.8708,3.4883,1.1676
short,15m_current_volume_ratio,25.851692,lte,3.862,2.8708,3.4883,1.1676
short,15m_current_volume_ratio,26.60723,lte,3.862,2.8708,3.4883,1.1676
short,15m_current_volume_ratio,27.362768,lte,3.862,2.8708,3.4883,1.1676
short,15m_current_volume_ratio,28.118306,lte,3.8645,-0.341,3.4887,-1.5345
short,15m_current_volume_ratio,28.873844,lte,3.8645,-0.341,3.4887,-1.5345
short,15m_current_volume_ratio,29.629382,lte,3.8645,-0.341,3.4887,-1.5345
short,15m_current_volume_ratio,30.38492,lte,3.8645,-0.341,3.4887,-1.5345
short,15m_current_volume_ratio,31.140458,lte,3.8645,-0.341,3.4887,-1.5345
short,15m_current_volume_ratio,31.895996,lte,3.8645,-0.341,3.4887,-1.5345
short,15m_current_volume_ratio,32.651534,lte,3.8645,-0.341,3.4887,-1.5345
short,15m_current_volume_ratio,33.407072,lte,3.8645,-0.341,3.4887,-1.5345
short,15m_current_volume_ratio,34.16261,lte,3.8645,-0.341,3.4887,-1.5345
short,15m_current_volume_ratio,34.918148,lte,3.8645,-0.341,3.4887,-1.5345
short,15m_current_volume_ratio,35.673686,lte,3.8645,-0.341,3.4887,-1.5345
short,15m_current_volume_ratio,36.429224,lte,3.8645,-0.341,3.4887,-1.5345
short,15m_current_volume_ratio,37.184762,lte,3.8645,-0.341,3.4887,-1.5345
short,15m_current_volume_ratio,37.9403,lte,3.8598,0.0,3.4831,0.0
short,15m_previous_body_pct,0.0,gte,3.8598,0.0,3.4831,0.0
short,15m_previous_body_pct,0.298126,gte,3.9917,3.2285,3.6745,2.5671
short,15m_previous_body_pct,0.596252,gte,4.111,3.342,3.8493,2.7283
short,15m_previous_body_pct,0.894378,gte,4.3682,3.2532,4.1779,2.6542
short,15m_previous_body_pct,1.192504,gte,4.6453,3.219,4.493,2.6593
short,15m_previous_body_pct,1.49063,gte,5.0209,3.1937,4.6583,2.809
short,15m_previous_body_pct,1.788756,gte,5.0581,3.3492,4.4182,3.0847
short,15m_previous_body_pct,2.086882,gte,5.0208,3.4915,4.5859,3.1333
short,15m_previous_body_pct,2.385008,gte,5.29,3.5302,4.8362,3.1713
short,15m_previous_body_pct,2.683134,gte,5.401,3.5723,5.055,3.19
short,15m_previous_body_pct,2.98126,gte,5.8705,3.5492,5.7342,3.1355
short,15m_previous_body_pct,3.279386,gte,6.0916,3.5511,6.2789,3.0964
short,15m_previous_body_pct,3.577512,gte,5.98,3.5847,6.0546,3.1495
short,15m_previous_body_pct,3.875638,gte,6.1731,3.5986,6.7271,3.1169
short,15m_previous_body_pct,4.173764,gte,6.9225,3.5844,7.716,3.1025
short,15m_previous_body_pct,4.47189,gte,6.9919,3.6151,8.2712,3.109
short,15m_previous_body_pct,4.770016,gte,7.5541,3.5997,9.4504,3.063
short,15m_previous_body_pct,5.068142,gte,7.5256,3.6342,9.7524,3.0973
short,15m_previous_body_pct,5.366268,gte,5.7231,3.766,8.5074,3.2301
short,15m_previous_body_pct,5.664394,gte,5.2991,3.7979,8.806,3.2541
short,15m_previous_body_pct,5.96252,gte,6.05,3.7709,9.6268,3.2337
short,15m_previous_body_pct,6.260646,gte,4.6578,3.8369,8.361,3.3433
short,15m_previous_body_pct,6.558772,gte,5.1192,3.8252,8.5338,3.3443
short,15m_previous_body_pct,6.856898,gte,5.1192,3.8252,8.5338,3.3443
short,15m_previous_body_pct,7.155024,gte,5.0821,3.8291,8.523,3.3564
short,15m_previous_body_pct,7.45315,gte,4.9414,3.8339,8.5536,3.3616
short,15m_previous_body_pct,7.751276,gte,2.5427,3.8868,7.3285,3.4044
short,15m_previous_body_pct,8.049402,gte,5.8983,3.8275,10.2249,3.3762
short,15m_previous_body_pct,8.347528,gte,3.917,3.8591,6.9472,3.4401
short,15m_previous_body_pct,8.645654,gte,5.3234,3.845,8.8466,3.4288
short,15m_previous_body_pct,8.94378,gte,5.3234,3.845,8.8466,3.4288
short,15m_previous_body_pct,9.241906,gte,5.3234,3.845,8.8466,3.4288
short,15m_previous_body_pct,9.540032,gte,5.3234,3.845,8.8466,3.4288
short,15m_previous_body_pct,9.838158,gte,9.5133,3.8153,14.2283,3.3986
short,15m_previous_body_pct,10.136284,gte,9.5133,3.8153,14.2283,3.3986
short,15m_previous_body_pct,10.43441,gte,10.1066,3.8177,13.6003,3.415
short,15m_previous_body_pct,10.732536,gte,10.0172,3.8253,15.8602,3.4137
short,15m_previous_body_pct,11.030662,gte,10.0172,3.8253,15.8602,3.4137
short,15m_previous_body_pct,11.328788,gte,13.5613,3.8163,21.6891,3.4016
short,15m_previous_body_pct,11.626914,gte,13.5613,3.8163,21.6891,3.4016
short,15m_previous_body_pct,11.92504,gte,14.2502,3.8249,24.1395,3.4138
short,15m_previous_body_pct,12.223166,gte,14.2502,3.8249,24.1395,3.4138
short,15m_previous_body_pct,12.521292,gte,14.2502,3.8249,24.1395,3.4138
short,15m_previous_body_pct,12.819418,gte,12.5857,3.8403,11.9981,3.4641
short,15m_previous_body_pct,13.117544,gte,12.5857,3.8403,11.9981,3.4641
short,15m_previous_body_pct,13.41567,gte,12.5857,3.8403,11.9981,3.4641
short,15m_previous_body_pct,13.713796,gte,12.5857,3.8403,11.9981,3.4641
short,15m_previous_body_pct,14.011922,gte,6.7696,3.8565,3.7876,3.4828
short,15m_previous_body_pct,14.310048,gte,6.7696,3.8565,3.7876,3.4828
short,15m_previous_body_pct,14.608174,gte,6.7696,3.8565,3.7876,3.4828
short,15m_previous_body_pct,14.9063,gte,6.7696,3.8565,3.7876,3.4828
short,15m_previous_body_pct,0.0,lte,3.7933,3.8603,2.8399,3.4882
short,15m_previous_body_pct,0.298126,lte,3.2285,3.9917,2.5671,3.6745
short,15m_previous_body_pct,0.596252,lte,3.342,4.111,2.7283,3.8493
short,15m_previous_body_pct,0.894378,lte,3.2532,4.3682,2.6542,4.1779
short,15m_previous_body_pct,1.192504,lte,3.219,4.6453,2.6593,4.493
short,15m_previous_body_pct,1.49063,lte,3.1937,5.0209,2.809,4.6583
short,15m_previous_body_pct,1.788756,lte,3.3492,5.0581,3.0847,4.4182
short,15m_previous_body_pct,2.086882,lte,3.4915,5.0208,3.1333,4.5859
short,15m_previous_body_pct,2.385008,lte,3.5302,5.29,3.1713,4.8362
short,15m_previous_body_pct,2.683134,lte,3.5723,5.401,3.19,5.055
short,15m_previous_body_pct,2.98126,lte,3.5492,5.8705,3.1355,5.7342
short,15m_previous_body_pct,3.279386,lte,3.5511,6.0916,3.0964,6.2789
short,15m_previous_body_pct,3.577512,lte,3.5847,5.98,3.1495,6.0546
short,15m_previous_body_pct,3.875638,lte,3.5986,6.1731,3.1169,6.7271
short,15m_previous_body_pct,4.173764,lte,3.5844,6.9225,3.1025,7.716
short,15m_previous_body_pct,4.47189,lte,3.6151,6.9919,3.109,8.2712
short,15m_previous_body_pct,4.770016,lte,3.5997,7.5541,3.063,9.4504
short,15m_previous_body_pct,5.068142,lte,3.6342,7.5256,3.0973,9.7524
short,15m_previous_body_pct,5.366268,lte,3.766,5.7231,3.2301,8.5074
short,15m_previous_body_pct,5.664394,lte,3.7979,5.2991,3.2541,8.806
short,15m_previous_body_pct,5.96252,lte,3.7709,6.05,3.2337,9.6268
short,15m_previous_body_pct,6.260646,lte,3.8369,4.6578,3.3433,8.361
short,15m_previous_body_pct,6.558772,lte,3.8252,5.1192,3.3443,8.5338
short,15m_previous_body_pct,6.856898,lte,3.8252,5.1192,3.3443,8.5338
short,15m_previous_body_pct,7.155024,lte,3.8291,5.0821,3.3564,8.523
short,15m_previous_body_pct,7.45315,lte,3.8339,4.9414,3.3616,8.5536
short,15m_previous_body_pct,7.751276,lte,3.8868,2.5427,3.4044,7.3285
short,15m_previous_body_pct,8.049402,lte,3.8275,5.8983,3.3762,10.2249
short,15m_previous_body_pct,8.347528,lte,3.8591,3.917,3.4401,6.9472
short,15m_previous_body_pct,8.645654,lte,3.845,5.3234,3.4288,8.8466
short,15m_previous_body_pct,8.94378,lte,3.845,5.3234,3.4288,8.8466
short,15m_previous_body_pct,9.241906,lte,3.845,5.3234,3.4288,8.8466
short,15m_previous_body_pct,9.540032,lte,3.845,5.3234,3.4288,8.8466
short,15m_previous_body_pct,9.838158,lte,3.8153,9.5133,3.3986,14.2283
short,15m_previous_body_pct,10.136284,lte,3.8153,9.5133,3.3986,14.2283
short,15m_previous_body_pct,10.43441,lte,3.8177,10.1066,3.415,13.6003
short,15m_previous_body_pct,10.732536,lte,3.8253,10.0172,3.4137,15.8602
short,15m_previous_body_pct,11.030662,lte,3.8253,10.0172,3.4137,15.8602
short,15m_previous_body_pct,11.328788,lte,3.8163,13.5613,3.4016,21.6891
short,15m_previous_body_pct,11.626914,lte,3.8163,13.5613,3.4016,21.6891
short,15m_previous_body_pct,11.92504,lte,3.8249,14.2502,3.4138,24.1395
short,15m_previous_body_pct,12.223166,lte,3.8249,14.2502,3.4138,24.1395
short,15m_previous_body_pct,12.521292,lte,3.8249,14.2502,3.4138,24.1395
short,15m_previous_body_pct,12.819418,lte,3.8403,12.5857,3.4641,11.9981
short,15m_previous_body_pct,13.117544,lte,3.8403,12.5857,3.4641,11.9981
short,15m_previous_body_pct,13.41567,lte,3.8403,12.5857,3.4641,11.9981
short,15m_previous_body_pct,13.713796,lte,3.8403,12.5857,3.4641,11.9981
short,15m_previous_body_pct,14.011922,lte,3.8565,6.7696,3.4828,3.7876
short,15m_previous_body_pct,14.310048,lte,3.8565,6.7696,3.4828,3.7876
short,15m_previous_body_pct,14.608174,lte,3.8565,6.7696,3.4828,3.7876
short,15m_previous_body_pct,14.9063,lte,3.8598,0.0,3.4831,0.0
short,15m_previous_close_position,0.0,gte,3.8598,0.0,3.4831,0.0
short,15m_previous_close_position,0.02,gte,3.8061,7.8217,3.403,9.3892
short,15m_previous_close_position,0.04,gte,3.7898,7.0919,3.388,7.8796
short,15m_previous_close_position,0.06,gte,3.8161,4.9354,3.3849,5.9022
short,15m_previous_close_position,0.08,gte,3.8235,4.461,3.3715,5.3348
short,15m_previous_close_position,0.1,gte,3.853,3.9431,3.4145,4.3193
short,15m_previous_close_position,0.12,gte,3.8602,3.855,3.4204,4.1513
short,15m_previous_close_position,0.14,gte,3.8704,3.7666,3.4111,4.1133
short,15m_previous_close_position,0.16,gte,3.8368,4.0224,3.3733,4.2606
short,15m_previous_close_position,0.18,gte,3.834,4.0148,3.3673,4.1787
short,15m_previous_close_position,0.2,gte,3.7796,4.2655,3.3617,4.0976
short,15m_previous_close_position,0.22,gte,3.7652,4.2763,3.3349,4.136
short,15m_previous_close_position,0.24,gte,3.6946,4.4957,3.2384,4.4249
short,15m_previous_close_position,0.26,gte,3.6251,4.6673,3.2038,4.444
short,15m_previous_close_position,0.28,gte,3.5766,4.6957,3.1206,4.5532
short,15m_previous_close_position,0.3,gte,3.5691,4.651,3.0898,4.5538
short,15m_previous_close_position,0.32,gte,3.5928,4.5357,3.075,4.5163
short,15m_previous_close_position,0.34,gte,3.6505,4.3509,3.1335,4.3037
short,15m_previous_close_position,0.36,gte,3.6754,4.2557,3.2231,4.0414
short,15m_previous_close_position,0.38,gte,3.667,4.2493,3.2237,4.0072
short,15m_previous_close_position,0.4,gte,3.6556,4.2502,3.2323,3.9627
short,15m_previous_close_position,0.42,gte,3.6364,4.2529,3.143,4.0818
short,15m_previous_close_position,0.44,gte,3.6455,4.201,3.1387,4.0315
short,15m_previous_close_position,0.46,gte,3.6703,4.1424,3.1898,3.9207
short,15m_previous_close_position,0.48,gte,3.6208,4.1879,3.2082,3.8605
short,15m_previous_close_position,0.5,gte,3.5939,4.2008,3.2744,3.7509
short,15m_previous_close_position,0.52,gte,3.5559,4.2095,3.2691,3.7295
short,15m_previous_close_position,0.54,gte,3.4348,4.3111,3.1668,3.819
short,15m_previous_close_position,0.56,gte,3.4395,4.2829,3.1809,3.7874
short,15m_previous_close_position,0.58,gte,3.453,4.2294,3.2562,3.6893
short,15m_previous_close_position,0.6,gte,3.3197,4.3084,3.1332,3.7738
short,15m_previous_close_position,0.62,gte,3.3158,4.2689,3.1393,3.7416
short,15m_previous_close_position,0.64,gte,3.2188,4.2955,2.9493,3.846
short,15m_previous_close_position,0.66,gte,3.1533,4.3055,3.0527,3.7547
short,15m_previous_close_position,0.68,gte,3.2214,4.2385,3.1553,3.6776
short,15m_previous_close_position,0.7,gte,3.4007,4.1156,3.3754,3.5432
short,15m_previous_close_position,0.72,gte,3.3117,4.1394,3.2819,3.5858
short,15m_previous_close_position,0.74,gte,3.1748,4.1804,3.1821,3.624
short,15m_previous_close_position,0.76,gte,3.0703,4.1926,3.0222,3.6774
short,15m_previous_close_position,0.78,gte,3.0436,4.1596,3.0562,3.64
short,15m_previous_close_position,0.8,gte,3.3179,4.0338,3.31,3.5387
short,15m_previous_close_position,0.82,gte,3.3184,4.0151,3.3746,3.5143
short,15m_previous_close_position,0.84,gte,3.334,3.989,3.1718,3.5596
short,15m_previous_close_position,0.86,gte,3.5154,3.9328,3.3189,3.518
short,15m_previous_close_position,0.88,gte,3.7142,3.8845,3.272,3.5189
short,15m_previous_close_position,0.9,gte,3.2202,3.9473,2.9767,3.5524
short,15m_previous_close_position,0.92,gte,3.0265,3.9539,2.884,3.5508
short,15m_previous_close_position,0.94,gte,3.4942,3.886,3.5103,3.4812
short,15m_previous_close_position,0.96,gte,3.949,3.8557,4.1421,3.4532
short,15m_previous_close_position,0.98,gte,4.9794,3.8343,4.238,3.4659
short,15m_previous_close_position,1.0,gte,5.4635,3.8508,4.9567,3.4749
short,15m_previous_close_position,0.0,lte,2.1461,3.8675,2.9188,3.4856
short,15m_previous_close_position,0.02,lte,7.8217,3.8061,9.3892,3.403
short,15m_previous_close_position,0.04,lte,7.0919,3.7898,7.8796,3.388
short,15m_previous_close_position,0.06,lte,4.8802,3.8171,5.8091,3.3859
short,15m_previous_close_position,0.08,lte,4.4084,3.826,5.2522,3.3743
short,15m_previous_close_position,0.1,lte,3.922,3.8546,4.2921,3.4157
short,15m_previous_close_position,0.12,lte,3.855,3.8602,4.1513,3.4204
short,15m_previous_close_position,0.14,lte,3.7666,3.8704,4.1133,3.4111
short,15m_previous_close_position,0.16,lte,4.0224,3.8368,4.2606,3.3733
short,15m_previous_close_position,0.18,lte,4.0148,3.834,4.1787,3.3673
short,15m_previous_close_position,0.2,lte,4.2655,3.7796,4.0976,3.3617
short,15m_previous_close_position,0.22,lte,4.2763,3.7652,4.136,3.3349
short,15m_previous_close_position,0.24,lte,4.4879,3.6955,4.431,3.2352
short,15m_previous_close_position,0.26,lte,4.6673,3.6251,4.444,3.2038
short,15m_previous_close_position,0.28,lte,4.6957,3.5766,4.5532,3.1206
short,15m_previous_close_position,0.3,lte,4.651,3.5691,4.5538,3.0898
short,15m_previous_close_position,0.32,lte,4.5357,3.5928,4.5163,3.075
short,15m_previous_close_position,0.34,lte,4.3509,3.6505,4.3037,3.1335
short,15m_previous_close_position,0.36,lte,4.2557,3.6754,4.0414,3.2231
short,15m_previous_close_position,0.38,lte,4.2493,3.667,4.0072,3.2237
short,15m_previous_close_position,0.4,lte,4.2357,3.6613,3.9601,3.2312
short,15m_previous_close_position,0.42,lte,4.2529,3.6364,4.0818,3.143
short,15m_previous_close_position,0.44,lte,4.201,3.6455,4.0315,3.1387
short,15m_previous_close_position,0.46,lte,4.1424,3.6703,3.9207,3.1898
short,15m_previous_close_position,0.48,lte,4.2112,3.6015,3.9303,3.1544
short,15m_previous_close_position,0.5,lte,4.1679,3.613,3.726,3.2885
short,15m_previous_close_position,0.52,lte,4.2095,3.5559,3.7295,3.2691
short,15m_previous_close_position,0.54,lte,4.3111,3.4348,3.819,3.1668
short,15m_previous_close_position,0.56,lte,4.2829,3.4395,3.7874,3.1809
short,15m_previous_close_position,0.58,lte,4.2294,3.453,3.6893,3.2562
short,15m_previous_close_position,0.6,lte,4.3063,3.3074,3.7483,3.1551
short,15m_previous_close_position,0.62,lte,4.2689,3.3158,3.7416,3.1393
short,15m_previous_close_position,0.64,lte,4.2955,3.2188,3.846,2.9493
short,15m_previous_close_position,0.66,lte,4.3055,3.1533,3.7547,3.0527
short,15m_previous_close_position,0.68,lte,4.2333,3.2272,3.6703,3.1662
short,15m_previous_close_position,0.7,lte,4.1121,3.4048,3.54,3.3806
short,15m_previous_close_position,0.72,lte,4.1397,3.3083,3.5852,3.2819
short,15m_previous_close_position,0.74,lte,4.1804,3.1748,3.624,3.1821
short,15m_previous_close_position,0.76,lte,4.1898,3.0729,3.6754,3.0245
short,15m_previous_close_position,0.78,lte,4.1596,3.0436,3.64,3.0562
short,15m_previous_close_position,0.8,lte,4.04,3.2812,3.5461,3.2807
short,15m_previous_close_position,0.82,lte,4.0151,3.3184,3.5143,3.3746
short,15m_previous_close_position,0.84,lte,3.989,3.334,3.5596,3.1718
short,15m_previous_close_position,0.86,lte,3.9328,3.5154,3.518,3.3189
short,15m_previous_close_position,0.88,lte,3.8845,3.7142,3.5189,3.272
short,15m_previous_close_position,0.9,lte,3.9453,3.2281,3.5517,2.9765
short,15m_previous_close_position,0.92,lte,3.953,3.0238,3.5511,2.8736
short,15m_previous_close_position,0.94,lte,3.886,3.4942,3.4812,3.5103
short,15m_previous_close_position,0.96,lte,3.8557,3.949,3.4532,4.1421
short,15m_previous_close_position,0.98,lte,3.8343,4.9794,3.4659,4.238
short,15m_previous_close_position,1.0,lte,3.8598,0.0,3.4831,0.0
short,15m_previous_compression,0.0,gte,3.8598,0.0,3.4831,0.0
short,15m_previous_compression,1.9,gte,2.7267,4.2784,2.5263,3.8366
short,15m_previous_compression,3.8,gte,2.4315,4.1535,2.2118,3.7446
short,15m_previous_compression,5.7,gte,2.2976,4.0941,2.1342,3.6855
short,15m_previous_compression,7.6,gte,2.3777,4.0416,2.1829,3.6426
short,15m_previous_compression,9.5,gte,2.3776,4.0129,2.1539,3.6205
short,15m_previous_compression,11.4,gte,2.1947,3.9964,1.9344,3.6102
short,15m_previous_compression,13.3,gte,2.1363,3.9833,1.8966,3.5969
short,15m_previous_compression,15.2,gte,2.1256,3.9731,1.9206,3.5852
short,15m_previous_compression,17.1,gte,1.9762,3.9616,1.8287,3.5725
short,15m_previous_compression,19.0,gte,1.9984,3.9512,1.6719,3.5721
short,15m_previous_compression,0.0,lte,4.4039,3.0444,3.8211,2.9766
short,15m_previous_compression,1.9,lte,4.2784,2.7267,3.8366,2.5263
short,15m_previous_compression,3.8,lte,4.1535,2.4315,3.7446,2.2118
short,15m_previous_compression,5.7,lte,4.0941,2.2976,3.6855,2.1342
short,15m_previous_compression,7.6,lte,4.0416,2.3777,3.6426,2.1829
short,15m_previous_compression,9.5,lte,4.0129,2.3776,3.6205,2.1539
short,15m_previous_compression,11.4,lte,3.9964,2.1947,3.6102,1.9344
short,15m_previous_compression,13.3,lte,3.9833,2.1363,3.5969,1.8966
short,15m_previous_compression,15.2,lte,3.9731,2.1256,3.5852,1.9206
short,15m_previous_compression,17.1,lte,3.9616,1.9762,3.5725,1.8287
short,15m_previous_compression,19.0,lte,3.8598,0.0,3.4831,0.0
short,15m_previous_ma20_distance_pct,-32.8753,gte,3.8598,0.0,3.4831,0.0
short,15m_previous_ma20_distance_pct,-31.312872,gte,3.8696,-4.902,3.5295,-38.0278
short,15m_previous_ma20_distance_pct,-29.750444,gte,3.8696,-4.902,3.5295,-38.0278
short,15m_previous_ma20_distance_pct,-28.188016,gte,3.8696,-4.902,3.5295,-38.0278
short,15m_previous_ma20_distance_pct,-26.625588,gte,3.8696,-4.902,3.5295,-38.0278
short,15m_previous_ma20_distance_pct,-25.06316,gte,3.8596,3.9334,3.5425,-23.1022
short,15m_previous_ma20_distance_pct,-23.500732,gte,3.8632,2.8425,3.5318,-11.0161
short,15m_previous_ma20_distance_pct,-21.938304,gte,3.8532,5.3195,3.5205,-4.8526
short,15m_previous_ma20_distance_pct,-20.375876,gte,3.8532,5.3195,3.5205,-4.8526
short,15m_previous_ma20_distance_pct,-18.813448,gte,3.8532,5.3195,3.5205,-4.8526
short,15m_previous_ma20_distance_pct,-17.25102,gte,3.8505,5.5186,3.498,0.8375
short,15m_previous_ma20_distance_pct,-15.688592,gte,3.8474,5.7025,3.4883,2.7096
short,15m_previous_ma20_distance_pct,-14.126164,gte,3.8488,5.2566,3.4899,2.6198
short,15m_previous_ma20_distance_pct,-12.563736,gte,3.8297,6.832,3.4787,3.9163
short,15m_previous_ma20_distance_pct,-11.001308,gte,3.8403,5.5889,3.4965,2.2994
short,15m_previous_ma20_distance_pct,-9.43888,gte,3.8397,5.039,3.479,3.7262
short,15m_previous_ma20_distance_pct,-7.876452,gte,3.8441,4.4546,3.4645,4.1898
short,15m_previous_ma20_distance_pct,-6.314024,gte,3.8181,4.8573,3.389,5.7347
short,15m_previous_ma20_distance_pct,-4.751596,gte,3.8343,4.2359,3.4578,3.8557
short,15m_previous_ma20_distance_pct,-3.189168,gte,3.7367,4.9235,3.51,3.2509
short,15m_previous_ma20_distance_pct,-1.62674,gte,3.7497,4.3203,3.5534,3.189
short,15m_previous_ma20_distance_pct,-0.064312,gte,3.8261,3.9321,3.5443,3.3518
short,15m_previous_ma20_distance_pct,1.498116,gte,3.9258,3.7868,3.5922,3.3626
short,15m_previous_ma20_distance_pct,3.060544,gte,4.0183,3.7612,3.6088,3.4049
short,15m_previous_ma20_distance_pct,4.622972,gte,4.5695,3.6136,3.7863,3.378
short,15m_previous_ma20_distance_pct,6.1854,gte,4.8841,3.6289,3.8659,3.3968
short,15m_previous_ma20_distance_pct,7.747828,gte,5.444,3.6033,4.1143,3.3809
short,15m_previous_ma20_distance_pct,9.310256,gte,6.5399,3.5423,6.0019,3.1848
short,15m_previous_ma20_distance_pct,10.872684,gte,6.5968,3.6173,5.9708,3.2627
short,15m_previous_ma20_distance_pct,12.435112,gte,7.0379,3.6441,5.6891,3.3334
short,15m_previous_ma20_distance_pct,13.99754,gte,6.1755,3.7231,5.9309,3.3386
short,15m_previous_ma20_distance_pct,15.559968,gte,6.724,3.7366,7.0514,3.3296
short,15m_previous_ma20_distance_pct,17.122396,gte,6.5137,3.7711,7.3849,3.3528
short,15m_previous_ma20_distance_pct,18.684824,gte,6.5686,3.7853,7.3013,3.3782
short,15m_previous_ma20_distance_pct,20.247252,gte,6.7503,3.7837,7.8359,3.3686
short,15m_previous_ma20_distance_pct,21.80968,gte,7.2136,3.7794,8.3896,3.3655
short,15m_previous_ma20_distance_pct,23.372108,gte,7.9397,3.7762,10.7544,3.3342
short,15m_previous_ma20_distance_pct,24.934536,gte,7.7654,3.7889,11.9271,3.3298
short,15m_previous_ma20_distance_pct,26.496964,gte,4.7081,3.8483,7.6008,3.4273
short,15m_previous_ma20_distance_pct,28.059392,gte,4.9697,3.846,6.3435,3.4476
short,15m_previous_ma20_distance_pct,29.62182,gte,4.0551,3.858,6.1918,3.4587
short,15m_previous_ma20_distance_pct,31.184248,gte,3.7663,3.8605,6.0924,3.4626
short,15m_previous_ma20_distance_pct,32.746676,gte,4.466,3.8571,13.9178,3.4364
short,15m_previous_ma20_distance_pct,34.309104,gte,4.466,3.8571,13.9178,3.4364
short,15m_previous_ma20_distance_pct,35.871532,gte,4.466,3.8571,13.9178,3.4364
short,15m_previous_ma20_distance_pct,37.43396,gte,29.3423,3.8313,38.8145,3.4437
short,15m_previous_ma20_distance_pct,38.996388,gte,29.3423,3.8313,38.8145,3.4437
short,15m_previous_ma20_distance_pct,40.558816,gte,29.3423,3.8313,38.8145,3.4437
short,15m_previous_ma20_distance_pct,42.121244,gte,29.3423,3.8313,38.8145,3.4437
short,15m_previous_ma20_distance_pct,43.683672,gte,29.3423,3.8313,38.8145,3.4437
short,15m_previous_ma20_distance_pct,45.2461,gte,29.3423,3.8313,38.8145,3.4437
short,15m_previous_ma20_distance_pct,-32.8753,lte,-4.902,3.8696,-38.0278,3.5295
short,15m_previous_ma20_distance_pct,-31.312872,lte,-4.902,3.8696,-38.0278,3.5295
short,15m_previous_ma20_distance_pct,-29.750444,lte,-4.902,3.8696,-38.0278,3.5295
short,15m_previous_ma20_distance_pct,-28.188016,lte,-4.902,3.8696,-38.0278,3.5295
short,15m_previous_ma20_distance_pct,-26.625588,lte,-4.902,3.8696,-38.0278,3.5295
short,15m_previous_ma20_distance_pct,-25.06316,lte,3.9334,3.8596,-23.1022,3.5425
short,15m_previous_ma20_distance_pct,-23.500732,lte,2.8425,3.8632,-11.0161,3.5318
short,15m_previous_ma20_distance_pct,-21.938304,lte,5.3195,3.8532,-4.8526,3.5205
short,15m_previous_ma20_distance_pct,-20.375876,lte,5.3195,3.8532,-4.8526,3.5205
short,15m_previous_ma20_distance_pct,-18.813448,lte,5.3195,3.8532,-4.8526,3.5205
short,15m_previous_ma20_distance_pct,-17.25102,lte,5.5186,3.8505,0.8375,3.498
short,15m_previous_ma20_distance_pct,-15.688592,lte,5.7025,3.8474,2.7096,3.4883
short,15m_previous_ma20_distance_pct,-14.126164,lte,5.2566,3.8488,2.6198,3.4899
short,15m_previous_ma20_distance_pct,-12.563736,lte,6.832,3.8297,3.9163,3.4787
short,15m_previous_ma20_distance_pct,-11.001308,lte,5.5889,3.8403,2.2994,3.4965
short,15m_previous_ma20_distance_pct,-9.43888,lte,5.039,3.8397,3.7262,3.479
short,15m_previous_ma20_distance_pct,-7.876452,lte,4.4546,3.8441,4.1898,3.4645
short,15m_previous_ma20_distance_pct,-6.314024,lte,4.8573,3.8181,5.7347,3.389
short,15m_previous_ma20_distance_pct,-4.751596,lte,4.2359,3.8343,3.8557,3.4578
short,15m_previous_ma20_distance_pct,-3.189168,lte,4.9235,3.7367,3.2509,3.51
short,15m_previous_ma20_distance_pct,-1.62674,lte,4.3203,3.7497,3.189,3.5534
short,15m_previous_ma20_distance_pct,-0.064312,lte,3.9321,3.8261,3.3518,3.5443
short,15m_previous_ma20_distance_pct,1.498116,lte,3.7868,3.9258,3.3626,3.5922
short,15m_previous_ma20_distance_pct,3.060544,lte,3.7612,4.0183,3.4049,3.6088
short,15m_previous_ma20_distance_pct,4.622972,lte,3.6136,4.5695,3.378,3.7863
short,15m_previous_ma20_distance_pct,6.1854,lte,3.6289,4.8841,3.3968,3.8659
short,15m_previous_ma20_distance_pct,7.747828,lte,3.6033,5.444,3.3809,4.1143
short,15m_previous_ma20_distance_pct,9.310256,lte,3.5423,6.5399,3.1848,6.0019
short,15m_previous_ma20_distance_pct,10.872684,lte,3.6173,6.5968,3.2627,5.9708
short,15m_previous_ma20_distance_pct,12.435112,lte,3.6441,7.0379,3.3334,5.6891
short,15m_previous_ma20_distance_pct,13.99754,lte,3.7231,6.1755,3.3386,5.9309
short,15m_previous_ma20_distance_pct,15.559968,lte,3.7366,6.724,3.3296,7.0514
short,15m_previous_ma20_distance_pct,17.122396,lte,3.7711,6.5137,3.3528,7.3849
short,15m_previous_ma20_distance_pct,18.684824,lte,3.7853,6.5686,3.3782,7.3013
short,15m_previous_ma20_distance_pct,20.247252,lte,3.7837,6.7503,3.3686,7.8359
short,15m_previous_ma20_distance_pct,21.80968,lte,3.7794,7.2136,3.3655,8.3896
short,15m_previous_ma20_distance_pct,23.372108,lte,3.7762,7.9397,3.3342,10.7544
short,15m_previous_ma20_distance_pct,24.934536,lte,3.7889,7.7654,3.3298,11.9271
short,15m_previous_ma20_distance_pct,26.496964,lte,3.8483,4.7081,3.4273,7.6008
short,15m_previous_ma20_distance_pct,28.059392,lte,3.846,4.9697,3.4476,6.3435
short,15m_previous_ma20_distance_pct,29.62182,lte,3.858,4.0551,3.4587,6.1918
short,15m_previous_ma20_distance_pct,31.184248,lte,3.8605,3.7663,3.4626,6.0924
short,15m_previous_ma20_distance_pct,32.746676,lte,3.8571,4.466,3.4364,13.9178
short,15m_previous_ma20_distance_pct,34.309104,lte,3.8571,4.466,3.4364,13.9178
short,15m_previous_ma20_distance_pct,35.871532,lte,3.8571,4.466,3.4364,13.9178
short,15m_previous_ma20_distance_pct,37.43396,lte,3.8313,29.3423,3.4437,38.8145
short,15m_previous_ma20_distance_pct,38.996388,lte,3.8313,29.3423,3.4437,38.8145
short,15m_previous_ma20_distance_pct,40.558816,lte,3.8313,29.3423,3.4437,38.8145
short,15m_previous_ma20_distance_pct,42.121244,lte,3.8313,29.3423,3.4437,38.8145
short,15m_previous_ma20_distance_pct,43.683672,lte,3.8313,29.3423,3.4437,38.8145
short,15m_previous_ma20_distance_pct,45.2461,lte,3.8598,0.0,3.4831,0.0
short,15m_previous_range_pct,0.1686,gte,3.8598,0.0,3.4831,0.0
short,15m_previous_range_pct,0.714924,gte,3.9065,2.6732,3.5239,2.4489
short,15m_previous_range_pct,1.261248,gte,4.0671,2.9334,3.6475,2.7484
short,15m_previous_range_pct,1.807572,gte,4.3596,2.9086,3.8493,2.7863
short,15m_previous_range_pct,2.353896,gte,4.6362,3.0351,4.0648,2.8654
short,15m_previous_range_pct,2.90022,gte,4.9772,3.1211,4.3625,2.9018
short,15m_previous_range_pct,3.446544,gte,5.3582,3.1329,5.0972,2.7001
short,15m_previous_range_pct,3.992868,gte,5.4907,3.2504,4.8856,2.9591
short,15m_previous_range_pct,4.539192,gte,5.8829,3.3015,5.5026,2.9258
short,15m_previous_range_pct,5.085516,gte,6.0653,3.3773,5.6848,3.0015
short,15m_previous_range_pct,5.63184,gte,6.0623,3.4696,5.5067,3.1246
short,15m_previous_range_pct,6.178164,gte,6.2694,3.5019,6.2229,3.0762
short,15m_previous_range_pct,6.724488,gte,6.1497,3.5949,6.8115,3.0981
short,15m_previous_range_pct,7.270812,gte,6.3292,3.6246,7.0205,3.1462
short,15m_previous_range_pct,7.817136,gte,6.113,3.672,6.7295,3.2126
short,15m_previous_range_pct,8.36346,gte,5.9474,3.7128,7.2169,3.2202
short,15m_previous_range_pct,8.909784,gte,5.7542,3.755,6.9758,3.29
short,15m_previous_range_pct,9.456108,gte,6.4843,3.7341,7.3301,3.2989
short,15m_previous_range_pct,10.002432,gte,6.4137,3.753,7.8702,3.2997
short,15m_previous_range_pct,10.548756,gte,6.829,3.7499,7.284,3.3425
short,15m_previous_range_pct,11.09508,gte,7.6985,3.7452,7.8677,3.3522
short,15m_previous_range_pct,11.641404,gte,8.0933,3.7583,7.1915,3.3942
short,15m_previous_range_pct,12.187728,gte,8.6232,3.7622,6.8931,3.4133
short,15m_previous_range_pct,12.734052,gte,9.0934,3.7587,6.9977,3.4152
short,15m_previous_range_pct,13.280376,gte,10.2055,3.7445,8.4631,3.3927
short,15m_previous_range_pct,13.8267,gte,9.576,3.7757,7.1903,3.4286
short,15m_previous_range_pct,14.373024,gte,8.2436,3.8054,7.7839,3.4297
short,15m_previous_range_pct,14.919348,gte,5.2533,3.8457,3.8674,3.4792
short,15m_previous_range_pct,15.465672,gte,1.9008,3.8752,4.0643,3.4786
short,15m_previous_range_pct,16.011996,gte,4.6242,3.8564,9.186,3.4576
short,15m_previous_range_pct,16.55832,gte,4.6242,3.8564,9.186,3.4576
short,15m_previous_range_pct,17.104644,gte,0.3059,3.8717,-3.8928,3.5079
short,15m_previous_range_pct,17.650968,gte,0.3059,3.8717,-3.8928,3.5079
short,15m_previous_range_pct,18.197292,gte,0.3059,3.8717,-3.8928,3.5079
short,15m_previous_range_pct,18.743616,gte,7.5933,3.8514,8.0719,3.4729
short,15m_previous_range_pct,19.28994,gte,7.5933,3.8514,8.0719,3.4729
short,15m_previous_range_pct,19.836264,gte,7.5933,3.8514,8.0719,3.4729
short,15m_previous_range_pct,20.382588,gte,7.5933,3.8514,8.0719,3.4729
short,15m_previous_range_pct,20.928912,gte,7.5933,3.8514,8.0719,3.4729
short,15m_previous_range_pct,21.475236,gte,7.5933,3.8514,8.0719,3.4729
short,15m_previous_range_pct,22.02156,gte,7.5933,3.8514,8.0719,3.4729
short,15m_previous_range_pct,22.567884,gte,7.5933,3.8514,8.0719,3.4729
short,15m_previous_range_pct,23.114208,gte,6.7696,3.8565,3.7876,3.4828
short,15m_previous_range_pct,23.660532,gte,6.7696,3.8565,3.7876,3.4828
short,15m_previous_range_pct,24.206856,gte,6.7696,3.8565,3.7876,3.4828
short,15m_previous_range_pct,24.75318,gte,6.7696,3.8565,3.7876,3.4828
short,15m_previous_range_pct,25.299504,gte,6.7696,3.8565,3.7876,3.4828
short,15m_previous_range_pct,25.845828,gte,6.7696,3.8565,3.7876,3.4828
short,15m_previous_range_pct,26.392152,gte,6.7696,3.8565,3.7876,3.4828
short,15m_previous_range_pct,26.938476,gte,6.7696,3.8565,3.7876,3.4828
short,15m_previous_range_pct,27.4848,gte,6.7696,3.8565,3.7876,3.4828
short,15m_previous_range_pct,0.1686,lte,4.8724,3.8587,5.9609,3.4804
short,15m_previous_range_pct,0.714924,lte,2.6732,3.9065,2.4489,3.5239
short,15m_previous_range_pct,1.261248,lte,2.9334,4.0671,2.7484,3.6475
short,15m_previous_range_pct,1.807572,lte,2.9086,4.3596,2.7863,3.8493
short,15m_previous_range_pct,2.353896,lte,3.0351,4.6362,2.8654,4.0648
short,15m_previous_range_pct,2.90022,lte,3.1211,4.9772,2.9018,4.3625
short,15m_previous_range_pct,3.446544,lte,3.1329,5.3582,2.7001,5.0972
short,15m_previous_range_pct,3.992868,lte,3.2504,5.4907,2.9591,4.8856
short,15m_previous_range_pct,4.539192,lte,3.3015,5.8829,2.9258,5.5026
short,15m_previous_range_pct,5.085516,lte,3.3773,6.0653,3.0015,5.6848
short,15m_previous_range_pct,5.63184,lte,3.4696,6.0623,3.1246,5.5067
short,15m_previous_range_pct,6.178164,lte,3.5019,6.2694,3.0762,6.2229
short,15m_previous_range_pct,6.724488,lte,3.5949,6.1497,3.0981,6.8115
short,15m_previous_range_pct,7.270812,lte,3.6246,6.3292,3.1462,7.0205
short,15m_previous_range_pct,7.817136,lte,3.672,6.113,3.2126,6.7295
short,15m_previous_range_pct,8.36346,lte,3.7128,5.9474,3.2202,7.2169
short,15m_previous_range_pct,8.909784,lte,3.755,5.7542,3.29,6.9758
short,15m_previous_range_pct,9.456108,lte,3.7341,6.4843,3.2989,7.3301
short,15m_previous_range_pct,10.002432,lte,3.753,6.4137,3.2997,7.8702
short,15m_previous_range_pct,10.548756,lte,3.7499,6.829,3.3425,7.284
short,15m_previous_range_pct,11.09508,lte,3.7452,7.6985,3.3522,7.8677
short,15m_previous_range_pct,11.641404,lte,3.7583,8.0933,3.3942,7.1915
short,15m_previous_range_pct,12.187728,lte,3.7622,8.6232,3.4133,6.8931
short,15m_previous_range_pct,12.734052,lte,3.7587,9.0934,3.4152,6.9977
short,15m_previous_range_pct,13.280376,lte,3.7445,10.2055,3.3927,8.4631
short,15m_previous_range_pct,13.8267,lte,3.7757,9.576,3.4286,7.1903
short,15m_previous_range_pct,14.373024,lte,3.8054,8.2436,3.4297,7.7839
short,15m_previous_range_pct,14.919348,lte,3.8457,5.2533,3.4792,3.8674
short,15m_previous_range_pct,15.465672,lte,3.8752,1.9008,3.4786,4.0643
short,15m_previous_range_pct,16.011996,lte,3.8564,4.6242,3.4576,9.186
short,15m_previous_range_pct,16.55832,lte,3.8564,4.6242,3.4576,9.186
short,15m_previous_range_pct,17.104644,lte,3.8717,0.3059,3.5079,-3.8928
short,15m_previous_range_pct,17.650968,lte,3.8717,0.3059,3.5079,-3.8928
short,15m_previous_range_pct,18.197292,lte,3.8717,0.3059,3.5079,-3.8928
short,15m_previous_range_pct,18.743616,lte,3.8514,7.5933,3.4729,8.0719
short,15m_previous_range_pct,19.28994,lte,3.8514,7.5933,3.4729,8.0719
short,15m_previous_range_pct,19.836264,lte,3.8514,7.5933,3.4729,8.0719
short,15m_previous_range_pct,20.382588,lte,3.8514,7.5933,3.4729,8.0719
short,15m_previous_range_pct,20.928912,lte,3.8514,7.5933,3.4729,8.0719
short,15m_previous_range_pct,21.475236,lte,3.8514,7.5933,3.4729,8.0719
short,15m_previous_range_pct,22.02156,lte,3.8514,7.5933,3.4729,8.0719
short,15m_previous_range_pct,22.567884,lte,3.8514,7.5933,3.4729,8.0719
short,15m_previous_range_pct,23.114208,lte,3.8565,6.7696,3.4828,3.7876
short,15m_previous_range_pct,23.660532,lte,3.8565,6.7696,3.4828,3.7876
short,15m_previous_range_pct,24.206856,lte,3.8565,6.7696,3.4828,3.7876
short,15m_previous_range_pct,24.75318,lte,3.8565,6.7696,3.4828,3.7876
short,15m_previous_range_pct,25.299504,lte,3.8565,6.7696,3.4828,3.7876
short,15m_previous_range_pct,25.845828,lte,3.8565,6.7696,3.4828,3.7876
short,15m_previous_range_pct,26.392152,lte,3.8565,6.7696,3.4828,3.7876
short,15m_previous_range_pct,26.938476,lte,3.8565,6.7696,3.4828,3.7876
short,15m_previous_range_pct,27.4848,lte,3.8598,0.0,3.4831,0.0
short,15m_previous_return_pct,-14.9063,gte,3.8598,0.0,3.4831,0.0
short,15m_previous_return_pct,-14.333702,gte,3.8565,6.7696,3.4828,3.7876
short,15m_previous_return_pct,-13.761104,gte,3.8565,6.7696,3.4828,3.7876
short,15m_previous_return_pct,-13.188506,gte,3.8565,6.7696,3.4828,3.7876
short,15m_previous_return_pct,-12.615908,gte,3.8565,6.7696,3.4828,3.7876
short,15m_previous_return_pct,-12.04331,gte,3.8565,6.7696,3.4828,3.7876
short,15m_previous_return_pct,-11.470712,gte,3.8565,6.7696,3.4828,3.7876
short,15m_previous_return_pct,-10.898114,gte,3.8655,1.3052,3.495,-1.8339
short,15m_previous_return_pct,-10.325516,gte,3.8655,1.3052,3.495,-1.8339
short,15m_previous_return_pct,-9.752918,gte,3.8655,1.3052,3.495,-1.8339
short,15m_previous_return_pct,-9.18032,gte,3.8655,1.3052,3.495,-1.8339
short,15m_previous_return_pct,-8.607722,gte,3.8655,1.3052,3.495,-1.8339
short,15m_previous_return_pct,-8.035124,gte,3.8511,6.4463,3.4859,2.666
short,15m_previous_return_pct,-7.462526,gte,3.8139,9.6897,3.43,10.233
short,15m_previous_return_pct,-6.889928,gte,3.8053,8.6918,3.4132,9.6817
short,15m_previous_return_pct,-6.31733,gte,3.8053,8.6918,3.4132,9.6817
short,15m_previous_return_pct,-5.744732,gte,3.7548,9.294,3.3315,11.3325
short,15m_previous_return_pct,-5.172134,gte,3.7156,9.5947,3.2957,10.9354
short,15m_previous_return_pct,-4.599536,gte,3.7003,9.2023,3.2619,10.8949
short,15m_previous_return_pct,-4.026938,gte,3.6711,8.3729,3.2413,9.2668
short,15m_previous_return_pct,-3.45434,gte,3.6605,7.8167,3.2501,8.1113
short,15m_previous_return_pct,-2.881742,gte,3.669,7.1609,3.2533,7.4602
short,15m_previous_return_pct,-2.309144,gte,3.6783,6.3471,3.2748,6.3384
short,15m_previous_return_pct,-1.736546,gte,3.6029,5.6978,3.325,4.6144
short,15m_previous_return_pct,-1.163948,gte,3.6062,5.0102,3.2216,4.6696
short,15m_previous_return_pct,-0.59135,gte,3.5435,4.7111,3.1784,4.3034
short,15m_previous_return_pct,-0.018752,gte,3.4891,4.3829,3.1892,3.8979
short,15m_previous_return_pct,0.553846,gte,3.7227,3.9573,3.5095,3.4644
short,15m_previous_return_pct,1.126444,gte,4.2884,3.6877,4.2215,3.1866
short,15m_previous_return_pct,1.699042,gte,4.5754,3.6888,4.3736,3.2703
short,15m_previous_return_pct,2.27164,gte,4.6796,3.7404,4.128,3.3892
short,15m_previous_return_pct,2.844238,gte,4.7037,3.7794,4.351,3.4005
short,15m_previous_return_pct,3.416836,gte,4.5759,3.8057,4.6441,3.3954
short,15m_previous_return_pct,3.989434,gte,5.148,3.7917,5.9125,3.3548
short,15m_previous_return_pct,4.562032,gte,5.4027,3.7953,6.8371,3.3429
short,15m_previous_return_pct,5.13463,gte,5.6074,3.8076,8.3901,3.3366
short,15m_previous_return_pct,5.707228,gte,1.9034,3.9044,6.6584,3.4107
short,15m_previous_return_pct,6.279826,gte,1.9684,3.892,7.4806,3.4151
short,15m_previous_return_pct,6.852424,gte,2.5673,3.8803,7.7139,3.416
short,15m_previous_return_pct,7.425022,gte,2.5673,3.8803,7.7139,3.416
short,15m_previous_return_pct,7.99762,gte,5.7489,3.8363,12.2864,3.3738
short,15m_previous_return_pct,8.570218,gte,6.4715,3.8392,11.8981,3.4169
short,15m_previous_return_pct,9.142816,gte,6.4715,3.8392,11.8981,3.4169
short,15m_previous_return_pct,9.715414,gte,10.7891,3.8131,17.3891,3.3895
short,15m_previous_return_pct,10.288012,gte,12.7965,3.8097,20.6532,3.3869
short,15m_previous_return_pct,10.86061,gte,15.8252,3.8196,27.6563,3.402
short,15m_previous_return_pct,11.433208,gte,15.8252,3.8196,27.6563,3.402
short,15m_previous_return_pct,12.005806,gte,17.9905,3.8282,34.3155,3.4142
short,15m_previous_return_pct,12.578404,gte,17.9905,3.8282,34.3155,3.4142
short,15m_previous_return_pct,13.151002,gte,18.4017,3.8436,20.2086,3.4645
short,15m_previous_return_pct,13.7236,gte,18.4017,3.8436,20.2086,3.4645
short,15m_previous_return_pct,-14.9063,lte,6.7696,3.8565,3.7876,3.4828
short,15m_previous_return_pct,-14.333702,lte,6.7696,3.8565,3.7876,3.4828
short,15m_previous_return_pct,-13.761104,lte,6.7696,3.8565,3.7876,3.4828
short,15m_previous_return_pct,-13.188506,lte,6.7696,3.8565,3.7876,3.4828
short,15m_previous_return_pct,-12.615908,lte,6.7696,3.8565,3.7876,3.4828
short,15m_previous_return_pct,-12.04331,lte,6.7696,3.8565,3.7876,3.4828
short,15m_previous_return_pct,-11.470712,lte,6.7696,3.8565,3.7876,3.4828
short,15m_previous_return_pct,-10.898114,lte,1.3052,3.8655,-1.8339,3.495
short,15m_previous_return_pct,-10.325516,lte,1.3052,3.8655,-1.8339,3.495
short,15m_previous_return_pct,-9.752918,lte,1.3052,3.8655,-1.8339,3.495
short,15m_previous_return_pct,-9.18032,lte,1.3052,3.8655,-1.8339,3.495
short,15m_previous_return_pct,-8.607722,lte,1.3052,3.8655,-1.8339,3.495
short,15m_previous_return_pct,-8.035124,lte,6.4463,3.8511,2.666,3.4859
short,15m_previous_return_pct,-7.462526,lte,9.6897,3.8139,10.233,3.43
short,15m_previous_return_pct,-6.889928,lte,8.6918,3.8053,9.6817,3.4132
short,15m_previous_return_pct,-6.31733,lte,8.6918,3.8053,9.6817,3.4132
short,15m_previous_return_pct,-5.744732,lte,9.294,3.7548,11.3325,3.3315
short,15m_previous_return_pct,-5.172134,lte,9.5947,3.7156,10.9354,3.2957
short,15m_previous_return_pct,-4.599536,lte,9.2023,3.7003,10.8949,3.2619
short,15m_previous_return_pct,-4.026938,lte,8.3729,3.6711,9.2668,3.2413
short,15m_previous_return_pct,-3.45434,lte,7.8167,3.6605,8.1113,3.2501
short,15m_previous_return_pct,-2.881742,lte,7.1609,3.669,7.4602,3.2533
short,15m_previous_return_pct,-2.309144,lte,6.3471,3.6783,6.3384,3.2748
short,15m_previous_return_pct,-1.736546,lte,5.6978,3.6029,4.6144,3.325
short,15m_previous_return_pct,-1.163948,lte,5.0102,3.6062,4.6696,3.2216
short,15m_previous_return_pct,-0.59135,lte,4.7111,3.5435,4.3034,3.1784
short,15m_previous_return_pct,-0.018752,lte,4.3829,3.4891,3.8979,3.1892
short,15m_previous_return_pct,0.553846,lte,3.9573,3.7227,3.4644,3.5095
short,15m_previous_return_pct,1.126444,lte,3.6877,4.2884,3.1866,4.2215
short,15m_previous_return_pct,1.699042,lte,3.6888,4.5754,3.2703,4.3736
short,15m_previous_return_pct,2.27164,lte,3.7404,4.6796,3.3892,4.128
short,15m_previous_return_pct,2.844238,lte,3.7794,4.7037,3.4005,4.351
short,15m_previous_return_pct,3.416836,lte,3.8057,4.5759,3.3954,4.6441
short,15m_previous_return_pct,3.989434,lte,3.7917,5.148,3.3548,5.9125
short,15m_previous_return_pct,4.562032,lte,3.7953,5.4027,3.3429,6.8371
short,15m_previous_return_pct,5.13463,lte,3.8076,5.6074,3.3366,8.3901
short,15m_previous_return_pct,5.707228,lte,3.9044,1.9034,3.4107,6.6584
short,15m_previous_return_pct,6.279826,lte,3.892,1.9684,3.4151,7.4806
short,15m_previous_return_pct,6.852424,lte,3.8803,2.5673,3.416,7.7139
short,15m_previous_return_pct,7.425022,lte,3.8803,2.5673,3.416,7.7139
short,15m_previous_return_pct,7.99762,lte,3.8363,5.7489,3.3738,12.2864
short,15m_previous_return_pct,8.570218,lte,3.8392,6.4715,3.4169,11.8981
short,15m_previous_return_pct,9.142816,lte,3.8392,6.4715,3.4169,11.8981
short,15m_previous_return_pct,9.715414,lte,3.8131,10.7891,3.3895,17.3891
short,15m_previous_return_pct,10.288012,lte,3.8097,12.7965,3.3869,20.6532
short,15m_previous_return_pct,10.86061,lte,3.8196,15.8252,3.402,27.6563
short,15m_previous_return_pct,11.433208,lte,3.8196,15.8252,3.402,27.6563
short,15m_previous_return_pct,12.005806,lte,3.8282,17.9905,3.4142,34.3155
short,15m_previous_return_pct,12.578404,lte,3.8282,17.9905,3.4142,34.3155
short,15m_previous_return_pct,13.151002,lte,3.8436,18.4017,3.4645,20.2086
short,15m_previous_return_pct,13.7236,lte,3.8598,0.0,3.4831,0.0
short,15m_previous_volume_ratio,0.1406,gte,3.8598,0.0,3.4831,0.0
short,15m_previous_volume_ratio,1.370578,gte,4.3939,3.6111,4.0668,3.2113
short,15m_previous_volume_ratio,2.600556,gte,5.2126,3.6468,4.8473,3.2684
short,15m_previous_volume_ratio,3.830534,gte,3.9737,3.8516,3.803,3.4602
short,15m_previous_volume_ratio,5.060512,gte,3.6999,3.8669,4.7056,3.429
short,15m_previous_volume_ratio,6.29049,gte,1.9383,3.9104,2.9217,3.4979
short,15m_previous_volume_ratio,7.520468,gte,1.0214,3.9245,2.2527,3.5112
short,15m_previous_volume_ratio,8.750446,gte,1.2199,3.9077,2.367,3.5034
short,15m_previous_volume_ratio,9.980424,gte,1.5457,3.8965,3.0851,3.4894
short,15m_previous_volume_ratio,11.210402,gte,1.1535,3.8965,2.9299,3.4906
short,15m_previous_volume_ratio,12.44038,gte,1.6317,3.8824,2.7605,3.4904
short,15m_previous_volume_ratio,13.670358,gte,1.8848,3.8753,3.6733,3.4816
short,15m_previous_volume_ratio,14.900336,gte,1.7838,3.8738,2.7295,3.4882
short,15m_previous_volume_ratio,16.130314,gte,1.7838,3.8738,2.7295,3.4882
short,15m_previous_volume_ratio,17.360292,gte,1.7838,3.8738,2.7295,3.4882
short,15m_previous_volume_ratio,18.59027,gte,1.7838,3.8738,2.7295,3.4882
short,15m_previous_volume_ratio,19.820248,gte,2.0838,3.8697,2.8438,3.4867
short,15m_previous_volume_ratio,21.050226,gte,2.0759,3.8678,3.6729,3.4823
short,15m_previous_volume_ratio,22.280204,gte,2.0759,3.8678,3.6729,3.4823
short,15m_previous_volume_ratio,23.510182,gte,2.0091,3.866,1.9129,3.4884
short,15m_previous_volume_ratio,24.74016,gte,2.0091,3.866,1.9129,3.4884
short,15m_previous_volume_ratio,25.970138,gte,2.0091,3.866,1.9129,3.4884
short,15m_previous_volume_ratio,27.200116,gte,2.0091,3.866,1.9129,3.4884
short,15m_previous_volume_ratio,28.430094,gte,2.0091,3.866,1.9129,3.4884
short,15m_previous_volume_ratio,29.660072,gte,2.0091,3.866,1.9129,3.4884
short,15m_previous_volume_ratio,30.89005,gte,1.8431,3.8643,1.8033,3.4869
short,15m_previous_volume_ratio,32.120028,gte,1.8431,3.8643,1.8033,3.4869
short,15m_previous_volume_ratio,33.350006,gte,1.8431,3.8643,1.8033,3.4869
short,15m_previous_volume_ratio,34.579984,gte,0.933,3.8631,1.345,3.4855
short,15m_previous_volume_ratio,35.809962,gte,0.933,3.8631,1.345,3.4855
short,15m_previous_volume_ratio,37.03994,gte,0.933,3.8631,1.345,3.4855
short,15m_previous_volume_ratio,38.269918,gte,0.933,3.8631,1.345,3.4855
short,15m_previous_volume_ratio,39.499896,gte,0.933,3.8631,1.345,3.4855
short,15m_previous_volume_ratio,40.729874,gte,0.933,3.8631,1.345,3.4855
short,15m_previous_volume_ratio,41.959852,gte,0.933,3.8631,1.345,3.4855
short,15m_previous_volume_ratio,43.18983,gte,0.933,3.8631,1.345,3.4855
short,15m_previous_volume_ratio,44.419808,gte,0.933,3.8631,1.345,3.4855
short,15m_previous_volume_ratio,45.649786,gte,0.933,3.8631,1.345,3.4855
short,15m_previous_volume_ratio,46.879764,gte,0.933,3.8631,1.345,3.4855
short,15m_previous_volume_ratio,48.109742,gte,0.933,3.8631,1.345,3.4855
short,15m_previous_volume_ratio,49.33972,gte,0.933,3.8631,1.345,3.4855
short,15m_previous_volume_ratio,50.569698,gte,0.933,3.8631,1.345,3.4855
short,15m_previous_volume_ratio,51.799676,gte,0.933,3.8631,1.345,3.4855
short,15m_previous_volume_ratio,53.029654,gte,0.933,3.8631,1.345,3.4855
short,15m_previous_volume_ratio,54.259632,gte,0.933,3.8631,1.345,3.4855
short,15m_previous_volume_ratio,55.48961,gte,0.933,3.8631,1.345,3.4855
short,15m_previous_volume_ratio,56.719588,gte,0.933,3.8631,1.345,3.4855
short,15m_previous_volume_ratio,57.949566,gte,0.933,3.8631,1.345,3.4855
short,15m_previous_volume_ratio,59.179544,gte,0.933,3.8631,1.345,3.4855
short,15m_previous_volume_ratio,60.409522,gte,0.933,3.8631,1.345,3.4855
short,15m_previous_volume_ratio,61.6395,gte,0.933,3.8631,1.345,3.4855
short,15m_previous_volume_ratio,0.1406,lte,4.8724,3.8587,5.9609,3.4804
short,15m_previous_volume_ratio,1.370578,lte,3.6111,4.3939,3.2113,4.0668
short,15m_previous_volume_ratio,2.600556,lte,3.6468,5.2126,3.2684,4.8473
short,15m_previous_volume_ratio,3.830534,lte,3.8516,3.9737,3.4602,3.803
short,15m_previous_volume_ratio,5.060512,lte,3.8669,3.6999,3.429,4.7056
short,15m_previous_volume_ratio,6.29049,lte,3.9104,1.9383,3.4979,2.9217
short,15m_previous_volume_ratio,7.520468,lte,3.9245,1.0214,3.5112,2.2527
short,15m_previous_volume_ratio,8.750446,lte,3.9077,1.2199,3.5034,2.367
short,15m_previous_volume_ratio,9.980424,lte,3.8965,1.5457,3.4894,3.0851
short,15m_previous_volume_ratio,11.210402,lte,3.8965,1.1535,3.4906,2.9299
short,15m_previous_volume_ratio,12.44038,lte,3.8824,1.6317,3.4904,2.7605
short,15m_previous_volume_ratio,13.670358,lte,3.8753,1.8848,3.4816,3.6733
short,15m_previous_volume_ratio,14.900336,lte,3.8738,1.7838,3.4882,2.7295
short,15m_previous_volume_ratio,16.130314,lte,3.8738,1.7838,3.4882,2.7295
short,15m_previous_volume_ratio,17.360292,lte,3.8738,1.7838,3.4882,2.7295
short,15m_previous_volume_ratio,18.59027,lte,3.8738,1.7838,3.4882,2.7295
short,15m_previous_volume_ratio,19.820248,lte,3.8697,2.0838,3.4867,2.8438
short,15m_previous_volume_ratio,21.050226,lte,3.8678,2.0759,3.4823,3.6729
short,15m_previous_volume_ratio,22.280204,lte,3.8678,2.0759,3.4823,3.6729
short,15m_previous_volume_ratio,23.510182,lte,3.866,2.0091,3.4884,1.9129
short,15m_previous_volume_ratio,24.74016,lte,3.866,2.0091,3.4884,1.9129
short,15m_previous_volume_ratio,25.970138,lte,3.866,2.0091,3.4884,1.9129
short,15m_previous_volume_ratio,27.200116,lte,3.866,2.0091,3.4884,1.9129
short,15m_previous_volume_ratio,28.430094,lte,3.866,2.0091,3.4884,1.9129
short,15m_previous_volume_ratio,29.660072,lte,3.866,2.0091,3.4884,1.9129
short,15m_previous_volume_ratio,30.89005,lte,3.8643,1.8431,3.4869,1.8033
short,15m_previous_volume_ratio,32.120028,lte,3.8643,1.8431,3.4869,1.8033
short,15m_previous_volume_ratio,33.350006,lte,3.8643,1.8431,3.4869,1.8033
short,15m_previous_volume_ratio,34.579984,lte,3.8631,0.933,3.4855,1.345
short,15m_previous_volume_ratio,35.809962,lte,3.8631,0.933,3.4855,1.345
short,15m_previous_volume_ratio,37.03994,lte,3.8631,0.933,3.4855,1.345
short,15m_previous_volume_ratio,38.269918,lte,3.8631,0.933,3.4855,1.345
short,15m_previous_volume_ratio,39.499896,lte,3.8631,0.933,3.4855,1.345
short,15m_previous_volume_ratio,40.729874,lte,3.8631,0.933,3.4855,1.345
short,15m_previous_volume_ratio,41.959852,lte,3.8631,0.933,3.4855,1.345
short,15m_previous_volume_ratio,43.18983,lte,3.8631,0.933,3.4855,1.345
short,15m_previous_volume_ratio,44.419808,lte,3.8631,0.933,3.4855,1.345
short,15m_previous_volume_ratio,45.649786,lte,3.8631,0.933,3.4855,1.345
short,15m_previous_volume_ratio,46.879764,lte,3.8631,0.933,3.4855,1.345
short,15m_previous_volume_ratio,48.109742,lte,3.8631,0.933,3.4855,1.345
short,15m_previous_volume_ratio,49.33972,lte,3.8631,0.933,3.4855,1.345
short,15m_previous_volume_ratio,50.569698,lte,3.8631,0.933,3.4855,1.345
short,15m_previous_volume_ratio,51.799676,lte,3.8631,0.933,3.4855,1.345
short,15m_previous_volume_ratio,53.029654,lte,3.8631,0.933,3.4855,1.345
short,15m_previous_volume_ratio,54.259632,lte,3.8631,0.933,3.4855,1.345
short,15m_previous_volume_ratio,55.48961,lte,3.8631,0.933,3.4855,1.345
short,15m_previous_volume_ratio,56.719588,lte,3.8631,0.933,3.4855,1.345
short,15m_previous_volume_ratio,57.949566,lte,3.8631,0.933,3.4855,1.345
short,15m_previous_volume_ratio,59.179544,lte,3.8631,0.933,3.4855,1.345
short,15m_previous_volume_ratio,60.409522,lte,3.8631,0.933,3.4855,1.345
short,15m_previous_volume_ratio,61.6395,lte,3.8598,0.0,3.4831,0.0
short,1h_current_body_pct,0.0058,gte,3.8598,0.0,3.4831,0.0
short,1h_current_body_pct,0.731838,gte,4.0698,-0.6395,3.7255,-1.7091
short,1h_current_body_pct,1.457876,gte,4.3782,0.1506,4.0213,-0.3672
short,1h_current_body_pct,2.183914,gte,4.8697,0.9985,4.4274,0.8077
short,1h_current_body_pct,2.909952,gte,5.5779,1.5956,5.1444,1.2938
short,1h_current_body_pct,3.63599,gte,6.3076,1.9424,5.8458,1.6325
short,1h_current_body_pct,4.362028,gte,7.128,2.176,6.4898,1.9341
short,1h_current_body_pct,5.088066,gte,7.9314,2.4558,7.0123,2.2662
short,1h_current_body_pct,5.814104,gte,8.7402,2.6853,7.8387,2.4349
short,1h_current_body_pct,6.540142,gte,9.1452,2.8574,8.3297,2.5639
short,1h_current_body_pct,7.26618,gte,9.8869,3.0261,9.2811,2.6811
short,1h_current_body_pct,7.992218,gte,10.5824,3.1377,10.3661,2.7438
short,1h_current_body_pct,8.718256,gte,11.8242,3.2065,12.2778,2.7617
short,1h_current_body_pct,9.444294,gte,12.329,3.2527,13.451,2.7686
short,1h_current_body_pct,10.170332,gte,13.0786,3.2809,13.5179,2.853
short,1h_current_body_pct,10.89637,gte,14.663,3.2892,14.8496,2.8828
short,1h_current_body_pct,11.622408,gte,15.1325,3.3336,15.7639,2.9099
short,1h_current_body_pct,12.348446,gte,14.3465,3.434,16.4238,2.9577
short,1h_current_body_pct,13.074484,gte,13.7026,3.5192,17.0082,3.0151
short,1h_current_body_pct,13.800522,gte,13.3813,3.5643,17.526,3.0473
short,1h_current_body_pct,14.52656,gte,14.1585,3.5767,18.5955,3.0677
short,1h_current_body_pct,15.252598,gte,14.6834,3.6256,19.8707,3.1285
short,1h_current_body_pct,15.978636,gte,13.2739,3.6888,19.8756,3.1854
short,1h_current_body_pct,16.704674,gte,13.2739,3.6888,19.8756,3.1854
short,1h_current_body_pct,17.430712,gte,14.3742,3.6931,20.7097,3.21
short,1h_current_body_pct,18.15675,gte,14.3742,3.6931,20.7097,3.21
short,1h_current_body_pct,18.882788,gte,14.3742,3.6931,20.7097,3.21
short,1h_current_body_pct,19.608826,gte,14.0115,3.7221,18.802,3.2754
short,1h_current_body_pct,20.334864,gte,13.2326,3.7541,15.9581,3.3425
short,1h_current_body_pct,21.060902,gte,13.2326,3.7541,15.9581,3.3425
short,1h_current_body_pct,21.78694,gte,13.2326,3.7541,15.9581,3.3425
short,1h_current_body_pct,22.512978,gte,12.3567,3.7737,15.9371,3.3569
short,1h_current_body_pct,23.239016,gte,9.2145,3.8177,12.9174,3.4089
short,1h_current_body_pct,23.965054,gte,5.8904,3.8461,8.7938,3.4474
short,1h_current_body_pct,24.691092,gte,5.8904,3.8461,8.7938,3.4474
short,1h_current_body_pct,25.41713,gte,5.8904,3.8461,8.7938,3.4474
short,1h_current_body_pct,26.143168,gte,13.5734,3.8053,16.5811,3.4097
short,1h_current_body_pct,26.869206,gte,13.5734,3.8053,16.5811,3.4097
short,1h_current_body_pct,27.595244,gte,8.335,3.8397,10.1332,3.4533
short,1h_current_body_pct,28.321282,gte,8.335,3.8397,10.1332,3.4533
short,1h_current_body_pct,29.04732,gte,8.335,3.8397,10.1332,3.4533
short,1h_current_body_pct,29.773358,gte,-1.3782,3.8774,2.0629,3.4879
short,1h_current_body_pct,30.499396,gte,-1.3782,3.8774,2.0629,3.4879
short,1h_current_body_pct,31.225434,gte,-17.4249,3.9073,-13.172,3.5203
short,1h_current_body_pct,31.951472,gte,-17.4249,3.9073,-13.172,3.5203
short,1h_current_body_pct,32.67751,gte,-47.6005,3.9172,-39.982,3.5316
short,1h_current_body_pct,33.403548,gte,-47.6005,3.9172,-39.982,3.5316
short,1h_current_body_pct,34.129586,gte,-47.6005,3.9172,-39.982,3.5316
short,1h_current_body_pct,34.855624,gte,-47.6005,3.9172,-39.982,3.5316
short,1h_current_body_pct,35.581662,gte,-47.6005,3.9172,-39.982,3.5316
short,1h_current_body_pct,36.3077,gte,-47.6005,3.9172,-39.982,3.5316
short,1h_current_body_pct,0.0058,lte,-8.5922,3.8737,-2.605,3.4899
short,1h_current_body_pct,0.731838,lte,-0.6395,4.0698,-1.7091,3.7255
short,1h_current_body_pct,1.457876,lte,0.1506,4.3782,-0.3672,4.0213
short,1h_current_body_pct,2.183914,lte,0.9985,4.8697,0.8077,4.4274
short,1h_current_body_pct,2.909952,lte,1.5956,5.5779,1.2938,5.1444
short,1h_current_body_pct,3.63599,lte,1.9424,6.3076,1.6325,5.8458
short,1h_current_body_pct,4.362028,lte,2.176,7.128,1.9341,6.4898
short,1h_current_body_pct,5.088066,lte,2.4558,7.9314,2.2662,7.0123
short,1h_current_body_pct,5.814104,lte,2.6853,8.7402,2.4349,7.8387
short,1h_current_body_pct,6.540142,lte,2.8574,9.1452,2.5639,8.3297
short,1h_current_body_pct,7.26618,lte,3.0261,9.8869,2.6811,9.2811
short,1h_current_body_pct,7.992218,lte,3.1377,10.5824,2.7438,10.3661
short,1h_current_body_pct,8.718256,lte,3.2065,11.8242,2.7617,12.2778
short,1h_current_body_pct,9.444294,lte,3.2527,12.329,2.7686,13.451
short,1h_current_body_pct,10.170332,lte,3.2809,13.0786,2.853,13.5179
short,1h_current_body_pct,10.89637,lte,3.2892,14.663,2.8828,14.8496
short,1h_current_body_pct,11.622408,lte,3.3336,15.1325,2.9099,15.7639
short,1h_current_body_pct,12.348446,lte,3.434,14.3465,2.9577,16.4238
short,1h_current_body_pct,13.074484,lte,3.5192,13.7026,3.0151,17.0082
short,1h_current_body_pct,13.800522,lte,3.5643,13.3813,3.0473,17.526
short,1h_current_body_pct,14.52656,lte,3.5767,14.1585,3.0677,18.5955
short,1h_current_body_pct,15.252598,lte,3.6256,14.6834,3.1285,19.8707
short,1h_current_body_pct,15.978636,lte,3.6888,13.2739,3.1854,19.8756
short,1h_current_body_pct,16.704674,lte,3.6888,13.2739,3.1854,19.8756
short,1h_current_body_pct,17.430712,lte,3.6931,14.3742,3.21,20.7097
short,1h_current_body_pct,18.15675,lte,3.6931,14.3742,3.21,20.7097
short,1h_current_body_pct,18.882788,lte,3.6931,14.3742,3.21,20.7097
short,1h_current_body_pct,19.608826,lte,3.7221,14.0115,3.2754,18.802
short,1h_current_body_pct,20.334864,lte,3.7541,13.2326,3.3425,15.9581
short,1h_current_body_pct,21.060902,lte,3.7541,13.2326,3.3425,15.9581
short,1h_current_body_pct,21.78694,lte,3.7541,13.2326,3.3425,15.9581
short,1h_current_body_pct,22.512978,lte,3.7737,12.3567,3.3569,15.9371
short,1h_current_body_pct,23.239016,lte,3.8177,9.2145,3.4089,12.9174
short,1h_current_body_pct,23.965054,lte,3.8461,5.8904,3.4474,8.7938
short,1h_current_body_pct,24.691092,lte,3.8461,5.8904,3.4474,8.7938
short,1h_current_body_pct,25.41713,lte,3.8461,5.8904,3.4474,8.7938
short,1h_current_body_pct,26.143168,lte,3.8053,13.5734,3.4097,16.5811
short,1h_current_body_pct,26.869206,lte,3.8053,13.5734,3.4097,16.5811
short,1h_current_body_pct,27.595244,lte,3.8397,8.335,3.4533,10.1332
short,1h_current_body_pct,28.321282,lte,3.8397,8.335,3.4533,10.1332
short,1h_current_body_pct,29.04732,lte,3.8397,8.335,3.4533,10.1332
short,1h_current_body_pct,29.773358,lte,3.8774,-1.3782,3.4879,2.0629
short,1h_current_body_pct,30.499396,lte,3.8774,-1.3782,3.4879,2.0629
short,1h_current_body_pct,31.225434,lte,3.9073,-17.4249,3.5203,-13.172
short,1h_current_body_pct,31.951472,lte,3.9073,-17.4249,3.5203,-13.172
short,1h_current_body_pct,32.67751,lte,3.9172,-47.6005,3.5316,-39.982
short,1h_current_body_pct,33.403548,lte,3.9172,-47.6005,3.5316,-39.982
short,1h_current_body_pct,34.129586,lte,3.9172,-47.6005,3.5316,-39.982
short,1h_current_body_pct,34.855624,lte,3.9172,-47.6005,3.5316,-39.982
short,1h_current_body_pct,35.581662,lte,3.9172,-47.6005,3.5316,-39.982
short,1h_current_body_pct,36.3077,lte,3.8598,0.0,3.4831,0.0
short,1h_current_close_position,0.0,gte,3.8598,0.0,3.4831,0.0
short,1h_current_close_position,0.018922,gte,3.8167,5.7506,3.4315,5.7453
short,1h_current_close_position,0.037844,gte,3.7297,5.7419,3.3376,5.588
short,1h_current_close_position,0.056766,gte,3.596,6.0865,3.1739,6.0935
short,1h_current_close_position,0.075688,gte,3.5155,5.5473,3.0712,5.5019
short,1h_current_close_position,0.09461,gte,3.4279,5.3844,3.0604,4.9754
short,1h_current_close_position,0.113532,gte,3.2657,5.4587,2.843,5.2058
short,1h_current_close_position,0.132454,gte,3.1483,5.2899,2.6447,5.1683
short,1h_current_close_position,0.151376,gte,3.0744,5.1464,2.5951,4.938
short,1h_current_close_position,0.170298,gte,3.0414,4.9885,2.3633,5.0278
short,1h_current_close_position,0.18922,gte,2.969,4.8491,2.2538,4.8484
short,1h_current_close_position,0.208142,gte,2.7313,4.885,2.1422,4.7014
short,1h_current_close_position,0.227064,gte,2.5662,4.8594,1.9919,4.6354
short,1h_current_close_position,0.245986,gte,2.3336,4.8877,1.6404,4.7242
short,1h_current_close_position,0.264908,gte,2.226,4.8198,1.6801,4.5426
short,1h_current_close_position,0.28383,gte,2.1586,4.7061,1.3728,4.533
short,1h_current_close_position,0.302752,gte,2.1277,4.5861,1.1206,4.4737
short,1h_current_close_position,0.321674,gte,1.9805,4.5307,1.0602,4.3482
short,1h_current_close_position,0.340596,gte,1.9032,4.4842,1.0997,4.2437
short,1h_current_close_position,0.359518,gte,1.7623,4.4539,0.969,4.1953
short,1h_current_close_position,0.37844,gte,1.6183,4.4422,0.8539,4.1663
short,1h_current_close_position,0.397362,gte,1.441,4.4254,0.5851,4.1608
short,1h_current_close_position,0.416284,gte,1.2825,4.3608,0.348,4.0926
short,1h_current_close_position,0.435206,gte,0.8884,4.3589,-0.2061,4.1028
short,1h_current_close_position,0.454128,gte,0.6967,4.3389,-0.3186,4.059
short,1h_current_close_position,0.47305,gte,0.2291,4.3463,-1.1361,4.1021
short,1h_current_close_position,0.491972,gte,-0.2094,4.3305,-1.326,4.0394
short,1h_current_close_position,0.510894,gte,-0.5408,4.2966,-1.9317,4.0206
short,1h_current_close_position,0.529816,gte,-0.7639,4.2451,-2.3777,3.9715
short,1h_current_close_position,0.548738,gte,-0.9345,4.2281,-2.5588,3.9473
short,1h_current_close_position,0.56766,gte,-0.9945,4.2078,-2.8499,3.9371
short,1h_current_close_position,0.586582,gte,-1.2959,4.2031,-3.0403,3.9175
short,1h_current_close_position,0.605504,gte,-1.7143,4.1888,-3.4393,3.8918
short,1h_current_close_position,0.624426,gte,-3.4225,4.2265,-3.9867,3.8592
short,1h_current_close_position,0.643348,gte,-3.8101,4.2084,-4.5821,3.8497
short,1h_current_close_position,0.66227,gte,-4.5073,4.1894,-5.4974,3.8369
short,1h_current_close_position,0.681192,gte,-4.8933,4.1522,-6.0894,3.8029
short,1h_current_close_position,0.700114,gte,-5.6858,4.1335,-6.1471,3.7592
short,1h_current_close_position,0.719036,gte,-7.133,4.0977,-8.0555,3.7328
short,1h_current_close_position,0.737958,gte,-8.4089,4.0826,-9.7693,3.7238
short,1h_current_close_position,0.75688,gte,-9.0237,4.0789,-9.9111,3.7109
short,1h_current_close_position,0.775802,gte,-10.9098,4.0601,-9.482,3.6589
short,1h_current_close_position,0.794724,gte,-11.7732,4.036,-10.7102,3.6431
short,1h_current_close_position,0.813646,gte,-12.7047,4.0277,-12.2592,3.6427
short,1h_current_close_position,0.832568,gte,-17.722,3.9808,-17.81,3.6025
short,1h_current_close_position,0.85149,gte,-17.722,3.9808,-17.81,3.6025
short,1h_current_close_position,0.870412,gte,-10.897,3.9093,-12.4891,3.5367
short,1h_current_close_position,0.889334,gte,-10.897,3.9093,-12.4891,3.5367
short,1h_current_close_position,0.908256,gte,-3.0101,3.8675,-17.2153,3.5062
short,1h_current_close_position,0.927178,gte,-3.0101,3.8675,-17.2153,3.5062
short,1h_current_close_position,0.9461,gte,-3.0101,3.8675,-17.2153,3.5062
short,1h_current_close_position,0.0,lte,2.9299,3.864,3.1447,3.4846
short,1h_current_close_position,0.018922,lte,5.7506,3.8167,5.7453,3.4315
short,1h_current_close_position,0.037844,lte,5.7419,3.7297,5.588,3.3376
short,1h_current_close_position,0.056766,lte,6.0865,3.596,6.0935,3.1739
short,1h_current_close_position,0.075688,lte,5.5473,3.5155,5.5019,3.0712
short,1h_current_close_position,0.09461,lte,5.3844,3.4279,4.9754,3.0604
short,1h_current_close_position,0.113532,lte,5.4587,3.2657,5.2058,2.843
short,1h_current_close_position,0.132454,lte,5.2899,3.1483,5.1683,2.6447
short,1h_current_close_position,0.151376,lte,5.1464,3.0744,4.938,2.5951
short,1h_current_close_position,0.170298,lte,4.9885,3.0414,5.0278,2.3633
short,1h_current_close_position,0.18922,lte,4.8491,2.969,4.8484,2.2538
short,1h_current_close_position,0.208142,lte,4.885,2.7313,4.7014,2.1422
short,1h_current_close_position,0.227064,lte,4.8594,2.5662,4.6354,1.9919
short,1h_current_close_position,0.245986,lte,4.8877,2.3336,4.7242,1.6404
short,1h_current_close_position,0.264908,lte,4.8198,2.226,4.5426,1.6801
short,1h_current_close_position,0.28383,lte,4.7061,2.1586,4.533,1.3728
short,1h_current_close_position,0.302752,lte,4.5861,2.1277,4.4737,1.1206
short,1h_current_close_position,0.321674,lte,4.5307,1.9805,4.3482,1.0602
short,1h_current_close_position,0.340596,lte,4.4842,1.9032,4.2437,1.0997
short,1h_current_close_position,0.359518,lte,4.4539,1.7623,4.1953,0.969
short,1h_current_close_position,0.37844,lte,4.4422,1.6183,4.1663,0.8539
short,1h_current_close_position,0.397362,lte,4.4254,1.441,4.1608,0.5851
short,1h_current_close_position,0.416284,lte,4.3608,1.2825,4.0926,0.348
short,1h_current_close_position,0.435206,lte,4.3589,0.8884,4.1028,-0.2061
short,1h_current_close_position,0.454128,lte,4.3389,0.6967,4.059,-0.3186
short,1h_current_close_position,0.47305,lte,4.3463,0.2291,4.1021,-1.1361
short,1h_current_close_position,0.491972,lte,4.3305,-0.2094,4.0394,-1.326
short,1h_current_close_position,0.510894,lte,4.2966,-0.5408,4.0206,-1.9317
short,1h_current_close_position,0.529816,lte,4.2451,-0.7639,3.9715,-2.3777
short,1h_current_close_position,0.548738,lte,4.2281,-0.9345,3.9473,-2.5588
short,1h_current_close_position,0.56766,lte,4.2078,-0.9945,3.9371,-2.8499
short,1h_current_close_position,0.586582,lte,4.2031,-1.2959,3.9175,-3.0403
short,1h_current_close_position,0.605504,lte,4.1888,-1.7143,3.8918,-3.4393
short,1h_current_close_position,0.624426,lte,4.2265,-3.4225,3.8592,-3.9867
short,1h_current_close_position,0.643348,lte,4.2084,-3.8101,3.8497,-4.5821
short,1h_current_close_position,0.66227,lte,4.1894,-4.5073,3.8369,-5.4974
short,1h_current_close_position,0.681192,lte,4.1522,-4.8933,3.8029,-6.0894
short,1h_current_close_position,0.700114,lte,4.1335,-5.6858,3.7592,-6.1471
short,1h_current_close_position,0.719036,lte,4.0977,-7.133,3.7328,-8.0555
short,1h_current_close_position,0.737958,lte,4.0826,-8.4089,3.7238,-9.7693
short,1h_current_close_position,0.75688,lte,4.0789,-9.0237,3.7109,-9.9111
short,1h_current_close_position,0.775802,lte,4.0601,-10.9098,3.6589,-9.482
short,1h_current_close_position,0.794724,lte,4.036,-11.7732,3.6431,-10.7102
short,1h_current_close_position,0.813646,lte,4.0277,-12.7047,3.6427,-12.2592
short,1h_current_close_position,0.832568,lte,3.9808,-17.722,3.6025,-17.81
short,1h_current_close_position,0.85149,lte,3.9808,-17.722,3.6025,-17.81
short,1h_current_close_position,0.870412,lte,3.9093,-10.897,3.5367,-12.4891
short,1h_current_close_position,0.889334,lte,3.9093,-10.897,3.5367,-12.4891
short,1h_current_close_position,0.908256,lte,3.8675,-3.0101,3.5062,-17.2153
short,1h_current_close_position,0.927178,lte,3.8675,-3.0101,3.5062,-17.2153
short,1h_current_close_position,0.9461,lte,3.8598,0.0,3.4831,0.0
short,1h_current_compression,0.0,gte,3.8598,0.0,3.4831,0.0
short,1h_current_compression,1.9,gte,2.1551,3.9228,1.7812,3.5461
short,1h_current_compression,3.8,gte,2.5594,3.873,2.172,3.4964
short,1h_current_compression,5.7,gte,2.7754,3.8659,2.3474,3.4895
short,1h_current_compression,7.6,gte,2.7754,3.8659,2.3474,3.4895
short,1h_current_compression,9.5,gte,2.7754,3.8659,2.3474,3.4895
short,1h_current_compression,11.4,gte,4.0292,3.8592,3.3314,3.4836
short,1h_current_compression,13.3,gte,4.0292,3.8592,3.3314,3.4836
short,1h_current_compression,15.2,gte,4.0292,3.8592,3.3314,3.4836
short,1h_current_compression,17.1,gte,3.6077,3.8603,2.0167,3.4864
short,1h_current_compression,19.0,gte,3.6077,3.8603,2.0167,3.4864
short,1h_current_compression,0.0,lte,3.9789,2.1049,3.581,2.0402
short,1h_current_compression,1.9,lte,3.9228,2.1551,3.5461,1.7812
short,1h_current_compression,3.8,lte,3.873,2.5594,3.4964,2.172
short,1h_current_compression,5.7,lte,3.8659,2.7754,3.4895,2.3474
short,1h_current_compression,7.6,lte,3.8659,2.7754,3.4895,2.3474
short,1h_current_compression,9.5,lte,3.8659,2.7754,3.4895,2.3474
short,1h_current_compression,11.4,lte,3.8592,4.0292,3.4836,3.3314
short,1h_current_compression,13.3,lte,3.8592,4.0292,3.4836,3.3314
short,1h_current_compression,15.2,lte,3.8592,4.0292,3.4836,3.3314
short,1h_current_compression,17.1,lte,3.8603,3.6077,3.4864,2.0167
short,1h_current_compression,19.0,lte,3.8598,0.0,3.4831,0.0
short,1h_current_ma20_distance_pct,-29.6876,gte,3.8598,0.0,3.4831,0.0
short,1h_current_ma20_distance_pct,-27.993598,gte,3.8499,12.7507,3.4718,13.638
short,1h_current_ma20_distance_pct,-26.299596,gte,3.8499,12.7507,3.4718,13.638
short,1h_current_ma20_distance_pct,-24.605594,gte,3.8392,13.0823,3.4518,17.5064
short,1h_current_ma20_distance_pct,-22.911592,gte,3.8392,13.0823,3.4518,17.5064
short,1h_current_ma20_distance_pct,-21.21759,gte,3.8199,15.7347,3.4377,17.0133
short,1h_current_ma20_distance_pct,-19.523588,gte,3.7769,18.6549,3.3888,20.304
short,1h_current_ma20_distance_pct,-17.829586,gte,3.7625,16.2328,3.3662,18.3433
short,1h_current_ma20_distance_pct,-16.135584,gte,3.7035,19.2782,3.2948,22.0661
short,1h_current_ma20_distance_pct,-14.441582,gte,3.6482,16.3024,3.2659,16.2553
short,1h_current_ma20_distance_pct,-12.74758,gte,3.5564,14.4407,3.1475,15.1908
short,1h_current_ma20_distance_pct,-11.053578,gte,3.5557,11.5784,3.1569,11.763
short,1h_current_ma20_distance_pct,-9.359576,gte,3.4684,9.5209,3.0468,9.795
short,1h_current_ma20_distance_pct,-7.665574,gte,3.3789,8.5138,2.986,8.2945
short,1h_current_ma20_distance_pct,-5.971572,gte,3.3708,7.1198,3.0087,6.646
short,1h_current_ma20_distance_pct,-4.27757,gte,3.3032,6.2059,2.8459,6.169
short,1h_current_ma20_distance_pct,-2.583568,gte,3.2598,5.4836,2.7428,5.487
short,1h_current_ma20_distance_pct,-0.889566,gte,3.2576,4.9094,2.6844,4.8753
short,1h_current_ma20_distance_pct,0.804436,gte,3.2254,4.5488,2.5768,4.4674
short,1h_current_ma20_distance_pct,2.498438,gte,3.2856,4.2742,2.5526,4.1546
short,1h_current_ma20_distance_pct,4.19244,gte,3.2824,4.1587,2.4886,3.9981
short,1h_current_ma20_distance_pct,5.886442,gte,3.3137,4.0548,2.6338,3.7864
short,1h_current_ma20_distance_pct,7.580444,gte,2.9012,4.1296,2.4365,3.7777
short,1h_current_ma20_distance_pct,9.274446,gte,3.0508,4.0381,2.5553,3.6876
short,1h_current_ma20_distance_pct,10.968448,gte,2.8267,4.0163,2.2973,3.6627
short,1h_current_ma20_distance_pct,12.66245,gte,2.7267,4.0004,2.2659,3.6341
short,1h_current_ma20_distance_pct,14.356452,gte,2.7239,3.9896,2.2109,3.6285
short,1h_current_ma20_distance_pct,16.050454,gte,2.7572,3.956,3.0821,3.5181
short,1h_current_ma20_distance_pct,17.744456,gte,2.8893,3.9294,3.6215,3.4732
short,1h_current_ma20_distance_pct,19.438458,gte,2.3144,3.9568,2.6324,3.5365
short,1h_current_ma20_distance_pct,21.13246,gte,2.4977,3.9351,2.4137,3.5423
short,1h_current_ma20_distance_pct,22.826462,gte,2.3802,3.9343,1.891,3.5633
short,1h_current_ma20_distance_pct,24.520464,gte,2.8311,3.904,2.6967,3.517
short,1h_current_ma20_distance_pct,26.214466,gte,2.34,3.9197,3.1509,3.4962
short,1h_current_ma20_distance_pct,27.908468,gte,1.7572,3.9325,2.0838,3.5315
short,1h_current_ma20_distance_pct,29.60247,gte,1.6316,3.9316,2.2132,3.524
short,1h_current_ma20_distance_pct,31.296472,gte,0.6555,3.9554,2.4441,3.5141
short,1h_current_ma20_distance_pct,32.990474,gte,1.2934,3.9243,3.2087,3.49
short,1h_current_ma20_distance_pct,34.684476,gte,-0.7473,3.9435,2.7186,3.497
short,1h_current_ma20_distance_pct,36.378478,gte,-1.3388,3.9482,2.3545,3.5023
short,1h_current_ma20_distance_pct,38.07248,gte,-2.0789,3.9471,2.2622,3.5011
short,1h_current_ma20_distance_pct,39.766482,gte,-2.4672,3.9311,1.1154,3.5098
short,1h_current_ma20_distance_pct,41.460484,gte,-2.9446,3.9287,-1.1418,3.53
short,1h_current_ma20_distance_pct,43.154486,gte,0.6577,3.8813,3.5669,3.4826
short,1h_current_ma20_distance_pct,44.848488,gte,4.5179,3.8576,15.8814,3.4415
short,1h_current_ma20_distance_pct,46.54249,gte,9.985,3.8461,21.7145,3.4424
short,1h_current_ma20_distance_pct,48.236492,gte,9.985,3.8461,21.7145,3.4424
short,1h_current_ma20_distance_pct,49.930494,gte,9.985,3.8461,21.7145,3.4424
short,1h_current_ma20_distance_pct,51.624496,gte,17.5793,3.8445,48.4224,3.433
short,1h_current_ma20_distance_pct,53.318498,gte,17.5793,3.8445,48.4224,3.433
short,1h_current_ma20_distance_pct,55.0125,gte,17.5793,3.8445,48.4224,3.433
short,1h_current_ma20_distance_pct,-29.6876,lte,12.7507,3.8499,13.638,3.4718
short,1h_current_ma20_distance_pct,-27.993598,lte,12.7507,3.8499,13.638,3.4718
short,1h_current_ma20_distance_pct,-26.299596,lte,12.7507,3.8499,13.638,3.4718
short,1h_current_ma20_distance_pct,-24.605594,lte,13.0823,3.8392,17.5064,3.4518
short,1h_current_ma20_distance_pct,-22.911592,lte,13.0823,3.8392,17.5064,3.4518
short,1h_current_ma20_distance_pct,-21.21759,lte,15.7347,3.8199,17.0133,3.4377
short,1h_current_ma20_distance_pct,-19.523588,lte,18.6549,3.7769,20.304,3.3888
short,1h_current_ma20_distance_pct,-17.829586,lte,16.2328,3.7625,18.3433,3.3662
short,1h_current_ma20_distance_pct,-16.135584,lte,19.2782,3.7035,22.0661,3.2948
short,1h_current_ma20_distance_pct,-14.441582,lte,16.3024,3.6482,16.2553,3.2659
short,1h_current_ma20_distance_pct,-12.74758,lte,14.4407,3.5564,15.1908,3.1475
short,1h_current_ma20_distance_pct,-11.053578,lte,11.5784,3.5557,11.763,3.1569
short,1h_current_ma20_distance_pct,-9.359576,lte,9.5209,3.4684,9.795,3.0468
short,1h_current_ma20_distance_pct,-7.665574,lte,8.5138,3.3789,8.2945,2.986
short,1h_current_ma20_distance_pct,-5.971572,lte,7.1198,3.3708,6.646,3.0087
short,1h_current_ma20_distance_pct,-4.27757,lte,6.2059,3.3032,6.169,2.8459
short,1h_current_ma20_distance_pct,-2.583568,lte,5.4836,3.2598,5.487,2.7428
short,1h_current_ma20_distance_pct,-0.889566,lte,4.9094,3.2576,4.8753,2.6844
short,1h_current_ma20_distance_pct,0.804436,lte,4.5488,3.2254,4.4674,2.5768
short,1h_current_ma20_distance_pct,2.498438,lte,4.2742,3.2856,4.1546,2.5526
short,1h_current_ma20_distance_pct,4.19244,lte,4.1587,3.2824,3.9981,2.4886
short,1h_current_ma20_distance_pct,5.886442,lte,4.0548,3.3137,3.7864,2.6338
short,1h_current_ma20_distance_pct,7.580444,lte,4.1296,2.9012,3.7777,2.4365
short,1h_current_ma20_distance_pct,9.274446,lte,4.0381,3.0508,3.6876,2.5553
short,1h_current_ma20_distance_pct,10.968448,lte,4.0163,2.8267,3.6627,2.2973
short,1h_current_ma20_distance_pct,12.66245,lte,4.0004,2.7267,3.6341,2.2659
short,1h_current_ma20_distance_pct,14.356452,lte,3.9896,2.7239,3.6285,2.2109
short,1h_current_ma20_distance_pct,16.050454,lte,3.956,2.7572,3.5181,3.0821
short,1h_current_ma20_distance_pct,17.744456,lte,3.9294,2.8893,3.4732,3.6215
short,1h_current_ma20_distance_pct,19.438458,lte,3.9568,2.3144,3.5365,2.6324
short,1h_current_ma20_distance_pct,21.13246,lte,3.9351,2.4977,3.5423,2.4137
short,1h_current_ma20_distance_pct,22.826462,lte,3.9343,2.3802,3.5633,1.891
short,1h_current_ma20_distance_pct,24.520464,lte,3.904,2.8311,3.517,2.6967
short,1h_current_ma20_distance_pct,26.214466,lte,3.9197,2.34,3.4962,3.1509
short,1h_current_ma20_distance_pct,27.908468,lte,3.9325,1.7572,3.5315,2.0838
short,1h_current_ma20_distance_pct,29.60247,lte,3.9316,1.6316,3.524,2.2132
short,1h_current_ma20_distance_pct,31.296472,lte,3.9554,0.6555,3.5141,2.4441
short,1h_current_ma20_distance_pct,32.990474,lte,3.9243,1.2934,3.49,3.2087
short,1h_current_ma20_distance_pct,34.684476,lte,3.9435,-0.7473,3.497,2.7186
short,1h_current_ma20_distance_pct,36.378478,lte,3.9482,-1.3388,3.5023,2.3545
short,1h_current_ma20_distance_pct,38.07248,lte,3.9471,-2.0789,3.5011,2.2622
short,1h_current_ma20_distance_pct,39.766482,lte,3.9311,-2.4672,3.5098,1.1154
short,1h_current_ma20_distance_pct,41.460484,lte,3.9287,-2.9446,3.53,-1.1418
short,1h_current_ma20_distance_pct,43.154486,lte,3.8813,0.6577,3.4826,3.5669
short,1h_current_ma20_distance_pct,44.848488,lte,3.8576,4.5179,3.4415,15.8814
short,1h_current_ma20_distance_pct,46.54249,lte,3.8461,9.985,3.4424,21.7145
short,1h_current_ma20_distance_pct,48.236492,lte,3.8461,9.985,3.4424,21.7145
short,1h_current_ma20_distance_pct,49.930494,lte,3.8461,9.985,3.4424,21.7145
short,1h_current_ma20_distance_pct,51.624496,lte,3.8445,17.5793,3.433,48.4224
short,1h_current_ma20_distance_pct,53.318498,lte,3.8445,17.5793,3.433,48.4224
short,1h_current_ma20_distance_pct,55.0125,lte,3.8598,0.0,3.4831,0.0
short,1h_current_range_pct,1.6465,gte,3.8598,0.0,3.4831,0.0
short,1h_current_range_pct,2.698022,gte,4.0838,0.7894,3.7035,0.4623
short,1h_current_range_pct,3.749544,gte,4.4325,1.6998,3.9988,1.5383
short,1h_current_range_pct,4.801066,gte,4.9285,2.1337,4.4661,1.8954
short,1h_current_range_pct,5.852588,gte,5.4545,2.2543,4.9108,2.0459
short,1h_current_range_pct,6.90411,gte,6.0619,2.477,5.3495,2.3111
short,1h_current_range_pct,7.955632,gte,6.6065,2.639,5.5846,2.5491
short,1h_current_range_pct,9.007154,gte,7.117,2.7821,6.3091,2.5481
short,1h_current_range_pct,10.058676,gte,7.5358,2.9369,6.6725,2.6824
short,1h_current_range_pct,11.110198,gte,8.0541,3.0841,7.3436,2.7692
short,1h_current_range_pct,12.16172,gte,8.3687,3.1433,7.5711,2.8335
short,1h_current_range_pct,13.213242,gte,9.3272,3.1583,9.0447,2.7696
short,1h_current_range_pct,14.264764,gte,10.3056,3.2025,9.562,2.8633
short,1h_current_range_pct,15.316286,gte,11.083,3.2484,11.1515,2.834
short,1h_current_range_pct,16.367808,gte,12.2111,3.2718,13.063,2.8086
short,1h_current_range_pct,17.41933,gte,12.653,3.2743,13.5599,2.8121
short,1h_current_range_pct,18.470852,gte,11.6931,3.4267,13.9327,2.9053
short,1h_current_range_pct,19.522374,gte,11.8556,3.5158,13.8857,3.0356
short,1h_current_range_pct,20.573896,gte,12.7929,3.5293,15.3035,3.0458
short,1h_current_range_pct,21.625418,gte,12.0654,3.5954,14.6338,3.1238
short,1h_current_range_pct,22.67694,gte,12.8612,3.6017,16.1914,3.1188
short,1h_current_range_pct,23.728462,gte,12.4425,3.644,15.3411,3.185
short,1h_current_range_pct,24.779984,gte,12.0931,3.6624,15.3057,3.1997
short,1h_current_range_pct,25.831506,gte,14.3489,3.6693,17.1411,3.2351
short,1h_current_range_pct,26.883028,gte,14.3489,3.6693,17.1411,3.2351
short,1h_current_range_pct,27.93455,gte,13.5942,3.6942,15.8182,3.2733
short,1h_current_range_pct,28.986072,gte,13.5942,3.6942,15.8182,3.2733
short,1h_current_range_pct,30.037594,gte,14.2879,3.7064,13.8048,3.3313
short,1h_current_range_pct,31.089116,gte,12.1481,3.7569,11.5175,3.3834
short,1h_current_range_pct,32.140638,gte,16.6154,3.716,15.6835,3.3456
short,1h_current_range_pct,33.19216,gte,15.2217,3.7446,13.2418,3.3842
short,1h_current_range_pct,34.243682,gte,15.2217,3.7446,13.2418,3.3842
short,1h_current_range_pct,35.295204,gte,13.285,3.775,10.8304,3.417
short,1h_current_range_pct,36.346726,gte,12.9072,3.8091,7.887,3.4584
short,1h_current_range_pct,37.398248,gte,7.5022,3.8435,-0.7344,3.502
short,1h_current_range_pct,38.44977,gte,7.5022,3.8435,-0.7344,3.502
short,1h_current_range_pct,39.501292,gte,-12.1256,3.9134,-13.1296,3.5389
short,1h_current_range_pct,40.552814,gte,-12.1256,3.9134,-13.1296,3.5389
short,1h_current_range_pct,41.604336,gte,-12.1256,3.9134,-13.1296,3.5389
short,1h_current_range_pct,42.655858,gte,-12.1256,3.9134,-13.1296,3.5389
short,1h_current_range_pct,43.70738,gte,5.6119,3.8559,0.2966,3.4902
short,1h_current_range_pct,44.758902,gte,5.6119,3.8559,0.2966,3.4902
short,1h_current_range_pct,45.810424,gte,5.6119,3.8559,0.2966,3.4902
short,1h_current_range_pct,46.861946,gte,12.7507,3.8499,13.638,3.4718
short,1h_current_range_pct,47.913468,gte,12.7507,3.8499,13.638,3.4718
short,1h_current_range_pct,48.96499,gte,12.7507,3.8499,13.638,3.4718
short,1h_current_range_pct,50.016512,gte,12.7507,3.8499,13.638,3.4718
short,1h_current_range_pct,51.068034,gte,12.7507,3.8499,13.638,3.4718
short,1h_current_range_pct,52.119556,gte,12.7507,3.8499,13.638,3.4718
short,1h_current_range_pct,53.171078,gte,12.7507,3.8499,13.638,3.4718
short,1h_current_range_pct,54.2226,gte,12.7507,3.8499,13.638,3.4718
short,1h_current_range_pct,1.6465,lte,0.0118,3.8641,1.623,3.4852
short,1h_current_range_pct,2.698022,lte,0.7894,4.0838,0.4623,3.7035
short,1h_current_range_pct,3.749544,lte,1.6998,4.4325,1.5383,3.9988
short,1h_current_range_pct,4.801066,lte,2.1337,4.9285,1.8954,4.4661
short,1h_current_range_pct,5.852588,lte,2.2543,5.4545,2.0459,4.9108
short,1h_current_range_pct,6.90411,lte,2.477,6.0619,2.3111,5.3495
short,1h_current_range_pct,7.955632,lte,2.639,6.6065,2.5491,5.5846
short,1h_current_range_pct,9.007154,lte,2.7821,7.117,2.5481,6.3091
short,1h_current_range_pct,10.058676,lte,2.9369,7.5358,2.6824,6.6725
short,1h_current_range_pct,11.110198,lte,3.0841,8.0541,2.7692,7.3436
short,1h_current_range_pct,12.16172,lte,3.1433,8.3687,2.8335,7.5711
short,1h_current_range_pct,13.213242,lte,3.1583,9.3272,2.7696,9.0447
short,1h_current_range_pct,14.264764,lte,3.2025,10.3056,2.8633,9.562
short,1h_current_range_pct,15.316286,lte,3.2484,11.083,2.834,11.1515
short,1h_current_range_pct,16.367808,lte,3.2718,12.2111,2.8086,13.063
short,1h_current_range_pct,17.41933,lte,3.2743,12.653,2.8121,13.5599
short,1h_current_range_pct,18.470852,lte,3.4267,11.6931,2.9053,13.9327
short,1h_current_range_pct,19.522374,lte,3.5158,11.8556,3.0356,13.8857
short,1h_current_range_pct,20.573896,lte,3.5293,12.7929,3.0458,15.3035
short,1h_current_range_pct,21.625418,lte,3.5954,12.0654,3.1238,14.6338
short,1h_current_range_pct,22.67694,lte,3.6017,12.8612,3.1188,16.1914
short,1h_current_range_pct,23.728462,lte,3.644,12.4425,3.185,15.3411
short,1h_current_range_pct,24.779984,lte,3.6624,12.0931,3.1997,15.3057
short,1h_current_range_pct,25.831506,lte,3.6693,14.3489,3.2351,17.1411
short,1h_current_range_pct,26.883028,lte,3.6693,14.3489,3.2351,17.1411
short,1h_current_range_pct,27.93455,lte,3.6942,13.5942,3.2733,15.8182
short,1h_current_range_pct,28.986072,lte,3.6942,13.5942,3.2733,15.8182
short,1h_current_range_pct,30.037594,lte,3.7064,14.2879,3.3313,13.8048
short,1h_current_range_pct,31.089116,lte,3.7569,12.1481,3.3834,11.5175
short,1h_current_range_pct,32.140638,lte,3.716,16.6154,3.3456,15.6835
short,1h_current_range_pct,33.19216,lte,3.7446,15.2217,3.3842,13.2418
short,1h_current_range_pct,34.243682,lte,3.7446,15.2217,3.3842,13.2418
short,1h_current_range_pct,35.295204,lte,3.775,13.285,3.417,10.8304
short,1h_current_range_pct,36.346726,lte,3.8091,12.9072,3.4584,7.887
short,1h_current_range_pct,37.398248,lte,3.8435,7.5022,3.502,-0.7344
short,1h_current_range_pct,38.44977,lte,3.8435,7.5022,3.502,-0.7344
short,1h_current_range_pct,39.501292,lte,3.9134,-12.1256,3.5389,-13.1296
short,1h_current_range_pct,40.552814,lte,3.9134,-12.1256,3.5389,-13.1296
short,1h_current_range_pct,41.604336,lte,3.9134,-12.1256,3.5389,-13.1296
short,1h_current_range_pct,42.655858,lte,3.9134,-12.1256,3.5389,-13.1296
short,1h_current_range_pct,43.70738,lte,3.8559,5.6119,3.4902,0.2966
short,1h_current_range_pct,44.758902,lte,3.8559,5.6119,3.4902,0.2966
short,1h_current_range_pct,45.810424,lte,3.8559,5.6119,3.4902,0.2966
short,1h_current_range_pct,46.861946,lte,3.8499,12.7507,3.4718,13.638
short,1h_current_range_pct,47.913468,lte,3.8499,12.7507,3.4718,13.638
short,1h_current_range_pct,48.96499,lte,3.8499,12.7507,3.4718,13.638
short,1h_current_range_pct,50.016512,lte,3.8499,12.7507,3.4718,13.638
short,1h_current_range_pct,51.068034,lte,3.8499,12.7507,3.4718,13.638
short,1h_current_range_pct,52.119556,lte,3.8499,12.7507,3.4718,13.638
short,1h_current_range_pct,53.171078,lte,3.8499,12.7507,3.4718,13.638
short,1h_current_range_pct,54.2226,lte,3.8598,0.0,3.4831,0.0
short,1h_current_return_pct,-32.3659,gte,3.8598,0.0,3.4831,0.0
short,1h_current_return_pct,-30.992428,gte,3.8499,12.7507,3.4718,13.638
short,1h_current_return_pct,-29.618956,gte,3.8198,21.7329,3.4393,23.0853
short,1h_current_return_pct,-28.245484,gte,3.7822,26.9802,3.4047,26.8383
short,1h_current_return_pct,-26.872012,gte,3.7478,28.8669,3.3611,30.7219
short,1h_current_return_pct,-25.49854,gte,3.7478,28.8669,3.3611,30.7219
short,1h_current_return_pct,-24.125068,gte,3.7478,28.8669,3.3611,30.7219
short,1h_current_return_pct,-22.751596,gte,3.6946,28.3826,3.2849,32.922
short,1h_current_return_pct,-21.378124,gte,3.6555,26.5564,3.2561,28.7133
short,1h_current_return_pct,-20.004652,gte,3.6555,26.5564,3.2561,28.7133
short,1h_current_return_pct,-18.63118,gte,3.5942,23.447,3.1235,30.005
short,1h_current_return_pct,-17.257708,gte,3.5637,23.9965,3.0849,30.56
short,1h_current_return_pct,-15.884236,gte,3.5637,23.9965,3.0849,30.56
short,1h_current_return_pct,-14.510764,gte,3.4507,20.9227,2.9667,25.0268
short,1h_current_return_pct,-13.137292,gte,3.3754,20.0867,2.894,23.2171
short,1h_current_return_pct,-11.76382,gte,3.2186,20.1338,2.8228,20.2429
short,1h_current_return_pct,-10.390348,gte,3.1098,18.3995,2.7175,18.3257
short,1h_current_return_pct,-9.016876,gte,3.0338,16.0321,2.5969,16.5439
short,1h_current_return_pct,-7.643404,gte,2.8809,12.6368,2.6234,11.1915
short,1h_current_return_pct,-6.269932,gte,2.5875,10.404,2.3881,9.1157
short,1h_current_return_pct,-4.89646,gte,2.0827,8.6427,1.9419,7.6311
short,1h_current_return_pct,-3.522988,gte,1.5577,6.6817,1.2967,6.1632
short,1h_current_return_pct,-2.149516,gte,0.2998,5.1528,0.1029,4.7109
short,1h_current_return_pct,-0.776044,gte,-3.5444,4.3528,-4.3353,4.0037
short,1h_current_return_pct,0.597428,gte,-11.6776,4.124,-11.9115,3.7449
short,1h_current_return_pct,1.9709,gte,-14.3902,4.0864,-13.3939,3.6927
short,1h_current_return_pct,3.344372,gte,-18.1811,4.0581,-15.4275,3.6533
short,1h_current_return_pct,4.717844,gte,-18.1811,4.0581,-15.4275,3.6533
short,1h_current_return_pct,6.091316,gte,-20.3484,4.0502,-15.1721,3.6298
short,1h_current_return_pct,7.464788,gte,-20.3484,4.0502,-15.1721,3.6298
short,1h_current_return_pct,8.83826,gte,-20.3484,4.0502,-15.1721,3.6298
short,1h_current_return_pct,10.211732,gte,-23.0566,4.041,-17.2105,3.6225
short,1h_current_return_pct,11.585204,gte,-27.7946,4.0016,-23.3494,3.6033
short,1h_current_return_pct,12.958676,gte,-27.7946,4.0016,-23.3494,3.6033
short,1h_current_return_pct,14.332148,gte,-27.7946,4.0016,-23.3494,3.6033
short,1h_current_return_pct,15.70562,gte,-33.1909,3.9841,-26.4235,3.5835
short,1h_current_return_pct,17.079092,gte,-33.1909,3.9841,-26.4235,3.5835
short,1h_current_return_pct,18.452564,gte,-40.0627,3.9579,-35.0624,3.5693
short,1h_current_return_pct,19.826036,gte,-40.0627,3.9579,-35.0624,3.5693
short,1h_current_return_pct,21.199508,gte,-40.0627,3.9579,-35.0624,3.5693
short,1h_current_return_pct,22.57298,gte,-40.0627,3.9579,-35.0624,3.5693
short,1h_current_return_pct,23.946452,gte,-40.0627,3.9579,-35.0624,3.5693
short,1h_current_return_pct,25.319924,gte,-40.0627,3.9579,-35.0624,3.5693
short,1h_current_return_pct,26.693396,gte,-47.6005,3.9172,-39.982,3.5316
short,1h_current_return_pct,28.066868,gte,-47.6005,3.9172,-39.982,3.5316
short,1h_current_return_pct,29.44034,gte,-47.6005,3.9172,-39.982,3.5316
short,1h_current_return_pct,30.813812,gte,-47.6005,3.9172,-39.982,3.5316
short,1h_current_return_pct,32.187284,gte,-47.6005,3.9172,-39.982,3.5316
short,1h_current_return_pct,33.560756,gte,-47.6005,3.9172,-39.982,3.5316
short,1h_current_return_pct,34.934228,gte,-47.6005,3.9172,-39.982,3.5316
short,1h_current_return_pct,36.3077,gte,-47.6005,3.9172,-39.982,3.5316
short,1h_current_return_pct,-32.3659,lte,12.7507,3.8499,13.638,3.4718
short,1h_current_return_pct,-30.992428,lte,12.7507,3.8499,13.638,3.4718
short,1h_current_return_pct,-29.618956,lte,21.7329,3.8198,23.0853,3.4393
short,1h_current_return_pct,-28.245484,lte,26.9802,3.7822,26.8383,3.4047
short,1h_current_return_pct,-26.872012,lte,28.8669,3.7478,30.7219,3.3611
short,1h_current_return_pct,-25.49854,lte,28.8669,3.7478,30.7219,3.3611
short,1h_current_return_pct,-24.125068,lte,28.8669,3.7478,30.7219,3.3611
short,1h_current_return_pct,-22.751596,lte,28.3826,3.6946,32.922,3.2849
short,1h_current_return_pct,-21.378124,lte,26.5564,3.6555,28.7133,3.2561
short,1h_current_return_pct,-20.004652,lte,26.5564,3.6555,28.7133,3.2561
short,1h_current_return_pct,-18.63118,lte,23.447,3.5942,30.005,3.1235
short,1h_current_return_pct,-17.257708,lte,23.9965,3.5637,30.56,3.0849
short,1h_current_return_pct,-15.884236,lte,23.9965,3.5637,30.56,3.0849
short,1h_current_return_pct,-14.510764,lte,20.9227,3.4507,25.0268,2.9667
short,1h_current_return_pct,-13.137292,lte,20.0867,3.3754,23.2171,2.894
short,1h_current_return_pct,-11.76382,lte,20.1338,3.2186,20.2429,2.8228
short,1h_current_return_pct,-10.390348,lte,18.3995,3.1098,18.3257,2.7175
short,1h_current_return_pct,-9.016876,lte,16.0321,3.0338,16.5439,2.5969
short,1h_current_return_pct,-7.643404,lte,12.6368,2.8809,11.1915,2.6234
short,1h_current_return_pct,-6.269932,lte,10.404,2.5875,9.1157,2.3881
short,1h_current_return_pct,-4.89646,lte,8.6427,2.0827,7.6311,1.9419
short,1h_current_return_pct,-3.522988,lte,6.6817,1.5577,6.1632,1.2967
short,1h_current_return_pct,-2.149516,lte,5.1528,0.2998,4.7109,0.1029
short,1h_current_return_pct,-0.776044,lte,4.3528,-3.5444,4.0037,-4.3353
short,1h_current_return_pct,0.597428,lte,4.124,-11.6776,3.7449,-11.9115
short,1h_current_return_pct,1.9709,lte,4.0864,-14.3902,3.6927,-13.3939
short,1h_current_return_pct,3.344372,lte,4.0581,-18.1811,3.6533,-15.4275
short,1h_current_return_pct,4.717844,lte,4.0581,-18.1811,3.6533,-15.4275
short,1h_current_return_pct,6.091316,lte,4.0502,-20.3484,3.6298,-15.1721
short,1h_current_return_pct,7.464788,lte,4.0502,-20.3484,3.6298,-15.1721
short,1h_current_return_pct,8.83826,lte,4.0502,-20.3484,3.6298,-15.1721
short,1h_current_return_pct,10.211732,lte,4.041,-23.0566,3.6225,-17.2105
short,1h_current_return_pct,11.585204,lte,4.0016,-27.7946,3.6033,-23.3494
short,1h_current_return_pct,12.958676,lte,4.0016,-27.7946,3.6033,-23.3494
short,1h_current_return_pct,14.332148,lte,4.0016,-27.7946,3.6033,-23.3494
short,1h_current_return_pct,15.70562,lte,3.9841,-33.1909,3.5835,-26.4235
short,1h_current_return_pct,17.079092,lte,3.9841,-33.1909,3.5835,-26.4235
short,1h_current_return_pct,18.452564,lte,3.9579,-40.0627,3.5693,-35.0624
short,1h_current_return_pct,19.826036,lte,3.9579,-40.0627,3.5693,-35.0624
short,1h_current_return_pct,21.199508,lte,3.9579,-40.0627,3.5693,-35.0624
short,1h_current_return_pct,22.57298,lte,3.9579,-40.0627,3.5693,-35.0624
short,1h_current_return_pct,23.946452,lte,3.9579,-40.0627,3.5693,-35.0624
short,1h_current_return_pct,25.319924,lte,3.9579,-40.0627,3.5693,-35.0624
short,1h_current_return_pct,26.693396,lte,3.9172,-47.6005,3.5316,-39.982
short,1h_current_return_pct,28.066868,lte,3.9172,-47.6005,3.5316,-39.982
short,1h_current_return_pct,29.44034,lte,3.9172,-47.6005,3.5316,-39.982
short,1h_current_return_pct,30.813812,lte,3.9172,-47.6005,3.5316,-39.982
short,1h_current_return_pct,32.187284,lte,3.9172,-47.6005,3.5316,-39.982
short,1h_current_return_pct,33.560756,lte,3.9172,-47.6005,3.5316,-39.982
short,1h_current_return_pct,34.934228,lte,3.9172,-47.6005,3.5316,-39.982
short,1h_current_return_pct,36.3077,lte,3.8598,0.0,3.4831,0.0
short,1h_current_volume_ratio,0.1548,gte,3.8598,0.0,3.4831,0.0
short,1h_current_volume_ratio,0.619252,gte,3.9913,3.194,3.6034,2.8742
short,1h_current_volume_ratio,1.083704,gte,4.5039,2.9673,4.0955,2.6345
short,1h_current_volume_ratio,1.548156,gte,4.876,3.1331,4.5119,2.7475
short,1h_current_volume_ratio,2.012608,gte,5.2669,3.2442,5.3089,2.6844
short,1h_current_volume_ratio,2.47706,gte,5.3239,3.4315,5.2452,2.9677
short,1h_current_volume_ratio,2.941512,gte,5.8071,3.4466,5.8543,2.98
short,1h_current_volume_ratio,3.405964,gte,5.4381,3.6137,6.3474,3.0365
short,1h_current_volume_ratio,3.870416,gte,5.6132,3.6496,5.9601,3.1863
short,1h_current_volume_ratio,4.334868,gte,6.1901,3.6316,6.6004,3.1779
short,1h_current_volume_ratio,4.79932,gte,6.6106,3.6413,7.2023,3.1877
short,1h_current_volume_ratio,5.263772,gte,6.9015,3.6456,7.6347,3.1908
short,1h_current_volume_ratio,5.728224,gte,7.7905,3.6376,8.5153,3.1986
short,1h_current_volume_ratio,6.192676,gte,8.3301,3.6457,9.3418,3.2025
short,1h_current_volume_ratio,6.657128,gte,8.1544,3.6802,9.745,3.2213
short,1h_current_volume_ratio,7.12158,gte,8.0085,3.7113,8.8708,3.2903
short,1h_current_volume_ratio,7.586032,gte,6.8714,3.7592,7.5023,3.3488
short,1h_current_volume_ratio,8.050484,gte,7.1043,3.7668,7.6476,3.3637
short,1h_current_volume_ratio,8.514936,gte,3.7821,3.8617,3.5739,3.4808
short,1h_current_volume_ratio,8.979388,gte,3.2651,3.874,2.8666,3.4979
short,1h_current_volume_ratio,9.44384,gte,3.0985,3.8745,2.7198,3.4979
short,1h_current_volume_ratio,9.908292,gte,3.2587,3.87,2.5347,3.4993
short,1h_current_volume_ratio,10.372744,gte,3.543,3.8626,2.2305,3.4944
short,1h_current_volume_ratio,10.837196,gte,3.543,3.8626,2.2305,3.4944
short,1h_current_volume_ratio,11.301648,gte,1.8629,3.8755,0.3262,3.508
short,1h_current_volume_ratio,11.7661,gte,1.8629,3.8755,0.3262,3.508
short,1h_current_volume_ratio,12.230552,gte,0.0483,3.8855,-1.8925,3.5193
short,1h_current_volume_ratio,12.695004,gte,0.0483,3.8855,-1.8925,3.5193
short,1h_current_volume_ratio,13.159456,gte,-2.0278,3.8862,-5.231,3.5222
short,1h_current_volume_ratio,13.623908,gte,-2.0278,3.8862,-5.231,3.5222
short,1h_current_volume_ratio,14.08836,gte,-2.6164,3.8815,-4.1751,3.5088
short,1h_current_volume_ratio,14.552812,gte,-4.9822,3.8795,-6.0264,3.5044
short,1h_current_volume_ratio,15.017264,gte,-4.9822,3.8795,-6.0264,3.5044
short,1h_current_volume_ratio,15.481716,gte,-4.9822,3.8795,-6.0264,3.5044
short,1h_current_volume_ratio,15.946168,gte,-4.9822,3.8795,-6.0264,3.5044
short,1h_current_volume_ratio,16.41062,gte,-4.9822,3.8795,-6.0264,3.5044
short,1h_current_volume_ratio,16.875072,gte,-4.9822,3.8795,-6.0264,3.5044
short,1h_current_volume_ratio,17.339524,gte,-4.9822,3.8795,-6.0264,3.5044
short,1h_current_volume_ratio,17.803976,gte,-4.9822,3.8795,-6.0264,3.5044
short,1h_current_volume_ratio,18.268428,gte,-4.9822,3.8795,-6.0264,3.5044
short,1h_current_volume_ratio,18.73288,gte,-4.9822,3.8795,-6.0264,3.5044
short,1h_current_volume_ratio,19.197332,gte,-4.9822,3.8795,-6.0264,3.5044
short,1h_current_volume_ratio,19.661784,gte,-4.9822,3.8795,-6.0264,3.5044
short,1h_current_volume_ratio,20.126236,gte,-4.9822,3.8795,-6.0264,3.5044
short,1h_current_volume_ratio,20.590688,gte,-4.9822,3.8795,-6.0264,3.5044
short,1h_current_volume_ratio,21.05514,gte,-4.9822,3.8795,-6.0264,3.5044
short,1h_current_volume_ratio,21.519592,gte,-4.9822,3.8795,-6.0264,3.5044
short,1h_current_volume_ratio,21.984044,gte,-0.341,3.8645,-1.5345,3.4887
short,1h_current_volume_ratio,22.448496,gte,-0.341,3.8645,-1.5345,3.4887
short,1h_current_volume_ratio,22.912948,gte,-0.341,3.8645,-1.5345,3.4887
short,1h_current_volume_ratio,23.3774,gte,-0.341,3.8645,-1.5345,3.4887
short,1h_current_volume_ratio,0.1548,lte,4.1012,3.8595,4.4703,3.482
short,1h_current_volume_ratio,0.619252,lte,3.194,3.9913,2.8742,3.6034
short,1h_current_volume_ratio,1.083704,lte,2.9673,4.5039,2.6345,4.0955
short,1h_current_volume_ratio,1.548156,lte,3.1331,4.876,2.7475,4.5119
short,1h_current_volume_ratio,2.012608,lte,3.2442,5.2669,2.6844,5.3089
short,1h_current_volume_ratio,2.47706,lte,3.4315,5.3239,2.9677,5.2452
short,1h_current_volume_ratio,2.941512,lte,3.4466,5.8071,2.98,5.8543
short,1h_current_volume_ratio,3.405964,lte,3.6137,5.4381,3.0365,6.3474
short,1h_current_volume_ratio,3.870416,lte,3.6496,5.6132,3.1863,5.9601
short,1h_current_volume_ratio,4.334868,lte,3.6316,6.1901,3.1779,6.6004
short,1h_current_volume_ratio,4.79932,lte,3.6413,6.6106,3.1877,7.2023
short,1h_current_volume_ratio,5.263772,lte,3.6456,6.9015,3.1908,7.6347
short,1h_current_volume_ratio,5.728224,lte,3.6376,7.7905,3.1986,8.5153
short,1h_current_volume_ratio,6.192676,lte,3.6457,8.3301,3.2025,9.3418
short,1h_current_volume_ratio,6.657128,lte,3.6802,8.1544,3.2213,9.745
short,1h_current_volume_ratio,7.12158,lte,3.7113,8.0085,3.2903,8.8708
short,1h_current_volume_ratio,7.586032,lte,3.7592,6.8714,3.3488,7.5023
short,1h_current_volume_ratio,8.050484,lte,3.7668,7.1043,3.3637,7.6476
short,1h_current_volume_ratio,8.514936,lte,3.8617,3.7821,3.4808,3.5739
short,1h_current_volume_ratio,8.979388,lte,3.874,3.2651,3.4979,2.8666
short,1h_current_volume_ratio,9.44384,lte,3.8745,3.0985,3.4979,2.7198
short,1h_current_volume_ratio,9.908292,lte,3.87,3.2587,3.4993,2.5347
short,1h_current_volume_ratio,10.372744,lte,3.8626,3.543,3.4944,2.2305
short,1h_current_volume_ratio,10.837196,lte,3.8626,3.543,3.4944,2.2305
short,1h_current_volume_ratio,11.301648,lte,3.8755,1.8629,3.508,0.3262
short,1h_current_volume_ratio,11.7661,lte,3.8755,1.8629,3.508,0.3262
short,1h_current_volume_ratio,12.230552,lte,3.8855,0.0483,3.5193,-1.8925
short,1h_current_volume_ratio,12.695004,lte,3.8855,0.0483,3.5193,-1.8925
short,1h_current_volume_ratio,13.159456,lte,3.8862,-2.0278,3.5222,-5.231
short,1h_current_volume_ratio,13.623908,lte,3.8862,-2.0278,3.5222,-5.231
short,1h_current_volume_ratio,14.08836,lte,3.8815,-2.6164,3.5088,-4.1751
short,1h_current_volume_ratio,14.552812,lte,3.8795,-4.9822,3.5044,-6.0264
short,1h_current_volume_ratio,15.017264,lte,3.8795,-4.9822,3.5044,-6.0264
short,1h_current_volume_ratio,15.481716,lte,3.8795,-4.9822,3.5044,-6.0264
short,1h_current_volume_ratio,15.946168,lte,3.8795,-4.9822,3.5044,-6.0264
short,1h_current_volume_ratio,16.41062,lte,3.8795,-4.9822,3.5044,-6.0264
short,1h_current_volume_ratio,16.875072,lte,3.8795,-4.9822,3.5044,-6.0264
short,1h_current_volume_ratio,17.339524,lte,3.8795,-4.9822,3.5044,-6.0264
short,1h_current_volume_ratio,17.803976,lte,3.8795,-4.9822,3.5044,-6.0264
short,1h_current_volume_ratio,18.268428,lte,3.8795,-4.9822,3.5044,-6.0264
short,1h_current_volume_ratio,18.73288,lte,3.8795,-4.9822,3.5044,-6.0264
short,1h_current_volume_ratio,19.197332,lte,3.8795,-4.9822,3.5044,-6.0264
short,1h_current_volume_ratio,19.661784,lte,3.8795,-4.9822,3.5044,-6.0264
short,1h_current_volume_ratio,20.126236,lte,3.8795,-4.9822,3.5044,-6.0264
short,1h_current_volume_ratio,20.590688,lte,3.8795,-4.9822,3.5044,-6.0264
short,1h_current_volume_ratio,21.05514,lte,3.8795,-4.9822,3.5044,-6.0264
short,1h_current_volume_ratio,21.519592,lte,3.8795,-4.9822,3.5044,-6.0264
short,1h_current_volume_ratio,21.984044,lte,3.8645,-0.341,3.4887,-1.5345
short,1h_current_volume_ratio,22.448496,lte,3.8645,-0.341,3.4887,-1.5345
short,1h_current_volume_ratio,22.912948,lte,3.8645,-0.341,3.4887,-1.5345
short,1h_current_volume_ratio,23.3774,lte,3.8598,0.0,3.4831,0.0
short,1h_previous_body_pct,0.0,gte,3.8598,0.0,3.4831,0.0
short,1h_previous_body_pct,0.813882,gte,4.0109,3.2579,3.5156,3.3538
short,1h_previous_body_pct,1.627764,gte,4.2815,3.0807,3.6703,3.1374
short,1h_previous_body_pct,2.441646,gte,4.3625,3.3779,3.5898,3.3808
short,1h_previous_body_pct,3.255528,gte,4.5937,3.4097,3.7337,3.3295
short,1h_previous_body_pct,4.06941,gte,4.8889,3.4119,4.1542,3.1911
short,1h_previous_body_pct,4.883292,gte,5.2456,3.4094,4.3735,3.1938
short,1h_previous_body_pct,5.697174,gte,5.4774,3.4593,4.4788,3.2366
short,1h_previous_body_pct,6.511056,gte,5.1509,3.5922,3.8245,3.4124
short,1h_previous_body_pct,7.324938,gte,5.6713,3.55,4.1671,3.3662
short,1h_previous_body_pct,8.13882,gte,5.1989,3.6765,3.8634,3.4311
short,1h_previous_body_pct,8.952702,gte,5.3154,3.6975,3.6749,3.4617
short,1h_previous_body_pct,9.766584,gte,5.0423,3.7456,3.3654,3.4945
short,1h_previous_body_pct,10.580466,gte,4.9858,3.7689,2.9954,3.5225
short,1h_previous_body_pct,11.394348,gte,4.9121,3.7844,3.353,3.4924
short,1h_previous_body_pct,12.20823,gte,5.7707,3.7494,4.8691,3.403
short,1h_previous_body_pct,13.022112,gte,6.3621,3.7307,5.4783,3.3802
short,1h_previous_body_pct,13.835994,gte,6.7119,3.7301,6.0112,3.3682
short,1h_previous_body_pct,14.649876,gte,7.4453,3.7271,7.8339,3.3222
short,1h_previous_body_pct,15.463758,gte,7.0718,3.7486,7.0334,3.3603
short,1h_previous_body_pct,16.27764,gte,7.8729,3.7305,7.6635,3.3484
short,1h_previous_body_pct,17.091522,gte,8.3679,3.7359,8.9131,3.3338
short,1h_previous_body_pct,17.905404,gte,9.4015,3.7269,10.4239,3.3167
short,1h_previous_body_pct,18.719286,gte,10.3491,3.7194,11.8582,3.3019
short,1h_previous_body_pct,19.533168,gte,10.2769,3.7358,11.6279,3.3258
short,1h_previous_body_pct,20.34705,gte,11.1348,3.7361,12.9239,3.3226
short,1h_previous_body_pct,21.160932,gte,12.0249,3.7303,14.4062,3.3099
short,1h_previous_body_pct,21.974814,gte,11.3,3.7759,12.8223,3.3778
short,1h_previous_body_pct,22.788696,gte,11.3,3.7759,12.8223,3.3778
short,1h_previous_body_pct,23.602578,gte,10.2178,3.7953,12.4661,3.3921
short,1h_previous_body_pct,24.41646,gte,14.092,3.7793,17.0864,3.3761
short,1h_previous_body_pct,25.230342,gte,14.092,3.7793,17.0864,3.3761
short,1h_previous_body_pct,26.044224,gte,14.092,3.7793,17.0864,3.3761
short,1h_previous_body_pct,26.858106,gte,14.205,3.7901,16.3717,3.3963
short,1h_previous_body_pct,27.671988,gte,12.5167,3.821,17.1355,3.422
short,1h_previous_body_pct,28.48587,gte,12.5167,3.821,17.1355,3.422
short,1h_previous_body_pct,29.299752,gte,12.5167,3.821,17.1355,3.422
short,1h_previous_body_pct,30.113634,gte,12.4327,3.831,25.5729,3.409
short,1h_previous_body_pct,30.927516,gte,12.4327,3.831,25.5729,3.409
short,1h_previous_body_pct,31.741398,gte,9.8594,3.8464,14.1481,3.4593
short,1h_previous_body_pct,32.55528,gte,9.8594,3.8464,14.1481,3.4593
short,1h_previous_body_pct,33.369162,gte,9.8594,3.8464,14.1481,3.4593
short,1h_previous_body_pct,34.183044,gte,9.8594,3.8464,14.1481,3.4593
short,1h_previous_body_pct,34.996926,gte,9.8594,3.8464,14.1481,3.4593
short,1h_previous_body_pct,35.810808,gte,-9.6235,3.8748,-10.5183,3.4987
short,1h_previous_body_pct,36.62469,gte,-9.6235,3.8748,-10.5183,3.4987
short,1h_previous_body_pct,37.438572,gte,-9.6235,3.8748,-10.5183,3.4987
short,1h_previous_body_pct,38.252454,gte,-9.6235,3.8748,-10.5183,3.4987
short,1h_previous_body_pct,39.066336,gte,-9.6235,3.8748,-10.5183,3.4987
short,1h_previous_body_pct,39.880218,gte,-9.6235,3.8748,-10.5183,3.4987
short,1h_previous_body_pct,40.6941,gte,-9.6235,3.8748,-10.5183,3.4987
short,1h_previous_body_pct,0.0,lte,3.0587,3.8625,2.6452,3.4859
short,1h_previous_body_pct,0.813882,lte,3.2579,4.0109,3.3538,3.5156
short,1h_previous_body_pct,1.627764,lte,3.0807,4.2815,3.1374,3.6703
short,1h_previous_body_pct,2.441646,lte,3.3779,4.3625,3.3808,3.5898
short,1h_previous_body_pct,3.255528,lte,3.4097,4.5937,3.3295,3.7337
short,1h_previous_body_pct,4.06941,lte,3.4119,4.8889,3.1911,4.1542
short,1h_previous_body_pct,4.883292,lte,3.4094,5.2456,3.1938,4.3735
short,1h_previous_body_pct,5.697174,lte,3.4593,5.4774,3.2366,4.4788
short,1h_previous_body_pct,6.511056,lte,3.5922,5.1509,3.4124,3.8245
short,1h_previous_body_pct,7.324938,lte,3.55,5.6713,3.3662,4.1671
short,1h_previous_body_pct,8.13882,lte,3.6765,5.1989,3.4311,3.8634
short,1h_previous_body_pct,8.952702,lte,3.6975,5.3154,3.4617,3.6749
short,1h_previous_body_pct,9.766584,lte,3.7456,5.0423,3.4945,3.3654
short,1h_previous_body_pct,10.580466,lte,3.7689,4.9858,3.5225,2.9954
short,1h_previous_body_pct,11.394348,lte,3.7844,4.9121,3.4924,3.353
short,1h_previous_body_pct,12.20823,lte,3.7494,5.7707,3.403,4.8691
short,1h_previous_body_pct,13.022112,lte,3.7307,6.3621,3.3802,5.4783
short,1h_previous_body_pct,13.835994,lte,3.7301,6.7119,3.3682,6.0112
short,1h_previous_body_pct,14.649876,lte,3.7271,7.4453,3.3222,7.8339
short,1h_previous_body_pct,15.463758,lte,3.7486,7.0718,3.3603,7.0334
short,1h_previous_body_pct,16.27764,lte,3.7305,7.8729,3.3484,7.6635
short,1h_previous_body_pct,17.091522,lte,3.7359,8.3679,3.3338,8.9131
short,1h_previous_body_pct,17.905404,lte,3.7269,9.4015,3.3167,10.4239
short,1h_previous_body_pct,18.719286,lte,3.7194,10.3491,3.3019,11.8582
short,1h_previous_body_pct,19.533168,lte,3.7358,10.2769,3.3258,11.6279
short,1h_previous_body_pct,20.34705,lte,3.7361,11.1348,3.3226,12.9239
short,1h_previous_body_pct,21.160932,lte,3.7303,12.0249,3.3099,14.4062
short,1h_previous_body_pct,21.974814,lte,3.7759,11.3,3.3778,12.8223
short,1h_previous_body_pct,22.788696,lte,3.7759,11.3,3.3778,12.8223
short,1h_previous_body_pct,23.602578,lte,3.7953,10.2178,3.3921,12.4661
short,1h_previous_body_pct,24.41646,lte,3.7793,14.092,3.3761,17.0864
short,1h_previous_body_pct,25.230342,lte,3.7793,14.092,3.3761,17.0864
short,1h_previous_body_pct,26.044224,lte,3.7793,14.092,3.3761,17.0864
short,1h_previous_body_pct,26.858106,lte,3.7901,14.205,3.3963,16.3717
short,1h_previous_body_pct,27.671988,lte,3.821,12.5167,3.422,17.1355
short,1h_previous_body_pct,28.48587,lte,3.821,12.5167,3.422,17.1355
short,1h_previous_body_pct,29.299752,lte,3.821,12.5167,3.422,17.1355
short,1h_previous_body_pct,30.113634,lte,3.831,12.4327,3.409,25.5729
short,1h_previous_body_pct,30.927516,lte,3.831,12.4327,3.409,25.5729
short,1h_previous_body_pct,31.741398,lte,3.8464,9.8594,3.4593,14.1481
short,1h_previous_body_pct,32.55528,lte,3.8464,9.8594,3.4593,14.1481
short,1h_previous_body_pct,33.369162,lte,3.8464,9.8594,3.4593,14.1481
short,1h_previous_body_pct,34.183044,lte,3.8464,9.8594,3.4593,14.1481
short,1h_previous_body_pct,34.996926,lte,3.8464,9.8594,3.4593,14.1481
short,1h_previous_body_pct,35.810808,lte,3.8748,-9.6235,3.4987,-10.5183
short,1h_previous_body_pct,36.62469,lte,3.8748,-9.6235,3.4987,-10.5183
short,1h_previous_body_pct,37.438572,lte,3.8748,-9.6235,3.4987,-10.5183
short,1h_previous_body_pct,38.252454,lte,3.8748,-9.6235,3.4987,-10.5183
short,1h_previous_body_pct,39.066336,lte,3.8748,-9.6235,3.4987,-10.5183
short,1h_previous_body_pct,39.880218,lte,3.8748,-9.6235,3.4987,-10.5183
short,1h_previous_body_pct,40.6941,lte,3.8598,0.0,3.4831,0.0
short,1h_previous_close_position,0.0,gte,3.8598,0.0,3.4831,0.0
short,1h_previous_close_position,0.02,gte,3.8719,2.5187,3.4849,3.282
short,1h_previous_close_position,0.04,gte,3.8565,3.989,3.473,3.8854
short,1h_previous_close_position,0.06,gte,3.8467,4.1328,3.4955,3.2247
short,1h_previous_close_position,0.08,gte,3.827,4.3177,3.4532,3.8999
short,1h_previous_close_position,0.1,gte,3.7908,4.6163,3.4318,4.0458
short,1h_previous_close_position,0.12,gte,3.7773,4.5731,3.3639,4.5137
short,1h_previous_close_position,0.14,gte,3.7997,4.2768,3.4137,3.9651
short,1h_previous_close_position,0.16,gte,3.7929,4.2275,3.4251,3.8021
short,1h_previous_close_position,0.18,gte,3.7923,4.1826,3.3984,3.8888
short,1h_previous_close_position,0.2,gte,3.7915,4.1582,3.3907,3.8871
short,1h_previous_close_position,0.22,gte,3.7465,4.2927,3.3735,3.9022
short,1h_previous_close_position,0.24,gte,3.7391,4.2749,3.406,3.7486
short,1h_previous_close_position,0.26,gte,3.7565,4.1876,3.443,3.6102
short,1h_previous_close_position,0.28,gte,3.7312,4.2393,3.4491,3.5835
short,1h_previous_close_position,0.3,gte,3.6847,4.3155,3.3418,3.8509
short,1h_previous_close_position,0.32,gte,3.7139,4.2152,3.3739,3.7492
short,1h_previous_close_position,0.34,gte,3.6779,4.2649,3.3715,3.7317
short,1h_previous_close_position,0.36,gte,3.6606,4.2766,3.3456,3.7709
short,1h_previous_close_position,0.38,gte,3.6891,4.1911,3.3699,3.7028
short,1h_previous_close_position,0.4,gte,3.6199,4.2944,3.2236,3.9533
short,1h_previous_close_position,0.42,gte,3.6043,4.2925,3.2337,3.9055
short,1h_previous_close_position,0.44,gte,3.6241,4.2404,3.1882,3.9594
short,1h_previous_close_position,0.46,gte,3.648,4.1713,3.2584,3.8137
short,1h_previous_close_position,0.48,gte,3.6895,4.0937,3.3016,3.7323
short,1h_previous_close_position,0.5,gte,3.677,4.0931,3.3125,3.7009
short,1h_previous_close_position,0.52,gte,3.5939,4.1672,3.3112,3.6819
short,1h_previous_close_position,0.54,gte,3.607,4.1294,3.4499,3.5186
short,1h_previous_close_position,0.56,gte,3.6178,4.11,3.4331,3.5349
short,1h_previous_close_position,0.58,gte,3.7154,3.9958,3.4591,3.5057
short,1h_previous_close_position,0.6,gte,3.704,3.9951,3.2756,3.6634
short,1h_previous_close_position,0.62,gte,3.7358,3.9628,3.3833,3.566
short,1h_previous_close_position,0.64,gte,3.6937,3.987,3.3543,3.5818
short,1h_previous_close_position,0.66,gte,3.67,3.9949,3.3876,3.5511
short,1h_previous_close_position,0.68,gte,3.6497,4.0006,3.3609,3.565
short,1h_previous_close_position,0.7,gte,3.6737,3.9707,3.4308,3.5143
short,1h_previous_close_position,0.72,gte,3.7362,3.9297,3.5473,3.4468
short,1h_previous_close_position,0.74,gte,3.7936,3.8942,3.4128,3.5197
short,1h_previous_close_position,0.76,gte,3.9151,3.8331,3.5066,3.4718
short,1h_previous_close_position,0.78,gte,3.9582,3.8172,3.5322,3.4619
short,1h_previous_close_position,0.8,gte,3.8567,3.861,3.5256,3.4669
short,1h_previous_close_position,0.82,gte,4.0362,3.8018,3.7715,3.3883
short,1h_previous_close_position,0.84,gte,4.1464,3.7786,3.9784,3.3428
short,1h_previous_close_position,0.86,gte,4.1438,3.787,4.0107,3.3479
short,1h_previous_close_position,0.88,gte,3.8441,3.8633,3.5563,3.4669
short,1h_previous_close_position,0.9,gte,3.7471,3.8787,3.5695,3.4686
short,1h_previous_close_position,0.92,gte,4.0912,3.8314,3.7667,3.4483
short,1h_previous_close_position,0.94,gte,3.0792,3.9341,3.1661,3.5133
short,1h_previous_close_position,0.96,gte,3.1165,3.9065,3.3009,3.4946
short,1h_previous_close_position,0.98,gte,4.0203,3.8556,3.3683,3.4861
short,1h_previous_close_position,1.0,gte,4.9164,3.8562,4.053,3.4812
short,1h_previous_close_position,0.0,lte,0.775,3.8632,2.526,3.4842
short,1h_previous_close_position,0.02,lte,2.5187,3.8719,3.282,3.4849
short,1h_previous_close_position,0.04,lte,3.989,3.8565,3.8854,3.473
short,1h_previous_close_position,0.06,lte,4.1328,3.8467,3.2247,3.4955
short,1h_previous_close_position,0.08,lte,4.3177,3.827,3.8999,3.4532
short,1h_previous_close_position,0.1,lte,4.6163,3.7908,4.0458,3.4318
short,1h_previous_close_position,0.12,lte,4.5731,3.7773,4.5137,3.3639
short,1h_previous_close_position,0.14,lte,4.2768,3.7997,3.9651,3.4137
short,1h_previous_close_position,0.16,lte,4.2275,3.7929,3.8021,3.4251
short,1h_previous_close_position,0.18,lte,4.1826,3.7923,3.8888,3.3984
short,1h_previous_close_position,0.2,lte,4.1734,3.787,3.8987,3.3866
short,1h_previous_close_position,0.22,lte,4.2927,3.7465,3.9022,3.3735
short,1h_previous_close_position,0.24,lte,4.2749,3.7391,3.7486,3.406
short,1h_previous_close_position,0.26,lte,4.1876,3.7565,3.6102,3.443
short,1h_previous_close_position,0.28,lte,4.2393,3.7312,3.5835,3.4491
short,1h_previous_close_position,0.3,lte,4.3186,3.6825,3.8383,3.3459
short,1h_previous_close_position,0.32,lte,4.2152,3.7139,3.7492,3.3739
short,1h_previous_close_position,0.34,lte,4.2649,3.6779,3.7317,3.3715
short,1h_previous_close_position,0.36,lte,4.2766,3.6606,3.7709,3.3456
short,1h_previous_close_position,0.38,lte,4.1911,3.6891,3.7028,3.3699
short,1h_previous_close_position,0.4,lte,4.2941,3.6189,3.9436,3.2277
short,1h_previous_close_position,0.42,lte,4.2925,3.6043,3.9055,3.2337
short,1h_previous_close_position,0.44,lte,4.2404,3.6241,3.9594,3.1882
short,1h_previous_close_position,0.46,lte,4.1713,3.648,3.8137,3.2584
short,1h_previous_close_position,0.48,lte,4.0937,3.6895,3.7323,3.3016
short,1h_previous_close_position,0.5,lte,4.0995,3.6703,3.6973,3.3138
short,1h_previous_close_position,0.52,lte,4.1672,3.5939,3.6819,3.3112
short,1h_previous_close_position,0.54,lte,4.1294,3.607,3.5186,3.4499
short,1h_previous_close_position,0.56,lte,4.11,3.6178,3.5349,3.4331
short,1h_previous_close_position,0.58,lte,3.9958,3.7154,3.5057,3.4591
short,1h_previous_close_position,0.6,lte,3.9871,3.7126,3.6585,3.2803
short,1h_previous_close_position,0.62,lte,3.9628,3.7358,3.566,3.3833
short,1h_previous_close_position,0.64,lte,3.987,3.6937,3.5818,3.3543
short,1h_previous_close_position,0.66,lte,3.9949,3.67,3.5511,3.3876
short,1h_previous_close_position,0.68,lte,3.9948,3.6575,3.563,3.3635
short,1h_previous_close_position,0.7,lte,3.9707,3.6737,3.5143,3.4308
short,1h_previous_close_position,0.72,lte,3.9297,3.7362,3.4468,3.5473
short,1h_previous_close_position,0.74,lte,3.8942,3.7936,3.5197,3.4128
short,1h_previous_close_position,0.76,lte,3.8331,3.9151,3.4718,3.5066
short,1h_previous_close_position,0.78,lte,3.8172,3.9582,3.4619,3.5322
short,1h_previous_close_position,0.8,lte,3.8073,3.9988,3.4143,3.6653
short,1h_previous_close_position,0.82,lte,3.8003,4.0417,3.3893,3.77
short,1h_previous_close_position,0.84,lte,3.7786,4.1464,3.3428,3.9784
short,1h_previous_close_position,0.86,lte,3.787,4.1438,3.3479,4.0107
short,1h_previous_close_position,0.88,lte,3.8615,3.8518,3.4664,3.5589
short,1h_previous_close_position,0.9,lte,3.8717,3.7882,3.4648,3.5933
short,1h_previous_close_position,0.92,lte,3.8314,4.0912,3.4483,3.7667
short,1h_previous_close_position,0.94,lte,3.9341,3.0792,3.5133,3.1661
short,1h_previous_close_position,0.96,lte,3.9065,3.1165,3.4946,3.3009
short,1h_previous_close_position,0.98,lte,3.8556,4.0203,3.4861,3.3683
short,1h_previous_close_position,1.0,lte,3.8598,0.0,3.4831,0.0
short,1h_previous_compression,0.0,gte,3.8598,0.0,3.4831,0.0
short,1h_previous_compression,1.9,gte,2.6109,3.9304,2.1571,3.5581
short,1h_previous_compression,3.8,gte,2.2969,3.8991,2.6169,3.5049
short,1h_previous_compression,5.7,gte,2.3367,3.8839,1.8764,3.5086
short,1h_previous_compression,7.6,gte,2.2752,3.8831,1.7809,3.5082
short,1h_previous_compression,9.5,gte,2.632,3.8722,2.5086,3.493
short,1h_previous_compression,11.4,gte,2.8723,3.8664,1.4204,3.497
short,1h_previous_compression,13.3,gte,2.8723,3.8664,1.4204,3.497
short,1h_previous_compression,15.2,gte,3.4581,3.862,2.8558,3.4866
short,1h_previous_compression,17.1,gte,3.1045,3.8632,2.0795,3.4894
short,1h_previous_compression,19.0,gte,3.1045,3.8632,2.0795,3.4894
short,1h_previous_compression,0.0,lte,4.0264,2.5753,3.6141,2.4738
short,1h_previous_compression,1.9,lte,3.9304,2.6109,3.5581,2.1571
short,1h_previous_compression,3.8,lte,3.8991,2.2969,3.5049,2.6169
short,1h_previous_compression,5.7,lte,3.8839,2.3367,3.5086,1.8764
short,1h_previous_compression,7.6,lte,3.8831,2.2752,3.5082,1.7809
short,1h_previous_compression,9.5,lte,3.8722,2.632,3.493,2.5086
short,1h_previous_compression,11.4,lte,3.8664,2.8723,3.497,1.4204
short,1h_previous_compression,13.3,lte,3.8664,2.8723,3.497,1.4204
short,1h_previous_compression,15.2,lte,3.862,3.4581,3.4866,2.8558
short,1h_previous_compression,17.1,lte,3.8632,3.1045,3.4894,2.0795
short,1h_previous_compression,19.0,lte,3.8598,0.0,3.4831,0.0
short,1h_previous_ma20_distance_pct,-31.9266,gte,3.8598,0.0,3.4831,0.0
short,1h_previous_ma20_distance_pct,-29.243418,gte,3.8491,13.4138,3.4632,21.3748
short,1h_previous_ma20_distance_pct,-26.560236,gte,3.8206,21.3781,3.4237,30.0947
short,1h_previous_ma20_distance_pct,-23.877054,gte,3.8206,21.3781,3.4237,30.0947
short,1h_previous_ma20_distance_pct,-21.193872,gte,3.8206,21.3781,3.4237,30.0947
short,1h_previous_ma20_distance_pct,-18.51069,gte,3.8206,21.3781,3.4237,30.0947
short,1h_previous_ma20_distance_pct,-15.827508,gte,3.8206,21.3781,3.4237,30.0947
short,1h_previous_ma20_distance_pct,-13.144326,gte,3.8351,11.2233,3.4317,18.8163
short,1h_previous_ma20_distance_pct,-10.461144,gte,3.8455,5.1227,3.4124,9.7591
short,1h_previous_ma20_distance_pct,-7.777962,gte,3.8989,2.3736,3.4583,4.4254
short,1h_previous_ma20_distance_pct,-5.09478,gte,3.8571,3.9036,3.5124,3.0071
short,1h_previous_ma20_distance_pct,-2.411598,gte,3.8997,3.5712,3.5208,3.2107
short,1h_previous_ma20_distance_pct,0.271584,gte,4.0049,3.4211,3.6328,3.0308
short,1h_previous_ma20_distance_pct,2.954766,gte,4.3003,3.1516,3.8049,2.9659
short,1h_previous_ma20_distance_pct,5.637948,gte,4.5758,3.2516,3.7232,3.2792
short,1h_previous_ma20_distance_pct,8.32113,gte,4.8874,3.3171,4.1115,3.1512
short,1h_previous_ma20_distance_pct,11.004312,gte,5.1484,3.3971,4.1918,3.2286
short,1h_previous_ma20_distance_pct,13.687494,gte,5.5743,3.4733,4.9843,3.1447
short,1h_previous_ma20_distance_pct,16.370676,gte,5.8487,3.5105,5.0735,3.2038
short,1h_previous_ma20_distance_pct,19.053858,gte,6.8631,3.4573,6.1757,3.1223
short,1h_previous_ma20_distance_pct,21.73704,gte,7.4687,3.4967,6.7143,3.158
short,1h_previous_ma20_distance_pct,24.420222,gte,7.3112,3.5677,6.6992,3.2109
short,1h_previous_ma20_distance_pct,27.103404,gte,6.5237,3.6756,6.4786,3.276
short,1h_previous_ma20_distance_pct,29.786586,gte,7.3322,3.6548,7.5879,3.2408
short,1h_previous_ma20_distance_pct,32.469768,gte,6.8903,3.7183,6.6958,3.3332
short,1h_previous_ma20_distance_pct,35.15295,gte,6.1608,3.7636,6.419,3.3604
short,1h_previous_ma20_distance_pct,37.836132,gte,5.9421,3.7803,7.3722,3.3346
short,1h_previous_ma20_distance_pct,40.519314,gte,6.6739,3.7857,9.5859,3.3225
short,1h_previous_ma20_distance_pct,43.202496,gte,6.7444,3.794,8.9943,3.3574
short,1h_previous_ma20_distance_pct,45.885678,gte,7.9268,3.7765,9.3874,3.3622
short,1h_previous_ma20_distance_pct,48.56886,gte,7.442,3.803,8.9261,3.3968
short,1h_previous_ma20_distance_pct,51.252042,gte,9.1635,3.7939,8.521,3.4206
short,1h_previous_ma20_distance_pct,53.935224,gte,6.7314,3.8339,8.3518,3.4393
short,1h_previous_ma20_distance_pct,56.618406,gte,7.2068,3.8335,8.6458,3.4425
short,1h_previous_ma20_distance_pct,59.301588,gte,5.694,3.8495,6.081,3.4686
short,1h_previous_ma20_distance_pct,61.98477,gte,6.5198,3.8479,8.8496,3.4591
short,1h_previous_ma20_distance_pct,64.667952,gte,6.5198,3.8479,8.8496,3.4591
short,1h_previous_ma20_distance_pct,67.351134,gte,2.5175,3.8643,8.0488,3.4678
short,1h_previous_ma20_distance_pct,70.034316,gte,4.4396,3.8585,15.9876,3.4552
short,1h_previous_ma20_distance_pct,72.717498,gte,4.4396,3.8585,15.9876,3.4552
short,1h_previous_ma20_distance_pct,75.40068,gte,4.4396,3.8585,15.9876,3.4552
short,1h_previous_ma20_distance_pct,78.083862,gte,17.5793,3.8445,48.4224,3.433
short,1h_previous_ma20_distance_pct,80.767044,gte,17.5793,3.8445,48.4224,3.433
short,1h_previous_ma20_distance_pct,83.450226,gte,17.5793,3.8445,48.4224,3.433
short,1h_previous_ma20_distance_pct,86.133408,gte,17.5793,3.8445,48.4224,3.433
short,1h_previous_ma20_distance_pct,88.81659,gte,17.5793,3.8445,48.4224,3.433
short,1h_previous_ma20_distance_pct,91.499772,gte,17.5793,3.8445,48.4224,3.433
short,1h_previous_ma20_distance_pct,94.182954,gte,17.5793,3.8445,48.4224,3.433
short,1h_previous_ma20_distance_pct,96.866136,gte,17.5793,3.8445,48.4224,3.433
short,1h_previous_ma20_distance_pct,99.549318,gte,17.5793,3.8445,48.4224,3.433
short,1h_previous_ma20_distance_pct,102.2325,gte,17.5793,3.8445,48.4224,3.433
short,1h_previous_ma20_distance_pct,-31.9266,lte,13.4138,3.8491,21.3748,3.4632
short,1h_previous_ma20_distance_pct,-29.243418,lte,13.4138,3.8491,21.3748,3.4632
short,1h_previous_ma20_distance_pct,-26.560236,lte,21.3781,3.8206,30.0947,3.4237
short,1h_previous_ma20_distance_pct,-23.877054,lte,21.3781,3.8206,30.0947,3.4237
short,1h_previous_ma20_distance_pct,-21.193872,lte,21.3781,3.8206,30.0947,3.4237
short,1h_previous_ma20_distance_pct,-18.51069,lte,21.3781,3.8206,30.0947,3.4237
short,1h_previous_ma20_distance_pct,-15.827508,lte,21.3781,3.8206,30.0947,3.4237
short,1h_previous_ma20_distance_pct,-13.144326,lte,11.2233,3.8351,18.8163,3.4317
short,1h_previous_ma20_distance_pct,-10.461144,lte,5.1227,3.8455,9.7591,3.4124
short,1h_previous_ma20_distance_pct,-7.777962,lte,2.3736,3.8989,4.4254,3.4583
short,1h_previous_ma20_distance_pct,-5.09478,lte,3.9036,3.8571,3.0071,3.5124
short,1h_previous_ma20_distance_pct,-2.411598,lte,3.5712,3.8997,3.2107,3.5208
short,1h_previous_ma20_distance_pct,0.271584,lte,3.4211,4.0049,3.0308,3.6328
short,1h_previous_ma20_distance_pct,2.954766,lte,3.1516,4.3003,2.9659,3.8049
short,1h_previous_ma20_distance_pct,5.637948,lte,3.2516,4.5758,3.2792,3.7232
short,1h_previous_ma20_distance_pct,8.32113,lte,3.3171,4.8874,3.1512,4.1115
short,1h_previous_ma20_distance_pct,11.004312,lte,3.3971,5.1484,3.2286,4.1918
short,1h_previous_ma20_distance_pct,13.687494,lte,3.4733,5.5743,3.1447,4.9843
short,1h_previous_ma20_distance_pct,16.370676,lte,3.5105,5.8487,3.2038,5.0735
short,1h_previous_ma20_distance_pct,19.053858,lte,3.4573,6.8631,3.1223,6.1757
short,1h_previous_ma20_distance_pct,21.73704,lte,3.4967,7.4687,3.158,6.7143
short,1h_previous_ma20_distance_pct,24.420222,lte,3.5677,7.3112,3.2109,6.6992
short,1h_previous_ma20_distance_pct,27.103404,lte,3.6756,6.5237,3.276,6.4786
short,1h_previous_ma20_distance_pct,29.786586,lte,3.6548,7.3322,3.2408,7.5879
short,1h_previous_ma20_distance_pct,32.469768,lte,3.7183,6.8903,3.3332,6.6958
short,1h_previous_ma20_distance_pct,35.15295,lte,3.7636,6.1608,3.3604,6.419
short,1h_previous_ma20_distance_pct,37.836132,lte,3.7803,5.9421,3.3346,7.3722
short,1h_previous_ma20_distance_pct,40.519314,lte,3.7857,6.6739,3.3225,9.5859
short,1h_previous_ma20_distance_pct,43.202496,lte,3.794,6.7444,3.3574,8.9943
short,1h_previous_ma20_distance_pct,45.885678,lte,3.7765,7.9268,3.3622,9.3874
short,1h_previous_ma20_distance_pct,48.56886,lte,3.803,7.442,3.3968,8.9261
short,1h_previous_ma20_distance_pct,51.252042,lte,3.7939,9.1635,3.4206,8.521
short,1h_previous_ma20_distance_pct,53.935224,lte,3.8339,6.7314,3.4393,8.3518
short,1h_previous_ma20_distance_pct,56.618406,lte,3.8335,7.2068,3.4425,8.6458
short,1h_previous_ma20_distance_pct,59.301588,lte,3.8495,5.694,3.4686,6.081
short,1h_previous_ma20_distance_pct,61.98477,lte,3.8479,6.5198,3.4591,8.8496
short,1h_previous_ma20_distance_pct,64.667952,lte,3.8479,6.5198,3.4591,8.8496
short,1h_previous_ma20_distance_pct,67.351134,lte,3.8643,2.5175,3.4678,8.0488
short,1h_previous_ma20_distance_pct,70.034316,lte,3.8585,4.4396,3.4552,15.9876
short,1h_previous_ma20_distance_pct,72.717498,lte,3.8585,4.4396,3.4552,15.9876
short,1h_previous_ma20_distance_pct,75.40068,lte,3.8585,4.4396,3.4552,15.9876
short,1h_previous_ma20_distance_pct,78.083862,lte,3.8445,17.5793,3.433,48.4224
short,1h_previous_ma20_distance_pct,80.767044,lte,3.8445,17.5793,3.433,48.4224
short,1h_previous_ma20_distance_pct,83.450226,lte,3.8445,17.5793,3.433,48.4224
short,1h_previous_ma20_distance_pct,86.133408,lte,3.8445,17.5793,3.433,48.4224
short,1h_previous_ma20_distance_pct,88.81659,lte,3.8445,17.5793,3.433,48.4224
short,1h_previous_ma20_distance_pct,91.499772,lte,3.8445,17.5793,3.433,48.4224
short,1h_previous_ma20_distance_pct,94.182954,lte,3.8445,17.5793,3.433,48.4224
short,1h_previous_ma20_distance_pct,96.866136,lte,3.8445,17.5793,3.433,48.4224
short,1h_previous_ma20_distance_pct,99.549318,lte,3.8445,17.5793,3.433,48.4224
short,1h_previous_ma20_distance_pct,102.2325,lte,3.8598,0.0,3.4831,0.0
short,1h_previous_range_pct,0.716,gte,3.8598,0.0,3.4831,0.0
short,1h_previous_range_pct,1.615478,gte,3.8939,2.7171,3.5135,2.4658
short,1h_previous_range_pct,2.514956,gte,4.079,2.3835,3.6886,2.1
short,1h_previous_range_pct,3.414434,gte,4.2818,2.5292,3.8449,2.3425
short,1h_previous_range_pct,4.313912,gte,4.3897,2.9361,3.8582,2.8293
short,1h_previous_range_pct,5.21339,gte,4.7065,2.9402,4.1083,2.8042
short,1h_previous_range_pct,6.112868,gte,4.8979,3.0243,4.322,2.808
short,1h_previous_range_pct,7.012346,gte,4.9311,3.2481,4.2188,3.0631
short,1h_previous_range_pct,7.911824,gte,5.105,3.315,4.2167,3.1622
short,1h_previous_range_pct,8.811302,gte,5.1396,3.4262,4.329,3.1965
short,1h_previous_range_pct,9.71078,gte,5.5303,3.3774,4.5864,3.1645
short,1h_previous_range_pct,10.610258,gte,5.2852,3.5216,4.658,3.2044
short,1h_previous_range_pct,11.509736,gte,5.6474,3.5094,5.0625,3.1736
short,1h_previous_range_pct,12.409214,gte,5.5229,3.588,4.5779,3.3042
short,1h_previous_range_pct,13.308692,gte,5.7379,3.6,4.8651,3.292
short,1h_previous_range_pct,14.20817,gte,5.3995,3.6881,4.2106,3.402
short,1h_previous_range_pct,15.107648,gte,5.1563,3.7276,4.0716,3.4231
short,1h_previous_range_pct,16.007126,gte,5.4298,3.7207,4.909,3.3568
short,1h_previous_range_pct,16.906604,gte,5.7837,3.7145,5.4285,3.3362
short,1h_previous_range_pct,17.806082,gte,5.8843,3.7095,5.5252,3.3315
short,1h_previous_range_pct,18.70556,gte,6.1113,3.7127,5.7057,3.3379
short,1h_previous_range_pct,19.605038,gte,5.73,3.7517,5.1697,3.3857
short,1h_previous_range_pct,20.504516,gte,6.1101,3.7437,5.3719,3.3857
short,1h_previous_range_pct,21.403994,gte,6.0851,3.7532,5.2928,3.3964
short,1h_previous_range_pct,22.303472,gte,6.0847,3.7641,4.8181,3.4257
short,1h_previous_range_pct,23.20295,gte,6.3407,3.768,5.8771,3.3946
short,1h_previous_range_pct,24.102428,gte,5.5515,3.8012,4.1421,3.4603
short,1h_previous_range_pct,25.001906,gte,5.3467,3.8136,3.3942,3.4859
short,1h_previous_range_pct,25.901384,gte,5.3775,3.8198,2.5936,3.5065
short,1h_previous_range_pct,26.800862,gte,5.3775,3.8198,2.5936,3.5065
short,1h_previous_range_pct,27.70034,gte,5.402,3.8246,3.1503,3.4907
short,1h_previous_range_pct,28.599818,gte,5.3921,3.8284,1.6637,3.5204
short,1h_previous_range_pct,29.499296,gte,5.4368,3.8293,3.6709,3.4795
short,1h_previous_range_pct,30.398774,gte,8.2266,3.7956,8.5112,3.4092
short,1h_previous_range_pct,31.298252,gte,9.4428,3.7841,9.3865,3.4031
short,1h_previous_range_pct,32.19773,gte,9.8311,3.7856,10.2814,3.3987
short,1h_previous_range_pct,33.097208,gte,11.468,3.7827,12.3902,3.3928
short,1h_previous_range_pct,33.996686,gte,13.3826,3.7741,16.4951,3.366
short,1h_previous_range_pct,34.896164,gte,11.2382,3.8018,15.1515,3.3913
short,1h_previous_range_pct,35.795642,gte,10.5342,3.8224,9.0564,3.4519
short,1h_previous_range_pct,36.69512,gte,10.5342,3.8224,9.0564,3.4519
short,1h_previous_range_pct,37.594598,gte,10.5342,3.8224,9.0564,3.4519
short,1h_previous_range_pct,38.494076,gte,9.9756,3.8324,13.3647,3.4389
short,1h_previous_range_pct,39.393554,gte,9.9756,3.8324,13.3647,3.4389
short,1h_previous_range_pct,40.293032,gte,11.0442,3.8357,16.557,3.4392
short,1h_previous_range_pct,41.19251,gte,9.8594,3.8464,14.1481,3.4593
short,1h_previous_range_pct,42.091988,gte,9.8594,3.8464,14.1481,3.4593
short,1h_previous_range_pct,42.991466,gte,9.8594,3.8464,14.1481,3.4593
short,1h_previous_range_pct,43.890944,gte,29.3423,3.8313,38.8145,3.4437
short,1h_previous_range_pct,44.790422,gte,29.3423,3.8313,38.8145,3.4437
short,1h_previous_range_pct,45.6899,gte,29.3423,3.8313,38.8145,3.4437
short,1h_previous_range_pct,0.716,lte,4.7923,3.8587,5.3914,3.481
short,1h_previous_range_pct,1.615478,lte,2.7171,3.8939,2.4658,3.5135
short,1h_previous_range_pct,2.514956,lte,2.3835,4.079,2.1,3.6886
short,1h_previous_range_pct,3.414434,lte,2.5292,4.2818,2.3425,3.8449
short,1h_previous_range_pct,4.313912,lte,2.9361,4.3897,2.8293,3.8582
short,1h_previous_range_pct,5.21339,lte,2.9402,4.7065,2.8042,4.1083
short,1h_previous_range_pct,6.112868,lte,3.0243,4.8979,2.808,4.322
short,1h_previous_range_pct,7.012346,lte,3.2481,4.9311,3.0631,4.2188
short,1h_previous_range_pct,7.911824,lte,3.315,5.105,3.1622,4.2167
short,1h_previous_range_pct,8.811302,lte,3.4262,5.1396,3.1965,4.329
short,1h_previous_range_pct,9.71078,lte,3.3774,5.5303,3.1645,4.5864
short,1h_previous_range_pct,10.610258,lte,3.5216,5.2852,3.2044,4.658
short,1h_previous_range_pct,11.509736,lte,3.5094,5.6474,3.1736,5.0625
short,1h_previous_range_pct,12.409214,lte,3.588,5.5229,3.3042,4.5779
short,1h_previous_range_pct,13.308692,lte,3.6,5.7379,3.292,4.8651
short,1h_previous_range_pct,14.20817,lte,3.6881,5.3995,3.402,4.2106
short,1h_previous_range_pct,15.107648,lte,3.7276,5.1563,3.4231,4.0716
short,1h_previous_range_pct,16.007126,lte,3.7207,5.4298,3.3568,4.909
short,1h_previous_range_pct,16.906604,lte,3.7145,5.7837,3.3362,5.4285
short,1h_previous_range_pct,17.806082,lte,3.7095,5.8843,3.3315,5.5252
short,1h_previous_range_pct,18.70556,lte,3.7127,6.1113,3.3379,5.7057
short,1h_previous_range_pct,19.605038,lte,3.7517,5.73,3.3857,5.1697
short,1h_previous_range_pct,20.504516,lte,3.7437,6.1101,3.3857,5.3719
short,1h_previous_range_pct,21.403994,lte,3.7532,6.0851,3.3964,5.2928
short,1h_previous_range_pct,22.303472,lte,3.7641,6.0847,3.4257,4.8181
short,1h_previous_range_pct,23.20295,lte,3.768,6.3407,3.3946,5.8771
short,1h_previous_range_pct,24.102428,lte,3.8012,5.5515,3.4603,4.1421
short,1h_previous_range_pct,25.001906,lte,3.8136,5.3467,3.4859,3.3942
short,1h_previous_range_pct,25.901384,lte,3.8198,5.3775,3.5065,2.5936
short,1h_previous_range_pct,26.800862,lte,3.8198,5.3775,3.5065,2.5936
short,1h_previous_range_pct,27.70034,lte,3.8246,5.402,3.4907,3.1503
short,1h_previous_range_pct,28.599818,lte,3.8284,5.3921,3.5204,1.6637
short,1h_previous_range_pct,29.499296,lte,3.8293,5.4368,3.4795,3.6709
short,1h_previous_range_pct,30.398774,lte,3.7956,8.2266,3.4092,8.5112
short,1h_previous_range_pct,31.298252,lte,3.7841,9.4428,3.4031,9.3865
short,1h_previous_range_pct,32.19773,lte,3.7856,9.8311,3.3987,10.2814
short,1h_previous_range_pct,33.097208,lte,3.7827,11.468,3.3928,12.3902
short,1h_previous_range_pct,33.996686,lte,3.7741,13.3826,3.366,16.4951
short,1h_previous_range_pct,34.896164,lte,3.8018,11.2382,3.3913,15.1515
short,1h_previous_range_pct,35.795642,lte,3.8224,10.5342,3.4519,9.0564
short,1h_previous_range_pct,36.69512,lte,3.8224,10.5342,3.4519,9.0564
short,1h_previous_range_pct,37.594598,lte,3.8224,10.5342,3.4519,9.0564
short,1h_previous_range_pct,38.494076,lte,3.8324,9.9756,3.4389,13.3647
short,1h_previous_range_pct,39.393554,lte,3.8324,9.9756,3.4389,13.3647
short,1h_previous_range_pct,40.293032,lte,3.8357,11.0442,3.4392,16.557
short,1h_previous_range_pct,41.19251,lte,3.8464,9.8594,3.4593,14.1481
short,1h_previous_range_pct,42.091988,lte,3.8464,9.8594,3.4593,14.1481
short,1h_previous_range_pct,42.991466,lte,3.8464,9.8594,3.4593,14.1481
short,1h_previous_range_pct,43.890944,lte,3.8313,29.3423,3.4437,38.8145
short,1h_previous_range_pct,44.790422,lte,3.8313,29.3423,3.4437,38.8145
short,1h_previous_range_pct,45.6899,lte,3.8598,0.0,3.4831,0.0
short,1h_previous_return_pct,-29.7846,gte,3.8598,0.0,3.4831,0.0
short,1h_previous_return_pct,-28.375026,gte,3.8498,12.7688,3.4961,-8.1765
short,1h_previous_return_pct,-26.965452,gte,3.8466,9.7692,3.4958,-2.1945
short,1h_previous_return_pct,-25.555878,gte,3.8359,10.9841,3.4758,5.662
short,1h_previous_return_pct,-24.146304,gte,3.8359,10.9841,3.4758,5.662
short,1h_previous_return_pct,-22.73673,gte,3.8066,13.3485,3.4503,9.3302
short,1h_previous_return_pct,-21.327156,gte,3.7953,13.4407,3.4242,12.2373
short,1h_previous_return_pct,-19.917582,gte,3.7953,13.4407,3.4242,12.2373
short,1h_previous_return_pct,-18.508008,gte,3.7921,12.4666,3.4145,12.2134
short,1h_previous_return_pct,-17.098434,gte,3.7909,10.6545,3.4014,11.5436
short,1h_previous_return_pct,-15.68886,gte,3.7763,11.2619,3.3921,11.5558
short,1h_previous_return_pct,-14.279286,gte,3.7729,10.2704,3.37,11.8274
short,1h_previous_return_pct,-12.869712,gte,3.7782,9.0077,3.3638,11.0111
short,1h_previous_return_pct,-11.460138,gte,3.803,6.3491,3.3916,7.4978
short,1h_previous_return_pct,-10.050564,gte,3.8295,5.0102,3.4695,3.9995
short,1h_previous_return_pct,-8.64099,gte,3.8232,4.9179,3.5101,2.7036
short,1h_previous_return_pct,-7.231416,gte,3.8124,4.875,3.4974,3.1773
short,1h_previous_return_pct,-5.821842,gte,3.8169,4.5571,3.4523,3.9843
short,1h_previous_return_pct,-4.412268,gte,3.7321,5.0483,3.3257,4.9487
short,1h_previous_return_pct,-3.002694,gte,3.6958,4.8918,3.3415,4.3745
short,1h_previous_return_pct,-1.59312,gte,3.644,4.5239,3.4133,3.6979
short,1h_previous_return_pct,-0.183546,gte,3.8297,3.9037,3.5036,3.4532
short,1h_previous_return_pct,1.226028,gte,4.0273,3.7274,3.5687,3.4155
short,1h_previous_return_pct,2.635602,gte,4.2201,3.7013,3.3612,3.5367
short,1h_previous_return_pct,4.045176,gte,4.7458,3.6389,3.6758,3.4351
short,1h_previous_return_pct,5.45475,gte,5.7099,3.549,4.4529,3.3202
short,1h_previous_return_pct,6.864324,gte,5.712,3.6248,4.2282,3.3886
short,1h_previous_return_pct,8.273898,gte,5.4109,3.7265,4.41,3.4035
short,1h_previous_return_pct,9.683472,gte,4.858,3.7908,2.955,3.5196
short,1h_previous_return_pct,11.093046,gte,4.2728,3.8405,2.2244,3.5419
short,1h_previous_return_pct,12.50262,gte,5.184,3.8108,2.6843,3.5127
short,1h_previous_return_pct,13.912194,gte,5.1303,3.8204,3.4262,3.4849
short,1h_previous_return_pct,15.321768,gte,4.9768,3.8343,4.7722,3.4537
short,1h_previous_return_pct,16.731342,gte,6.996,3.8064,7.3349,3.4176
short,1h_previous_return_pct,18.140916,gte,7.8618,3.8009,9.8589,3.3894
short,1h_previous_return_pct,19.55049,gte,8.5511,3.8015,11.2955,3.3861
short,1h_previous_return_pct,20.960064,gte,10.963,3.7959,16.0329,3.3702
short,1h_previous_return_pct,22.369638,gte,9.2515,3.8296,16.3143,3.4112
short,1h_previous_return_pct,23.779212,gte,9.2515,3.8296,16.3143,3.4112
short,1h_previous_return_pct,25.188786,gte,16.4229,3.8035,25.6547,3.3838
short,1h_previous_return_pct,26.59836,gte,16.4229,3.8035,25.6547,3.3838
short,1h_previous_return_pct,28.007934,gte,12.4327,3.831,25.5729,3.409
short,1h_previous_return_pct,29.417508,gte,12.4327,3.831,25.5729,3.409
short,1h_previous_return_pct,30.827082,gte,12.4327,3.831,25.5729,3.409
short,1h_previous_return_pct,32.236656,gte,9.8594,3.8464,14.1481,3.4593
short,1h_previous_return_pct,33.64623,gte,9.8594,3.8464,14.1481,3.4593
short,1h_previous_return_pct,35.055804,gte,9.8594,3.8464,14.1481,3.4593
short,1h_previous_return_pct,36.465378,gte,-9.6235,3.8748,-10.5183,3.4987
short,1h_previous_return_pct,37.874952,gte,-9.6235,3.8748,-10.5183,3.4987
short,1h_previous_return_pct,39.284526,gte,-9.6235,3.8748,-10.5183,3.4987
short,1h_previous_return_pct,40.6941,gte,-9.6235,3.8748,-10.5183,3.4987
short,1h_previous_return_pct,-29.7846,lte,12.7688,3.8498,-8.1765,3.4961
short,1h_previous_return_pct,-28.375026,lte,12.7688,3.8498,-8.1765,3.4961
short,1h_previous_return_pct,-26.965452,lte,9.7692,3.8466,-2.1945,3.4958
short,1h_previous_return_pct,-25.555878,lte,10.9841,3.8359,5.662,3.4758
short,1h_previous_return_pct,-24.146304,lte,10.9841,3.8359,5.662,3.4758
short,1h_previous_return_pct,-22.73673,lte,13.3485,3.8066,9.3302,3.4503
short,1h_previous_return_pct,-21.327156,lte,13.4407,3.7953,12.2373,3.4242
short,1h_previous_return_pct,-19.917582,lte,13.4407,3.7953,12.2373,3.4242
short,1h_previous_return_pct,-18.508008,lte,12.4666,3.7921,12.2134,3.4145
short,1h_previous_return_pct,-17.098434,lte,10.6545,3.7909,11.5436,3.4014
short,1h_previous_return_pct,-15.68886,lte,11.2619,3.7763,11.5558,3.3921
short,1h_previous_return_pct,-14.279286,lte,10.2704,3.7729,11.8274,3.37
short,1h_previous_return_pct,-12.869712,lte,9.0077,3.7782,11.0111,3.3638
short,1h_previous_return_pct,-11.460138,lte,6.3491,3.803,7.4978,3.3916
short,1h_previous_return_pct,-10.050564,lte,5.0102,3.8295,3.9995,3.4695
short,1h_previous_return_pct,-8.64099,lte,4.9179,3.8232,2.7036,3.5101
short,1h_previous_return_pct,-7.231416,lte,4.875,3.8124,3.1773,3.4974
short,1h_previous_return_pct,-5.821842,lte,4.5571,3.8169,3.9843,3.4523
short,1h_previous_return_pct,-4.412268,lte,5.0483,3.7321,4.9487,3.3257
short,1h_previous_return_pct,-3.002694,lte,4.8918,3.6958,4.3745,3.3415
short,1h_previous_return_pct,-1.59312,lte,4.5239,3.644,3.6979,3.4133
short,1h_previous_return_pct,-0.183546,lte,3.9037,3.8297,3.4532,3.5036
short,1h_previous_return_pct,1.226028,lte,3.7274,4.0273,3.4155,3.5687
short,1h_previous_return_pct,2.635602,lte,3.7013,4.2201,3.5367,3.3612
short,1h_previous_return_pct,4.045176,lte,3.6389,4.7458,3.4351,3.6758
short,1h_previous_return_pct,5.45475,lte,3.549,5.7099,3.3202,4.4529
short,1h_previous_return_pct,6.864324,lte,3.6248,5.712,3.3886,4.2282
short,1h_previous_return_pct,8.273898,lte,3.7265,5.4109,3.4035,4.41
short,1h_previous_return_pct,9.683472,lte,3.7908,4.858,3.5196,2.955
short,1h_previous_return_pct,11.093046,lte,3.8405,4.2728,3.5419,2.2244
short,1h_previous_return_pct,12.50262,lte,3.8108,5.184,3.5127,2.6843
short,1h_previous_return_pct,13.912194,lte,3.8204,5.1303,3.4849,3.4262
short,1h_previous_return_pct,15.321768,lte,3.8343,4.9768,3.4537,4.7722
short,1h_previous_return_pct,16.731342,lte,3.8064,6.996,3.4176,7.3349
short,1h_previous_return_pct,18.140916,lte,3.8009,7.8618,3.3894,9.8589
short,1h_previous_return_pct,19.55049,lte,3.8015,8.5511,3.3861,11.2955
short,1h_previous_return_pct,20.960064,lte,3.7959,10.963,3.3702,16.0329
short,1h_previous_return_pct,22.369638,lte,3.8296,9.2515,3.4112,16.3143
short,1h_previous_return_pct,23.779212,lte,3.8296,9.2515,3.4112,16.3143
short,1h_previous_return_pct,25.188786,lte,3.8035,16.4229,3.3838,25.6547
short,1h_previous_return_pct,26.59836,lte,3.8035,16.4229,3.3838,25.6547
short,1h_previous_return_pct,28.007934,lte,3.831,12.4327,3.409,25.5729
short,1h_previous_return_pct,29.417508,lte,3.831,12.4327,3.409,25.5729
short,1h_previous_return_pct,30.827082,lte,3.831,12.4327,3.409,25.5729
short,1h_previous_return_pct,32.236656,lte,3.8464,9.8594,3.4593,14.1481
short,1h_previous_return_pct,33.64623,lte,3.8464,9.8594,3.4593,14.1481
short,1h_previous_return_pct,35.055804,lte,3.8464,9.8594,3.4593,14.1481
short,1h_previous_return_pct,36.465378,lte,3.8748,-9.6235,3.4987,-10.5183
short,1h_previous_return_pct,37.874952,lte,3.8748,-9.6235,3.4987,-10.5183
short,1h_previous_return_pct,39.284526,lte,3.8748,-9.6235,3.4987,-10.5183
short,1h_previous_return_pct,40.6941,lte,3.8598,0.0,3.4831,0.0
short,1h_previous_volume_ratio,0.1492,gte,3.8598,0.0,3.4831,0.0
short,1h_previous_volume_ratio,1.269816,gte,3.9569,3.7723,3.6287,3.352
short,1h_previous_volume_ratio,2.390432,gte,4.1454,3.7778,3.9423,3.3514
short,1h_previous_volume_ratio,3.511048,gte,4.2329,3.8022,4.5007,3.326
short,1h_previous_volume_ratio,4.631664,gte,3.5602,3.8916,3.683,3.4619
short,1h_previous_volume_ratio,5.75228,gte,3.5162,3.8862,4.2214,3.4264
short,1h_previous_volume_ratio,6.872896,gte,3.0166,3.9054,3.693,3.4718
short,1h_previous_volume_ratio,7.993512,gte,3.1031,3.8933,3.04,3.5027
short,1h_previous_volume_ratio,9.114128,gte,3.3193,3.8778,3.1174,3.4953
short,1h_previous_volume_ratio,10.234744,gte,3.39,3.871,3.4847,3.4831
short,1h_previous_volume_ratio,11.35536,gte,3.1837,3.8744,3.4872,3.483
short,1h_previous_volume_ratio,12.475976,gte,3.4327,3.8675,3.747,3.4783
short,1h_previous_volume_ratio,13.596592,gte,2.0426,3.8844,3.5648,3.482
short,1h_previous_volume_ratio,14.717208,gte,1.4973,3.881,2.6545,3.4906
short,1h_previous_volume_ratio,15.837824,gte,1.3026,3.8799,2.0521,3.4944
short,1h_previous_volume_ratio,16.95844,gte,1.3026,3.8799,2.0521,3.4944
short,1h_previous_volume_ratio,18.079056,gte,1.0315,3.8788,1.6462,3.4955
short,1h_previous_volume_ratio,19.199672,gte,1.0315,3.8788,1.6462,3.4955
short,1h_previous_volume_ratio,20.320288,gte,1.0315,3.8788,1.6462,3.4955
short,1h_previous_volume_ratio,21.440904,gte,1.0315,3.8788,1.6462,3.4955
short,1h_previous_volume_ratio,22.56152,gte,1.0315,3.8788,1.6462,3.4955
short,1h_previous_volume_ratio,23.682136,gte,1.0315,3.8788,1.6462,3.4955
short,1h_previous_volume_ratio,24.802752,gte,1.0315,3.8788,1.6462,3.4955
short,1h_previous_volume_ratio,25.923368,gte,1.0315,3.8788,1.6462,3.4955
short,1h_previous_volume_ratio,27.043984,gte,1.0315,3.8788,1.6462,3.4955
short,1h_previous_volume_ratio,28.1646,gte,1.0315,3.8788,1.6462,3.4955
short,1h_previous_volume_ratio,29.285216,gte,0.4487,3.8789,0.1035,3.5021
short,1h_previous_volume_ratio,30.405832,gte,0.4487,3.8789,0.1035,3.5021
short,1h_previous_volume_ratio,31.526448,gte,0.4487,3.8789,0.1035,3.5021
short,1h_previous_volume_ratio,32.647064,gte,0.4487,3.8789,0.1035,3.5021
short,1h_previous_volume_ratio,33.76768,gte,0.4487,3.8789,0.1035,3.5021
short,1h_previous_volume_ratio,34.888296,gte,-0.8866,3.881,-1.2696,3.5044
short,1h_previous_volume_ratio,36.008912,gte,-1.8315,3.8789,-1.8474,3.501
short,1h_previous_volume_ratio,37.129528,gte,-1.8315,3.8789,-1.8474,3.501
short,1h_previous_volume_ratio,38.250144,gte,-1.8315,3.8789,-1.8474,3.501
short,1h_previous_volume_ratio,39.37076,gte,-3.148,3.8754,-3.6833,3.4991
short,1h_previous_volume_ratio,40.491376,gte,3.3275,3.8604,3.1517,3.4835
short,1h_previous_volume_ratio,41.611992,gte,3.3275,3.8604,3.1517,3.4835
short,1h_previous_volume_ratio,42.732608,gte,3.3275,3.8604,3.1517,3.4835
short,1h_previous_volume_ratio,43.853224,gte,3.3275,3.8604,3.1517,3.4835
short,1h_previous_volume_ratio,44.97384,gte,3.3275,3.8604,3.1517,3.4835
short,1h_previous_volume_ratio,46.094456,gte,3.3275,3.8604,3.1517,3.4835
short,1h_previous_volume_ratio,47.215072,gte,3.3275,3.8604,3.1517,3.4835
short,1h_previous_volume_ratio,48.335688,gte,3.3275,3.8604,3.1517,3.4835
short,1h_previous_volume_ratio,49.456304,gte,3.3275,3.8604,3.1517,3.4835
short,1h_previous_volume_ratio,50.57692,gte,3.3275,3.8604,3.1517,3.4835
short,1h_previous_volume_ratio,51.697536,gte,3.3275,3.8604,3.1517,3.4835
short,1h_previous_volume_ratio,52.818152,gte,3.3275,3.8604,3.1517,3.4835
short,1h_previous_volume_ratio,53.938768,gte,3.3275,3.8604,3.1517,3.4835
short,1h_previous_volume_ratio,55.059384,gte,3.3275,3.8604,3.1517,3.4835
short,1h_previous_volume_ratio,56.18,gte,3.3275,3.8604,3.1517,3.4835
short,1h_previous_volume_ratio,0.1492,lte,8.7591,3.8543,3.1022,3.4835
short,1h_previous_volume_ratio,1.269816,lte,3.7723,3.9569,3.352,3.6287
short,1h_previous_volume_ratio,2.390432,lte,3.7778,4.1454,3.3514,3.9423
short,1h_previous_volume_ratio,3.511048,lte,3.8022,4.2329,3.326,4.5007
short,1h_previous_volume_ratio,4.631664,lte,3.8916,3.5602,3.4619,3.683
short,1h_previous_volume_ratio,5.75228,lte,3.8862,3.5162,3.4264,4.2214
short,1h_previous_volume_ratio,6.872896,lte,3.9054,3.0166,3.4718,3.693
short,1h_previous_volume_ratio,7.993512,lte,3.8933,3.1031,3.5027,3.04
short,1h_previous_volume_ratio,9.114128,lte,3.8778,3.3193,3.4953,3.1174
short,1h_previous_volume_ratio,10.234744,lte,3.871,3.39,3.4831,3.4847
short,1h_previous_volume_ratio,11.35536,lte,3.8744,3.1837,3.483,3.4872
short,1h_previous_volume_ratio,12.475976,lte,3.8675,3.4327,3.4783,3.747
short,1h_previous_volume_ratio,13.596592,lte,3.8844,2.0426,3.482,3.5648
short,1h_previous_volume_ratio,14.717208,lte,3.881,1.4973,3.4906,2.6545
short,1h_previous_volume_ratio,15.837824,lte,3.8799,1.3026,3.4944,2.0521
short,1h_previous_volume_ratio,16.95844,lte,3.8799,1.3026,3.4944,2.0521
short,1h_previous_volume_ratio,18.079056,lte,3.8788,1.0315,3.4955,1.6462
short,1h_previous_volume_ratio,19.199672,lte,3.8788,1.0315,3.4955,1.6462
short,1h_previous_volume_ratio,20.320288,lte,3.8788,1.0315,3.4955,1.6462
short,1h_previous_volume_ratio,21.440904,lte,3.8788,1.0315,3.4955,1.6462
short,1h_previous_volume_ratio,22.56152,lte,3.8788,1.0315,3.4955,1.6462
short,1h_previous_volume_ratio,23.682136,lte,3.8788,1.0315,3.4955,1.6462
short,1h_previous_volume_ratio,24.802752,lte,3.8788,1.0315,3.4955,1.6462
short,1h_previous_volume_ratio,25.923368,lte,3.8788,1.0315,3.4955,1.6462
short,1h_previous_volume_ratio,27.043984,lte,3.8788,1.0315,3.4955,1.6462
short,1h_previous_volume_ratio,28.1646,lte,3.8788,1.0315,3.4955,1.6462
short,1h_previous_volume_ratio,29.285216,lte,3.8789,0.4487,3.5021,0.1035
short,1h_previous_volume_ratio,30.405832,lte,3.8789,0.4487,3.5021,0.1035
short,1h_previous_volume_ratio,31.526448,lte,3.8789,0.4487,3.5021,0.1035
short,1h_previous_volume_ratio,32.647064,lte,3.8789,0.4487,3.5021,0.1035
short,1h_previous_volume_ratio,33.76768,lte,3.8789,0.4487,3.5021,0.1035
short,1h_previous_volume_ratio,34.888296,lte,3.881,-0.8866,3.5044,-1.2696
short,1h_previous_volume_ratio,36.008912,lte,3.8789,-1.8315,3.501,-1.8474
short,1h_previous_volume_ratio,37.129528,lte,3.8789,-1.8315,3.501,-1.8474
short,1h_previous_volume_ratio,38.250144,lte,3.8789,-1.8315,3.501,-1.8474
short,1h_previous_volume_ratio,39.37076,lte,3.8754,-3.148,3.4991,-3.6833
short,1h_previous_volume_ratio,40.491376,lte,3.8604,3.3275,3.4835,3.1517
short,1h_previous_volume_ratio,41.611992,lte,3.8604,3.3275,3.4835,3.1517
short,1h_previous_volume_ratio,42.732608,lte,3.8604,3.3275,3.4835,3.1517
short,1h_previous_volume_ratio,43.853224,lte,3.8604,3.3275,3.4835,3.1517
short,1h_previous_volume_ratio,44.97384,lte,3.8604,3.3275,3.4835,3.1517
short,1h_previous_volume_ratio,46.094456,lte,3.8604,3.3275,3.4835,3.1517
short,1h_previous_volume_ratio,47.215072,lte,3.8604,3.3275,3.4835,3.1517
short,1h_previous_volume_ratio,48.335688,lte,3.8604,3.3275,3.4835,3.1517
short,1h_previous_volume_ratio,49.456304,lte,3.8604,3.3275,3.4835,3.1517
short,1h_previous_volume_ratio,50.57692,lte,3.8604,3.3275,3.4835,3.1517
short,1h_previous_volume_ratio,51.697536,lte,3.8604,3.3275,3.4835,3.1517
short,1h_previous_volume_ratio,52.818152,lte,3.8604,3.3275,3.4835,3.1517
short,1h_previous_volume_ratio,53.938768,lte,3.8604,3.3275,3.4835,3.1517
short,1h_previous_volume_ratio,55.059384,lte,3.8604,3.3275,3.4835,3.1517
short,1h_previous_volume_ratio,56.18,lte,3.8598,0.0,3.4831,0.0
short,2h_current_body_pct,0.0,gte,3.8598,0.0,3.4831,0.0
short,2h_current_body_pct,0.971872,gte,4.0511,2.6327,3.6339,2.5164
short,2h_current_body_pct,1.943744,gte,4.3651,2.5736,3.8492,2.5513
short,2h_current_body_pct,2.915616,gte,4.5731,2.7657,4.0527,2.6095
short,2h_current_body_pct,3.887488,gte,4.9825,2.8306,4.5059,2.5456
short,2h_current_body_pct,4.85936,gte,5.4241,2.9184,5.2353,2.4287
short,2h_current_body_pct,5.831232,gte,6.0546,2.9688,5.8783,2.5108
short,2h_current_body_pct,6.803104,gte,6.1064,3.1472,5.7167,2.7747
short,2h_current_body_pct,7.774976,gte,6.2622,3.3061,5.7324,2.9648
short,2h_current_body_pct,8.746848,gte,6.5459,3.3672,5.8654,3.0463
short,2h_current_body_pct,9.71872,gte,6.7135,3.4317,5.9919,3.1068
short,2h_current_body_pct,10.690592,gte,6.609,3.5187,5.8687,3.1872
short,2h_current_body_pct,11.662464,gte,6.9506,3.5488,6.1905,3.2107
short,2h_current_body_pct,12.634336,gte,6.8903,3.6033,5.9568,3.2737
short,2h_current_body_pct,13.606208,gte,6.6889,3.6497,5.7033,3.3183
short,2h_current_body_pct,14.57808,gte,6.808,3.6821,6.6668,3.2912
short,2h_current_body_pct,15.549952,gte,8.0299,3.6447,8.1949,3.2401
short,2h_current_body_pct,16.521824,gte,9.8401,3.6242,11.1237,3.1821
short,2h_current_body_pct,17.493696,gte,9.1728,3.6696,10.4081,3.2352
short,2h_current_body_pct,18.465568,gte,11.11,3.6348,12.1854,3.2131
short,2h_current_body_pct,19.43744,gte,11.0301,3.6795,12.3452,3.2603
short,2h_current_body_pct,20.409312,gte,11.1195,3.6942,12.2558,3.2831
short,2h_current_body_pct,21.381184,gte,10.3537,3.7193,10.9543,3.3214
short,2h_current_body_pct,22.353056,gte,9.309,3.7482,9.4707,3.3605
short,2h_current_body_pct,23.324928,gte,8.1279,3.7921,7.9551,3.4122
short,2h_current_body_pct,24.2968,gte,6.2034,3.828,6.4671,3.4427
short,2h_current_body_pct,25.268672,gte,6.2034,3.828,6.4671,3.4427
short,2h_current_body_pct,26.240544,gte,6.2034,3.828,6.4671,3.4427
short,2h_current_body_pct,27.212416,gte,5.2466,3.8426,5.9945,3.4519
short,2h_current_body_pct,28.184288,gte,1.4965,3.8837,3.0897,3.4871
short,2h_current_body_pct,29.15616,gte,1.4965,3.8837,3.0897,3.4871
short,2h_current_body_pct,30.128032,gte,-1.9842,3.9124,-1.3759,3.5268
short,2h_current_body_pct,31.099904,gte,-1.9842,3.9124,-1.3759,3.5268
short,2h_current_body_pct,32.071776,gte,-1.9842,3.9124,-1.3759,3.5268
short,2h_current_body_pct,33.043648,gte,0.5395,3.8821,-0.3732,3.5091
short,2h_current_body_pct,34.01552,gte,-2.133,3.8934,-5.8023,3.5352
short,2h_current_body_pct,34.987392,gte,-5.8584,3.9033,-5.2088,3.5221
short,2h_current_body_pct,35.959264,gte,-5.8584,3.9033,-5.2088,3.5221
short,2h_current_body_pct,36.931136,gte,-5.8584,3.9033,-5.2088,3.5221
short,2h_current_body_pct,37.903008,gte,-5.8584,3.9033,-5.2088,3.5221
short,2h_current_body_pct,38.87488,gte,-5.8584,3.9033,-5.2088,3.5221
short,2h_current_body_pct,39.846752,gte,-5.8584,3.9033,-5.2088,3.5221
short,2h_current_body_pct,40.818624,gte,12.7507,3.8499,13.638,3.4718
short,2h_current_body_pct,41.790496,gte,12.7507,3.8499,13.638,3.4718
short,2h_current_body_pct,42.762368,gte,12.7507,3.8499,13.638,3.4718
short,2h_current_body_pct,43.73424,gte,12.7507,3.8499,13.638,3.4718
short,2h_current_body_pct,44.706112,gte,12.7507,3.8499,13.638,3.4718
short,2h_current_body_pct,45.677984,gte,12.7507,3.8499,13.638,3.4718
short,2h_current_body_pct,46.649856,gte,12.7507,3.8499,13.638,3.4718
short,2h_current_body_pct,47.621728,gte,12.7507,3.8499,13.638,3.4718
short,2h_current_body_pct,48.5936,gte,12.7507,3.8499,13.638,3.4718
short,2h_current_body_pct,0.0,lte,4.0818,3.8588,3.4224,3.4834
short,2h_current_body_pct,0.971872,lte,2.6327,4.0511,2.5164,3.6339
short,2h_current_body_pct,1.943744,lte,2.5736,4.3651,2.5513,3.8492
short,2h_current_body_pct,2.915616,lte,2.7657,4.5731,2.6095,4.0527
short,2h_current_body_pct,3.887488,lte,2.8306,4.9825,2.5456,4.5059
short,2h_current_body_pct,4.85936,lte,2.9184,5.4241,2.4287,5.2353
short,2h_current_body_pct,5.831232,lte,2.9688,6.0546,2.5108,5.8783
short,2h_current_body_pct,6.803104,lte,3.1472,6.1064,2.7747,5.7167
short,2h_current_body_pct,7.774976,lte,3.3061,6.2622,2.9648,5.7324
short,2h_current_body_pct,8.746848,lte,3.3672,6.5459,3.0463,5.8654
short,2h_current_body_pct,9.71872,lte,3.4317,6.7135,3.1068,5.9919
short,2h_current_body_pct,10.690592,lte,3.5187,6.609,3.1872,5.8687
short,2h_current_body_pct,11.662464,lte,3.5488,6.9506,3.2107,6.1905
short,2h_current_body_pct,12.634336,lte,3.6033,6.8903,3.2737,5.9568
short,2h_current_body_pct,13.606208,lte,3.6497,6.6889,3.3183,5.7033
short,2h_current_body_pct,14.57808,lte,3.6821,6.808,3.2912,6.6668
short,2h_current_body_pct,15.549952,lte,3.6447,8.0299,3.2401,8.1949
short,2h_current_body_pct,16.521824,lte,3.6242,9.8401,3.1821,11.1237
short,2h_current_body_pct,17.493696,lte,3.6696,9.1728,3.2352,10.4081
short,2h_current_body_pct,18.465568,lte,3.6348,11.11,3.2131,12.1854
short,2h_current_body_pct,19.43744,lte,3.6795,11.0301,3.2603,12.3452
short,2h_current_body_pct,20.409312,lte,3.6942,11.1195,3.2831,12.2558
short,2h_current_body_pct,21.381184,lte,3.7193,10.3537,3.3214,10.9543
short,2h_current_body_pct,22.353056,lte,3.7482,9.309,3.3605,9.4707
short,2h_current_body_pct,23.324928,lte,3.7921,8.1279,3.4122,7.9551
short,2h_current_body_pct,24.2968,lte,3.828,6.2034,3.4427,6.4671
short,2h_current_body_pct,25.268672,lte,3.828,6.2034,3.4427,6.4671
short,2h_current_body_pct,26.240544,lte,3.828,6.2034,3.4427,6.4671
short,2h_current_body_pct,27.212416,lte,3.8426,5.2466,3.4519,5.9945
short,2h_current_body_pct,28.184288,lte,3.8837,1.4965,3.4871,3.0897
short,2h_current_body_pct,29.15616,lte,3.8837,1.4965,3.4871,3.0897
short,2h_current_body_pct,30.128032,lte,3.9124,-1.9842,3.5268,-1.3759
short,2h_current_body_pct,31.099904,lte,3.9124,-1.9842,3.5268,-1.3759
short,2h_current_body_pct,32.071776,lte,3.9124,-1.9842,3.5268,-1.3759
short,2h_current_body_pct,33.043648,lte,3.8821,0.5395,3.5091,-0.3732
short,2h_current_body_pct,34.01552,lte,3.8934,-2.133,3.5352,-5.8023
short,2h_current_body_pct,34.987392,lte,3.9033,-5.8584,3.5221,-5.2088
short,2h_current_body_pct,35.959264,lte,3.9033,-5.8584,3.5221,-5.2088
short,2h_current_body_pct,36.931136,lte,3.9033,-5.8584,3.5221,-5.2088
short,2h_current_body_pct,37.903008,lte,3.9033,-5.8584,3.5221,-5.2088
short,2h_current_body_pct,38.87488,lte,3.9033,-5.8584,3.5221,-5.2088
short,2h_current_body_pct,39.846752,lte,3.9033,-5.8584,3.5221,-5.2088
short,2h_current_body_pct,40.818624,lte,3.8499,12.7507,3.4718,13.638
short,2h_current_body_pct,41.790496,lte,3.8499,12.7507,3.4718,13.638
short,2h_current_body_pct,42.762368,lte,3.8499,12.7507,3.4718,13.638
short,2h_current_body_pct,43.73424,lte,3.8499,12.7507,3.4718,13.638
short,2h_current_body_pct,44.706112,lte,3.8499,12.7507,3.4718,13.638
short,2h_current_body_pct,45.677984,lte,3.8499,12.7507,3.4718,13.638
short,2h_current_body_pct,46.649856,lte,3.8499,12.7507,3.4718,13.638
short,2h_current_body_pct,47.621728,lte,3.8499,12.7507,3.4718,13.638
short,2h_current_body_pct,48.5936,lte,3.8598,0.0,3.4831,0.0
short,2h_current_close_position,0.0,gte,3.8598,0.0,3.4831,0.0
short,2h_current_close_position,0.01922,gte,3.7849,6.1849,3.4152,5.5899
short,2h_current_close_position,0.03844,gte,3.6666,6.4171,3.2986,5.9264
short,2h_current_close_position,0.05766,gte,3.6042,5.5808,3.2093,5.327
short,2h_current_close_position,0.07688,gte,3.4954,5.4068,3.1384,4.9468
short,2h_current_close_position,0.0961,gte,3.3118,5.5062,2.9055,5.2186
short,2h_current_close_position,0.11532,gte,3.2447,5.2732,2.8586,4.918
short,2h_current_close_position,0.13454,gte,3.1205,5.219,2.6569,5.0022
short,2h_current_close_position,0.15376,gte,2.9266,5.1708,2.3868,5.0233
short,2h_current_close_position,0.17298,gte,2.7217,5.2055,2.1085,5.1086
short,2h_current_close_position,0.1922,gte,2.5152,5.2564,1.9699,5.0549
short,2h_current_close_position,0.21142,gte,2.4103,5.136,1.834,4.9352
short,2h_current_close_position,0.23064,gte,2.3095,5.015,1.8391,4.7081
short,2h_current_close_position,0.24986,gte,2.162,4.9927,1.6998,4.6731
short,2h_current_close_position,0.26908,gte,2.0989,4.8995,1.5678,4.614
short,2h_current_close_position,0.2883,gte,1.9485,4.8347,1.2756,4.6092
short,2h_current_close_position,0.30752,gte,1.7188,4.7866,1.1493,4.4935
short,2h_current_close_position,0.32674,gte,1.5677,4.7259,1.1047,4.3819
short,2h_current_close_position,0.34596,gte,1.423,4.6757,0.7861,4.3861
short,2h_current_close_position,0.36518,gte,1.3718,4.6109,0.9217,4.2564
short,2h_current_close_position,0.3844,gte,1.0522,4.6143,0.4722,4.2923
short,2h_current_close_position,0.40362,gte,1.0382,4.51,0.6222,4.1424
short,2h_current_close_position,0.42284,gte,0.7198,4.4652,0.1012,4.1352
short,2h_current_close_position,0.44206,gte,0.6473,4.3994,-0.0111,4.07
short,2h_current_close_position,0.46128,gte,0.4701,4.3633,-0.2737,4.0411
short,2h_current_close_position,0.4805,gte,0.27,4.3102,-0.3661,3.9661
short,2h_current_close_position,0.49972,gte,0.016,4.3044,-0.5746,3.9525
short,2h_current_close_position,0.51894,gte,0.0016,4.2795,-0.6933,3.9374
short,2h_current_close_position,0.53816,gte,-0.2065,4.2799,-0.8723,3.9331
short,2h_current_close_position,0.55738,gte,-0.381,4.2467,-1.173,3.908
short,2h_current_close_position,0.5766,gte,-0.5581,4.1935,-1.3205,3.846
short,2h_current_close_position,0.59582,gte,-0.7695,4.1739,-1.825,3.8433
short,2h_current_close_position,0.61504,gte,-2.1428,4.2292,-2.8408,3.8723
short,2h_current_close_position,0.63426,gte,-2.5236,4.2207,-2.9493,3.8468
short,2h_current_close_position,0.65348,gte,-2.6288,4.1865,-2.094,3.7639
short,2h_current_close_position,0.6727,gte,-2.7524,4.1846,-2.0418,3.7545
short,2h_current_close_position,0.69192,gte,-3.3733,4.1798,-2.7067,3.7569
short,2h_current_close_position,0.71114,gte,-4.6581,4.1851,-4.2107,3.777
short,2h_current_close_position,0.73036,gte,-4.6986,4.1457,-5.2227,3.774
short,2h_current_close_position,0.74958,gte,-6.3379,4.1401,-6.7907,3.7656
short,2h_current_close_position,0.7688,gte,-7.9844,4.1161,-7.6335,3.7237
short,2h_current_close_position,0.78802,gte,-10.6015,4.0393,-9.5782,3.6453
short,2h_current_close_position,0.80724,gte,-15.5343,4.0343,-14.5807,3.6457
short,2h_current_close_position,0.82646,gte,-15.5343,4.0343,-14.5807,3.6457
short,2h_current_close_position,0.84568,gte,-20.1891,4.0217,-19.8655,3.6404
short,2h_current_close_position,0.8649,gte,-17.722,3.9808,-17.81,3.6025
short,2h_current_close_position,0.88412,gte,-20.0729,3.967,-19.3623,3.5855
short,2h_current_close_position,0.90334,gte,-10.897,3.9093,-12.4891,3.5367
short,2h_current_close_position,0.92256,gte,-10.5426,3.892,-11.67,3.517
short,2h_current_close_position,0.94178,gte,-3.0101,3.8675,-17.2153,3.5062
short,2h_current_close_position,0.961,gte,-3.0101,3.8675,-17.2153,3.5062
short,2h_current_close_position,0.0,lte,3.8506,3.8598,3.6065,3.4823
short,2h_current_close_position,0.01922,lte,6.1849,3.7849,5.5899,3.4152
short,2h_current_close_position,0.03844,lte,6.4171,3.6666,5.9264,3.2986
short,2h_current_close_position,0.05766,lte,5.5808,3.6042,5.327,3.2093
short,2h_current_close_position,0.07688,lte,5.4068,3.4954,4.9468,3.1384
short,2h_current_close_position,0.0961,lte,5.5062,3.3118,5.2186,2.9055
short,2h_current_close_position,0.11532,lte,5.2732,3.2447,4.918,2.8586
short,2h_current_close_position,0.13454,lte,5.219,3.1205,5.0022,2.6569
short,2h_current_close_position,0.15376,lte,5.1708,2.9266,5.0233,2.3868
short,2h_current_close_position,0.17298,lte,5.2055,2.7217,5.1086,2.1085
short,2h_current_close_position,0.1922,lte,5.2564,2.5152,5.0549,1.9699
short,2h_current_close_position,0.21142,lte,5.136,2.4103,4.9352,1.834
short,2h_current_close_position,0.23064,lte,5.015,2.3095,4.7081,1.8391
short,2h_current_close_position,0.24986,lte,4.9927,2.162,4.6731,1.6998
short,2h_current_close_position,0.26908,lte,4.8995,2.0989,4.614,1.5678
short,2h_current_close_position,0.2883,lte,4.8347,1.9485,4.6092,1.2756
short,2h_current_close_position,0.30752,lte,4.7866,1.7188,4.4935,1.1493
short,2h_current_close_position,0.32674,lte,4.7259,1.5677,4.3819,1.1047
short,2h_current_close_position,0.34596,lte,4.6757,1.423,4.3861,0.7861
short,2h_current_close_position,0.36518,lte,4.6109,1.3718,4.2564,0.9217
short,2h_current_close_position,0.3844,lte,4.6143,1.0522,4.2923,0.4722
short,2h_current_close_position,0.40362,lte,4.51,1.0382,4.1424,0.6222
short,2h_current_close_position,0.42284,lte,4.4652,0.7198,4.1352,0.1012
short,2h_current_close_position,0.44206,lte,4.3994,0.6473,4.07,-0.0111
short,2h_current_close_position,0.46128,lte,4.3633,0.4701,4.0411,-0.2737
short,2h_current_close_position,0.4805,lte,4.3102,0.27,3.9661,-0.3661
short,2h_current_close_position,0.49972,lte,4.3044,0.016,3.9525,-0.5746
short,2h_current_close_position,0.51894,lte,4.2795,0.0016,3.9374,-0.6933
short,2h_current_close_position,0.53816,lte,4.2799,-0.2065,3.9331,-0.8723
short,2h_current_close_position,0.55738,lte,4.2467,-0.381,3.908,-1.173
short,2h_current_close_position,0.5766,lte,4.1935,-0.5581,3.846,-1.3205
short,2h_current_close_position,0.59582,lte,4.1739,-0.7695,3.8433,-1.825
short,2h_current_close_position,0.61504,lte,4.2292,-2.1428,3.8723,-2.8408
short,2h_current_close_position,0.63426,lte,4.2207,-2.5236,3.8468,-2.9493
short,2h_current_close_position,0.65348,lte,4.1865,-2.6288,3.7639,-2.094
short,2h_current_close_position,0.6727,lte,4.1846,-2.7524,3.7545,-2.0418
short,2h_current_close_position,0.69192,lte,4.1798,-3.3733,3.7569,-2.7067
short,2h_current_close_position,0.71114,lte,4.1851,-4.6581,3.777,-4.2107
short,2h_current_close_position,0.73036,lte,4.1457,-4.6986,3.774,-5.2227
short,2h_current_close_position,0.74958,lte,4.1401,-6.3379,3.7656,-6.7907
short,2h_current_close_position,0.7688,lte,4.1161,-7.9844,3.7237,-7.6335
short,2h_current_close_position,0.78802,lte,4.0393,-10.6015,3.6453,-9.5782
short,2h_current_close_position,0.80724,lte,4.0343,-15.5343,3.6457,-14.5807
short,2h_current_close_position,0.82646,lte,4.0343,-15.5343,3.6457,-14.5807
short,2h_current_close_position,0.84568,lte,4.0217,-20.1891,3.6404,-19.8655
short,2h_current_close_position,0.8649,lte,3.9808,-17.722,3.6025,-17.81
short,2h_current_close_position,0.88412,lte,3.967,-20.0729,3.5855,-19.3623
short,2h_current_close_position,0.90334,lte,3.9093,-10.897,3.5367,-12.4891
short,2h_current_close_position,0.92256,lte,3.892,-10.5426,3.517,-11.67
short,2h_current_close_position,0.94178,lte,3.8675,-3.0101,3.5062,-17.2153
short,2h_current_close_position,0.961,lte,3.8598,0.0,3.4831,0.0
short,2h_current_compression,0.0,gte,3.8598,0.0,3.4831,0.0
short,2h_current_compression,1.4,gte,2.1359,3.8871,1.8703,3.5087
short,2h_current_compression,2.8,gte,2.3387,3.8752,1.2307,3.5059
short,2h_current_compression,4.2,gte,3.0545,3.8625,1.4991,3.4898
short,2h_current_compression,5.6,gte,1.9481,3.8619,0.4638,3.4865
short,2h_current_compression,7.0,gte,1.9481,3.8619,0.4638,3.4865
short,2h_current_compression,8.4,gte,1.9481,3.8619,0.4638,3.4865
short,2h_current_compression,9.8,gte,1.9481,3.8619,0.4638,3.4865
short,2h_current_compression,11.2,gte,1.9481,3.8619,0.4638,3.4865
short,2h_current_compression,12.6,gte,1.9481,3.8619,0.4638,3.4865
short,2h_current_compression,14.0,gte,1.9481,3.8619,0.4638,3.4865
short,2h_current_compression,0.0,lte,3.9068,2.5893,3.5323,2.1534
short,2h_current_compression,1.4,lte,3.8871,2.1359,3.5087,1.8703
short,2h_current_compression,2.8,lte,3.8752,2.3387,3.5059,1.2307
short,2h_current_compression,4.2,lte,3.8625,3.0545,3.4898,1.4991
short,2h_current_compression,5.6,lte,3.8619,1.9481,3.4865,0.4638
short,2h_current_compression,7.0,lte,3.8619,1.9481,3.4865,0.4638
short,2h_current_compression,8.4,lte,3.8619,1.9481,3.4865,0.4638
short,2h_current_compression,9.8,lte,3.8619,1.9481,3.4865,0.4638
short,2h_current_compression,11.2,lte,3.8619,1.9481,3.4865,0.4638
short,2h_current_compression,12.6,lte,3.8619,1.9481,3.4865,0.4638
short,2h_current_compression,14.0,lte,3.8598,0.0,3.4831,0.0
short,2h_current_ma20_distance_pct,-75.5841,gte,3.8598,0.0,3.4831,0.0
short,2h_current_ma20_distance_pct,-72.336968,gte,3.8491,13.4138,3.4632,21.3748
short,2h_current_ma20_distance_pct,-69.089836,gte,3.8491,13.4138,3.4632,21.3748
short,2h_current_ma20_distance_pct,-65.842704,gte,3.8206,21.3781,3.4237,30.0947
short,2h_current_ma20_distance_pct,-62.595572,gte,3.8206,21.3781,3.4237,30.0947
short,2h_current_ma20_distance_pct,-59.34844,gte,3.8155,17.0577,3.4137,24.1818
short,2h_current_ma20_distance_pct,-56.101308,gte,3.8155,17.0577,3.4137,24.1818
short,2h_current_ma20_distance_pct,-52.854176,gte,3.8149,13.8767,3.4123,19.2933
short,2h_current_ma20_distance_pct,-49.607044,gte,3.8149,13.8767,3.4123,19.2933
short,2h_current_ma20_distance_pct,-46.359912,gte,3.8149,13.8767,3.4123,19.2933
short,2h_current_ma20_distance_pct,-43.11278,gte,3.8149,13.8767,3.4123,19.2933
short,2h_current_ma20_distance_pct,-39.865648,gte,3.8149,13.8767,3.4123,19.2933
short,2h_current_ma20_distance_pct,-36.618516,gte,3.8149,13.8767,3.4123,19.2933
short,2h_current_ma20_distance_pct,-33.371384,gte,3.8149,13.8767,3.4123,19.2933
short,2h_current_ma20_distance_pct,-30.124252,gte,3.8149,13.8767,3.4123,19.2933
short,2h_current_ma20_distance_pct,-26.87712,gte,3.8052,11.9705,3.4019,15.5391
short,2h_current_ma20_distance_pct,-23.629988,gte,3.7867,11.0745,3.3788,13.7742
short,2h_current_ma20_distance_pct,-20.382856,gte,3.7686,10.5837,3.3597,12.5824
short,2h_current_ma20_distance_pct,-17.135724,gte,3.7082,10.1845,3.2875,11.6435
short,2h_current_ma20_distance_pct,-13.888592,gte,3.6279,9.2493,3.1843,10.429
short,2h_current_ma20_distance_pct,-10.64146,gte,3.6093,7.3543,3.1061,8.7424
short,2h_current_ma20_distance_pct,-7.394328,gte,3.5599,6.1712,3.0343,6.9427
short,2h_current_ma20_distance_pct,-4.147196,gte,3.4906,5.3102,2.9155,5.7132
short,2h_current_ma20_distance_pct,-0.900064,gte,3.5034,4.602,2.8203,4.8634
short,2h_current_ma20_distance_pct,2.347068,gte,3.4166,4.3863,2.6848,4.4313
short,2h_current_ma20_distance_pct,5.5942,gte,3.6475,4.0089,2.8073,3.9576
short,2h_current_ma20_distance_pct,8.841332,gte,3.7905,3.8924,2.9116,3.752
short,2h_current_ma20_distance_pct,12.088464,gte,3.6827,3.916,2.4892,3.7984
short,2h_current_ma20_distance_pct,15.335596,gte,3.8853,3.8542,2.6357,3.6671
short,2h_current_ma20_distance_pct,18.582728,gte,4.1722,3.8064,3.1426,3.5414
short,2h_current_ma20_distance_pct,21.82986,gte,4.1409,3.8245,3.1245,3.5281
short,2h_current_ma20_distance_pct,25.076992,gte,4.0662,3.841,3.5294,3.4789
short,2h_current_ma20_distance_pct,28.324124,gte,4.3324,3.8235,3.6695,3.4688
short,2h_current_ma20_distance_pct,31.571256,gte,2.9518,3.9134,2.0456,3.568
short,2h_current_ma20_distance_pct,34.818388,gte,2.886,3.9124,1.8375,3.5721
short,2h_current_ma20_distance_pct,38.06552,gte,2.8163,3.9059,2.9343,3.5074
short,2h_current_ma20_distance_pct,41.312652,gte,3.1247,3.8861,2.8952,3.5042
short,2h_current_ma20_distance_pct,44.559784,gte,3.2206,3.8819,3.9076,3.4684
short,2h_current_ma20_distance_pct,47.806916,gte,3.3143,3.8729,4.6169,3.4559
short,2h_current_ma20_distance_pct,51.054048,gte,3.7146,3.8631,5.3606,3.4403
short,2h_current_ma20_distance_pct,54.30118,gte,5.6136,3.83,7.0646,3.4222
short,2h_current_ma20_distance_pct,57.548312,gte,6.9217,3.8183,7.7569,3.4252
short,2h_current_ma20_distance_pct,60.795444,gte,4.9276,3.8477,7.6265,3.4364
short,2h_current_ma20_distance_pct,64.042576,gte,1.789,3.8761,9.1666,3.4384
short,2h_current_ma20_distance_pct,67.289708,gte,3.0228,3.8654,8.9441,3.4463
short,2h_current_ma20_distance_pct,70.53684,gte,-1.4414,3.8895,3.7536,3.4816
short,2h_current_ma20_distance_pct,73.783972,gte,-1.4414,3.8895,3.7536,3.4816
short,2h_current_ma20_distance_pct,77.031104,gte,-2.3995,3.8878,5.9404,3.4721
short,2h_current_ma20_distance_pct,80.278236,gte,-2.3995,3.8878,5.9404,3.4721
short,2h_current_ma20_distance_pct,83.525368,gte,-12.9252,3.8973,-8.4162,3.5097
short,2h_current_ma20_distance_pct,86.7725,gte,-6.4162,3.8713,4.2151,3.4823
short,2h_current_ma20_distance_pct,-75.5841,lte,13.4138,3.8491,21.3748,3.4632
short,2h_current_ma20_distance_pct,-72.336968,lte,13.4138,3.8491,21.3748,3.4632
short,2h_current_ma20_distance_pct,-69.089836,lte,13.4138,3.8491,21.3748,3.4632
short,2h_current_ma20_distance_pct,-65.842704,lte,21.3781,3.8206,30.0947,3.4237
short,2h_current_ma20_distance_pct,-62.595572,lte,21.3781,3.8206,30.0947,3.4237
short,2h_current_ma20_distance_pct,-59.34844,lte,17.0577,3.8155,24.1818,3.4137
short,2h_current_ma20_distance_pct,-56.101308,lte,17.0577,3.8155,24.1818,3.4137
short,2h_current_ma20_distance_pct,-52.854176,lte,13.8767,3.8149,19.2933,3.4123
short,2h_current_ma20_distance_pct,-49.607044,lte,13.8767,3.8149,19.2933,3.4123
short,2h_current_ma20_distance_pct,-46.359912,lte,13.8767,3.8149,19.2933,3.4123
short,2h_current_ma20_distance_pct,-43.11278,lte,13.8767,3.8149,19.2933,3.4123
short,2h_current_ma20_distance_pct,-39.865648,lte,13.8767,3.8149,19.2933,3.4123
short,2h_current_ma20_distance_pct,-36.618516,lte,13.8767,3.8149,19.2933,3.4123
short,2h_current_ma20_distance_pct,-33.371384,lte,13.8767,3.8149,19.2933,3.4123
short,2h_current_ma20_distance_pct,-30.124252,lte,13.8767,3.8149,19.2933,3.4123
short,2h_current_ma20_distance_pct,-26.87712,lte,11.9705,3.8052,15.5391,3.4019
short,2h_current_ma20_distance_pct,-23.629988,lte,11.0745,3.7867,13.7742,3.3788
short,2h_current_ma20_distance_pct,-20.382856,lte,10.5837,3.7686,12.5824,3.3597
short,2h_current_ma20_distance_pct,-17.135724,lte,10.1845,3.7082,11.6435,3.2875
short,2h_current_ma20_distance_pct,-13.888592,lte,9.2493,3.6279,10.429,3.1843
short,2h_current_ma20_distance_pct,-10.64146,lte,7.3543,3.6093,8.7424,3.1061
short,2h_current_ma20_distance_pct,-7.394328,lte,6.1712,3.5599,6.9427,3.0343
short,2h_current_ma20_distance_pct,-4.147196,lte,5.3102,3.4906,5.7132,2.9155
short,2h_current_ma20_distance_pct,-0.900064,lte,4.602,3.5034,4.8634,2.8203
short,2h_current_ma20_distance_pct,2.347068,lte,4.3863,3.4166,4.4313,2.6848
short,2h_current_ma20_distance_pct,5.5942,lte,4.0089,3.6475,3.9576,2.8073
short,2h_current_ma20_distance_pct,8.841332,lte,3.8924,3.7905,3.752,2.9116
short,2h_current_ma20_distance_pct,12.088464,lte,3.916,3.6827,3.7984,2.4892
short,2h_current_ma20_distance_pct,15.335596,lte,3.8542,3.8853,3.6671,2.6357
short,2h_current_ma20_distance_pct,18.582728,lte,3.8064,4.1722,3.5414,3.1426
short,2h_current_ma20_distance_pct,21.82986,lte,3.8245,4.1409,3.5281,3.1245
short,2h_current_ma20_distance_pct,25.076992,lte,3.841,4.0662,3.4789,3.5294
short,2h_current_ma20_distance_pct,28.324124,lte,3.8235,4.3324,3.4688,3.6695
short,2h_current_ma20_distance_pct,31.571256,lte,3.9134,2.9518,3.568,2.0456
short,2h_current_ma20_distance_pct,34.818388,lte,3.9124,2.886,3.5721,1.8375
short,2h_current_ma20_distance_pct,38.06552,lte,3.9059,2.8163,3.5074,2.9343
short,2h_current_ma20_distance_pct,41.312652,lte,3.8861,3.1247,3.5042,2.8952
short,2h_current_ma20_distance_pct,44.559784,lte,3.8819,3.2206,3.4684,3.9076
short,2h_current_ma20_distance_pct,47.806916,lte,3.8729,3.3143,3.4559,4.6169
short,2h_current_ma20_distance_pct,51.054048,lte,3.8631,3.7146,3.4403,5.3606
short,2h_current_ma20_distance_pct,54.30118,lte,3.83,5.6136,3.4222,7.0646
short,2h_current_ma20_distance_pct,57.548312,lte,3.8183,6.9217,3.4252,7.7569
short,2h_current_ma20_distance_pct,60.795444,lte,3.8477,4.9276,3.4364,7.6265
short,2h_current_ma20_distance_pct,64.042576,lte,3.8761,1.789,3.4384,9.1666
short,2h_current_ma20_distance_pct,67.289708,lte,3.8654,3.0228,3.4463,8.9441
short,2h_current_ma20_distance_pct,70.53684,lte,3.8895,-1.4414,3.4816,3.7536
short,2h_current_ma20_distance_pct,73.783972,lte,3.8895,-1.4414,3.4816,3.7536
short,2h_current_ma20_distance_pct,77.031104,lte,3.8878,-2.3995,3.4721,5.9404
short,2h_current_ma20_distance_pct,80.278236,lte,3.8878,-2.3995,3.4721,5.9404
short,2h_current_ma20_distance_pct,83.525368,lte,3.8973,-12.9252,3.5097,-8.4162
short,2h_current_ma20_distance_pct,86.7725,lte,3.8598,0.0,3.4831,0.0
short,2h_current_range_pct,0.0,gte,3.8598,0.0,3.4831,0.0
short,2h_current_range_pct,1.303058,gte,3.8567,4.7918,3.4825,3.6693
short,2h_current_range_pct,2.606116,gte,3.8895,0.5612,3.5184,-0.4364
short,2h_current_range_pct,3.909174,gte,4.0577,1.4469,3.6733,1.1646
short,2h_current_range_pct,5.212232,gte,4.3603,1.9594,3.9027,1.8902
short,2h_current_range_pct,6.51529,gte,4.7027,2.1484,4.202,2.0236
short,2h_current_range_pct,7.818348,gte,5.0338,2.4142,4.5295,2.1947
short,2h_current_range_pct,9.121406,gte,5.5798,2.5367,5.0459,2.2809
short,2h_current_range_pct,10.424464,gte,5.8308,2.7878,5.1767,2.562
short,2h_current_range_pct,11.727522,gte,6.1346,2.9313,5.5639,2.6338
short,2h_current_range_pct,13.03058,gte,6.2685,3.0485,5.7831,2.7085
short,2h_current_range_pct,14.333638,gte,6.7028,3.0804,5.7775,2.8541
short,2h_current_range_pct,15.636696,gte,7.2661,3.0863,6.5131,2.795
short,2h_current_range_pct,16.939754,gte,7.771,3.1426,6.7061,2.8921
short,2h_current_range_pct,18.242812,gte,7.9882,3.2344,7.8527,2.8212
short,2h_current_range_pct,19.54587,gte,8.2789,3.2676,7.8255,2.9012
short,2h_current_range_pct,20.848928,gte,8.1132,3.3854,7.521,3.0328
short,2h_current_range_pct,22.151986,gte,8.5278,3.3901,8.0253,3.0261
short,2h_current_range_pct,23.455044,gte,8.4746,3.4812,7.7186,3.1357
short,2h_current_range_pct,24.758102,gte,7.9119,3.5848,8.0793,3.1712
short,2h_current_range_pct,26.06116,gte,8.6763,3.5755,8.2006,3.2046
short,2h_current_range_pct,27.364218,gte,9.8565,3.5505,9.5899,3.1681
short,2h_current_range_pct,28.667276,gte,9.5304,3.6158,7.9958,3.289
short,2h_current_range_pct,29.970334,gte,11.4924,3.5866,10.5827,3.229
short,2h_current_range_pct,31.273392,gte,12.0878,3.5751,11.0018,3.223
short,2h_current_range_pct,32.57645,gte,11.8956,3.6199,10.7271,3.2669
short,2h_current_range_pct,33.879508,gte,12.0747,3.6436,10.9688,3.2861
short,2h_current_range_pct,35.182566,gte,11.333,3.6719,10.2901,3.312
short,2h_current_range_pct,36.485624,gte,11.333,3.6719,10.2901,3.312
short,2h_current_range_pct,37.788682,gte,12.2057,3.6792,11.8569,3.3019
short,2h_current_range_pct,39.09174,gte,11.3195,3.7243,12.128,3.3261
short,2h_current_range_pct,40.394798,gte,13.744,3.7596,11.5519,3.4013
short,2h_current_range_pct,41.697856,gte,7.1638,3.8301,8.4395,3.4385
short,2h_current_range_pct,43.000914,gte,7.1638,3.8301,8.4395,3.4385
short,2h_current_range_pct,44.303972,gte,2.9782,3.8657,5.2134,3.4715
short,2h_current_range_pct,45.60703,gte,2.9782,3.8657,5.2134,3.4715
short,2h_current_range_pct,46.910088,gte,2.9782,3.8657,5.2134,3.4715
short,2h_current_range_pct,48.213146,gte,2.9782,3.8657,5.2134,3.4715
short,2h_current_range_pct,49.516204,gte,-2.2946,3.8943,-1.5069,3.5111
short,2h_current_range_pct,50.819262,gte,-2.4865,3.8882,1.3776,3.4926
short,2h_current_range_pct,52.12232,gte,12.5514,3.8306,15.1642,3.4439
short,2h_current_range_pct,53.425378,gte,12.5514,3.8306,15.1642,3.4439
short,2h_current_range_pct,54.728436,gte,1.5636,3.8649,1.5598,3.4874
short,2h_current_range_pct,56.031494,gte,1.5636,3.8649,1.5598,3.4874
short,2h_current_range_pct,57.334552,gte,1.5636,3.8649,1.5598,3.4874
short,2h_current_range_pct,58.63761,gte,1.5636,3.8649,1.5598,3.4874
short,2h_current_range_pct,59.940668,gte,1.5636,3.8649,1.5598,3.4874
short,2h_current_range_pct,61.243726,gte,1.5636,3.8649,1.5598,3.4874
short,2h_current_range_pct,62.546784,gte,1.5636,3.8649,1.5598,3.4874
short,2h_current_range_pct,63.849842,gte,1.5636,3.8649,1.5598,3.4874
short,2h_current_range_pct,65.1529,gte,12.7507,3.8499,13.638,3.4718
short,2h_current_range_pct,0.0,lte,4.7918,3.8567,3.6693,3.4825
short,2h_current_range_pct,1.303058,lte,4.7918,3.8567,3.6693,3.4825
short,2h_current_range_pct,2.606116,lte,0.5612,3.8895,-0.4364,3.5184
short,2h_current_range_pct,3.909174,lte,1.4469,4.0577,1.1646,3.6733
short,2h_current_range_pct,5.212232,lte,1.9594,4.3603,1.8902,3.9027
short,2h_current_range_pct,6.51529,lte,2.1484,4.7027,2.0236,4.202
short,2h_current_range_pct,7.818348,lte,2.4142,5.0338,2.1947,4.5295
short,2h_current_range_pct,9.121406,lte,2.5367,5.5798,2.2809,5.0459
short,2h_current_range_pct,10.424464,lte,2.7878,5.8308,2.562,5.1767
short,2h_current_range_pct,11.727522,lte,2.9313,6.1346,2.6338,5.5639
short,2h_current_range_pct,13.03058,lte,3.0485,6.2685,2.7085,5.7831
short,2h_current_range_pct,14.333638,lte,3.0804,6.7028,2.8541,5.7775
short,2h_current_range_pct,15.636696,lte,3.0863,7.2661,2.795,6.5131
short,2h_current_range_pct,16.939754,lte,3.1426,7.771,2.8921,6.7061
short,2h_current_range_pct,18.242812,lte,3.2344,7.9882,2.8212,7.8527
short,2h_current_range_pct,19.54587,lte,3.2676,8.2789,2.9012,7.8255
short,2h_current_range_pct,20.848928,lte,3.3854,8.1132,3.0328,7.521
short,2h_current_range_pct,22.151986,lte,3.3901,8.5278,3.0261,8.0253
short,2h_current_range_pct,23.455044,lte,3.4812,8.4746,3.1357,7.7186
short,2h_current_range_pct,24.758102,lte,3.5848,7.9119,3.1712,8.0793
short,2h_current_range_pct,26.06116,lte,3.5755,8.6763,3.2046,8.2006
short,2h_current_range_pct,27.364218,lte,3.5505,9.8565,3.1681,9.5899
short,2h_current_range_pct,28.667276,lte,3.6158,9.5304,3.289,7.9958
short,2h_current_range_pct,29.970334,lte,3.5866,11.4924,3.229,10.5827
short,2h_current_range_pct,31.273392,lte,3.5751,12.0878,3.223,11.0018
short,2h_current_range_pct,32.57645,lte,3.6199,11.8956,3.2669,10.7271
short,2h_current_range_pct,33.879508,lte,3.6436,12.0747,3.2861,10.9688
short,2h_current_range_pct,35.182566,lte,3.6719,11.333,3.312,10.2901
short,2h_current_range_pct,36.485624,lte,3.6719,11.333,3.312,10.2901
short,2h_current_range_pct,37.788682,lte,3.6792,12.2057,3.3019,11.8569
short,2h_current_range_pct,39.09174,lte,3.7243,11.3195,3.3261,12.128
short,2h_current_range_pct,40.394798,lte,3.7596,13.744,3.4013,11.5519
short,2h_current_range_pct,41.697856,lte,3.8301,7.1638,3.4385,8.4395
short,2h_current_range_pct,43.000914,lte,3.8301,7.1638,3.4385,8.4395
short,2h_current_range_pct,44.303972,lte,3.8657,2.9782,3.4715,5.2134
short,2h_current_range_pct,45.60703,lte,3.8657,2.9782,3.4715,5.2134
short,2h_current_range_pct,46.910088,lte,3.8657,2.9782,3.4715,5.2134
short,2h_current_range_pct,48.213146,lte,3.8657,2.9782,3.4715,5.2134
short,2h_current_range_pct,49.516204,lte,3.8943,-2.2946,3.5111,-1.5069
short,2h_current_range_pct,50.819262,lte,3.8882,-2.4865,3.4926,1.3776
short,2h_current_range_pct,52.12232,lte,3.8306,12.5514,3.4439,15.1642
short,2h_current_range_pct,53.425378,lte,3.8306,12.5514,3.4439,15.1642
short,2h_current_range_pct,54.728436,lte,3.8649,1.5636,3.4874,1.5598
short,2h_current_range_pct,56.031494,lte,3.8649,1.5636,3.4874,1.5598
short,2h_current_range_pct,57.334552,lte,3.8649,1.5636,3.4874,1.5598
short,2h_current_range_pct,58.63761,lte,3.8649,1.5636,3.4874,1.5598
short,2h_current_range_pct,59.940668,lte,3.8649,1.5636,3.4874,1.5598
short,2h_current_range_pct,61.243726,lte,3.8649,1.5636,3.4874,1.5598
short,2h_current_range_pct,62.546784,lte,3.8649,1.5636,3.4874,1.5598
short,2h_current_range_pct,63.849842,lte,3.8649,1.5636,3.4874,1.5598
short,2h_current_range_pct,65.1529,lte,3.8598,0.0,3.4831,0.0
short,2h_current_return_pct,-48.5936,gte,3.8598,0.0,3.4831,0.0
short,2h_current_return_pct,-46.812124,gte,3.8499,12.7507,3.4718,13.638
short,2h_current_return_pct,-45.030648,gte,3.8499,12.7507,3.4718,13.638
short,2h_current_return_pct,-43.249172,gte,3.8499,12.7507,3.4718,13.638
short,2h_current_return_pct,-41.467696,gte,3.8499,12.7507,3.4718,13.638
short,2h_current_return_pct,-39.68622,gte,3.8307,16.8951,3.4578,14.8326
short,2h_current_return_pct,-37.904744,gte,3.8307,16.8951,3.4578,14.8326
short,2h_current_return_pct,-36.123268,gte,3.8307,16.8951,3.4578,14.8326
short,2h_current_return_pct,-34.341792,gte,3.8307,16.8951,3.4578,14.8326
short,2h_current_return_pct,-32.560316,gte,3.8094,15.1153,3.4447,12.0653
short,2h_current_return_pct,-30.77884,gte,3.7986,14.775,3.4246,13.9272
short,2h_current_return_pct,-28.997364,gte,3.7986,14.775,3.4246,13.9272
short,2h_current_return_pct,-27.215888,gte,3.7574,16.8742,3.3894,15.3954
short,2h_current_return_pct,-25.434412,gte,3.7428,16.856,3.3801,14.9292
short,2h_current_return_pct,-23.652936,gte,3.7069,17.4197,3.3497,15.3201
short,2h_current_return_pct,-21.87146,gte,3.6078,19.7544,3.2314,19.3577
short,2h_current_return_pct,-20.089984,gte,3.5793,19.3033,3.1831,20.0039
short,2h_current_return_pct,-18.308508,gte,3.533,17.4911,3.127,18.3405
short,2h_current_return_pct,-16.527032,gte,3.4955,17.1097,3.0777,18.2292
short,2h_current_return_pct,-14.745556,gte,3.4818,13.7574,3.0947,13.6536
short,2h_current_return_pct,-12.96408,gte,3.4003,11.3263,3.0761,10.0965
short,2h_current_return_pct,-11.182604,gte,3.3321,9.9065,2.9899,9.1341
short,2h_current_return_pct,-9.401128,gte,3.1623,9.6125,2.8408,8.781
short,2h_current_return_pct,-7.619652,gte,3.0105,8.3754,2.6464,7.932
short,2h_current_return_pct,-5.838176,gte,2.6856,7.6538,2.2647,7.4199
short,2h_current_return_pct,-4.0567,gte,2.5856,6.049,2.19,5.7049
short,2h_current_return_pct,-2.275224,gte,2.2777,5.2591,1.9045,4.8793
short,2h_current_return_pct,-0.493748,gte,1.9873,4.6534,1.3518,4.3864
short,2h_current_return_pct,1.287728,gte,1.6704,4.3533,0.722,4.1055
short,2h_current_return_pct,3.069204,gte,1.0035,4.2061,-0.3558,3.9486
short,2h_current_return_pct,4.85068,gte,0.1183,4.1569,-0.6399,3.8106
short,2h_current_return_pct,6.632156,gte,-1.0587,4.1014,-0.927,3.6998
short,2h_current_return_pct,8.413632,gte,-3.1971,4.1124,-3.5135,3.7336
short,2h_current_return_pct,10.195108,gte,-4.4421,4.088,-4.5808,3.7048
short,2h_current_return_pct,11.976584,gte,-6.374,4.0575,-6.9127,3.6839
short,2h_current_return_pct,13.75806,gte,-6.374,4.0575,-6.9127,3.6839
short,2h_current_return_pct,15.539536,gte,-6.5589,4.013,-6.4969,3.6299
short,2h_current_return_pct,17.321012,gte,-10.1524,4.0018,-8.3173,3.6027
short,2h_current_return_pct,19.102488,gte,-9.2516,3.9629,-7.7234,3.5713
short,2h_current_return_pct,20.883964,gte,-15.9682,3.9709,-12.5752,3.5731
short,2h_current_return_pct,22.66544,gte,-15.9682,3.9709,-12.5752,3.5731
short,2h_current_return_pct,24.446916,gte,-15.1016,3.9447,-10.4572,3.5456
short,2h_current_return_pct,26.228392,gte,-15.1016,3.9447,-10.4572,3.5456
short,2h_current_return_pct,28.009868,gte,-15.1016,3.9447,-10.4572,3.5456
short,2h_current_return_pct,29.791344,gte,-15.1016,3.9447,-10.4572,3.5456
short,2h_current_return_pct,31.57282,gte,-29.9163,3.9731,-26.8811,3.585
short,2h_current_return_pct,33.354296,gte,-28.612,3.9323,-25.2501,3.5473
short,2h_current_return_pct,35.135772,gte,-28.612,3.9323,-25.2501,3.5473
short,2h_current_return_pct,36.917248,gte,-28.612,3.9323,-25.2501,3.5473
short,2h_current_return_pct,38.698724,gte,-28.612,3.9323,-25.2501,3.5473
short,2h_current_return_pct,40.4802,gte,-9.6235,3.8748,-10.5183,3.4987
short,2h_current_return_pct,-48.5936,lte,12.7507,3.8499,13.638,3.4718
short,2h_current_return_pct,-46.812124,lte,12.7507,3.8499,13.638,3.4718
short,2h_current_return_pct,-45.030648,lte,12.7507,3.8499,13.638,3.4718
short,2h_current_return_pct,-43.249172,lte,12.7507,3.8499,13.638,3.4718
short,2h_current_return_pct,-41.467696,lte,12.7507,3.8499,13.638,3.4718
short,2h_current_return_pct,-39.68622,lte,16.8951,3.8307,14.8326,3.4578
short,2h_current_return_pct,-37.904744,lte,16.8951,3.8307,14.8326,3.4578
short,2h_current_return_pct,-36.123268,lte,16.8951,3.8307,14.8326,3.4578
short,2h_current_return_pct,-34.341792,lte,16.8951,3.8307,14.8326,3.4578
short,2h_current_return_pct,-32.560316,lte,15.1153,3.8094,12.0653,3.4447
short,2h_current_return_pct,-30.77884,lte,14.775,3.7986,13.9272,3.4246
short,2h_current_return_pct,-28.997364,lte,14.775,3.7986,13.9272,3.4246
short,2h_current_return_pct,-27.215888,lte,16.8742,3.7574,15.3954,3.3894
short,2h_current_return_pct,-25.434412,lte,16.856,3.7428,14.9292,3.3801
short,2h_current_return_pct,-23.652936,lte,17.4197,3.7069,15.3201,3.3497
short,2h_current_return_pct,-21.87146,lte,19.7544,3.6078,19.3577,3.2314
short,2h_current_return_pct,-20.089984,lte,19.3033,3.5793,20.0039,3.1831
short,2h_current_return_pct,-18.308508,lte,17.4911,3.533,18.3405,3.127
short,2h_current_return_pct,-16.527032,lte,17.1097,3.4955,18.2292,3.0777
short,2h_current_return_pct,-14.745556,lte,13.7574,3.4818,13.6536,3.0947
short,2h_current_return_pct,-12.96408,lte,11.3263,3.4003,10.0965,3.0761
short,2h_current_return_pct,-11.182604,lte,9.9065,3.3321,9.1341,2.9899
short,2h_current_return_pct,-9.401128,lte,9.6125,3.1623,8.781,2.8408
short,2h_current_return_pct,-7.619652,lte,8.3754,3.0105,7.932,2.6464
short,2h_current_return_pct,-5.838176,lte,7.6538,2.6856,7.4199,2.2647
short,2h_current_return_pct,-4.0567,lte,6.049,2.5856,5.7049,2.19
short,2h_current_return_pct,-2.275224,lte,5.2591,2.2777,4.8793,1.9045
short,2h_current_return_pct,-0.493748,lte,4.6534,1.9873,4.3864,1.3518
short,2h_current_return_pct,1.287728,lte,4.3533,1.6704,4.1055,0.722
short,2h_current_return_pct,3.069204,lte,4.2061,1.0035,3.9486,-0.3558
short,2h_current_return_pct,4.85068,lte,4.1569,0.1183,3.8106,-0.6399
short,2h_current_return_pct,6.632156,lte,4.1014,-1.0587,3.6998,-0.927
short,2h_current_return_pct,8.413632,lte,4.1124,-3.1971,3.7336,-3.5135
short,2h_current_return_pct,10.195108,lte,4.088,-4.4421,3.7048,-4.5808
short,2h_current_return_pct,11.976584,lte,4.0575,-6.374,3.6839,-6.9127
short,2h_current_return_pct,13.75806,lte,4.0575,-6.374,3.6839,-6.9127
short,2h_current_return_pct,15.539536,lte,4.013,-6.5589,3.6299,-6.4969
short,2h_current_return_pct,17.321012,lte,4.0018,-10.1524,3.6027,-8.3173
short,2h_current_return_pct,19.102488,lte,3.9629,-9.2516,3.5713,-7.7234
short,2h_current_return_pct,20.883964,lte,3.9709,-15.9682,3.5731,-12.5752
short,2h_current_return_pct,22.66544,lte,3.9709,-15.9682,3.5731,-12.5752
short,2h_current_return_pct,24.446916,lte,3.9447,-15.1016,3.5456,-10.4572
short,2h_current_return_pct,26.228392,lte,3.9447,-15.1016,3.5456,-10.4572
short,2h_current_return_pct,28.009868,lte,3.9447,-15.1016,3.5456,-10.4572
short,2h_current_return_pct,29.791344,lte,3.9447,-15.1016,3.5456,-10.4572
short,2h_current_return_pct,31.57282,lte,3.9731,-29.9163,3.585,-26.8811
short,2h_current_return_pct,33.354296,lte,3.9323,-28.612,3.5473,-25.2501
short,2h_current_return_pct,35.135772,lte,3.9323,-28.612,3.5473,-25.2501
short,2h_current_return_pct,36.917248,lte,3.9323,-28.612,3.5473,-25.2501
short,2h_current_return_pct,38.698724,lte,3.9323,-28.612,3.5473,-25.2501
short,2h_current_return_pct,40.4802,lte,3.8598,0.0,3.4831,0.0
short,2h_current_volume_ratio,0.0,gte,3.8598,0.0,3.4831,0.0
short,2h_current_volume_ratio,1.28732,gte,4.3856,3.2491,4.0036,2.8786
short,2h_current_volume_ratio,2.57464,gte,4.497,3.6413,4.3949,3.1706
short,2h_current_volume_ratio,3.86196,gte,4.8872,3.6698,4.9841,3.2055
short,2h_current_volume_ratio,5.14928,gte,5.6352,3.6739,6.5798,3.159
short,2h_current_volume_ratio,6.4366,gte,5.2154,3.7609,6.1049,3.2918
short,2h_current_volume_ratio,7.72392,gte,4.9919,3.8014,6.209,3.3425
short,2h_current_volume_ratio,9.01124,gte,5.3767,3.8037,6.7803,3.3611
short,2h_current_volume_ratio,10.29856,gte,5.458,3.8083,7.1051,3.3664
short,2h_current_volume_ratio,11.58588,gte,6.5868,3.7848,8.1125,3.3559
short,2h_current_volume_ratio,12.8732,gte,3.2977,3.8706,3.1058,3.4904
short,2h_current_volume_ratio,14.16052,gte,2.5697,3.8802,1.8609,3.5088
short,2h_current_volume_ratio,15.44784,gte,2.8069,3.8741,2.0442,3.5026
short,2h_current_volume_ratio,16.73516,gte,3.177,3.8675,1.9812,3.5001
short,2h_current_volume_ratio,18.02248,gte,3.9039,3.8594,3.2983,3.4848
short,2h_current_volume_ratio,19.3098,gte,3.9039,3.8594,3.2983,3.4848
short,2h_current_volume_ratio,20.59712,gte,4.0529,3.8583,2.7878,3.4886
short,2h_current_volume_ratio,21.88444,gte,3.9858,3.8589,3.2175,3.4849
short,2h_current_volume_ratio,23.17176,gte,4.3933,3.8568,3.7682,3.4815
short,2h_current_volume_ratio,24.45908,gte,4.3933,3.8568,3.7682,3.4815
short,2h_current_volume_ratio,25.7464,gte,4.3933,3.8568,3.7682,3.4815
short,2h_current_volume_ratio,27.03372,gte,4.3933,3.8568,3.7682,3.4815
short,2h_current_volume_ratio,28.32104,gte,-0.7834,3.8754,0.6644,3.4926
short,2h_current_volume_ratio,29.60836,gte,-0.7834,3.8754,0.6644,3.4926
short,2h_current_volume_ratio,30.89568,gte,-0.7834,3.8754,0.6644,3.4926
short,2h_current_volume_ratio,32.183,gte,-0.7834,3.8754,0.6644,3.4926
short,2h_current_volume_ratio,33.47032,gte,-0.7834,3.8754,0.6644,3.4926
short,2h_current_volume_ratio,34.75764,gte,-0.7834,3.8754,0.6644,3.4926
short,2h_current_volume_ratio,36.04496,gte,-0.7834,3.8754,0.6644,3.4926
short,2h_current_volume_ratio,37.33228,gte,-0.7834,3.8754,0.6644,3.4926
short,2h_current_volume_ratio,38.6196,gte,-0.7834,3.8754,0.6644,3.4926
short,2h_current_volume_ratio,39.90692,gte,-0.7834,3.8754,0.6644,3.4926
short,2h_current_volume_ratio,41.19424,gte,-3.148,3.8754,-3.6833,3.4991
short,2h_current_volume_ratio,42.48156,gte,-3.148,3.8754,-3.6833,3.4991
short,2h_current_volume_ratio,43.76888,gte,-3.148,3.8754,-3.6833,3.4991
short,2h_current_volume_ratio,45.0562,gte,-3.148,3.8754,-3.6833,3.4991
short,2h_current_volume_ratio,46.34352,gte,-3.148,3.8754,-3.6833,3.4991
short,2h_current_volume_ratio,47.63084,gte,-3.148,3.8754,-3.6833,3.4991
short,2h_current_volume_ratio,48.91816,gte,-3.148,3.8754,-3.6833,3.4991
short,2h_current_volume_ratio,50.20548,gte,-3.148,3.8754,-3.6833,3.4991
short,2h_current_volume_ratio,51.4928,gte,3.3275,3.8604,3.1517,3.4835
short,2h_current_volume_ratio,52.78012,gte,3.3275,3.8604,3.1517,3.4835
short,2h_current_volume_ratio,54.06744,gte,3.3275,3.8604,3.1517,3.4835
short,2h_current_volume_ratio,55.35476,gte,3.3275,3.8604,3.1517,3.4835
short,2h_current_volume_ratio,56.64208,gte,3.3275,3.8604,3.1517,3.4835
short,2h_current_volume_ratio,57.9294,gte,3.3275,3.8604,3.1517,3.4835
short,2h_current_volume_ratio,59.21672,gte,3.3275,3.8604,3.1517,3.4835
short,2h_current_volume_ratio,60.50404,gte,3.3275,3.8604,3.1517,3.4835
short,2h_current_volume_ratio,61.79136,gte,3.3275,3.8604,3.1517,3.4835
short,2h_current_volume_ratio,63.07868,gte,3.3275,3.8604,3.1517,3.4835
short,2h_current_volume_ratio,64.366,gte,3.3275,3.8604,3.1517,3.4835
short,2h_current_volume_ratio,0.0,lte,4.7918,3.8567,3.6693,3.4825
short,2h_current_volume_ratio,1.28732,lte,3.2491,4.3856,2.8786,4.0036
short,2h_current_volume_ratio,2.57464,lte,3.6413,4.497,3.1706,4.3949
short,2h_current_volume_ratio,3.86196,lte,3.6698,4.8872,3.2055,4.9841
short,2h_current_volume_ratio,5.14928,lte,3.6739,5.6352,3.159,6.5798
short,2h_current_volume_ratio,6.4366,lte,3.7609,5.2154,3.2918,6.1049
short,2h_current_volume_ratio,7.72392,lte,3.8014,4.9919,3.3425,6.209
short,2h_current_volume_ratio,9.01124,lte,3.8037,5.3767,3.3611,6.7803
short,2h_current_volume_ratio,10.29856,lte,3.8083,5.458,3.3664,7.1051
short,2h_current_volume_ratio,11.58588,lte,3.7848,6.5868,3.3559,8.1125
short,2h_current_volume_ratio,12.8732,lte,3.8706,3.2977,3.4904,3.1058
short,2h_current_volume_ratio,14.16052,lte,3.8802,2.5697,3.5088,1.8609
short,2h_current_volume_ratio,15.44784,lte,3.8741,2.8069,3.5026,2.0442
short,2h_current_volume_ratio,16.73516,lte,3.8675,3.177,3.5001,1.9812
short,2h_current_volume_ratio,18.02248,lte,3.8594,3.9039,3.4848,3.2983
short,2h_current_volume_ratio,19.3098,lte,3.8594,3.9039,3.4848,3.2983
short,2h_current_volume_ratio,20.59712,lte,3.8583,4.0529,3.4886,2.7878
short,2h_current_volume_ratio,21.88444,lte,3.8589,3.9858,3.4849,3.2175
short,2h_current_volume_ratio,23.17176,lte,3.8568,4.3933,3.4815,3.7682
short,2h_current_volume_ratio,24.45908,lte,3.8568,4.3933,3.4815,3.7682
short,2h_current_volume_ratio,25.7464,lte,3.8568,4.3933,3.4815,3.7682
short,2h_current_volume_ratio,27.03372,lte,3.8568,4.3933,3.4815,3.7682
short,2h_current_volume_ratio,28.32104,lte,3.8754,-0.7834,3.4926,0.6644
short,2h_current_volume_ratio,29.60836,lte,3.8754,-0.7834,3.4926,0.6644
short,2h_current_volume_ratio,30.89568,lte,3.8754,-0.7834,3.4926,0.6644
short,2h_current_volume_ratio,32.183,lte,3.8754,-0.7834,3.4926,0.6644
short,2h_current_volume_ratio,33.47032,lte,3.8754,-0.7834,3.4926,0.6644
short,2h_current_volume_ratio,34.75764,lte,3.8754,-0.7834,3.4926,0.6644
short,2h_current_volume_ratio,36.04496,lte,3.8754,-0.7834,3.4926,0.6644
short,2h_current_volume_ratio,37.33228,lte,3.8754,-0.7834,3.4926,0.6644
short,2h_current_volume_ratio,38.6196,lte,3.8754,-0.7834,3.4926,0.6644
short,2h_current_volume_ratio,39.90692,lte,3.8754,-0.7834,3.4926,0.6644
short,2h_current_volume_ratio,41.19424,lte,3.8754,-3.148,3.4991,-3.6833
short,2h_current_volume_ratio,42.48156,lte,3.8754,-3.148,3.4991,-3.6833
short,2h_current_volume_ratio,43.76888,lte,3.8754,-3.148,3.4991,-3.6833
short,2h_current_volume_ratio,45.0562,lte,3.8754,-3.148,3.4991,-3.6833
short,2h_current_volume_ratio,46.34352,lte,3.8754,-3.148,3.4991,-3.6833
short,2h_current_volume_ratio,47.63084,lte,3.8754,-3.148,3.4991,-3.6833
short,2h_current_volume_ratio,48.91816,lte,3.8754,-3.148,3.4991,-3.6833
short,2h_current_volume_ratio,50.20548,lte,3.8754,-3.148,3.4991,-3.6833
short,2h_current_volume_ratio,51.4928,lte,3.8604,3.3275,3.4835,3.1517
short,2h_current_volume_ratio,52.78012,lte,3.8604,3.3275,3.4835,3.1517
short,2h_current_volume_ratio,54.06744,lte,3.8604,3.3275,3.4835,3.1517
short,2h_current_volume_ratio,55.35476,lte,3.8604,3.3275,3.4835,3.1517
short,2h_current_volume_ratio,56.64208,lte,3.8604,3.3275,3.4835,3.1517
short,2h_current_volume_ratio,57.9294,lte,3.8604,3.3275,3.4835,3.1517
short,2h_current_volume_ratio,59.21672,lte,3.8604,3.3275,3.4835,3.1517
short,2h_current_volume_ratio,60.50404,lte,3.8604,3.3275,3.4835,3.1517
short,2h_current_volume_ratio,61.79136,lte,3.8604,3.3275,3.4835,3.1517
short,2h_current_volume_ratio,63.07868,lte,3.8604,3.3275,3.4835,3.1517
short,2h_current_volume_ratio,64.366,lte,3.8598,0.0,3.4831,0.0
short,2h_previous_body_pct,0.0,gte,3.8598,0.0,3.4831,0.0
short,2h_previous_body_pct,0.828172,gte,4.0129,3.2095,3.6153,2.9221
short,2h_previous_body_pct,1.656344,gte,4.2778,3.0278,3.9335,2.5869
short,2h_previous_body_pct,2.484516,gte,4.4734,3.1277,3.8208,3.0802
short,2h_previous_body_pct,3.312688,gte,4.5265,3.3585,3.7549,3.2788
short,2h_previous_body_pct,4.14086,gte,5.0044,3.2846,4.3541,3.0454
short,2h_previous_body_pct,4.969032,gte,5.313,3.3076,4.6206,3.0509
short,2h_previous_body_pct,5.797204,gte,5.4789,3.41,4.7953,3.1186
short,2h_previous_body_pct,6.625376,gte,5.7815,3.4394,5.1215,3.1247
short,2h_previous_body_pct,7.453548,gte,6.1834,3.4517,5.3835,3.1494
short,2h_previous_body_pct,8.28172,gte,6.2629,3.4958,5.895,3.1178
short,2h_previous_body_pct,9.109892,gte,5.7466,3.6177,5.8283,3.1822
short,2h_previous_body_pct,9.938064,gte,6.0349,3.6112,5.9806,3.1977
short,2h_previous_body_pct,10.766236,gte,6.2567,3.6315,5.9008,3.2529
short,2h_previous_body_pct,11.594408,gte,5.9863,3.7046,5.3545,3.3466
short,2h_previous_body_pct,12.42258,gte,5.4234,3.7557,4.7306,3.4001
short,2h_previous_body_pct,13.250752,gte,5.3822,3.7661,4.0915,3.4457
short,2h_previous_body_pct,14.078924,gte,5.5667,3.759,4.1658,3.4428
short,2h_previous_body_pct,14.907096,gte,5.4847,3.7699,3.9477,3.4574
short,2h_previous_body_pct,15.735268,gte,5.4297,3.7749,3.8617,3.4627
short,2h_previous_body_pct,16.56344,gte,5.8158,3.7637,4.4381,3.4362
short,2h_previous_body_pct,17.391612,gte,5.3848,3.7886,4.6223,3.43
short,2h_previous_body_pct,18.219784,gte,5.2087,3.8001,4.7906,3.4253
short,2h_previous_body_pct,19.047956,gte,5.3398,3.8033,4.7974,3.4329
short,2h_previous_body_pct,19.876128,gte,5.4815,3.7998,5.1055,3.4231
short,2h_previous_body_pct,20.7043,gte,5.2089,3.8131,4.7691,3.4386
short,2h_previous_body_pct,21.532472,gte,4.4078,3.8421,4.1459,3.4618
short,2h_previous_body_pct,22.360644,gte,3.9197,3.8581,3.0826,3.4946
short,2h_previous_body_pct,23.188816,gte,4.1383,3.8521,3.5373,3.4816
short,2h_previous_body_pct,24.016988,gte,4.035,3.8554,3.6028,3.4801
short,2h_previous_body_pct,24.84516,gte,4.9085,3.8359,4.4429,3.4612
short,2h_previous_body_pct,25.673332,gte,4.3319,3.8507,3.2074,3.4884
short,2h_previous_body_pct,26.501504,gte,3.9431,3.8583,3.2641,3.4871
short,2h_previous_body_pct,27.329676,gte,4.2839,3.8531,2.8364,3.4934
short,2h_previous_body_pct,28.157848,gte,5.2987,3.8403,6.0388,3.4485
short,2h_previous_body_pct,28.98602,gte,6.4046,3.8311,8.0786,3.4313
short,2h_previous_body_pct,29.814192,gte,6.4046,3.8311,8.0786,3.4313
short,2h_previous_body_pct,30.642364,gte,5.6257,3.8419,6.6013,3.4515
short,2h_previous_body_pct,31.470536,gte,5.6257,3.8419,6.6013,3.4515
short,2h_previous_body_pct,32.298708,gte,5.4828,3.8452,6.953,3.4519
short,2h_previous_body_pct,33.12688,gte,6.0047,3.8429,4.8847,3.4721
short,2h_previous_body_pct,33.955052,gte,4.0008,3.859,-0.1518,3.5035
short,2h_previous_body_pct,34.783224,gte,4.0008,3.859,-0.1518,3.5035
short,2h_previous_body_pct,35.611396,gte,3.4819,3.8615,-1.9115,3.5073
short,2h_previous_body_pct,36.439568,gte,3.4819,3.8615,-1.9115,3.5073
short,2h_previous_body_pct,37.26774,gte,3.4819,3.8615,-1.9115,3.5073
short,2h_previous_body_pct,38.095912,gte,4.9993,3.856,-1.8842,3.5011
short,2h_previous_body_pct,38.924084,gte,4.9993,3.856,-1.8842,3.5011
short,2h_previous_body_pct,39.752256,gte,4.9993,3.856,-1.8842,3.5011
short,2h_previous_body_pct,40.580428,gte,4.9134,3.8574,-2.5977,3.4967
short,2h_previous_body_pct,41.4086,gte,18.5269,3.8434,11.2519,3.4745
short,2h_previous_body_pct,0.0,lte,3.7038,3.8607,2.2524,3.49
short,2h_previous_body_pct,0.828172,lte,3.2095,4.0129,2.9221,3.6153
short,2h_previous_body_pct,1.656344,lte,3.0278,4.2778,2.5869,3.9335
short,2h_previous_body_pct,2.484516,lte,3.1277,4.4734,3.0802,3.8208
short,2h_previous_body_pct,3.312688,lte,3.3585,4.5265,3.2788,3.7549
short,2h_previous_body_pct,4.14086,lte,3.2846,5.0044,3.0454,4.3541
short,2h_previous_body_pct,4.969032,lte,3.3076,5.313,3.0509,4.6206
short,2h_previous_body_pct,5.797204,lte,3.41,5.4789,3.1186,4.7953
short,2h_previous_body_pct,6.625376,lte,3.4394,5.7815,3.1247,5.1215
short,2h_previous_body_pct,7.453548,lte,3.4517,6.1834,3.1494,5.3835
short,2h_previous_body_pct,8.28172,lte,3.4958,6.2629,3.1178,5.895
short,2h_previous_body_pct,9.109892,lte,3.6177,5.7466,3.1822,5.8283
short,2h_previous_body_pct,9.938064,lte,3.6112,6.0349,3.1977,5.9806
short,2h_previous_body_pct,10.766236,lte,3.6315,6.2567,3.2529,5.9008
short,2h_previous_body_pct,11.594408,lte,3.7046,5.9863,3.3466,5.3545
short,2h_previous_body_pct,12.42258,lte,3.7557,5.4234,3.4001,4.7306
short,2h_previous_body_pct,13.250752,lte,3.7661,5.3822,3.4457,4.0915
short,2h_previous_body_pct,14.078924,lte,3.759,5.5667,3.4428,4.1658
short,2h_previous_body_pct,14.907096,lte,3.7699,5.4847,3.4574,3.9477
short,2h_previous_body_pct,15.735268,lte,3.7749,5.4297,3.4627,3.8617
short,2h_previous_body_pct,16.56344,lte,3.7637,5.8158,3.4362,4.4381
short,2h_previous_body_pct,17.391612,lte,3.7886,5.3848,3.43,4.6223
short,2h_previous_body_pct,18.219784,lte,3.8001,5.2087,3.4253,4.7906
short,2h_previous_body_pct,19.047956,lte,3.8033,5.3398,3.4329,4.7974
short,2h_previous_body_pct,19.876128,lte,3.7998,5.4815,3.4231,5.1055
short,2h_previous_body_pct,20.7043,lte,3.8131,5.2089,3.4386,4.7691
short,2h_previous_body_pct,21.532472,lte,3.8421,4.4078,3.4618,4.1459
short,2h_previous_body_pct,22.360644,lte,3.8581,3.9197,3.4946,3.0826
short,2h_previous_body_pct,23.188816,lte,3.8521,4.1383,3.4816,3.5373
short,2h_previous_body_pct,24.016988,lte,3.8554,4.035,3.4801,3.6028
short,2h_previous_body_pct,24.84516,lte,3.8359,4.9085,3.4612,4.4429
short,2h_previous_body_pct,25.673332,lte,3.8507,4.3319,3.4884,3.2074
short,2h_previous_body_pct,26.501504,lte,3.8583,3.9431,3.4871,3.2641
short,2h_previous_body_pct,27.329676,lte,3.8531,4.2839,3.4934,2.8364
short,2h_previous_body_pct,28.157848,lte,3.8403,5.2987,3.4485,6.0388
short,2h_previous_body_pct,28.98602,lte,3.8311,6.4046,3.4313,8.0786
short,2h_previous_body_pct,29.814192,lte,3.8311,6.4046,3.4313,8.0786
short,2h_previous_body_pct,30.642364,lte,3.8419,5.6257,3.4515,6.6013
short,2h_previous_body_pct,31.470536,lte,3.8419,5.6257,3.4515,6.6013
short,2h_previous_body_pct,32.298708,lte,3.8452,5.4828,3.4519,6.953
short,2h_previous_body_pct,33.12688,lte,3.8429,6.0047,3.4721,4.8847
short,2h_previous_body_pct,33.955052,lte,3.859,4.0008,3.5035,-0.1518
short,2h_previous_body_pct,34.783224,lte,3.859,4.0008,3.5035,-0.1518
short,2h_previous_body_pct,35.611396,lte,3.8615,3.4819,3.5073,-1.9115
short,2h_previous_body_pct,36.439568,lte,3.8615,3.4819,3.5073,-1.9115
short,2h_previous_body_pct,37.26774,lte,3.8615,3.4819,3.5073,-1.9115
short,2h_previous_body_pct,38.095912,lte,3.856,4.9993,3.5011,-1.8842
short,2h_previous_body_pct,38.924084,lte,3.856,4.9993,3.5011,-1.8842
short,2h_previous_body_pct,39.752256,lte,3.856,4.9993,3.5011,-1.8842
short,2h_previous_body_pct,40.580428,lte,3.8574,4.9134,3.4967,-2.5977
short,2h_previous_body_pct,41.4086,lte,3.8598,0.0,3.4831,0.0
short,2h_previous_close_position,0.0,gte,3.8598,0.0,3.4831,0.0
short,2h_previous_close_position,0.02,gte,3.8712,2.7347,3.4977,2.0433
short,2h_previous_close_position,0.04,gte,3.8929,2.3297,3.547,0.5334
short,2h_previous_close_position,0.06,gte,3.9402,1.4518,3.5919,0.2268
short,2h_previous_close_position,0.08,gte,3.9379,2.2694,3.5904,1.299
short,2h_previous_close_position,0.1,gte,3.9684,2.2283,3.6257,1.3423
short,2h_previous_close_position,0.12,gte,4.016,2.0696,3.6648,1.4018
short,2h_previous_close_position,0.14,gte,4.0316,2.1747,3.657,1.7779
short,2h_previous_close_position,0.16,gte,4.0157,2.5886,3.6601,2.0403
short,2h_previous_close_position,0.18,gte,3.9864,2.9537,3.6329,2.4116
short,2h_previous_close_position,0.2,gte,3.9683,3.1835,3.6479,2.4559
short,2h_previous_close_position,0.22,gte,3.9757,3.2328,3.6714,2.4651
short,2h_previous_close_position,0.24,gte,3.9404,3.4551,3.6225,2.7835
short,2h_previous_close_position,0.26,gte,3.9756,3.3345,3.6999,2.4997
short,2h_previous_close_position,0.28,gte,3.8778,3.7901,3.5861,3.0841
short,2h_previous_close_position,0.3,gte,3.8832,3.7778,3.5754,3.1596
short,2h_previous_close_position,0.32,gte,3.8462,3.902,3.4792,3.4955
short,2h_previous_close_position,0.34,gte,3.8749,3.8165,3.5046,3.4215
short,2h_previous_close_position,0.36,gte,3.9236,3.691,3.547,3.3141
short,2h_previous_close_position,0.38,gte,3.8754,3.8221,3.5288,3.3731
short,2h_previous_close_position,0.4,gte,3.8976,3.7747,3.5991,3.2221
short,2h_previous_close_position,0.42,gte,3.895,3.7872,3.5923,3.258
short,2h_previous_close_position,0.44,gte,3.9054,3.7725,3.6446,3.1744
short,2h_previous_close_position,0.46,gte,3.9452,3.711,3.6949,3.1139
short,2h_previous_close_position,0.48,gte,3.952,3.7094,3.6954,3.137
short,2h_previous_close_position,0.5,gte,3.9125,3.782,3.6024,3.3068
short,2h_previous_close_position,0.52,gte,3.8908,3.8168,3.6101,3.3072
short,2h_previous_close_position,0.54,gte,3.8873,3.8238,3.565,3.3762
short,2h_previous_close_position,0.56,gte,3.9099,3.8008,3.5517,3.4024
short,2h_previous_close_position,0.58,gte,3.8972,3.8197,3.5808,3.3785
short,2h_previous_close_position,0.6,gte,3.868,3.8518,3.6279,3.3412
short,2h_previous_close_position,0.62,gte,3.9164,3.8102,3.6823,3.3085
short,2h_previous_close_position,0.64,gte,3.9929,3.7507,3.8021,3.2218
short,2h_previous_close_position,0.66,gte,4.0775,3.699,3.7797,3.2642
short,2h_previous_close_position,0.68,gte,3.9852,3.7713,3.5692,3.4224
short,2h_previous_close_position,0.7,gte,3.9377,3.81,3.5577,3.4354
short,2h_previous_close_position,0.72,gte,3.9304,3.8173,3.4804,3.4848
short,2h_previous_close_position,0.74,gte,3.8502,3.8651,3.2932,3.589
short,2h_previous_close_position,0.76,gte,3.9667,3.8071,3.429,3.5098
short,2h_previous_close_position,0.78,gte,3.9166,3.8349,3.369,3.5331
short,2h_previous_close_position,0.8,gte,4.119,3.7624,3.6768,3.4103
short,2h_previous_close_position,0.82,gte,3.9631,3.8258,3.5612,3.4574
short,2h_previous_close_position,0.84,gte,4.1819,3.7691,3.8451,3.3813
short,2h_previous_close_position,0.86,gte,4.4174,3.7246,4.2383,3.3001
short,2h_previous_close_position,0.88,gte,4.4167,3.7506,4.206,3.3414
short,2h_previous_close_position,0.9,gte,3.9535,3.8455,3.8365,3.4291
short,2h_previous_close_position,0.92,gte,4.8608,3.7454,5.1239,3.2956
short,2h_previous_close_position,0.94,gte,5.6585,3.7193,6.0499,3.2826
short,2h_previous_close_position,0.96,gte,5.2779,3.8005,4.9781,3.4206
short,2h_previous_close_position,0.98,gte,5.5707,3.8247,4.8953,3.4542
short,2h_previous_close_position,1.0,gte,3.9664,3.8595,4.3182,3.4813
short,2h_previous_close_position,0.0,lte,4.6443,3.8563,5.6231,3.4735
short,2h_previous_close_position,0.02,lte,2.7347,3.8712,2.0433,3.4977
short,2h_previous_close_position,0.04,lte,2.3297,3.8929,0.5334,3.547
short,2h_previous_close_position,0.06,lte,1.4518,3.9402,0.2268,3.5919
short,2h_previous_close_position,0.08,lte,2.1948,3.9436,1.1367,3.6013
short,2h_previous_close_position,0.1,lte,2.2604,3.9703,1.3969,3.6273
short,2h_previous_close_position,0.12,lte,2.0696,4.016,1.4018,3.6648
short,2h_previous_close_position,0.14,lte,2.2149,4.0297,1.7219,3.6651
short,2h_previous_close_position,0.16,lte,2.5886,4.0157,2.0403,3.6601
short,2h_previous_close_position,0.18,lte,2.9477,3.9886,2.4301,3.6318
short,2h_previous_close_position,0.2,lte,3.1681,3.9718,2.4295,3.6537
short,2h_previous_close_position,0.22,lte,3.2466,3.9741,2.4591,3.6741
short,2h_previous_close_position,0.24,lte,3.4551,3.9404,2.7835,3.6225
short,2h_previous_close_position,0.26,lte,3.3345,3.9756,2.4997,3.6999
short,2h_previous_close_position,0.28,lte,3.7802,3.8805,3.0801,3.5879
short,2h_previous_close_position,0.3,lte,3.7737,3.8845,3.1598,3.5759
short,2h_previous_close_position,0.32,lte,3.951,3.8303,3.5637,3.4571
short,2h_previous_close_position,0.34,lte,3.8165,3.8749,3.4215,3.5046
short,2h_previous_close_position,0.36,lte,3.691,3.9236,3.3141,3.547
short,2h_previous_close_position,0.38,lte,3.8221,3.8754,3.3731,3.5288
short,2h_previous_close_position,0.4,lte,3.7695,3.9005,3.2169,3.6033
short,2h_previous_close_position,0.42,lte,3.7872,3.895,3.258,3.5923
short,2h_previous_close_position,0.44,lte,3.7725,3.9054,3.1744,3.6446
short,2h_previous_close_position,0.46,lte,3.711,3.9452,3.1139,3.6949
short,2h_previous_close_position,0.48,lte,3.7094,3.952,3.137,3.6954
short,2h_previous_close_position,0.5,lte,3.782,3.9125,3.3068,3.6024
short,2h_previous_close_position,0.52,lte,3.8168,3.8908,3.3072,3.6101
short,2h_previous_close_position,0.54,lte,3.8238,3.8873,3.3762,3.565
short,2h_previous_close_position,0.56,lte,3.8128,3.8999,3.4016,3.5527
short,2h_previous_close_position,0.58,lte,3.8197,3.8972,3.3785,3.5808
short,2h_previous_close_position,0.6,lte,3.846,3.874,3.333,3.6377
short,2h_previous_close_position,0.62,lte,3.8102,3.9164,3.3085,3.6823
short,2h_previous_close_position,0.64,lte,3.7386,4.0083,3.2163,3.8102
short,2h_previous_close_position,0.66,lte,3.699,4.0775,3.2642,3.7797
short,2h_previous_close_position,0.68,lte,3.7713,3.9852,3.4224,3.5692
short,2h_previous_close_position,0.7,lte,3.8078,3.9414,3.4364,3.5565
short,2h_previous_close_position,0.72,lte,3.8173,3.9304,3.4848,3.4804
short,2h_previous_close_position,0.74,lte,3.8621,3.8555,3.5896,3.2911
short,2h_previous_close_position,0.76,lte,3.814,3.9533,3.5149,3.4182
short,2h_previous_close_position,0.78,lte,3.8349,3.9166,3.5331,3.369
short,2h_previous_close_position,0.8,lte,3.7624,4.119,3.4103,3.6768
short,2h_previous_close_position,0.82,lte,3.824,3.9691,3.4578,3.5606
short,2h_previous_close_position,0.84,lte,3.7691,4.1819,3.3813,3.8451
short,2h_previous_close_position,0.86,lte,3.7246,4.4174,3.3001,4.2383
short,2h_previous_close_position,0.88,lte,3.7506,4.4167,3.3414,4.206
short,2h_previous_close_position,0.9,lte,3.8455,3.9535,3.4291,3.8365
short,2h_previous_close_position,0.92,lte,3.7433,4.8919,3.2966,5.1349
short,2h_previous_close_position,0.94,lte,3.7193,5.6585,3.2826,6.0499
short,2h_previous_close_position,0.96,lte,3.8005,5.2779,3.4206,4.9781
short,2h_previous_close_position,0.98,lte,3.8255,5.6363,3.4435,5.5354
short,2h_previous_close_position,1.0,lte,3.8598,0.0,3.4831,0.0
short,2h_previous_compression,0.0,gte,3.8598,0.0,3.4831,0.0
short,2h_previous_compression,1.3,gte,2.1999,3.9113,1.382,3.5483
short,2h_previous_compression,2.6,gte,2.2865,3.8884,2.1613,3.5071
short,2h_previous_compression,3.9,gte,2.1581,3.8732,2.2153,3.4931
short,2h_previous_compression,5.2,gte,0.8035,3.8666,-0.5353,3.4921
short,2h_previous_compression,6.5,gte,1.9481,3.8619,0.4638,3.4865
short,2h_previous_compression,7.8,gte,1.9481,3.8619,0.4638,3.4865
short,2h_previous_compression,9.1,gte,1.9481,3.8619,0.4638,3.4865
short,2h_previous_compression,10.4,gte,1.9481,3.8619,0.4638,3.4865
short,2h_previous_compression,11.7,gte,1.9481,3.8619,0.4638,3.4865
short,2h_previous_compression,13.0,gte,1.9481,3.8619,0.4638,3.4865
short,2h_previous_compression,0.0,lte,3.9837,2.0672,3.6046,1.7254
short,2h_previous_compression,1.3,lte,3.9113,2.1999,3.5483,1.382
short,2h_previous_compression,2.6,lte,3.8884,2.2865,3.5071,2.1613
short,2h_previous_compression,3.9,lte,3.8732,2.1581,3.4931,2.2153
short,2h_previous_compression,5.2,lte,3.8666,0.8035,3.4921,-0.5353
short,2h_previous_compression,6.5,lte,3.8619,1.9481,3.4865,0.4638
short,2h_previous_compression,7.8,lte,3.8619,1.9481,3.4865,0.4638
short,2h_previous_compression,9.1,lte,3.8619,1.9481,3.4865,0.4638
short,2h_previous_compression,10.4,lte,3.8619,1.9481,3.4865,0.4638
short,2h_previous_compression,11.7,lte,3.8619,1.9481,3.4865,0.4638
short,2h_previous_compression,13.0,lte,3.8598,0.0,3.4831,0.0
short,2h_previous_ma20_distance_pct,-75.815,gte,3.8598,0.0,3.4831,0.0
short,2h_previous_ma20_distance_pct,-72.455606,gte,3.8313,29.3423,3.4437,38.8145
short,2h_previous_ma20_distance_pct,-69.096212,gte,3.8313,29.3423,3.4437,38.8145
short,2h_previous_ma20_distance_pct,-65.736818,gte,3.8206,21.3781,3.4237,30.0947
short,2h_previous_ma20_distance_pct,-62.377424,gte,3.8206,21.3781,3.4237,30.0947
short,2h_previous_ma20_distance_pct,-59.01803,gte,3.8201,15.6966,3.4223,21.6057
short,2h_previous_ma20_distance_pct,-55.658636,gte,3.8149,13.8767,3.4123,19.2933
short,2h_previous_ma20_distance_pct,-52.299242,gte,3.8149,13.8767,3.4123,19.2933
short,2h_previous_ma20_distance_pct,-48.939848,gte,3.8149,13.8767,3.4123,19.2933
short,2h_previous_ma20_distance_pct,-45.580454,gte,3.8149,13.8767,3.4123,19.2933
short,2h_previous_ma20_distance_pct,-42.22106,gte,3.8149,13.8767,3.4123,19.2933
short,2h_previous_ma20_distance_pct,-38.861666,gte,3.8149,13.8767,3.4123,19.2933
short,2h_previous_ma20_distance_pct,-35.502272,gte,3.8149,13.8767,3.4123,19.2933
short,2h_previous_ma20_distance_pct,-32.142878,gte,3.8149,13.8767,3.4123,19.2933
short,2h_previous_ma20_distance_pct,-28.783484,gte,3.8149,13.8767,3.4123,19.2933
short,2h_previous_ma20_distance_pct,-25.42409,gte,3.8149,13.8767,3.4123,19.2933
short,2h_previous_ma20_distance_pct,-22.064696,gte,3.8075,11.6317,3.4022,15.4993
short,2h_previous_ma20_distance_pct,-18.705302,gte,3.8162,8.1593,3.4004,11.6413
short,2h_previous_ma20_distance_pct,-15.345908,gte,3.8075,7.1577,3.387,9.5427
short,2h_previous_ma20_distance_pct,-11.986514,gte,3.7696,6.4663,3.3147,8.3515
short,2h_previous_ma20_distance_pct,-8.62712,gte,3.8561,3.9294,3.3608,5.7996
short,2h_previous_ma20_distance_pct,-5.267726,gte,3.8473,3.9774,3.3685,4.5636
short,2h_previous_ma20_distance_pct,-1.908332,gte,3.9705,3.3574,3.4868,3.4664
short,2h_previous_ma20_distance_pct,1.451062,gte,4.0821,3.321,3.3863,3.7178
short,2h_previous_ma20_distance_pct,4.810456,gte,4.3636,3.2048,3.4729,3.4963
short,2h_previous_ma20_distance_pct,8.16985,gte,4.601,3.2273,3.7355,3.2677
short,2h_previous_ma20_distance_pct,11.529244,gte,4.6801,3.4136,3.6583,3.3879
short,2h_previous_ma20_distance_pct,14.888638,gte,5.1848,3.373,4.128,3.2462
short,2h_previous_ma20_distance_pct,18.248032,gte,5.4261,3.4528,4.4158,3.2408
short,2h_previous_ma20_distance_pct,21.607426,gte,6.2066,3.3998,5.1176,3.1628
short,2h_previous_ma20_distance_pct,24.96682,gte,6.7254,3.4384,5.4354,3.196
short,2h_previous_ma20_distance_pct,28.326214,gte,7.2166,3.4575,6.0909,3.1706
short,2h_previous_ma20_distance_pct,31.685608,gte,7.7335,3.496,6.8051,3.1712
short,2h_previous_ma20_distance_pct,35.045002,gte,7.3134,3.5855,7.527,3.1619
short,2h_previous_ma20_distance_pct,38.404396,gte,8.1139,3.5765,8.2275,3.1672
short,2h_previous_ma20_distance_pct,41.76379,gte,7.7631,3.6536,8.3566,3.2257
short,2h_previous_ma20_distance_pct,45.123184,gte,7.5626,3.6779,8.5985,3.2318
short,2h_previous_ma20_distance_pct,48.482578,gte,8.2573,3.6865,10.0715,3.2236
short,2h_previous_ma20_distance_pct,51.841972,gte,8.2573,3.6865,10.0715,3.2236
short,2h_previous_ma20_distance_pct,55.201366,gte,7.5451,3.7498,7.0543,3.3765
short,2h_previous_ma20_distance_pct,58.56076,gte,8.0132,3.7456,7.6235,3.3693
short,2h_previous_ma20_distance_pct,61.920154,gte,9.6489,3.721,9.3473,3.3425
short,2h_previous_ma20_distance_pct,65.279548,gte,8.4366,3.7714,9.8706,3.3597
short,2h_previous_ma20_distance_pct,68.638942,gte,8.6009,3.7901,11.2703,3.3686
short,2h_previous_ma20_distance_pct,71.998336,gte,9.2714,3.7926,13.7918,3.3551
short,2h_previous_ma20_distance_pct,75.35773,gte,9.9799,3.7908,15.1037,3.3521
short,2h_previous_ma20_distance_pct,78.717124,gte,12.8778,3.7786,18.1911,3.3508
short,2h_previous_ma20_distance_pct,82.076518,gte,14.0157,3.7914,17.7361,3.3871
short,2h_previous_ma20_distance_pct,85.435912,gte,12.706,3.8499,15.681,3.4695
short,2h_previous_ma20_distance_pct,88.795306,gte,12.706,3.8499,15.681,3.4695
short,2h_previous_ma20_distance_pct,92.1547,gte,12.706,3.8499,15.681,3.4695
short,2h_previous_ma20_distance_pct,-75.815,lte,29.3423,3.8313,38.8145,3.4437
short,2h_previous_ma20_distance_pct,-72.455606,lte,29.3423,3.8313,38.8145,3.4437
short,2h_previous_ma20_distance_pct,-69.096212,lte,29.3423,3.8313,38.8145,3.4437
short,2h_previous_ma20_distance_pct,-65.736818,lte,21.3781,3.8206,30.0947,3.4237
short,2h_previous_ma20_distance_pct,-62.377424,lte,21.3781,3.8206,30.0947,3.4237
short,2h_previous_ma20_distance_pct,-59.01803,lte,15.6966,3.8201,21.6057,3.4223
short,2h_previous_ma20_distance_pct,-55.658636,lte,13.8767,3.8149,19.2933,3.4123
short,2h_previous_ma20_distance_pct,-52.299242,lte,13.8767,3.8149,19.2933,3.4123
short,2h_previous_ma20_distance_pct,-48.939848,lte,13.8767,3.8149,19.2933,3.4123
short,2h_previous_ma20_distance_pct,-45.580454,lte,13.8767,3.8149,19.2933,3.4123
short,2h_previous_ma20_distance_pct,-42.22106,lte,13.8767,3.8149,19.2933,3.4123
short,2h_previous_ma20_distance_pct,-38.861666,lte,13.8767,3.8149,19.2933,3.4123
short,2h_previous_ma20_distance_pct,-35.502272,lte,13.8767,3.8149,19.2933,3.4123
short,2h_previous_ma20_distance_pct,-32.142878,lte,13.8767,3.8149,19.2933,3.4123
short,2h_previous_ma20_distance_pct,-28.783484,lte,13.8767,3.8149,19.2933,3.4123
short,2h_previous_ma20_distance_pct,-25.42409,lte,13.8767,3.8149,19.2933,3.4123
short,2h_previous_ma20_distance_pct,-22.064696,lte,11.6317,3.8075,15.4993,3.4022
short,2h_previous_ma20_distance_pct,-18.705302,lte,8.1593,3.8162,11.6413,3.4004
short,2h_previous_ma20_distance_pct,-15.345908,lte,7.1577,3.8075,9.5427,3.387
short,2h_previous_ma20_distance_pct,-11.986514,lte,6.4663,3.7696,8.3515,3.3147
short,2h_previous_ma20_distance_pct,-8.62712,lte,3.9294,3.8561,5.7996,3.3608
short,2h_previous_ma20_distance_pct,-5.267726,lte,3.9774,3.8473,4.5636,3.3685
short,2h_previous_ma20_distance_pct,-1.908332,lte,3.3574,3.9705,3.4664,3.4868
short,2h_previous_ma20_distance_pct,1.451062,lte,3.321,4.0821,3.7178,3.3863
short,2h_previous_ma20_distance_pct,4.810456,lte,3.2048,4.3636,3.4963,3.4729
short,2h_previous_ma20_distance_pct,8.16985,lte,3.2273,4.601,3.2677,3.7355
short,2h_previous_ma20_distance_pct,11.529244,lte,3.4136,4.6801,3.3879,3.6583
short,2h_previous_ma20_distance_pct,14.888638,lte,3.373,5.1848,3.2462,4.128
short,2h_previous_ma20_distance_pct,18.248032,lte,3.4528,5.4261,3.2408,4.4158
short,2h_previous_ma20_distance_pct,21.607426,lte,3.3998,6.2066,3.1628,5.1176
short,2h_previous_ma20_distance_pct,24.96682,lte,3.4384,6.7254,3.196,5.4354
short,2h_previous_ma20_distance_pct,28.326214,lte,3.4575,7.2166,3.1706,6.0909
short,2h_previous_ma20_distance_pct,31.685608,lte,3.496,7.7335,3.1712,6.8051
short,2h_previous_ma20_distance_pct,35.045002,lte,3.5855,7.3134,3.1619,7.527
short,2h_previous_ma20_distance_pct,38.404396,lte,3.5765,8.1139,3.1672,8.2275
short,2h_previous_ma20_distance_pct,41.76379,lte,3.6536,7.7631,3.2257,8.3566
short,2h_previous_ma20_distance_pct,45.123184,lte,3.6779,7.5626,3.2318,8.5985
short,2h_previous_ma20_distance_pct,48.482578,lte,3.6865,8.2573,3.2236,10.0715
short,2h_previous_ma20_distance_pct,51.841972,lte,3.6865,8.2573,3.2236,10.0715
short,2h_previous_ma20_distance_pct,55.201366,lte,3.7498,7.5451,3.3765,7.0543
short,2h_previous_ma20_distance_pct,58.56076,lte,3.7456,8.0132,3.3693,7.6235
short,2h_previous_ma20_distance_pct,61.920154,lte,3.721,9.6489,3.3425,9.3473
short,2h_previous_ma20_distance_pct,65.279548,lte,3.7714,8.4366,3.3597,9.8706
short,2h_previous_ma20_distance_pct,68.638942,lte,3.7901,8.6009,3.3686,11.2703
short,2h_previous_ma20_distance_pct,71.998336,lte,3.7926,9.2714,3.3551,13.7918
short,2h_previous_ma20_distance_pct,75.35773,lte,3.7908,9.9799,3.3521,15.1037
short,2h_previous_ma20_distance_pct,78.717124,lte,3.7786,12.8778,3.3508,18.1911
short,2h_previous_ma20_distance_pct,82.076518,lte,3.7914,14.0157,3.3871,17.7361
short,2h_previous_ma20_distance_pct,85.435912,lte,3.8499,12.706,3.4695,15.681
short,2h_previous_ma20_distance_pct,88.795306,lte,3.8499,12.706,3.4695,15.681
short,2h_previous_ma20_distance_pct,92.1547,lte,3.8598,0.0,3.4831,0.0
short,2h_previous_range_pct,0.0,gte,3.8598,0.0,3.4831,0.0
short,2h_previous_range_pct,2.094994,gte,3.9148,2.7391,3.539,2.3463
short,2h_previous_range_pct,4.189988,gte,4.2914,2.4823,3.8188,2.4116
short,2h_previous_range_pct,6.284982,gte,4.7678,2.8239,4.1264,2.7493
short,2h_previous_range_pct,8.379976,gte,4.8207,3.2815,3.864,3.2539
short,2h_previous_range_pct,10.47497,gte,5.615,3.1664,4.7358,2.9883
short,2h_previous_range_pct,12.569964,gte,5.6685,3.3898,4.8354,3.1318
short,2h_previous_range_pct,14.664958,gte,6.2542,3.4319,5.4944,3.1237
short,2h_previous_range_pct,16.759952,gte,6.7338,3.4951,6.2971,3.1261
short,2h_previous_range_pct,18.854946,gte,6.485,3.5992,5.4737,3.2855
short,2h_previous_range_pct,20.94994,gte,6.673,3.6217,6.6039,3.219
short,2h_previous_range_pct,23.044934,gte,7.5469,3.6096,6.9452,3.2482
short,2h_previous_range_pct,25.139928,gte,7.7376,3.6405,7.5032,3.2558
short,2h_previous_range_pct,27.234922,gte,6.2313,3.7433,4.801,3.4184
short,2h_previous_range_pct,29.329916,gte,6.2744,3.7617,4.2995,3.45
short,2h_previous_range_pct,31.42491,gte,6.899,3.7582,4.7354,3.4413
short,2h_previous_range_pct,33.519904,gte,7.4916,3.7685,5.6665,3.4282
short,2h_previous_range_pct,35.614898,gte,6.6859,3.8019,5.8716,3.4342
short,2h_previous_range_pct,37.709892,gte,6.8277,3.8059,6.0796,3.436
short,2h_previous_range_pct,39.804886,gte,8.9015,3.8029,9.817,3.4117
short,2h_previous_range_pct,41.89988,gte,6.2138,3.8386,5.2994,3.4668
short,2h_previous_range_pct,43.994874,gte,4.4548,3.8551,4.449,3.4755
short,2h_previous_range_pct,46.089868,gte,4.7989,3.8535,6.0228,3.466
short,2h_previous_range_pct,48.184862,gte,4.7989,3.8535,6.0228,3.466
short,2h_previous_range_pct,50.279856,gte,2.3257,3.8667,1.9687,3.4899
short,2h_previous_range_pct,52.37485,gte,1.3773,3.8681,2.7773,3.4855
short,2h_previous_range_pct,54.469844,gte,1.3773,3.8681,2.7773,3.4855
short,2h_previous_range_pct,56.564838,gte,1.3773,3.8681,2.7773,3.4855
short,2h_previous_range_pct,58.659832,gte,1.3773,3.8681,2.7773,3.4855
short,2h_previous_range_pct,60.754826,gte,1.3773,3.8681,2.7773,3.4855
short,2h_previous_range_pct,62.84982,gte,1.3773,3.8681,2.7773,3.4855
short,2h_previous_range_pct,64.944814,gte,-4.8852,3.8793,-9.2203,3.5115
short,2h_previous_range_pct,67.039808,gte,-4.8852,3.8793,-9.2203,3.5115
short,2h_previous_range_pct,69.134802,gte,-4.8852,3.8793,-9.2203,3.5115
short,2h_previous_range_pct,71.229796,gte,-4.8852,3.8793,-9.2203,3.5115
short,2h_previous_range_pct,73.32479,gte,-4.8852,3.8793,-9.2203,3.5115
short,2h_previous_range_pct,75.419784,gte,-4.8852,3.8793,-9.2203,3.5115
short,2h_previous_range_pct,77.514778,gte,-8.7001,3.8738,-16.4473,3.5054
short,2h_previous_range_pct,79.609772,gte,-8.7001,3.8738,-16.4473,3.5054
short,2h_previous_range_pct,81.704766,gte,-8.7001,3.8738,-16.4473,3.5054
short,2h_previous_range_pct,83.79976,gte,-8.7001,3.8738,-16.4473,3.5054
short,2h_previous_range_pct,85.894754,gte,-8.7001,3.8738,-16.4473,3.5054
short,2h_previous_range_pct,87.989748,gte,-8.7001,3.8738,-16.4473,3.5054
short,2h_previous_range_pct,90.084742,gte,-8.7001,3.8738,-16.4473,3.5054
short,2h_previous_range_pct,92.179736,gte,-8.7001,3.8738,-16.4473,3.5054
short,2h_previous_range_pct,94.27473,gte,-8.7001,3.8738,-16.4473,3.5054
short,2h_previous_range_pct,96.369724,gte,-8.7001,3.8738,-16.4473,3.5054
short,2h_previous_range_pct,98.464718,gte,-8.7001,3.8738,-16.4473,3.5054
short,2h_previous_range_pct,100.559712,gte,-8.7001,3.8738,-16.4473,3.5054
short,2h_previous_range_pct,102.654706,gte,-8.7001,3.8738,-16.4473,3.5054
short,2h_previous_range_pct,104.7497,gte,-8.7001,3.8738,-16.4473,3.5054
short,2h_previous_range_pct,0.0,lte,4.7918,3.8567,3.6693,3.4825
short,2h_previous_range_pct,2.094994,lte,2.7391,3.9148,2.3463,3.539
short,2h_previous_range_pct,4.189988,lte,2.4823,4.2914,2.4116,3.8188
short,2h_previous_range_pct,6.284982,lte,2.8239,4.7678,2.7493,4.1264
short,2h_previous_range_pct,8.379976,lte,3.2815,4.8207,3.2539,3.864
short,2h_previous_range_pct,10.47497,lte,3.1664,5.615,2.9883,4.7358
short,2h_previous_range_pct,12.569964,lte,3.3898,5.6685,3.1318,4.8354
short,2h_previous_range_pct,14.664958,lte,3.4319,6.2542,3.1237,5.4944
short,2h_previous_range_pct,16.759952,lte,3.4951,6.7338,3.1261,6.2971
short,2h_previous_range_pct,18.854946,lte,3.5992,6.485,3.2855,5.4737
short,2h_previous_range_pct,20.94994,lte,3.6217,6.673,3.219,6.6039
short,2h_previous_range_pct,23.044934,lte,3.6096,7.5469,3.2482,6.9452
short,2h_previous_range_pct,25.139928,lte,3.6405,7.7376,3.2558,7.5032
short,2h_previous_range_pct,27.234922,lte,3.7433,6.2313,3.4184,4.801
short,2h_previous_range_pct,29.329916,lte,3.7617,6.2744,3.45,4.2995
short,2h_previous_range_pct,31.42491,lte,3.7582,6.899,3.4413,4.7354
short,2h_previous_range_pct,33.519904,lte,3.7685,7.4916,3.4282,5.6665
short,2h_previous_range_pct,35.614898,lte,3.8019,6.6859,3.4342,5.8716
short,2h_previous_range_pct,37.709892,lte,3.8059,6.8277,3.436,6.0796
short,2h_previous_range_pct,39.804886,lte,3.8029,8.9015,3.4117,9.817
short,2h_previous_range_pct,41.89988,lte,3.8386,6.2138,3.4668,5.2994
short,2h_previous_range_pct,43.994874,lte,3.8551,4.4548,3.4755,4.449
short,2h_previous_range_pct,46.089868,lte,3.8535,4.7989,3.466,6.0228
short,2h_previous_range_pct,48.184862,lte,3.8535,4.7989,3.466,6.0228
short,2h_previous_range_pct,50.279856,lte,3.8667,2.3257,3.4899,1.9687
short,2h_previous_range_pct,52.37485,lte,3.8681,1.3773,3.4855,2.7773
short,2h_previous_range_pct,54.469844,lte,3.8681,1.3773,3.4855,2.7773
short,2h_previous_range_pct,56.564838,lte,3.8681,1.3773,3.4855,2.7773
short,2h_previous_range_pct,58.659832,lte,3.8681,1.3773,3.4855,2.7773
short,2h_previous_range_pct,60.754826,lte,3.8681,1.3773,3.4855,2.7773
short,2h_previous_range_pct,62.84982,lte,3.8681,1.3773,3.4855,2.7773
short,2h_previous_range_pct,64.944814,lte,3.8793,-4.8852,3.5115,-9.2203
short,2h_previous_range_pct,67.039808,lte,3.8793,-4.8852,3.5115,-9.2203
short,2h_previous_range_pct,69.134802,lte,3.8793,-4.8852,3.5115,-9.2203
short,2h_previous_range_pct,71.229796,lte,3.8793,-4.8852,3.5115,-9.2203
short,2h_previous_range_pct,73.32479,lte,3.8793,-4.8852,3.5115,-9.2203
short,2h_previous_range_pct,75.419784,lte,3.8793,-4.8852,3.5115,-9.2203
short,2h_previous_range_pct,77.514778,lte,3.8738,-8.7001,3.5054,-16.4473
short,2h_previous_range_pct,79.609772,lte,3.8738,-8.7001,3.5054,-16.4473
short,2h_previous_range_pct,81.704766,lte,3.8738,-8.7001,3.5054,-16.4473
short,2h_previous_range_pct,83.79976,lte,3.8738,-8.7001,3.5054,-16.4473
short,2h_previous_range_pct,85.894754,lte,3.8738,-8.7001,3.5054,-16.4473
short,2h_previous_range_pct,87.989748,lte,3.8738,-8.7001,3.5054,-16.4473
short,2h_previous_range_pct,90.084742,lte,3.8738,-8.7001,3.5054,-16.4473
short,2h_previous_range_pct,92.179736,lte,3.8738,-8.7001,3.5054,-16.4473
short,2h_previous_range_pct,94.27473,lte,3.8738,-8.7001,3.5054,-16.4473
short,2h_previous_range_pct,96.369724,lte,3.8738,-8.7001,3.5054,-16.4473
short,2h_previous_range_pct,98.464718,lte,3.8738,-8.7001,3.5054,-16.4473
short,2h_previous_range_pct,100.559712,lte,3.8738,-8.7001,3.5054,-16.4473
short,2h_previous_range_pct,102.654706,lte,3.8738,-8.7001,3.5054,-16.4473
short,2h_previous_range_pct,104.7497,lte,3.8598,0.0,3.4831,0.0
short,2h_previous_return_pct,-27.5386,gte,3.8598,0.0,3.4831,0.0
short,2h_previous_return_pct,-26.159656,gte,3.8696,-4.902,3.5295,-38.0278
short,2h_previous_return_pct,-24.780712,gte,3.8696,-4.902,3.5295,-38.0278
short,2h_previous_return_pct,-23.401768,gte,3.8696,-4.902,3.5295,-38.0278
short,2h_previous_return_pct,-22.022824,gte,3.8696,-4.902,3.5295,-38.0278
short,2h_previous_return_pct,-20.64388,gte,3.8696,-4.902,3.5295,-38.0278
short,2h_previous_return_pct,-19.264936,gte,3.8696,-4.902,3.5295,-38.0278
short,2h_previous_return_pct,-17.885992,gte,3.8726,-1.8913,3.5301,-17.5213
short,2h_previous_return_pct,-16.507048,gte,3.8721,0.1837,3.5288,-10.1383
short,2h_previous_return_pct,-15.128104,gte,3.8714,1.2666,3.5247,-5.8087
short,2h_previous_return_pct,-13.74916,gte,3.8712,1.8217,3.527,-4.3535
short,2h_previous_return_pct,-12.370216,gte,3.8712,1.8217,3.527,-4.3535
short,2h_previous_return_pct,-10.991272,gte,3.8433,5.6893,3.504,1.1684
short,2h_previous_return_pct,-9.612328,gte,3.8618,3.722,3.5201,0.9671
short,2h_previous_return_pct,-8.233384,gte,3.8456,4.5919,3.5267,1.2267
short,2h_previous_return_pct,-6.85444,gte,3.9058,2.2548,3.5911,-0.2825
short,2h_previous_return_pct,-5.475496,gte,3.817,4.7298,3.5691,1.7322
short,2h_previous_return_pct,-4.096552,gte,3.8374,4.1515,3.6241,1.6486
short,2h_previous_return_pct,-2.717608,gte,3.8306,4.0624,3.6239,2.5062
short,2h_previous_return_pct,-1.338664,gte,3.8547,3.8786,3.6198,2.9812
short,2h_previous_return_pct,0.04028,gte,3.9217,3.7459,3.7954,2.909
short,2h_previous_return_pct,1.419224,gte,4.2645,3.4505,4.1082,2.851
short,2h_previous_return_pct,2.798168,gte,4.7117,3.3519,4.2769,3.0099
short,2h_previous_return_pct,4.177112,gte,5.2159,3.3839,5.0721,2.9255
short,2h_previous_return_pct,5.556056,gte,5.9835,3.3704,5.5855,2.9986
short,2h_previous_return_pct,6.935,gte,6.41,3.4507,6.1677,3.0525
short,2h_previous_return_pct,8.313944,gte,6.5293,3.5248,6.6687,3.0834
short,2h_previous_return_pct,9.692888,gte,6.3284,3.6114,7.1135,3.1179
short,2h_previous_return_pct,11.071832,gte,6.5668,3.6553,6.6336,3.2451
short,2h_previous_return_pct,12.450776,gte,5.7765,3.7442,5.6212,3.3542
short,2h_previous_return_pct,13.82972,gte,5.9828,3.7477,5.1124,3.3971
short,2h_previous_return_pct,15.208664,gte,5.8771,3.7582,4.8553,3.414
short,2h_previous_return_pct,16.587608,gte,6.249,3.7512,5.5594,3.3887
short,2h_previous_return_pct,17.966552,gte,5.6031,3.7869,6.0302,3.3766
short,2h_previous_return_pct,19.345496,gte,5.6598,3.7932,6.1357,3.385
short,2h_previous_return_pct,20.72444,gte,5.5576,3.8031,6.2449,3.3909
short,2h_previous_return_pct,22.103384,gte,4.5375,3.8404,4.3864,3.4572
short,2h_previous_return_pct,23.482328,gte,4.4742,3.8443,5.3405,3.4364
short,2h_previous_return_pct,24.861272,gte,5.0203,3.836,6.178,3.4279
short,2h_previous_return_pct,26.240216,gte,4.5327,3.8483,6.0169,3.44
short,2h_previous_return_pct,27.61916,gte,4.9905,3.8432,5.9798,3.4464
short,2h_previous_return_pct,28.998104,gte,6.4046,3.8311,8.0786,3.4313
short,2h_previous_return_pct,30.377048,gte,5.6257,3.8419,6.6013,3.4515
short,2h_previous_return_pct,31.755992,gte,5.6257,3.8419,6.6013,3.4515
short,2h_previous_return_pct,33.134936,gte,6.0047,3.8429,4.8847,3.4721
short,2h_previous_return_pct,34.51388,gte,4.0008,3.859,-0.1518,3.5035
short,2h_previous_return_pct,35.892824,gte,3.4819,3.8615,-1.9115,3.5073
short,2h_previous_return_pct,37.271768,gte,3.4819,3.8615,-1.9115,3.5073
short,2h_previous_return_pct,38.650712,gte,4.9993,3.856,-1.8842,3.5011
short,2h_previous_return_pct,40.029656,gte,4.9134,3.8574,-2.5977,3.4967
short,2h_previous_return_pct,41.4086,gte,18.5269,3.8434,11.2519,3.4745
short,2h_previous_return_pct,-27.5386,lte,-4.902,3.8696,-38.0278,3.5295
short,2h_previous_return_pct,-26.159656,lte,-4.902,3.8696,-38.0278,3.5295
short,2h_previous_return_pct,-24.780712,lte,-4.902,3.8696,-38.0278,3.5295
short,2h_previous_return_pct,-23.401768,lte,-4.902,3.8696,-38.0278,3.5295
short,2h_previous_return_pct,-22.022824,lte,-4.902,3.8696,-38.0278,3.5295
short,2h_previous_return_pct,-20.64388,lte,-4.902,3.8696,-38.0278,3.5295
short,2h_previous_return_pct,-19.264936,lte,-4.902,3.8696,-38.0278,3.5295
short,2h_previous_return_pct,-17.885992,lte,-1.8913,3.8726,-17.5213,3.5301
short,2h_previous_return_pct,-16.507048,lte,0.1837,3.8721,-10.1383,3.5288
short,2h_previous_return_pct,-15.128104,lte,1.2666,3.8714,-5.8087,3.5247
short,2h_previous_return_pct,-13.74916,lte,1.8217,3.8712,-4.3535,3.527
short,2h_previous_return_pct,-12.370216,lte,1.8217,3.8712,-4.3535,3.527
short,2h_previous_return_pct,-10.991272,lte,5.6893,3.8433,1.1684,3.504
short,2h_previous_return_pct,-9.612328,lte,3.722,3.8618,0.9671,3.5201
short,2h_previous_return_pct,-8.233384,lte,4.5919,3.8456,1.2267,3.5267
short,2h_previous_return_pct,-6.85444,lte,2.2548,3.9058,-0.2825,3.5911
short,2h_previous_return_pct,-5.475496,lte,4.7298,3.817,1.7322,3.5691
short,2h_previous_return_pct,-4.096552,lte,4.1515,3.8374,1.6486,3.6241
short,2h_previous_return_pct,-2.717608,lte,4.0624,3.8306,2.5062,3.6239
short,2h_previous_return_pct,-1.338664,lte,3.8786,3.8547,2.9812,3.6198
short,2h_previous_return_pct,0.04028,lte,3.7459,3.9217,2.909,3.7954
short,2h_previous_return_pct,1.419224,lte,3.4505,4.2645,2.851,4.1082
short,2h_previous_return_pct,2.798168,lte,3.3519,4.7117,3.0099,4.2769
short,2h_previous_return_pct,4.177112,lte,3.3839,5.2159,2.9255,5.0721
short,2h_previous_return_pct,5.556056,lte,3.3704,5.9835,2.9986,5.5855
short,2h_previous_return_pct,6.935,lte,3.4507,6.41,3.0525,6.1677
short,2h_previous_return_pct,8.313944,lte,3.5248,6.5293,3.0834,6.6687
short,2h_previous_return_pct,9.692888,lte,3.6114,6.3284,3.1179,7.1135
short,2h_previous_return_pct,11.071832,lte,3.6553,6.5668,3.2451,6.6336
short,2h_previous_return_pct,12.450776,lte,3.7442,5.7765,3.3542,5.6212
short,2h_previous_return_pct,13.82972,lte,3.7477,5.9828,3.3971,5.1124
short,2h_previous_return_pct,15.208664,lte,3.7582,5.8771,3.414,4.8553
short,2h_previous_return_pct,16.587608,lte,3.7512,6.249,3.3887,5.5594
short,2h_previous_return_pct,17.966552,lte,3.7869,5.6031,3.3766,6.0302
short,2h_previous_return_pct,19.345496,lte,3.7932,5.6598,3.385,6.1357
short,2h_previous_return_pct,20.72444,lte,3.8031,5.5576,3.3909,6.2449
short,2h_previous_return_pct,22.103384,lte,3.8404,4.5375,3.4572,4.3864
short,2h_previous_return_pct,23.482328,lte,3.8443,4.4742,3.4364,5.3405
short,2h_previous_return_pct,24.861272,lte,3.836,5.0203,3.4279,6.178
short,2h_previous_return_pct,26.240216,lte,3.8483,4.5327,3.44,6.0169
short,2h_previous_return_pct,27.61916,lte,3.8432,4.9905,3.4464,5.9798
short,2h_previous_return_pct,28.998104,lte,3.8311,6.4046,3.4313,8.0786
short,2h_previous_return_pct,30.377048,lte,3.8419,5.6257,3.4515,6.6013
short,2h_previous_return_pct,31.755992,lte,3.8419,5.6257,3.4515,6.6013
short,2h_previous_return_pct,33.134936,lte,3.8429,6.0047,3.4721,4.8847
short,2h_previous_return_pct,34.51388,lte,3.859,4.0008,3.5035,-0.1518
short,2h_previous_return_pct,35.892824,lte,3.8615,3.4819,3.5073,-1.9115
short,2h_previous_return_pct,37.271768,lte,3.8615,3.4819,3.5073,-1.9115
short,2h_previous_return_pct,38.650712,lte,3.856,4.9993,3.5011,-1.8842
short,2h_previous_return_pct,40.029656,lte,3.8574,4.9134,3.4967,-2.5977
short,2h_previous_return_pct,41.4086,lte,3.8598,0.0,3.4831,0.0
short,2h_previous_volume_ratio,0.0,gte,3.8598,0.0,3.4831,0.0
short,2h_previous_volume_ratio,0.917428,gte,4.1398,3.504,3.7515,3.142
short,2h_previous_volume_ratio,1.834856,gte,4.3098,3.6859,4.0159,3.2773
short,2h_previous_volume_ratio,2.752284,gte,4.3866,3.7531,4.1832,3.3414
short,2h_previous_volume_ratio,3.669712,gte,4.4644,3.7779,4.7914,3.3059
short,2h_previous_volume_ratio,4.58714,gte,4.8876,3.7755,5.9724,3.2789
short,2h_previous_volume_ratio,5.504568,gte,5.1796,3.7736,6.4246,3.291
short,2h_previous_volume_ratio,6.421996,gte,5.8183,3.7636,6.4762,3.3361
short,2h_previous_volume_ratio,7.339424,gte,6.6227,3.7642,7.8137,3.3333
short,2h_previous_volume_ratio,8.256852,gte,7.2576,3.7543,8.6997,3.3212
short,2h_previous_volume_ratio,9.17428,gte,6.8736,3.7875,6.1987,3.418
short,2h_previous_volume_ratio,10.091708,gte,7.5194,3.7848,7.0473,3.4101
short,2h_previous_volume_ratio,11.009136,gte,8.0021,3.7846,7.4856,3.4104
short,2h_previous_volume_ratio,11.926564,gte,8.3066,3.7944,8.4278,3.4104
short,2h_previous_volume_ratio,12.843992,gte,6.705,3.8245,5.6682,3.456
short,2h_previous_volume_ratio,13.76142,gte,6.705,3.8245,5.6682,3.456
short,2h_previous_volume_ratio,14.678848,gte,6.133,3.8393,5.0599,3.4689
short,2h_previous_volume_ratio,15.596276,gte,6.6336,3.838,5.2179,3.4695
short,2h_previous_volume_ratio,16.513704,gte,7.1161,3.8379,5.7176,3.4681
short,2h_previous_volume_ratio,17.431132,gte,7.1161,3.8379,5.7176,3.4681
short,2h_previous_volume_ratio,18.34856,gte,7.1161,3.8379,5.7176,3.4681
short,2h_previous_volume_ratio,19.265988,gte,7.1161,3.8379,5.7176,3.4681
short,2h_previous_volume_ratio,20.183416,gte,7.1161,3.8379,5.7176,3.4681
short,2h_previous_volume_ratio,21.100844,gte,7.1161,3.8379,5.7176,3.4681
short,2h_previous_volume_ratio,22.018272,gte,7.1161,3.8379,5.7176,3.4681
short,2h_previous_volume_ratio,22.9357,gte,7.5873,3.8389,6.821,3.4644
short,2h_previous_volume_ratio,23.853128,gte,7.5873,3.8389,6.821,3.4644
short,2h_previous_volume_ratio,24.770556,gte,7.5873,3.8389,6.821,3.4644
short,2h_previous_volume_ratio,25.687984,gte,7.5873,3.8389,6.821,3.4644
short,2h_previous_volume_ratio,26.605412,gte,7.5873,3.8389,6.821,3.4644
short,2h_previous_volume_ratio,27.52284,gte,7.5873,3.8389,6.821,3.4644
short,2h_previous_volume_ratio,28.440268,gte,7.5873,3.8389,6.821,3.4644
short,2h_previous_volume_ratio,29.357696,gte,7.5873,3.8389,6.821,3.4644
short,2h_previous_volume_ratio,30.275124,gte,7.5873,3.8389,6.821,3.4644
short,2h_previous_volume_ratio,31.192552,gte,8.5338,3.8388,7.3237,3.4659
short,2h_previous_volume_ratio,32.10998,gte,8.5338,3.8388,7.3237,3.4659
short,2h_previous_volume_ratio,33.027408,gte,8.5338,3.8388,7.3237,3.4659
short,2h_previous_volume_ratio,33.944836,gte,8.5338,3.8388,7.3237,3.4659
short,2h_previous_volume_ratio,34.862264,gte,8.5338,3.8388,7.3237,3.4659
short,2h_previous_volume_ratio,35.779692,gte,8.5338,3.8388,7.3237,3.4659
short,2h_previous_volume_ratio,36.69712,gte,9.1819,3.8419,7.6455,3.4692
short,2h_previous_volume_ratio,37.614548,gte,9.1819,3.8419,7.6455,3.4692
short,2h_previous_volume_ratio,38.531976,gte,8.7554,3.8488,5.742,3.4781
short,2h_previous_volume_ratio,39.449404,gte,8.7554,3.8488,5.742,3.4781
short,2h_previous_volume_ratio,40.366832,gte,8.7554,3.8488,5.742,3.4781
short,2h_previous_volume_ratio,41.28426,gte,8.7554,3.8488,5.742,3.4781
short,2h_previous_volume_ratio,42.201688,gte,8.7554,3.8488,5.742,3.4781
short,2h_previous_volume_ratio,43.119116,gte,-1.0161,3.8652,0.2322,3.4867
short,2h_previous_volume_ratio,44.036544,gte,-1.0161,3.8652,0.2322,3.4867
short,2h_previous_volume_ratio,44.953972,gte,-1.0161,3.8652,0.2322,3.4867
short,2h_previous_volume_ratio,45.8714,gte,-1.0161,3.8652,0.2322,3.4867
short,2h_previous_volume_ratio,0.0,lte,4.7918,3.8567,3.6693,3.4825
short,2h_previous_volume_ratio,0.917428,lte,3.504,4.1398,3.142,3.7515
short,2h_previous_volume_ratio,1.834856,lte,3.6859,4.3098,3.2773,4.0159
short,2h_previous_volume_ratio,2.752284,lte,3.7531,4.3866,3.3414,4.1832
short,2h_previous_volume_ratio,3.669712,lte,3.7779,4.4644,3.3059,4.7914
short,2h_previous_volume_ratio,4.58714,lte,3.7755,4.8876,3.2789,5.9724
short,2h_previous_volume_ratio,5.504568,lte,3.7736,5.1796,3.291,6.4246
short,2h_previous_volume_ratio,6.421996,lte,3.7636,5.8183,3.3361,6.4762
short,2h_previous_volume_ratio,7.339424,lte,3.7642,6.6227,3.3333,7.8137
short,2h_previous_volume_ratio,8.256852,lte,3.7543,7.2576,3.3212,8.6997
short,2h_previous_volume_ratio,9.17428,lte,3.7875,6.8736,3.418,6.1987
short,2h_previous_volume_ratio,10.091708,lte,3.7848,7.5194,3.4101,7.0473
short,2h_previous_volume_ratio,11.009136,lte,3.7846,8.0021,3.4104,7.4856
short,2h_previous_volume_ratio,11.926564,lte,3.7944,8.3066,3.4104,8.4278
short,2h_previous_volume_ratio,12.843992,lte,3.8245,6.705,3.456,5.6682
short,2h_previous_volume_ratio,13.76142,lte,3.8245,6.705,3.456,5.6682
short,2h_previous_volume_ratio,14.678848,lte,3.8393,6.133,3.4689,5.0599
short,2h_previous_volume_ratio,15.596276,lte,3.838,6.6336,3.4695,5.2179
short,2h_previous_volume_ratio,16.513704,lte,3.8379,7.1161,3.4681,5.7176
short,2h_previous_volume_ratio,17.431132,lte,3.8379,7.1161,3.4681,5.7176
short,2h_previous_volume_ratio,18.34856,lte,3.8379,7.1161,3.4681,5.7176
short,2h_previous_volume_ratio,19.265988,lte,3.8379,7.1161,3.4681,5.7176
short,2h_previous_volume_ratio,20.183416,lte,3.8379,7.1161,3.4681,5.7176
short,2h_previous_volume_ratio,21.100844,lte,3.8379,7.1161,3.4681,5.7176
short,2h_previous_volume_ratio,22.018272,lte,3.8379,7.1161,3.4681,5.7176
short,2h_previous_volume_ratio,22.9357,lte,3.8389,7.5873,3.4644,6.821
short,2h_previous_volume_ratio,23.853128,lte,3.8389,7.5873,3.4644,6.821
short,2h_previous_volume_ratio,24.770556,lte,3.8389,7.5873,3.4644,6.821
short,2h_previous_volume_ratio,25.687984,lte,3.8389,7.5873,3.4644,6.821
short,2h_previous_volume_ratio,26.605412,lte,3.8389,7.5873,3.4644,6.821
short,2h_previous_volume_ratio,27.52284,lte,3.8389,7.5873,3.4644,6.821
short,2h_previous_volume_ratio,28.440268,lte,3.8389,7.5873,3.4644,6.821
short,2h_previous_volume_ratio,29.357696,lte,3.8389,7.5873,3.4644,6.821
short,2h_previous_volume_ratio,30.275124,lte,3.8389,7.5873,3.4644,6.821
short,2h_previous_volume_ratio,31.192552,lte,3.8388,8.5338,3.4659,7.3237
short,2h_previous_volume_ratio,32.10998,lte,3.8388,8.5338,3.4659,7.3237
short,2h_previous_volume_ratio,33.027408,lte,3.8388,8.5338,3.4659,7.3237
short,2h_previous_volume_ratio,33.944836,lte,3.8388,8.5338,3.4659,7.3237
short,2h_previous_volume_ratio,34.862264,lte,3.8388,8.5338,3.4659,7.3237
short,2h_previous_volume_ratio,35.779692,lte,3.8388,8.5338,3.4659,7.3237
short,2h_previous_volume_ratio,36.69712,lte,3.8419,9.1819,3.4692,7.6455
short,2h_previous_volume_ratio,37.614548,lte,3.8419,9.1819,3.4692,7.6455
short,2h_previous_volume_ratio,38.531976,lte,3.8488,8.7554,3.4781,5.742
short,2h_previous_volume_ratio,39.449404,lte,3.8488,8.7554,3.4781,5.742
short,2h_previous_volume_ratio,40.366832,lte,3.8488,8.7554,3.4781,5.742
short,2h_previous_volume_ratio,41.28426,lte,3.8488,8.7554,3.4781,5.742
short,2h_previous_volume_ratio,42.201688,lte,3.8488,8.7554,3.4781,5.742
short,2h_previous_volume_ratio,43.119116,lte,3.8652,-1.0161,3.4867,0.2322
short,2h_previous_volume_ratio,44.036544,lte,3.8652,-1.0161,3.4867,0.2322
short,2h_previous_volume_ratio,44.953972,lte,3.8652,-1.0161,3.4867,0.2322
short,2h_previous_volume_ratio,45.8714,lte,3.8598,0.0,3.4831,0.0
short,30m_current_body_pct,0.0131,gte,3.8598,0.0,3.4831,0.0
short,30m_current_body_pct,0.947952,gte,4.0445,3.0404,3.7435,2.3279
short,30m_current_body_pct,1.882804,gte,4.6581,2.7885,4.3126,2.3699
short,30m_current_body_pct,2.817656,gte,5.3671,2.9741,4.8011,2.7087
short,30m_current_body_pct,3.752508,gte,6.285,3.0622,5.7463,2.7388
short,30m_current_body_pct,4.68736,gte,7.0589,3.2429,6.6178,2.8787
short,30m_current_body_pct,5.622212,gte,7.9047,3.3693,7.1176,3.0424
short,30m_current_body_pct,6.557064,gte,8.9761,3.42,7.3022,3.1549
short,30m_current_body_pct,7.491916,gte,10.8185,3.4403,10.3375,3.0699
short,30m_current_body_pct,8.426768,gte,11.4503,3.5055,13.2189,3.0287
short,30m_current_body_pct,9.36162,gte,11.2231,3.605,13.0578,3.1518
short,30m_current_body_pct,10.296472,gte,13.0521,3.6609,18.0955,3.1669
short,30m_current_body_pct,11.231324,gte,13.4677,3.6742,19.2675,3.1782
short,30m_current_body_pct,12.166176,gte,13.6206,3.705,19.8553,3.2235
short,30m_current_body_pct,13.101028,gte,15.3241,3.7043,23.1353,3.2167
short,30m_current_body_pct,14.03588,gte,12.9807,3.7673,21.7632,3.2978
short,30m_current_body_pct,14.970732,gte,12.9807,3.7673,21.7632,3.2978
short,30m_current_body_pct,15.905584,gte,12.9807,3.7673,21.7632,3.2978
short,30m_current_body_pct,16.840436,gte,11.9609,3.7961,18.7939,3.3627
short,30m_current_body_pct,17.775288,gte,11.5146,3.8082,18.8552,3.3796
short,30m_current_body_pct,18.71014,gte,11.5146,3.8082,18.8552,3.3796
short,30m_current_body_pct,19.644992,gte,10.3017,3.8237,12.9417,3.4301
short,30m_current_body_pct,20.579844,gte,10.3017,3.8237,12.9417,3.4301
short,30m_current_body_pct,21.514696,gte,7.5981,3.843,12.1404,3.4443
short,30m_current_body_pct,22.449548,gte,7.5981,3.843,12.1404,3.4443
short,30m_current_body_pct,23.3844,gte,25.9976,3.7855,29.5145,3.3958
short,30m_current_body_pct,24.319252,gte,23.6389,3.8156,28.0054,3.4283
short,30m_current_body_pct,25.254104,gte,23.6389,3.8156,28.0054,3.4283
short,30m_current_body_pct,26.188956,gte,23.6389,3.8156,28.0054,3.4283
short,30m_current_body_pct,27.123808,gte,23.6389,3.8156,28.0054,3.4283
short,30m_current_body_pct,28.05866,gte,23.6389,3.8156,28.0054,3.4283
short,30m_current_body_pct,28.993512,gte,23.6389,3.8156,28.0054,3.4283
short,30m_current_body_pct,29.928364,gte,23.6389,3.8156,28.0054,3.4283
short,30m_current_body_pct,30.863216,gte,23.6389,3.8156,28.0054,3.4283
short,30m_current_body_pct,31.798068,gte,12.7507,3.8499,13.638,3.4718
short,30m_current_body_pct,32.73292,gte,12.7507,3.8499,13.638,3.4718
short,30m_current_body_pct,33.667772,gte,12.7507,3.8499,13.638,3.4718
short,30m_current_body_pct,34.602624,gte,12.7507,3.8499,13.638,3.4718
short,30m_current_body_pct,35.537476,gte,12.7507,3.8499,13.638,3.4718
short,30m_current_body_pct,36.472328,gte,12.7507,3.8499,13.638,3.4718
short,30m_current_body_pct,37.40718,gte,12.7507,3.8499,13.638,3.4718
short,30m_current_body_pct,38.342032,gte,12.7507,3.8499,13.638,3.4718
short,30m_current_body_pct,39.276884,gte,12.7507,3.8499,13.638,3.4718
short,30m_current_body_pct,40.211736,gte,12.7507,3.8499,13.638,3.4718
short,30m_current_body_pct,41.146588,gte,12.7507,3.8499,13.638,3.4718
short,30m_current_body_pct,42.08144,gte,12.7507,3.8499,13.638,3.4718
short,30m_current_body_pct,43.016292,gte,12.7507,3.8499,13.638,3.4718
short,30m_current_body_pct,43.951144,gte,12.7507,3.8499,13.638,3.4718
short,30m_current_body_pct,44.885996,gte,12.7507,3.8499,13.638,3.4718
short,30m_current_body_pct,45.820848,gte,12.7507,3.8499,13.638,3.4718
short,30m_current_body_pct,46.7557,gte,12.7507,3.8499,13.638,3.4718
short,30m_current_body_pct,0.0131,lte,3.5977,3.8601,1.8251,3.485
short,30m_current_body_pct,0.947952,lte,3.0404,4.0445,2.3279,3.7435
short,30m_current_body_pct,1.882804,lte,2.7885,4.6581,2.3699,4.3126
short,30m_current_body_pct,2.817656,lte,2.9741,5.3671,2.7087,4.8011
short,30m_current_body_pct,3.752508,lte,3.0622,6.285,2.7388,5.7463
short,30m_current_body_pct,4.68736,lte,3.2429,7.0589,2.8787,6.6178
short,30m_current_body_pct,5.622212,lte,3.3693,7.9047,3.0424,7.1176
short,30m_current_body_pct,6.557064,lte,3.42,8.9761,3.1549,7.3022
short,30m_current_body_pct,7.491916,lte,3.4403,10.8185,3.0699,10.3375
short,30m_current_body_pct,8.426768,lte,3.5055,11.4503,3.0287,13.2189
short,30m_current_body_pct,9.36162,lte,3.605,11.2231,3.1518,13.0578
short,30m_current_body_pct,10.296472,lte,3.6609,13.0521,3.1669,18.0955
short,30m_current_body_pct,11.231324,lte,3.6742,13.4677,3.1782,19.2675
short,30m_current_body_pct,12.166176,lte,3.705,13.6206,3.2235,19.8553
short,30m_current_body_pct,13.101028,lte,3.7043,15.3241,3.2167,23.1353
short,30m_current_body_pct,14.03588,lte,3.7673,12.9807,3.2978,21.7632
short,30m_current_body_pct,14.970732,lte,3.7673,12.9807,3.2978,21.7632
short,30m_current_body_pct,15.905584,lte,3.7673,12.9807,3.2978,21.7632
short,30m_current_body_pct,16.840436,lte,3.7961,11.9609,3.3627,18.7939
short,30m_current_body_pct,17.775288,lte,3.8082,11.5146,3.3796,18.8552
short,30m_current_body_pct,18.71014,lte,3.8082,11.5146,3.3796,18.8552
short,30m_current_body_pct,19.644992,lte,3.8237,10.3017,3.4301,12.9417
short,30m_current_body_pct,20.579844,lte,3.8237,10.3017,3.4301,12.9417
short,30m_current_body_pct,21.514696,lte,3.843,7.5981,3.4443,12.1404
short,30m_current_body_pct,22.449548,lte,3.843,7.5981,3.4443,12.1404
short,30m_current_body_pct,23.3844,lte,3.7855,25.9976,3.3958,29.5145
short,30m_current_body_pct,24.319252,lte,3.8156,23.6389,3.4283,28.0054
short,30m_current_body_pct,25.254104,lte,3.8156,23.6389,3.4283,28.0054
short,30m_current_body_pct,26.188956,lte,3.8156,23.6389,3.4283,28.0054
short,30m_current_body_pct,27.123808,lte,3.8156,23.6389,3.4283,28.0054
short,30m_current_body_pct,28.05866,lte,3.8156,23.6389,3.4283,28.0054
short,30m_current_body_pct,28.993512,lte,3.8156,23.6389,3.4283,28.0054
short,30m_current_body_pct,29.928364,lte,3.8156,23.6389,3.4283,28.0054
short,30m_current_body_pct,30.863216,lte,3.8156,23.6389,3.4283,28.0054
short,30m_current_body_pct,31.798068,lte,3.8499,12.7507,3.4718,13.638
short,30m_current_body_pct,32.73292,lte,3.8499,12.7507,3.4718,13.638
short,30m_current_body_pct,33.667772,lte,3.8499,12.7507,3.4718,13.638
short,30m_current_body_pct,34.602624,lte,3.8499,12.7507,3.4718,13.638
short,30m_current_body_pct,35.537476,lte,3.8499,12.7507,3.4718,13.638
short,30m_current_body_pct,36.472328,lte,3.8499,12.7507,3.4718,13.638
short,30m_current_body_pct,37.40718,lte,3.8499,12.7507,3.4718,13.638
short,30m_current_body_pct,38.342032,lte,3.8499,12.7507,3.4718,13.638
short,30m_current_body_pct,39.276884,lte,3.8499,12.7507,3.4718,13.638
short,30m_current_body_pct,40.211736,lte,3.8499,12.7507,3.4718,13.638
short,30m_current_body_pct,41.146588,lte,3.8499,12.7507,3.4718,13.638
short,30m_current_body_pct,42.08144,lte,3.8499,12.7507,3.4718,13.638
short,30m_current_body_pct,43.016292,lte,3.8499,12.7507,3.4718,13.638
short,30m_current_body_pct,43.951144,lte,3.8499,12.7507,3.4718,13.638
short,30m_current_body_pct,44.885996,lte,3.8499,12.7507,3.4718,13.638
short,30m_current_body_pct,45.820848,lte,3.8499,12.7507,3.4718,13.638
short,30m_current_body_pct,46.7557,lte,3.8598,0.0,3.4831,0.0
short,30m_current_close_position,0.0,gte,3.8598,0.0,3.4831,0.0
short,30m_current_close_position,0.01961,gte,3.8585,3.9317,3.4426,5.7117
short,30m_current_close_position,0.03922,gte,3.8294,4.5477,3.4266,4.7601
short,30m_current_close_position,0.05883,gte,3.7857,4.7631,3.3114,5.5769
short,30m_current_close_position,0.07844,gte,3.7634,4.5712,3.2704,5.0534
short,30m_current_close_position,0.09805,gte,3.6423,4.9969,3.2051,4.9368
short,30m_current_close_position,0.11766,gte,3.5472,5.0075,2.9635,5.3909
short,30m_current_close_position,0.13727,gte,3.5534,4.7181,2.9421,4.9984
short,30m_current_close_position,0.15688,gte,3.5299,4.634,2.8875,4.881
short,30m_current_close_position,0.17649,gte,3.4725,4.6541,2.8647,4.7515
short,30m_current_close_position,0.1961,gte,3.4209,4.6512,2.755,4.796
short,30m_current_close_position,0.21571,gte,3.3537,4.6545,2.6835,4.7387
short,30m_current_close_position,0.23532,gte,3.2796,4.6384,2.6214,4.6396
short,30m_current_close_position,0.25493,gte,3.1875,4.6548,2.5042,4.6407
short,30m_current_close_position,0.27454,gte,3.1782,4.5646,2.493,4.507
short,30m_current_close_position,0.29415,gte,3.1427,4.4968,2.2393,4.5881
short,30m_current_close_position,0.31376,gte,3.0633,4.4697,2.0644,4.5695
short,30m_current_close_position,0.33337,gte,2.965,4.468,1.9988,4.4921
short,30m_current_close_position,0.35298,gte,3.0594,4.3414,2.1493,4.2858
short,30m_current_close_position,0.37259,gte,2.9446,4.3624,1.9966,4.2996
short,30m_current_close_position,0.3922,gte,2.9432,4.3022,1.9656,4.2155
short,30m_current_close_position,0.41181,gte,3.0017,4.2273,2.0411,4.1008
short,30m_current_close_position,0.43142,gte,2.8692,4.2468,2.0021,4.0618
short,30m_current_close_position,0.45103,gte,2.9328,4.2003,1.951,4.046
short,30m_current_close_position,0.47064,gte,3.0605,4.129,1.9744,3.9913
short,30m_current_close_position,0.49025,gte,2.9829,4.1245,1.9482,3.9465
short,30m_current_close_position,0.50986,gte,2.8747,4.1334,1.6126,4.0027
short,30m_current_close_position,0.52947,gte,2.8755,4.1086,1.5199,3.9794
short,30m_current_close_position,0.54908,gte,2.349,4.2003,1.4369,3.9444
short,30m_current_close_position,0.56869,gte,2.3315,4.1741,1.445,3.9022
short,30m_current_close_position,0.5883,gte,2.2904,4.1624,1.456,3.874
short,30m_current_close_position,0.60791,gte,2.3564,4.1238,1.6804,3.7997
short,30m_current_close_position,0.62752,gte,2.3219,4.0973,1.7074,3.7574
short,30m_current_close_position,0.64713,gte,2.3617,4.0713,1.5284,3.7592
short,30m_current_close_position,0.66674,gte,1.9966,4.0883,1.1363,3.771
short,30m_current_close_position,0.68635,gte,2.0695,4.0545,0.8291,3.7718
short,30m_current_close_position,0.70596,gte,1.7612,4.0653,0.5946,3.766
short,30m_current_close_position,0.72557,gte,1.8187,4.0245,0.5599,3.7191
short,30m_current_close_position,0.74518,gte,1.9781,3.9995,0.7963,3.6826
short,30m_current_close_position,0.76479,gte,2.07,3.9767,0.9258,3.6502
short,30m_current_close_position,0.7844,gte,2.0799,3.9626,0.6102,3.6491
short,30m_current_close_position,0.80401,gte,1.7519,3.9737,0.3606,3.6519
short,30m_current_close_position,0.82362,gte,1.6475,3.9577,0.4054,3.6193
short,30m_current_close_position,0.84323,gte,2.4004,3.912,1.1902,3.5652
short,30m_current_close_position,0.86284,gte,4.3229,3.846,3.2051,3.4914
short,30m_current_close_position,0.88245,gte,3.754,3.8627,2.2332,3.5175
short,30m_current_close_position,0.90206,gte,5.017,3.8374,2.9338,3.4937
short,30m_current_close_position,0.92167,gte,5.0865,3.8403,5.5922,3.4497
short,30m_current_close_position,0.94128,gte,3.5998,3.8624,5.1801,3.4659
short,30m_current_close_position,0.96089,gte,-3.7975,3.8941,-5.007,3.5212
short,30m_current_close_position,0.9805,gte,3.0095,3.8607,5.1323,3.4813
short,30m_current_close_position,0.0,lte,3.7531,3.8604,4.751,3.476
short,30m_current_close_position,0.01961,lte,3.9317,3.8585,5.7117,3.4426
short,30m_current_close_position,0.03922,lte,4.5477,3.8294,4.7601,3.4266
short,30m_current_close_position,0.05883,lte,4.7631,3.7857,5.5769,3.3114
short,30m_current_close_position,0.07844,lte,4.5712,3.7634,5.0534,3.2704
short,30m_current_close_position,0.09805,lte,4.9969,3.6423,4.9368,3.2051
short,30m_current_close_position,0.11766,lte,5.0075,3.5472,5.3909,2.9635
short,30m_current_close_position,0.13727,lte,4.7181,3.5534,4.9984,2.9421
short,30m_current_close_position,0.15688,lte,4.634,3.5299,4.881,2.8875
short,30m_current_close_position,0.17649,lte,4.6541,3.4725,4.7515,2.8647
short,30m_current_close_position,0.1961,lte,4.6512,3.4209,4.796,2.755
short,30m_current_close_position,0.21571,lte,4.6545,3.3537,4.7387,2.6835
short,30m_current_close_position,0.23532,lte,4.6384,3.2796,4.6396,2.6214
short,30m_current_close_position,0.25493,lte,4.6548,3.1875,4.6407,2.5042
short,30m_current_close_position,0.27454,lte,4.5646,3.1782,4.507,2.493
short,30m_current_close_position,0.29415,lte,4.4968,3.1427,4.5881,2.2393
short,30m_current_close_position,0.31376,lte,4.4697,3.0633,4.5695,2.0644
short,30m_current_close_position,0.33337,lte,4.468,2.965,4.4921,1.9988
short,30m_current_close_position,0.35298,lte,4.3414,3.0594,4.2858,2.1493
short,30m_current_close_position,0.37259,lte,4.3624,2.9446,4.2996,1.9966
short,30m_current_close_position,0.3922,lte,4.3022,2.9432,4.2155,1.9656
short,30m_current_close_position,0.41181,lte,4.2273,3.0017,4.1008,2.0411
short,30m_current_close_position,0.43142,lte,4.2468,2.8692,4.0618,2.0021
short,30m_current_close_position,0.45103,lte,4.2003,2.9328,4.046,1.951
short,30m_current_close_position,0.47064,lte,4.129,3.0605,3.9913,1.9744
short,30m_current_close_position,0.49025,lte,4.1245,2.9829,3.9465,1.9482
short,30m_current_close_position,0.50986,lte,4.1334,2.8747,4.0027,1.6126
short,30m_current_close_position,0.52947,lte,4.1086,2.8755,3.9794,1.5199
short,30m_current_close_position,0.54908,lte,4.2003,2.349,3.9444,1.4369
short,30m_current_close_position,0.56869,lte,4.1741,2.3315,3.9022,1.445
short,30m_current_close_position,0.5883,lte,4.1624,2.2904,3.874,1.456
short,30m_current_close_position,0.60791,lte,4.1238,2.3564,3.7997,1.6804
short,30m_current_close_position,0.62752,lte,4.0973,2.3219,3.7574,1.7074
short,30m_current_close_position,0.64713,lte,4.0713,2.3617,3.7592,1.5284
short,30m_current_close_position,0.66674,lte,4.0883,1.9966,3.771,1.1363
short,30m_current_close_position,0.68635,lte,4.0545,2.0695,3.7718,0.8291
short,30m_current_close_position,0.70596,lte,4.0653,1.7612,3.766,0.5946
short,30m_current_close_position,0.72557,lte,4.0245,1.8187,3.7191,0.5599
short,30m_current_close_position,0.74518,lte,3.9995,1.9781,3.6826,0.7963
short,30m_current_close_position,0.76479,lte,3.9767,2.07,3.6502,0.9258
short,30m_current_close_position,0.7844,lte,3.9626,2.0799,3.6491,0.6102
short,30m_current_close_position,0.80401,lte,3.9737,1.7519,3.6519,0.3606
short,30m_current_close_position,0.82362,lte,3.9577,1.6475,3.6193,0.4054
short,30m_current_close_position,0.84323,lte,3.912,2.4004,3.5652,1.1902
short,30m_current_close_position,0.86284,lte,3.846,4.3229,3.4914,3.2051
short,30m_current_close_position,0.88245,lte,3.8627,3.754,3.5175,2.2332
short,30m_current_close_position,0.90206,lte,3.8374,5.017,3.4937,2.9338
short,30m_current_close_position,0.92167,lte,3.8403,5.0865,3.4497,5.5922
short,30m_current_close_position,0.94128,lte,3.8624,3.5998,3.4659,5.1801
short,30m_current_close_position,0.96089,lte,3.8941,-3.7975,3.5212,-5.007
short,30m_current_close_position,0.9805,lte,3.8598,0.0,3.4831,0.0
short,30m_current_compression,0.0,gte,3.8598,0.0,3.4831,0.0
short,30m_current_compression,1.9,gte,2.2911,4.0434,2.4438,3.6048
short,30m_current_compression,3.8,gte,2.0719,3.9811,2.1276,3.5751
short,30m_current_compression,5.7,gte,1.5794,3.9496,1.2467,3.5712
short,30m_current_compression,7.6,gte,1.8971,3.9068,1.8779,3.5216
short,30m_current_compression,9.5,gte,1.6397,3.895,1.5072,3.5144
short,30m_current_compression,11.4,gte,2.3721,3.8766,2.5067,3.4941
short,30m_current_compression,13.3,gte,2.5404,3.8732,2.5123,3.493
short,30m_current_compression,15.2,gte,2.2471,3.8743,2.2392,3.4943
short,30m_current_compression,17.1,gte,2.2471,3.8743,2.2392,3.4943
short,30m_current_compression,19.0,gte,2.2471,3.8743,2.2392,3.4943
short,30m_current_compression,0.0,lte,4.1823,2.6516,3.6789,2.7496
short,30m_current_compression,1.9,lte,4.0434,2.2911,3.6048,2.4438
short,30m_current_compression,3.8,lte,3.9811,2.0719,3.5751,2.1276
short,30m_current_compression,5.7,lte,3.9496,1.5794,3.5712,1.2467
short,30m_current_compression,7.6,lte,3.9068,1.8971,3.5216,1.8779
short,30m_current_compression,9.5,lte,3.895,1.6397,3.5144,1.5072
short,30m_current_compression,11.4,lte,3.8766,2.3721,3.4941,2.5067
short,30m_current_compression,13.3,lte,3.8732,2.5404,3.493,2.5123
short,30m_current_compression,15.2,lte,3.8743,2.2471,3.4943,2.2392
short,30m_current_compression,17.1,lte,3.8743,2.2471,3.4943,2.2392
short,30m_current_compression,19.0,lte,3.8598,0.0,3.4831,0.0
short,30m_current_ma20_distance_pct,-54.5829,gte,3.8598,0.0,3.4831,0.0
short,30m_current_ma20_distance_pct,-52.339234,gte,3.8499,12.7507,3.4718,13.638
short,30m_current_ma20_distance_pct,-50.095568,gte,3.8499,12.7507,3.4718,13.638
short,30m_current_ma20_distance_pct,-47.851902,gte,3.8499,12.7507,3.4718,13.638
short,30m_current_ma20_distance_pct,-45.608236,gte,3.8499,12.7507,3.4718,13.638
short,30m_current_ma20_distance_pct,-43.36457,gte,3.8499,12.7507,3.4718,13.638
short,30m_current_ma20_distance_pct,-41.120904,gte,3.8499,12.7507,3.4718,13.638
short,30m_current_ma20_distance_pct,-38.877238,gte,3.8499,12.7507,3.4718,13.638
short,30m_current_ma20_distance_pct,-36.633572,gte,3.8499,12.7507,3.4718,13.638
short,30m_current_ma20_distance_pct,-34.389906,gte,3.8499,12.7507,3.4718,13.638
short,30m_current_ma20_distance_pct,-32.14624,gte,3.8596,3.9244,3.5182,-12.1949
short,30m_current_ma20_distance_pct,-29.902574,gte,3.8596,3.9244,3.5182,-12.1949
short,30m_current_ma20_distance_pct,-27.658908,gte,3.8497,6.8725,3.5312,-10.8554
short,30m_current_ma20_distance_pct,-25.415242,gte,3.8497,6.8725,3.5312,-10.8554
short,30m_current_ma20_distance_pct,-23.171576,gte,3.8189,11.161,3.4769,4.5925
short,30m_current_ma20_distance_pct,-20.92791,gte,3.8189,11.161,3.4769,4.5925
short,30m_current_ma20_distance_pct,-18.684244,gte,3.8189,11.161,3.4769,4.5925
short,30m_current_ma20_distance_pct,-16.440578,gte,3.8189,11.161,3.4769,4.5925
short,30m_current_ma20_distance_pct,-14.196912,gte,3.7597,12.7367,3.4276,8.4094
short,30m_current_ma20_distance_pct,-11.953246,gte,3.69,12.6502,3.3384,10.9756
short,30m_current_ma20_distance_pct,-9.70958,gte,3.6437,10.106,3.2549,10.0792
short,30m_current_ma20_distance_pct,-7.465914,gte,3.555,8.7135,3.1411,8.9299
short,30m_current_ma20_distance_pct,-5.222248,gte,3.5097,6.923,3.1999,5.9612
short,30m_current_ma20_distance_pct,-2.978582,gte,3.3923,5.6589,3.0932,4.9837
short,30m_current_ma20_distance_pct,-0.734916,gte,3.4402,4.5536,3.052,4.1961
short,30m_current_ma20_distance_pct,1.50875,gte,3.4805,4.1748,2.9871,3.8952
short,30m_current_ma20_distance_pct,3.752416,gte,3.9593,3.8137,3.2428,3.5945
short,30m_current_ma20_distance_pct,5.996082,gte,4.3055,3.7424,3.6988,3.4263
short,30m_current_ma20_distance_pct,8.239748,gte,4.2455,3.7956,3.8202,3.427
short,30m_current_ma20_distance_pct,10.483414,gte,4.5142,3.7777,3.8242,3.4403
short,30m_current_ma20_distance_pct,12.72708,gte,4.5558,3.7944,4.308,3.4057
short,30m_current_ma20_distance_pct,14.970746,gte,5.3241,3.7548,4.854,3.3849
short,30m_current_ma20_distance_pct,17.214412,gte,5.54,3.7752,5.438,3.3847
short,30m_current_ma20_distance_pct,19.458078,gte,5.6578,3.804,5.7855,3.4117
short,30m_current_ma20_distance_pct,21.701744,gte,7.147,3.7694,8.1455,3.3549
short,30m_current_ma20_distance_pct,23.94541,gte,6.9527,3.7856,8.0197,3.3744
short,30m_current_ma20_distance_pct,26.189076,gte,6.3113,3.8039,7.6165,3.3889
short,30m_current_ma20_distance_pct,28.432742,gte,6.3142,3.8067,7.522,3.3957
short,30m_current_ma20_distance_pct,30.676408,gte,2.8669,3.8755,3.6119,3.4811
short,30m_current_ma20_distance_pct,32.920074,gte,-0.0434,3.9038,1.5891,3.5045
short,30m_current_ma20_distance_pct,35.16374,gte,-0.1492,3.8959,-0.4434,3.5185
short,30m_current_ma20_distance_pct,37.407406,gte,4.1095,3.8581,2.2142,3.4917
short,30m_current_ma20_distance_pct,39.651072,gte,4.2738,3.8579,4.684,3.4777
short,30m_current_ma20_distance_pct,41.894738,gte,4.2738,3.8579,4.684,3.4777
short,30m_current_ma20_distance_pct,44.138404,gte,4.2738,3.8579,4.684,3.4777
short,30m_current_ma20_distance_pct,46.38207,gte,3.6729,3.8604,3.9496,3.4816
short,30m_current_ma20_distance_pct,48.625736,gte,3.6729,3.8604,3.9496,3.4816
short,30m_current_ma20_distance_pct,50.869402,gte,10.3211,3.8453,11.1836,3.4659
short,30m_current_ma20_distance_pct,53.113068,gte,29.3423,3.8313,38.8145,3.4437
short,30m_current_ma20_distance_pct,55.356734,gte,29.3423,3.8313,38.8145,3.4437
short,30m_current_ma20_distance_pct,57.6004,gte,29.3423,3.8313,38.8145,3.4437
short,30m_current_ma20_distance_pct,-54.5829,lte,12.7507,3.8499,13.638,3.4718
short,30m_current_ma20_distance_pct,-52.339234,lte,12.7507,3.8499,13.638,3.4718
short,30m_current_ma20_distance_pct,-50.095568,lte,12.7507,3.8499,13.638,3.4718
short,30m_current_ma20_distance_pct,-47.851902,lte,12.7507,3.8499,13.638,3.4718
short,30m_current_ma20_distance_pct,-45.608236,lte,12.7507,3.8499,13.638,3.4718
short,30m_current_ma20_distance_pct,-43.36457,lte,12.7507,3.8499,13.638,3.4718
short,30m_current_ma20_distance_pct,-41.120904,lte,12.7507,3.8499,13.638,3.4718
short,30m_current_ma20_distance_pct,-38.877238,lte,12.7507,3.8499,13.638,3.4718
short,30m_current_ma20_distance_pct,-36.633572,lte,12.7507,3.8499,13.638,3.4718
short,30m_current_ma20_distance_pct,-34.389906,lte,12.7507,3.8499,13.638,3.4718
short,30m_current_ma20_distance_pct,-32.14624,lte,3.9244,3.8596,-12.1949,3.5182
short,30m_current_ma20_distance_pct,-29.902574,lte,3.9244,3.8596,-12.1949,3.5182
short,30m_current_ma20_distance_pct,-27.658908,lte,6.8725,3.8497,-10.8554,3.5312
short,30m_current_ma20_distance_pct,-25.415242,lte,6.8725,3.8497,-10.8554,3.5312
short,30m_current_ma20_distance_pct,-23.171576,lte,11.161,3.8189,4.5925,3.4769
short,30m_current_ma20_distance_pct,-20.92791,lte,11.161,3.8189,4.5925,3.4769
short,30m_current_ma20_distance_pct,-18.684244,lte,11.161,3.8189,4.5925,3.4769
short,30m_current_ma20_distance_pct,-16.440578,lte,11.161,3.8189,4.5925,3.4769
short,30m_current_ma20_distance_pct,-14.196912,lte,12.7367,3.7597,8.4094,3.4276
short,30m_current_ma20_distance_pct,-11.953246,lte,12.6502,3.69,10.9756,3.3384
short,30m_current_ma20_distance_pct,-9.70958,lte,10.106,3.6437,10.0792,3.2549
short,30m_current_ma20_distance_pct,-7.465914,lte,8.7135,3.555,8.9299,3.1411
short,30m_current_ma20_distance_pct,-5.222248,lte,6.923,3.5097,5.9612,3.1999
short,30m_current_ma20_distance_pct,-2.978582,lte,5.6589,3.3923,4.9837,3.0932
short,30m_current_ma20_distance_pct,-0.734916,lte,4.5536,3.4402,4.1961,3.052
short,30m_current_ma20_distance_pct,1.50875,lte,4.1748,3.4805,3.8952,2.9871
short,30m_current_ma20_distance_pct,3.752416,lte,3.8137,3.9593,3.5945,3.2428
short,30m_current_ma20_distance_pct,5.996082,lte,3.7424,4.3055,3.4263,3.6988
short,30m_current_ma20_distance_pct,8.239748,lte,3.7956,4.2455,3.427,3.8202
short,30m_current_ma20_distance_pct,10.483414,lte,3.7777,4.5142,3.4403,3.8242
short,30m_current_ma20_distance_pct,12.72708,lte,3.7944,4.5558,3.4057,4.308
short,30m_current_ma20_distance_pct,14.970746,lte,3.7548,5.3241,3.3849,4.854
short,30m_current_ma20_distance_pct,17.214412,lte,3.7752,5.54,3.3847,5.438
short,30m_current_ma20_distance_pct,19.458078,lte,3.804,5.6578,3.4117,5.7855
short,30m_current_ma20_distance_pct,21.701744,lte,3.7694,7.147,3.3549,8.1455
short,30m_current_ma20_distance_pct,23.94541,lte,3.7856,6.9527,3.3744,8.0197
short,30m_current_ma20_distance_pct,26.189076,lte,3.8039,6.3113,3.3889,7.6165
short,30m_current_ma20_distance_pct,28.432742,lte,3.8067,6.3142,3.3957,7.522
short,30m_current_ma20_distance_pct,30.676408,lte,3.8755,2.8669,3.4811,3.6119
short,30m_current_ma20_distance_pct,32.920074,lte,3.9038,-0.0434,3.5045,1.5891
short,30m_current_ma20_distance_pct,35.16374,lte,3.8959,-0.1492,3.5185,-0.4434
short,30m_current_ma20_distance_pct,37.407406,lte,3.8581,4.1095,3.4917,2.2142
short,30m_current_ma20_distance_pct,39.651072,lte,3.8579,4.2738,3.4777,4.684
short,30m_current_ma20_distance_pct,41.894738,lte,3.8579,4.2738,3.4777,4.684
short,30m_current_ma20_distance_pct,44.138404,lte,3.8579,4.2738,3.4777,4.684
short,30m_current_ma20_distance_pct,46.38207,lte,3.8604,3.6729,3.4816,3.9496
short,30m_current_ma20_distance_pct,48.625736,lte,3.8604,3.6729,3.4816,3.9496
short,30m_current_ma20_distance_pct,50.869402,lte,3.8453,10.3211,3.4659,11.1836
short,30m_current_ma20_distance_pct,53.113068,lte,3.8313,29.3423,3.4437,38.8145
short,30m_current_ma20_distance_pct,55.356734,lte,3.8313,29.3423,3.4437,38.8145
short,30m_current_ma20_distance_pct,57.6004,lte,3.8598,0.0,3.4831,0.0
short,30m_current_range_pct,1.518,gte,3.8598,0.0,3.4831,0.0
short,30m_current_range_pct,2.528336,gte,4.2315,2.1212,3.8253,1.8825
short,30m_current_range_pct,3.538672,gte,4.6682,2.6197,4.2574,2.2954
short,30m_current_range_pct,4.549008,gte,5.0589,2.9247,4.5368,2.6615
short,30m_current_range_pct,5.559344,gte,5.6895,2.9812,5.3707,2.5767
short,30m_current_range_pct,6.56968,gte,6.2227,3.133,5.9128,2.7358
short,30m_current_range_pct,7.580016,gte,7.0093,3.176,6.7649,2.7707
short,30m_current_range_pct,8.590352,gte,7.5336,3.2089,6.9683,2.8657
short,30m_current_range_pct,9.600688,gte,7.6982,3.3728,6.756,3.0678
short,30m_current_range_pct,10.611024,gte,8.4379,3.4299,7.8595,3.0722
short,30m_current_range_pct,11.62136,gte,9.4323,3.4244,9.4341,3.0182
short,30m_current_range_pct,12.631696,gte,9.3449,3.5015,9.0853,3.1172
short,30m_current_range_pct,13.642032,gte,9.2831,3.6199,11.8001,3.1152
short,30m_current_range_pct,14.652368,gte,9.947,3.6419,12.4898,3.1607
short,30m_current_range_pct,15.662704,gte,10.6487,3.6651,13.2552,3.203
short,30m_current_range_pct,16.67304,gte,10.1352,3.6946,14.8695,3.1835
short,30m_current_range_pct,17.683376,gte,10.4488,3.7401,14.6757,3.2799
short,30m_current_range_pct,18.693712,gte,11.2338,3.7344,16.176,3.2673
short,30m_current_range_pct,19.704048,gte,12.4612,3.753,16.6596,3.3195
short,30m_current_range_pct,20.714384,gte,12.4612,3.753,16.6596,3.3195
short,30m_current_range_pct,21.72472,gte,12.4612,3.753,16.6596,3.3195
short,30m_current_range_pct,22.735056,gte,12.4612,3.753,16.6596,3.3195
short,30m_current_range_pct,23.745392,gte,11.5957,3.7726,16.7109,3.334
short,30m_current_range_pct,24.755728,gte,9.6442,3.8012,14.3833,3.3726
short,30m_current_range_pct,25.766064,gte,9.6442,3.8012,14.3833,3.3726
short,30m_current_range_pct,26.7764,gte,9.6442,3.8012,14.3833,3.3726
short,30m_current_range_pct,27.786736,gte,8.5495,3.8176,13.6551,3.3916
short,30m_current_range_pct,28.797072,gte,16.5709,3.7598,21.3176,3.3429
short,30m_current_range_pct,29.807408,gte,14.2135,3.7901,19.4484,3.3756
short,30m_current_range_pct,30.817744,gte,13.2658,3.8177,12.4603,3.4429
short,30m_current_range_pct,31.82808,gte,13.2658,3.8177,12.4603,3.4429
short,30m_current_range_pct,32.838416,gte,13.2658,3.8177,12.4603,3.4429
short,30m_current_range_pct,33.848752,gte,13.2658,3.8177,12.4603,3.4429
short,30m_current_range_pct,34.859088,gte,13.2658,3.8177,12.4603,3.4429
short,30m_current_range_pct,35.869424,gte,15.2503,3.8216,14.322,3.4467
short,30m_current_range_pct,36.87976,gte,15.2503,3.8216,14.322,3.4467
short,30m_current_range_pct,37.890096,gte,5.6119,3.8559,0.2966,3.4902
short,30m_current_range_pct,38.900432,gte,5.6119,3.8559,0.2966,3.4902
short,30m_current_range_pct,39.910768,gte,5.6119,3.8559,0.2966,3.4902
short,30m_current_range_pct,40.921104,gte,5.6119,3.8559,0.2966,3.4902
short,30m_current_range_pct,41.93144,gte,5.6119,3.8559,0.2966,3.4902
short,30m_current_range_pct,42.941776,gte,5.6119,3.8559,0.2966,3.4902
short,30m_current_range_pct,43.952112,gte,5.6119,3.8559,0.2966,3.4902
short,30m_current_range_pct,44.962448,gte,5.6119,3.8559,0.2966,3.4902
short,30m_current_range_pct,45.972784,gte,5.6119,3.8559,0.2966,3.4902
short,30m_current_range_pct,46.98312,gte,12.7507,3.8499,13.638,3.4718
short,30m_current_range_pct,47.993456,gte,12.7507,3.8499,13.638,3.4718
short,30m_current_range_pct,49.003792,gte,12.7507,3.8499,13.638,3.4718
short,30m_current_range_pct,50.014128,gte,12.7507,3.8499,13.638,3.4718
short,30m_current_range_pct,51.024464,gte,12.7507,3.8499,13.638,3.4718
short,30m_current_range_pct,52.0348,gte,12.7507,3.8499,13.638,3.4718
short,30m_current_range_pct,1.518,lte,9.8672,3.8531,9.1082,3.4768
short,30m_current_range_pct,2.528336,lte,2.1212,4.2315,1.8825,3.8253
short,30m_current_range_pct,3.538672,lte,2.6197,4.6682,2.2954,4.2574
short,30m_current_range_pct,4.549008,lte,2.9247,5.0589,2.6615,4.5368
short,30m_current_range_pct,5.559344,lte,2.9812,5.6895,2.5767,5.3707
short,30m_current_range_pct,6.56968,lte,3.133,6.2227,2.7358,5.9128
short,30m_current_range_pct,7.580016,lte,3.176,7.0093,2.7707,6.7649
short,30m_current_range_pct,8.590352,lte,3.2089,7.5336,2.8657,6.9683
short,30m_current_range_pct,9.600688,lte,3.3728,7.6982,3.0678,6.756
short,30m_current_range_pct,10.611024,lte,3.4299,8.4379,3.0722,7.8595
short,30m_current_range_pct,11.62136,lte,3.4244,9.4323,3.0182,9.4341
short,30m_current_range_pct,12.631696,lte,3.5015,9.3449,3.1172,9.0853
short,30m_current_range_pct,13.642032,lte,3.6199,9.2831,3.1152,11.8001
short,30m_current_range_pct,14.652368,lte,3.6419,9.947,3.1607,12.4898
short,30m_current_range_pct,15.662704,lte,3.6651,10.6487,3.203,13.2552
short,30m_current_range_pct,16.67304,lte,3.6946,10.1352,3.1835,14.8695
short,30m_current_range_pct,17.683376,lte,3.7401,10.4488,3.2799,14.6757
short,30m_current_range_pct,18.693712,lte,3.7344,11.2338,3.2673,16.176
short,30m_current_range_pct,19.704048,lte,3.753,12.4612,3.3195,16.6596
short,30m_current_range_pct,20.714384,lte,3.753,12.4612,3.3195,16.6596
short,30m_current_range_pct,21.72472,lte,3.753,12.4612,3.3195,16.6596
short,30m_current_range_pct,22.735056,lte,3.753,12.4612,3.3195,16.6596
short,30m_current_range_pct,23.745392,lte,3.7726,11.5957,3.334,16.7109
short,30m_current_range_pct,24.755728,lte,3.8012,9.6442,3.3726,14.3833
short,30m_current_range_pct,25.766064,lte,3.8012,9.6442,3.3726,14.3833
short,30m_current_range_pct,26.7764,lte,3.8012,9.6442,3.3726,14.3833
short,30m_current_range_pct,27.786736,lte,3.8176,8.5495,3.3916,13.6551
short,30m_current_range_pct,28.797072,lte,3.7598,16.5709,3.3429,21.3176
short,30m_current_range_pct,29.807408,lte,3.7901,14.2135,3.3756,19.4484
short,30m_current_range_pct,30.817744,lte,3.8177,13.2658,3.4429,12.4603
short,30m_current_range_pct,31.82808,lte,3.8177,13.2658,3.4429,12.4603
short,30m_current_range_pct,32.838416,lte,3.8177,13.2658,3.4429,12.4603
short,30m_current_range_pct,33.848752,lte,3.8177,13.2658,3.4429,12.4603
short,30m_current_range_pct,34.859088,lte,3.8177,13.2658,3.4429,12.4603
short,30m_current_range_pct,35.869424,lte,3.8216,15.2503,3.4467,14.322
short,30m_current_range_pct,36.87976,lte,3.8216,15.2503,3.4467,14.322
short,30m_current_range_pct,37.890096,lte,3.8559,5.6119,3.4902,0.2966
short,30m_current_range_pct,38.900432,lte,3.8559,5.6119,3.4902,0.2966
short,30m_current_range_pct,39.910768,lte,3.8559,5.6119,3.4902,0.2966
short,30m_current_range_pct,40.921104,lte,3.8559,5.6119,3.4902,0.2966
short,30m_current_range_pct,41.93144,lte,3.8559,5.6119,3.4902,0.2966
short,30m_current_range_pct,42.941776,lte,3.8559,5.6119,3.4902,0.2966
short,30m_current_range_pct,43.952112,lte,3.8559,5.6119,3.4902,0.2966
short,30m_current_range_pct,44.962448,lte,3.8559,5.6119,3.4902,0.2966
short,30m_current_range_pct,45.972784,lte,3.8559,5.6119,3.4902,0.2966
short,30m_current_range_pct,46.98312,lte,3.8499,12.7507,3.4718,13.638
short,30m_current_range_pct,47.993456,lte,3.8499,12.7507,3.4718,13.638
short,30m_current_range_pct,49.003792,lte,3.8499,12.7507,3.4718,13.638
short,30m_current_range_pct,50.014128,lte,3.8499,12.7507,3.4718,13.638
short,30m_current_range_pct,51.024464,lte,3.8499,12.7507,3.4718,13.638
short,30m_current_range_pct,52.0348,lte,3.8598,0.0,3.4831,0.0
short,30m_current_return_pct,-46.7557,gte,3.8598,0.0,3.4831,0.0
short,30m_current_return_pct,-45.355978,gte,3.8499,12.7507,3.4718,13.638
short,30m_current_return_pct,-43.956256,gte,3.8499,12.7507,3.4718,13.638
short,30m_current_return_pct,-42.556534,gte,3.8499,12.7507,3.4718,13.638
short,30m_current_return_pct,-41.156812,gte,3.8499,12.7507,3.4718,13.638
short,30m_current_return_pct,-39.75709,gte,3.8499,12.7507,3.4718,13.638
short,30m_current_return_pct,-38.357368,gte,3.8499,12.7507,3.4718,13.638
short,30m_current_return_pct,-36.957646,gte,3.8499,12.7507,3.4718,13.638
short,30m_current_return_pct,-35.557924,gte,3.8499,12.7507,3.4718,13.638
short,30m_current_return_pct,-34.158202,gte,3.8499,12.7507,3.4718,13.638
short,30m_current_return_pct,-32.75848,gte,3.8499,12.7507,3.4718,13.638
short,30m_current_return_pct,-31.358758,gte,3.8156,23.6389,3.4283,28.0054
short,30m_current_return_pct,-29.959036,gte,3.8156,23.6389,3.4283,28.0054
short,30m_current_return_pct,-28.559314,gte,3.8156,23.6389,3.4283,28.0054
short,30m_current_return_pct,-27.159592,gte,3.8156,23.6389,3.4283,28.0054
short,30m_current_return_pct,-25.75987,gte,3.8156,23.6389,3.4283,28.0054
short,30m_current_return_pct,-24.360148,gte,3.8156,23.6389,3.4283,28.0054
short,30m_current_return_pct,-22.960426,gte,3.7855,25.9976,3.3958,29.5145
short,30m_current_return_pct,-21.560704,gte,3.7855,25.9976,3.3958,29.5145
short,30m_current_return_pct,-20.160982,gte,3.7661,24.7772,3.3815,26.1726
short,30m_current_return_pct,-18.76126,gte,3.7506,23.3377,3.331,30.6226
short,30m_current_return_pct,-17.361538,gte,3.7506,23.3377,3.331,30.6226
short,30m_current_return_pct,-15.961816,gte,3.7096,20.5533,3.2492,29.4814
short,30m_current_return_pct,-14.562094,gte,3.7096,20.5533,3.2492,29.4814
short,30m_current_return_pct,-13.162372,gte,3.6464,21.0445,3.1679,28.8732
short,30m_current_return_pct,-11.76265,gte,3.6405,17.6916,3.1646,23.5737
short,30m_current_return_pct,-10.362928,gte,3.6211,16.2131,3.1426,21.1081
short,30m_current_return_pct,-8.963206,gte,3.4975,14.7046,3.0617,16.0974
short,30m_current_return_pct,-7.563484,gte,3.4166,12.452,3.0683,11.5253
short,30m_current_return_pct,-6.163762,gte,3.3308,10.109,3.1134,7.8516
short,30m_current_return_pct,-4.76404,gte,3.138,8.2359,2.8364,7.4044
short,30m_current_return_pct,-3.364318,gte,2.8252,6.6443,2.4706,6.2081
short,30m_current_return_pct,-1.964596,gte,2.6112,5.0354,2.2281,4.6648
short,30m_current_return_pct,-0.564874,gte,2.2396,4.2981,1.4349,4.0372
short,30m_current_return_pct,0.834848,gte,0.8976,4.1538,0.1673,3.8123
short,30m_current_return_pct,2.23457,gte,0.3149,4.0037,0.5472,3.6023
short,30m_current_return_pct,3.634292,gte,-1.3904,3.9673,0.3447,3.5474
short,30m_current_return_pct,5.034014,gte,-2.9647,3.968,-0.3482,3.5439
short,30m_current_return_pct,6.433736,gte,-1.3882,3.913,2.4334,3.4938
short,30m_current_return_pct,7.833458,gte,-1.9085,3.8986,0.7563,3.5015
short,30m_current_return_pct,9.23318,gte,-11.5859,3.929,-7.3206,3.5315
short,30m_current_return_pct,10.632902,gte,-13.8169,3.8993,-7.5118,3.5077
short,30m_current_return_pct,12.032624,gte,-47.6005,3.9172,-39.982,3.5316
short,30m_current_return_pct,13.432346,gte,-47.6005,3.9172,-39.982,3.5316
short,30m_current_return_pct,14.832068,gte,-47.6005,3.9172,-39.982,3.5316
short,30m_current_return_pct,16.23179,gte,-47.6005,3.9172,-39.982,3.5316
short,30m_current_return_pct,17.631512,gte,-47.6005,3.9172,-39.982,3.5316
short,30m_current_return_pct,19.031234,gte,-47.6005,3.9172,-39.982,3.5316
short,30m_current_return_pct,20.430956,gte,-47.6005,3.9172,-39.982,3.5316
short,30m_current_return_pct,21.830678,gte,-47.6005,3.9172,-39.982,3.5316
short,30m_current_return_pct,23.2304,gte,-47.6005,3.9172,-39.982,3.5316
short,30m_current_return_pct,-46.7557,lte,12.7507,3.8499,13.638,3.4718
short,30m_current_return_pct,-45.355978,lte,12.7507,3.8499,13.638,3.4718
short,30m_current_return_pct,-43.956256,lte,12.7507,3.8499,13.638,3.4718
short,30m_current_return_pct,-42.556534,lte,12.7507,3.8499,13.638,3.4718
short,30m_current_return_pct,-41.156812,lte,12.7507,3.8499,13.638,3.4718
short,30m_current_return_pct,-39.75709,lte,12.7507,3.8499,13.638,3.4718
short,30m_current_return_pct,-38.357368,lte,12.7507,3.8499,13.638,3.4718
short,30m_current_return_pct,-36.957646,lte,12.7507,3.8499,13.638,3.4718
short,30m_current_return_pct,-35.557924,lte,12.7507,3.8499,13.638,3.4718
short,30m_current_return_pct,-34.158202,lte,12.7507,3.8499,13.638,3.4718
short,30m_current_return_pct,-32.75848,lte,12.7507,3.8499,13.638,3.4718
short,30m_current_return_pct,-31.358758,lte,23.6389,3.8156,28.0054,3.4283
short,30m_current_return_pct,-29.959036,lte,23.6389,3.8156,28.0054,3.4283
short,30m_current_return_pct,-28.559314,lte,23.6389,3.8156,28.0054,3.4283
short,30m_current_return_pct,-27.159592,lte,23.6389,3.8156,28.0054,3.4283
short,30m_current_return_pct,-25.75987,lte,23.6389,3.8156,28.0054,3.4283
short,30m_current_return_pct,-24.360148,lte,23.6389,3.8156,28.0054,3.4283
short,30m_current_return_pct,-22.960426,lte,25.9976,3.7855,29.5145,3.3958
short,30m_current_return_pct,-21.560704,lte,25.9976,3.7855,29.5145,3.3958
short,30m_current_return_pct,-20.160982,lte,24.7772,3.7661,26.1726,3.3815
short,30m_current_return_pct,-18.76126,lte,23.3377,3.7506,30.6226,3.331
short,30m_current_return_pct,-17.361538,lte,23.3377,3.7506,30.6226,3.331
short,30m_current_return_pct,-15.961816,lte,20.5533,3.7096,29.4814,3.2492
short,30m_current_return_pct,-14.562094,lte,20.5533,3.7096,29.4814,3.2492
short,30m_current_return_pct,-13.162372,lte,21.0445,3.6464,28.8732,3.1679
short,30m_current_return_pct,-11.76265,lte,17.6916,3.6405,23.5737,3.1646
short,30m_current_return_pct,-10.362928,lte,16.2131,3.6211,21.1081,3.1426
short,30m_current_return_pct,-8.963206,lte,14.7046,3.4975,16.0974,3.0617
short,30m_current_return_pct,-7.563484,lte,12.452,3.4166,11.5253,3.0683
short,30m_current_return_pct,-6.163762,lte,10.109,3.3308,7.8516,3.1134
short,30m_current_return_pct,-4.76404,lte,8.2359,3.138,7.4044,2.8364
short,30m_current_return_pct,-3.364318,lte,6.6443,2.8252,6.2081,2.4706
short,30m_current_return_pct,-1.964596,lte,5.0354,2.6112,4.6648,2.2281
short,30m_current_return_pct,-0.564874,lte,4.2981,2.2396,4.0372,1.4349
short,30m_current_return_pct,0.834848,lte,4.1538,0.8976,3.8123,0.1673
short,30m_current_return_pct,2.23457,lte,4.0037,0.3149,3.6023,0.5472
short,30m_current_return_pct,3.634292,lte,3.9673,-1.3904,3.5474,0.3447
short,30m_current_return_pct,5.034014,lte,3.968,-2.9647,3.5439,-0.3482
short,30m_current_return_pct,6.433736,lte,3.913,-1.3882,3.4938,2.4334
short,30m_current_return_pct,7.833458,lte,3.8986,-1.9085,3.5015,0.7563
short,30m_current_return_pct,9.23318,lte,3.929,-11.5859,3.5315,-7.3206
short,30m_current_return_pct,10.632902,lte,3.8993,-13.8169,3.5077,-7.5118
short,30m_current_return_pct,12.032624,lte,3.9172,-47.6005,3.5316,-39.982
short,30m_current_return_pct,13.432346,lte,3.9172,-47.6005,3.5316,-39.982
short,30m_current_return_pct,14.832068,lte,3.9172,-47.6005,3.5316,-39.982
short,30m_current_return_pct,16.23179,lte,3.9172,-47.6005,3.5316,-39.982
short,30m_current_return_pct,17.631512,lte,3.9172,-47.6005,3.5316,-39.982
short,30m_current_return_pct,19.031234,lte,3.9172,-47.6005,3.5316,-39.982
short,30m_current_return_pct,20.430956,lte,3.9172,-47.6005,3.5316,-39.982
short,30m_current_return_pct,21.830678,lte,3.9172,-47.6005,3.5316,-39.982
short,30m_current_return_pct,23.2304,lte,3.8598,0.0,3.4831,0.0
short,30m_current_volume_ratio,0.1041,gte,3.8598,0.0,3.4831,0.0
short,30m_current_volume_ratio,0.795822,gte,3.9621,3.527,3.541,3.2949
short,30m_current_volume_ratio,1.487544,gte,3.9708,3.7724,3.8726,3.1767
short,30m_current_volume_ratio,2.179266,gte,4.737,3.552,4.525,3.1175
short,30m_current_volume_ratio,2.870988,gte,5.5042,3.5296,5.7218,3.0336
short,30m_current_volume_ratio,3.56271,gte,5.842,3.577,6.1759,3.0989
short,30m_current_volume_ratio,4.254432,gte,6.2918,3.6151,7.0051,3.1288
short,30m_current_volume_ratio,4.946154,gte,6.8346,3.6235,7.4852,3.1653
short,30m_current_volume_ratio,5.637876,gte,7.1497,3.6573,7.9854,3.2061
short,30m_current_volume_ratio,6.329598,gte,7.5896,3.6766,8.1082,3.2559
short,30m_current_volume_ratio,7.02132,gte,7.0991,3.7322,7.9717,3.3063
short,30m_current_volume_ratio,7.713042,gte,5.9115,3.801,6.8869,3.3855
short,30m_current_volume_ratio,8.404764,gte,6.6621,3.7893,7.407,3.3845
short,30m_current_volume_ratio,9.096486,gte,6.6037,3.8004,7.7825,3.3901
short,30m_current_volume_ratio,9.788208,gte,6.8035,3.8097,7.9808,3.4066
short,30m_current_volume_ratio,10.47993,gte,5.184,3.8403,5.9862,3.4463
short,30m_current_volume_ratio,11.171652,gte,5.4703,3.8379,6.2197,3.446
short,30m_current_volume_ratio,11.863374,gte,5.4703,3.8379,6.2197,3.446
short,30m_current_volume_ratio,12.555096,gte,2.1846,3.8787,1.855,3.5015
short,30m_current_volume_ratio,13.246818,gte,2.1846,3.8787,1.855,3.5015
short,30m_current_volume_ratio,13.93854,gte,2.0051,3.8765,1.4055,3.5018
short,30m_current_volume_ratio,14.630262,gte,1.8266,3.8758,1.0605,3.5022
short,30m_current_volume_ratio,15.321984,gte,2.2589,3.8688,1.6582,3.4934
short,30m_current_volume_ratio,16.013706,gte,2.2589,3.8688,1.6582,3.4934
short,30m_current_volume_ratio,16.705428,gte,2.2589,3.8688,1.6582,3.4934
short,30m_current_volume_ratio,17.39715,gte,0.7488,3.8702,-0.601,3.4968
short,30m_current_volume_ratio,18.088872,gte,0.0655,3.8683,-0.6652,3.4924
short,30m_current_volume_ratio,18.780594,gte,0.0655,3.8683,-0.6652,3.4924
short,30m_current_volume_ratio,19.472316,gte,0.0655,3.8683,-0.6652,3.4924
short,30m_current_volume_ratio,20.164038,gte,-0.341,3.8645,-1.5345,3.4887
short,30m_current_volume_ratio,20.85576,gte,-0.341,3.8645,-1.5345,3.4887
short,30m_current_volume_ratio,21.547482,gte,-0.341,3.8645,-1.5345,3.4887
short,30m_current_volume_ratio,22.239204,gte,-0.341,3.8645,-1.5345,3.4887
short,30m_current_volume_ratio,22.930926,gte,-0.341,3.8645,-1.5345,3.4887
short,30m_current_volume_ratio,23.622648,gte,-0.341,3.8645,-1.5345,3.4887
short,30m_current_volume_ratio,24.31437,gte,-0.341,3.8645,-1.5345,3.4887
short,30m_current_volume_ratio,25.006092,gte,-0.341,3.8645,-1.5345,3.4887
short,30m_current_volume_ratio,25.697814,gte,-0.341,3.8645,-1.5345,3.4887
short,30m_current_volume_ratio,26.389536,gte,-0.341,3.8645,-1.5345,3.4887
short,30m_current_volume_ratio,27.081258,gte,-0.341,3.8645,-1.5345,3.4887
short,30m_current_volume_ratio,27.77298,gte,-0.341,3.8645,-1.5345,3.4887
short,30m_current_volume_ratio,28.464702,gte,-0.341,3.8645,-1.5345,3.4887
short,30m_current_volume_ratio,29.156424,gte,-0.341,3.8645,-1.5345,3.4887
short,30m_current_volume_ratio,29.848146,gte,-0.341,3.8645,-1.5345,3.4887
short,30m_current_volume_ratio,30.539868,gte,-0.341,3.8645,-1.5345,3.4887
short,30m_current_volume_ratio,31.23159,gte,-0.341,3.8645,-1.5345,3.4887
short,30m_current_volume_ratio,31.923312,gte,-0.341,3.8645,-1.5345,3.4887
short,30m_current_volume_ratio,32.615034,gte,-0.341,3.8645,-1.5345,3.4887
short,30m_current_volume_ratio,33.306756,gte,-0.341,3.8645,-1.5345,3.4887
short,30m_current_volume_ratio,33.998478,gte,-0.341,3.8645,-1.5345,3.4887
short,30m_current_volume_ratio,34.6902,gte,-0.341,3.8645,-1.5345,3.4887
short,30m_current_volume_ratio,0.1041,lte,4.6899,3.8589,1.4892,3.4853
short,30m_current_volume_ratio,0.795822,lte,3.527,3.9621,3.2949,3.541
short,30m_current_volume_ratio,1.487544,lte,3.7724,3.9708,3.1767,3.8726
short,30m_current_volume_ratio,2.179266,lte,3.552,4.737,3.1175,4.525
short,30m_current_volume_ratio,2.870988,lte,3.5296,5.5042,3.0336,5.7218
short,30m_current_volume_ratio,3.56271,lte,3.577,5.842,3.0989,6.1759
short,30m_current_volume_ratio,4.254432,lte,3.6151,6.2918,3.1288,7.0051
short,30m_current_volume_ratio,4.946154,lte,3.6235,6.8346,3.1653,7.4852
short,30m_current_volume_ratio,5.637876,lte,3.6573,7.1497,3.2061,7.9854
short,30m_current_volume_ratio,6.329598,lte,3.6766,7.5896,3.2559,8.1082
short,30m_current_volume_ratio,7.02132,lte,3.7322,7.0991,3.3063,7.9717
short,30m_current_volume_ratio,7.713042,lte,3.801,5.9115,3.3855,6.8869
short,30m_current_volume_ratio,8.404764,lte,3.7893,6.6621,3.3845,7.407
short,30m_current_volume_ratio,9.096486,lte,3.8004,6.6037,3.3901,7.7825
short,30m_current_volume_ratio,9.788208,lte,3.8097,6.8035,3.4066,7.9808
short,30m_current_volume_ratio,10.47993,lte,3.8403,5.184,3.4463,5.9862
short,30m_current_volume_ratio,11.171652,lte,3.8379,5.4703,3.446,6.2197
short,30m_current_volume_ratio,11.863374,lte,3.8379,5.4703,3.446,6.2197
short,30m_current_volume_ratio,12.555096,lte,3.8787,2.1846,3.5015,1.855
short,30m_current_volume_ratio,13.246818,lte,3.8787,2.1846,3.5015,1.855
short,30m_current_volume_ratio,13.93854,lte,3.8765,2.0051,3.5018,1.4055
short,30m_current_volume_ratio,14.630262,lte,3.8758,1.8266,3.5022,1.0605
short,30m_current_volume_ratio,15.321984,lte,3.8688,2.2589,3.4934,1.6582
short,30m_current_volume_ratio,16.013706,lte,3.8688,2.2589,3.4934,1.6582
short,30m_current_volume_ratio,16.705428,lte,3.8688,2.2589,3.4934,1.6582
short,30m_current_volume_ratio,17.39715,lte,3.8702,0.7488,3.4968,-0.601
short,30m_current_volume_ratio,18.088872,lte,3.8683,0.0655,3.4924,-0.6652
short,30m_current_volume_ratio,18.780594,lte,3.8683,0.0655,3.4924,-0.6652
short,30m_current_volume_ratio,19.472316,lte,3.8683,0.0655,3.4924,-0.6652
short,30m_current_volume_ratio,20.164038,lte,3.8645,-0.341,3.4887,-1.5345
short,30m_current_volume_ratio,20.85576,lte,3.8645,-0.341,3.4887,-1.5345
short,30m_current_volume_ratio,21.547482,lte,3.8645,-0.341,3.4887,-1.5345
short,30m_current_volume_ratio,22.239204,lte,3.8645,-0.341,3.4887,-1.5345
short,30m_current_volume_ratio,22.930926,lte,3.8645,-0.341,3.4887,-1.5345
short,30m_current_volume_ratio,23.622648,lte,3.8645,-0.341,3.4887,-1.5345
short,30m_current_volume_ratio,24.31437,lte,3.8645,-0.341,3.4887,-1.5345
short,30m_current_volume_ratio,25.006092,lte,3.8645,-0.341,3.4887,-1.5345
short,30m_current_volume_ratio,25.697814,lte,3.8645,-0.341,3.4887,-1.5345
short,30m_current_volume_ratio,26.389536,lte,3.8645,-0.341,3.4887,-1.5345
short,30m_current_volume_ratio,27.081258,lte,3.8645,-0.341,3.4887,-1.5345
short,30m_current_volume_ratio,27.77298,lte,3.8645,-0.341,3.4887,-1.5345
short,30m_current_volume_ratio,28.464702,lte,3.8645,-0.341,3.4887,-1.5345
short,30m_current_volume_ratio,29.156424,lte,3.8645,-0.341,3.4887,-1.5345
short,30m_current_volume_ratio,29.848146,lte,3.8645,-0.341,3.4887,-1.5345
short,30m_current_volume_ratio,30.539868,lte,3.8645,-0.341,3.4887,-1.5345
short,30m_current_volume_ratio,31.23159,lte,3.8645,-0.341,3.4887,-1.5345
short,30m_current_volume_ratio,31.923312,lte,3.8645,-0.341,3.4887,-1.5345
short,30m_current_volume_ratio,32.615034,lte,3.8645,-0.341,3.4887,-1.5345
short,30m_current_volume_ratio,33.306756,lte,3.8645,-0.341,3.4887,-1.5345
short,30m_current_volume_ratio,33.998478,lte,3.8645,-0.341,3.4887,-1.5345
short,30m_current_volume_ratio,34.6902,lte,3.8598,0.0,3.4831,0.0
short,30m_previous_body_pct,0.0,gte,3.8598,0.0,3.4831,0.0
short,30m_previous_body_pct,0.5667,gte,4.0749,3.1242,3.5909,3.1147
short,30m_previous_body_pct,1.1334,gte,4.1789,3.3946,3.5349,3.4076
short,30m_previous_body_pct,1.7001,gte,4.2945,3.4872,3.6941,3.3023
short,30m_previous_body_pct,2.2668,gte,4.6215,3.4495,4.1029,3.1493
short,30m_previous_body_pct,2.8335,gte,4.648,3.5346,4.4831,3.0705
short,30m_previous_body_pct,3.4002,gte,5.1841,3.4625,4.8355,3.0774
short,30m_previous_body_pct,3.9669,gte,5.3207,3.5157,4.8798,3.1541
short,30m_previous_body_pct,4.5336,gte,5.632,3.5181,4.7996,3.2293
short,30m_previous_body_pct,5.1003,gte,5.8839,3.5502,4.6948,3.2978
short,30m_previous_body_pct,5.667,gte,5.9712,3.5829,4.8741,3.3007
short,30m_previous_body_pct,6.2337,gte,5.5842,3.6722,4.5097,3.3715
short,30m_previous_body_pct,6.8004,gte,5.6612,3.7167,4.1669,3.4288
short,30m_previous_body_pct,7.3671,gte,5.5776,3.7562,4.5706,3.4176
short,30m_previous_body_pct,7.9338,gte,5.5952,3.7681,5.8879,3.3561
short,30m_previous_body_pct,8.5005,gte,5.8101,3.7759,6.175,3.3673
short,30m_previous_body_pct,9.0672,gte,5.4564,3.8007,5.2448,3.4179
short,30m_previous_body_pct,9.6339,gte,5.944,3.7877,6.4452,3.3806
short,30m_previous_body_pct,10.2006,gte,5.6497,3.8042,4.5145,3.4511
short,30m_previous_body_pct,10.7673,gte,4.9641,3.8359,3.7756,3.4768
short,30m_previous_body_pct,11.334,gte,5.2331,3.8333,4.2261,3.4688
short,30m_previous_body_pct,11.9007,gte,4.9773,3.8395,3.9869,3.474
short,30m_previous_body_pct,12.4674,gte,4.6829,3.8458,3.4476,3.4837
short,30m_previous_body_pct,13.0341,gte,3.9242,3.8588,2.5824,3.4974
short,30m_previous_body_pct,13.6008,gte,2.6881,3.8757,0.5409,3.523
short,30m_previous_body_pct,14.1675,gte,2.6881,3.8757,0.5409,3.523
short,30m_previous_body_pct,14.7342,gte,2.6881,3.8757,0.5409,3.523
short,30m_previous_body_pct,15.3009,gte,1.8272,3.8827,-1.7183,3.5418
short,30m_previous_body_pct,15.8676,gte,6.3747,3.84,6.1414,3.4622
short,30m_previous_body_pct,16.4343,gte,7.3117,3.8365,6.9869,3.4595
short,30m_previous_body_pct,17.001,gte,7.3117,3.8365,6.9869,3.4595
short,30m_previous_body_pct,17.5677,gte,5.0938,3.8529,4.3425,3.4783
short,30m_previous_body_pct,18.1344,gte,1.1073,3.8721,1.4213,3.4924
short,30m_previous_body_pct,18.7011,gte,-3.074,3.8831,-2.9075,3.5046
short,30m_previous_body_pct,19.2678,gte,-3.074,3.8831,-2.9075,3.5046
short,30m_previous_body_pct,19.8345,gte,-1.427,3.8716,-3.3654,3.4984
short,30m_previous_body_pct,20.4012,gte,-1.427,3.8716,-3.3654,3.4984
short,30m_previous_body_pct,20.9679,gte,-1.427,3.8716,-3.3654,3.4984
short,30m_previous_body_pct,21.5346,gte,-1.427,3.8716,-3.3654,3.4984
short,30m_previous_body_pct,22.1013,gte,-1.427,3.8716,-3.3654,3.4984
short,30m_previous_body_pct,22.668,gte,-1.427,3.8716,-3.3654,3.4984
short,30m_previous_body_pct,23.2347,gte,-1.427,3.8716,-3.3654,3.4984
short,30m_previous_body_pct,23.8014,gte,-1.427,3.8716,-3.3654,3.4984
short,30m_previous_body_pct,24.3681,gte,-1.427,3.8716,-3.3654,3.4984
short,30m_previous_body_pct,24.9348,gte,-1.427,3.8716,-3.3654,3.4984
short,30m_previous_body_pct,25.5015,gte,6.7696,3.8565,3.7876,3.4828
short,30m_previous_body_pct,26.0682,gte,6.7696,3.8565,3.7876,3.4828
short,30m_previous_body_pct,26.6349,gte,6.7696,3.8565,3.7876,3.4828
short,30m_previous_body_pct,27.2016,gte,6.7696,3.8565,3.7876,3.4828
short,30m_previous_body_pct,27.7683,gte,6.7696,3.8565,3.7876,3.4828
short,30m_previous_body_pct,28.335,gte,6.7696,3.8565,3.7876,3.4828
short,30m_previous_body_pct,0.0,lte,3.0337,3.8607,4.6067,3.4819
short,30m_previous_body_pct,0.5667,lte,3.1242,4.0749,3.1147,3.5909
short,30m_previous_body_pct,1.1334,lte,3.3946,4.1789,3.4076,3.5349
short,30m_previous_body_pct,1.7001,lte,3.4872,4.2945,3.3023,3.6941
short,30m_previous_body_pct,2.2668,lte,3.4495,4.6215,3.1493,4.1029
short,30m_previous_body_pct,2.8335,lte,3.5346,4.648,3.0705,4.4831
short,30m_previous_body_pct,3.4002,lte,3.4625,5.1841,3.0774,4.8355
short,30m_previous_body_pct,3.9669,lte,3.5157,5.3207,3.1541,4.8798
short,30m_previous_body_pct,4.5336,lte,3.5181,5.632,3.2293,4.7996
short,30m_previous_body_pct,5.1003,lte,3.5502,5.8839,3.2978,4.6948
short,30m_previous_body_pct,5.667,lte,3.5829,5.9712,3.3007,4.8741
short,30m_previous_body_pct,6.2337,lte,3.6722,5.5842,3.3715,4.5097
short,30m_previous_body_pct,6.8004,lte,3.7167,5.6612,3.4288,4.1669
short,30m_previous_body_pct,7.3671,lte,3.7562,5.5776,3.4176,4.5706
short,30m_previous_body_pct,7.9338,lte,3.7681,5.5952,3.3561,5.8879
short,30m_previous_body_pct,8.5005,lte,3.7759,5.8101,3.3673,6.175
short,30m_previous_body_pct,9.0672,lte,3.8007,5.4564,3.4179,5.2448
short,30m_previous_body_pct,9.6339,lte,3.7877,5.944,3.3806,6.4452
short,30m_previous_body_pct,10.2006,lte,3.8042,5.6497,3.4511,4.5145
short,30m_previous_body_pct,10.7673,lte,3.8359,4.9641,3.4768,3.7756
short,30m_previous_body_pct,11.334,lte,3.8333,5.2331,3.4688,4.2261
short,30m_previous_body_pct,11.9007,lte,3.8395,4.9773,3.474,3.9869
short,30m_previous_body_pct,12.4674,lte,3.8458,4.6829,3.4837,3.4476
short,30m_previous_body_pct,13.0341,lte,3.8588,3.9242,3.4974,2.5824
short,30m_previous_body_pct,13.6008,lte,3.8757,2.6881,3.523,0.5409
short,30m_previous_body_pct,14.1675,lte,3.8757,2.6881,3.523,0.5409
short,30m_previous_body_pct,14.7342,lte,3.8757,2.6881,3.523,0.5409
short,30m_previous_body_pct,15.3009,lte,3.8827,1.8272,3.5418,-1.7183
short,30m_previous_body_pct,15.8676,lte,3.84,6.3747,3.4622,6.1414
short,30m_previous_body_pct,16.4343,lte,3.8365,7.3117,3.4595,6.9869
short,30m_previous_body_pct,17.001,lte,3.8365,7.3117,3.4595,6.9869
short,30m_previous_body_pct,17.5677,lte,3.8529,5.0938,3.4783,4.3425
short,30m_previous_body_pct,18.1344,lte,3.8721,1.1073,3.4924,1.4213
short,30m_previous_body_pct,18.7011,lte,3.8831,-3.074,3.5046,-2.9075
short,30m_previous_body_pct,19.2678,lte,3.8831,-3.074,3.5046,-2.9075
short,30m_previous_body_pct,19.8345,lte,3.8716,-1.427,3.4984,-3.3654
short,30m_previous_body_pct,20.4012,lte,3.8716,-1.427,3.4984,-3.3654
short,30m_previous_body_pct,20.9679,lte,3.8716,-1.427,3.4984,-3.3654
short,30m_previous_body_pct,21.5346,lte,3.8716,-1.427,3.4984,-3.3654
short,30m_previous_body_pct,22.1013,lte,3.8716,-1.427,3.4984,-3.3654
short,30m_previous_body_pct,22.668,lte,3.8716,-1.427,3.4984,-3.3654
short,30m_previous_body_pct,23.2347,lte,3.8716,-1.427,3.4984,-3.3654
short,30m_previous_body_pct,23.8014,lte,3.8716,-1.427,3.4984,-3.3654
short,30m_previous_body_pct,24.3681,lte,3.8716,-1.427,3.4984,-3.3654
short,30m_previous_body_pct,24.9348,lte,3.8716,-1.427,3.4984,-3.3654
short,30m_previous_body_pct,25.5015,lte,3.8565,6.7696,3.4828,3.7876
short,30m_previous_body_pct,26.0682,lte,3.8565,6.7696,3.4828,3.7876
short,30m_previous_body_pct,26.6349,lte,3.8565,6.7696,3.4828,3.7876
short,30m_previous_body_pct,27.2016,lte,3.8565,6.7696,3.4828,3.7876
short,30m_previous_body_pct,27.7683,lte,3.8565,6.7696,3.4828,3.7876
short,30m_previous_body_pct,28.335,lte,3.8598,0.0,3.4831,0.0
short,30m_previous_close_position,0.0,gte,3.8598,0.0,3.4831,0.0
short,30m_previous_close_position,0.02,gte,3.8239,7.0427,3.4281,8.3622
short,30m_previous_close_position,0.04,gte,3.8245,5.6849,3.4162,6.9483
short,30m_previous_close_position,0.06,gte,3.8227,4.8315,3.4311,4.8462
short,30m_previous_close_position,0.08,gte,3.8107,4.6571,3.3884,5.0216
short,30m_previous_close_position,0.1,gte,3.8242,4.2806,3.3695,4.8252
short,30m_previous_close_position,0.12,gte,3.7937,4.5077,3.3797,4.4975
short,30m_previous_close_position,0.14,gte,3.7984,4.3176,3.3584,4.414
short,30m_previous_close_position,0.16,gte,3.7783,4.3629,3.3006,4.6101
short,30m_previous_close_position,0.18,gte,3.8142,4.1021,3.3121,4.3926
short,30m_previous_close_position,0.2,gte,3.7654,4.3014,3.2714,4.4732
short,30m_previous_close_position,0.22,gte,3.7923,4.1304,3.2331,4.4858
short,30m_previous_close_position,0.24,gte,3.7288,4.3374,3.1973,4.5257
short,30m_previous_close_position,0.26,gte,3.7062,4.3814,3.1594,4.5829
short,30m_previous_close_position,0.28,gte,3.6711,4.4511,3.1167,4.6313
short,30m_previous_close_position,0.3,gte,3.6465,4.4503,3.1174,4.4959
short,30m_previous_close_position,0.32,gte,3.6772,4.317,3.1424,4.3361
short,30m_previous_close_position,0.34,gte,3.6704,4.3043,3.1386,4.2917
short,30m_previous_close_position,0.36,gte,3.6895,4.2181,3.2222,4.032
short,30m_previous_close_position,0.38,gte,3.6984,4.1714,3.2577,3.9184
short,30m_previous_close_position,0.4,gte,3.6986,4.162,3.2943,3.8371
short,30m_previous_close_position,0.42,gte,3.6592,4.1979,3.3321,3.7377
short,30m_previous_close_position,0.44,gte,3.6765,4.1449,3.365,3.6669
short,30m_previous_close_position,0.46,gte,3.7398,4.0276,3.497,3.4637
short,30m_previous_close_position,0.48,gte,3.7592,3.9923,3.5152,3.4408
short,30m_previous_close_position,0.5,gte,3.6472,4.1215,3.3719,3.6201
short,30m_previous_close_position,0.52,gte,3.6068,4.1458,3.4562,3.5135
short,30m_previous_close_position,0.54,gte,3.6191,4.1154,3.5319,3.4313
short,30m_previous_close_position,0.56,gte,3.5474,4.1729,3.4602,3.5061
short,30m_previous_close_position,0.58,gte,3.6074,4.0974,3.5012,3.4661
short,30m_previous_close_position,0.6,gte,3.5849,4.104,3.4837,3.4826
short,30m_previous_close_position,0.62,gte,3.5141,4.1418,3.4144,3.5392
short,30m_previous_close_position,0.64,gte,3.5438,4.1051,3.4444,3.5132
short,30m_previous_close_position,0.66,gte,3.4911,4.121,3.3382,3.5858
short,30m_previous_close_position,0.68,gte,3.4912,4.0912,3.3833,3.5458
short,30m_previous_close_position,0.7,gte,3.5248,4.0566,3.517,3.4632
short,30m_previous_close_position,0.72,gte,3.6062,3.9917,3.5638,3.4411
short,30m_previous_close_position,0.74,gte,3.6319,3.9698,3.5139,3.4683
short,30m_previous_close_position,0.76,gte,3.5339,4.0031,3.4706,3.4886
short,30m_previous_close_position,0.78,gte,3.3403,4.0628,3.1977,3.5947
short,30m_previous_close_position,0.8,gte,3.5745,3.9576,3.3847,3.5169
short,30m_previous_close_position,0.82,gte,3.6405,3.9281,3.5693,3.4563
short,30m_previous_close_position,0.84,gte,3.4677,3.9659,3.4709,3.4864
short,30m_previous_close_position,0.86,gte,3.6051,3.9172,3.7695,3.4186
short,30m_previous_close_position,0.88,gte,3.2579,3.9758,3.0188,3.5727
short,30m_previous_close_position,0.9,gte,3.6344,3.8953,3.3489,3.5043
short,30m_previous_close_position,0.92,gte,2.852,3.9834,2.4896,3.605
short,30m_previous_close_position,0.94,gte,2.8516,3.9464,2.3944,3.5767
short,30m_previous_close_position,0.96,gte,3.3146,3.8893,3.1472,3.5013
short,30m_previous_close_position,0.98,gte,3.3891,3.8733,2.3404,3.5159
short,30m_previous_close_position,1.0,gte,4.5502,3.8567,4.0595,3.4805
short,30m_previous_close_position,0.0,lte,1.1085,3.869,2.7341,3.4856
short,30m_previous_close_position,0.02,lte,7.0427,3.8239,8.3622,3.4281
short,30m_previous_close_position,0.04,lte,5.3788,3.8269,6.5042,3.4177
short,30m_previous_close_position,0.06,lte,4.8315,3.8227,4.8462,3.4311
short,30m_previous_close_position,0.08,lte,4.6571,3.8107,5.0216,3.3884
short,30m_previous_close_position,0.1,lte,4.2794,3.8237,4.919,3.3597
short,30m_previous_close_position,0.12,lte,4.5077,3.7937,4.4975,3.3797
short,30m_previous_close_position,0.14,lte,4.3176,3.7984,4.414,3.3584
short,30m_previous_close_position,0.16,lte,4.3629,3.7783,4.6101,3.3006
short,30m_previous_close_position,0.18,lte,4.1021,3.8142,4.3926,3.3121
short,30m_previous_close_position,0.2,lte,4.2489,3.7753,4.4201,3.2797
short,30m_previous_close_position,0.22,lte,4.1304,3.7923,4.4858,3.2331
short,30m_previous_close_position,0.24,lte,4.3374,3.7288,4.5257,3.1973
short,30m_previous_close_position,0.26,lte,4.3814,3.7062,4.5829,3.1594
short,30m_previous_close_position,0.28,lte,4.4511,3.6711,4.6313,3.1167
short,30m_previous_close_position,0.3,lte,4.4503,3.6465,4.4959,3.1174
short,30m_previous_close_position,0.32,lte,4.317,3.6772,4.3361,3.1424
short,30m_previous_close_position,0.34,lte,4.3043,3.6704,4.2917,3.1386
short,30m_previous_close_position,0.36,lte,4.2181,3.6895,4.032,3.2222
short,30m_previous_close_position,0.38,lte,4.1714,3.6984,3.9184,3.2577
short,30m_previous_close_position,0.4,lte,4.1381,3.7084,3.8177,3.3012
short,30m_previous_close_position,0.42,lte,4.1948,3.6601,3.7359,3.3325
short,30m_previous_close_position,0.44,lte,4.1449,3.6765,3.6669,3.365
short,30m_previous_close_position,0.46,lte,4.0276,3.7398,3.4637,3.497
short,30m_previous_close_position,0.48,lte,4.0039,3.7499,3.4582,3.5021
short,30m_previous_close_position,0.5,lte,4.1194,3.6461,3.6396,3.3543
short,30m_previous_close_position,0.52,lte,4.1458,3.6068,3.5135,3.4562
short,30m_previous_close_position,0.54,lte,4.1154,3.6191,3.4313,3.5319
short,30m_previous_close_position,0.56,lte,4.1729,3.5474,3.5061,3.4602
short,30m_previous_close_position,0.58,lte,4.0974,3.6074,3.4661,3.5012
short,30m_previous_close_position,0.6,lte,4.1018,3.5862,3.485,3.481
short,30m_previous_close_position,0.62,lte,4.1418,3.5141,3.5392,3.4144
short,30m_previous_close_position,0.64,lte,4.1051,3.5438,3.5132,3.4444
short,30m_previous_close_position,0.66,lte,4.121,3.4911,3.5858,3.3382
short,30m_previous_close_position,0.68,lte,4.0912,3.4912,3.5458,3.3833
short,30m_previous_close_position,0.7,lte,4.0619,3.5124,3.4656,3.5133
short,30m_previous_close_position,0.72,lte,3.9917,3.6062,3.4411,3.5638
short,30m_previous_close_position,0.74,lte,3.9698,3.6319,3.4683,3.5139
short,30m_previous_close_position,0.76,lte,4.0031,3.5339,3.4886,3.4706
short,30m_previous_close_position,0.78,lte,4.0628,3.3403,3.5947,3.1977
short,30m_previous_close_position,0.8,lte,3.9576,3.5745,3.5169,3.3847
short,30m_previous_close_position,0.82,lte,3.9281,3.6405,3.4563,3.5693
short,30m_previous_close_position,0.84,lte,3.9659,3.4677,3.4864,3.4709
short,30m_previous_close_position,0.86,lte,3.9172,3.6051,3.4186,3.7695
short,30m_previous_close_position,0.88,lte,3.9758,3.2579,3.5727,3.0188
short,30m_previous_close_position,0.9,lte,3.8906,3.6624,3.4989,3.3822
short,30m_previous_close_position,0.92,lte,3.9816,2.8553,3.6038,2.4877
short,30m_previous_close_position,0.94,lte,3.9464,2.8516,3.5767,2.3944
short,30m_previous_close_position,0.96,lte,3.8893,3.3146,3.5013,3.1472
short,30m_previous_close_position,0.98,lte,3.8732,3.373,3.5146,2.3392
short,30m_previous_close_position,1.0,lte,3.8598,0.0,3.4831,0.0
short,30m_previous_compression,0.0,gte,3.8598,0.0,3.4831,0.0
short,30m_previous_compression,1.9,gte,2.2699,4.1244,1.8604,3.7532
short,30m_previous_compression,3.8,gte,2.0998,4.0227,1.7632,3.6423
short,30m_previous_compression,5.7,gte,1.5588,3.9728,0.9239,3.6088
short,30m_previous_compression,7.6,gte,1.5338,3.9403,0.8868,3.573
short,30m_previous_compression,9.5,gte,1.6584,3.9126,0.6133,3.5519
short,30m_previous_compression,11.4,gte,1.6953,3.9066,0.4277,3.5492
short,30m_previous_compression,13.3,gte,1.7661,3.8954,0.3784,3.5359
short,30m_previous_compression,15.2,gte,1.6456,3.8898,1.6882,3.5075
short,30m_previous_compression,17.1,gte,1.6456,3.8898,1.6882,3.5075
short,30m_previous_compression,19.0,gte,1.5824,3.8881,1.6479,3.5059
short,30m_previous_compression,0.0,lte,4.1896,2.5459,3.7713,2.3351
short,30m_previous_compression,1.9,lte,4.1244,2.2699,3.7532,1.8604
short,30m_previous_compression,3.8,lte,4.0227,2.0998,3.6423,1.7632
short,30m_previous_compression,5.7,lte,3.9728,1.5588,3.6088,0.9239
short,30m_previous_compression,7.6,lte,3.9403,1.5338,3.573,0.8868
short,30m_previous_compression,9.5,lte,3.9126,1.6584,3.5519,0.6133
short,30m_previous_compression,11.4,lte,3.9066,1.6953,3.5492,0.4277
short,30m_previous_compression,13.3,lte,3.8954,1.7661,3.5359,0.3784
short,30m_previous_compression,15.2,lte,3.8898,1.6456,3.5075,1.6882
short,30m_previous_compression,17.1,lte,3.8898,1.6456,3.5075,1.6882
short,30m_previous_compression,19.0,lte,3.8598,0.0,3.4831,0.0
short,30m_previous_ma20_distance_pct,-27.9911,gte,3.8598,0.0,3.4831,0.0
short,30m_previous_ma20_distance_pct,-26.135476,gte,3.8696,-4.902,3.5295,-38.0278
short,30m_previous_ma20_distance_pct,-24.279852,gte,3.8696,-4.902,3.5295,-38.0278
short,30m_previous_ma20_distance_pct,-22.424228,gte,3.8596,3.9334,3.5425,-23.1022
short,30m_previous_ma20_distance_pct,-20.568604,gte,3.8632,2.8425,3.5318,-11.0161
short,30m_previous_ma20_distance_pct,-18.71298,gte,3.8632,2.8425,3.5318,-11.0161
short,30m_previous_ma20_distance_pct,-16.857356,gte,3.8632,2.8425,3.5318,-11.0161
short,30m_previous_ma20_distance_pct,-15.001732,gte,3.8532,5.3195,3.5205,-4.8526
short,30m_previous_ma20_distance_pct,-13.146108,gte,3.8311,7.5131,3.4998,1.3668
short,30m_previous_ma20_distance_pct,-11.290484,gte,3.8311,7.5131,3.4998,1.3668
short,30m_previous_ma20_distance_pct,-9.43486,gte,3.8425,5.7779,3.5059,0.947
short,30m_previous_ma20_distance_pct,-7.579236,gte,3.8473,4.5468,3.4881,3.2071
short,30m_previous_ma20_distance_pct,-5.723612,gte,3.8806,3.2591,3.4799,3.5776
short,30m_previous_ma20_distance_pct,-3.867988,gte,3.8117,4.5182,3.4835,3.4779
short,30m_previous_ma20_distance_pct,-2.012364,gte,3.9052,3.5715,3.6115,2.6675
short,30m_previous_ma20_distance_pct,-0.15674,gte,3.9283,3.6385,3.6321,3.0018
short,30m_previous_ma20_distance_pct,1.698884,gte,4.1702,3.3724,3.788,3.0044
short,30m_previous_ma20_distance_pct,3.554508,gte,4.5328,3.2777,4.1679,2.8909
short,30m_previous_ma20_distance_pct,5.410132,gte,4.8351,3.3371,4.2359,3.0796
short,30m_previous_ma20_distance_pct,7.265756,gte,5.1113,3.3948,4.2061,3.2145
short,30m_previous_ma20_distance_pct,9.12138,gte,5.5729,3.4207,5.0656,3.0775
short,30m_previous_ma20_distance_pct,10.977004,gte,6.0374,3.433,5.546,3.0788
short,30m_previous_ma20_distance_pct,12.832628,gte,6.5463,3.4804,6.2838,3.0876
short,30m_previous_ma20_distance_pct,14.688252,gte,6.4575,3.5701,6.2204,3.1778
short,30m_previous_ma20_distance_pct,16.543876,gte,6.9166,3.5727,6.8359,3.1683
short,30m_previous_ma20_distance_pct,18.3995,gte,7.5864,3.6022,7.3606,3.2151
short,30m_previous_ma20_distance_pct,20.255124,gte,6.5946,3.7153,6.3712,3.3306
short,30m_previous_ma20_distance_pct,22.110748,gte,6.2434,3.7543,5.5651,3.391
short,30m_previous_ma20_distance_pct,23.966372,gte,6.4295,3.7616,6.6885,3.3607
short,30m_previous_ma20_distance_pct,25.821996,gte,5.8821,3.7946,5.2591,3.4259
short,30m_previous_ma20_distance_pct,27.67762,gte,5.3364,3.8157,6.1032,3.4049
short,30m_previous_ma20_distance_pct,29.533244,gte,6.2175,3.8033,8.6269,3.3598
short,30m_previous_ma20_distance_pct,31.388868,gte,5.701,3.8221,9.2567,3.3649
short,30m_previous_ma20_distance_pct,33.244492,gte,5.2334,3.8333,8.9537,3.3774
short,30m_previous_ma20_distance_pct,35.100116,gte,3.9163,3.8588,6.9921,3.4234
short,30m_previous_ma20_distance_pct,36.95574,gte,3.4959,3.8651,7.4738,3.4244
short,30m_previous_ma20_distance_pct,38.811364,gte,3.4959,3.8651,7.4738,3.4244
short,30m_previous_ma20_distance_pct,40.666988,gte,4.6789,3.8506,5.936,3.4555
short,30m_previous_ma20_distance_pct,42.522612,gte,5.9979,3.8454,8.8609,3.4469
short,30m_previous_ma20_distance_pct,44.378236,gte,5.9979,3.8454,8.8609,3.4469
short,30m_previous_ma20_distance_pct,46.23386,gte,5.9979,3.8454,8.8609,3.4469
short,30m_previous_ma20_distance_pct,48.089484,gte,5.9979,3.8454,8.8609,3.4469
short,30m_previous_ma20_distance_pct,49.945108,gte,9.2237,3.8358,15.7403,3.4282
short,30m_previous_ma20_distance_pct,51.800732,gte,9.2237,3.8358,15.7403,3.4282
short,30m_previous_ma20_distance_pct,53.656356,gte,9.2237,3.8358,15.7403,3.4282
short,30m_previous_ma20_distance_pct,55.51198,gte,12.7405,3.83,23.5965,3.4156
short,30m_previous_ma20_distance_pct,57.367604,gte,12.7405,3.83,23.5965,3.4156
short,30m_previous_ma20_distance_pct,59.223228,gte,23.4608,3.816,43.6185,3.3934
short,30m_previous_ma20_distance_pct,61.078852,gte,23.4608,3.816,43.6185,3.3934
short,30m_previous_ma20_distance_pct,62.934476,gte,23.4608,3.816,43.6185,3.3934
short,30m_previous_ma20_distance_pct,64.7901,gte,17.5793,3.8445,48.4224,3.433
short,30m_previous_ma20_distance_pct,-27.9911,lte,-4.902,3.8696,-38.0278,3.5295
short,30m_previous_ma20_distance_pct,-26.135476,lte,-4.902,3.8696,-38.0278,3.5295
short,30m_previous_ma20_distance_pct,-24.279852,lte,-4.902,3.8696,-38.0278,3.5295
short,30m_previous_ma20_distance_pct,-22.424228,lte,3.9334,3.8596,-23.1022,3.5425
short,30m_previous_ma20_distance_pct,-20.568604,lte,2.8425,3.8632,-11.0161,3.5318
short,30m_previous_ma20_distance_pct,-18.71298,lte,2.8425,3.8632,-11.0161,3.5318
short,30m_previous_ma20_distance_pct,-16.857356,lte,2.8425,3.8632,-11.0161,3.5318
short,30m_previous_ma20_distance_pct,-15.001732,lte,5.3195,3.8532,-4.8526,3.5205
short,30m_previous_ma20_distance_pct,-13.146108,lte,7.5131,3.8311,1.3668,3.4998
short,30m_previous_ma20_distance_pct,-11.290484,lte,7.5131,3.8311,1.3668,3.4998
short,30m_previous_ma20_distance_pct,-9.43486,lte,5.7779,3.8425,0.947,3.5059
short,30m_previous_ma20_distance_pct,-7.579236,lte,4.5468,3.8473,3.2071,3.4881
short,30m_previous_ma20_distance_pct,-5.723612,lte,3.2591,3.8806,3.5776,3.4799
short,30m_previous_ma20_distance_pct,-3.867988,lte,4.5182,3.8117,3.4779,3.4835
short,30m_previous_ma20_distance_pct,-2.012364,lte,3.5715,3.9052,2.6675,3.6115
short,30m_previous_ma20_distance_pct,-0.15674,lte,3.6385,3.9283,3.0018,3.6321
short,30m_previous_ma20_distance_pct,1.698884,lte,3.3724,4.1702,3.0044,3.788
short,30m_previous_ma20_distance_pct,3.554508,lte,3.2777,4.5328,2.8909,4.1679
short,30m_previous_ma20_distance_pct,5.410132,lte,3.3371,4.8351,3.0796,4.2359
short,30m_previous_ma20_distance_pct,7.265756,lte,3.3948,5.1113,3.2145,4.2061
short,30m_previous_ma20_distance_pct,9.12138,lte,3.4207,5.5729,3.0775,5.0656
short,30m_previous_ma20_distance_pct,10.977004,lte,3.433,6.0374,3.0788,5.546
short,30m_previous_ma20_distance_pct,12.832628,lte,3.4804,6.5463,3.0876,6.2838
short,30m_previous_ma20_distance_pct,14.688252,lte,3.5701,6.4575,3.1778,6.2204
short,30m_previous_ma20_distance_pct,16.543876,lte,3.5727,6.9166,3.1683,6.8359
short,30m_previous_ma20_distance_pct,18.3995,lte,3.6022,7.5864,3.2151,7.3606
short,30m_previous_ma20_distance_pct,20.255124,lte,3.7153,6.5946,3.3306,6.3712
short,30m_previous_ma20_distance_pct,22.110748,lte,3.7543,6.2434,3.391,5.5651
short,30m_previous_ma20_distance_pct,23.966372,lte,3.7616,6.4295,3.3607,6.6885
short,30m_previous_ma20_distance_pct,25.821996,lte,3.7946,5.8821,3.4259,5.2591
short,30m_previous_ma20_distance_pct,27.67762,lte,3.8157,5.3364,3.4049,6.1032
short,30m_previous_ma20_distance_pct,29.533244,lte,3.8033,6.2175,3.3598,8.6269
short,30m_previous_ma20_distance_pct,31.388868,lte,3.8221,5.701,3.3649,9.2567
short,30m_previous_ma20_distance_pct,33.244492,lte,3.8333,5.2334,3.3774,8.9537
short,30m_previous_ma20_distance_pct,35.100116,lte,3.8588,3.9163,3.4234,6.9921
short,30m_previous_ma20_distance_pct,36.95574,lte,3.8651,3.4959,3.4244,7.4738
short,30m_previous_ma20_distance_pct,38.811364,lte,3.8651,3.4959,3.4244,7.4738
short,30m_previous_ma20_distance_pct,40.666988,lte,3.8506,4.6789,3.4555,5.936
short,30m_previous_ma20_distance_pct,42.522612,lte,3.8454,5.9979,3.4469,8.8609
short,30m_previous_ma20_distance_pct,44.378236,lte,3.8454,5.9979,3.4469,8.8609
short,30m_previous_ma20_distance_pct,46.23386,lte,3.8454,5.9979,3.4469,8.8609
short,30m_previous_ma20_distance_pct,48.089484,lte,3.8454,5.9979,3.4469,8.8609
short,30m_previous_ma20_distance_pct,49.945108,lte,3.8358,9.2237,3.4282,15.7403
short,30m_previous_ma20_distance_pct,51.800732,lte,3.8358,9.2237,3.4282,15.7403
short,30m_previous_ma20_distance_pct,53.656356,lte,3.8358,9.2237,3.4282,15.7403
short,30m_previous_ma20_distance_pct,55.51198,lte,3.83,12.7405,3.4156,23.5965
short,30m_previous_ma20_distance_pct,57.367604,lte,3.83,12.7405,3.4156,23.5965
short,30m_previous_ma20_distance_pct,59.223228,lte,3.816,23.4608,3.3934,43.6185
short,30m_previous_ma20_distance_pct,61.078852,lte,3.816,23.4608,3.3934,43.6185
short,30m_previous_ma20_distance_pct,62.934476,lte,3.816,23.4608,3.3934,43.6185
short,30m_previous_ma20_distance_pct,64.7901,lte,3.8598,0.0,3.4831,0.0
short,30m_previous_range_pct,0.2332,gte,3.8598,0.0,3.4831,0.0
short,30m_previous_range_pct,0.94462,gte,3.8755,3.0932,3.4998,2.6662
short,30m_previous_range_pct,1.65604,gte,4.0283,2.7579,3.5893,2.7892
short,30m_previous_range_pct,2.36746,gte,4.3137,2.698,3.8139,2.6364
short,30m_previous_range_pct,3.07888,gte,4.5688,2.8729,4.079,2.6537
short,30m_previous_range_pct,3.7903,gte,4.8542,3.0189,4.2614,2.8249
short,30m_previous_range_pct,4.50172,gte,4.8477,3.2737,4.4229,2.9256
short,30m_previous_range_pct,5.21314,gte,5.1996,3.258,4.6367,2.965
short,30m_previous_range_pct,5.92456,gte,5.3299,3.3499,4.7418,3.0465
short,30m_previous_range_pct,6.63598,gte,5.637,3.3596,5.1622,3.0106
short,30m_previous_range_pct,7.3474,gte,5.9824,3.3919,5.2987,3.0829
short,30m_previous_range_pct,8.05882,gte,5.9334,3.4665,5.2327,3.1513
short,30m_previous_range_pct,8.77024,gte,5.5351,3.6085,5.0203,3.2526
short,30m_previous_range_pct,9.48166,gte,6.0331,3.5963,5.5648,3.2307
short,30m_previous_range_pct,10.19308,gte,6.2364,3.6303,5.3939,3.2986
short,30m_previous_range_pct,10.9045,gte,6.04,3.6895,5.9014,3.2942
short,30m_previous_range_pct,11.61592,gte,7.0562,3.6429,6.878,3.2528
short,30m_previous_range_pct,12.32734,gte,7.3034,3.6522,7.0983,3.2652
short,30m_previous_range_pct,13.03876,gte,7.7268,3.646,7.7143,3.2492
short,30m_previous_range_pct,13.75018,gte,7.6727,3.6818,6.8709,3.325
short,30m_previous_range_pct,14.4616,gte,7.1905,3.7245,6.0486,3.379
short,30m_previous_range_pct,15.17302,gte,6.373,3.7698,4.653,3.4412
short,30m_previous_range_pct,15.88444,gte,5.5536,3.8032,4.017,3.4653
short,30m_previous_range_pct,16.59586,gte,5.6208,3.8072,4.0941,3.4649
short,30m_previous_range_pct,17.30728,gte,5.1193,3.8281,3.9257,3.472
short,30m_previous_range_pct,18.0187,gte,4.8951,3.8374,1.5354,3.5253
short,30m_previous_range_pct,18.73012,gte,5.1252,3.8339,1.5614,3.5225
short,30m_previous_range_pct,19.44154,gte,5.1252,3.8339,1.5614,3.5225
short,30m_previous_range_pct,20.15296,gte,1.1336,3.903,-2.0958,3.5716
short,30m_previous_range_pct,20.86438,gte,1.1699,3.8993,-3.269,3.5824
short,30m_previous_range_pct,21.5758,gte,1.252,3.8951,-3.5706,3.5788
short,30m_previous_range_pct,22.28722,gte,2.4122,3.8761,-1.4567,3.5388
short,30m_previous_range_pct,22.99864,gte,8.1878,3.8306,7.4173,3.4566
short,30m_previous_range_pct,23.71006,gte,8.1878,3.8306,7.4173,3.4566
short,30m_previous_range_pct,24.42148,gte,6.6507,3.8473,5.4132,3.4745
short,30m_previous_range_pct,25.1329,gte,6.6507,3.8473,5.4132,3.4745
short,30m_previous_range_pct,25.84432,gte,6.6507,3.8473,5.4132,3.4745
short,30m_previous_range_pct,26.55574,gte,1.8544,3.8665,1.8752,3.4885
short,30m_previous_range_pct,27.26716,gte,1.8544,3.8665,1.8752,3.4885
short,30m_previous_range_pct,27.97858,gte,7.5933,3.8514,8.0719,3.4729
short,30m_previous_range_pct,28.69,gte,7.5933,3.8514,8.0719,3.4729
short,30m_previous_range_pct,29.40142,gte,6.7696,3.8565,3.7876,3.4828
short,30m_previous_range_pct,30.11284,gte,6.7696,3.8565,3.7876,3.4828
short,30m_previous_range_pct,30.82426,gte,6.7696,3.8565,3.7876,3.4828
short,30m_previous_range_pct,31.53568,gte,6.7696,3.8565,3.7876,3.4828
short,30m_previous_range_pct,32.2471,gte,6.7696,3.8565,3.7876,3.4828
short,30m_previous_range_pct,32.95852,gte,6.7696,3.8565,3.7876,3.4828
short,30m_previous_range_pct,33.66994,gte,6.7696,3.8565,3.7876,3.4828
short,30m_previous_range_pct,34.38136,gte,6.7696,3.8565,3.7876,3.4828
short,30m_previous_range_pct,35.09278,gte,6.7696,3.8565,3.7876,3.4828
short,30m_previous_range_pct,35.8042,gte,6.7696,3.8565,3.7876,3.4828
short,30m_previous_range_pct,0.2332,lte,4.8724,3.8587,5.9609,3.4804
short,30m_previous_range_pct,0.94462,lte,3.0932,3.8755,2.6662,3.4998
short,30m_previous_range_pct,1.65604,lte,2.7579,4.0283,2.7892,3.5893
short,30m_previous_range_pct,2.36746,lte,2.698,4.3137,2.6364,3.8139
short,30m_previous_range_pct,3.07888,lte,2.8729,4.5688,2.6537,4.079
short,30m_previous_range_pct,3.7903,lte,3.0189,4.8542,2.8249,4.2614
short,30m_previous_range_pct,4.50172,lte,3.2737,4.8477,2.9256,4.4229
short,30m_previous_range_pct,5.21314,lte,3.258,5.1996,2.965,4.6367
short,30m_previous_range_pct,5.92456,lte,3.3499,5.3299,3.0465,4.7418
short,30m_previous_range_pct,6.63598,lte,3.3596,5.637,3.0106,5.1622
short,30m_previous_range_pct,7.3474,lte,3.3919,5.9824,3.0829,5.2987
short,30m_previous_range_pct,8.05882,lte,3.4665,5.9334,3.1513,5.2327
short,30m_previous_range_pct,8.77024,lte,3.6085,5.5351,3.2526,5.0203
short,30m_previous_range_pct,9.48166,lte,3.5963,6.0331,3.2307,5.5648
short,30m_previous_range_pct,10.19308,lte,3.6303,6.2364,3.2986,5.3939
short,30m_previous_range_pct,10.9045,lte,3.6895,6.04,3.2942,5.9014
short,30m_previous_range_pct,11.61592,lte,3.6429,7.0562,3.2528,6.878
short,30m_previous_range_pct,12.32734,lte,3.6522,7.3034,3.2652,7.0983
short,30m_previous_range_pct,13.03876,lte,3.646,7.7268,3.2492,7.7143
short,30m_previous_range_pct,13.75018,lte,3.6818,7.6727,3.325,6.8709
short,30m_previous_range_pct,14.4616,lte,3.7245,7.1905,3.379,6.0486
short,30m_previous_range_pct,15.17302,lte,3.7698,6.373,3.4412,4.653
short,30m_previous_range_pct,15.88444,lte,3.8032,5.5536,3.4653,4.017
short,30m_previous_range_pct,16.59586,lte,3.8072,5.6208,3.4649,4.0941
short,30m_previous_range_pct,17.30728,lte,3.8281,5.1193,3.472,3.9257
short,30m_previous_range_pct,18.0187,lte,3.8374,4.8951,3.5253,1.5354
short,30m_previous_range_pct,18.73012,lte,3.8339,5.1252,3.5225,1.5614
short,30m_previous_range_pct,19.44154,lte,3.8339,5.1252,3.5225,1.5614
short,30m_previous_range_pct,20.15296,lte,3.903,1.1336,3.5716,-2.0958
short,30m_previous_range_pct,20.86438,lte,3.8993,1.1699,3.5824,-3.269
short,30m_previous_range_pct,21.5758,lte,3.8951,1.252,3.5788,-3.5706
short,30m_previous_range_pct,22.28722,lte,3.8761,2.4122,3.5388,-1.4567
short,30m_previous_range_pct,22.99864,lte,3.8306,8.1878,3.4566,7.4173
short,30m_previous_range_pct,23.71006,lte,3.8306,8.1878,3.4566,7.4173
short,30m_previous_range_pct,24.42148,lte,3.8473,6.6507,3.4745,5.4132
short,30m_previous_range_pct,25.1329,lte,3.8473,6.6507,3.4745,5.4132
short,30m_previous_range_pct,25.84432,lte,3.8473,6.6507,3.4745,5.4132
short,30m_previous_range_pct,26.55574,lte,3.8665,1.8544,3.4885,1.8752
short,30m_previous_range_pct,27.26716,lte,3.8665,1.8544,3.4885,1.8752
short,30m_previous_range_pct,27.97858,lte,3.8514,7.5933,3.4729,8.0719
short,30m_previous_range_pct,28.69,lte,3.8514,7.5933,3.4729,8.0719
short,30m_previous_range_pct,29.40142,lte,3.8565,6.7696,3.4828,3.7876
short,30m_previous_range_pct,30.11284,lte,3.8565,6.7696,3.4828,3.7876
short,30m_previous_range_pct,30.82426,lte,3.8565,6.7696,3.4828,3.7876
short,30m_previous_range_pct,31.53568,lte,3.8565,6.7696,3.4828,3.7876
short,30m_previous_range_pct,32.2471,lte,3.8565,6.7696,3.4828,3.7876
short,30m_previous_range_pct,32.95852,lte,3.8565,6.7696,3.4828,3.7876
short,30m_previous_range_pct,33.66994,lte,3.8565,6.7696,3.4828,3.7876
short,30m_previous_range_pct,34.38136,lte,3.8565,6.7696,3.4828,3.7876
short,30m_previous_range_pct,35.09278,lte,3.8565,6.7696,3.4828,3.7876
short,30m_previous_range_pct,35.8042,lte,3.8598,0.0,3.4831,0.0
short,30m_previous_return_pct,-28.335,gte,3.8598,0.0,3.4831,0.0
short,30m_previous_return_pct,-27.264492,gte,3.8565,6.7696,3.4828,3.7876
short,30m_previous_return_pct,-26.193984,gte,3.8565,6.7696,3.4828,3.7876
short,30m_previous_return_pct,-25.123476,gte,3.8565,6.7696,3.4828,3.7876
short,30m_previous_return_pct,-24.052968,gte,3.8565,6.7696,3.4828,3.7876
short,30m_previous_return_pct,-22.98246,gte,3.8565,6.7696,3.4828,3.7876
short,30m_previous_return_pct,-21.911952,gte,3.8565,6.7696,3.4828,3.7876
short,30m_previous_return_pct,-20.841444,gte,3.8565,6.7696,3.4828,3.7876
short,30m_previous_return_pct,-19.770936,gte,3.8565,6.7696,3.4828,3.7876
short,30m_previous_return_pct,-18.700428,gte,3.8565,6.7696,3.4828,3.7876
short,30m_previous_return_pct,-17.62992,gte,3.8373,13.9046,3.4688,9.9074
short,30m_previous_return_pct,-16.559412,gte,3.8373,13.9046,3.4688,9.9074
short,30m_previous_return_pct,-15.488904,gte,3.8373,13.9046,3.4688,9.9074
short,30m_previous_return_pct,-14.418396,gte,3.8373,13.9046,3.4688,9.9074
short,30m_previous_return_pct,-13.347888,gte,3.8229,14.8458,3.4596,10.4935
short,30m_previous_return_pct,-12.27738,gte,3.8229,14.8458,3.4596,10.4935
short,30m_previous_return_pct,-11.206872,gte,3.8229,14.8458,3.4596,10.4935
short,30m_previous_return_pct,-10.136364,gte,3.8175,9.2308,3.4426,8.6289
short,30m_previous_return_pct,-9.065856,gte,3.8373,5.8545,3.4597,5.5623
short,30m_previous_return_pct,-7.995348,gte,3.8556,4.1235,3.4978,2.557
short,30m_previous_return_pct,-6.92484,gte,3.8466,4.3599,3.4771,3.7129
short,30m_previous_return_pct,-5.854332,gte,3.7788,5.5959,3.4183,4.871
short,30m_previous_return_pct,-4.783824,gte,3.7062,6.3553,3.3668,5.3737
short,30m_previous_return_pct,-3.713316,gte,3.6167,6.6883,3.2437,6.269
short,30m_previous_return_pct,-2.642808,gte,3.6429,5.4786,3.3267,4.6505
short,30m_previous_return_pct,-1.5723,gte,3.6766,4.6725,3.4206,3.7606
short,30m_previous_return_pct,-0.501792,gte,3.7252,4.1159,3.5066,3.4384
short,30m_previous_return_pct,0.568716,gte,4.0306,3.7254,3.7045,3.3089
short,30m_previous_return_pct,1.639224,gte,4.0745,3.7717,3.65,3.4146
short,30m_previous_return_pct,2.709732,gte,4.0575,3.8139,4.1878,3.3195
short,30m_previous_return_pct,3.78024,gte,4.583,3.7577,4.19,3.3833
short,30m_previous_return_pct,4.850748,gte,5.3128,3.7214,4.0825,3.426
short,30m_previous_return_pct,5.921256,gte,5.754,3.7313,4.6404,3.4046
short,30m_previous_return_pct,6.991764,gte,6.1568,3.7582,4.44,3.4408
short,30m_previous_return_pct,8.062272,gte,6.2598,3.7739,7.3921,3.3432
short,30m_previous_return_pct,9.13278,gte,5.2754,3.8242,5.1005,3.4425
short,30m_previous_return_pct,10.203288,gte,4.3963,3.8475,3.0744,3.4924
short,30m_previous_return_pct,11.273796,gte,3.3064,3.8692,2.6604,3.4971
short,30m_previous_return_pct,12.344304,gte,2.1421,3.8831,1.6862,3.5075
short,30m_previous_return_pct,13.414812,gte,0.4448,3.8983,-1.3324,3.5374
short,30m_previous_return_pct,14.48532,gte,0.4448,3.8983,-1.3324,3.5374
short,30m_previous_return_pct,15.555828,gte,3.3627,3.8626,4.6349,3.4767
short,30m_previous_return_pct,16.626336,gte,4.0154,3.8591,5.5266,3.474
short,30m_previous_return_pct,17.696844,gte,-0.7801,3.8754,0.6326,3.4927
short,30m_previous_return_pct,18.767352,gte,-7.9958,3.8863,-6.2551,3.5049
short,30m_previous_return_pct,19.83786,gte,-9.6235,3.8748,-10.5183,3.4987
short,30m_previous_return_pct,20.908368,gte,-9.6235,3.8748,-10.5183,3.4987
short,30m_previous_return_pct,21.978876,gte,-9.6235,3.8748,-10.5183,3.4987
short,30m_previous_return_pct,23.049384,gte,-9.6235,3.8748,-10.5183,3.4987
short,30m_previous_return_pct,24.119892,gte,-9.6235,3.8748,-10.5183,3.4987
short,30m_previous_return_pct,25.1904,gte,-9.6235,3.8748,-10.5183,3.4987
short,30m_previous_return_pct,-28.335,lte,6.7696,3.8565,3.7876,3.4828
short,30m_previous_return_pct,-27.264492,lte,6.7696,3.8565,3.7876,3.4828
short,30m_previous_return_pct,-26.193984,lte,6.7696,3.8565,3.7876,3.4828
short,30m_previous_return_pct,-25.123476,lte,6.7696,3.8565,3.7876,3.4828
short,30m_previous_return_pct,-24.052968,lte,6.7696,3.8565,3.7876,3.4828
short,30m_previous_return_pct,-22.98246,lte,6.7696,3.8565,3.7876,3.4828
short,30m_previous_return_pct,-21.911952,lte,6.7696,3.8565,3.7876,3.4828
short,30m_previous_return_pct,-20.841444,lte,6.7696,3.8565,3.7876,3.4828
short,30m_previous_return_pct,-19.770936,lte,6.7696,3.8565,3.7876,3.4828
short,30m_previous_return_pct,-18.700428,lte,6.7696,3.8565,3.7876,3.4828
short,30m_previous_return_pct,-17.62992,lte,13.9046,3.8373,9.9074,3.4688
short,30m_previous_return_pct,-16.559412,lte,13.9046,3.8373,9.9074,3.4688
short,30m_previous_return_pct,-15.488904,lte,13.9046,3.8373,9.9074,3.4688
short,30m_previous_return_pct,-14.418396,lte,13.9046,3.8373,9.9074,3.4688
short,30m_previous_return_pct,-13.347888,lte,14.8458,3.8229,10.4935,3.4596
short,30m_previous_return_pct,-12.27738,lte,14.8458,3.8229,10.4935,3.4596
short,30m_previous_return_pct,-11.206872,lte,14.8458,3.8229,10.4935,3.4596
short,30m_previous_return_pct,-10.136364,lte,9.2308,3.8175,8.6289,3.4426
short,30m_previous_return_pct,-9.065856,lte,5.8545,3.8373,5.5623,3.4597
short,30m_previous_return_pct,-7.995348,lte,4.1235,3.8556,2.557,3.4978
short,30m_previous_return_pct,-6.92484,lte,4.3599,3.8466,3.7129,3.4771
short,30m_previous_return_pct,-5.854332,lte,5.5959,3.7788,4.871,3.4183
short,30m_previous_return_pct,-4.783824,lte,6.3553,3.7062,5.3737,3.3668
short,30m_previous_return_pct,-3.713316,lte,6.6883,3.6167,6.269,3.2437
short,30m_previous_return_pct,-2.642808,lte,5.4786,3.6429,4.6505,3.3267
short,30m_previous_return_pct,-1.5723,lte,4.6725,3.6766,3.7606,3.4206
short,30m_previous_return_pct,-0.501792,lte,4.1159,3.7252,3.4384,3.5066
short,30m_previous_return_pct,0.568716,lte,3.7254,4.0306,3.3089,3.7045
short,30m_previous_return_pct,1.639224,lte,3.7717,4.0745,3.4146,3.65
short,30m_previous_return_pct,2.709732,lte,3.8139,4.0575,3.3195,4.1878
short,30m_previous_return_pct,3.78024,lte,3.7577,4.583,3.3833,4.19
short,30m_previous_return_pct,4.850748,lte,3.7214,5.3128,3.426,4.0825
short,30m_previous_return_pct,5.921256,lte,3.7313,5.754,3.4046,4.6404
short,30m_previous_return_pct,6.991764,lte,3.7582,6.1568,3.4408,4.44
short,30m_previous_return_pct,8.062272,lte,3.7739,6.2598,3.3432,7.3921
short,30m_previous_return_pct,9.13278,lte,3.8242,5.2754,3.4425,5.1005
short,30m_previous_return_pct,10.203288,lte,3.8475,4.3963,3.4924,3.0744
short,30m_previous_return_pct,11.273796,lte,3.8692,3.3064,3.4971,2.6604
short,30m_previous_return_pct,12.344304,lte,3.8831,2.1421,3.5075,1.6862
short,30m_previous_return_pct,13.414812,lte,3.8983,0.4448,3.5374,-1.3324
short,30m_previous_return_pct,14.48532,lte,3.8983,0.4448,3.5374,-1.3324
short,30m_previous_return_pct,15.555828,lte,3.8626,3.3627,3.4767,4.6349
short,30m_previous_return_pct,16.626336,lte,3.8591,4.0154,3.474,5.5266
short,30m_previous_return_pct,17.696844,lte,3.8754,-0.7801,3.4927,0.6326
short,30m_previous_return_pct,18.767352,lte,3.8863,-7.9958,3.5049,-6.2551
short,30m_previous_return_pct,19.83786,lte,3.8748,-9.6235,3.4987,-10.5183
short,30m_previous_return_pct,20.908368,lte,3.8748,-9.6235,3.4987,-10.5183
short,30m_previous_return_pct,21.978876,lte,3.8748,-9.6235,3.4987,-10.5183
short,30m_previous_return_pct,23.049384,lte,3.8748,-9.6235,3.4987,-10.5183
short,30m_previous_return_pct,24.119892,lte,3.8748,-9.6235,3.4987,-10.5183
short,30m_previous_return_pct,25.1904,lte,3.8598,0.0,3.4831,0.0
short,30m_previous_volume_ratio,0.1153,gte,3.8598,0.0,3.4831,0.0
short,30m_previous_volume_ratio,0.833118,gte,3.7721,4.0163,3.293,3.8227
short,30m_previous_volume_ratio,1.550936,gte,3.8272,3.8767,3.5945,3.4255
short,30m_previous_volume_ratio,2.268754,gte,3.8656,3.8583,3.7472,3.4173
short,30m_previous_volume_ratio,2.986572,gte,3.4708,3.9234,3.1684,3.5346
short,30m_previous_volume_ratio,3.70439,gte,3.6152,3.8877,2.9395,3.5452
short,30m_previous_volume_ratio,4.422208,gte,3.556,3.8883,3.4103,3.49
short,30m_previous_volume_ratio,5.140026,gte,2.3144,3.9588,1.4976,3.6103
short,30m_previous_volume_ratio,5.857844,gte,2.7542,3.9168,3.1186,3.5019
short,30m_previous_volume_ratio,6.575662,gte,2.466,3.9198,2.7239,3.5158
short,30m_previous_volume_ratio,7.29348,gte,1.981,3.9293,1.7758,3.5463
short,30m_previous_volume_ratio,8.011298,gte,2.227,3.9047,1.9454,3.5254
short,30m_previous_volume_ratio,8.729116,gte,2.4137,3.8945,2.307,3.5113
short,30m_previous_volume_ratio,9.446934,gte,2.4027,3.893,2.2696,3.5108
short,30m_previous_volume_ratio,10.164752,gte,1.8443,3.9011,2.3064,3.5072
short,30m_previous_volume_ratio,10.88257,gte,1.6198,3.9005,2.2149,3.5062
short,30m_previous_volume_ratio,11.600388,gte,2.3006,3.8863,2.5363,3.4992
short,30m_previous_volume_ratio,12.318206,gte,2.0312,3.8867,1.7328,3.5089
short,30m_previous_volume_ratio,13.036024,gte,2.0108,3.8849,1.1311,3.515
short,30m_previous_volume_ratio,13.753842,gte,1.5243,3.8835,0.9421,3.5089
short,30m_previous_volume_ratio,14.47166,gte,1.5243,3.8835,0.9421,3.5089
short,30m_previous_volume_ratio,15.189478,gte,0.6246,3.8889,0.3282,3.5115
short,30m_previous_volume_ratio,15.907296,gte,0.6246,3.8889,0.3282,3.5115
short,30m_previous_volume_ratio,16.625114,gte,0.5097,3.8861,1.1745,3.5013
short,30m_previous_volume_ratio,17.342932,gte,0.5097,3.8861,1.1745,3.5013
short,30m_previous_volume_ratio,18.06075,gte,0.5097,3.8861,1.1745,3.5013
short,30m_previous_volume_ratio,18.778568,gte,0.5097,3.8861,1.1745,3.5013
short,30m_previous_volume_ratio,19.496386,gte,-0.063,3.8862,-0.1897,3.5079
short,30m_previous_volume_ratio,20.214204,gte,-0.063,3.8862,-0.1897,3.5079
short,30m_previous_volume_ratio,20.932022,gte,-0.063,3.8862,-0.1897,3.5079
short,30m_previous_volume_ratio,21.64984,gte,-0.063,3.8862,-0.1897,3.5079
short,30m_previous_volume_ratio,22.367658,gte,-0.6262,3.8849,-0.68,3.5065
short,30m_previous_volume_ratio,23.085476,gte,-0.6262,3.8849,-0.68,3.5065
short,30m_previous_volume_ratio,23.803294,gte,-0.6262,3.8849,-0.68,3.5065
short,30m_previous_volume_ratio,24.521112,gte,-0.8537,3.8809,-1.3895,3.5049
short,30m_previous_volume_ratio,25.23893,gte,-1.4493,3.8776,-2.3009,3.5025
short,30m_previous_volume_ratio,25.956748,gte,1.9481,3.8619,0.4638,3.4865
short,30m_previous_volume_ratio,26.674566,gte,1.9481,3.8619,0.4638,3.4865
short,30m_previous_volume_ratio,27.392384,gte,1.9481,3.8619,0.4638,3.4865
short,30m_previous_volume_ratio,28.110202,gte,1.9481,3.8619,0.4638,3.4865
short,30m_previous_volume_ratio,28.82802,gte,1.9481,3.8619,0.4638,3.4865
short,30m_previous_volume_ratio,29.545838,gte,1.9481,3.8619,0.4638,3.4865
short,30m_previous_volume_ratio,30.263656,gte,1.9481,3.8619,0.4638,3.4865
short,30m_previous_volume_ratio,30.981474,gte,1.9481,3.8619,0.4638,3.4865
short,30m_previous_volume_ratio,31.699292,gte,1.9481,3.8619,0.4638,3.4865
short,30m_previous_volume_ratio,32.41711,gte,1.9481,3.8619,0.4638,3.4865
short,30m_previous_volume_ratio,33.134928,gte,1.9481,3.8619,0.4638,3.4865
short,30m_previous_volume_ratio,33.852746,gte,1.9481,3.8619,0.4638,3.4865
short,30m_previous_volume_ratio,34.570564,gte,1.9481,3.8619,0.4638,3.4865
short,30m_previous_volume_ratio,35.288382,gte,1.9481,3.8619,0.4638,3.4865
short,30m_previous_volume_ratio,36.0062,gte,1.9481,3.8619,0.4638,3.4865
short,30m_previous_volume_ratio,0.1153,lte,4.7923,3.8587,5.3914,3.481
short,30m_previous_volume_ratio,0.833118,lte,4.0163,3.7721,3.8227,3.293
short,30m_previous_volume_ratio,1.550936,lte,3.8767,3.8272,3.4255,3.5945
short,30m_previous_volume_ratio,2.268754,lte,3.8583,3.8656,3.4173,3.7472
short,30m_previous_volume_ratio,2.986572,lte,3.9234,3.4708,3.5346,3.1684
short,30m_previous_volume_ratio,3.70439,lte,3.8877,3.6152,3.5452,2.9395
short,30m_previous_volume_ratio,4.422208,lte,3.8883,3.556,3.49,3.4103
short,30m_previous_volume_ratio,5.140026,lte,3.9588,2.3144,3.6103,1.4976
short,30m_previous_volume_ratio,5.857844,lte,3.9168,2.7542,3.5019,3.1186
short,30m_previous_volume_ratio,6.575662,lte,3.9198,2.466,3.5158,2.7239
short,30m_previous_volume_ratio,7.29348,lte,3.9293,1.981,3.5463,1.7758
short,30m_previous_volume_ratio,8.011298,lte,3.9047,2.227,3.5254,1.9454
short,30m_previous_volume_ratio,8.729116,lte,3.8945,2.4137,3.5113,2.307
short,30m_previous_volume_ratio,9.446934,lte,3.893,2.4027,3.5108,2.2696
short,30m_previous_volume_ratio,10.164752,lte,3.9011,1.8443,3.5072,2.3064
short,30m_previous_volume_ratio,10.88257,lte,3.9005,1.6198,3.5062,2.2149
short,30m_previous_volume_ratio,11.600388,lte,3.8863,2.3006,3.4992,2.5363
short,30m_previous_volume_ratio,12.318206,lte,3.8867,2.0312,3.5089,1.7328
short,30m_previous_volume_ratio,13.036024,lte,3.8849,2.0108,3.515,1.1311
short,30m_previous_volume_ratio,13.753842,lte,3.8835,1.5243,3.5089,0.9421
short,30m_previous_volume_ratio,14.47166,lte,3.8835,1.5243,3.5089,0.9421
short,30m_previous_volume_ratio,15.189478,lte,3.8889,0.6246,3.5115,0.3282
short,30m_previous_volume_ratio,15.907296,lte,3.8889,0.6246,3.5115,0.3282
short,30m_previous_volume_ratio,16.625114,lte,3.8861,0.5097,3.5013,1.1745
short,30m_previous_volume_ratio,17.342932,lte,3.8861,0.5097,3.5013,1.1745
short,30m_previous_volume_ratio,18.06075,lte,3.8861,0.5097,3.5013,1.1745
short,30m_previous_volume_ratio,18.778568,lte,3.8861,0.5097,3.5013,1.1745
short,30m_previous_volume_ratio,19.496386,lte,3.8862,-0.063,3.5079,-0.1897
short,30m_previous_volume_ratio,20.214204,lte,3.8862,-0.063,3.5079,-0.1897
short,30m_previous_volume_ratio,20.932022,lte,3.8862,-0.063,3.5079,-0.1897
short,30m_previous_volume_ratio,21.64984,lte,3.8862,-0.063,3.5079,-0.1897
short,30m_previous_volume_ratio,22.367658,lte,3.8849,-0.6262,3.5065,-0.68
short,30m_previous_volume_ratio,23.085476,lte,3.8849,-0.6262,3.5065,-0.68
short,30m_previous_volume_ratio,23.803294,lte,3.8849,-0.6262,3.5065,-0.68
short,30m_previous_volume_ratio,24.521112,lte,3.8809,-0.8537,3.5049,-1.3895
short,30m_previous_volume_ratio,25.23893,lte,3.8776,-1.4493,3.5025,-2.3009
short,30m_previous_volume_ratio,25.956748,lte,3.8619,1.9481,3.4865,0.4638
short,30m_previous_volume_ratio,26.674566,lte,3.8619,1.9481,3.4865,0.4638
short,30m_previous_volume_ratio,27.392384,lte,3.8619,1.9481,3.4865,0.4638
short,30m_previous_volume_ratio,28.110202,lte,3.8619,1.9481,3.4865,0.4638
short,30m_previous_volume_ratio,28.82802,lte,3.8619,1.9481,3.4865,0.4638
short,30m_previous_volume_ratio,29.545838,lte,3.8619,1.9481,3.4865,0.4638
short,30m_previous_volume_ratio,30.263656,lte,3.8619,1.9481,3.4865,0.4638
short,30m_previous_volume_ratio,30.981474,lte,3.8619,1.9481,3.4865,0.4638
short,30m_previous_volume_ratio,31.699292,lte,3.8619,1.9481,3.4865,0.4638
short,30m_previous_volume_ratio,32.41711,lte,3.8619,1.9481,3.4865,0.4638
short,30m_previous_volume_ratio,33.134928,lte,3.8619,1.9481,3.4865,0.4638
short,30m_previous_volume_ratio,33.852746,lte,3.8619,1.9481,3.4865,0.4638
short,30m_previous_volume_ratio,34.570564,lte,3.8619,1.9481,3.4865,0.4638
short,30m_previous_volume_ratio,35.288382,lte,3.8619,1.9481,3.4865,0.4638
short,30m_previous_volume_ratio,36.0062,lte,3.8598,0.0,3.4831,0.0
short,5m_body_position,0.0,gte,3.8598,0.0,3.4831,0.0
short,5m_body_position,0.02,gte,3.8667,3.7034,3.5124,2.8208
short,5m_body_position,0.04,gte,3.8222,4.3747,3.5042,3.1941
short,5m_body_position,0.06,gte,3.8389,4.0303,3.5529,2.9141
short,5m_body_position,0.08,gte,3.8519,3.9096,3.5842,2.841
short,5m_body_position,0.1,gte,3.7928,4.1881,3.4554,3.619
short,5m_body_position,0.12,gte,3.7392,4.3024,3.3286,4.0504
short,5m_body_position,0.14,gte,3.691,4.4085,3.255,4.2247
short,5m_body_position,0.16,gte,3.7084,4.2717,3.34,3.8726
short,5m_body_position,0.18,gte,3.6826,4.2736,3.3263,3.8493
short,5m_body_position,0.2,gte,3.6079,4.3686,3.2713,3.9111
short,5m_body_position,0.22,gte,3.5539,4.3982,3.2353,3.9194
short,5m_body_position,0.24,gte,3.508,4.4173,3.2181,3.9032
short,5m_body_position,0.26,gte,3.5157,4.3432,3.2667,3.7871
short,5m_body_position,0.28,gte,3.5132,4.3103,3.1907,3.8633
short,5m_body_position,0.3,gte,3.5473,4.2394,3.2222,3.8001
short,5m_body_position,0.32,gte,3.5336,4.214,3.1716,3.8215
short,5m_body_position,0.34,gte,3.4857,4.2297,3.0839,3.8779
short,5m_body_position,0.36,gte,3.3771,4.2983,2.917,3.9975
short,5m_body_position,0.38,gte,3.4126,4.223,2.8674,3.9832
short,5m_body_position,0.4,gte,3.4109,4.1912,2.9689,3.8628
short,5m_body_position,0.42,gte,3.4,4.1694,3.0124,3.8002
short,5m_body_position,0.44,gte,3.4064,4.1458,3.0756,3.7402
short,5m_body_position,0.46,gte,3.4197,4.1184,3.0254,3.7521
short,5m_body_position,0.48,gte,3.3394,4.1428,2.964,3.7655
short,5m_body_position,0.5,gte,3.3419,4.12,3.1442,3.6534
short,5m_body_position,0.52,gte,3.2657,4.1322,3.0109,3.6996
short,5m_body_position,0.54,gte,3.3292,4.0787,3.0828,3.6483
short,5m_body_position,0.56,gte,3.1248,4.1375,2.9865,3.6708
short,5m_body_position,0.58,gte,3.1001,4.1326,2.9278,3.6825
short,5m_body_position,0.6,gte,3.0947,4.1236,2.9079,3.6815
short,5m_body_position,0.62,gte,3.0532,4.1141,2.8724,3.6757
short,5m_body_position,0.64,gte,3.1315,4.0769,2.9706,3.6359
short,5m_body_position,0.66,gte,3.2753,4.0211,2.9967,3.6174
short,5m_body_position,0.68,gte,3.3244,3.9942,2.9544,3.6159
short,5m_body_position,0.7,gte,3.105,4.0337,2.7459,3.653
short,5m_body_position,0.72,gte,3.0676,4.0292,2.7284,3.6445
short,5m_body_position,0.74,gte,3.2894,3.9716,2.7785,3.6212
short,5m_body_position,0.76,gte,3.3841,3.9426,3.0065,3.5661
short,5m_body_position,0.78,gte,3.4512,3.9229,2.8434,3.5819
short,5m_body_position,0.8,gte,3.3482,3.935,2.5924,3.6141
short,5m_body_position,0.82,gte,3.457,3.912,3.1773,3.5228
short,5m_body_position,0.84,gte,3.3159,3.9197,3.1554,3.5192
short,5m_body_position,0.86,gte,3.3948,3.9053,3.3551,3.4957
short,5m_body_position,0.88,gte,3.6559,3.8765,4.0153,3.4395
short,5m_body_position,0.9,gte,4.3561,3.828,4.3067,3.4304
short,5m_body_position,0.92,gte,4.7658,3.8142,4.7834,3.4177
short,5m_body_position,0.94,gte,4.6536,3.8295,4.3633,3.4495
short,5m_body_position,0.96,gte,4.0394,3.8557,5.6019,3.4348
short,5m_body_position,0.98,gte,4.2261,3.8536,6.2281,3.4364
short,5m_body_position,1.0,gte,4.7786,3.8505,4.76,3.4702
short,5m_body_position,0.0,lte,3.8829,3.8589,3.8626,3.4691
short,5m_body_position,0.02,lte,3.7034,3.8667,2.8208,3.5124
short,5m_body_position,0.04,lte,4.383,3.8209,3.2719,3.4988
short,5m_body_position,0.06,lte,4.0083,3.8414,2.8835,3.5575
short,5m_body_position,0.08,lte,3.866,3.8588,2.8232,3.59
short,5m_body_position,0.1,lte,4.2134,3.7848,3.6551,3.4466
short,5m_body_position,0.12,lte,4.3295,3.731,4.0658,3.3234
short,5m_body_position,0.14,lte,4.4085,3.691,4.2247,3.255
short,5m_body_position,0.16,lte,4.2416,3.7187,3.8492,3.3479
short,5m_body_position,0.18,lte,4.2736,3.6826,3.8493,3.3263
short,5m_body_position,0.2,lte,4.3611,3.6066,3.9199,3.2625
short,5m_body_position,0.22,lte,4.4081,3.5467,3.9297,3.2281
short,5m_body_position,0.24,lte,4.4173,3.508,3.9032,3.2181
short,5m_body_position,0.26,lte,4.3432,3.5157,3.7871,3.2667
short,5m_body_position,0.28,lte,4.3103,3.5132,3.8633,3.1907
short,5m_body_position,0.3,lte,4.2349,3.5496,3.7954,3.2249
short,5m_body_position,0.32,lte,4.214,3.5336,3.8215,3.1716
short,5m_body_position,0.34,lte,4.2297,3.4857,3.8779,3.0839
short,5m_body_position,0.36,lte,4.2983,3.3771,3.9975,2.917
short,5m_body_position,0.38,lte,4.223,3.4126,3.9832,2.8674
short,5m_body_position,0.4,lte,4.1851,3.4152,3.8534,2.977
short,5m_body_position,0.42,lte,4.1694,3.4,3.8002,3.0124
short,5m_body_position,0.44,lte,4.1495,3.3984,3.7394,3.075
short,5m_body_position,0.46,lte,4.1184,3.4197,3.7521,3.0254
short,5m_body_position,0.48,lte,4.1402,3.3416,3.7653,2.9617
short,5m_body_position,0.5,lte,4.1307,3.3041,3.6637,3.1127
short,5m_body_position,0.52,lte,4.13,3.2675,3.6973,3.0136
short,5m_body_position,0.54,lte,4.0787,3.3292,3.6483,3.0828
short,5m_body_position,0.56,lte,4.1311,3.1338,3.6659,2.994
short,5m_body_position,0.58,lte,4.1326,3.1001,3.6825,2.9278
short,5m_body_position,0.6,lte,4.1133,3.1204,3.6715,2.9336
short,5m_body_position,0.62,lte,4.1141,3.0532,3.6757,2.8724
short,5m_body_position,0.64,lte,4.0729,3.1405,3.6369,2.9642
short,5m_body_position,0.66,lte,4.0211,3.2753,3.6174,2.9967
short,5m_body_position,0.68,lte,3.9942,3.3244,3.6159,2.9544
short,5m_body_position,0.7,lte,4.0337,3.105,3.653,2.7459
short,5m_body_position,0.72,lte,4.0292,3.0676,3.6445,2.7284
short,5m_body_position,0.74,lte,3.9716,3.2894,3.6212,2.7785
short,5m_body_position,0.76,lte,3.9426,3.3841,3.5661,3.0065
short,5m_body_position,0.78,lte,3.9229,3.4512,3.5819,2.8434
short,5m_body_position,0.8,lte,3.9253,3.4007,3.6094,2.5982
short,5m_body_position,0.82,lte,3.912,3.457,3.5228,3.1773
short,5m_body_position,0.84,lte,3.9197,3.3159,3.5192,3.1554
short,5m_body_position,0.86,lte,3.8993,3.4506,3.4881,3.4318
short,5m_body_position,0.88,lte,3.8795,3.6113,3.436,4.0767
short,5m_body_position,0.9,lte,3.828,4.3561,3.4304,4.3067
short,5m_body_position,0.92,lte,3.8184,4.7025,3.4229,4.7096
short,5m_body_position,0.94,lte,3.8295,4.6536,3.4495,4.3633
short,5m_body_position,0.96,lte,3.8557,4.0394,3.4348,5.6019
short,5m_body_position,0.98,lte,3.8536,4.2261,3.4364,6.2281
short,5m_body_position,1.0,lte,3.8598,0.0,3.4831,0.0
short,5m_compression,0.0,gte,3.8598,0.0,3.4831,0.0
short,5m_compression,2.043478,gte,2.9656,4.4509,2.737,3.9764
short,5m_compression,4.086957,gte,2.7576,4.381,2.6193,3.8917
short,5m_compression,6.130435,gte,2.6921,4.2484,2.6566,3.7582
short,5m_compression,8.173913,gte,2.5375,4.2223,2.4765,3.7591
short,5m_compression,10.217391,gte,2.4871,4.1601,2.5505,3.6871
short,5m_compression,12.26087,gte,2.4645,4.131,2.4559,3.6828
short,5m_compression,14.304348,gte,2.3757,4.1296,2.2999,3.6982
short,5m_compression,16.347826,gte,2.3171,4.1166,2.3586,3.6703
short,5m_compression,18.391304,gte,2.3319,4.1003,2.3407,3.663
short,5m_compression,20.434783,gte,2.2373,4.0866,2.2516,3.6553
short,5m_compression,22.478261,gte,2.1609,4.0802,2.1866,3.6513
short,5m_compression,24.521739,gte,2.1128,4.0643,2.0395,3.6521
short,5m_compression,26.565217,gte,2.0261,4.0643,1.9826,3.6505
short,5m_compression,28.608696,gte,2.1025,4.0485,2.0921,3.6325
short,5m_compression,30.652174,gte,2.0642,4.0356,1.9648,3.6318
short,5m_compression,32.695652,gte,2.0212,4.03,1.8795,3.6316
short,5m_compression,34.73913,gte,1.9834,4.0285,1.7452,3.6394
short,5m_compression,36.782609,gte,1.9021,4.0229,1.7591,3.6268
short,5m_compression,38.826087,gte,1.8411,4.0175,1.5919,3.6309
short,5m_compression,40.869565,gte,1.8502,4.0064,1.6495,3.6169
short,5m_compression,42.913043,gte,1.9149,3.9893,1.7563,3.5981
short,5m_compression,44.956522,gte,1.8117,3.9884,1.7851,3.5898
short,5m_compression,47.0,gte,1.785,3.9823,1.6027,3.5941
short,5m_compression,0.0,lte,4.8159,3.1854,4.0893,3.0556
short,5m_compression,2.043478,lte,4.4509,2.9656,3.9764,2.737
short,5m_compression,4.086957,lte,4.381,2.7576,3.8917,2.6193
short,5m_compression,6.130435,lte,4.2484,2.6921,3.7582,2.6566
short,5m_compression,8.173913,lte,4.2223,2.5375,3.7591,2.4765
short,5m_compression,10.217391,lte,4.1601,2.4871,3.6871,2.5505
short,5m_compression,12.26087,lte,4.131,2.4645,3.6828,2.4559
short,5m_compression,14.304348,lte,4.1296,2.3757,3.6982,2.2999
short,5m_compression,16.347826,lte,4.1166,2.3171,3.6703,2.3586
short,5m_compression,18.391304,lte,4.1003,2.3319,3.663,2.3407
short,5m_compression,20.434783,lte,4.0866,2.2373,3.6553,2.2516
short,5m_compression,22.478261,lte,4.0802,2.1609,3.6513,2.1866
short,5m_compression,24.521739,lte,4.0643,2.1128,3.6521,2.0395
short,5m_compression,26.565217,lte,4.0643,2.0261,3.6505,1.9826
short,5m_compression,28.608696,lte,4.0485,2.1025,3.6325,2.0921
short,5m_compression,30.652174,lte,4.0356,2.0642,3.6318,1.9648
short,5m_compression,32.695652,lte,4.03,2.0212,3.6316,1.8795
short,5m_compression,34.73913,lte,4.0285,1.9834,3.6394,1.7452
short,5m_compression,36.782609,lte,4.0229,1.9021,3.6268,1.7591
short,5m_compression,38.826087,lte,4.0175,1.8411,3.6309,1.5919
short,5m_compression,40.869565,lte,4.0064,1.8502,3.6169,1.6495
short,5m_compression,42.913043,lte,3.9893,1.9149,3.5981,1.7563
short,5m_compression,44.956522,lte,3.9884,1.8117,3.5898,1.7851
short,5m_compression,47.0,lte,3.8598,0.0,3.4831,0.0
short,5m_first_abnormal_candle_6,0.0,gte,3.8598,0.0,3.4831,0.0
short,5m_first_abnormal_candle_6,0.1,gte,3.9565,3.4402,3.7481,2.3332
short,5m_first_abnormal_candle_6,0.2,gte,3.9565,3.4402,3.7481,2.3332
short,5m_first_abnormal_candle_6,0.3,gte,3.9565,3.4402,3.7481,2.3332
short,5m_first_abnormal_candle_6,0.4,gte,3.9565,3.4402,3.7481,2.3332
short,5m_first_abnormal_candle_6,0.5,gte,3.9565,3.4402,3.7481,2.3332
short,5m_first_abnormal_candle_6,0.6,gte,3.9565,3.4402,3.7481,2.3332
short,5m_first_abnormal_candle_6,0.7,gte,3.9565,3.4402,3.7481,2.3332
short,5m_first_abnormal_candle_6,0.8,gte,3.9565,3.4402,3.7481,2.3332
short,5m_first_abnormal_candle_6,0.9,gte,3.9565,3.4402,3.7481,2.3332
short,5m_first_abnormal_candle_6,1.0,gte,3.9565,3.4402,3.7481,2.3332
short,5m_first_abnormal_candle_6,0.0,lte,3.4402,3.9565,2.3332,3.7481
short,5m_first_abnormal_candle_6,0.1,lte,3.4402,3.9565,2.3332,3.7481
short,5m_first_abnormal_candle_6,0.2,lte,3.4402,3.9565,2.3332,3.7481
short,5m_first_abnormal_candle_6,0.3,lte,3.4402,3.9565,2.3332,3.7481
short,5m_first_abnormal_candle_6,0.4,lte,3.4402,3.9565,2.3332,3.7481
short,5m_first_abnormal_candle_6,0.5,lte,3.4402,3.9565,2.3332,3.7481
short,5m_first_abnormal_candle_6,0.6,lte,3.4402,3.9565,2.3332,3.7481
short,5m_first_abnormal_candle_6,0.7,lte,3.4402,3.9565,2.3332,3.7481
short,5m_first_abnormal_candle_6,0.8,lte,3.4402,3.9565,2.3332,3.7481
short,5m_first_abnormal_candle_6,0.9,lte,3.4402,3.9565,2.3332,3.7481
short,5m_first_abnormal_candle_6,1.0,lte,3.8598,0.0,3.4831,0.0
short,5m_momentum,-18.134468,gte,3.8565,6.7696,3.4828,3.7876
short,5m_momentum,-17.268308,gte,3.8466,9.7692,3.4958,-2.1945
short,5m_momentum,-16.402147,gte,3.8466,9.7692,3.4958,-2.1945
short,5m_momentum,-15.535986,gte,3.842,9.1672,3.4939,0.2844
short,5m_momentum,-14.669826,gte,3.8227,12.1353,3.4798,4.2201
short,5m_momentum,-13.803665,gte,3.8325,8.7278,3.5264,-4.2295
short,5m_momentum,-12.937504,gte,3.8325,8.7278,3.5264,-4.2295
short,5m_momentum,-12.071344,gte,3.8325,8.7278,3.5264,-4.2295
short,5m_momentum,-11.205183,gte,3.8325,8.7278,3.5264,-4.2295
short,5m_momentum,-10.339022,gte,3.8276,7.439,3.5324,-1.9911
short,5m_momentum,-9.472862,gte,3.828,6.6795,3.5119,0.9297
short,5m_momentum,-8.606701,gte,3.818,7.2274,3.4982,2.2707
short,5m_momentum,-7.74054,gte,3.8212,6.2931,3.4938,2.8077
short,5m_momentum,-6.87438,gte,3.8439,4.5553,3.5344,1.2344
short,5m_momentum,-6.008219,gte,3.8387,4.5385,3.5446,1.503
short,5m_momentum,-5.142059,gte,3.813,5.0844,3.4943,3.1917
short,5m_momentum,-4.275898,gte,3.8329,4.4209,3.5006,3.1175
short,5m_momentum,-3.409737,gte,3.8504,3.9881,3.5504,2.5604
short,5m_momentum,-2.543577,gte,3.8237,4.1836,3.5633,2.7645
short,5m_momentum,-1.677416,gte,3.7242,4.5632,3.5032,3.3789
short,5m_momentum,-0.811255,gte,3.7185,4.2173,3.4756,3.5023
short,5m_momentum,0.054905,gte,4.0553,3.6223,3.7606,3.1461
short,5m_momentum,0.921066,gte,4.3159,3.6044,3.8618,3.2711
short,5m_momentum,1.787227,gte,4.3468,3.6977,3.7986,3.3781
short,5m_momentum,2.653387,gte,4.4785,3.7336,3.8494,3.4084
short,5m_momentum,3.519548,gte,4.5486,3.7585,3.7518,3.4436
short,5m_momentum,4.385709,gte,5.4026,3.7046,4.3572,3.3952
short,5m_momentum,5.251869,gte,5.8227,3.7266,4.5434,3.4112
short,5m_momentum,6.11803,gte,5.0454,3.8001,3.3818,3.4882
short,5m_momentum,6.984191,gte,5.0413,3.8132,3.1241,3.4973
short,5m_momentum,7.850351,gte,4.1,3.8529,2.4603,3.5124
short,5m_momentum,8.716512,gte,2.8116,3.8813,0.3382,3.5475
short,5m_momentum,9.582672,gte,3.4028,3.8681,0.9114,3.5298
short,5m_momentum,10.448833,gte,3.5776,3.8623,-6.0919,3.5693
short,5m_momentum,11.314994,gte,6.865,3.8361,-3.9554,3.5416
short,5m_momentum,12.181154,gte,7.46,3.8396,-6.0291,3.5364
short,5m_momentum,13.047315,gte,2.2267,3.8671,-14.0114,3.5615
short,5m_momentum,13.913476,gte,1.4249,3.868,-7.8628,3.5212
short,5m_momentum,14.779636,gte,1.4249,3.868,-7.8628,3.5212
short,5m_momentum,15.645797,gte,-9.6235,3.8748,-10.5183,3.4987
short,5m_momentum,16.511958,gte,-9.6235,3.8748,-10.5183,3.4987
short,5m_momentum,17.378118,gte,-9.6235,3.8748,-10.5183,3.4987
short,5m_momentum,18.244279,gte,-9.6235,3.8748,-10.5183,3.4987
short,5m_momentum,19.11044,gte,-9.6235,3.8748,-10.5183,3.4987
short,5m_momentum,19.9766,gte,-9.6235,3.8748,-10.5183,3.4987
short,5m_momentum,20.842761,gte,-9.6235,3.8748,-10.5183,3.4987
short,5m_momentum,21.708922,gte,-9.6235,3.8748,-10.5183,3.4987
short,5m_momentum,22.575082,gte,-9.6235,3.8748,-10.5183,3.4987
short,5m_momentum,23.441243,gte,-9.6235,3.8748,-10.5183,3.4987
short,5m_momentum,24.307404,gte,-9.6235,3.8748,-10.5183,3.4987
short,5m_momentum,25.173564,gte,-9.6235,3.8748,-10.5183,3.4987
short,5m_momentum,-18.134468,lte,6.7696,3.8565,3.7876,3.4828
short,5m_momentum,-17.268308,lte,9.7692,3.8466,-2.1945,3.4958
short,5m_momentum,-16.402147,lte,9.7692,3.8466,-2.1945,3.4958
short,5m_momentum,-15.535986,lte,9.1672,3.842,0.2844,3.4939
short,5m_momentum,-14.669826,lte,12.1353,3.8227,4.2201,3.4798
short,5m_momentum,-13.803665,lte,8.7278,3.8325,-4.2295,3.5264
short,5m_momentum,-12.937504,lte,8.7278,3.8325,-4.2295,3.5264
short,5m_momentum,-12.071344,lte,8.7278,3.8325,-4.2295,3.5264
short,5m_momentum,-11.205183,lte,8.7278,3.8325,-4.2295,3.5264
short,5m_momentum,-10.339022,lte,7.439,3.8276,-1.9911,3.5324
short,5m_momentum,-9.472862,lte,6.6795,3.828,0.9297,3.5119
short,5m_momentum,-8.606701,lte,7.2274,3.818,2.2707,3.4982
short,5m_momentum,-7.74054,lte,6.2931,3.8212,2.8077,3.4938
short,5m_momentum,-6.87438,lte,4.5553,3.8439,1.2344,3.5344
short,5m_momentum,-6.008219,lte,4.5385,3.8387,1.503,3.5446
short,5m_momentum,-5.142059,lte,5.0844,3.813,3.1917,3.4943
short,5m_momentum,-4.275898,lte,4.4209,3.8329,3.1175,3.5006
short,5m_momentum,-3.409737,lte,3.9881,3.8504,2.5604,3.5504
short,5m_momentum,-2.543577,lte,4.1836,3.8237,2.7645,3.5633
short,5m_momentum,-1.677416,lte,4.5632,3.7242,3.3789,3.5032
short,5m_momentum,-0.811255,lte,4.2173,3.7185,3.5023,3.4756
short,5m_momentum,0.054905,lte,3.6223,4.0553,3.1461,3.7606
short,5m_momentum,0.921066,lte,3.6044,4.3159,3.2711,3.8618
short,5m_momentum,1.787227,lte,3.6977,4.3468,3.3781,3.7986
short,5m_momentum,2.653387,lte,3.7336,4.4785,3.4084,3.8494
short,5m_momentum,3.519548,lte,3.7585,4.5486,3.4436,3.7518
short,5m_momentum,4.385709,lte,3.7046,5.4026,3.3952,4.3572
short,5m_momentum,5.251869,lte,3.7266,5.8227,3.4112,4.5434
short,5m_momentum,6.11803,lte,3.8001,5.0454,3.4882,3.3818
short,5m_momentum,6.984191,lte,3.8132,5.0413,3.4973,3.1241
short,5m_momentum,7.850351,lte,3.8529,4.1,3.5124,2.4603
short,5m_momentum,8.716512,lte,3.8813,2.8116,3.5475,0.3382
short,5m_momentum,9.582672,lte,3.8681,3.4028,3.5298,0.9114
short,5m_momentum,10.448833,lte,3.8623,3.5776,3.5693,-6.0919
short,5m_momentum,11.314994,lte,3.8361,6.865,3.5416,-3.9554
short,5m_momentum,12.181154,lte,3.8396,7.46,3.5364,-6.0291
short,5m_momentum,13.047315,lte,3.8671,2.2267,3.5615,-14.0114
short,5m_momentum,13.913476,lte,3.868,1.4249,3.5212,-7.8628
short,5m_momentum,14.779636,lte,3.868,1.4249,3.5212,-7.8628
short,5m_momentum,15.645797,lte,3.8748,-9.6235,3.4987,-10.5183
short,5m_momentum,16.511958,lte,3.8748,-9.6235,3.4987,-10.5183
short,5m_momentum,17.378118,lte,3.8748,-9.6235,3.4987,-10.5183
short,5m_momentum,18.244279,lte,3.8748,-9.6235,3.4987,-10.5183
short,5m_momentum,19.11044,lte,3.8748,-9.6235,3.4987,-10.5183
short,5m_momentum,19.9766,lte,3.8748,-9.6235,3.4987,-10.5183
short,5m_momentum,20.842761,lte,3.8748,-9.6235,3.4987,-10.5183
short,5m_momentum,21.708922,lte,3.8748,-9.6235,3.4987,-10.5183
short,5m_momentum,22.575082,lte,3.8748,-9.6235,3.4987,-10.5183
short,5m_momentum,23.441243,lte,3.8748,-9.6235,3.4987,-10.5183
short,5m_momentum,24.307404,lte,3.8748,-9.6235,3.4987,-10.5183
short,5m_momentum,25.173564,lte,3.8748,-9.6235,3.4987,-10.5183
short,5m_range_energy,0.0,gte,3.8598,0.0,3.4831,0.0
short,5m_range_energy,4.185102,gte,4.5842,3.3919,4.2007,3.0197
short,5m_range_energy,8.370204,gte,4.9945,3.4476,4.5391,3.0996
short,5m_range_energy,12.555306,gte,5.3433,3.5254,5.0317,3.1341
short,5m_range_energy,16.740408,gte,5.5431,3.5847,5.4096,3.1683
short,5m_range_energy,20.92551,gte,4.7134,3.7454,4.7897,3.308
short,5m_range_energy,25.110612,gte,4.3034,3.8097,5.2522,3.2834
short,5m_range_energy,29.295714,gte,4.5667,3.7962,5.4804,3.3035
short,5m_range_energy,33.480816,gte,5.0605,3.766,5.3267,3.3391
short,5m_range_energy,37.665918,gte,5.4687,3.7527,6.8358,3.2599
short,5m_range_energy,41.85102,gte,4.7495,3.8095,6.1956,3.3298
short,5m_range_energy,46.036122,gte,4.6795,3.8205,6.4132,3.3428
short,5m_range_energy,50.221224,gte,4.6929,3.8229,5.114,3.411
short,5m_range_energy,54.406326,gte,5.0609,3.8139,5.3513,3.4118
short,5m_range_energy,58.591428,gte,4.9719,3.8226,4.8186,3.4385
short,5m_range_energy,62.77653,gte,4.725,3.8329,4.0488,3.4656
short,5m_range_energy,66.961632,gte,4.8161,3.8324,3.9396,3.47
short,5m_range_energy,71.146734,gte,4.5378,3.8411,3.5063,3.4825
short,5m_range_energy,75.331836,gte,5.3555,3.8204,4.8684,3.4467
short,5m_range_energy,79.516938,gte,4.9622,3.8334,4.6342,3.4555
short,5m_range_energy,83.70204,gte,2.9491,3.8795,2.9123,3.4955
short,5m_range_energy,87.887142,gte,5.7574,3.8209,5.2953,3.446
short,5m_range_energy,92.072244,gte,5.7574,3.8209,5.2953,3.446
short,5m_range_energy,96.257346,gte,4.898,3.8433,3.5815,3.4816
short,5m_range_energy,100.442448,gte,4.898,3.8433,3.5815,3.4816
short,5m_range_energy,104.62755,gte,4.898,3.8433,3.5815,3.4816
short,5m_range_energy,108.812652,gte,4.7296,3.848,2.7293,3.4933
short,5m_range_energy,112.997754,gte,4.7296,3.848,2.7293,3.4933
short,5m_range_energy,117.182856,gte,1.2109,3.8896,-2.1623,3.5468
short,5m_range_energy,121.367958,gte,1.2109,3.8896,-2.1623,3.5468
short,5m_range_energy,125.55306,gte,1.6632,3.8796,-2.3968,3.536
short,5m_range_energy,129.738162,gte,1.6632,3.8796,-2.3968,3.536
short,5m_range_energy,133.923264,gte,-1.5177,3.896,-7.7201,3.5586
short,5m_range_energy,138.108366,gte,-1.5177,3.896,-7.7201,3.5586
short,5m_range_energy,142.293468,gte,-1.5177,3.896,-7.7201,3.5586
short,5m_range_energy,146.47857,gte,-1.5177,3.896,-7.7201,3.5586
short,5m_range_energy,150.663672,gte,-1.5177,3.896,-7.7201,3.5586
short,5m_range_energy,154.848774,gte,-2.7476,3.8968,-2.7726,3.5182
short,5m_range_energy,159.033876,gte,-2.7476,3.8968,-2.7726,3.5182
short,5m_range_energy,163.218978,gte,1.424,3.8707,1.7961,3.4907
short,5m_range_energy,167.40408,gte,1.424,3.8707,1.7961,3.4907
short,5m_range_energy,171.589182,gte,1.6479,3.8672,2.0387,3.488
short,5m_range_energy,175.774284,gte,1.6479,3.8672,2.0387,3.488
short,5m_range_energy,179.959386,gte,4.3891,3.8586,4.8452,3.4801
short,5m_range_energy,184.144488,gte,4.3891,3.8586,4.8452,3.4801
short,5m_range_energy,188.32959,gte,4.3891,3.8586,4.8452,3.4801
short,5m_range_energy,192.514692,gte,4.3891,3.8586,4.8452,3.4801
short,5m_range_energy,196.699794,gte,18.4017,3.8436,20.2086,3.4645
short,5m_range_energy,200.884896,gte,18.4017,3.8436,20.2086,3.4645
short,5m_range_energy,205.069998,gte,18.4017,3.8436,20.2086,3.4645
short,5m_range_energy,209.2551,gte,18.4017,3.8436,20.2086,3.4645
short,5m_range_energy,0.0,lte,4.7508,3.8446,6.5704,3.4306
short,5m_range_energy,4.185102,lte,3.3919,4.5842,3.0197,4.2007
short,5m_range_energy,8.370204,lte,3.4476,4.9945,3.0996,4.5391
short,5m_range_energy,12.555306,lte,3.5254,5.3433,3.1341,5.0317
short,5m_range_energy,16.740408,lte,3.5847,5.5431,3.1683,5.4096
short,5m_range_energy,20.92551,lte,3.7454,4.7134,3.308,4.7897
short,5m_range_energy,25.110612,lte,3.8097,4.3034,3.2834,5.2522
short,5m_range_energy,29.295714,lte,3.7962,4.5667,3.3035,5.4804
short,5m_range_energy,33.480816,lte,3.766,5.0605,3.3391,5.3267
short,5m_range_energy,37.665918,lte,3.7527,5.4687,3.2599,6.8358
short,5m_range_energy,41.85102,lte,3.8095,4.7495,3.3298,6.1956
short,5m_range_energy,46.036122,lte,3.8205,4.6795,3.3428,6.4132
short,5m_range_energy,50.221224,lte,3.8229,4.6929,3.411,5.114
short,5m_range_energy,54.406326,lte,3.8139,5.0609,3.4118,5.3513
short,5m_range_energy,58.591428,lte,3.8226,4.9719,3.4385,4.8186
short,5m_range_energy,62.77653,lte,3.8329,4.725,3.4656,4.0488
short,5m_range_energy,66.961632,lte,3.8324,4.8161,3.47,3.9396
short,5m_range_energy,71.146734,lte,3.8411,4.5378,3.4825,3.5063
short,5m_range_energy,75.331836,lte,3.8204,5.3555,3.4467,4.8684
short,5m_range_energy,79.516938,lte,3.8334,4.9622,3.4555,4.6342
short,5m_range_energy,83.70204,lte,3.8795,2.9491,3.4955,2.9123
short,5m_range_energy,87.887142,lte,3.8209,5.7574,3.446,5.2953
short,5m_range_energy,92.072244,lte,3.8209,5.7574,3.446,5.2953
short,5m_range_energy,96.257346,lte,3.8433,4.898,3.4816,3.5815
short,5m_range_energy,100.442448,lte,3.8433,4.898,3.4816,3.5815
short,5m_range_energy,104.62755,lte,3.8433,4.898,3.4816,3.5815
short,5m_range_energy,108.812652,lte,3.848,4.7296,3.4933,2.7293
short,5m_range_energy,112.997754,lte,3.848,4.7296,3.4933,2.7293
short,5m_range_energy,117.182856,lte,3.8896,1.2109,3.5468,-2.1623
short,5m_range_energy,121.367958,lte,3.8896,1.2109,3.5468,-2.1623
short,5m_range_energy,125.55306,lte,3.8796,1.6632,3.536,-2.3968
short,5m_range_energy,129.738162,lte,3.8796,1.6632,3.536,-2.3968
short,5m_range_energy,133.923264,lte,3.896,-1.5177,3.5586,-7.7201
short,5m_range_energy,138.108366,lte,3.896,-1.5177,3.5586,-7.7201
short,5m_range_energy,142.293468,lte,3.896,-1.5177,3.5586,-7.7201
short,5m_range_energy,146.47857,lte,3.896,-1.5177,3.5586,-7.7201
short,5m_range_energy,150.663672,lte,3.896,-1.5177,3.5586,-7.7201
short,5m_range_energy,154.848774,lte,3.8968,-2.7476,3.5182,-2.7726
short,5m_range_energy,159.033876,lte,3.8968,-2.7476,3.5182,-2.7726
short,5m_range_energy,163.218978,lte,3.8707,1.424,3.4907,1.7961
short,5m_range_energy,167.40408,lte,3.8707,1.424,3.4907,1.7961
short,5m_range_energy,171.589182,lte,3.8672,1.6479,3.488,2.0387
short,5m_range_energy,175.774284,lte,3.8672,1.6479,3.488,2.0387
short,5m_range_energy,179.959386,lte,3.8586,4.3891,3.4801,4.8452
short,5m_range_energy,184.144488,lte,3.8586,4.3891,3.4801,4.8452
short,5m_range_energy,188.32959,lte,3.8586,4.3891,3.4801,4.8452
short,5m_range_energy,192.514692,lte,3.8586,4.3891,3.4801,4.8452
short,5m_range_energy,196.699794,lte,3.8436,18.4017,3.4645,20.2086
short,5m_range_energy,200.884896,lte,3.8436,18.4017,3.4645,20.2086
short,5m_range_energy,205.069998,lte,3.8436,18.4017,3.4645,20.2086
short,5m_range_energy,209.2551,lte,3.8598,0.0,3.4831,0.0
short,5m_release,0.0,gte,3.8598,0.0,3.4831,0.0
short,5m_release,0.1,gte,3.3757,3.9261,3.5467,3.4744
short,5m_release,0.2,gte,3.3757,3.9261,3.5467,3.4744
short,5m_release,0.3,gte,3.3757,3.9261,3.5467,3.4744
short,5m_release,0.4,gte,3.3757,3.9261,3.5467,3.4744
short,5m_release,0.5,gte,3.3757,3.9261,3.5467,3.4744
short,5m_release,0.6,gte,3.3757,3.9261,3.5467,3.4744
short,5m_release,0.7,gte,3.3757,3.9261,3.5467,3.4744
short,5m_release,0.8,gte,3.3757,3.9261,3.5467,3.4744
short,5m_release,0.9,gte,3.3757,3.9261,3.5467,3.4744
short,5m_release,1.0,gte,3.3757,3.9261,3.5467,3.4744
short,5m_release,0.0,lte,3.9261,3.3757,3.4744,3.5467
short,5m_release,0.1,lte,3.9261,3.3757,3.4744,3.5467
short,5m_release,0.2,lte,3.9261,3.3757,3.4744,3.5467
short,5m_release,0.3,lte,3.9261,3.3757,3.4744,3.5467
short,5m_release,0.4,lte,3.9261,3.3757,3.4744,3.5467
short,5m_release,0.5,lte,3.9261,3.3757,3.4744,3.5467
short,5m_release,0.6,lte,3.9261,3.3757,3.4744,3.5467
short,5m_release,0.7,lte,3.9261,3.3757,3.4744,3.5467
short,5m_release,0.8,lte,3.9261,3.3757,3.4744,3.5467
short,5m_release,0.9,lte,3.9261,3.3757,3.4744,3.5467
short,5m_release,1.0,lte,3.8598,0.0,3.4831,0.0
short,5m_seq_body_energy_6,0.0,gte,3.8598,0.0,3.4831,0.0
short,5m_seq_body_energy_6,0.375776,gte,3.9877,3.4516,3.6185,3.0509
short,5m_seq_body_energy_6,0.751552,gte,4.1718,3.379,3.7606,3.0556
short,5m_seq_body_energy_6,1.127328,gte,4.3204,3.4597,3.8536,3.1612
short,5m_seq_body_energy_6,1.503104,gte,4.1066,3.7222,4.0201,3.1839
short,5m_seq_body_energy_6,1.87888,gte,4.0404,3.7892,4.0235,3.272
short,5m_seq_body_energy_6,2.254656,gte,3.9335,3.8381,3.8729,3.3684
short,5m_seq_body_energy_6,2.630432,gte,4.0528,3.8166,4.1016,3.3447
short,5m_seq_body_energy_6,3.006208,gte,4.4732,3.752,4.7633,3.2583
short,5m_seq_body_energy_6,3.381984,gte,4.6171,3.7517,5.3662,3.2145
short,5m_seq_body_energy_6,3.75776,gte,4.3581,3.8035,5.7277,3.2297
short,5m_seq_body_energy_6,4.133536,gte,5.2058,3.7316,6.8821,3.1594
short,5m_seq_body_energy_6,4.509312,gte,5.5073,3.7289,7.2412,3.1846
short,5m_seq_body_energy_6,4.885088,gte,5.6943,3.7353,7.6736,3.1988
short,5m_seq_body_energy_6,5.260864,gte,6.3592,3.7154,7.6742,3.2409
short,5m_seq_body_energy_6,5.63664,gte,6.6641,3.7117,7.9725,3.246
short,5m_seq_body_energy_6,6.012416,gte,5.5919,3.7832,6.3478,3.3564
short,5m_seq_body_energy_6,6.388192,gte,4.8459,3.8221,6.1673,3.3806
short,5m_seq_body_energy_6,6.763968,gte,3.414,3.8736,3.9877,3.4675
short,5m_seq_body_energy_6,7.139744,gte,3.0827,3.8821,3.722,3.4763
short,5m_seq_body_energy_6,7.51552,gte,1.7572,3.9127,0.7811,3.5511
short,5m_seq_body_energy_6,7.891296,gte,0.5604,3.9312,-0.429,3.5678
short,5m_seq_body_energy_6,8.267072,gte,0.9439,3.9161,0.143,3.5476
short,5m_seq_body_energy_6,8.642848,gte,0.9439,3.9161,0.143,3.5476
short,5m_seq_body_energy_6,9.018624,gte,0.1736,3.9182,-1.746,3.566
short,5m_seq_body_energy_6,9.3944,gte,-0.6052,3.9254,-2.4052,3.5697
short,5m_seq_body_energy_6,9.770176,gte,4.191,3.8557,0.9733,3.5143
short,5m_seq_body_energy_6,10.145952,gte,3.9852,3.8587,3.6891,3.4813
short,5m_seq_body_energy_6,10.521728,gte,2.9124,3.8672,2.1678,3.4935
short,5m_seq_body_energy_6,10.897504,gte,2.4544,3.8693,2.221,3.4916
short,5m_seq_body_energy_6,11.27328,gte,2.4544,3.8693,2.221,3.4916
short,5m_seq_body_energy_6,11.649056,gte,6.2085,3.8493,6.5799,3.4693
short,5m_seq_body_energy_6,12.024832,gte,6.2085,3.8493,6.5799,3.4693
short,5m_seq_body_energy_6,12.400608,gte,6.2085,3.8493,6.5799,3.4693
short,5m_seq_body_energy_6,12.776384,gte,6.2085,3.8493,6.5799,3.4693
short,5m_seq_body_energy_6,13.15216,gte,3.1768,3.8621,3.5862,3.4828
short,5m_seq_body_energy_6,13.527936,gte,3.1768,3.8621,3.5862,3.4828
short,5m_seq_body_energy_6,13.903712,gte,3.1768,3.8621,3.5862,3.4828
short,5m_seq_body_energy_6,14.279488,gte,3.1768,3.8621,3.5862,3.4828
short,5m_seq_body_energy_6,14.655264,gte,3.1768,3.8621,3.5862,3.4828
short,5m_seq_body_energy_6,15.03104,gte,3.1768,3.8621,3.5862,3.4828
short,5m_seq_body_energy_6,15.406816,gte,3.1768,3.8621,3.5862,3.4828
short,5m_seq_body_energy_6,15.782592,gte,3.1768,3.8621,3.5862,3.4828
short,5m_seq_body_energy_6,16.158368,gte,-4.4356,3.8783,-4.7249,3.5015
short,5m_seq_body_energy_6,16.534144,gte,-4.4356,3.8783,-4.7249,3.5015
short,5m_seq_body_energy_6,16.90992,gte,-4.4356,3.8783,-4.7249,3.5015
short,5m_seq_body_energy_6,17.285696,gte,-9.6235,3.8748,-10.5183,3.4987
short,5m_seq_body_energy_6,17.661472,gte,-9.6235,3.8748,-10.5183,3.4987
short,5m_seq_body_energy_6,18.037248,gte,-9.6235,3.8748,-10.5183,3.4987
short,5m_seq_body_energy_6,18.413024,gte,-9.6235,3.8748,-10.5183,3.4987
short,5m_seq_body_energy_6,18.7888,gte,-9.6235,3.8748,-10.5183,3.4987
short,5m_seq_body_energy_6,0.0,lte,4.7508,3.8446,6.5704,3.4306
short,5m_seq_body_energy_6,0.375776,lte,3.4516,3.9877,3.0509,3.6185
short,5m_seq_body_energy_6,0.751552,lte,3.379,4.1718,3.0556,3.7606
short,5m_seq_body_energy_6,1.127328,lte,3.4597,4.3204,3.1612,3.8536
short,5m_seq_body_energy_6,1.503104,lte,3.7222,4.1066,3.1839,4.0201
short,5m_seq_body_energy_6,1.87888,lte,3.7892,4.0404,3.272,4.0235
short,5m_seq_body_energy_6,2.254656,lte,3.8381,3.9335,3.3684,3.8729
short,5m_seq_body_energy_6,2.630432,lte,3.8166,4.0528,3.3447,4.1016
short,5m_seq_body_energy_6,3.006208,lte,3.752,4.4732,3.2583,4.7633
short,5m_seq_body_energy_6,3.381984,lte,3.7517,4.6171,3.2145,5.3662
short,5m_seq_body_energy_6,3.75776,lte,3.8035,4.3581,3.2297,5.7277
short,5m_seq_body_energy_6,4.133536,lte,3.7316,5.2058,3.1594,6.8821
short,5m_seq_body_energy_6,4.509312,lte,3.7289,5.5073,3.1846,7.2412
short,5m_seq_body_energy_6,4.885088,lte,3.7353,5.6943,3.1988,7.6736
short,5m_seq_body_energy_6,5.260864,lte,3.7154,6.3592,3.2409,7.6742
short,5m_seq_body_energy_6,5.63664,lte,3.7117,6.6641,3.246,7.9725
short,5m_seq_body_energy_6,6.012416,lte,3.7832,5.5919,3.3564,6.3478
short,5m_seq_body_energy_6,6.388192,lte,3.8221,4.8459,3.3806,6.1673
short,5m_seq_body_energy_6,6.763968,lte,3.8736,3.414,3.4675,3.9877
short,5m_seq_body_energy_6,7.139744,lte,3.8821,3.0827,3.4763,3.722
short,5m_seq_body_energy_6,7.51552,lte,3.9127,1.7572,3.5511,0.7811
short,5m_seq_body_energy_6,7.891296,lte,3.9312,0.5604,3.5678,-0.429
short,5m_seq_body_energy_6,8.267072,lte,3.9161,0.9439,3.5476,0.143
short,5m_seq_body_energy_6,8.642848,lte,3.9161,0.9439,3.5476,0.143
short,5m_seq_body_energy_6,9.018624,lte,3.9182,0.1736,3.566,-1.746
short,5m_seq_body_energy_6,9.3944,lte,3.9254,-0.6052,3.5697,-2.4052
short,5m_seq_body_energy_6,9.770176,lte,3.8557,4.191,3.5143,0.9733
short,5m_seq_body_energy_6,10.145952,lte,3.8587,3.9852,3.4813,3.6891
short,5m_seq_body_energy_6,10.521728,lte,3.8672,2.9124,3.4935,2.1678
short,5m_seq_body_energy_6,10.897504,lte,3.8693,2.4544,3.4916,2.221
short,5m_seq_body_energy_6,11.27328,lte,3.8693,2.4544,3.4916,2.221
short,5m_seq_body_energy_6,11.649056,lte,3.8493,6.2085,3.4693,6.5799
short,5m_seq_body_energy_6,12.024832,lte,3.8493,6.2085,3.4693,6.5799
short,5m_seq_body_energy_6,12.400608,lte,3.8493,6.2085,3.4693,6.5799
short,5m_seq_body_energy_6,12.776384,lte,3.8493,6.2085,3.4693,6.5799
short,5m_seq_body_energy_6,13.15216,lte,3.8621,3.1768,3.4828,3.5862
short,5m_seq_body_energy_6,13.527936,lte,3.8621,3.1768,3.4828,3.5862
short,5m_seq_body_energy_6,13.903712,lte,3.8621,3.1768,3.4828,3.5862
short,5m_seq_body_energy_6,14.279488,lte,3.8621,3.1768,3.4828,3.5862
short,5m_seq_body_energy_6,14.655264,lte,3.8621,3.1768,3.4828,3.5862
short,5m_seq_body_energy_6,15.03104,lte,3.8621,3.1768,3.4828,3.5862
short,5m_seq_body_energy_6,15.406816,lte,3.8621,3.1768,3.4828,3.5862
short,5m_seq_body_energy_6,15.782592,lte,3.8621,3.1768,3.4828,3.5862
short,5m_seq_body_energy_6,16.158368,lte,3.8783,-4.4356,3.5015,-4.7249
short,5m_seq_body_energy_6,16.534144,lte,3.8783,-4.4356,3.5015,-4.7249
short,5m_seq_body_energy_6,16.90992,lte,3.8783,-4.4356,3.5015,-4.7249
short,5m_seq_body_energy_6,17.285696,lte,3.8748,-9.6235,3.4987,-10.5183
short,5m_seq_body_energy_6,17.661472,lte,3.8748,-9.6235,3.4987,-10.5183
short,5m_seq_body_energy_6,18.037248,lte,3.8748,-9.6235,3.4987,-10.5183
short,5m_seq_body_energy_6,18.413024,lte,3.8748,-9.6235,3.4987,-10.5183
short,5m_seq_body_energy_6,18.7888,lte,3.8598,0.0,3.4831,0.0
short,5m_seq_positive_count_6,0.0,gte,3.8598,0.0,3.4831,0.0
short,5m_seq_positive_count_6,0.6,gte,3.8446,4.7508,3.4306,6.5704
short,5m_seq_positive_count_6,1.2,gte,3.8358,4.0259,3.4048,4.0262
short,5m_seq_positive_count_6,1.8,gte,3.8358,4.0259,3.4048,4.0262
short,5m_seq_positive_count_6,2.4,gte,3.7572,4.0421,3.3274,3.7599
short,5m_seq_positive_count_6,3.0,gte,3.7572,4.0421,3.3274,3.7599
short,5m_seq_positive_count_6,3.6,gte,3.6009,3.9952,3.1856,3.6387
short,5m_seq_positive_count_6,4.2,gte,3.0071,3.9692,2.2205,3.6451
short,5m_seq_positive_count_6,4.8,gte,3.0071,3.9692,2.2205,3.6451
short,5m_seq_positive_count_6,5.4,gte,1.0312,3.9144,-3.9727,3.6272
short,5m_seq_positive_count_6,6.0,gte,1.0312,3.9144,-3.9727,3.6272
short,5m_seq_positive_count_6,0.0,lte,4.7508,3.8446,6.5704,3.4306
short,5m_seq_positive_count_6,0.6,lte,4.7508,3.8446,6.5704,3.4306
short,5m_seq_positive_count_6,1.2,lte,4.0259,3.8358,4.0262,3.4048
short,5m_seq_positive_count_6,1.8,lte,4.0259,3.8358,4.0262,3.4048
short,5m_seq_positive_count_6,2.4,lte,4.0421,3.7572,3.7599,3.3274
short,5m_seq_positive_count_6,3.0,lte,3.9952,3.6009,3.6387,3.1856
short,5m_seq_positive_count_6,3.6,lte,3.9952,3.6009,3.6387,3.1856
short,5m_seq_positive_count_6,4.2,lte,3.9692,3.0071,3.6451,2.2205
short,5m_seq_positive_count_6,4.8,lte,3.9692,3.0071,3.6451,2.2205
short,5m_seq_positive_count_6,5.4,lte,3.9144,1.0312,3.6272,-3.9727
short,5m_seq_positive_count_6,6.0,lte,3.8598,0.0,3.4831,0.0
short,5m_seq_return_sum_6,-33.886,gte,3.8598,0.0,3.4831,0.0
short,5m_seq_return_sum_6,-32.703022,gte,3.8565,6.7696,3.4828,3.7876
short,5m_seq_return_sum_6,-31.520044,gte,3.8565,6.7696,3.4828,3.7876
short,5m_seq_return_sum_6,-30.337066,gte,3.8565,6.7696,3.4828,3.7876
short,5m_seq_return_sum_6,-29.154088,gte,3.8373,13.9046,3.4688,9.9074
short,5m_seq_return_sum_6,-27.97111,gte,3.8373,13.9046,3.4688,9.9074
short,5m_seq_return_sum_6,-26.788132,gte,3.8373,13.9046,3.4688,9.9074
short,5m_seq_return_sum_6,-25.605154,gte,3.8373,13.9046,3.4688,9.9074
short,5m_seq_return_sum_6,-24.422176,gte,3.8373,13.9046,3.4688,9.9074
short,5m_seq_return_sum_6,-23.239198,gte,3.8373,13.9046,3.4688,9.9074
short,5m_seq_return_sum_6,-22.05622,gte,3.8373,13.9046,3.4688,9.9074
short,5m_seq_return_sum_6,-20.873242,gte,3.8373,13.9046,3.4688,9.9074
short,5m_seq_return_sum_6,-19.690264,gte,3.8373,13.9046,3.4688,9.9074
short,5m_seq_return_sum_6,-18.507286,gte,3.8373,13.9046,3.4688,9.9074
short,5m_seq_return_sum_6,-17.324308,gte,3.8373,13.9046,3.4688,9.9074
short,5m_seq_return_sum_6,-16.14133,gte,3.8274,13.5199,3.4574,11.1509
short,5m_seq_return_sum_6,-14.958352,gte,3.8274,13.5199,3.4574,11.1509
short,5m_seq_return_sum_6,-13.775374,gte,3.8274,13.5199,3.4574,11.1509
short,5m_seq_return_sum_6,-12.592396,gte,3.8225,10.5095,3.4509,9.2377
short,5m_seq_return_sum_6,-11.409418,gte,3.8019,12.4494,3.424,12.2648
short,5m_seq_return_sum_6,-10.22644,gte,3.8024,8.094,3.4324,7.2231
short,5m_seq_return_sum_6,-9.043462,gte,3.7717,8.4187,3.4431,5.5554
short,5m_seq_return_sum_6,-7.860484,gte,3.7266,9.4168,3.3614,8.5626
short,5m_seq_return_sum_6,-6.677506,gte,3.6203,9.5875,3.2353,9.4097
short,5m_seq_return_sum_6,-5.494528,gte,3.6063,8.7737,3.2247,8.4928
short,5m_seq_return_sum_6,-4.31155,gte,3.4768,7.9971,3.03,8.3778
short,5m_seq_return_sum_6,-3.128572,gte,3.5167,6.2644,3.0581,6.462
short,5m_seq_return_sum_6,-1.945594,gte,3.5095,5.1126,3.078,4.9321
short,5m_seq_return_sum_6,-0.762616,gte,3.5798,4.2852,3.1425,4.0008
short,5m_seq_return_sum_6,0.420362,gte,3.7621,3.9209,3.4387,3.5109
short,5m_seq_return_sum_6,1.60334,gte,4.2418,3.7495,3.729,3.4121
short,5m_seq_return_sum_6,2.786318,gte,3.3718,3.9366,3.1997,3.5277
short,5m_seq_return_sum_6,3.969296,gte,3.4707,3.8963,3.807,3.4527
short,5m_seq_return_sum_6,5.152274,gte,3.6827,3.8709,2.6497,3.5355
short,5m_seq_return_sum_6,6.335252,gte,4.5962,3.8272,5.9887,3.3723
short,5m_seq_return_sum_6,7.51823,gte,5.2748,3.8175,7.2311,3.3712
short,5m_seq_return_sum_6,8.701208,gte,1.3882,3.9075,2.2394,3.5071
short,5m_seq_return_sum_6,9.884186,gte,4.6697,3.8488,5.731,3.4526
short,5m_seq_return_sum_6,11.067164,gte,4.553,3.8512,4.6159,3.4691
short,5m_seq_return_sum_6,12.250142,gte,4.9952,3.8483,4.2699,3.4751
short,5m_seq_return_sum_6,13.43312,gte,4.5955,3.854,3.1814,3.4855
short,5m_seq_return_sum_6,14.616098,gte,6.2085,3.8493,6.5799,3.4693
short,5m_seq_return_sum_6,15.799076,gte,3.1768,3.8621,3.5862,3.4828
short,5m_seq_return_sum_6,16.982054,gte,3.1768,3.8621,3.5862,3.4828
short,5m_seq_return_sum_6,18.165032,gte,3.1768,3.8621,3.5862,3.4828
short,5m_seq_return_sum_6,19.34801,gte,4.3891,3.8586,4.8452,3.4801
short,5m_seq_return_sum_6,20.530988,gte,-9.6235,3.8748,-10.5183,3.4987
short,5m_seq_return_sum_6,21.713966,gte,-9.6235,3.8748,-10.5183,3.4987
short,5m_seq_return_sum_6,22.896944,gte,-9.6235,3.8748,-10.5183,3.4987
short,5m_seq_return_sum_6,24.079922,gte,-9.6235,3.8748,-10.5183,3.4987
short,5m_seq_return_sum_6,25.2629,gte,-9.6235,3.8748,-10.5183,3.4987
short,5m_seq_return_sum_6,-33.886,lte,6.7696,3.8565,3.7876,3.4828
short,5m_seq_return_sum_6,-32.703022,lte,6.7696,3.8565,3.7876,3.4828
short,5m_seq_return_sum_6,-31.520044,lte,6.7696,3.8565,3.7876,3.4828
short,5m_seq_return_sum_6,-30.337066,lte,6.7696,3.8565,3.7876,3.4828
short,5m_seq_return_sum_6,-29.154088,lte,13.9046,3.8373,9.9074,3.4688
short,5m_seq_return_sum_6,-27.97111,lte,13.9046,3.8373,9.9074,3.4688
short,5m_seq_return_sum_6,-26.788132,lte,13.9046,3.8373,9.9074,3.4688
short,5m_seq_return_sum_6,-25.605154,lte,13.9046,3.8373,9.9074,3.4688
short,5m_seq_return_sum_6,-24.422176,lte,13.9046,3.8373,9.9074,3.4688
short,5m_seq_return_sum_6,-23.239198,lte,13.9046,3.8373,9.9074,3.4688
short,5m_seq_return_sum_6,-22.05622,lte,13.9046,3.8373,9.9074,3.4688
short,5m_seq_return_sum_6,-20.873242,lte,13.9046,3.8373,9.9074,3.4688
short,5m_seq_return_sum_6,-19.690264,lte,13.9046,3.8373,9.9074,3.4688
short,5m_seq_return_sum_6,-18.507286,lte,13.9046,3.8373,9.9074,3.4688
short,5m_seq_return_sum_6,-17.324308,lte,13.9046,3.8373,9.9074,3.4688
short,5m_seq_return_sum_6,-16.14133,lte,13.5199,3.8274,11.1509,3.4574
short,5m_seq_return_sum_6,-14.958352,lte,13.5199,3.8274,11.1509,3.4574
short,5m_seq_return_sum_6,-13.775374,lte,13.5199,3.8274,11.1509,3.4574
short,5m_seq_return_sum_6,-12.592396,lte,10.5095,3.8225,9.2377,3.4509
short,5m_seq_return_sum_6,-11.409418,lte,12.4494,3.8019,12.2648,3.424
short,5m_seq_return_sum_6,-10.22644,lte,8.094,3.8024,7.2231,3.4324
short,5m_seq_return_sum_6,-9.043462,lte,8.4187,3.7717,5.5554,3.4431
short,5m_seq_return_sum_6,-7.860484,lte,9.4168,3.7266,8.5626,3.3614
short,5m_seq_return_sum_6,-6.677506,lte,9.5875,3.6203,9.4097,3.2353
short,5m_seq_return_sum_6,-5.494528,lte,8.7737,3.6063,8.4928,3.2247
short,5m_seq_return_sum_6,-4.31155,lte,7.9971,3.4768,8.3778,3.03
short,5m_seq_return_sum_6,-3.128572,lte,6.2644,3.5167,6.462,3.0581
short,5m_seq_return_sum_6,-1.945594,lte,5.1126,3.5095,4.9321,3.078
short,5m_seq_return_sum_6,-0.762616,lte,4.2852,3.5798,4.0008,3.1425
short,5m_seq_return_sum_6,0.420362,lte,3.9209,3.7621,3.5109,3.4387
short,5m_seq_return_sum_6,1.60334,lte,3.7495,4.2418,3.4121,3.729
short,5m_seq_return_sum_6,2.786318,lte,3.9366,3.3718,3.5277,3.1997
short,5m_seq_return_sum_6,3.969296,lte,3.8963,3.4707,3.4527,3.807
short,5m_seq_return_sum_6,5.152274,lte,3.8709,3.6827,3.5355,2.6497
short,5m_seq_return_sum_6,6.335252,lte,3.8272,4.5962,3.3723,5.9887
short,5m_seq_return_sum_6,7.51823,lte,3.8175,5.2748,3.3712,7.2311
short,5m_seq_return_sum_6,8.701208,lte,3.9075,1.3882,3.5071,2.2394
short,5m_seq_return_sum_6,9.884186,lte,3.8488,4.6697,3.4526,5.731
short,5m_seq_return_sum_6,11.067164,lte,3.8512,4.553,3.4691,4.6159
short,5m_seq_return_sum_6,12.250142,lte,3.8483,4.9952,3.4751,4.2699
short,5m_seq_return_sum_6,13.43312,lte,3.854,4.5955,3.4855,3.1814
short,5m_seq_return_sum_6,14.616098,lte,3.8493,6.2085,3.4693,6.5799
short,5m_seq_return_sum_6,15.799076,lte,3.8621,3.1768,3.4828,3.5862
short,5m_seq_return_sum_6,16.982054,lte,3.8621,3.1768,3.4828,3.5862
short,5m_seq_return_sum_6,18.165032,lte,3.8621,3.1768,3.4828,3.5862
short,5m_seq_return_sum_6,19.34801,lte,3.8586,4.3891,3.4801,4.8452
short,5m_seq_return_sum_6,20.530988,lte,3.8748,-9.6235,3.4987,-10.5183
short,5m_seq_return_sum_6,21.713966,lte,3.8748,-9.6235,3.4987,-10.5183
short,5m_seq_return_sum_6,22.896944,lte,3.8748,-9.6235,3.4987,-10.5183
short,5m_seq_return_sum_6,24.079922,lte,3.8748,-9.6235,3.4987,-10.5183
short,5m_seq_return_sum_6,25.2629,lte,3.8598,0.0,3.4831,0.0
short,5m_seq_volume_energy_6,0.0,gte,3.8598,0.0,3.4831,0.0
short,5m_seq_volume_energy_6,2.795224,gte,4.4446,3.5402,4.302,3.0355
short,5m_seq_volume_energy_6,5.590448,gte,4.8897,3.6048,4.5969,3.2074
short,5m_seq_volume_energy_6,8.385672,gte,4.0099,3.8382,3.9426,3.4169
short,5m_seq_volume_energy_6,11.180896,gte,4.5286,3.7943,5.0538,3.3293
short,5m_seq_volume_energy_6,13.97612,gte,4.1162,3.8404,3.9534,3.4476
short,5m_seq_volume_energy_6,16.771344,gte,3.6173,3.8744,3.8164,3.463
short,5m_seq_volume_energy_6,19.566568,gte,3.7377,3.8653,3.0007,3.5051
short,5m_seq_volume_energy_6,22.361792,gte,3.8711,3.8593,3.3564,3.4881
short,5m_seq_volume_energy_6,25.157016,gte,4.7019,3.8296,3.8405,3.4703
short,5m_seq_volume_energy_6,27.95224,gte,5.0992,3.8257,3.9813,3.4694
short,5m_seq_volume_energy_6,30.747464,gte,5.8798,3.8161,4.9454,3.4515
short,5m_seq_volume_energy_6,33.542688,gte,6.0231,3.8155,4.8944,3.4542
short,5m_seq_volume_energy_6,36.337912,gte,5.7716,3.8229,4.7809,3.4581
short,5m_seq_volume_energy_6,39.133136,gte,5.7716,3.8229,4.7809,3.4581
short,5m_seq_volume_energy_6,41.92836,gte,5.4602,3.8326,5.1417,3.4549
short,5m_seq_volume_energy_6,44.723584,gte,4.6537,3.8472,3.7021,3.4797
short,5m_seq_volume_energy_6,47.518808,gte,4.1561,3.8558,2.1482,3.5012
short,5m_seq_volume_energy_6,50.314032,gte,4.3416,3.8538,2.3864,3.4967
short,5m_seq_volume_energy_6,53.109256,gte,3.0913,3.8676,4.7941,3.4698
short,5m_seq_volume_energy_6,55.90448,gte,3.0913,3.8676,4.7941,3.4698
short,5m_seq_volume_energy_6,58.699704,gte,3.2799,3.8643,4.3287,3.4765
short,5m_seq_volume_energy_6,61.494928,gte,3.2799,3.8643,4.3287,3.4765
short,5m_seq_volume_energy_6,64.290152,gte,3.2799,3.8643,4.3287,3.4765
short,5m_seq_volume_energy_6,67.085376,gte,3.2799,3.8643,4.3287,3.4765
short,5m_seq_volume_energy_6,69.8806,gte,5.4304,3.8492,6.8032,3.4608
short,5m_seq_volume_energy_6,72.675824,gte,8.3629,3.8396,9.5423,3.456
short,5m_seq_volume_energy_6,75.471048,gte,6.271,3.8517,6.5808,3.4727
short,5m_seq_volume_energy_6,78.266272,gte,0.2056,3.868,-0.233,3.4914
short,5m_seq_volume_energy_6,81.061496,gte,0.2056,3.868,-0.233,3.4914
short,5m_seq_volume_energy_6,83.85672,gte,-0.341,3.8645,-1.5345,3.4887
short,5m_seq_volume_energy_6,86.651944,gte,-0.341,3.8645,-1.5345,3.4887
short,5m_seq_volume_energy_6,89.447168,gte,-0.341,3.8645,-1.5345,3.4887
short,5m_seq_volume_energy_6,92.242392,gte,-0.341,3.8645,-1.5345,3.4887
short,5m_seq_volume_energy_6,95.037616,gte,-0.341,3.8645,-1.5345,3.4887
short,5m_seq_volume_energy_6,97.83284,gte,-0.341,3.8645,-1.5345,3.4887
short,5m_seq_volume_energy_6,100.628064,gte,-0.341,3.8645,-1.5345,3.4887
short,5m_seq_volume_energy_6,103.423288,gte,-0.341,3.8645,-1.5345,3.4887
short,5m_seq_volume_energy_6,106.218512,gte,-0.341,3.8645,-1.5345,3.4887
short,5m_seq_volume_energy_6,109.013736,gte,-0.341,3.8645,-1.5345,3.4887
short,5m_seq_volume_energy_6,111.80896,gte,-0.341,3.8645,-1.5345,3.4887
short,5m_seq_volume_energy_6,114.604184,gte,-0.341,3.8645,-1.5345,3.4887
short,5m_seq_volume_energy_6,117.399408,gte,-0.341,3.8645,-1.5345,3.4887
short,5m_seq_volume_energy_6,120.194632,gte,-0.341,3.8645,-1.5345,3.4887
short,5m_seq_volume_energy_6,122.989856,gte,-0.341,3.8645,-1.5345,3.4887
short,5m_seq_volume_energy_6,125.78508,gte,-0.341,3.8645,-1.5345,3.4887
short,5m_seq_volume_energy_6,128.580304,gte,-0.341,3.8645,-1.5345,3.4887
short,5m_seq_volume_energy_6,131.375528,gte,-0.341,3.8645,-1.5345,3.4887
short,5m_seq_volume_energy_6,134.170752,gte,-0.341,3.8645,-1.5345,3.4887
short,5m_seq_volume_energy_6,136.965976,gte,-0.341,3.8645,-1.5345,3.4887
short,5m_seq_volume_energy_6,139.7612,gte,-0.341,3.8645,-1.5345,3.4887
short,5m_seq_volume_energy_6,0.0,lte,4.7508,3.8446,6.5704,3.4306
short,5m_seq_volume_energy_6,2.795224,lte,3.5402,4.4446,3.0355,4.302
short,5m_seq_volume_energy_6,5.590448,lte,3.6048,4.8897,3.2074,4.5969
short,5m_seq_volume_energy_6,8.385672,lte,3.8382,4.0099,3.4169,3.9426
short,5m_seq_volume_energy_6,11.180896,lte,3.7943,4.5286,3.3293,5.0538
short,5m_seq_volume_energy_6,13.97612,lte,3.8404,4.1162,3.4476,3.9534
short,5m_seq_volume_energy_6,16.771344,lte,3.8744,3.6173,3.463,3.8164
short,5m_seq_volume_energy_6,19.566568,lte,3.8653,3.7377,3.5051,3.0007
short,5m_seq_volume_energy_6,22.361792,lte,3.8593,3.8711,3.4881,3.3564
short,5m_seq_volume_energy_6,25.157016,lte,3.8296,4.7019,3.4703,3.8405
short,5m_seq_volume_energy_6,27.95224,lte,3.8257,5.0992,3.4694,3.9813
short,5m_seq_volume_energy_6,30.747464,lte,3.8161,5.8798,3.4515,4.9454
short,5m_seq_volume_energy_6,33.542688,lte,3.8155,6.0231,3.4542,4.8944
short,5m_seq_volume_energy_6,36.337912,lte,3.8229,5.7716,3.4581,4.7809
short,5m_seq_volume_energy_6,39.133136,lte,3.8229,5.7716,3.4581,4.7809
short,5m_seq_volume_energy_6,41.92836,lte,3.8326,5.4602,3.4549,5.1417
short,5m_seq_volume_energy_6,44.723584,lte,3.8472,4.6537,3.4797,3.7021
short,5m_seq_volume_energy_6,47.518808,lte,3.8558,4.1561,3.5012,2.1482
short,5m_seq_volume_energy_6,50.314032,lte,3.8538,4.3416,3.4967,2.3864
short,5m_seq_volume_energy_6,53.109256,lte,3.8676,3.0913,3.4698,4.7941
short,5m_seq_volume_energy_6,55.90448,lte,3.8676,3.0913,3.4698,4.7941
short,5m_seq_volume_energy_6,58.699704,lte,3.8643,3.2799,3.4765,4.3287
short,5m_seq_volume_energy_6,61.494928,lte,3.8643,3.2799,3.4765,4.3287
short,5m_seq_volume_energy_6,64.290152,lte,3.8643,3.2799,3.4765,4.3287
short,5m_seq_volume_energy_6,67.085376,lte,3.8643,3.2799,3.4765,4.3287
short,5m_seq_volume_energy_6,69.8806,lte,3.8492,5.4304,3.4608,6.8032
short,5m_seq_volume_energy_6,72.675824,lte,3.8396,8.3629,3.456,9.5423
short,5m_seq_volume_energy_6,75.471048,lte,3.8517,6.271,3.4727,6.5808
short,5m_seq_volume_energy_6,78.266272,lte,3.868,0.2056,3.4914,-0.233
short,5m_seq_volume_energy_6,81.061496,lte,3.868,0.2056,3.4914,-0.233
short,5m_seq_volume_energy_6,83.85672,lte,3.8645,-0.341,3.4887,-1.5345
short,5m_seq_volume_energy_6,86.651944,lte,3.8645,-0.341,3.4887,-1.5345
short,5m_seq_volume_energy_6,89.447168,lte,3.8645,-0.341,3.4887,-1.5345
short,5m_seq_volume_energy_6,92.242392,lte,3.8645,-0.341,3.4887,-1.5345
short,5m_seq_volume_energy_6,95.037616,lte,3.8645,-0.341,3.4887,-1.5345
short,5m_seq_volume_energy_6,97.83284,lte,3.8645,-0.341,3.4887,-1.5345
short,5m_seq_volume_energy_6,100.628064,lte,3.8645,-0.341,3.4887,-1.5345
short,5m_seq_volume_energy_6,103.423288,lte,3.8645,-0.341,3.4887,-1.5345
short,5m_seq_volume_energy_6,106.218512,lte,3.8645,-0.341,3.4887,-1.5345
short,5m_seq_volume_energy_6,109.013736,lte,3.8645,-0.341,3.4887,-1.5345
short,5m_seq_volume_energy_6,111.80896,lte,3.8645,-0.341,3.4887,-1.5345
short,5m_seq_volume_energy_6,114.604184,lte,3.8645,-0.341,3.4887,-1.5345
short,5m_seq_volume_energy_6,117.399408,lte,3.8645,-0.341,3.4887,-1.5345
short,5m_seq_volume_energy_6,120.194632,lte,3.8645,-0.341,3.4887,-1.5345
short,5m_seq_volume_energy_6,122.989856,lte,3.8645,-0.341,3.4887,-1.5345
short,5m_seq_volume_energy_6,125.78508,lte,3.8645,-0.341,3.4887,-1.5345
short,5m_seq_volume_energy_6,128.580304,lte,3.8645,-0.341,3.4887,-1.5345
short,5m_seq_volume_energy_6,131.375528,lte,3.8645,-0.341,3.4887,-1.5345
short,5m_seq_volume_energy_6,134.170752,lte,3.8645,-0.341,3.4887,-1.5345
short,5m_seq_volume_energy_6,136.965976,lte,3.8645,-0.341,3.4887,-1.5345
short,5m_seq_volume_energy_6,139.7612,lte,3.8598,0.0,3.4831,0.0
short,5m_volume_ma_ratio,0.1673,gte,3.8598,0.0,3.4831,0.0
short,5m_volume_ma_ratio,1.813154,gte,4.2071,3.7278,4.504,3.0952
short,5m_volume_ma_ratio,3.459008,gte,5.0664,3.7416,5.2172,3.3133
short,5m_volume_ma_ratio,5.104862,gte,5.094,3.7961,5.7123,3.3681
short,5m_volume_ma_ratio,6.750716,gte,5.7078,3.787,6.4554,3.366
short,5m_volume_ma_ratio,8.39657,gte,6.7354,3.7807,7.2388,3.3799
short,5m_volume_ma_ratio,10.042424,gte,6.1608,3.8046,6.2468,3.4169
short,5m_volume_ma_ratio,11.688278,gte,6.7375,3.8042,7.3594,3.4082
short,5m_volume_ma_ratio,13.334132,gte,5.4182,3.8333,5.8706,3.4425
short,5m_volume_ma_ratio,14.979986,gte,6.0774,3.8323,6.8842,3.4409
short,5m_volume_ma_ratio,16.62584,gte,5.2113,3.8461,5.9443,3.4582
short,5m_volume_ma_ratio,18.271694,gte,4.8683,3.8507,5.6697,3.4634
short,5m_volume_ma_ratio,19.917548,gte,3.4725,3.8628,3.8473,3.4803
short,5m_volume_ma_ratio,21.563402,gte,3.4725,3.8628,3.8473,3.4803
short,5m_volume_ma_ratio,23.209256,gte,3.4725,3.8628,3.8473,3.4803
short,5m_volume_ma_ratio,24.85511,gte,3.3033,3.8635,3.7846,3.4811
short,5m_volume_ma_ratio,26.500964,gte,3.3033,3.8635,3.7846,3.4811
short,5m_volume_ma_ratio,28.146818,gte,3.3033,3.8635,3.7846,3.4811
short,5m_volume_ma_ratio,29.792672,gte,3.0723,3.8624,2.62,3.486
short,5m_volume_ma_ratio,31.438526,gte,3.0723,3.8624,2.62,3.486
short,5m_volume_ma_ratio,33.08438,gte,3.0723,3.8624,2.62,3.486
short,5m_volume_ma_ratio,34.730234,gte,3.0723,3.8624,2.62,3.486
short,5m_volume_ma_ratio,36.376088,gte,3.0723,3.8624,2.62,3.486
short,5m_volume_ma_ratio,38.021942,gte,3.0723,3.8624,2.62,3.486
short,5m_volume_ma_ratio,39.667796,gte,3.0723,3.8624,2.62,3.486
short,5m_volume_ma_ratio,41.31365,gte,4.779,3.8577,4.6973,3.4804
short,5m_volume_ma_ratio,42.959504,gte,4.779,3.8577,4.6973,3.4804
short,5m_volume_ma_ratio,44.605358,gte,6.0826,3.8573,3.8697,3.4827
short,5m_volume_ma_ratio,46.251212,gte,6.0826,3.8573,3.8697,3.4827
short,5m_volume_ma_ratio,47.897066,gte,6.0826,3.8573,3.8697,3.4827
short,5m_volume_ma_ratio,49.54292,gte,6.0826,3.8573,3.8697,3.4827
short,5m_volume_ma_ratio,51.188774,gte,6.0826,3.8573,3.8697,3.4827
short,5m_volume_ma_ratio,52.834628,gte,6.0826,3.8573,3.8697,3.4827
short,5m_volume_ma_ratio,54.480482,gte,6.0826,3.8573,3.8697,3.4827
short,5m_volume_ma_ratio,56.126336,gte,6.0826,3.8573,3.8697,3.4827
short,5m_volume_ma_ratio,57.77219,gte,6.0826,3.8573,3.8697,3.4827
short,5m_volume_ma_ratio,59.418044,gte,6.0826,3.8573,3.8697,3.4827
short,5m_volume_ma_ratio,61.063898,gte,6.0826,3.8573,3.8697,3.4827
short,5m_volume_ma_ratio,62.709752,gte,6.0826,3.8573,3.8697,3.4827
short,5m_volume_ma_ratio,64.355606,gte,6.0826,3.8573,3.8697,3.4827
short,5m_volume_ma_ratio,66.00146,gte,6.0826,3.8573,3.8697,3.4827
short,5m_volume_ma_ratio,67.647314,gte,6.0826,3.8573,3.8697,3.4827
short,5m_volume_ma_ratio,69.293168,gte,6.0826,3.8573,3.8697,3.4827
short,5m_volume_ma_ratio,70.939022,gte,6.0826,3.8573,3.8697,3.4827
short,5m_volume_ma_ratio,72.584876,gte,6.0826,3.8573,3.8697,3.4827
short,5m_volume_ma_ratio,74.23073,gte,6.0826,3.8573,3.8697,3.4827
short,5m_volume_ma_ratio,75.876584,gte,6.0826,3.8573,3.8697,3.4827
short,5m_volume_ma_ratio,77.522438,gte,6.0826,3.8573,3.8697,3.4827
short,5m_volume_ma_ratio,79.168292,gte,6.0826,3.8573,3.8697,3.4827
short,5m_volume_ma_ratio,80.814146,gte,6.0826,3.8573,3.8697,3.4827
short,5m_volume_ma_ratio,82.46,gte,6.0826,3.8573,3.8697,3.4827
short,5m_volume_ma_ratio,0.1673,lte,2.1228,3.8617,3.4663,3.4831
short,5m_volume_ma_ratio,1.813154,lte,3.7278,4.2071,3.0952,4.504
short,5m_volume_ma_ratio,3.459008,lte,3.7416,5.0664,3.3133,5.2172
short,5m_volume_ma_ratio,5.104862,lte,3.7961,5.094,3.3681,5.7123
short,5m_volume_ma_ratio,6.750716,lte,3.787,5.7078,3.366,6.4554
short,5m_volume_ma_ratio,8.39657,lte,3.7807,6.7354,3.3799,7.2388
short,5m_volume_ma_ratio,10.042424,lte,3.8046,6.1608,3.4169,6.2468
short,5m_volume_ma_ratio,11.688278,lte,3.8042,6.7375,3.4082,7.3594
short,5m_volume_ma_ratio,13.334132,lte,3.8333,5.4182,3.4425,5.8706
short,5m_volume_ma_ratio,14.979986,lte,3.8323,6.0774,3.4409,6.8842
short,5m_volume_ma_ratio,16.62584,lte,3.8461,5.2113,3.4582,5.9443
short,5m_volume_ma_ratio,18.271694,lte,3.8507,4.8683,3.4634,5.6697
short,5m_volume_ma_ratio,19.917548,lte,3.8628,3.4725,3.4803,3.8473
short,5m_volume_ma_ratio,21.563402,lte,3.8628,3.4725,3.4803,3.8473
short,5m_volume_ma_ratio,23.209256,lte,3.8628,3.4725,3.4803,3.8473
short,5m_volume_ma_ratio,24.85511,lte,3.8635,3.3033,3.4811,3.7846
short,5m_volume_ma_ratio,26.500964,lte,3.8635,3.3033,3.4811,3.7846
short,5m_volume_ma_ratio,28.146818,lte,3.8635,3.3033,3.4811,3.7846
short,5m_volume_ma_ratio,29.792672,lte,3.8624,3.0723,3.486,2.62
short,5m_volume_ma_ratio,31.438526,lte,3.8624,3.0723,3.486,2.62
short,5m_volume_ma_ratio,33.08438,lte,3.8624,3.0723,3.486,2.62
short,5m_volume_ma_ratio,34.730234,lte,3.8624,3.0723,3.486,2.62
short,5m_volume_ma_ratio,36.376088,lte,3.8624,3.0723,3.486,2.62
short,5m_volume_ma_ratio,38.021942,lte,3.8624,3.0723,3.486,2.62
short,5m_volume_ma_ratio,39.667796,lte,3.8624,3.0723,3.486,2.62
short,5m_volume_ma_ratio,41.31365,lte,3.8577,4.779,3.4804,4.6973
short,5m_volume_ma_ratio,42.959504,lte,3.8577,4.779,3.4804,4.6973
short,5m_volume_ma_ratio,44.605358,lte,3.8573,6.0826,3.4827,3.8697
short,5m_volume_ma_ratio,46.251212,lte,3.8573,6.0826,3.4827,3.8697
short,5m_volume_ma_ratio,47.897066,lte,3.8573,6.0826,3.4827,3.8697
short,5m_volume_ma_ratio,49.54292,lte,3.8573,6.0826,3.4827,3.8697
short,5m_volume_ma_ratio,51.188774,lte,3.8573,6.0826,3.4827,3.8697
short,5m_volume_ma_ratio,52.834628,lte,3.8573,6.0826,3.4827,3.8697
short,5m_volume_ma_ratio,54.480482,lte,3.8573,6.0826,3.4827,3.8697
short,5m_volume_ma_ratio,56.126336,lte,3.8573,6.0826,3.4827,3.8697
short,5m_volume_ma_ratio,57.77219,lte,3.8573,6.0826,3.4827,3.8697
short,5m_volume_ma_ratio,59.418044,lte,3.8573,6.0826,3.4827,3.8697
short,5m_volume_ma_ratio,61.063898,lte,3.8573,6.0826,3.4827,3.8697
short,5m_volume_ma_ratio,62.709752,lte,3.8573,6.0826,3.4827,3.8697
short,5m_volume_ma_ratio,64.355606,lte,3.8573,6.0826,3.4827,3.8697
short,5m_volume_ma_ratio,66.00146,lte,3.8573,6.0826,3.4827,3.8697
short,5m_volume_ma_ratio,67.647314,lte,3.8573,6.0826,3.4827,3.8697
short,5m_volume_ma_ratio,69.293168,lte,3.8573,6.0826,3.4827,3.8697
short,5m_volume_ma_ratio,70.939022,lte,3.8573,6.0826,3.4827,3.8697
short,5m_volume_ma_ratio,72.584876,lte,3.8573,6.0826,3.4827,3.8697
short,5m_volume_ma_ratio,74.23073,lte,3.8573,6.0826,3.4827,3.8697
short,5m_volume_ma_ratio,75.876584,lte,3.8573,6.0826,3.4827,3.8697
short,5m_volume_ma_ratio,77.522438,lte,3.8573,6.0826,3.4827,3.8697
short,5m_volume_ma_ratio,79.168292,lte,3.8573,6.0826,3.4827,3.8697
short,5m_volume_ma_ratio,80.814146,lte,3.8573,6.0826,3.4827,3.8697
short,5m_volume_ma_ratio,82.46,lte,3.8598,0.0,3.4831,0.0
short,h4_score,-75.814323,gte,3.8543,8.7591,3.4835,3.1022
short,h4_score,-74.284968,gte,3.8543,8.7591,3.4835,3.1022
short,h4_score,-72.755613,gte,3.8543,8.7591,3.4835,3.1022
short,h4_score,-71.226257,gte,3.8543,8.7591,3.4835,3.1022
short,h4_score,-69.696902,gte,3.8543,8.7591,3.4835,3.1022
short,h4_score,-68.167547,gte,3.85,8.2586,3.4832,3.454
short,h4_score,-66.638191,gte,3.85,8.2586,3.4832,3.454
short,h4_score,-65.108836,gte,3.85,8.2586,3.4832,3.454
short,h4_score,-63.57948,gte,3.85,8.2586,3.4832,3.454
short,h4_score,-62.050125,gte,3.85,8.2586,3.4832,3.454
short,h4_score,-60.52077,gte,3.85,8.2586,3.4832,3.454
short,h4_score,-58.991414,gte,3.8579,4.4202,3.4841,3.2063
short,h4_score,-57.462059,gte,3.8579,4.4202,3.4841,3.2063
short,h4_score,-55.932704,gte,3.8579,4.4202,3.4841,3.2063
short,h4_score,-54.403348,gte,3.861,3.5815,3.4881,2.3767
short,h4_score,-52.873993,gte,3.861,3.5815,3.4881,2.3767
short,h4_score,-51.344637,gte,3.86,3.8332,3.4924,2.305
short,h4_score,-49.815282,gte,3.86,3.8332,3.4924,2.305
short,h4_score,-48.285927,gte,3.883,1.8016,3.5098,1.1185
short,h4_score,-46.756571,gte,3.8861,1.7396,3.5104,1.2882
short,h4_score,-45.227216,gte,3.8912,2.0097,3.5137,1.6865
short,h4_score,-43.697861,gte,3.8912,2.0097,3.5137,1.6865
short,h4_score,-42.168505,gte,3.8894,2.4893,3.5432,0.7077
short,h4_score,-40.63915,gte,3.8928,2.5487,3.5416,1.1555
short,h4_score,-39.109795,gte,3.8943,2.7483,3.5483,1.3817
short,h4_score,-37.580439,gte,3.8849,3.2214,3.4946,3.1922
short,h4_score,-36.051084,gte,3.8871,3.1875,3.4975,3.13
short,h4_score,-34.521728,gte,3.8472,4.1161,3.4561,4.0329
short,h4_score,-32.992373,gte,3.8277,4.4667,3.4271,4.5446
short,h4_score,-31.463018,gte,3.8315,4.311,3.4393,4.1804
short,h4_score,-29.933662,gte,3.8321,4.2836,3.4595,3.8453
short,h4_score,-28.404307,gte,3.8595,3.8636,3.4889,3.4123
short,h4_score,-26.874952,gte,3.7812,4.6851,3.4348,3.9905
short,h4_score,-25.345596,gte,3.7816,4.6264,3.4028,4.2711
short,h4_score,-23.816241,gte,3.7559,4.6874,3.3606,4.4597
short,h4_score,-22.286886,gte,3.7524,4.7063,3.3568,4.4785
short,h4_score,-20.75753,gte,3.7466,4.5653,3.3604,4.2479
short,h4_score,-19.228175,gte,3.7356,4.5989,3.3756,4.1233
short,h4_score,-17.698819,gte,3.7463,4.4296,3.3903,3.9488
short,h4_score,-16.169464,gte,3.7063,4.5946,3.3389,4.1737
short,h4_score,-14.640109,gte,3.7248,4.2932,3.5001,3.4286
short,h4_score,-13.110753,gte,3.7257,4.2577,3.5205,3.3722
short,h4_score,-11.581398,gte,3.8208,3.9512,3.5964,3.2174
short,h4_score,-10.052043,gte,3.8484,3.8832,3.6614,3.1174
short,h4_score,-8.522687,gte,3.8801,3.8227,3.5877,3.2918
short,h4_score,-6.993332,gte,4.2257,3.3289,3.8971,2.8825
short,h4_score,-5.463976,gte,4.2789,3.2999,4.0527,2.7222
short,h4_score,-3.934621,gte,4.3787,3.3443,4.286,2.6856
short,h4_score,-2.405266,gte,4.1066,3.6611,4.0358,3.0383
short,h4_score,-0.87591,gte,8.7448,3.7879,7.1692,3.4289
short,h4_score,0.653445,gte,0.0,3.8598,0.0,3.4831
short,h4_score,-75.814323,lte,8.7591,3.8543,3.1022,3.4835
short,h4_score,-74.284968,lte,8.7591,3.8543,3.1022,3.4835
short,h4_score,-72.755613,lte,8.7591,3.8543,3.1022,3.4835
short,h4_score,-71.226257,lte,8.7591,3.8543,3.1022,3.4835
short,h4_score,-69.696902,lte,8.7591,3.8543,3.1022,3.4835
short,h4_score,-68.167547,lte,8.2586,3.85,3.454,3.4832
short,h4_score,-66.638191,lte,8.2586,3.85,3.454,3.4832
short,h4_score,-65.108836,lte,8.2586,3.85,3.454,3.4832
short,h4_score,-63.57948,lte,8.2586,3.85,3.454,3.4832
short,h4_score,-62.050125,lte,8.2586,3.85,3.454,3.4832
short,h4_score,-60.52077,lte,8.2586,3.85,3.454,3.4832
short,h4_score,-58.991414,lte,4.4202,3.8579,3.2063,3.4841
short,h4_score,-57.462059,lte,4.4202,3.8579,3.2063,3.4841
short,h4_score,-55.932704,lte,4.4202,3.8579,3.2063,3.4841
short,h4_score,-54.403348,lte,3.5815,3.861,2.3767,3.4881
short,h4_score,-52.873993,lte,3.5815,3.861,2.3767,3.4881
short,h4_score,-51.344637,lte,3.8332,3.86,2.305,3.4924
short,h4_score,-49.815282,lte,3.8332,3.86,2.305,3.4924
short,h4_score,-48.285927,lte,1.8016,3.883,1.1185,3.5098
short,h4_score,-46.756571,lte,1.7396,3.8861,1.2882,3.5104
short,h4_score,-45.227216,lte,2.0097,3.8912,1.6865,3.5137
short,h4_score,-43.697861,lte,2.0097,3.8912,1.6865,3.5137
short,h4_score,-42.168505,lte,2.4893,3.8894,0.7077,3.5432
short,h4_score,-40.63915,lte,2.5487,3.8928,1.1555,3.5416
short,h4_score,-39.109795,lte,2.7483,3.8943,1.3817,3.5483
short,h4_score,-37.580439,lte,3.2214,3.8849,3.1922,3.4946
short,h4_score,-36.051084,lte,3.1875,3.8871,3.13,3.4975
short,h4_score,-34.521728,lte,4.1161,3.8472,4.0329,3.4561
short,h4_score,-32.992373,lte,4.4667,3.8277,4.5446,3.4271
short,h4_score,-31.463018,lte,4.311,3.8315,4.1804,3.4393
short,h4_score,-29.933662,lte,4.2836,3.8321,3.8453,3.4595
short,h4_score,-28.404307,lte,3.8636,3.8595,3.4123,3.4889
short,h4_score,-26.874952,lte,4.6851,3.7812,3.9905,3.4348
short,h4_score,-25.345596,lte,4.6264,3.7816,4.2711,3.4028
short,h4_score,-23.816241,lte,4.6874,3.7559,4.4597,3.3606
short,h4_score,-22.286886,lte,4.7063,3.7524,4.4785,3.3568
short,h4_score,-20.75753,lte,4.5653,3.7466,4.2479,3.3604
short,h4_score,-19.228175,lte,4.5989,3.7356,4.1233,3.3756
short,h4_score,-17.698819,lte,4.4296,3.7463,3.9488,3.3903
short,h4_score,-16.169464,lte,4.5946,3.7063,4.1737,3.3389
short,h4_score,-14.640109,lte,4.2932,3.7248,3.4286,3.5001
short,h4_score,-13.110753,lte,4.2577,3.7257,3.3722,3.5205
short,h4_score,-11.581398,lte,3.9512,3.8208,3.2174,3.5964
short,h4_score,-10.052043,lte,3.8832,3.8484,3.1174,3.6614
short,h4_score,-8.522687,lte,3.8227,3.8801,3.2918,3.5877
short,h4_score,-6.993332,lte,3.3289,4.2257,2.8825,3.8971
short,h4_score,-5.463976,lte,3.2999,4.2789,2.7222,4.0527
short,h4_score,-3.934621,lte,3.3443,4.3787,2.6856,4.286
short,h4_score,-2.405266,lte,3.6611,4.1066,3.0383,4.0358
short,h4_score,-0.87591,lte,3.7879,8.7448,3.4289,7.1692
short,h4_score,0.653445,lte,3.8598,0.0,3.4831,0.0
