formula_id,formula_expr,kind,pass_bonus,source,linear_terms
A6_frozen,A6 = base + ig_a2*range_pct_rank + ig_a5*expansion_bonus,baseline,50.0,frozen_baseline,[]
SF_AND3_SD_1h_current_range_pct_1h_previous_range_pct_gte_21.98114,((1h_current_range_pct - 1h_previous_range_pct) >= 21.98 AND 1h_current_ma20_distance_pct >= 51.02 AND 1h_current_ma20_distance_pct >= 35.71),ast,50.0,and_triple,[]
SF_AND3_SD_1h_current_return_pct_15m_current_return_pct_gte_9.24094,((1h_current_return_pct - 15m_current_return_pct) >= 9.241 AND 15m_current_return_pct >= 10.13 AND 1h_current_return_pct >= 8.969),ast,50.0,and_triple,[]
SF_AND3_SF_15m_current_body_pct_gte_13.6371,(15m_current_body_pct >= 13.64 AND 2h_current_body_pct >= 13.74 AND 2h_current_range_pct >= 44.89),ast,50.0,and_triple,[]
SF_AND3_SF_15m_current_ma20_distance_pct_gte_26.750886,(15m_current_ma20_distance_pct >= 26.75 AND (1h_current_range_pct - 1h_previous_range_pct) >= 21.98 AND 1h_current_ma20_distance_pct >= 51.02),ast,50.0,and_triple,[]
SF_AND3_SF_15m_current_return_pct_gte_10.127714,(15m_current_return_pct >= 10.13 AND 1h_current_return_pct >= 8.969 AND 2h_current_body_pct >= 27.48),ast,50.0,and_triple,[]
SF_AND3_SF_1h_current_ma20_distance_pct_gte_35.705329,(1h_current_ma20_distance_pct >= 35.71 AND 2h_current_body_pct >= 20.61 AND 2h_previous_body_pct >= 34.35),ast,50.0,and_triple,[]
SF_AND3_SF_1h_current_ma20_distance_pct_gte_51.022186,(1h_current_ma20_distance_pct >= 51.02 AND 1h_current_ma20_distance_pct >= 35.71 AND 2h_current_body_pct >= 20.61),ast,50.0,and_triple,[]
SF_AND3_SF_1h_current_return_pct_gte_18.082043,(1h_current_return_pct >= 18.08 AND (1h_current_return_pct - 15m_current_return_pct) >= 9.241 AND 15m_current_return_pct >= 10.13),ast,50.0,and_triple,[]
SF_AND3_SF_1h_current_return_pct_gte_8.969214,(1h_current_return_pct >= 8.969 AND 2h_current_body_pct >= 27.48 AND 15m_current_ma20_distance_pct >= 26.75),ast,50.0,and_triple,[]
SF_AND3_SF_2h_current_body_pct_gte_13.739943,(2h_current_body_pct >= 13.74 AND 2h_current_range_pct >= 44.89 AND 2h_previous_ma20_distance_pct >= 65.59),ast,50.0,and_triple,[]
SF_AND3_SF_2h_current_body_pct_gte_20.609914,(2h_current_body_pct >= 20.61 AND 2h_previous_body_pct >= 34.35 AND 30m_current_body_pct >= 15.97),ast,50.0,and_triple,[]
SF_AND3_SF_2h_current_body_pct_gte_27.479886,(2h_current_body_pct >= 27.48 AND 15m_current_ma20_distance_pct >= 26.75 AND (1h_current_range_pct - 1h_previous_range_pct) >= 21.98),ast,50.0,and_triple,[]
SF_AND3_SF_2h_current_range_pct_gte_29.928486,(2h_current_range_pct >= 29.93 AND 15m_current_body_pct >= 13.64 AND 2h_current_body_pct >= 13.74),ast,50.0,and_triple,[]
SF_AND3_SF_2h_previous_body_pct_gte_34.349857,(2h_previous_body_pct >= 34.35 AND 30m_current_body_pct >= 15.97 AND derived_range_expansion >= 19.66),ast,50.0,and_triple,[]
SF_AND3_SF_30m_current_body_pct_gte_15.970929,(30m_current_body_pct >= 15.97 AND derived_range_expansion >= 19.66 AND 2h_current_range_pct >= 29.93),ast,50.0,and_triple,[]
SF_AND3_SF_derived_range_expansion_gte_19.663914,(derived_range_expansion >= 19.66 AND 2h_current_range_pct >= 29.93 AND 15m_current_body_pct >= 13.64),ast,50.0,and_triple,[]
SF_AND_SD_1h_current_body_pct_1h_previous_body_pct_gte_18.78308_SD_1h_current_range_pct_1h_previous_range_pct_gte_5.76056,((1h_current_body_pct - 1h_previous_body_pct) >= 18.78 AND (1h_current_range_pct - 1h_previous_range_pct) >= 5.761),ast,50.0,and_pair,[]
SF_AND_SD_1h_current_body_pct_1h_previous_body_pct_gte_18.78308_SD_1h_current_return_pct_15m_current_return_pct_lte_-12.62842,((1h_current_body_pct - 1h_previous_body_pct) >= 18.78 AND (1h_current_return_pct - 15m_current_return_pct) <= -12.63),ast,50.0,and_pair,[]
SF_AND_SD_1h_current_body_pct_1h_previous_body_pct_gte_18.78308_SF_15m_current_body_pct_gte_9.0914,((1h_current_body_pct - 1h_previous_body_pct) >= 18.78 AND 15m_current_body_pct >= 9.091),ast,50.0,and_pair,[]
SF_AND_SD_1h_current_body_pct_1h_previous_body_pct_gte_18.78308_SF_2h_current_range_pct_gte_14.964243,((1h_current_body_pct - 1h_previous_body_pct) >= 18.78 AND 2h_current_range_pct >= 14.96),ast,50.0,and_pair,[]
SF_AND_SD_1h_current_body_pct_1h_previous_body_pct_gte_18.78308_SF_2h_previous_body_pct_gte_27.479886,((1h_current_body_pct - 1h_previous_body_pct) >= 18.78 AND 2h_previous_body_pct >= 27.48),ast,50.0,and_pair,[]
SF_AND_SD_1h_current_body_pct_1h_previous_body_pct_gte_18.78308_SF_2h_previous_return_pct_gte_26.298514,((1h_current_body_pct - 1h_previous_body_pct) >= 18.78 AND 2h_previous_return_pct >= 26.3),ast,50.0,and_pair,[]
SF_AND_SD_1h_current_body_pct_1h_previous_body_pct_gte_18.78308_SR_1h_current_range_pct_5m_compression_30525279999.999992,((1h_current_body_pct - 1h_previous_body_pct) >= 18.78 AND 1h_current_range_pct/5m_compression >= 3.053e+10),ast,50.0,and_pair,[]
SF_AND_SD_1h_current_range_pct_1h_previous_range_pct_gte_21.98114_SD_1h_current_body_pct_1h_previous_body_pct_gte_18.78308,((1h_current_range_pct - 1h_previous_range_pct) >= 21.98 AND (1h_current_body_pct - 1h_previous_body_pct) >= 18.78),ast,50.0,and_pair,[]
SF_AND_SD_1h_current_range_pct_1h_previous_range_pct_gte_21.98114_SD_1h_current_range_pct_1h_previous_range_pct_gte_5.76056,((1h_current_range_pct - 1h_previous_range_pct) >= 21.98 AND (1h_current_range_pct - 1h_previous_range_pct) >= 5.761),ast,50.0,and_pair,[]
SF_AND_SD_1h_current_range_pct_1h_previous_range_pct_gte_21.98114_SD_1h_current_return_pct_15m_current_return_pct_lte_-12.62842,((1h_current_range_pct - 1h_previous_range_pct) >= 21.98 AND (1h_current_return_pct - 15m_current_return_pct) <= -12.63),ast,50.0,and_pair,[]
SF_AND_SD_1h_current_range_pct_1h_previous_range_pct_gte_21.98114_SD_2h_current_return_pct_1h_current_return_pct_gte_13.61786,((1h_current_range_pct - 1h_previous_range_pct) >= 21.98 AND (2h_current_return_pct - 1h_current_return_pct) >= 13.62),ast,50.0,and_pair,[]
SF_AND_SD_1h_current_range_pct_1h_previous_range_pct_gte_21.98114_SF_15m_current_body_pct_gte_13.6371,((1h_current_range_pct - 1h_previous_range_pct) >= 21.98 AND 15m_current_body_pct >= 13.64),ast,50.0,and_pair,[]
SF_AND_SD_1h_current_range_pct_1h_previous_range_pct_gte_21.98114_SF_15m_current_body_pct_gte_9.0914,((1h_current_range_pct - 1h_previous_range_pct) >= 21.98 AND 15m_current_body_pct >= 9.091),ast,50.0,and_pair,[]
SF_AND_SD_1h_current_range_pct_1h_previous_range_pct_gte_21.98114_SF_15m_current_ma20_distance_pct_gte_17.364729,((1h_current_range_pct - 1h_previous_range_pct) >= 21.98 AND 15m_current_ma20_distance_pct >= 17.36),ast,50.0,and_pair,[]
SF_AND_SD_1h_current_range_pct_1h_previous_range_pct_gte_21.98114_SF_1h_current_ma20_distance_pct_gte_20.388471,((1h_current_range_pct - 1h_previous_range_pct) >= 21.98 AND 1h_current_ma20_distance_pct >= 20.39),ast,50.0,and_pair,[]
SF_AND_SD_1h_current_range_pct_1h_previous_range_pct_gte_21.98114_SF_1h_current_ma20_distance_pct_gte_35.705329,((1h_current_range_pct - 1h_previous_range_pct) >= 21.98 AND 1h_current_ma20_distance_pct >= 35.71),ast,50.0,and_pair,[]
SF_AND_SD_1h_current_range_pct_1h_previous_range_pct_gte_21.98114_SF_1h_current_ma20_distance_pct_gte_51.022186,((1h_current_range_pct - 1h_previous_range_pct) >= 21.98 AND 1h_current_ma20_distance_pct >= 51.02),ast,50.0,and_pair,[]
SF_AND_SD_1h_current_range_pct_1h_previous_range_pct_gte_21.98114_SF_2h_current_body_pct_gte_13.739943,((1h_current_range_pct - 1h_previous_range_pct) >= 21.98 AND 2h_current_body_pct >= 13.74),ast,50.0,and_pair,[]
SF_AND_SD_1h_current_range_pct_1h_previous_range_pct_gte_21.98114_SF_2h_current_body_pct_gte_20.609914,((1h_current_range_pct - 1h_previous_range_pct) >= 21.98 AND 2h_current_body_pct >= 20.61),ast,50.0,and_pair,[]
SF_AND_SD_1h_current_range_pct_1h_previous_range_pct_gte_21.98114_SF_2h_current_range_pct_gte_14.964243,((1h_current_range_pct - 1h_previous_range_pct) >= 21.98 AND 2h_current_range_pct >= 14.96),ast,50.0,and_pair,[]
SF_AND_SD_1h_current_range_pct_1h_previous_range_pct_gte_21.98114_SF_2h_current_range_pct_gte_29.928486,((1h_current_range_pct - 1h_previous_range_pct) >= 21.98 AND 2h_current_range_pct >= 29.93),ast,50.0,and_pair,[]
SF_AND_SD_1h_current_range_pct_1h_previous_range_pct_gte_21.98114_SF_2h_current_range_pct_gte_44.892729,((1h_current_range_pct - 1h_previous_range_pct) >= 21.98 AND 2h_current_range_pct >= 44.89),ast,50.0,and_pair,[]
SF_AND_SD_1h_current_range_pct_1h_previous_range_pct_gte_21.98114_SF_2h_previous_body_pct_gte_27.479886,((1h_current_range_pct - 1h_previous_range_pct) >= 21.98 AND 2h_previous_body_pct >= 27.48),ast,50.0,and_pair,[]
SF_AND_SD_1h_current_range_pct_1h_previous_range_pct_gte_21.98114_SF_2h_previous_body_pct_gte_34.349857,((1h_current_range_pct - 1h_previous_range_pct) >= 21.98 AND 2h_previous_body_pct >= 34.35),ast,50.0,and_pair,[]
SF_AND_SD_1h_current_range_pct_1h_previous_range_pct_gte_21.98114_SF_2h_previous_ma20_distance_pct_gte_65.594714,((1h_current_range_pct - 1h_previous_range_pct) >= 21.98 AND 2h_previous_ma20_distance_pct >= 65.59),ast,50.0,and_pair,[]
SF_AND_SD_1h_current_range_pct_1h_previous_range_pct_gte_21.98114_SF_2h_previous_return_pct_gte_26.298514,((1h_current_range_pct - 1h_previous_range_pct) >= 21.98 AND 2h_previous_return_pct >= 26.3),ast,50.0,and_pair,[]
SF_AND_SD_1h_current_range_pct_1h_previous_range_pct_gte_21.98114_SF_30m_current_body_pct_gte_10.647286,((1h_current_range_pct - 1h_previous_range_pct) >= 21.98 AND 30m_current_body_pct >= 10.65),ast,50.0,and_pair,[]
SF_AND_SD_1h_current_range_pct_1h_previous_range_pct_gte_21.98114_SF_30m_current_body_pct_gte_15.970929,((1h_current_range_pct - 1h_previous_range_pct) >= 21.98 AND 30m_current_body_pct >= 15.97),ast,50.0,and_pair,[]
SF_AND_SD_1h_current_range_pct_1h_previous_range_pct_gte_21.98114_SF_30m_current_range_pct_gte_12.1684,((1h_current_range_pct - 1h_previous_range_pct) >= 21.98 AND 30m_current_range_pct >= 12.17),ast,50.0,and_pair,[]
SF_AND_SD_1h_current_range_pct_1h_previous_range_pct_gte_21.98114_SF_30m_current_range_pct_gte_22.8592,((1h_current_range_pct - 1h_previous_range_pct) >= 21.98 AND 30m_current_range_pct >= 22.86),ast,50.0,and_pair,[]
SF_AND_SD_1h_current_range_pct_1h_previous_range_pct_gte_21.98114_SF_30m_previous_ma20_distance_pct_gte_39.165157,((1h_current_range_pct - 1h_previous_range_pct) >= 21.98 AND 30m_previous_ma20_distance_pct >= 39.17),ast,50.0,and_pair,[]
SF_AND_SD_1h_current_range_pct_1h_previous_range_pct_gte_21.98114_SF_derived_range_expansion_gte_19.663914,((1h_current_range_pct - 1h_previous_range_pct) >= 21.98 AND derived_range_expansion >= 19.66),ast,50.0,and_pair,[]
SF_AND_SD_1h_current_range_pct_1h_previous_range_pct_gte_21.98114_SF_derived_range_expansion_gte_8.077786,((1h_current_range_pct - 1h_previous_range_pct) >= 21.98 AND derived_range_expansion >= 8.078),ast,50.0,and_pair,[]
SF_AND_SD_1h_current_range_pct_1h_previous_range_pct_gte_21.98114_SR_1h_current_range_pct_5m_compression_15262639999.999996,((1h_current_range_pct - 1h_previous_range_pct) >= 21.98 AND 1h_current_range_pct/5m_compression >= 1.526e+10),ast,50.0,and_pair,[]
SF_AND_SD_1h_current_range_pct_1h_previous_range_pct_gte_21.98114_SR_1h_current_range_pct_5m_compression_30525279999.999992,((1h_current_range_pct - 1h_previous_range_pct) >= 21.98 AND 1h_current_range_pct/5m_compression >= 3.053e+10),ast,50.0,and_pair,[]
SF_AND_SD_1h_current_range_pct_1h_previous_range_pct_gte_5.76056_SD_1h_current_return_pct_15m_current_return_pct_lte_-12.62842,((1h_current_range_pct - 1h_previous_range_pct) >= 5.761 AND (1h_current_return_pct - 15m_current_return_pct) <= -12.63),ast,50.0,and_pair,[]
SF_AND_SD_1h_current_range_pct_1h_previous_range_pct_gte_5.76056_SF_2h_current_range_pct_gte_14.964243,((1h_current_range_pct - 1h_previous_range_pct) >= 5.761 AND 2h_current_range_pct >= 14.96),ast,50.0,and_pair,[]
SF_AND_SD_1h_current_range_pct_1h_previous_range_pct_gte_5.76056_SF_2h_previous_body_pct_gte_27.479886,((1h_current_range_pct - 1h_previous_range_pct) >= 5.761 AND 2h_previous_body_pct >= 27.48),ast,50.0,and_pair,[]
SF_AND_SD_1h_current_range_pct_1h_previous_range_pct_gte_5.76056_SR_1h_current_range_pct_5m_compression_30525279999.999992,((1h_current_range_pct - 1h_previous_range_pct) >= 5.761 AND 1h_current_range_pct/5m_compression >= 3.053e+10),ast,50.0,and_pair,[]
SF_AND_SD_1h_current_return_pct_15m_current_return_pct_gte_9.24094_SD_1h_current_body_pct_1h_previous_body_pct_gte_18.78308,((1h_current_return_pct - 15m_current_return_pct) >= 9.241 AND (1h_current_body_pct - 1h_previous_body_pct) >= 18.78),ast,50.0,and_pair,[]
SF_AND_SD_1h_current_return_pct_15m_current_return_pct_gte_9.24094_SD_1h_current_range_pct_1h_previous_range_pct_gte_21.98114,((1h_current_return_pct - 15m_current_return_pct) >= 9.241 AND (1h_current_range_pct - 1h_previous_range_pct) >= 21.98),ast,50.0,and_pair,[]
SF_AND_SD_1h_current_return_pct_15m_current_return_pct_gte_9.24094_SD_1h_current_range_pct_1h_previous_range_pct_gte_5.76056,((1h_current_return_pct - 15m_current_return_pct) >= 9.241 AND (1h_current_range_pct - 1h_previous_range_pct) >= 5.761),ast,50.0,and_pair,[]
SF_AND_SD_1h_current_return_pct_15m_current_return_pct_gte_9.24094_SD_1h_current_return_pct_15m_current_return_pct_lte_-12.62842,((1h_current_return_pct - 15m_current_return_pct) >= 9.241 AND (1h_current_return_pct - 15m_current_return_pct) <= -12.63),ast,50.0,and_pair,[]
SF_AND_SD_1h_current_return_pct_15m_current_return_pct_gte_9.24094_SD_2h_current_return_pct_1h_current_return_pct_gte_13.61786,((1h_current_return_pct - 15m_current_return_pct) >= 9.241 AND (2h_current_return_pct - 1h_current_return_pct) >= 13.62),ast,50.0,and_pair,[]
SF_AND_SD_1h_current_return_pct_15m_current_return_pct_gte_9.24094_SF_15m_current_body_pct_gte_13.6371,((1h_current_return_pct - 15m_current_return_pct) >= 9.241 AND 15m_current_body_pct >= 13.64),ast,50.0,and_pair,[]
SF_AND_SD_1h_current_return_pct_15m_current_return_pct_gte_9.24094_SF_15m_current_body_pct_gte_9.0914,((1h_current_return_pct - 15m_current_return_pct) >= 9.241 AND 15m_current_body_pct >= 9.091),ast,50.0,and_pair,[]
SF_AND_SD_1h_current_return_pct_15m_current_return_pct_gte_9.24094_SF_15m_current_ma20_distance_pct_gte_17.364729,((1h_current_return_pct - 15m_current_return_pct) >= 9.241 AND 15m_current_ma20_distance_pct >= 17.36),ast,50.0,and_pair,[]
SF_AND_SD_1h_current_return_pct_15m_current_return_pct_gte_9.24094_SF_15m_current_ma20_distance_pct_gte_26.750886,((1h_current_return_pct - 15m_current_return_pct) >= 9.241 AND 15m_current_ma20_distance_pct >= 26.75),ast,50.0,and_pair,[]
SF_AND_SD_1h_current_return_pct_15m_current_return_pct_gte_9.24094_SF_15m_current_return_pct_gte_10.127714,((1h_current_return_pct - 15m_current_return_pct) >= 9.241 AND 15m_current_return_pct >= 10.13),ast,50.0,and_pair,[]
SF_AND_SD_1h_current_return_pct_15m_current_return_pct_gte_9.24094_SF_1h_current_ma20_distance_pct_gte_20.388471,((1h_current_return_pct - 15m_current_return_pct) >= 9.241 AND 1h_current_ma20_distance_pct >= 20.39),ast,50.0,and_pair,[]
SF_AND_SD_1h_current_return_pct_15m_current_return_pct_gte_9.24094_SF_1h_current_ma20_distance_pct_gte_35.705329,((1h_current_return_pct - 15m_current_return_pct) >= 9.241 AND 1h_current_ma20_distance_pct >= 35.71),ast,50.0,and_pair,[]
SF_AND_SD_1h_current_return_pct_15m_current_return_pct_gte_9.24094_SF_1h_current_ma20_distance_pct_gte_51.022186,((1h_current_return_pct - 15m_current_return_pct) >= 9.241 AND 1h_current_ma20_distance_pct >= 51.02),ast,50.0,and_pair,[]
SF_AND_SD_1h_current_return_pct_15m_current_return_pct_gte_9.24094_SF_1h_current_return_pct_gte_8.969214,((1h_current_return_pct - 15m_current_return_pct) >= 9.241 AND 1h_current_return_pct >= 8.969),ast,50.0,and_pair,[]
SF_AND_SD_1h_current_return_pct_15m_current_return_pct_gte_9.24094_SF_2h_current_body_pct_gte_13.739943,((1h_current_return_pct - 15m_current_return_pct) >= 9.241 AND 2h_current_body_pct >= 13.74),ast,50.0,and_pair,[]
SF_AND_SD_1h_current_return_pct_15m_current_return_pct_gte_9.24094_SF_2h_current_body_pct_gte_20.609914,((1h_current_return_pct - 15m_current_return_pct) >= 9.241 AND 2h_current_body_pct >= 20.61),ast,50.0,and_pair,[]
SF_AND_SD_1h_current_return_pct_15m_current_return_pct_gte_9.24094_SF_2h_current_body_pct_gte_27.479886,((1h_current_return_pct - 15m_current_return_pct) >= 9.241 AND 2h_current_body_pct >= 27.48),ast,50.0,and_pair,[]
SF_AND_SD_1h_current_return_pct_15m_current_return_pct_gte_9.24094_SF_2h_current_range_pct_gte_14.964243,((1h_current_return_pct - 15m_current_return_pct) >= 9.241 AND 2h_current_range_pct >= 14.96),ast,50.0,and_pair,[]
SF_AND_SD_1h_current_return_pct_15m_current_return_pct_gte_9.24094_SF_2h_current_range_pct_gte_29.928486,((1h_current_return_pct - 15m_current_return_pct) >= 9.241 AND 2h_current_range_pct >= 29.93),ast,50.0,and_pair,[]
SF_AND_SD_1h_current_return_pct_15m_current_return_pct_gte_9.24094_SF_2h_current_range_pct_gte_44.892729,((1h_current_return_pct - 15m_current_return_pct) >= 9.241 AND 2h_current_range_pct >= 44.89),ast,50.0,and_pair,[]
SF_AND_SD_1h_current_return_pct_15m_current_return_pct_gte_9.24094_SF_2h_previous_body_pct_gte_27.479886,((1h_current_return_pct - 15m_current_return_pct) >= 9.241 AND 2h_previous_body_pct >= 27.48),ast,50.0,and_pair,[]
SF_AND_SD_1h_current_return_pct_15m_current_return_pct_gte_9.24094_SF_2h_previous_body_pct_gte_34.349857,((1h_current_return_pct - 15m_current_return_pct) >= 9.241 AND 2h_previous_body_pct >= 34.35),ast,50.0,and_pair,[]
SF_AND_SD_1h_current_return_pct_15m_current_return_pct_gte_9.24094_SF_2h_previous_ma20_distance_pct_gte_65.594714,((1h_current_return_pct - 15m_current_return_pct) >= 9.241 AND 2h_previous_ma20_distance_pct >= 65.59),ast,50.0,and_pair,[]
SF_AND_SD_1h_current_return_pct_15m_current_return_pct_gte_9.24094_SF_2h_previous_return_pct_gte_26.298514,((1h_current_return_pct - 15m_current_return_pct) >= 9.241 AND 2h_previous_return_pct >= 26.3),ast,50.0,and_pair,[]
SF_AND_SD_1h_current_return_pct_15m_current_return_pct_gte_9.24094_SF_30m_current_body_pct_gte_10.647286,((1h_current_return_pct - 15m_current_return_pct) >= 9.241 AND 30m_current_body_pct >= 10.65),ast,50.0,and_pair,[]
SF_AND_SD_1h_current_return_pct_15m_current_return_pct_gte_9.24094_SF_30m_current_body_pct_gte_15.970929,((1h_current_return_pct - 15m_current_return_pct) >= 9.241 AND 30m_current_body_pct >= 15.97),ast,50.0,and_pair,[]
SF_AND_SD_1h_current_return_pct_15m_current_return_pct_gte_9.24094_SF_30m_current_range_pct_gte_12.1684,((1h_current_return_pct - 15m_current_return_pct) >= 9.241 AND 30m_current_range_pct >= 12.17),ast,50.0,and_pair,[]
SF_AND_SD_1h_current_return_pct_15m_current_return_pct_gte_9.24094_SF_30m_current_range_pct_gte_22.8592,((1h_current_return_pct - 15m_current_return_pct) >= 9.241 AND 30m_current_range_pct >= 22.86),ast,50.0,and_pair,[]
SF_AND_SD_1h_current_return_pct_15m_current_return_pct_gte_9.24094_SF_30m_previous_ma20_distance_pct_gte_39.165157,((1h_current_return_pct - 15m_current_return_pct) >= 9.241 AND 30m_previous_ma20_distance_pct >= 39.17),ast,50.0,and_pair,[]
SF_AND_SD_1h_current_return_pct_15m_current_return_pct_gte_9.24094_SF_derived_range_expansion_gte_19.663914,((1h_current_return_pct - 15m_current_return_pct) >= 9.241 AND derived_range_expansion >= 19.66),ast,50.0,and_pair,[]
SF_AND_SD_1h_current_return_pct_15m_current_return_pct_gte_9.24094_SF_derived_range_expansion_gte_8.077786,((1h_current_return_pct - 15m_current_return_pct) >= 9.241 AND derived_range_expansion >= 8.078),ast,50.0,and_pair,[]
SF_AND_SD_1h_current_return_pct_15m_current_return_pct_gte_9.24094_SR_1h_current_range_pct_5m_compression_15262639999.999996,((1h_current_return_pct - 15m_current_return_pct) >= 9.241 AND 1h_current_range_pct/5m_compression >= 1.526e+10),ast,50.0,and_pair,[]
SF_AND_SD_1h_current_return_pct_15m_current_return_pct_gte_9.24094_SR_1h_current_range_pct_5m_compression_30525279999.999992,((1h_current_return_pct - 15m_current_return_pct) >= 9.241 AND 1h_current_range_pct/5m_compression >= 3.053e+10),ast,50.0,and_pair,[]
SF_AND_SD_2h_current_return_pct_1h_current_return_pct_gte_13.61786_SD_1h_current_body_pct_1h_previous_body_pct_gte_18.78308,((2h_current_return_pct - 1h_current_return_pct) >= 13.62 AND (1h_current_body_pct - 1h_previous_body_pct) >= 18.78),ast,50.0,and_pair,[]
SF_AND_SD_2h_current_return_pct_1h_current_return_pct_gte_13.61786_SD_1h_current_range_pct_1h_previous_range_pct_gte_5.76056,((2h_current_return_pct - 1h_current_return_pct) >= 13.62 AND (1h_current_range_pct - 1h_previous_range_pct) >= 5.761),ast,50.0,and_pair,[]
SF_AND_SD_2h_current_return_pct_1h_current_return_pct_gte_13.61786_SD_1h_current_return_pct_15m_current_return_pct_lte_-12.62842,((2h_current_return_pct - 1h_current_return_pct) >= 13.62 AND (1h_current_return_pct - 15m_current_return_pct) <= -12.63),ast,50.0,and_pair,[]
SF_AND_SD_2h_current_return_pct_1h_current_return_pct_gte_13.61786_SF_15m_current_body_pct_gte_9.0914,((2h_current_return_pct - 1h_current_return_pct) >= 13.62 AND 15m_current_body_pct >= 9.091),ast,50.0,and_pair,[]
SF_AND_SD_2h_current_return_pct_1h_current_return_pct_gte_13.61786_SF_2h_current_range_pct_gte_14.964243,((2h_current_return_pct - 1h_current_return_pct) >= 13.62 AND 2h_current_range_pct >= 14.96),ast,50.0,and_pair,[]
SF_AND_SD_2h_current_return_pct_1h_current_return_pct_gte_13.61786_SF_2h_previous_body_pct_gte_27.479886,((2h_current_return_pct - 1h_current_return_pct) >= 13.62 AND 2h_previous_body_pct >= 27.48),ast,50.0,and_pair,[]
SF_AND_SD_2h_current_return_pct_1h_current_return_pct_gte_13.61786_SF_2h_previous_return_pct_gte_26.298514,((2h_current_return_pct - 1h_current_return_pct) >= 13.62 AND 2h_previous_return_pct >= 26.3),ast,50.0,and_pair,[]
SF_AND_SD_2h_current_return_pct_1h_current_return_pct_gte_13.61786_SF_30m_previous_ma20_distance_pct_gte_39.165157,((2h_current_return_pct - 1h_current_return_pct) >= 13.62 AND 30m_previous_ma20_distance_pct >= 39.17),ast,50.0,and_pair,[]
SF_AND_SD_2h_current_return_pct_1h_current_return_pct_gte_13.61786_SR_1h_current_range_pct_5m_compression_30525279999.999992,((2h_current_return_pct - 1h_current_return_pct) >= 13.62 AND 1h_current_range_pct/5m_compression >= 3.053e+10),ast,50.0,and_pair,[]
SF_AND_SF_15m_current_body_pct_gte_13.6371_SD_1h_current_body_pct_1h_previous_body_pct_gte_18.78308,(15m_current_body_pct >= 13.64 AND (1h_current_body_pct - 1h_previous_body_pct) >= 18.78),ast,50.0,and_pair,[]
SF_AND_SF_15m_current_body_pct_gte_13.6371_SD_1h_current_range_pct_1h_previous_range_pct_gte_5.76056,(15m_current_body_pct >= 13.64 AND (1h_current_range_pct - 1h_previous_range_pct) >= 5.761),ast,50.0,and_pair,[]
SF_AND_SF_15m_current_body_pct_gte_13.6371_SD_1h_current_return_pct_15m_current_return_pct_lte_-12.62842,(15m_current_body_pct >= 13.64 AND (1h_current_return_pct - 15m_current_return_pct) <= -12.63),ast,50.0,and_pair,[]
SF_AND_SF_15m_current_body_pct_gte_13.6371_SD_2h_current_return_pct_1h_current_return_pct_gte_13.61786,(15m_current_body_pct >= 13.64 AND (2h_current_return_pct - 1h_current_return_pct) >= 13.62),ast,50.0,and_pair,[]
SF_AND_SF_15m_current_body_pct_gte_13.6371_SF_15m_current_body_pct_gte_9.0914,(15m_current_body_pct >= 13.64 AND 15m_current_body_pct >= 9.091),ast,50.0,and_pair,[]
SF_AND_SF_15m_current_body_pct_gte_13.6371_SF_15m_current_ma20_distance_pct_gte_17.364729,(15m_current_body_pct >= 13.64 AND 15m_current_ma20_distance_pct >= 17.36),ast,50.0,and_pair,[]
SF_AND_SF_15m_current_body_pct_gte_13.6371_SF_1h_current_ma20_distance_pct_gte_20.388471,(15m_current_body_pct >= 13.64 AND 1h_current_ma20_distance_pct >= 20.39),ast,50.0,and_pair,[]
SF_AND_SF_15m_current_body_pct_gte_13.6371_SF_2h_current_body_pct_gte_13.739943,(15m_current_body_pct >= 13.64 AND 2h_current_body_pct >= 13.74),ast,50.0,and_pair,[]
SF_AND_SF_15m_current_body_pct_gte_13.6371_SF_2h_current_range_pct_gte_14.964243,(15m_current_body_pct >= 13.64 AND 2h_current_range_pct >= 14.96),ast,50.0,and_pair,[]
SF_AND_SF_15m_current_body_pct_gte_13.6371_SF_2h_current_range_pct_gte_44.892729,(15m_current_body_pct >= 13.64 AND 2h_current_range_pct >= 44.89),ast,50.0,and_pair,[]
SF_AND_SF_15m_current_body_pct_gte_13.6371_SF_2h_previous_body_pct_gte_27.479886,(15m_current_body_pct >= 13.64 AND 2h_previous_body_pct >= 27.48),ast,50.0,and_pair,[]
SF_AND_SF_15m_current_body_pct_gte_13.6371_SF_2h_previous_ma20_distance_pct_gte_65.594714,(15m_current_body_pct >= 13.64 AND 2h_previous_ma20_distance_pct >= 65.59),ast,50.0,and_pair,[]
SF_AND_SF_15m_current_body_pct_gte_13.6371_SF_2h_previous_return_pct_gte_26.298514,(15m_current_body_pct >= 13.64 AND 2h_previous_return_pct >= 26.3),ast,50.0,and_pair,[]
SF_AND_SF_15m_current_body_pct_gte_13.6371_SF_30m_current_body_pct_gte_10.647286,(15m_current_body_pct >= 13.64 AND 30m_current_body_pct >= 10.65),ast,50.0,and_pair,[]
SF_AND_SF_15m_current_body_pct_gte_13.6371_SF_30m_current_range_pct_gte_12.1684,(15m_current_body_pct >= 13.64 AND 30m_current_range_pct >= 12.17),ast,50.0,and_pair,[]
SF_AND_SF_15m_current_body_pct_gte_13.6371_SF_30m_current_range_pct_gte_22.8592,(15m_current_body_pct >= 13.64 AND 30m_current_range_pct >= 22.86),ast,50.0,and_pair,[]
SF_AND_SF_15m_current_body_pct_gte_13.6371_SF_30m_previous_ma20_distance_pct_gte_39.165157,(15m_current_body_pct >= 13.64 AND 30m_previous_ma20_distance_pct >= 39.17),ast,50.0,and_pair,[]
SF_AND_SF_15m_current_body_pct_gte_13.6371_SF_derived_range_expansion_gte_8.077786,(15m_current_body_pct >= 13.64 AND derived_range_expansion >= 8.078),ast,50.0,and_pair,[]
SF_AND_SF_15m_current_body_pct_gte_13.6371_SR_1h_current_range_pct_5m_compression_15262639999.999996,(15m_current_body_pct >= 13.64 AND 1h_current_range_pct/5m_compression >= 1.526e+10),ast,50.0,and_pair,[]
SF_AND_SF_15m_current_body_pct_gte_13.6371_SR_1h_current_range_pct_5m_compression_30525279999.999992,(15m_current_body_pct >= 13.64 AND 1h_current_range_pct/5m_compression >= 3.053e+10),ast,50.0,and_pair,[]
SF_AND_SF_15m_current_body_pct_gte_9.0914_SD_1h_current_range_pct_1h_previous_range_pct_gte_5.76056,(15m_current_body_pct >= 9.091 AND (1h_current_range_pct - 1h_previous_range_pct) >= 5.761),ast,50.0,and_pair,[]
SF_AND_SF_15m_current_body_pct_gte_9.0914_SD_1h_current_return_pct_15m_current_return_pct_lte_-12.62842,(15m_current_body_pct >= 9.091 AND (1h_current_return_pct - 15m_current_return_pct) <= -12.63),ast,50.0,and_pair,[]
SF_AND_SF_15m_current_body_pct_gte_9.0914_SF_2h_current_range_pct_gte_14.964243,(15m_current_body_pct >= 9.091 AND 2h_current_range_pct >= 14.96),ast,50.0,and_pair,[]
SF_AND_SF_15m_current_body_pct_gte_9.0914_SF_2h_previous_body_pct_gte_27.479886,(15m_current_body_pct >= 9.091 AND 2h_previous_body_pct >= 27.48),ast,50.0,and_pair,[]
SF_AND_SF_15m_current_body_pct_gte_9.0914_SR_1h_current_range_pct_5m_compression_30525279999.999992,(15m_current_body_pct >= 9.091 AND 1h_current_range_pct/5m_compression >= 3.053e+10),ast,50.0,and_pair,[]
SF_AND_SF_15m_current_ma20_distance_pct_gte_17.364729_SD_1h_current_body_pct_1h_previous_body_pct_gte_18.78308,(15m_current_ma20_distance_pct >= 17.36 AND (1h_current_body_pct - 1h_previous_body_pct) >= 18.78),ast,50.0,and_pair,[]
SF_AND_SF_15m_current_ma20_distance_pct_gte_17.364729_SD_1h_current_range_pct_1h_previous_range_pct_gte_5.76056,(15m_current_ma20_distance_pct >= 17.36 AND (1h_current_range_pct - 1h_previous_range_pct) >= 5.761),ast,50.0,and_pair,[]
SF_AND_SF_15m_current_ma20_distance_pct_gte_17.364729_SD_1h_current_return_pct_15m_current_return_pct_lte_-12.62842,(15m_current_ma20_distance_pct >= 17.36 AND (1h_current_return_pct - 15m_current_return_pct) <= -12.63),ast,50.0,and_pair,[]
SF_AND_SF_15m_current_ma20_distance_pct_gte_17.364729_SD_2h_current_return_pct_1h_current_return_pct_gte_13.61786,(15m_current_ma20_distance_pct >= 17.36 AND (2h_current_return_pct - 1h_current_return_pct) >= 13.62),ast,50.0,and_pair,[]
SF_AND_SF_15m_current_ma20_distance_pct_gte_17.364729_SF_15m_current_body_pct_gte_9.0914,(15m_current_ma20_distance_pct >= 17.36 AND 15m_current_body_pct >= 9.091),ast,50.0,and_pair,[]
SF_AND_SF_15m_current_ma20_distance_pct_gte_17.364729_SF_1h_current_ma20_distance_pct_gte_20.388471,(15m_current_ma20_distance_pct >= 17.36 AND 1h_current_ma20_distance_pct >= 20.39),ast,50.0,and_pair,[]
SF_AND_SF_15m_current_ma20_distance_pct_gte_17.364729_SF_2h_current_range_pct_gte_14.964243,(15m_current_ma20_distance_pct >= 17.36 AND 2h_current_range_pct >= 14.96),ast,50.0,and_pair,[]
SF_AND_SF_15m_current_ma20_distance_pct_gte_17.364729_SF_2h_previous_body_pct_gte_27.479886,(15m_current_ma20_distance_pct >= 17.36 AND 2h_previous_body_pct >= 27.48),ast,50.0,and_pair,[]
SF_AND_SF_15m_current_ma20_distance_pct_gte_17.364729_SF_2h_previous_return_pct_gte_26.298514,(15m_current_ma20_distance_pct >= 17.36 AND 2h_previous_return_pct >= 26.3),ast,50.0,and_pair,[]
SF_AND_SF_15m_current_ma20_distance_pct_gte_17.364729_SF_30m_current_body_pct_gte_10.647286,(15m_current_ma20_distance_pct >= 17.36 AND 30m_current_body_pct >= 10.65),ast,50.0,and_pair,[]
SF_AND_SF_15m_current_ma20_distance_pct_gte_17.364729_SF_30m_current_range_pct_gte_12.1684,(15m_current_ma20_distance_pct >= 17.36 AND 30m_current_range_pct >= 12.17),ast,50.0,and_pair,[]
SF_AND_SF_15m_current_ma20_distance_pct_gte_17.364729_SF_30m_previous_ma20_distance_pct_gte_39.165157,(15m_current_ma20_distance_pct >= 17.36 AND 30m_previous_ma20_distance_pct >= 39.17),ast,50.0,and_pair,[]
SF_AND_SF_15m_current_ma20_distance_pct_gte_17.364729_SF_derived_range_expansion_gte_8.077786,(15m_current_ma20_distance_pct >= 17.36 AND derived_range_expansion >= 8.078),ast,50.0,and_pair,[]
SF_AND_SF_15m_current_ma20_distance_pct_gte_17.364729_SR_1h_current_range_pct_5m_compression_15262639999.999996,(15m_current_ma20_distance_pct >= 17.36 AND 1h_current_range_pct/5m_compression >= 1.526e+10),ast,50.0,and_pair,[]
SF_AND_SF_15m_current_ma20_distance_pct_gte_17.364729_SR_1h_current_range_pct_5m_compression_30525279999.999992,(15m_current_ma20_distance_pct >= 17.36 AND 1h_current_range_pct/5m_compression >= 3.053e+10),ast,50.0,and_pair,[]
SF_AND_SF_15m_current_ma20_distance_pct_gte_26.750886_SD_1h_current_body_pct_1h_previous_body_pct_gte_18.78308,(15m_current_ma20_distance_pct >= 26.75 AND (1h_current_body_pct - 1h_previous_body_pct) >= 18.78),ast,50.0,and_pair,[]
SF_AND_SF_15m_current_ma20_distance_pct_gte_26.750886_SD_1h_current_range_pct_1h_previous_range_pct_gte_21.98114,(15m_current_ma20_distance_pct >= 26.75 AND (1h_current_range_pct - 1h_previous_range_pct) >= 21.98),ast,50.0,and_pair,[]
SF_AND_SF_15m_current_ma20_distance_pct_gte_26.750886_SD_1h_current_range_pct_1h_previous_range_pct_gte_5.76056,(15m_current_ma20_distance_pct >= 26.75 AND (1h_current_range_pct - 1h_previous_range_pct) >= 5.761),ast,50.0,and_pair,[]
SF_AND_SF_15m_current_ma20_distance_pct_gte_26.750886_SD_1h_current_return_pct_15m_current_return_pct_lte_-12.62842,(15m_current_ma20_distance_pct >= 26.75 AND (1h_current_return_pct - 15m_current_return_pct) <= -12.63),ast,50.0,and_pair,[]
SF_AND_SF_15m_current_ma20_distance_pct_gte_26.750886_SD_2h_current_return_pct_1h_current_return_pct_gte_13.61786,(15m_current_ma20_distance_pct >= 26.75 AND (2h_current_return_pct - 1h_current_return_pct) >= 13.62),ast,50.0,and_pair,[]
SF_AND_SF_15m_current_ma20_distance_pct_gte_26.750886_SF_15m_current_body_pct_gte_13.6371,(15m_current_ma20_distance_pct >= 26.75 AND 15m_current_body_pct >= 13.64),ast,50.0,and_pair,[]
SF_AND_SF_15m_current_ma20_distance_pct_gte_26.750886_SF_15m_current_body_pct_gte_9.0914,(15m_current_ma20_distance_pct >= 26.75 AND 15m_current_body_pct >= 9.091),ast,50.0,and_pair,[]
SF_AND_SF_15m_current_ma20_distance_pct_gte_26.750886_SF_15m_current_ma20_distance_pct_gte_17.364729,(15m_current_ma20_distance_pct >= 26.75 AND 15m_current_ma20_distance_pct >= 17.36),ast,50.0,and_pair,[]
SF_AND_SF_15m_current_ma20_distance_pct_gte_26.750886_SF_1h_current_ma20_distance_pct_gte_20.388471,(15m_current_ma20_distance_pct >= 26.75 AND 1h_current_ma20_distance_pct >= 20.39),ast,50.0,and_pair,[]
SF_AND_SF_15m_current_ma20_distance_pct_gte_26.750886_SF_1h_current_ma20_distance_pct_gte_35.705329,(15m_current_ma20_distance_pct >= 26.75 AND 1h_current_ma20_distance_pct >= 35.71),ast,50.0,and_pair,[]
SF_AND_SF_15m_current_ma20_distance_pct_gte_26.750886_SF_1h_current_ma20_distance_pct_gte_51.022186,(15m_current_ma20_distance_pct >= 26.75 AND 1h_current_ma20_distance_pct >= 51.02),ast,50.0,and_pair,[]
SF_AND_SF_15m_current_ma20_distance_pct_gte_26.750886_SF_2h_current_body_pct_gte_13.739943,(15m_current_ma20_distance_pct >= 26.75 AND 2h_current_body_pct >= 13.74),ast,50.0,and_pair,[]
SF_AND_SF_15m_current_ma20_distance_pct_gte_26.750886_SF_2h_current_body_pct_gte_20.609914,(15m_current_ma20_distance_pct >= 26.75 AND 2h_current_body_pct >= 20.61),ast,50.0,and_pair,[]
SF_AND_SF_15m_current_ma20_distance_pct_gte_26.750886_SF_2h_current_range_pct_gte_14.964243,(15m_current_ma20_distance_pct >= 26.75 AND 2h_current_range_pct >= 14.96),ast,50.0,and_pair,[]
SF_AND_SF_15m_current_ma20_distance_pct_gte_26.750886_SF_2h_current_range_pct_gte_29.928486,(15m_current_ma20_distance_pct >= 26.75 AND 2h_current_range_pct >= 29.93),ast,50.0,and_pair,[]
SF_AND_SF_15m_current_ma20_distance_pct_gte_26.750886_SF_2h_current_range_pct_gte_44.892729,(15m_current_ma20_distance_pct >= 26.75 AND 2h_current_range_pct >= 44.89),ast,50.0,and_pair,[]
SF_AND_SF_15m_current_ma20_distance_pct_gte_26.750886_SF_2h_previous_body_pct_gte_27.479886,(15m_current_ma20_distance_pct >= 26.75 AND 2h_previous_body_pct >= 27.48),ast,50.0,and_pair,[]
SF_AND_SF_15m_current_ma20_distance_pct_gte_26.750886_SF_2h_previous_body_pct_gte_34.349857,(15m_current_ma20_distance_pct >= 26.75 AND 2h_previous_body_pct >= 34.35),ast,50.0,and_pair,[]
SF_AND_SF_15m_current_ma20_distance_pct_gte_26.750886_SF_2h_previous_ma20_distance_pct_gte_65.594714,(15m_current_ma20_distance_pct >= 26.75 AND 2h_previous_ma20_distance_pct >= 65.59),ast,50.0,and_pair,[]
SF_AND_SF_15m_current_ma20_distance_pct_gte_26.750886_SF_2h_previous_return_pct_gte_26.298514,(15m_current_ma20_distance_pct >= 26.75 AND 2h_previous_return_pct >= 26.3),ast,50.0,and_pair,[]
SF_AND_SF_15m_current_ma20_distance_pct_gte_26.750886_SF_30m_current_body_pct_gte_10.647286,(15m_current_ma20_distance_pct >= 26.75 AND 30m_current_body_pct >= 10.65),ast,50.0,and_pair,[]
SF_AND_SF_15m_current_ma20_distance_pct_gte_26.750886_SF_30m_current_body_pct_gte_15.970929,(15m_current_ma20_distance_pct >= 26.75 AND 30m_current_body_pct >= 15.97),ast,50.0,and_pair,[]
SF_AND_SF_15m_current_ma20_distance_pct_gte_26.750886_SF_30m_current_range_pct_gte_12.1684,(15m_current_ma20_distance_pct >= 26.75 AND 30m_current_range_pct >= 12.17),ast,50.0,and_pair,[]
SF_AND_SF_15m_current_ma20_distance_pct_gte_26.750886_SF_30m_current_range_pct_gte_22.8592,(15m_current_ma20_distance_pct >= 26.75 AND 30m_current_range_pct >= 22.86),ast,50.0,and_pair,[]
SF_AND_SF_15m_current_ma20_distance_pct_gte_26.750886_SF_30m_previous_ma20_distance_pct_gte_39.165157,(15m_current_ma20_distance_pct >= 26.75 AND 30m_previous_ma20_distance_pct >= 39.17),ast,50.0,and_pair,[]
SF_AND_SF_15m_current_ma20_distance_pct_gte_26.750886_SF_derived_range_expansion_gte_19.663914,(15m_current_ma20_distance_pct >= 26.75 AND derived_range_expansion >= 19.66),ast,50.0,and_pair,[]
SF_AND_SF_15m_current_ma20_distance_pct_gte_26.750886_SF_derived_range_expansion_gte_8.077786,(15m_current_ma20_distance_pct >= 26.75 AND derived_range_expansion >= 8.078),ast,50.0,and_pair,[]
SF_AND_SF_15m_current_ma20_distance_pct_gte_26.750886_SR_1h_current_range_pct_5m_compression_15262639999.999996,(15m_current_ma20_distance_pct >= 26.75 AND 1h_current_range_pct/5m_compression >= 1.526e+10),ast,50.0,and_pair,[]
SF_AND_SF_15m_current_ma20_distance_pct_gte_26.750886_SR_1h_current_range_pct_5m_compression_30525279999.999992,(15m_current_ma20_distance_pct >= 26.75 AND 1h_current_range_pct/5m_compression >= 3.053e+10),ast,50.0,and_pair,[]
SF_AND_SF_15m_current_return_pct_gte_10.127714_SD_1h_current_body_pct_1h_previous_body_pct_gte_18.78308,(15m_current_return_pct >= 10.13 AND (1h_current_body_pct - 1h_previous_body_pct) >= 18.78),ast,50.0,and_pair,[]
SF_AND_SF_15m_current_return_pct_gte_10.127714_SD_1h_current_range_pct_1h_previous_range_pct_gte_21.98114,(15m_current_return_pct >= 10.13 AND (1h_current_range_pct - 1h_previous_range_pct) >= 21.98),ast,50.0,and_pair,[]
SF_AND_SF_15m_current_return_pct_gte_10.127714_SD_1h_current_range_pct_1h_previous_range_pct_gte_5.76056,(15m_current_return_pct >= 10.13 AND (1h_current_range_pct - 1h_previous_range_pct) >= 5.761),ast,50.0,and_pair,[]
SF_AND_SF_15m_current_return_pct_gte_10.127714_SD_1h_current_return_pct_15m_current_return_pct_lte_-12.62842,(15m_current_return_pct >= 10.13 AND (1h_current_return_pct - 15m_current_return_pct) <= -12.63),ast,50.0,and_pair,[]
SF_AND_SF_15m_current_return_pct_gte_10.127714_SD_2h_current_return_pct_1h_current_return_pct_gte_13.61786,(15m_current_return_pct >= 10.13 AND (2h_current_return_pct - 1h_current_return_pct) >= 13.62),ast,50.0,and_pair,[]
SF_AND_SF_15m_current_return_pct_gte_10.127714_SF_15m_current_body_pct_gte_13.6371,(15m_current_return_pct >= 10.13 AND 15m_current_body_pct >= 13.64),ast,50.0,and_pair,[]
SF_AND_SF_15m_current_return_pct_gte_10.127714_SF_15m_current_body_pct_gte_9.0914,(15m_current_return_pct >= 10.13 AND 15m_current_body_pct >= 9.091),ast,50.0,and_pair,[]
SF_AND_SF_15m_current_return_pct_gte_10.127714_SF_15m_current_ma20_distance_pct_gte_17.364729,(15m_current_return_pct >= 10.13 AND 15m_current_ma20_distance_pct >= 17.36),ast,50.0,and_pair,[]
SF_AND_SF_15m_current_return_pct_gte_10.127714_SF_15m_current_ma20_distance_pct_gte_26.750886,(15m_current_return_pct >= 10.13 AND 15m_current_ma20_distance_pct >= 26.75),ast,50.0,and_pair,[]
SF_AND_SF_15m_current_return_pct_gte_10.127714_SF_1h_current_ma20_distance_pct_gte_20.388471,(15m_current_return_pct >= 10.13 AND 1h_current_ma20_distance_pct >= 20.39),ast,50.0,and_pair,[]
SF_AND_SF_15m_current_return_pct_gte_10.127714_SF_1h_current_ma20_distance_pct_gte_35.705329,(15m_current_return_pct >= 10.13 AND 1h_current_ma20_distance_pct >= 35.71),ast,50.0,and_pair,[]
SF_AND_SF_15m_current_return_pct_gte_10.127714_SF_1h_current_ma20_distance_pct_gte_51.022186,(15m_current_return_pct >= 10.13 AND 1h_current_ma20_distance_pct >= 51.02),ast,50.0,and_pair,[]
SF_AND_SF_15m_current_return_pct_gte_10.127714_SF_1h_current_return_pct_gte_8.969214,(15m_current_return_pct >= 10.13 AND 1h_current_return_pct >= 8.969),ast,50.0,and_pair,[]
SF_AND_SF_15m_current_return_pct_gte_10.127714_SF_2h_current_body_pct_gte_13.739943,(15m_current_return_pct >= 10.13 AND 2h_current_body_pct >= 13.74),ast,50.0,and_pair,[]
SF_AND_SF_15m_current_return_pct_gte_10.127714_SF_2h_current_body_pct_gte_20.609914,(15m_current_return_pct >= 10.13 AND 2h_current_body_pct >= 20.61),ast,50.0,and_pair,[]
SF_AND_SF_15m_current_return_pct_gte_10.127714_SF_2h_current_body_pct_gte_27.479886,(15m_current_return_pct >= 10.13 AND 2h_current_body_pct >= 27.48),ast,50.0,and_pair,[]
SF_AND_SF_15m_current_return_pct_gte_10.127714_SF_2h_current_range_pct_gte_14.964243,(15m_current_return_pct >= 10.13 AND 2h_current_range_pct >= 14.96),ast,50.0,and_pair,[]
SF_AND_SF_15m_current_return_pct_gte_10.127714_SF_2h_current_range_pct_gte_29.928486,(15m_current_return_pct >= 10.13 AND 2h_current_range_pct >= 29.93),ast,50.0,and_pair,[]
SF_AND_SF_15m_current_return_pct_gte_10.127714_SF_2h_current_range_pct_gte_44.892729,(15m_current_return_pct >= 10.13 AND 2h_current_range_pct >= 44.89),ast,50.0,and_pair,[]
SF_AND_SF_15m_current_return_pct_gte_10.127714_SF_2h_previous_body_pct_gte_27.479886,(15m_current_return_pct >= 10.13 AND 2h_previous_body_pct >= 27.48),ast,50.0,and_pair,[]
SF_AND_SF_15m_current_return_pct_gte_10.127714_SF_2h_previous_body_pct_gte_34.349857,(15m_current_return_pct >= 10.13 AND 2h_previous_body_pct >= 34.35),ast,50.0,and_pair,[]
SF_AND_SF_15m_current_return_pct_gte_10.127714_SF_2h_previous_ma20_distance_pct_gte_65.594714,(15m_current_return_pct >= 10.13 AND 2h_previous_ma20_distance_pct >= 65.59),ast,50.0,and_pair,[]
SF_AND_SF_15m_current_return_pct_gte_10.127714_SF_2h_previous_return_pct_gte_26.298514,(15m_current_return_pct >= 10.13 AND 2h_previous_return_pct >= 26.3),ast,50.0,and_pair,[]
SF_AND_SF_15m_current_return_pct_gte_10.127714_SF_30m_current_body_pct_gte_10.647286,(15m_current_return_pct >= 10.13 AND 30m_current_body_pct >= 10.65),ast,50.0,and_pair,[]
SF_AND_SF_15m_current_return_pct_gte_10.127714_SF_30m_current_body_pct_gte_15.970929,(15m_current_return_pct >= 10.13 AND 30m_current_body_pct >= 15.97),ast,50.0,and_pair,[]
SF_AND_SF_15m_current_return_pct_gte_10.127714_SF_30m_current_range_pct_gte_12.1684,(15m_current_return_pct >= 10.13 AND 30m_current_range_pct >= 12.17),ast,50.0,and_pair,[]
SF_AND_SF_15m_current_return_pct_gte_10.127714_SF_30m_current_range_pct_gte_22.8592,(15m_current_return_pct >= 10.13 AND 30m_current_range_pct >= 22.86),ast,50.0,and_pair,[]
SF_AND_SF_15m_current_return_pct_gte_10.127714_SF_30m_previous_ma20_distance_pct_gte_39.165157,(15m_current_return_pct >= 10.13 AND 30m_previous_ma20_distance_pct >= 39.17),ast,50.0,and_pair,[]
SF_AND_SF_15m_current_return_pct_gte_10.127714_SF_derived_range_expansion_gte_19.663914,(15m_current_return_pct >= 10.13 AND derived_range_expansion >= 19.66),ast,50.0,and_pair,[]
SF_AND_SF_15m_current_return_pct_gte_10.127714_SF_derived_range_expansion_gte_8.077786,(15m_current_return_pct >= 10.13 AND derived_range_expansion >= 8.078),ast,50.0,and_pair,[]
SF_AND_SF_15m_current_return_pct_gte_10.127714_SR_1h_current_range_pct_5m_compression_15262639999.999996,(15m_current_return_pct >= 10.13 AND 1h_current_range_pct/5m_compression >= 1.526e+10),ast,50.0,and_pair,[]
SF_AND_SF_15m_current_return_pct_gte_10.127714_SR_1h_current_range_pct_5m_compression_30525279999.999992,(15m_current_return_pct >= 10.13 AND 1h_current_range_pct/5m_compression >= 3.053e+10),ast,50.0,and_pair,[]
SF_AND_SF_1h_current_ma20_distance_pct_gte_20.388471_SD_1h_current_body_pct_1h_previous_body_pct_gte_18.78308,(1h_current_ma20_distance_pct >= 20.39 AND (1h_current_body_pct - 1h_previous_body_pct) >= 18.78),ast,50.0,and_pair,[]
SF_AND_SF_1h_current_ma20_distance_pct_gte_20.388471_SD_1h_current_range_pct_1h_previous_range_pct_gte_5.76056,(1h_current_ma20_distance_pct >= 20.39 AND (1h_current_range_pct - 1h_previous_range_pct) >= 5.761),ast,50.0,and_pair,[]
SF_AND_SF_1h_current_ma20_distance_pct_gte_20.388471_SD_1h_current_return_pct_15m_current_return_pct_lte_-12.62842,(1h_current_ma20_distance_pct >= 20.39 AND (1h_current_return_pct - 15m_current_return_pct) <= -12.63),ast,50.0,and_pair,[]
SF_AND_SF_1h_current_ma20_distance_pct_gte_20.388471_SD_2h_current_return_pct_1h_current_return_pct_gte_13.61786,(1h_current_ma20_distance_pct >= 20.39 AND (2h_current_return_pct - 1h_current_return_pct) >= 13.62),ast,50.0,and_pair,[]
SF_AND_SF_1h_current_ma20_distance_pct_gte_20.388471_SF_15m_current_body_pct_gte_9.0914,(1h_current_ma20_distance_pct >= 20.39 AND 15m_current_body_pct >= 9.091),ast,50.0,and_pair,[]
SF_AND_SF_1h_current_ma20_distance_pct_gte_20.388471_SF_2h_current_range_pct_gte_14.964243,(1h_current_ma20_distance_pct >= 20.39 AND 2h_current_range_pct >= 14.96),ast,50.0,and_pair,[]
SF_AND_SF_1h_current_ma20_distance_pct_gte_20.388471_SF_2h_previous_body_pct_gte_27.479886,(1h_current_ma20_distance_pct >= 20.39 AND 2h_previous_body_pct >= 27.48),ast,50.0,and_pair,[]
SF_AND_SF_1h_current_ma20_distance_pct_gte_20.388471_SF_2h_previous_return_pct_gte_26.298514,(1h_current_ma20_distance_pct >= 20.39 AND 2h_previous_return_pct >= 26.3),ast,50.0,and_pair,[]
SF_AND_SF_1h_current_ma20_distance_pct_gte_20.388471_SF_30m_current_body_pct_gte_10.647286,(1h_current_ma20_distance_pct >= 20.39 AND 30m_current_body_pct >= 10.65),ast,50.0,and_pair,[]
SF_AND_SF_1h_current_ma20_distance_pct_gte_20.388471_SF_30m_previous_ma20_distance_pct_gte_39.165157,(1h_current_ma20_distance_pct >= 20.39 AND 30m_previous_ma20_distance_pct >= 39.17),ast,50.0,and_pair,[]
SF_AND_SF_1h_current_ma20_distance_pct_gte_20.388471_SR_1h_current_range_pct_5m_compression_30525279999.999992,(1h_current_ma20_distance_pct >= 20.39 AND 1h_current_range_pct/5m_compression >= 3.053e+10),ast,50.0,and_pair,[]
SF_AND_SF_1h_current_ma20_distance_pct_gte_35.705329_SD_1h_current_body_pct_1h_previous_body_pct_gte_18.78308,(1h_current_ma20_distance_pct >= 35.71 AND (1h_current_body_pct - 1h_previous_body_pct) >= 18.78),ast,50.0,and_pair,[]
SF_AND_SF_1h_current_ma20_distance_pct_gte_35.705329_SD_1h_current_range_pct_1h_previous_range_pct_gte_5.76056,(1h_current_ma20_distance_pct >= 35.71 AND (1h_current_range_pct - 1h_previous_range_pct) >= 5.761),ast,50.0,and_pair,[]
SF_AND_SF_1h_current_ma20_distance_pct_gte_35.705329_SD_1h_current_return_pct_15m_current_return_pct_lte_-12.62842,(1h_current_ma20_distance_pct >= 35.71 AND (1h_current_return_pct - 15m_current_return_pct) <= -12.63),ast,50.0,and_pair,[]
SF_AND_SF_1h_current_ma20_distance_pct_gte_35.705329_SD_2h_current_return_pct_1h_current_return_pct_gte_13.61786,(1h_current_ma20_distance_pct >= 35.71 AND (2h_current_return_pct - 1h_current_return_pct) >= 13.62),ast,50.0,and_pair,[]
SF_AND_SF_1h_current_ma20_distance_pct_gte_35.705329_SF_15m_current_body_pct_gte_13.6371,(1h_current_ma20_distance_pct >= 35.71 AND 15m_current_body_pct >= 13.64),ast,50.0,and_pair,[]
SF_AND_SF_1h_current_ma20_distance_pct_gte_35.705329_SF_15m_current_body_pct_gte_9.0914,(1h_current_ma20_distance_pct >= 35.71 AND 15m_current_body_pct >= 9.091),ast,50.0,and_pair,[]
SF_AND_SF_1h_current_ma20_distance_pct_gte_35.705329_SF_15m_current_ma20_distance_pct_gte_17.364729,(1h_current_ma20_distance_pct >= 35.71 AND 15m_current_ma20_distance_pct >= 17.36),ast,50.0,and_pair,[]
SF_AND_SF_1h_current_ma20_distance_pct_gte_35.705329_SF_1h_current_ma20_distance_pct_gte_20.388471,(1h_current_ma20_distance_pct >= 35.71 AND 1h_current_ma20_distance_pct >= 20.39),ast,50.0,and_pair,[]
SF_AND_SF_1h_current_ma20_distance_pct_gte_35.705329_SF_2h_current_body_pct_gte_13.739943,(1h_current_ma20_distance_pct >= 35.71 AND 2h_current_body_pct >= 13.74),ast,50.0,and_pair,[]
SF_AND_SF_1h_current_ma20_distance_pct_gte_35.705329_SF_2h_current_body_pct_gte_20.609914,(1h_current_ma20_distance_pct >= 35.71 AND 2h_current_body_pct >= 20.61),ast,50.0,and_pair,[]
SF_AND_SF_1h_current_ma20_distance_pct_gte_35.705329_SF_2h_current_range_pct_gte_14.964243,(1h_current_ma20_distance_pct >= 35.71 AND 2h_current_range_pct >= 14.96),ast,50.0,and_pair,[]
SF_AND_SF_1h_current_ma20_distance_pct_gte_35.705329_SF_2h_current_range_pct_gte_29.928486,(1h_current_ma20_distance_pct >= 35.71 AND 2h_current_range_pct >= 29.93),ast,50.0,and_pair,[]
SF_AND_SF_1h_current_ma20_distance_pct_gte_35.705329_SF_2h_current_range_pct_gte_44.892729,(1h_current_ma20_distance_pct >= 35.71 AND 2h_current_range_pct >= 44.89),ast,50.0,and_pair,[]
SF_AND_SF_1h_current_ma20_distance_pct_gte_35.705329_SF_2h_previous_body_pct_gte_27.479886,(1h_current_ma20_distance_pct >= 35.71 AND 2h_previous_body_pct >= 27.48),ast,50.0,and_pair,[]
SF_AND_SF_1h_current_ma20_distance_pct_gte_35.705329_SF_2h_previous_body_pct_gte_34.349857,(1h_current_ma20_distance_pct >= 35.71 AND 2h_previous_body_pct >= 34.35),ast,50.0,and_pair,[]
SF_AND_SF_1h_current_ma20_distance_pct_gte_35.705329_SF_2h_previous_ma20_distance_pct_gte_65.594714,(1h_current_ma20_distance_pct >= 35.71 AND 2h_previous_ma20_distance_pct >= 65.59),ast,50.0,and_pair,[]
SF_AND_SF_1h_current_ma20_distance_pct_gte_35.705329_SF_2h_previous_return_pct_gte_26.298514,(1h_current_ma20_distance_pct >= 35.71 AND 2h_previous_return_pct >= 26.3),ast,50.0,and_pair,[]
SF_AND_SF_1h_current_ma20_distance_pct_gte_35.705329_SF_30m_current_body_pct_gte_10.647286,(1h_current_ma20_distance_pct >= 35.71 AND 30m_current_body_pct >= 10.65),ast,50.0,and_pair,[]
SF_AND_SF_1h_current_ma20_distance_pct_gte_35.705329_SF_30m_current_body_pct_gte_15.970929,(1h_current_ma20_distance_pct >= 35.71 AND 30m_current_body_pct >= 15.97),ast,50.0,and_pair,[]
SF_AND_SF_1h_current_ma20_distance_pct_gte_35.705329_SF_30m_current_range_pct_gte_12.1684,(1h_current_ma20_distance_pct >= 35.71 AND 30m_current_range_pct >= 12.17),ast,50.0,and_pair,[]
SF_AND_SF_1h_current_ma20_distance_pct_gte_35.705329_SF_30m_current_range_pct_gte_22.8592,(1h_current_ma20_distance_pct >= 35.71 AND 30m_current_range_pct >= 22.86),ast,50.0,and_pair,[]
SF_AND_SF_1h_current_ma20_distance_pct_gte_35.705329_SF_30m_previous_ma20_distance_pct_gte_39.165157,(1h_current_ma20_distance_pct >= 35.71 AND 30m_previous_ma20_distance_pct >= 39.17),ast,50.0,and_pair,[]
SF_AND_SF_1h_current_ma20_distance_pct_gte_35.705329_SF_derived_range_expansion_gte_19.663914,(1h_current_ma20_distance_pct >= 35.71 AND derived_range_expansion >= 19.66),ast,50.0,and_pair,[]
SF_AND_SF_1h_current_ma20_distance_pct_gte_35.705329_SF_derived_range_expansion_gte_8.077786,(1h_current_ma20_distance_pct >= 35.71 AND derived_range_expansion >= 8.078),ast,50.0,and_pair,[]
SF_AND_SF_1h_current_ma20_distance_pct_gte_35.705329_SR_1h_current_range_pct_5m_compression_15262639999.999996,(1h_current_ma20_distance_pct >= 35.71 AND 1h_current_range_pct/5m_compression >= 1.526e+10),ast,50.0,and_pair,[]
SF_AND_SF_1h_current_ma20_distance_pct_gte_35.705329_SR_1h_current_range_pct_5m_compression_30525279999.999992,(1h_current_ma20_distance_pct >= 35.71 AND 1h_current_range_pct/5m_compression >= 3.053e+10),ast,50.0,and_pair,[]
SF_AND_SF_1h_current_ma20_distance_pct_gte_51.022186_SD_1h_current_body_pct_1h_previous_body_pct_gte_18.78308,(1h_current_ma20_distance_pct >= 51.02 AND (1h_current_body_pct - 1h_previous_body_pct) >= 18.78),ast,50.0,and_pair,[]
SF_AND_SF_1h_current_ma20_distance_pct_gte_51.022186_SD_1h_current_range_pct_1h_previous_range_pct_gte_5.76056,(1h_current_ma20_distance_pct >= 51.02 AND (1h_current_range_pct - 1h_previous_range_pct) >= 5.761),ast,50.0,and_pair,[]
SF_AND_SF_1h_current_ma20_distance_pct_gte_51.022186_SD_1h_current_return_pct_15m_current_return_pct_lte_-12.62842,(1h_current_ma20_distance_pct >= 51.02 AND (1h_current_return_pct - 15m_current_return_pct) <= -12.63),ast,50.0,and_pair,[]
SF_AND_SF_1h_current_ma20_distance_pct_gte_51.022186_SD_2h_current_return_pct_1h_current_return_pct_gte_13.61786,(1h_current_ma20_distance_pct >= 51.02 AND (2h_current_return_pct - 1h_current_return_pct) >= 13.62),ast,50.0,and_pair,[]
SF_AND_SF_1h_current_ma20_distance_pct_gte_51.022186_SF_15m_current_body_pct_gte_13.6371,(1h_current_ma20_distance_pct >= 51.02 AND 15m_current_body_pct >= 13.64),ast,50.0,and_pair,[]
SF_AND_SF_1h_current_ma20_distance_pct_gte_51.022186_SF_15m_current_body_pct_gte_9.0914,(1h_current_ma20_distance_pct >= 51.02 AND 15m_current_body_pct >= 9.091),ast,50.0,and_pair,[]
SF_AND_SF_1h_current_ma20_distance_pct_gte_51.022186_SF_15m_current_ma20_distance_pct_gte_17.364729,(1h_current_ma20_distance_pct >= 51.02 AND 15m_current_ma20_distance_pct >= 17.36),ast,50.0,and_pair,[]
SF_AND_SF_1h_current_ma20_distance_pct_gte_51.022186_SF_1h_current_ma20_distance_pct_gte_20.388471,(1h_current_ma20_distance_pct >= 51.02 AND 1h_current_ma20_distance_pct >= 20.39),ast,50.0,and_pair,[]
SF_AND_SF_1h_current_ma20_distance_pct_gte_51.022186_SF_1h_current_ma20_distance_pct_gte_35.705329,(1h_current_ma20_distance_pct >= 51.02 AND 1h_current_ma20_distance_pct >= 35.71),ast,50.0,and_pair,[]
SF_AND_SF_1h_current_ma20_distance_pct_gte_51.022186_SF_2h_current_body_pct_gte_13.739943,(1h_current_ma20_distance_pct >= 51.02 AND 2h_current_body_pct >= 13.74),ast,50.0,and_pair,[]
SF_AND_SF_1h_current_ma20_distance_pct_gte_51.022186_SF_2h_current_body_pct_gte_20.609914,(1h_current_ma20_distance_pct >= 51.02 AND 2h_current_body_pct >= 20.61),ast,50.0,and_pair,[]
SF_AND_SF_1h_current_ma20_distance_pct_gte_51.022186_SF_2h_current_range_pct_gte_14.964243,(1h_current_ma20_distance_pct >= 51.02 AND 2h_current_range_pct >= 14.96),ast,50.0,and_pair,[]
SF_AND_SF_1h_current_ma20_distance_pct_gte_51.022186_SF_2h_current_range_pct_gte_29.928486,(1h_current_ma20_distance_pct >= 51.02 AND 2h_current_range_pct >= 29.93),ast,50.0,and_pair,[]
SF_AND_SF_1h_current_ma20_distance_pct_gte_51.022186_SF_2h_current_range_pct_gte_44.892729,(1h_current_ma20_distance_pct >= 51.02 AND 2h_current_range_pct >= 44.89),ast,50.0,and_pair,[]
SF_AND_SF_1h_current_ma20_distance_pct_gte_51.022186_SF_2h_previous_body_pct_gte_27.479886,(1h_current_ma20_distance_pct >= 51.02 AND 2h_previous_body_pct >= 27.48),ast,50.0,and_pair,[]
SF_AND_SF_1h_current_ma20_distance_pct_gte_51.022186_SF_2h_previous_body_pct_gte_34.349857,(1h_current_ma20_distance_pct >= 51.02 AND 2h_previous_body_pct >= 34.35),ast,50.0,and_pair,[]
SF_AND_SF_1h_current_ma20_distance_pct_gte_51.022186_SF_2h_previous_ma20_distance_pct_gte_65.594714,(1h_current_ma20_distance_pct >= 51.02 AND 2h_previous_ma20_distance_pct >= 65.59),ast,50.0,and_pair,[]
SF_AND_SF_1h_current_ma20_distance_pct_gte_51.022186_SF_2h_previous_return_pct_gte_26.298514,(1h_current_ma20_distance_pct >= 51.02 AND 2h_previous_return_pct >= 26.3),ast,50.0,and_pair,[]
SF_AND_SF_1h_current_ma20_distance_pct_gte_51.022186_SF_30m_current_body_pct_gte_10.647286,(1h_current_ma20_distance_pct >= 51.02 AND 30m_current_body_pct >= 10.65),ast,50.0,and_pair,[]
SF_AND_SF_1h_current_ma20_distance_pct_gte_51.022186_SF_30m_current_body_pct_gte_15.970929,(1h_current_ma20_distance_pct >= 51.02 AND 30m_current_body_pct >= 15.97),ast,50.0,and_pair,[]
SF_AND_SF_1h_current_ma20_distance_pct_gte_51.022186_SF_30m_current_range_pct_gte_12.1684,(1h_current_ma20_distance_pct >= 51.02 AND 30m_current_range_pct >= 12.17),ast,50.0,and_pair,[]
SF_AND_SF_1h_current_ma20_distance_pct_gte_51.022186_SF_30m_current_range_pct_gte_22.8592,(1h_current_ma20_distance_pct >= 51.02 AND 30m_current_range_pct >= 22.86),ast,50.0,and_pair,[]
SF_AND_SF_1h_current_ma20_distance_pct_gte_51.022186_SF_30m_previous_ma20_distance_pct_gte_39.165157,(1h_current_ma20_distance_pct >= 51.02 AND 30m_previous_ma20_distance_pct >= 39.17),ast,50.0,and_pair,[]
SF_AND_SF_1h_current_ma20_distance_pct_gte_51.022186_SF_derived_range_expansion_gte_19.663914,(1h_current_ma20_distance_pct >= 51.02 AND derived_range_expansion >= 19.66),ast,50.0,and_pair,[]
SF_AND_SF_1h_current_ma20_distance_pct_gte_51.022186_SF_derived_range_expansion_gte_8.077786,(1h_current_ma20_distance_pct >= 51.02 AND derived_range_expansion >= 8.078),ast,50.0,and_pair,[]
SF_AND_SF_1h_current_ma20_distance_pct_gte_51.022186_SR_1h_current_range_pct_5m_compression_15262639999.999996,(1h_current_ma20_distance_pct >= 51.02 AND 1h_current_range_pct/5m_compression >= 1.526e+10),ast,50.0,and_pair,[]
SF_AND_SF_1h_current_ma20_distance_pct_gte_51.022186_SR_1h_current_range_pct_5m_compression_30525279999.999992,(1h_current_ma20_distance_pct >= 51.02 AND 1h_current_range_pct/5m_compression >= 3.053e+10),ast,50.0,and_pair,[]
SF_AND_SF_1h_current_return_pct_gte_18.082043_SD_1h_current_body_pct_1h_previous_body_pct_gte_18.78308,(1h_current_return_pct >= 18.08 AND (1h_current_body_pct - 1h_previous_body_pct) >= 18.78),ast,50.0,and_pair,[]
SF_AND_SF_1h_current_return_pct_gte_18.082043_SD_1h_current_range_pct_1h_previous_range_pct_gte_21.98114,(1h_current_return_pct >= 18.08 AND (1h_current_range_pct - 1h_previous_range_pct) >= 21.98),ast,50.0,and_pair,[]
SF_AND_SF_1h_current_return_pct_gte_18.082043_SD_1h_current_range_pct_1h_previous_range_pct_gte_5.76056,(1h_current_return_pct >= 18.08 AND (1h_current_range_pct - 1h_previous_range_pct) >= 5.761),ast,50.0,and_pair,[]
SF_AND_SF_1h_current_return_pct_gte_18.082043_SD_1h_current_return_pct_15m_current_return_pct_gte_9.24094,(1h_current_return_pct >= 18.08 AND (1h_current_return_pct - 15m_current_return_pct) >= 9.241),ast,50.0,and_pair,[]
SF_AND_SF_1h_current_return_pct_gte_18.082043_SD_1h_current_return_pct_15m_current_return_pct_lte_-12.62842,(1h_current_return_pct >= 18.08 AND (1h_current_return_pct - 15m_current_return_pct) <= -12.63),ast,50.0,and_pair,[]
SF_AND_SF_1h_current_return_pct_gte_18.082043_SD_2h_current_return_pct_1h_current_return_pct_gte_13.61786,(1h_current_return_pct >= 18.08 AND (2h_current_return_pct - 1h_current_return_pct) >= 13.62),ast,50.0,and_pair,[]
SF_AND_SF_1h_current_return_pct_gte_18.082043_SF_15m_current_body_pct_gte_13.6371,(1h_current_return_pct >= 18.08 AND 15m_current_body_pct >= 13.64),ast,50.0,and_pair,[]
SF_AND_SF_1h_current_return_pct_gte_18.082043_SF_15m_current_body_pct_gte_9.0914,(1h_current_return_pct >= 18.08 AND 15m_current_body_pct >= 9.091),ast,50.0,and_pair,[]
SF_AND_SF_1h_current_return_pct_gte_18.082043_SF_15m_current_ma20_distance_pct_gte_17.364729,(1h_current_return_pct >= 18.08 AND 15m_current_ma20_distance_pct >= 17.36),ast,50.0,and_pair,[]
SF_AND_SF_1h_current_return_pct_gte_18.082043_SF_15m_current_ma20_distance_pct_gte_26.750886,(1h_current_return_pct >= 18.08 AND 15m_current_ma20_distance_pct >= 26.75),ast,50.0,and_pair,[]
SF_AND_SF_1h_current_return_pct_gte_18.082043_SF_15m_current_return_pct_gte_10.127714,(1h_current_return_pct >= 18.08 AND 15m_current_return_pct >= 10.13),ast,50.0,and_pair,[]
SF_AND_SF_1h_current_return_pct_gte_18.082043_SF_1h_current_ma20_distance_pct_gte_20.388471,(1h_current_return_pct >= 18.08 AND 1h_current_ma20_distance_pct >= 20.39),ast,50.0,and_pair,[]
SF_AND_SF_1h_current_return_pct_gte_18.082043_SF_1h_current_ma20_distance_pct_gte_35.705329,(1h_current_return_pct >= 18.08 AND 1h_current_ma20_distance_pct >= 35.71),ast,50.0,and_pair,[]
SF_AND_SF_1h_current_return_pct_gte_18.082043_SF_1h_current_ma20_distance_pct_gte_51.022186,(1h_current_return_pct >= 18.08 AND 1h_current_ma20_distance_pct >= 51.02),ast,50.0,and_pair,[]
SF_AND_SF_1h_current_return_pct_gte_18.082043_SF_1h_current_return_pct_gte_8.969214,(1h_current_return_pct >= 18.08 AND 1h_current_return_pct >= 8.969),ast,50.0,and_pair,[]
SF_AND_SF_1h_current_return_pct_gte_18.082043_SF_2h_current_body_pct_gte_13.739943,(1h_current_return_pct >= 18.08 AND 2h_current_body_pct >= 13.74),ast,50.0,and_pair,[]
SF_AND_SF_1h_current_return_pct_gte_18.082043_SF_2h_current_body_pct_gte_20.609914,(1h_current_return_pct >= 18.08 AND 2h_current_body_pct >= 20.61),ast,50.0,and_pair,[]
SF_AND_SF_1h_current_return_pct_gte_18.082043_SF_2h_current_body_pct_gte_27.479886,(1h_current_return_pct >= 18.08 AND 2h_current_body_pct >= 27.48),ast,50.0,and_pair,[]
SF_AND_SF_1h_current_return_pct_gte_18.082043_SF_2h_current_range_pct_gte_14.964243,(1h_current_return_pct >= 18.08 AND 2h_current_range_pct >= 14.96),ast,50.0,and_pair,[]
SF_AND_SF_1h_current_return_pct_gte_18.082043_SF_2h_current_range_pct_gte_29.928486,(1h_current_return_pct >= 18.08 AND 2h_current_range_pct >= 29.93),ast,50.0,and_pair,[]
SF_AND_SF_1h_current_return_pct_gte_18.082043_SF_2h_current_range_pct_gte_44.892729,(1h_current_return_pct >= 18.08 AND 2h_current_range_pct >= 44.89),ast,50.0,and_pair,[]
SF_AND_SF_1h_current_return_pct_gte_18.082043_SF_2h_previous_body_pct_gte_27.479886,(1h_current_return_pct >= 18.08 AND 2h_previous_body_pct >= 27.48),ast,50.0,and_pair,[]
SF_AND_SF_1h_current_return_pct_gte_18.082043_SF_2h_previous_body_pct_gte_34.349857,(1h_current_return_pct >= 18.08 AND 2h_previous_body_pct >= 34.35),ast,50.0,and_pair,[]
SF_AND_SF_1h_current_return_pct_gte_18.082043_SF_2h_previous_ma20_distance_pct_gte_65.594714,(1h_current_return_pct >= 18.08 AND 2h_previous_ma20_distance_pct >= 65.59),ast,50.0,and_pair,[]
SF_AND_SF_1h_current_return_pct_gte_18.082043_SF_2h_previous_return_pct_gte_26.298514,(1h_current_return_pct >= 18.08 AND 2h_previous_return_pct >= 26.3),ast,50.0,and_pair,[]
SF_AND_SF_1h_current_return_pct_gte_18.082043_SF_30m_current_body_pct_gte_10.647286,(1h_current_return_pct >= 18.08 AND 30m_current_body_pct >= 10.65),ast,50.0,and_pair,[]
SF_AND_SF_1h_current_return_pct_gte_18.082043_SF_30m_current_body_pct_gte_15.970929,(1h_current_return_pct >= 18.08 AND 30m_current_body_pct >= 15.97),ast,50.0,and_pair,[]
SF_AND_SF_1h_current_return_pct_gte_18.082043_SF_30m_current_range_pct_gte_12.1684,(1h_current_return_pct >= 18.08 AND 30m_current_range_pct >= 12.17),ast,50.0,and_pair,[]
SF_AND_SF_1h_current_return_pct_gte_18.082043_SF_30m_current_range_pct_gte_22.8592,(1h_current_return_pct >= 18.08 AND 30m_current_range_pct >= 22.86),ast,50.0,and_pair,[]
SF_AND_SF_1h_current_return_pct_gte_18.082043_SF_30m_previous_ma20_distance_pct_gte_39.165157,(1h_current_return_pct >= 18.08 AND 30m_previous_ma20_distance_pct >= 39.17),ast,50.0,and_pair,[]
SF_AND_SF_1h_current_return_pct_gte_18.082043_SF_derived_range_expansion_gte_19.663914,(1h_current_return_pct >= 18.08 AND derived_range_expansion >= 19.66),ast,50.0,and_pair,[]
SF_AND_SF_1h_current_return_pct_gte_18.082043_SF_derived_range_expansion_gte_8.077786,(1h_current_return_pct >= 18.08 AND derived_range_expansion >= 8.078),ast,50.0,and_pair,[]
SF_AND_SF_1h_current_return_pct_gte_18.082043_SR_1h_current_range_pct_5m_compression_15262639999.999996,(1h_current_return_pct >= 18.08 AND 1h_current_range_pct/5m_compression >= 1.526e+10),ast,50.0,and_pair,[]
SF_AND_SF_1h_current_return_pct_gte_18.082043_SR_1h_current_range_pct_5m_compression_30525279999.999992,(1h_current_return_pct >= 18.08 AND 1h_current_range_pct/5m_compression >= 3.053e+10),ast,50.0,and_pair,[]
SF_AND_SF_1h_current_return_pct_gte_8.969214_SD_1h_current_body_pct_1h_previous_body_pct_gte_18.78308,(1h_current_return_pct >= 8.969 AND (1h_current_body_pct - 1h_previous_body_pct) >= 18.78),ast,50.0,and_pair,[]
SF_AND_SF_1h_current_return_pct_gte_8.969214_SD_1h_current_range_pct_1h_previous_range_pct_gte_21.98114,(1h_current_return_pct >= 8.969 AND (1h_current_range_pct - 1h_previous_range_pct) >= 21.98),ast,50.0,and_pair,[]
SF_AND_SF_1h_current_return_pct_gte_8.969214_SD_1h_current_range_pct_1h_previous_range_pct_gte_5.76056,(1h_current_return_pct >= 8.969 AND (1h_current_range_pct - 1h_previous_range_pct) >= 5.761),ast,50.0,and_pair,[]
SF_AND_SF_1h_current_return_pct_gte_8.969214_SD_1h_current_return_pct_15m_current_return_pct_lte_-12.62842,(1h_current_return_pct >= 8.969 AND (1h_current_return_pct - 15m_current_return_pct) <= -12.63),ast,50.0,and_pair,[]
SF_AND_SF_1h_current_return_pct_gte_8.969214_SD_2h_current_return_pct_1h_current_return_pct_gte_13.61786,(1h_current_return_pct >= 8.969 AND (2h_current_return_pct - 1h_current_return_pct) >= 13.62),ast,50.0,and_pair,[]
SF_AND_SF_1h_current_return_pct_gte_8.969214_SF_15m_current_body_pct_gte_13.6371,(1h_current_return_pct >= 8.969 AND 15m_current_body_pct >= 13.64),ast,50.0,and_pair,[]
SF_AND_SF_1h_current_return_pct_gte_8.969214_SF_15m_current_body_pct_gte_9.0914,(1h_current_return_pct >= 8.969 AND 15m_current_body_pct >= 9.091),ast,50.0,and_pair,[]
SF_AND_SF_1h_current_return_pct_gte_8.969214_SF_15m_current_ma20_distance_pct_gte_17.364729,(1h_current_return_pct >= 8.969 AND 15m_current_ma20_distance_pct >= 17.36),ast,50.0,and_pair,[]
SF_AND_SF_1h_current_return_pct_gte_8.969214_SF_15m_current_ma20_distance_pct_gte_26.750886,(1h_current_return_pct >= 8.969 AND 15m_current_ma20_distance_pct >= 26.75),ast,50.0,and_pair,[]
SF_AND_SF_1h_current_return_pct_gte_8.969214_SF_1h_current_ma20_distance_pct_gte_20.388471,(1h_current_return_pct >= 8.969 AND 1h_current_ma20_distance_pct >= 20.39),ast,50.0,and_pair,[]
SF_AND_SF_1h_current_return_pct_gte_8.969214_SF_1h_current_ma20_distance_pct_gte_35.705329,(1h_current_return_pct >= 8.969 AND 1h_current_ma20_distance_pct >= 35.71),ast,50.0,and_pair,[]
SF_AND_SF_1h_current_return_pct_gte_8.969214_SF_1h_current_ma20_distance_pct_gte_51.022186,(1h_current_return_pct >= 8.969 AND 1h_current_ma20_distance_pct >= 51.02),ast,50.0,and_pair,[]
SF_AND_SF_1h_current_return_pct_gte_8.969214_SF_2h_current_body_pct_gte_13.739943,(1h_current_return_pct >= 8.969 AND 2h_current_body_pct >= 13.74),ast,50.0,and_pair,[]
SF_AND_SF_1h_current_return_pct_gte_8.969214_SF_2h_current_body_pct_gte_20.609914,(1h_current_return_pct >= 8.969 AND 2h_current_body_pct >= 20.61),ast,50.0,and_pair,[]
SF_AND_SF_1h_current_return_pct_gte_8.969214_SF_2h_current_body_pct_gte_27.479886,(1h_current_return_pct >= 8.969 AND 2h_current_body_pct >= 27.48),ast,50.0,and_pair,[]
SF_AND_SF_1h_current_return_pct_gte_8.969214_SF_2h_current_range_pct_gte_14.964243,(1h_current_return_pct >= 8.969 AND 2h_current_range_pct >= 14.96),ast,50.0,and_pair,[]
SF_AND_SF_1h_current_return_pct_gte_8.969214_SF_2h_current_range_pct_gte_29.928486,(1h_current_return_pct >= 8.969 AND 2h_current_range_pct >= 29.93),ast,50.0,and_pair,[]
SF_AND_SF_1h_current_return_pct_gte_8.969214_SF_2h_current_range_pct_gte_44.892729,(1h_current_return_pct >= 8.969 AND 2h_current_range_pct >= 44.89),ast,50.0,and_pair,[]
SF_AND_SF_1h_current_return_pct_gte_8.969214_SF_2h_previous_body_pct_gte_27.479886,(1h_current_return_pct >= 8.969 AND 2h_previous_body_pct >= 27.48),ast,50.0,and_pair,[]
SF_AND_SF_1h_current_return_pct_gte_8.969214_SF_2h_previous_body_pct_gte_34.349857,(1h_current_return_pct >= 8.969 AND 2h_previous_body_pct >= 34.35),ast,50.0,and_pair,[]
SF_AND_SF_1h_current_return_pct_gte_8.969214_SF_2h_previous_ma20_distance_pct_gte_65.594714,(1h_current_return_pct >= 8.969 AND 2h_previous_ma20_distance_pct >= 65.59),ast,50.0,and_pair,[]
SF_AND_SF_1h_current_return_pct_gte_8.969214_SF_2h_previous_return_pct_gte_26.298514,(1h_current_return_pct >= 8.969 AND 2h_previous_return_pct >= 26.3),ast,50.0,and_pair,[]
SF_AND_SF_1h_current_return_pct_gte_8.969214_SF_30m_current_body_pct_gte_10.647286,(1h_current_return_pct >= 8.969 AND 30m_current_body_pct >= 10.65),ast,50.0,and_pair,[]
SF_AND_SF_1h_current_return_pct_gte_8.969214_SF_30m_current_body_pct_gte_15.970929,(1h_current_return_pct >= 8.969 AND 30m_current_body_pct >= 15.97),ast,50.0,and_pair,[]
SF_AND_SF_1h_current_return_pct_gte_8.969214_SF_30m_current_range_pct_gte_12.1684,(1h_current_return_pct >= 8.969 AND 30m_current_range_pct >= 12.17),ast,50.0,and_pair,[]
SF_AND_SF_1h_current_return_pct_gte_8.969214_SF_30m_current_range_pct_gte_22.8592,(1h_current_return_pct >= 8.969 AND 30m_current_range_pct >= 22.86),ast,50.0,and_pair,[]
SF_AND_SF_1h_current_return_pct_gte_8.969214_SF_30m_previous_ma20_distance_pct_gte_39.165157,(1h_current_return_pct >= 8.969 AND 30m_previous_ma20_distance_pct >= 39.17),ast,50.0,and_pair,[]
SF_AND_SF_1h_current_return_pct_gte_8.969214_SF_derived_range_expansion_gte_19.663914,(1h_current_return_pct >= 8.969 AND derived_range_expansion >= 19.66),ast,50.0,and_pair,[]
SF_AND_SF_1h_current_return_pct_gte_8.969214_SF_derived_range_expansion_gte_8.077786,(1h_current_return_pct >= 8.969 AND derived_range_expansion >= 8.078),ast,50.0,and_pair,[]
SF_AND_SF_1h_current_return_pct_gte_8.969214_SR_1h_current_range_pct_5m_compression_15262639999.999996,(1h_current_return_pct >= 8.969 AND 1h_current_range_pct/5m_compression >= 1.526e+10),ast,50.0,and_pair,[]
SF_AND_SF_1h_current_return_pct_gte_8.969214_SR_1h_current_range_pct_5m_compression_30525279999.999992,(1h_current_return_pct >= 8.969 AND 1h_current_range_pct/5m_compression >= 3.053e+10),ast,50.0,and_pair,[]
SF_AND_SF_2h_current_body_pct_gte_13.739943_SD_1h_current_body_pct_1h_previous_body_pct_gte_18.78308,(2h_current_body_pct >= 13.74 AND (1h_current_body_pct - 1h_previous_body_pct) >= 18.78),ast,50.0,and_pair,[]
SF_AND_SF_2h_current_body_pct_gte_13.739943_SD_1h_current_range_pct_1h_previous_range_pct_gte_5.76056,(2h_current_body_pct >= 13.74 AND (1h_current_range_pct - 1h_previous_range_pct) >= 5.761),ast,50.0,and_pair,[]
SF_AND_SF_2h_current_body_pct_gte_13.739943_SD_1h_current_return_pct_15m_current_return_pct_lte_-12.62842,(2h_current_body_pct >= 13.74 AND (1h_current_return_pct - 15m_current_return_pct) <= -12.63),ast,50.0,and_pair,[]
SF_AND_SF_2h_current_body_pct_gte_13.739943_SD_2h_current_return_pct_1h_current_return_pct_gte_13.61786,(2h_current_body_pct >= 13.74 AND (2h_current_return_pct - 1h_current_return_pct) >= 13.62),ast,50.0,and_pair,[]
SF_AND_SF_2h_current_body_pct_gte_13.739943_SF_15m_current_body_pct_gte_9.0914,(2h_current_body_pct >= 13.74 AND 15m_current_body_pct >= 9.091),ast,50.0,and_pair,[]
SF_AND_SF_2h_current_body_pct_gte_13.739943_SF_15m_current_ma20_distance_pct_gte_17.364729,(2h_current_body_pct >= 13.74 AND 15m_current_ma20_distance_pct >= 17.36),ast,50.0,and_pair,[]
SF_AND_SF_2h_current_body_pct_gte_13.739943_SF_1h_current_ma20_distance_pct_gte_20.388471,(2h_current_body_pct >= 13.74 AND 1h_current_ma20_distance_pct >= 20.39),ast,50.0,and_pair,[]
SF_AND_SF_2h_current_body_pct_gte_13.739943_SF_2h_current_range_pct_gte_14.964243,(2h_current_body_pct >= 13.74 AND 2h_current_range_pct >= 14.96),ast,50.0,and_pair,[]
SF_AND_SF_2h_current_body_pct_gte_13.739943_SF_2h_current_range_pct_gte_44.892729,(2h_current_body_pct >= 13.74 AND 2h_current_range_pct >= 44.89),ast,50.0,and_pair,[]
SF_AND_SF_2h_current_body_pct_gte_13.739943_SF_2h_previous_body_pct_gte_27.479886,(2h_current_body_pct >= 13.74 AND 2h_previous_body_pct >= 27.48),ast,50.0,and_pair,[]
SF_AND_SF_2h_current_body_pct_gte_13.739943_SF_2h_previous_ma20_distance_pct_gte_65.594714,(2h_current_body_pct >= 13.74 AND 2h_previous_ma20_distance_pct >= 65.59),ast,50.0,and_pair,[]
SF_AND_SF_2h_current_body_pct_gte_13.739943_SF_2h_previous_return_pct_gte_26.298514,(2h_current_body_pct >= 13.74 AND 2h_previous_return_pct >= 26.3),ast,50.0,and_pair,[]
SF_AND_SF_2h_current_body_pct_gte_13.739943_SF_30m_current_body_pct_gte_10.647286,(2h_current_body_pct >= 13.74 AND 30m_current_body_pct >= 10.65),ast,50.0,and_pair,[]
SF_AND_SF_2h_current_body_pct_gte_13.739943_SF_30m_current_range_pct_gte_12.1684,(2h_current_body_pct >= 13.74 AND 30m_current_range_pct >= 12.17),ast,50.0,and_pair,[]
SF_AND_SF_2h_current_body_pct_gte_13.739943_SF_30m_current_range_pct_gte_22.8592,(2h_current_body_pct >= 13.74 AND 30m_current_range_pct >= 22.86),ast,50.0,and_pair,[]
SF_AND_SF_2h_current_body_pct_gte_13.739943_SF_30m_previous_ma20_distance_pct_gte_39.165157,(2h_current_body_pct >= 13.74 AND 30m_previous_ma20_distance_pct >= 39.17),ast,50.0,and_pair,[]
SF_AND_SF_2h_current_body_pct_gte_13.739943_SF_derived_range_expansion_gte_8.077786,(2h_current_body_pct >= 13.74 AND derived_range_expansion >= 8.078),ast,50.0,and_pair,[]
SF_AND_SF_2h_current_body_pct_gte_13.739943_SR_1h_current_range_pct_5m_compression_15262639999.999996,(2h_current_body_pct >= 13.74 AND 1h_current_range_pct/5m_compression >= 1.526e+10),ast,50.0,and_pair,[]
SF_AND_SF_2h_current_body_pct_gte_13.739943_SR_1h_current_range_pct_5m_compression_30525279999.999992,(2h_current_body_pct >= 13.74 AND 1h_current_range_pct/5m_compression >= 3.053e+10),ast,50.0,and_pair,[]
SF_AND_SF_2h_current_body_pct_gte_20.609914_SD_1h_current_body_pct_1h_previous_body_pct_gte_18.78308,(2h_current_body_pct >= 20.61 AND (1h_current_body_pct - 1h_previous_body_pct) >= 18.78),ast,50.0,and_pair,[]
SF_AND_SF_2h_current_body_pct_gte_20.609914_SD_1h_current_range_pct_1h_previous_range_pct_gte_5.76056,(2h_current_body_pct >= 20.61 AND (1h_current_range_pct - 1h_previous_range_pct) >= 5.761),ast,50.0,and_pair,[]
SF_AND_SF_2h_current_body_pct_gte_20.609914_SD_1h_current_return_pct_15m_current_return_pct_lte_-12.62842,(2h_current_body_pct >= 20.61 AND (1h_current_return_pct - 15m_current_return_pct) <= -12.63),ast,50.0,and_pair,[]
SF_AND_SF_2h_current_body_pct_gte_20.609914_SD_2h_current_return_pct_1h_current_return_pct_gte_13.61786,(2h_current_body_pct >= 20.61 AND (2h_current_return_pct - 1h_current_return_pct) >= 13.62),ast,50.0,and_pair,[]
SF_AND_SF_2h_current_body_pct_gte_20.609914_SF_15m_current_body_pct_gte_13.6371,(2h_current_body_pct >= 20.61 AND 15m_current_body_pct >= 13.64),ast,50.0,and_pair,[]
SF_AND_SF_2h_current_body_pct_gte_20.609914_SF_15m_current_body_pct_gte_9.0914,(2h_current_body_pct >= 20.61 AND 15m_current_body_pct >= 9.091),ast,50.0,and_pair,[]
SF_AND_SF_2h_current_body_pct_gte_20.609914_SF_15m_current_ma20_distance_pct_gte_17.364729,(2h_current_body_pct >= 20.61 AND 15m_current_ma20_distance_pct >= 17.36),ast,50.0,and_pair,[]
SF_AND_SF_2h_current_body_pct_gte_20.609914_SF_1h_current_ma20_distance_pct_gte_20.388471,(2h_current_body_pct >= 20.61 AND 1h_current_ma20_distance_pct >= 20.39),ast,50.0,and_pair,[]
SF_AND_SF_2h_current_body_pct_gte_20.609914_SF_2h_current_body_pct_gte_13.739943,(2h_current_body_pct >= 20.61 AND 2h_current_body_pct >= 13.74),ast,50.0,and_pair,[]
SF_AND_SF_2h_current_body_pct_gte_20.609914_SF_2h_current_range_pct_gte_14.964243,(2h_current_body_pct >= 20.61 AND 2h_current_range_pct >= 14.96),ast,50.0,and_pair,[]
SF_AND_SF_2h_current_body_pct_gte_20.609914_SF_2h_current_range_pct_gte_29.928486,(2h_current_body_pct >= 20.61 AND 2h_current_range_pct >= 29.93),ast,50.0,and_pair,[]
SF_AND_SF_2h_current_body_pct_gte_20.609914_SF_2h_current_range_pct_gte_44.892729,(2h_current_body_pct >= 20.61 AND 2h_current_range_pct >= 44.89),ast,50.0,and_pair,[]
SF_AND_SF_2h_current_body_pct_gte_20.609914_SF_2h_previous_body_pct_gte_27.479886,(2h_current_body_pct >= 20.61 AND 2h_previous_body_pct >= 27.48),ast,50.0,and_pair,[]
SF_AND_SF_2h_current_body_pct_gte_20.609914_SF_2h_previous_body_pct_gte_34.349857,(2h_current_body_pct >= 20.61 AND 2h_previous_body_pct >= 34.35),ast,50.0,and_pair,[]
SF_AND_SF_2h_current_body_pct_gte_20.609914_SF_2h_previous_ma20_distance_pct_gte_65.594714,(2h_current_body_pct >= 20.61 AND 2h_previous_ma20_distance_pct >= 65.59),ast,50.0,and_pair,[]
SF_AND_SF_2h_current_body_pct_gte_20.609914_SF_2h_previous_return_pct_gte_26.298514,(2h_current_body_pct >= 20.61 AND 2h_previous_return_pct >= 26.3),ast,50.0,and_pair,[]
SF_AND_SF_2h_current_body_pct_gte_20.609914_SF_30m_current_body_pct_gte_10.647286,(2h_current_body_pct >= 20.61 AND 30m_current_body_pct >= 10.65),ast,50.0,and_pair,[]
SF_AND_SF_2h_current_body_pct_gte_20.609914_SF_30m_current_body_pct_gte_15.970929,(2h_current_body_pct >= 20.61 AND 30m_current_body_pct >= 15.97),ast,50.0,and_pair,[]
SF_AND_SF_2h_current_body_pct_gte_20.609914_SF_30m_current_range_pct_gte_12.1684,(2h_current_body_pct >= 20.61 AND 30m_current_range_pct >= 12.17),ast,50.0,and_pair,[]
SF_AND_SF_2h_current_body_pct_gte_20.609914_SF_30m_current_range_pct_gte_22.8592,(2h_current_body_pct >= 20.61 AND 30m_current_range_pct >= 22.86),ast,50.0,and_pair,[]
SF_AND_SF_2h_current_body_pct_gte_20.609914_SF_30m_previous_ma20_distance_pct_gte_39.165157,(2h_current_body_pct >= 20.61 AND 30m_previous_ma20_distance_pct >= 39.17),ast,50.0,and_pair,[]
SF_AND_SF_2h_current_body_pct_gte_20.609914_SF_derived_range_expansion_gte_19.663914,(2h_current_body_pct >= 20.61 AND derived_range_expansion >= 19.66),ast,50.0,and_pair,[]
SF_AND_SF_2h_current_body_pct_gte_20.609914_SF_derived_range_expansion_gte_8.077786,(2h_current_body_pct >= 20.61 AND derived_range_expansion >= 8.078),ast,50.0,and_pair,[]
SF_AND_SF_2h_current_body_pct_gte_20.609914_SR_1h_current_range_pct_5m_compression_15262639999.999996,(2h_current_body_pct >= 20.61 AND 1h_current_range_pct/5m_compression >= 1.526e+10),ast,50.0,and_pair,[]
SF_AND_SF_2h_current_body_pct_gte_20.609914_SR_1h_current_range_pct_5m_compression_30525279999.999992,(2h_current_body_pct >= 20.61 AND 1h_current_range_pct/5m_compression >= 3.053e+10),ast,50.0,and_pair,[]
SF_AND_SF_2h_current_body_pct_gte_27.479886_SD_1h_current_body_pct_1h_previous_body_pct_gte_18.78308,(2h_current_body_pct >= 27.48 AND (1h_current_body_pct - 1h_previous_body_pct) >= 18.78),ast,50.0,and_pair,[]
SF_AND_SF_2h_current_body_pct_gte_27.479886_SD_1h_current_range_pct_1h_previous_range_pct_gte_21.98114,(2h_current_body_pct >= 27.48 AND (1h_current_range_pct - 1h_previous_range_pct) >= 21.98),ast,50.0,and_pair,[]
SF_AND_SF_2h_current_body_pct_gte_27.479886_SD_1h_current_range_pct_1h_previous_range_pct_gte_5.76056,(2h_current_body_pct >= 27.48 AND (1h_current_range_pct - 1h_previous_range_pct) >= 5.761),ast,50.0,and_pair,[]
SF_AND_SF_2h_current_body_pct_gte_27.479886_SD_1h_current_return_pct_15m_current_return_pct_lte_-12.62842,(2h_current_body_pct >= 27.48 AND (1h_current_return_pct - 15m_current_return_pct) <= -12.63),ast,50.0,and_pair,[]
SF_AND_SF_2h_current_body_pct_gte_27.479886_SD_2h_current_return_pct_1h_current_return_pct_gte_13.61786,(2h_current_body_pct >= 27.48 AND (2h_current_return_pct - 1h_current_return_pct) >= 13.62),ast,50.0,and_pair,[]
SF_AND_SF_2h_current_body_pct_gte_27.479886_SF_15m_current_body_pct_gte_13.6371,(2h_current_body_pct >= 27.48 AND 15m_current_body_pct >= 13.64),ast,50.0,and_pair,[]
SF_AND_SF_2h_current_body_pct_gte_27.479886_SF_15m_current_body_pct_gte_9.0914,(2h_current_body_pct >= 27.48 AND 15m_current_body_pct >= 9.091),ast,50.0,and_pair,[]
SF_AND_SF_2h_current_body_pct_gte_27.479886_SF_15m_current_ma20_distance_pct_gte_17.364729,(2h_current_body_pct >= 27.48 AND 15m_current_ma20_distance_pct >= 17.36),ast,50.0,and_pair,[]
SF_AND_SF_2h_current_body_pct_gte_27.479886_SF_15m_current_ma20_distance_pct_gte_26.750886,(2h_current_body_pct >= 27.48 AND 15m_current_ma20_distance_pct >= 26.75),ast,50.0,and_pair,[]
SF_AND_SF_2h_current_body_pct_gte_27.479886_SF_1h_current_ma20_distance_pct_gte_20.388471,(2h_current_body_pct >= 27.48 AND 1h_current_ma20_distance_pct >= 20.39),ast,50.0,and_pair,[]
SF_AND_SF_2h_current_body_pct_gte_27.479886_SF_1h_current_ma20_distance_pct_gte_35.705329,(2h_current_body_pct >= 27.48 AND 1h_current_ma20_distance_pct >= 35.71),ast,50.0,and_pair,[]
SF_AND_SF_2h_current_body_pct_gte_27.479886_SF_1h_current_ma20_distance_pct_gte_51.022186,(2h_current_body_pct >= 27.48 AND 1h_current_ma20_distance_pct >= 51.02),ast,50.0,and_pair,[]
SF_AND_SF_2h_current_body_pct_gte_27.479886_SF_2h_current_body_pct_gte_13.739943,(2h_current_body_pct >= 27.48 AND 2h_current_body_pct >= 13.74),ast,50.0,and_pair,[]
SF_AND_SF_2h_current_body_pct_gte_27.479886_SF_2h_current_body_pct_gte_20.609914,(2h_current_body_pct >= 27.48 AND 2h_current_body_pct >= 20.61),ast,50.0,and_pair,[]
SF_AND_SF_2h_current_body_pct_gte_27.479886_SF_2h_current_range_pct_gte_14.964243,(2h_current_body_pct >= 27.48 AND 2h_current_range_pct >= 14.96),ast,50.0,and_pair,[]
SF_AND_SF_2h_current_body_pct_gte_27.479886_SF_2h_current_range_pct_gte_29.928486,(2h_current_body_pct >= 27.48 AND 2h_current_range_pct >= 29.93),ast,50.0,and_pair,[]
SF_AND_SF_2h_current_body_pct_gte_27.479886_SF_2h_current_range_pct_gte_44.892729,(2h_current_body_pct >= 27.48 AND 2h_current_range_pct >= 44.89),ast,50.0,and_pair,[]
SF_AND_SF_2h_current_body_pct_gte_27.479886_SF_2h_previous_body_pct_gte_27.479886,(2h_current_body_pct >= 27.48 AND 2h_previous_body_pct >= 27.48),ast,50.0,and_pair,[]
SF_AND_SF_2h_current_body_pct_gte_27.479886_SF_2h_previous_body_pct_gte_34.349857,(2h_current_body_pct >= 27.48 AND 2h_previous_body_pct >= 34.35),ast,50.0,and_pair,[]
SF_AND_SF_2h_current_body_pct_gte_27.479886_SF_2h_previous_ma20_distance_pct_gte_65.594714,(2h_current_body_pct >= 27.48 AND 2h_previous_ma20_distance_pct >= 65.59),ast,50.0,and_pair,[]
SF_AND_SF_2h_current_body_pct_gte_27.479886_SF_2h_previous_return_pct_gte_26.298514,(2h_current_body_pct >= 27.48 AND 2h_previous_return_pct >= 26.3),ast,50.0,and_pair,[]
SF_AND_SF_2h_current_body_pct_gte_27.479886_SF_30m_current_body_pct_gte_10.647286,(2h_current_body_pct >= 27.48 AND 30m_current_body_pct >= 10.65),ast,50.0,and_pair,[]
SF_AND_SF_2h_current_body_pct_gte_27.479886_SF_30m_current_body_pct_gte_15.970929,(2h_current_body_pct >= 27.48 AND 30m_current_body_pct >= 15.97),ast,50.0,and_pair,[]
SF_AND_SF_2h_current_body_pct_gte_27.479886_SF_30m_current_range_pct_gte_12.1684,(2h_current_body_pct >= 27.48 AND 30m_current_range_pct >= 12.17),ast,50.0,and_pair,[]
SF_AND_SF_2h_current_body_pct_gte_27.479886_SF_30m_current_range_pct_gte_22.8592,(2h_current_body_pct >= 27.48 AND 30m_current_range_pct >= 22.86),ast,50.0,and_pair,[]
SF_AND_SF_2h_current_body_pct_gte_27.479886_SF_30m_previous_ma20_distance_pct_gte_39.165157,(2h_current_body_pct >= 27.48 AND 30m_previous_ma20_distance_pct >= 39.17),ast,50.0,and_pair,[]
SF_AND_SF_2h_current_body_pct_gte_27.479886_SF_derived_range_expansion_gte_19.663914,(2h_current_body_pct >= 27.48 AND derived_range_expansion >= 19.66),ast,50.0,and_pair,[]
SF_AND_SF_2h_current_body_pct_gte_27.479886_SF_derived_range_expansion_gte_8.077786,(2h_current_body_pct >= 27.48 AND derived_range_expansion >= 8.078),ast,50.0,and_pair,[]
SF_AND_SF_2h_current_body_pct_gte_27.479886_SR_1h_current_range_pct_5m_compression_15262639999.999996,(2h_current_body_pct >= 27.48 AND 1h_current_range_pct/5m_compression >= 1.526e+10),ast,50.0,and_pair,[]
SF_AND_SF_2h_current_body_pct_gte_27.479886_SR_1h_current_range_pct_5m_compression_30525279999.999992,(2h_current_body_pct >= 27.48 AND 1h_current_range_pct/5m_compression >= 3.053e+10),ast,50.0,and_pair,[]
SF_AND_SF_2h_current_range_pct_gte_14.964243_SD_1h_current_return_pct_15m_current_return_pct_lte_-12.62842,(2h_current_range_pct >= 14.96 AND (1h_current_return_pct - 15m_current_return_pct) <= -12.63),ast,50.0,and_pair,[]
SF_AND_SF_2h_current_range_pct_gte_29.928486_SD_1h_current_body_pct_1h_previous_body_pct_gte_18.78308,(2h_current_range_pct >= 29.93 AND (1h_current_body_pct - 1h_previous_body_pct) >= 18.78),ast,50.0,and_pair,[]
SF_AND_SF_2h_current_range_pct_gte_29.928486_SD_1h_current_range_pct_1h_previous_range_pct_gte_5.76056,(2h_current_range_pct >= 29.93 AND (1h_current_range_pct - 1h_previous_range_pct) >= 5.761),ast,50.0,and_pair,[]
SF_AND_SF_2h_current_range_pct_gte_29.928486_SD_1h_current_return_pct_15m_current_return_pct_lte_-12.62842,(2h_current_range_pct >= 29.93 AND (1h_current_return_pct - 15m_current_return_pct) <= -12.63),ast,50.0,and_pair,[]
SF_AND_SF_2h_current_range_pct_gte_29.928486_SD_2h_current_return_pct_1h_current_return_pct_gte_13.61786,(2h_current_range_pct >= 29.93 AND (2h_current_return_pct - 1h_current_return_pct) >= 13.62),ast,50.0,and_pair,[]
SF_AND_SF_2h_current_range_pct_gte_29.928486_SF_15m_current_body_pct_gte_13.6371,(2h_current_range_pct >= 29.93 AND 15m_current_body_pct >= 13.64),ast,50.0,and_pair,[]
SF_AND_SF_2h_current_range_pct_gte_29.928486_SF_15m_current_body_pct_gte_9.0914,(2h_current_range_pct >= 29.93 AND 15m_current_body_pct >= 9.091),ast,50.0,and_pair,[]
SF_AND_SF_2h_current_range_pct_gte_29.928486_SF_15m_current_ma20_distance_pct_gte_17.364729,(2h_current_range_pct >= 29.93 AND 15m_current_ma20_distance_pct >= 17.36),ast,50.0,and_pair,[]
SF_AND_SF_2h_current_range_pct_gte_29.928486_SF_1h_current_ma20_distance_pct_gte_20.388471,(2h_current_range_pct >= 29.93 AND 1h_current_ma20_distance_pct >= 20.39),ast,50.0,and_pair,[]
SF_AND_SF_2h_current_range_pct_gte_29.928486_SF_2h_current_body_pct_gte_13.739943,(2h_current_range_pct >= 29.93 AND 2h_current_body_pct >= 13.74),ast,50.0,and_pair,[]
SF_AND_SF_2h_current_range_pct_gte_29.928486_SF_2h_current_range_pct_gte_14.964243,(2h_current_range_pct >= 29.93 AND 2h_current_range_pct >= 14.96),ast,50.0,and_pair,[]
SF_AND_SF_2h_current_range_pct_gte_29.928486_SF_2h_current_range_pct_gte_44.892729,(2h_current_range_pct >= 29.93 AND 2h_current_range_pct >= 44.89),ast,50.0,and_pair,[]
SF_AND_SF_2h_current_range_pct_gte_29.928486_SF_2h_previous_body_pct_gte_27.479886,(2h_current_range_pct >= 29.93 AND 2h_previous_body_pct >= 27.48),ast,50.0,and_pair,[]
SF_AND_SF_2h_current_range_pct_gte_29.928486_SF_2h_previous_ma20_distance_pct_gte_65.594714,(2h_current_range_pct >= 29.93 AND 2h_previous_ma20_distance_pct >= 65.59),ast,50.0,and_pair,[]
SF_AND_SF_2h_current_range_pct_gte_29.928486_SF_2h_previous_return_pct_gte_26.298514,(2h_current_range_pct >= 29.93 AND 2h_previous_return_pct >= 26.3),ast,50.0,and_pair,[]
SF_AND_SF_2h_current_range_pct_gte_29.928486_SF_30m_current_body_pct_gte_10.647286,(2h_current_range_pct >= 29.93 AND 30m_current_body_pct >= 10.65),ast,50.0,and_pair,[]
SF_AND_SF_2h_current_range_pct_gte_29.928486_SF_30m_current_range_pct_gte_12.1684,(2h_current_range_pct >= 29.93 AND 30m_current_range_pct >= 12.17),ast,50.0,and_pair,[]
SF_AND_SF_2h_current_range_pct_gte_29.928486_SF_30m_current_range_pct_gte_22.8592,(2h_current_range_pct >= 29.93 AND 30m_current_range_pct >= 22.86),ast,50.0,and_pair,[]
SF_AND_SF_2h_current_range_pct_gte_29.928486_SF_30m_previous_ma20_distance_pct_gte_39.165157,(2h_current_range_pct >= 29.93 AND 30m_previous_ma20_distance_pct >= 39.17),ast,50.0,and_pair,[]
SF_AND_SF_2h_current_range_pct_gte_29.928486_SF_derived_range_expansion_gte_8.077786,(2h_current_range_pct >= 29.93 AND derived_range_expansion >= 8.078),ast,50.0,and_pair,[]
SF_AND_SF_2h_current_range_pct_gte_29.928486_SR_1h_current_range_pct_5m_compression_15262639999.999996,(2h_current_range_pct >= 29.93 AND 1h_current_range_pct/5m_compression >= 1.526e+10),ast,50.0,and_pair,[]
SF_AND_SF_2h_current_range_pct_gte_29.928486_SR_1h_current_range_pct_5m_compression_30525279999.999992,(2h_current_range_pct >= 29.93 AND 1h_current_range_pct/5m_compression >= 3.053e+10),ast,50.0,and_pair,[]
SF_AND_SF_2h_current_range_pct_gte_44.892729_SD_1h_current_body_pct_1h_previous_body_pct_gte_18.78308,(2h_current_range_pct >= 44.89 AND (1h_current_body_pct - 1h_previous_body_pct) >= 18.78),ast,50.0,and_pair,[]
SF_AND_SF_2h_current_range_pct_gte_44.892729_SD_1h_current_range_pct_1h_previous_range_pct_gte_5.76056,(2h_current_range_pct >= 44.89 AND (1h_current_range_pct - 1h_previous_range_pct) >= 5.761),ast,50.0,and_pair,[]
SF_AND_SF_2h_current_range_pct_gte_44.892729_SD_1h_current_return_pct_15m_current_return_pct_lte_-12.62842,(2h_current_range_pct >= 44.89 AND (1h_current_return_pct - 15m_current_return_pct) <= -12.63),ast,50.0,and_pair,[]
SF_AND_SF_2h_current_range_pct_gte_44.892729_SD_2h_current_return_pct_1h_current_return_pct_gte_13.61786,(2h_current_range_pct >= 44.89 AND (2h_current_return_pct - 1h_current_return_pct) >= 13.62),ast,50.0,and_pair,[]
SF_AND_SF_2h_current_range_pct_gte_44.892729_SF_15m_current_body_pct_gte_9.0914,(2h_current_range_pct >= 44.89 AND 15m_current_body_pct >= 9.091),ast,50.0,and_pair,[]
SF_AND_SF_2h_current_range_pct_gte_44.892729_SF_15m_current_ma20_distance_pct_gte_17.364729,(2h_current_range_pct >= 44.89 AND 15m_current_ma20_distance_pct >= 17.36),ast,50.0,and_pair,[]
SF_AND_SF_2h_current_range_pct_gte_44.892729_SF_1h_current_ma20_distance_pct_gte_20.388471,(2h_current_range_pct >= 44.89 AND 1h_current_ma20_distance_pct >= 20.39),ast,50.0,and_pair,[]
SF_AND_SF_2h_current_range_pct_gte_44.892729_SF_2h_current_range_pct_gte_14.964243,(2h_current_range_pct >= 44.89 AND 2h_current_range_pct >= 14.96),ast,50.0,and_pair,[]
SF_AND_SF_2h_current_range_pct_gte_44.892729_SF_2h_previous_body_pct_gte_27.479886,(2h_current_range_pct >= 44.89 AND 2h_previous_body_pct >= 27.48),ast,50.0,and_pair,[]
SF_AND_SF_2h_current_range_pct_gte_44.892729_SF_2h_previous_ma20_distance_pct_gte_65.594714,(2h_current_range_pct >= 44.89 AND 2h_previous_ma20_distance_pct >= 65.59),ast,50.0,and_pair,[]
SF_AND_SF_2h_current_range_pct_gte_44.892729_SF_2h_previous_return_pct_gte_26.298514,(2h_current_range_pct >= 44.89 AND 2h_previous_return_pct >= 26.3),ast,50.0,and_pair,[]
SF_AND_SF_2h_current_range_pct_gte_44.892729_SF_30m_current_body_pct_gte_10.647286,(2h_current_range_pct >= 44.89 AND 30m_current_body_pct >= 10.65),ast,50.0,and_pair,[]
SF_AND_SF_2h_current_range_pct_gte_44.892729_SF_30m_current_range_pct_gte_12.1684,(2h_current_range_pct >= 44.89 AND 30m_current_range_pct >= 12.17),ast,50.0,and_pair,[]
SF_AND_SF_2h_current_range_pct_gte_44.892729_SF_30m_current_range_pct_gte_22.8592,(2h_current_range_pct >= 44.89 AND 30m_current_range_pct >= 22.86),ast,50.0,and_pair,[]
SF_AND_SF_2h_current_range_pct_gte_44.892729_SF_30m_previous_ma20_distance_pct_gte_39.165157,(2h_current_range_pct >= 44.89 AND 30m_previous_ma20_distance_pct >= 39.17),ast,50.0,and_pair,[]
SF_AND_SF_2h_current_range_pct_gte_44.892729_SF_derived_range_expansion_gte_8.077786,(2h_current_range_pct >= 44.89 AND derived_range_expansion >= 8.078),ast,50.0,and_pair,[]
SF_AND_SF_2h_current_range_pct_gte_44.892729_SR_1h_current_range_pct_5m_compression_15262639999.999996,(2h_current_range_pct >= 44.89 AND 1h_current_range_pct/5m_compression >= 1.526e+10),ast,50.0,and_pair,[]
SF_AND_SF_2h_current_range_pct_gte_44.892729_SR_1h_current_range_pct_5m_compression_30525279999.999992,(2h_current_range_pct >= 44.89 AND 1h_current_range_pct/5m_compression >= 3.053e+10),ast,50.0,and_pair,[]
SF_AND_SF_2h_previous_body_pct_gte_27.479886_SD_1h_current_return_pct_15m_current_return_pct_lte_-12.62842,(2h_previous_body_pct >= 27.48 AND (1h_current_return_pct - 15m_current_return_pct) <= -12.63),ast,50.0,and_pair,[]
SF_AND_SF_2h_previous_body_pct_gte_27.479886_SF_2h_current_range_pct_gte_14.964243,(2h_previous_body_pct >= 27.48 AND 2h_current_range_pct >= 14.96),ast,50.0,and_pair,[]
SF_AND_SF_2h_previous_body_pct_gte_27.479886_SR_1h_current_range_pct_5m_compression_30525279999.999992,(2h_previous_body_pct >= 27.48 AND 1h_current_range_pct/5m_compression >= 3.053e+10),ast,50.0,and_pair,[]
SF_AND_SF_2h_previous_body_pct_gte_34.349857_SD_1h_current_body_pct_1h_previous_body_pct_gte_18.78308,(2h_previous_body_pct >= 34.35 AND (1h_current_body_pct - 1h_previous_body_pct) >= 18.78),ast,50.0,and_pair,[]
SF_AND_SF_2h_previous_body_pct_gte_34.349857_SD_1h_current_range_pct_1h_previous_range_pct_gte_5.76056,(2h_previous_body_pct >= 34.35 AND (1h_current_range_pct - 1h_previous_range_pct) >= 5.761),ast,50.0,and_pair,[]
SF_AND_SF_2h_previous_body_pct_gte_34.349857_SD_1h_current_return_pct_15m_current_return_pct_lte_-12.62842,(2h_previous_body_pct >= 34.35 AND (1h_current_return_pct - 15m_current_return_pct) <= -12.63),ast,50.0,and_pair,[]
SF_AND_SF_2h_previous_body_pct_gte_34.349857_SD_2h_current_return_pct_1h_current_return_pct_gte_13.61786,(2h_previous_body_pct >= 34.35 AND (2h_current_return_pct - 1h_current_return_pct) >= 13.62),ast,50.0,and_pair,[]
SF_AND_SF_2h_previous_body_pct_gte_34.349857_SF_15m_current_body_pct_gte_13.6371,(2h_previous_body_pct >= 34.35 AND 15m_current_body_pct >= 13.64),ast,50.0,and_pair,[]
SF_AND_SF_2h_previous_body_pct_gte_34.349857_SF_15m_current_body_pct_gte_9.0914,(2h_previous_body_pct >= 34.35 AND 15m_current_body_pct >= 9.091),ast,50.0,and_pair,[]
SF_AND_SF_2h_previous_body_pct_gte_34.349857_SF_15m_current_ma20_distance_pct_gte_17.364729,(2h_previous_body_pct >= 34.35 AND 15m_current_ma20_distance_pct >= 17.36),ast,50.0,and_pair,[]
SF_AND_SF_2h_previous_body_pct_gte_34.349857_SF_1h_current_ma20_distance_pct_gte_20.388471,(2h_previous_body_pct >= 34.35 AND 1h_current_ma20_distance_pct >= 20.39),ast,50.0,and_pair,[]
SF_AND_SF_2h_previous_body_pct_gte_34.349857_SF_2h_current_body_pct_gte_13.739943,(2h_previous_body_pct >= 34.35 AND 2h_current_body_pct >= 13.74),ast,50.0,and_pair,[]
SF_AND_SF_2h_previous_body_pct_gte_34.349857_SF_2h_current_range_pct_gte_14.964243,(2h_previous_body_pct >= 34.35 AND 2h_current_range_pct >= 14.96),ast,50.0,and_pair,[]
SF_AND_SF_2h_previous_body_pct_gte_34.349857_SF_2h_current_range_pct_gte_29.928486,(2h_previous_body_pct >= 34.35 AND 2h_current_range_pct >= 29.93),ast,50.0,and_pair,[]
SF_AND_SF_2h_previous_body_pct_gte_34.349857_SF_2h_current_range_pct_gte_44.892729,(2h_previous_body_pct >= 34.35 AND 2h_current_range_pct >= 44.89),ast,50.0,and_pair,[]
SF_AND_SF_2h_previous_body_pct_gte_34.349857_SF_2h_previous_body_pct_gte_27.479886,(2h_previous_body_pct >= 34.35 AND 2h_previous_body_pct >= 27.48),ast,50.0,and_pair,[]
SF_AND_SF_2h_previous_body_pct_gte_34.349857_SF_2h_previous_ma20_distance_pct_gte_65.594714,(2h_previous_body_pct >= 34.35 AND 2h_previous_ma20_distance_pct >= 65.59),ast,50.0,and_pair,[]
SF_AND_SF_2h_previous_body_pct_gte_34.349857_SF_2h_previous_return_pct_gte_26.298514,(2h_previous_body_pct >= 34.35 AND 2h_previous_return_pct >= 26.3),ast,50.0,and_pair,[]
SF_AND_SF_2h_previous_body_pct_gte_34.349857_SF_30m_current_body_pct_gte_10.647286,(2h_previous_body_pct >= 34.35 AND 30m_current_body_pct >= 10.65),ast,50.0,and_pair,[]
SF_AND_SF_2h_previous_body_pct_gte_34.349857_SF_30m_current_body_pct_gte_15.970929,(2h_previous_body_pct >= 34.35 AND 30m_current_body_pct >= 15.97),ast,50.0,and_pair,[]
SF_AND_SF_2h_previous_body_pct_gte_34.349857_SF_30m_current_range_pct_gte_12.1684,(2h_previous_body_pct >= 34.35 AND 30m_current_range_pct >= 12.17),ast,50.0,and_pair,[]
SF_AND_SF_2h_previous_body_pct_gte_34.349857_SF_30m_current_range_pct_gte_22.8592,(2h_previous_body_pct >= 34.35 AND 30m_current_range_pct >= 22.86),ast,50.0,and_pair,[]
SF_AND_SF_2h_previous_body_pct_gte_34.349857_SF_30m_previous_ma20_distance_pct_gte_39.165157,(2h_previous_body_pct >= 34.35 AND 30m_previous_ma20_distance_pct >= 39.17),ast,50.0,and_pair,[]
SF_AND_SF_2h_previous_body_pct_gte_34.349857_SF_derived_range_expansion_gte_19.663914,(2h_previous_body_pct >= 34.35 AND derived_range_expansion >= 19.66),ast,50.0,and_pair,[]
SF_AND_SF_2h_previous_body_pct_gte_34.349857_SF_derived_range_expansion_gte_8.077786,(2h_previous_body_pct >= 34.35 AND derived_range_expansion >= 8.078),ast,50.0,and_pair,[]
SF_AND_SF_2h_previous_body_pct_gte_34.349857_SR_1h_current_range_pct_5m_compression_15262639999.999996,(2h_previous_body_pct >= 34.35 AND 1h_current_range_pct/5m_compression >= 1.526e+10),ast,50.0,and_pair,[]
SF_AND_SF_2h_previous_body_pct_gte_34.349857_SR_1h_current_range_pct_5m_compression_30525279999.999992,(2h_previous_body_pct >= 34.35 AND 1h_current_range_pct/5m_compression >= 3.053e+10),ast,50.0,and_pair,[]
SF_AND_SF_2h_previous_ma20_distance_pct_gte_65.594714_SD_1h_current_body_pct_1h_previous_body_pct_gte_18.78308,(2h_previous_ma20_distance_pct >= 65.59 AND (1h_current_body_pct - 1h_previous_body_pct) >= 18.78),ast,50.0,and_pair,[]
SF_AND_SF_2h_previous_ma20_distance_pct_gte_65.594714_SD_1h_current_range_pct_1h_previous_range_pct_gte_5.76056,(2h_previous_ma20_distance_pct >= 65.59 AND (1h_current_range_pct - 1h_previous_range_pct) >= 5.761),ast,50.0,and_pair,[]
SF_AND_SF_2h_previous_ma20_distance_pct_gte_65.594714_SD_1h_current_return_pct_15m_current_return_pct_lte_-12.62842,(2h_previous_ma20_distance_pct >= 65.59 AND (1h_current_return_pct - 15m_current_return_pct) <= -12.63),ast,50.0,and_pair,[]
SF_AND_SF_2h_previous_ma20_distance_pct_gte_65.594714_SD_2h_current_return_pct_1h_current_return_pct_gte_13.61786,(2h_previous_ma20_distance_pct >= 65.59 AND (2h_current_return_pct - 1h_current_return_pct) >= 13.62),ast,50.0,and_pair,[]
SF_AND_SF_2h_previous_ma20_distance_pct_gte_65.594714_SF_15m_current_body_pct_gte_9.0914,(2h_previous_ma20_distance_pct >= 65.59 AND 15m_current_body_pct >= 9.091),ast,50.0,and_pair,[]
SF_AND_SF_2h_previous_ma20_distance_pct_gte_65.594714_SF_15m_current_ma20_distance_pct_gte_17.364729,(2h_previous_ma20_distance_pct >= 65.59 AND 15m_current_ma20_distance_pct >= 17.36),ast,50.0,and_pair,[]
SF_AND_SF_2h_previous_ma20_distance_pct_gte_65.594714_SF_1h_current_ma20_distance_pct_gte_20.388471,(2h_previous_ma20_distance_pct >= 65.59 AND 1h_current_ma20_distance_pct >= 20.39),ast,50.0,and_pair,[]
SF_AND_SF_2h_previous_ma20_distance_pct_gte_65.594714_SF_2h_current_range_pct_gte_14.964243,(2h_previous_ma20_distance_pct >= 65.59 AND 2h_current_range_pct >= 14.96),ast,50.0,and_pair,[]
SF_AND_SF_2h_previous_ma20_distance_pct_gte_65.594714_SF_2h_previous_body_pct_gte_27.479886,(2h_previous_ma20_distance_pct >= 65.59 AND 2h_previous_body_pct >= 27.48),ast,50.0,and_pair,[]
SF_AND_SF_2h_previous_ma20_distance_pct_gte_65.594714_SF_2h_previous_return_pct_gte_26.298514,(2h_previous_ma20_distance_pct >= 65.59 AND 2h_previous_return_pct >= 26.3),ast,50.0,and_pair,[]
SF_AND_SF_2h_previous_ma20_distance_pct_gte_65.594714_SF_30m_current_body_pct_gte_10.647286,(2h_previous_ma20_distance_pct >= 65.59 AND 30m_current_body_pct >= 10.65),ast,50.0,and_pair,[]
SF_AND_SF_2h_previous_ma20_distance_pct_gte_65.594714_SF_30m_current_range_pct_gte_12.1684,(2h_previous_ma20_distance_pct >= 65.59 AND 30m_current_range_pct >= 12.17),ast,50.0,and_pair,[]
SF_AND_SF_2h_previous_ma20_distance_pct_gte_65.594714_SF_30m_current_range_pct_gte_22.8592,(2h_previous_ma20_distance_pct >= 65.59 AND 30m_current_range_pct >= 22.86),ast,50.0,and_pair,[]
SF_AND_SF_2h_previous_ma20_distance_pct_gte_65.594714_SF_30m_previous_ma20_distance_pct_gte_39.165157,(2h_previous_ma20_distance_pct >= 65.59 AND 30m_previous_ma20_distance_pct >= 39.17),ast,50.0,and_pair,[]
SF_AND_SF_2h_previous_ma20_distance_pct_gte_65.594714_SF_derived_range_expansion_gte_8.077786,(2h_previous_ma20_distance_pct >= 65.59 AND derived_range_expansion >= 8.078),ast,50.0,and_pair,[]
SF_AND_SF_2h_previous_ma20_distance_pct_gte_65.594714_SR_1h_current_range_pct_5m_compression_15262639999.999996,(2h_previous_ma20_distance_pct >= 65.59 AND 1h_current_range_pct/5m_compression >= 1.526e+10),ast,50.0,and_pair,[]
SF_AND_SF_2h_previous_ma20_distance_pct_gte_65.594714_SR_1h_current_range_pct_5m_compression_30525279999.999992,(2h_previous_ma20_distance_pct >= 65.59 AND 1h_current_range_pct/5m_compression >= 3.053e+10),ast,50.0,and_pair,[]
SF_AND_SF_2h_previous_return_pct_gte_26.298514_SD_1h_current_range_pct_1h_previous_range_pct_gte_5.76056,(2h_previous_return_pct >= 26.3 AND (1h_current_range_pct - 1h_previous_range_pct) >= 5.761),ast,50.0,and_pair,[]
SF_AND_SF_2h_previous_return_pct_gte_26.298514_SD_1h_current_return_pct_15m_current_return_pct_lte_-12.62842,(2h_previous_return_pct >= 26.3 AND (1h_current_return_pct - 15m_current_return_pct) <= -12.63),ast,50.0,and_pair,[]
SF_AND_SF_2h_previous_return_pct_gte_26.298514_SF_15m_current_body_pct_gte_9.0914,(2h_previous_return_pct >= 26.3 AND 15m_current_body_pct >= 9.091),ast,50.0,and_pair,[]
SF_AND_SF_2h_previous_return_pct_gte_26.298514_SF_2h_current_range_pct_gte_14.964243,(2h_previous_return_pct >= 26.3 AND 2h_current_range_pct >= 14.96),ast,50.0,and_pair,[]
SF_AND_SF_2h_previous_return_pct_gte_26.298514_SF_2h_previous_body_pct_gte_27.479886,(2h_previous_return_pct >= 26.3 AND 2h_previous_body_pct >= 27.48),ast,50.0,and_pair,[]
SF_AND_SF_2h_previous_return_pct_gte_26.298514_SR_1h_current_range_pct_5m_compression_30525279999.999992,(2h_previous_return_pct >= 26.3 AND 1h_current_range_pct/5m_compression >= 3.053e+10),ast,50.0,and_pair,[]
SF_AND_SF_30m_current_body_pct_gte_10.647286_SD_1h_current_body_pct_1h_previous_body_pct_gte_18.78308,(30m_current_body_pct >= 10.65 AND (1h_current_body_pct - 1h_previous_body_pct) >= 18.78),ast,50.0,and_pair,[]
SF_AND_SF_30m_current_body_pct_gte_10.647286_SD_1h_current_range_pct_1h_previous_range_pct_gte_5.76056,(30m_current_body_pct >= 10.65 AND (1h_current_range_pct - 1h_previous_range_pct) >= 5.761),ast,50.0,and_pair,[]
SF_AND_SF_30m_current_body_pct_gte_10.647286_SD_1h_current_return_pct_15m_current_return_pct_lte_-12.62842,(30m_current_body_pct >= 10.65 AND (1h_current_return_pct - 15m_current_return_pct) <= -12.63),ast,50.0,and_pair,[]
SF_AND_SF_30m_current_body_pct_gte_10.647286_SD_2h_current_return_pct_1h_current_return_pct_gte_13.61786,(30m_current_body_pct >= 10.65 AND (2h_current_return_pct - 1h_current_return_pct) >= 13.62),ast,50.0,and_pair,[]
SF_AND_SF_30m_current_body_pct_gte_10.647286_SF_15m_current_body_pct_gte_9.0914,(30m_current_body_pct >= 10.65 AND 15m_current_body_pct >= 9.091),ast,50.0,and_pair,[]
SF_AND_SF_30m_current_body_pct_gte_10.647286_SF_2h_current_range_pct_gte_14.964243,(30m_current_body_pct >= 10.65 AND 2h_current_range_pct >= 14.96),ast,50.0,and_pair,[]
SF_AND_SF_30m_current_body_pct_gte_10.647286_SF_2h_previous_body_pct_gte_27.479886,(30m_current_body_pct >= 10.65 AND 2h_previous_body_pct >= 27.48),ast,50.0,and_pair,[]
SF_AND_SF_30m_current_body_pct_gte_10.647286_SF_2h_previous_return_pct_gte_26.298514,(30m_current_body_pct >= 10.65 AND 2h_previous_return_pct >= 26.3),ast,50.0,and_pair,[]
SF_AND_SF_30m_current_body_pct_gte_10.647286_SF_30m_previous_ma20_distance_pct_gte_39.165157,(30m_current_body_pct >= 10.65 AND 30m_previous_ma20_distance_pct >= 39.17),ast,50.0,and_pair,[]
SF_AND_SF_30m_current_body_pct_gte_10.647286_SR_1h_current_range_pct_5m_compression_30525279999.999992,(30m_current_body_pct >= 10.65 AND 1h_current_range_pct/5m_compression >= 3.053e+10),ast,50.0,and_pair,[]
SF_AND_SF_30m_current_body_pct_gte_15.970929_SD_1h_current_body_pct_1h_previous_body_pct_gte_18.78308,(30m_current_body_pct >= 15.97 AND (1h_current_body_pct - 1h_previous_body_pct) >= 18.78),ast,50.0,and_pair,[]
SF_AND_SF_30m_current_body_pct_gte_15.970929_SD_1h_current_range_pct_1h_previous_range_pct_gte_5.76056,(30m_current_body_pct >= 15.97 AND (1h_current_range_pct - 1h_previous_range_pct) >= 5.761),ast,50.0,and_pair,[]
SF_AND_SF_30m_current_body_pct_gte_15.970929_SD_1h_current_return_pct_15m_current_return_pct_lte_-12.62842,(30m_current_body_pct >= 15.97 AND (1h_current_return_pct - 15m_current_return_pct) <= -12.63),ast,50.0,and_pair,[]
SF_AND_SF_30m_current_body_pct_gte_15.970929_SD_2h_current_return_pct_1h_current_return_pct_gte_13.61786,(30m_current_body_pct >= 15.97 AND (2h_current_return_pct - 1h_current_return_pct) >= 13.62),ast,50.0,and_pair,[]
SF_AND_SF_30m_current_body_pct_gte_15.970929_SF_15m_current_body_pct_gte_13.6371,(30m_current_body_pct >= 15.97 AND 15m_current_body_pct >= 13.64),ast,50.0,and_pair,[]
SF_AND_SF_30m_current_body_pct_gte_15.970929_SF_15m_current_body_pct_gte_9.0914,(30m_current_body_pct >= 15.97 AND 15m_current_body_pct >= 9.091),ast,50.0,and_pair,[]
SF_AND_SF_30m_current_body_pct_gte_15.970929_SF_15m_current_ma20_distance_pct_gte_17.364729,(30m_current_body_pct >= 15.97 AND 15m_current_ma20_distance_pct >= 17.36),ast,50.0,and_pair,[]
SF_AND_SF_30m_current_body_pct_gte_15.970929_SF_1h_current_ma20_distance_pct_gte_20.388471,(30m_current_body_pct >= 15.97 AND 1h_current_ma20_distance_pct >= 20.39),ast,50.0,and_pair,[]
SF_AND_SF_30m_current_body_pct_gte_15.970929_SF_2h_current_body_pct_gte_13.739943,(30m_current_body_pct >= 15.97 AND 2h_current_body_pct >= 13.74),ast,50.0,and_pair,[]
SF_AND_SF_30m_current_body_pct_gte_15.970929_SF_2h_current_range_pct_gte_14.964243,(30m_current_body_pct >= 15.97 AND 2h_current_range_pct >= 14.96),ast,50.0,and_pair,[]
SF_AND_SF_30m_current_body_pct_gte_15.970929_SF_2h_current_range_pct_gte_29.928486,(30m_current_body_pct >= 15.97 AND 2h_current_range_pct >= 29.93),ast,50.0,and_pair,[]
SF_AND_SF_30m_current_body_pct_gte_15.970929_SF_2h_current_range_pct_gte_44.892729,(30m_current_body_pct >= 15.97 AND 2h_current_range_pct >= 44.89),ast,50.0,and_pair,[]
SF_AND_SF_30m_current_body_pct_gte_15.970929_SF_2h_previous_body_pct_gte_27.479886,(30m_current_body_pct >= 15.97 AND 2h_previous_body_pct >= 27.48),ast,50.0,and_pair,[]
SF_AND_SF_30m_current_body_pct_gte_15.970929_SF_2h_previous_ma20_distance_pct_gte_65.594714,(30m_current_body_pct >= 15.97 AND 2h_previous_ma20_distance_pct >= 65.59),ast,50.0,and_pair,[]
SF_AND_SF_30m_current_body_pct_gte_15.970929_SF_2h_previous_return_pct_gte_26.298514,(30m_current_body_pct >= 15.97 AND 2h_previous_return_pct >= 26.3),ast,50.0,and_pair,[]
SF_AND_SF_30m_current_body_pct_gte_15.970929_SF_30m_current_body_pct_gte_10.647286,(30m_current_body_pct >= 15.97 AND 30m_current_body_pct >= 10.65),ast,50.0,and_pair,[]
SF_AND_SF_30m_current_body_pct_gte_15.970929_SF_30m_current_range_pct_gte_12.1684,(30m_current_body_pct >= 15.97 AND 30m_current_range_pct >= 12.17),ast,50.0,and_pair,[]
SF_AND_SF_30m_current_body_pct_gte_15.970929_SF_30m_current_range_pct_gte_22.8592,(30m_current_body_pct >= 15.97 AND 30m_current_range_pct >= 22.86),ast,50.0,and_pair,[]
SF_AND_SF_30m_current_body_pct_gte_15.970929_SF_30m_previous_ma20_distance_pct_gte_39.165157,(30m_current_body_pct >= 15.97 AND 30m_previous_ma20_distance_pct >= 39.17),ast,50.0,and_pair,[]
SF_AND_SF_30m_current_body_pct_gte_15.970929_SF_derived_range_expansion_gte_19.663914,(30m_current_body_pct >= 15.97 AND derived_range_expansion >= 19.66),ast,50.0,and_pair,[]
SF_AND_SF_30m_current_body_pct_gte_15.970929_SF_derived_range_expansion_gte_8.077786,(30m_current_body_pct >= 15.97 AND derived_range_expansion >= 8.078),ast,50.0,and_pair,[]
SF_AND_SF_30m_current_body_pct_gte_15.970929_SR_1h_current_range_pct_5m_compression_15262639999.999996,(30m_current_body_pct >= 15.97 AND 1h_current_range_pct/5m_compression >= 1.526e+10),ast,50.0,and_pair,[]
SF_AND_SF_30m_current_body_pct_gte_15.970929_SR_1h_current_range_pct_5m_compression_30525279999.999992,(30m_current_body_pct >= 15.97 AND 1h_current_range_pct/5m_compression >= 3.053e+10),ast,50.0,and_pair,[]
SF_AND_SF_30m_current_range_pct_gte_12.1684_SD_1h_current_body_pct_1h_previous_body_pct_gte_18.78308,(30m_current_range_pct >= 12.17 AND (1h_current_body_pct - 1h_previous_body_pct) >= 18.78),ast,50.0,and_pair,[]
SF_AND_SF_30m_current_range_pct_gte_12.1684_SD_1h_current_range_pct_1h_previous_range_pct_gte_5.76056,(30m_current_range_pct >= 12.17 AND (1h_current_range_pct - 1h_previous_range_pct) >= 5.761),ast,50.0,and_pair,[]
SF_AND_SF_30m_current_range_pct_gte_12.1684_SD_1h_current_return_pct_15m_current_return_pct_lte_-12.62842,(30m_current_range_pct >= 12.17 AND (1h_current_return_pct - 15m_current_return_pct) <= -12.63),ast,50.0,and_pair,[]
SF_AND_SF_30m_current_range_pct_gte_12.1684_SD_2h_current_return_pct_1h_current_return_pct_gte_13.61786,(30m_current_range_pct >= 12.17 AND (2h_current_return_pct - 1h_current_return_pct) >= 13.62),ast,50.0,and_pair,[]
SF_AND_SF_30m_current_range_pct_gte_12.1684_SF_15m_current_body_pct_gte_9.0914,(30m_current_range_pct >= 12.17 AND 15m_current_body_pct >= 9.091),ast,50.0,and_pair,[]
SF_AND_SF_30m_current_range_pct_gte_12.1684_SF_1h_current_ma20_distance_pct_gte_20.388471,(30m_current_range_pct >= 12.17 AND 1h_current_ma20_distance_pct >= 20.39),ast,50.0,and_pair,[]
SF_AND_SF_30m_current_range_pct_gte_12.1684_SF_2h_current_range_pct_gte_14.964243,(30m_current_range_pct >= 12.17 AND 2h_current_range_pct >= 14.96),ast,50.0,and_pair,[]
SF_AND_SF_30m_current_range_pct_gte_12.1684_SF_2h_previous_body_pct_gte_27.479886,(30m_current_range_pct >= 12.17 AND 2h_previous_body_pct >= 27.48),ast,50.0,and_pair,[]
SF_AND_SF_30m_current_range_pct_gte_12.1684_SF_2h_previous_return_pct_gte_26.298514,(30m_current_range_pct >= 12.17 AND 2h_previous_return_pct >= 26.3),ast,50.0,and_pair,[]
SF_AND_SF_30m_current_range_pct_gte_12.1684_SF_30m_current_body_pct_gte_10.647286,(30m_current_range_pct >= 12.17 AND 30m_current_body_pct >= 10.65),ast,50.0,and_pair,[]
SF_AND_SF_30m_current_range_pct_gte_12.1684_SF_30m_previous_ma20_distance_pct_gte_39.165157,(30m_current_range_pct >= 12.17 AND 30m_previous_ma20_distance_pct >= 39.17),ast,50.0,and_pair,[]
SF_AND_SF_30m_current_range_pct_gte_12.1684_SR_1h_current_range_pct_5m_compression_30525279999.999992,(30m_current_range_pct >= 12.17 AND 1h_current_range_pct/5m_compression >= 3.053e+10),ast,50.0,and_pair,[]
SF_AND_SF_30m_current_range_pct_gte_22.8592_SD_1h_current_body_pct_1h_previous_body_pct_gte_18.78308,(30m_current_range_pct >= 22.86 AND (1h_current_body_pct - 1h_previous_body_pct) >= 18.78),ast,50.0,and_pair,[]
SF_AND_SF_30m_current_range_pct_gte_22.8592_SD_1h_current_range_pct_1h_previous_range_pct_gte_5.76056,(30m_current_range_pct >= 22.86 AND (1h_current_range_pct - 1h_previous_range_pct) >= 5.761),ast,50.0,and_pair,[]
SF_AND_SF_30m_current_range_pct_gte_22.8592_SD_1h_current_return_pct_15m_current_return_pct_lte_-12.62842,(30m_current_range_pct >= 22.86 AND (1h_current_return_pct - 15m_current_return_pct) <= -12.63),ast,50.0,and_pair,[]
SF_AND_SF_30m_current_range_pct_gte_22.8592_SD_2h_current_return_pct_1h_current_return_pct_gte_13.61786,(30m_current_range_pct >= 22.86 AND (2h_current_return_pct - 1h_current_return_pct) >= 13.62),ast,50.0,and_pair,[]
SF_AND_SF_30m_current_range_pct_gte_22.8592_SF_15m_current_body_pct_gte_9.0914,(30m_current_range_pct >= 22.86 AND 15m_current_body_pct >= 9.091),ast,50.0,and_pair,[]
SF_AND_SF_30m_current_range_pct_gte_22.8592_SF_15m_current_ma20_distance_pct_gte_17.364729,(30m_current_range_pct >= 22.86 AND 15m_current_ma20_distance_pct >= 17.36),ast,50.0,and_pair,[]
SF_AND_SF_30m_current_range_pct_gte_22.8592_SF_1h_current_ma20_distance_pct_gte_20.388471,(30m_current_range_pct >= 22.86 AND 1h_current_ma20_distance_pct >= 20.39),ast,50.0,and_pair,[]
SF_AND_SF_30m_current_range_pct_gte_22.8592_SF_2h_current_range_pct_gte_14.964243,(30m_current_range_pct >= 22.86 AND 2h_current_range_pct >= 14.96),ast,50.0,and_pair,[]
SF_AND_SF_30m_current_range_pct_gte_22.8592_SF_2h_previous_body_pct_gte_27.479886,(30m_current_range_pct >= 22.86 AND 2h_previous_body_pct >= 27.48),ast,50.0,and_pair,[]
SF_AND_SF_30m_current_range_pct_gte_22.8592_SF_2h_previous_return_pct_gte_26.298514,(30m_current_range_pct >= 22.86 AND 2h_previous_return_pct >= 26.3),ast,50.0,and_pair,[]
SF_AND_SF_30m_current_range_pct_gte_22.8592_SF_30m_current_body_pct_gte_10.647286,(30m_current_range_pct >= 22.86 AND 30m_current_body_pct >= 10.65),ast,50.0,and_pair,[]
SF_AND_SF_30m_current_range_pct_gte_22.8592_SF_30m_current_range_pct_gte_12.1684,(30m_current_range_pct >= 22.86 AND 30m_current_range_pct >= 12.17),ast,50.0,and_pair,[]
SF_AND_SF_30m_current_range_pct_gte_22.8592_SF_30m_previous_ma20_distance_pct_gte_39.165157,(30m_current_range_pct >= 22.86 AND 30m_previous_ma20_distance_pct >= 39.17),ast,50.0,and_pair,[]
SF_AND_SF_30m_current_range_pct_gte_22.8592_SF_derived_range_expansion_gte_8.077786,(30m_current_range_pct >= 22.86 AND derived_range_expansion >= 8.078),ast,50.0,and_pair,[]
SF_AND_SF_30m_current_range_pct_gte_22.8592_SR_1h_current_range_pct_5m_compression_15262639999.999996,(30m_current_range_pct >= 22.86 AND 1h_current_range_pct/5m_compression >= 1.526e+10),ast,50.0,and_pair,[]
SF_AND_SF_30m_current_range_pct_gte_22.8592_SR_1h_current_range_pct_5m_compression_30525279999.999992,(30m_current_range_pct >= 22.86 AND 1h_current_range_pct/5m_compression >= 3.053e+10),ast,50.0,and_pair,[]
SF_AND_SF_30m_previous_ma20_distance_pct_gte_39.165157_SD_1h_current_body_pct_1h_previous_body_pct_gte_18.78308,(30m_previous_ma20_distance_pct >= 39.17 AND (1h_current_body_pct - 1h_previous_body_pct) >= 18.78),ast,50.0,and_pair,[]
SF_AND_SF_30m_previous_ma20_distance_pct_gte_39.165157_SD_1h_current_range_pct_1h_previous_range_pct_gte_5.76056,(30m_previous_ma20_distance_pct >= 39.17 AND (1h_current_range_pct - 1h_previous_range_pct) >= 5.761),ast,50.0,and_pair,[]
SF_AND_SF_30m_previous_ma20_distance_pct_gte_39.165157_SD_1h_current_return_pct_15m_current_return_pct_lte_-12.62842,(30m_previous_ma20_distance_pct >= 39.17 AND (1h_current_return_pct - 15m_current_return_pct) <= -12.63),ast,50.0,and_pair,[]
SF_AND_SF_30m_previous_ma20_distance_pct_gte_39.165157_SF_15m_current_body_pct_gte_9.0914,(30m_previous_ma20_distance_pct >= 39.17 AND 15m_current_body_pct >= 9.091),ast,50.0,and_pair,[]
SF_AND_SF_30m_previous_ma20_distance_pct_gte_39.165157_SF_2h_current_range_pct_gte_14.964243,(30m_previous_ma20_distance_pct >= 39.17 AND 2h_current_range_pct >= 14.96),ast,50.0,and_pair,[]
SF_AND_SF_30m_previous_ma20_distance_pct_gte_39.165157_SF_2h_previous_body_pct_gte_27.479886,(30m_previous_ma20_distance_pct >= 39.17 AND 2h_previous_body_pct >= 27.48),ast,50.0,and_pair,[]
SF_AND_SF_30m_previous_ma20_distance_pct_gte_39.165157_SF_2h_previous_return_pct_gte_26.298514,(30m_previous_ma20_distance_pct >= 39.17 AND 2h_previous_return_pct >= 26.3),ast,50.0,and_pair,[]
SF_AND_SF_30m_previous_ma20_distance_pct_gte_39.165157_SR_1h_current_range_pct_5m_compression_30525279999.999992,(30m_previous_ma20_distance_pct >= 39.17 AND 1h_current_range_pct/5m_compression >= 3.053e+10),ast,50.0,and_pair,[]
SF_AND_SF_derived_range_expansion_gte_19.663914_SD_1h_current_body_pct_1h_previous_body_pct_gte_18.78308,(derived_range_expansion >= 19.66 AND (1h_current_body_pct - 1h_previous_body_pct) >= 18.78),ast,50.0,and_pair,[]
SF_AND_SF_derived_range_expansion_gte_19.663914_SD_1h_current_range_pct_1h_previous_range_pct_gte_5.76056,(derived_range_expansion >= 19.66 AND (1h_current_range_pct - 1h_previous_range_pct) >= 5.761),ast,50.0,and_pair,[]
SF_AND_SF_derived_range_expansion_gte_19.663914_SD_1h_current_return_pct_15m_current_return_pct_lte_-12.62842,(derived_range_expansion >= 19.66 AND (1h_current_return_pct - 15m_current_return_pct) <= -12.63),ast,50.0,and_pair,[]
SF_AND_SF_derived_range_expansion_gte_19.663914_SD_2h_current_return_pct_1h_current_return_pct_gte_13.61786,(derived_range_expansion >= 19.66 AND (2h_current_return_pct - 1h_current_return_pct) >= 13.62),ast,50.0,and_pair,[]
SF_AND_SF_derived_range_expansion_gte_19.663914_SF_15m_current_body_pct_gte_13.6371,(derived_range_expansion >= 19.66 AND 15m_current_body_pct >= 13.64),ast,50.0,and_pair,[]
SF_AND_SF_derived_range_expansion_gte_19.663914_SF_15m_current_body_pct_gte_9.0914,(derived_range_expansion >= 19.66 AND 15m_current_body_pct >= 9.091),ast,50.0,and_pair,[]
SF_AND_SF_derived_range_expansion_gte_19.663914_SF_15m_current_ma20_distance_pct_gte_17.364729,(derived_range_expansion >= 19.66 AND 15m_current_ma20_distance_pct >= 17.36),ast,50.0,and_pair,[]
SF_AND_SF_derived_range_expansion_gte_19.663914_SF_1h_current_ma20_distance_pct_gte_20.388471,(derived_range_expansion >= 19.66 AND 1h_current_ma20_distance_pct >= 20.39),ast,50.0,and_pair,[]
SF_AND_SF_derived_range_expansion_gte_19.663914_SF_2h_current_body_pct_gte_13.739943,(derived_range_expansion >= 19.66 AND 2h_current_body_pct >= 13.74),ast,50.0,and_pair,[]
SF_AND_SF_derived_range_expansion_gte_19.663914_SF_2h_current_range_pct_gte_14.964243,(derived_range_expansion >= 19.66 AND 2h_current_range_pct >= 14.96),ast,50.0,and_pair,[]
SF_AND_SF_derived_range_expansion_gte_19.663914_SF_2h_current_range_pct_gte_29.928486,(derived_range_expansion >= 19.66 AND 2h_current_range_pct >= 29.93),ast,50.0,and_pair,[]
SF_AND_SF_derived_range_expansion_gte_19.663914_SF_2h_current_range_pct_gte_44.892729,(derived_range_expansion >= 19.66 AND 2h_current_range_pct >= 44.89),ast,50.0,and_pair,[]
SF_AND_SF_derived_range_expansion_gte_19.663914_SF_2h_previous_body_pct_gte_27.479886,(derived_range_expansion >= 19.66 AND 2h_previous_body_pct >= 27.48),ast,50.0,and_pair,[]
SF_AND_SF_derived_range_expansion_gte_19.663914_SF_2h_previous_ma20_distance_pct_gte_65.594714,(derived_range_expansion >= 19.66 AND 2h_previous_ma20_distance_pct >= 65.59),ast,50.0,and_pair,[]
SF_AND_SF_derived_range_expansion_gte_19.663914_SF_2h_previous_return_pct_gte_26.298514,(derived_range_expansion >= 19.66 AND 2h_previous_return_pct >= 26.3),ast,50.0,and_pair,[]
SF_AND_SF_derived_range_expansion_gte_19.663914_SF_30m_current_body_pct_gte_10.647286,(derived_range_expansion >= 19.66 AND 30m_current_body_pct >= 10.65),ast,50.0,and_pair,[]
SF_AND_SF_derived_range_expansion_gte_19.663914_SF_30m_current_range_pct_gte_12.1684,(derived_range_expansion >= 19.66 AND 30m_current_range_pct >= 12.17),ast,50.0,and_pair,[]
SF_AND_SF_derived_range_expansion_gte_19.663914_SF_30m_current_range_pct_gte_22.8592,(derived_range_expansion >= 19.66 AND 30m_current_range_pct >= 22.86),ast,50.0,and_pair,[]
SF_AND_SF_derived_range_expansion_gte_19.663914_SF_30m_previous_ma20_distance_pct_gte_39.165157,(derived_range_expansion >= 19.66 AND 30m_previous_ma20_distance_pct >= 39.17),ast,50.0,and_pair,[]
SF_AND_SF_derived_range_expansion_gte_19.663914_SF_derived_range_expansion_gte_8.077786,(derived_range_expansion >= 19.66 AND derived_range_expansion >= 8.078),ast,50.0,and_pair,[]
SF_AND_SF_derived_range_expansion_gte_19.663914_SR_1h_current_range_pct_5m_compression_15262639999.999996,(derived_range_expansion >= 19.66 AND 1h_current_range_pct/5m_compression >= 1.526e+10),ast,50.0,and_pair,[]
SF_AND_SF_derived_range_expansion_gte_19.663914_SR_1h_current_range_pct_5m_compression_30525279999.999992,(derived_range_expansion >= 19.66 AND 1h_current_range_pct/5m_compression >= 3.053e+10),ast,50.0,and_pair,[]
SF_AND_SF_derived_range_expansion_gte_8.077786_SD_1h_current_body_pct_1h_previous_body_pct_gte_18.78308,(derived_range_expansion >= 8.078 AND (1h_current_body_pct - 1h_previous_body_pct) >= 18.78),ast,50.0,and_pair,[]
SF_AND_SF_derived_range_expansion_gte_8.077786_SD_1h_current_range_pct_1h_previous_range_pct_gte_5.76056,(derived_range_expansion >= 8.078 AND (1h_current_range_pct - 1h_previous_range_pct) >= 5.761),ast,50.0,and_pair,[]
SF_AND_SF_derived_range_expansion_gte_8.077786_SD_1h_current_return_pct_15m_current_return_pct_lte_-12.62842,(derived_range_expansion >= 8.078 AND (1h_current_return_pct - 15m_current_return_pct) <= -12.63),ast,50.0,and_pair,[]
SF_AND_SF_derived_range_expansion_gte_8.077786_SD_2h_current_return_pct_1h_current_return_pct_gte_13.61786,(derived_range_expansion >= 8.078 AND (2h_current_return_pct - 1h_current_return_pct) >= 13.62),ast,50.0,and_pair,[]
SF_AND_SF_derived_range_expansion_gte_8.077786_SF_15m_current_body_pct_gte_9.0914,(derived_range_expansion >= 8.078 AND 15m_current_body_pct >= 9.091),ast,50.0,and_pair,[]
SF_AND_SF_derived_range_expansion_gte_8.077786_SF_1h_current_ma20_distance_pct_gte_20.388471,(derived_range_expansion >= 8.078 AND 1h_current_ma20_distance_pct >= 20.39),ast,50.0,and_pair,[]
SF_AND_SF_derived_range_expansion_gte_8.077786_SF_2h_current_range_pct_gte_14.964243,(derived_range_expansion >= 8.078 AND 2h_current_range_pct >= 14.96),ast,50.0,and_pair,[]
SF_AND_SF_derived_range_expansion_gte_8.077786_SF_2h_previous_body_pct_gte_27.479886,(derived_range_expansion >= 8.078 AND 2h_previous_body_pct >= 27.48),ast,50.0,and_pair,[]
SF_AND_SF_derived_range_expansion_gte_8.077786_SF_2h_previous_return_pct_gte_26.298514,(derived_range_expansion >= 8.078 AND 2h_previous_return_pct >= 26.3),ast,50.0,and_pair,[]
SF_AND_SF_derived_range_expansion_gte_8.077786_SF_30m_current_body_pct_gte_10.647286,(derived_range_expansion >= 8.078 AND 30m_current_body_pct >= 10.65),ast,50.0,and_pair,[]
SF_AND_SF_derived_range_expansion_gte_8.077786_SF_30m_current_range_pct_gte_12.1684,(derived_range_expansion >= 8.078 AND 30m_current_range_pct >= 12.17),ast,50.0,and_pair,[]
SF_AND_SF_derived_range_expansion_gte_8.077786_SF_30m_previous_ma20_distance_pct_gte_39.165157,(derived_range_expansion >= 8.078 AND 30m_previous_ma20_distance_pct >= 39.17),ast,50.0,and_pair,[]
SF_AND_SF_derived_range_expansion_gte_8.077786_SR_1h_current_range_pct_5m_compression_15262639999.999996,(derived_range_expansion >= 8.078 AND 1h_current_range_pct/5m_compression >= 1.526e+10),ast,50.0,and_pair,[]
SF_AND_SF_derived_range_expansion_gte_8.077786_SR_1h_current_range_pct_5m_compression_30525279999.999992,(derived_range_expansion >= 8.078 AND 1h_current_range_pct/5m_compression >= 3.053e+10),ast,50.0,and_pair,[]
SF_AND_SR_1h_current_range_pct_5m_compression_15262639999.999996_SD_1h_current_body_pct_1h_previous_body_pct_gte_18.78308,(1h_current_range_pct/5m_compression >= 1.526e+10 AND (1h_current_body_pct - 1h_previous_body_pct) >= 18.78),ast,50.0,and_pair,[]
SF_AND_SR_1h_current_range_pct_5m_compression_15262639999.999996_SD_1h_current_range_pct_1h_previous_range_pct_gte_5.76056,(1h_current_range_pct/5m_compression >= 1.526e+10 AND (1h_current_range_pct - 1h_previous_range_pct) >= 5.761),ast,50.0,and_pair,[]
SF_AND_SR_1h_current_range_pct_5m_compression_15262639999.999996_SD_1h_current_return_pct_15m_current_return_pct_lte_-12.62842,(1h_current_range_pct/5m_compression >= 1.526e+10 AND (1h_current_return_pct - 15m_current_return_pct) <= -12.63),ast,50.0,and_pair,[]
SF_AND_SR_1h_current_range_pct_5m_compression_15262639999.999996_SD_2h_current_return_pct_1h_current_return_pct_gte_13.61786,(1h_current_range_pct/5m_compression >= 1.526e+10 AND (2h_current_return_pct - 1h_current_return_pct) >= 13.62),ast,50.0,and_pair,[]
SF_AND_SR_1h_current_range_pct_5m_compression_15262639999.999996_SF_15m_current_body_pct_gte_9.0914,(1h_current_range_pct/5m_compression >= 1.526e+10 AND 15m_current_body_pct >= 9.091),ast,50.0,and_pair,[]
SF_AND_SR_1h_current_range_pct_5m_compression_15262639999.999996_SF_1h_current_ma20_distance_pct_gte_20.388471,(1h_current_range_pct/5m_compression >= 1.526e+10 AND 1h_current_ma20_distance_pct >= 20.39),ast,50.0,and_pair,[]
SF_AND_SR_1h_current_range_pct_5m_compression_15262639999.999996_SF_2h_current_range_pct_gte_14.964243,(1h_current_range_pct/5m_compression >= 1.526e+10 AND 2h_current_range_pct >= 14.96),ast,50.0,and_pair,[]
SF_AND_SR_1h_current_range_pct_5m_compression_15262639999.999996_SF_2h_previous_body_pct_gte_27.479886,(1h_current_range_pct/5m_compression >= 1.526e+10 AND 2h_previous_body_pct >= 27.48),ast,50.0,and_pair,[]
SF_AND_SR_1h_current_range_pct_5m_compression_15262639999.999996_SF_2h_previous_return_pct_gte_26.298514,(1h_current_range_pct/5m_compression >= 1.526e+10 AND 2h_previous_return_pct >= 26.3),ast,50.0,and_pair,[]
SF_AND_SR_1h_current_range_pct_5m_compression_15262639999.999996_SF_30m_current_body_pct_gte_10.647286,(1h_current_range_pct/5m_compression >= 1.526e+10 AND 30m_current_body_pct >= 10.65),ast,50.0,and_pair,[]
SF_AND_SR_1h_current_range_pct_5m_compression_15262639999.999996_SF_30m_current_range_pct_gte_12.1684,(1h_current_range_pct/5m_compression >= 1.526e+10 AND 30m_current_range_pct >= 12.17),ast,50.0,and_pair,[]
SF_AND_SR_1h_current_range_pct_5m_compression_15262639999.999996_SF_30m_previous_ma20_distance_pct_gte_39.165157,(1h_current_range_pct/5m_compression >= 1.526e+10 AND 30m_previous_ma20_distance_pct >= 39.17),ast,50.0,and_pair,[]
SF_AND_SR_1h_current_range_pct_5m_compression_15262639999.999996_SR_1h_current_range_pct_5m_compression_30525279999.999992,(1h_current_range_pct/5m_compression >= 1.526e+10 AND 1h_current_range_pct/5m_compression >= 3.053e+10),ast,50.0,and_pair,[]
SF_AND_SR_1h_current_range_pct_5m_compression_30525279999.999992_SD_1h_current_return_pct_15m_current_return_pct_lte_-12.62842,(1h_current_range_pct/5m_compression >= 3.053e+10 AND (1h_current_return_pct - 15m_current_return_pct) <= -12.63),ast,50.0,and_pair,[]
SF_AND_SR_1h_current_range_pct_5m_compression_30525279999.999992_SF_2h_current_range_pct_gte_14.964243,(1h_current_range_pct/5m_compression >= 3.053e+10 AND 2h_current_range_pct >= 14.96),ast,50.0,and_pair,[]
SF_ATOM_0,1h_current_return_pct >= 18.08,ast,50.0,atom,[]
SF_ATOM_1,(1h_current_return_pct - 15m_current_return_pct) >= 9.241,ast,50.0,atom,[]
SF_ATOM_10,2h_previous_body_pct >= 34.35,ast,50.0,atom,[]
SF_ATOM_11,30m_current_body_pct >= 15.97,ast,50.0,atom,[]
SF_ATOM_12,derived_range_expansion >= 19.66,ast,50.0,atom,[]
SF_ATOM_13,2h_current_range_pct >= 29.93,ast,50.0,atom,[]
SF_ATOM_14,15m_current_body_pct >= 13.64,ast,50.0,atom,[]
SF_ATOM_15,2h_current_body_pct >= 13.74,ast,50.0,atom,[]
SF_ATOM_16,2h_current_range_pct >= 44.89,ast,50.0,atom,[]
SF_ATOM_17,2h_previous_ma20_distance_pct >= 65.59,ast,50.0,atom,[]
SF_ATOM_18,30m_current_range_pct >= 22.86,ast,50.0,atom,[]
SF_ATOM_19,15m_current_ma20_distance_pct >= 17.36,ast,50.0,atom,[]
SF_ATOM_2,15m_current_return_pct >= 10.13,ast,50.0,atom,[]
SF_ATOM_20,derived_range_expansion >= 8.078,ast,50.0,atom,[]
SF_ATOM_21,1h_current_range_pct/5m_compression >= 1.526e+10,ast,50.0,atom,[]
SF_ATOM_22,30m_current_range_pct >= 12.17,ast,50.0,atom,[]
SF_ATOM_23,1h_current_ma20_distance_pct >= 20.39,ast,50.0,atom,[]
SF_ATOM_24,30m_current_body_pct >= 10.65,ast,50.0,atom,[]
SF_ATOM_25,(2h_current_return_pct - 1h_current_return_pct) >= 13.62,ast,50.0,atom,[]
SF_ATOM_26,30m_previous_ma20_distance_pct >= 39.17,ast,50.0,atom,[]
SF_ATOM_27,(1h_current_body_pct - 1h_previous_body_pct) >= 18.78,ast,50.0,atom,[]
SF_ATOM_28,2h_previous_return_pct >= 26.3,ast,50.0,atom,[]
SF_ATOM_29,15m_current_body_pct >= 9.091,ast,50.0,atom,[]
SF_ATOM_3,1h_current_return_pct >= 8.969,ast,50.0,atom,[]
SF_ATOM_30,(1h_current_range_pct - 1h_previous_range_pct) >= 5.761,ast,50.0,atom,[]
SF_ATOM_31,2h_previous_body_pct >= 27.48,ast,50.0,atom,[]
SF_ATOM_32,1h_current_range_pct/5m_compression >= 3.053e+10,ast,50.0,atom,[]
SF_ATOM_33,2h_current_range_pct >= 14.96,ast,50.0,atom,[]
SF_ATOM_34,(1h_current_return_pct - 15m_current_return_pct) <= -12.63,ast,50.0,atom,[]
SF_ATOM_35,1h_previous_range_pct >= 19.58,ast,50.0,atom,[]
SF_ATOM_36,2h_previous_body_pct >= 20.61,ast,50.0,atom,[]
SF_ATOM_37,5m_seq_body_energy_6 >= 8.052,ast,50.0,atom,[]
SF_ATOM_38,30m_previous_ma20_distance_pct >= 26.88,ast,50.0,atom,[]
SF_ATOM_39,5m_seq_return_sum_6 >= 11.45,ast,50.0,atom,[]
SF_ATOM_4,2h_current_body_pct >= 27.48,ast,50.0,atom,[]
SF_ATOM_40,15m_current_ma20_distance_pct >= 7.979,ast,50.0,atom,[]
SF_ATOM_41,1h_current_volume_ratio >= 17.96,ast,50.0,atom,[]
SF_ATOM_42,15m_current_range_pct >= 16.74,ast,50.0,atom,[]
SF_ATOM_43,30m_previous_ma20_distance_pct <= -9.972,ast,50.0,atom,[]
SF_ATOM_44,1h_previous_return_pct >= 11.54,ast,50.0,atom,[]
SF_ATOM_45,30m_current_body_pct >= 5.324,ast,50.0,atom,[]
SF_ATOM_46,1h_previous_range_pct >= 26.11,ast,50.0,atom,[]
SF_ATOM_47,(1h_current_body_pct - 1h_previous_body_pct) >= 3.969,ast,50.0,atom,[]
SF_ATOM_48,1h_previous_range_pct >= 32.64,ast,50.0,atom,[]
SF_ATOM_49,15m_current_range_pct >= 9.108,ast,50.0,atom,[]
SF_ATOM_5,15m_current_ma20_distance_pct >= 26.75,ast,50.0,atom,[]
SF_ATOM_50,15m_current_return_pct >= 2.897,ast,50.0,atom,[]
SF_ATOM_51,2h_current_volume_ratio >= 25.01,ast,50.0,atom,[]
SF_ATOM_52,(2h_current_return_pct - 1h_current_return_pct) <= -13.46,ast,50.0,atom,[]
SF_ATOM_53,2h_previous_ma20_distance_pct >= 42.03,ast,50.0,atom,[]
SF_ATOM_54,30m_previous_range_pct >= 15.54,ast,50.0,atom,[]
SF_ATOM_55,1h_previous_body_pct >= 11.63,ast,50.0,atom,[]
SF_ATOM_56,rank(1h_current_return_pct) >= 0.9,ast,50.0,atom,[]
SF_ATOM_57,1h_previous_body_pct >= 17.44,ast,50.0,atom,[]
SF_ATOM_58,15m_previous_range_pct >= 7.976,ast,50.0,atom,[]
SF_ATOM_59,rank(1h_current_ma20_distance_pct) >= 0.9,ast,50.0,atom,[]
SF_ATOM_6,(1h_current_range_pct - 1h_previous_range_pct) >= 21.98,ast,50.0,atom,[]
SF_ATOM_60,5m_seq_body_energy_6 >= 5.368,ast,50.0,atom,[]
SF_ATOM_61,2h_previous_return_pct >= 15.4,ast,50.0,atom,[]
SF_ATOM_62,30m_previous_range_pct >= 20.61,ast,50.0,atom,[]
SF_ATOM_63,2h_current_body_pct >= 6.87,ast,50.0,atom,[]
SF_ATOM_64,2h_previous_body_pct >= 13.74,ast,50.0,atom,[]
SF_ATOM_65,15m_current_body_pct >= 4.546,ast,50.0,atom,[]
SF_ATOM_66,30m_previous_range_pct >= 10.48,ast,50.0,atom,[]
SF_ATOM_67,30m_previous_ma20_distance_pct >= 14.6,ast,50.0,atom,[]
SF_ATOM_68,rank(1h_current_range_pct) >= 0.9,ast,50.0,atom,[]
SF_ATOM_69,1h_previous_range_pct >= 13.05,ast,50.0,atom,[]
SF_ATOM_7,1h_current_ma20_distance_pct >= 51.02,ast,50.0,atom,[]
SF_ATOM_70,15m_previous_range_pct >= 11.88,ast,50.0,atom,[]
SF_ATOM_71,(1h_current_body_pct - 1h_previous_body_pct) <= -10.85,ast,50.0,atom,[]
SF_ATOM_72,derived_volume_ratio >= 23.2,ast,50.0,atom,[]
SF_ATOM_73,1h_previous_volume_ratio >= 29.02,ast,50.0,atom,[]
SF_ATOM_74,15m_current_volume_ratio >= 23.2,ast,50.0,atom,[]
SF_ATOM_75,rank(2h_current_return_pct) >= 0.9,ast,50.0,atom,[]
SF_ATOM_76,rank(1h_current_body_pct) >= 0.9,ast,50.0,atom,[]
SF_ATOM_77,15m_previous_range_pct >= 4.075,ast,50.0,atom,[]
SF_ATOM_78,1h_previous_return_pct <= -7.892,ast,50.0,atom,[]
SF_ATOM_79,2h_previous_ma20_distance_pct >= 18.46,ast,50.0,atom,[]
SF_ATOM_8,1h_current_ma20_distance_pct >= 35.71,ast,50.0,atom,[]
SF_ATOM_9,2h_current_body_pct >= 20.61,ast,50.0,atom,[]
SF_LIN2_15m_current_compression_15m_current_return_pct_1.0_0.5,linear(15m_current_compression*1.0+15m_current_return_pct*0.5),linear,50.0,linear_pair,"[('15m_current_compression', 1.0), ('15m_current_return_pct', 0.5)]"
SF_LIN2_15m_current_compression_15m_current_return_pct_1.0_1.0,linear(15m_current_compression*1.0+15m_current_return_pct*1.0),linear,50.0,linear_pair,"[('15m_current_compression', 1.0), ('15m_current_return_pct', 1.0)]"
SF_LIN2_15m_current_compression_15m_current_return_pct_1.0_1.5,linear(15m_current_compression*1.0+15m_current_return_pct*1.5),linear,50.0,linear_pair,"[('15m_current_compression', 1.0), ('15m_current_return_pct', 1.5)]"
SF_LIN2_15m_current_compression_15m_current_return_pct_2.0_0.5,linear(15m_current_compression*2.0+15m_current_return_pct*0.5),linear,50.0,linear_pair,"[('15m_current_compression', 2.0), ('15m_current_return_pct', 0.5)]"
SF_LIN2_15m_current_compression_15m_current_return_pct_2.0_1.0,linear(15m_current_compression*2.0+15m_current_return_pct*1.0),linear,50.0,linear_pair,"[('15m_current_compression', 2.0), ('15m_current_return_pct', 1.0)]"
SF_LIN2_15m_current_compression_15m_current_return_pct_2.0_1.5,linear(15m_current_compression*2.0+15m_current_return_pct*1.5),linear,50.0,linear_pair,"[('15m_current_compression', 2.0), ('15m_current_return_pct', 1.5)]"
SF_LIN2_15m_current_compression_1h_current_volume_ratio_1.0_0.5,linear(15m_current_compression*1.0+1h_current_volume_ratio*0.5),linear,50.0,linear_pair,"[('15m_current_compression', 1.0), ('1h_current_volume_ratio', 0.5)]"
SF_LIN2_15m_current_compression_1h_current_volume_ratio_1.0_1.0,linear(15m_current_compression*1.0+1h_current_volume_ratio*1.0),linear,50.0,linear_pair,"[('15m_current_compression', 1.0), ('1h_current_volume_ratio', 1.0)]"
SF_LIN2_15m_current_compression_1h_current_volume_ratio_1.0_1.5,linear(15m_current_compression*1.0+1h_current_volume_ratio*1.5),linear,50.0,linear_pair,"[('15m_current_compression', 1.0), ('1h_current_volume_ratio', 1.5)]"
SF_LIN2_15m_current_compression_1h_current_volume_ratio_2.0_0.5,linear(15m_current_compression*2.0+1h_current_volume_ratio*0.5),linear,50.0,linear_pair,"[('15m_current_compression', 2.0), ('1h_current_volume_ratio', 0.5)]"
SF_LIN2_15m_current_compression_1h_current_volume_ratio_2.0_1.0,linear(15m_current_compression*2.0+1h_current_volume_ratio*1.0),linear,50.0,linear_pair,"[('15m_current_compression', 2.0), ('1h_current_volume_ratio', 1.0)]"
SF_LIN2_15m_current_compression_1h_current_volume_ratio_2.0_1.5,linear(15m_current_compression*2.0+1h_current_volume_ratio*1.5),linear,50.0,linear_pair,"[('15m_current_compression', 2.0), ('1h_current_volume_ratio', 1.5)]"
SF_LIN2_15m_current_compression_1h_previous_range_pct_1.0_0.5,linear(15m_current_compression*1.0+1h_previous_range_pct*0.5),linear,50.0,linear_pair,"[('15m_current_compression', 1.0), ('1h_previous_range_pct', 0.5)]"
SF_LIN2_15m_current_compression_1h_previous_range_pct_1.0_1.0,linear(15m_current_compression*1.0+1h_previous_range_pct*1.0),linear,50.0,linear_pair,"[('15m_current_compression', 1.0), ('1h_previous_range_pct', 1.0)]"
SF_LIN2_15m_current_compression_1h_previous_range_pct_1.0_1.5,linear(15m_current_compression*1.0+1h_previous_range_pct*1.5),linear,50.0,linear_pair,"[('15m_current_compression', 1.0), ('1h_previous_range_pct', 1.5)]"
SF_LIN2_15m_current_compression_1h_previous_range_pct_2.0_0.5,linear(15m_current_compression*2.0+1h_previous_range_pct*0.5),linear,50.0,linear_pair,"[('15m_current_compression', 2.0), ('1h_previous_range_pct', 0.5)]"
SF_LIN2_15m_current_compression_1h_previous_range_pct_2.0_1.0,linear(15m_current_compression*2.0+1h_previous_range_pct*1.0),linear,50.0,linear_pair,"[('15m_current_compression', 2.0), ('1h_previous_range_pct', 1.0)]"
SF_LIN2_15m_current_compression_1h_previous_range_pct_2.0_1.5,linear(15m_current_compression*2.0+1h_previous_range_pct*1.5),linear,50.0,linear_pair,"[('15m_current_compression', 2.0), ('1h_previous_range_pct', 1.5)]"
SF_LIN2_15m_current_compression_2h_current_compression_1.0_0.5,linear(15m_current_compression*1.0+2h_current_compression*0.5),linear,50.0,linear_pair,"[('15m_current_compression', 1.0), ('2h_current_compression', 0.5)]"
SF_LIN2_15m_current_compression_2h_current_compression_1.0_1.0,linear(15m_current_compression*1.0+2h_current_compression*1.0),linear,50.0,linear_pair,"[('15m_current_compression', 1.0), ('2h_current_compression', 1.0)]"
SF_LIN2_15m_current_compression_2h_current_compression_1.0_1.5,linear(15m_current_compression*1.0+2h_current_compression*1.5),linear,50.0,linear_pair,"[('15m_current_compression', 1.0), ('2h_current_compression', 1.5)]"
SF_LIN2_15m_current_compression_2h_current_compression_2.0_0.5,linear(15m_current_compression*2.0+2h_current_compression*0.5),linear,50.0,linear_pair,"[('15m_current_compression', 2.0), ('2h_current_compression', 0.5)]"
SF_LIN2_15m_current_compression_2h_current_compression_2.0_1.0,linear(15m_current_compression*2.0+2h_current_compression*1.0),linear,50.0,linear_pair,"[('15m_current_compression', 2.0), ('2h_current_compression', 1.0)]"
SF_LIN2_15m_current_compression_2h_current_compression_2.0_1.5,linear(15m_current_compression*2.0+2h_current_compression*1.5),linear,50.0,linear_pair,"[('15m_current_compression', 2.0), ('2h_current_compression', 1.5)]"
SF_LIN2_15m_current_compression_2h_current_range_pct_1.0_0.5,linear(15m_current_compression*1.0+2h_current_range_pct*0.5),linear,50.0,linear_pair,"[('15m_current_compression', 1.0), ('2h_current_range_pct', 0.5)]"
SF_LIN2_15m_current_compression_2h_current_range_pct_1.0_1.0,linear(15m_current_compression*1.0+2h_current_range_pct*1.0),linear,50.0,linear_pair,"[('15m_current_compression', 1.0), ('2h_current_range_pct', 1.0)]"
SF_LIN2_15m_current_compression_2h_current_range_pct_1.0_1.5,linear(15m_current_compression*1.0+2h_current_range_pct*1.5),linear,50.0,linear_pair,"[('15m_current_compression', 1.0), ('2h_current_range_pct', 1.5)]"
SF_LIN2_15m_current_compression_2h_current_range_pct_2.0_0.5,linear(15m_current_compression*2.0+2h_current_range_pct*0.5),linear,50.0,linear_pair,"[('15m_current_compression', 2.0), ('2h_current_range_pct', 0.5)]"
SF_LIN2_15m_current_compression_2h_current_range_pct_2.0_1.0,linear(15m_current_compression*2.0+2h_current_range_pct*1.0),linear,50.0,linear_pair,"[('15m_current_compression', 2.0), ('2h_current_range_pct', 1.0)]"
SF_LIN2_15m_current_compression_2h_current_range_pct_2.0_1.5,linear(15m_current_compression*2.0+2h_current_range_pct*1.5),linear,50.0,linear_pair,"[('15m_current_compression', 2.0), ('2h_current_range_pct', 1.5)]"
SF_LIN2_15m_current_compression_30m_current_body_pct_1.0_0.5,linear(15m_current_compression*1.0+30m_current_body_pct*0.5),linear,50.0,linear_pair,"[('15m_current_compression', 1.0), ('30m_current_body_pct', 0.5)]"
SF_LIN2_15m_current_compression_30m_current_body_pct_1.0_1.0,linear(15m_current_compression*1.0+30m_current_body_pct*1.0),linear,50.0,linear_pair,"[('15m_current_compression', 1.0), ('30m_current_body_pct', 1.0)]"
SF_LIN2_15m_current_compression_30m_current_body_pct_1.0_1.5,linear(15m_current_compression*1.0+30m_current_body_pct*1.5),linear,50.0,linear_pair,"[('15m_current_compression', 1.0), ('30m_current_body_pct', 1.5)]"
SF_LIN2_15m_current_compression_30m_current_body_pct_2.0_0.5,linear(15m_current_compression*2.0+30m_current_body_pct*0.5),linear,50.0,linear_pair,"[('15m_current_compression', 2.0), ('30m_current_body_pct', 0.5)]"
SF_LIN2_15m_current_compression_30m_current_body_pct_2.0_1.0,linear(15m_current_compression*2.0+30m_current_body_pct*1.0),linear,50.0,linear_pair,"[('15m_current_compression', 2.0), ('30m_current_body_pct', 1.0)]"
SF_LIN2_15m_current_compression_30m_current_body_pct_2.0_1.5,linear(15m_current_compression*2.0+30m_current_body_pct*1.5),linear,50.0,linear_pair,"[('15m_current_compression', 2.0), ('30m_current_body_pct', 1.5)]"
SF_LIN2_15m_current_compression_5m_range_energy_1.0_0.5,linear(15m_current_compression*1.0+5m_range_energy*0.5),linear,50.0,linear_pair,"[('15m_current_compression', 1.0), ('5m_range_energy', 0.5)]"
SF_LIN2_15m_current_compression_5m_range_energy_1.0_1.0,linear(15m_current_compression*1.0+5m_range_energy*1.0),linear,50.0,linear_pair,"[('15m_current_compression', 1.0), ('5m_range_energy', 1.0)]"
SF_LIN2_15m_current_compression_5m_range_energy_1.0_1.5,linear(15m_current_compression*1.0+5m_range_energy*1.5),linear,50.0,linear_pair,"[('15m_current_compression', 1.0), ('5m_range_energy', 1.5)]"
SF_LIN2_15m_current_compression_5m_range_energy_2.0_0.5,linear(15m_current_compression*2.0+5m_range_energy*0.5),linear,50.0,linear_pair,"[('15m_current_compression', 2.0), ('5m_range_energy', 0.5)]"
SF_LIN2_15m_current_compression_5m_range_energy_2.0_1.0,linear(15m_current_compression*2.0+5m_range_energy*1.0),linear,50.0,linear_pair,"[('15m_current_compression', 2.0), ('5m_range_energy', 1.0)]"
SF_LIN2_15m_current_compression_5m_range_energy_2.0_1.5,linear(15m_current_compression*2.0+5m_range_energy*1.5),linear,50.0,linear_pair,"[('15m_current_compression', 2.0), ('5m_range_energy', 1.5)]"
SF_LIN2_15m_current_compression_5m_seq_high_break_6_1.0_0.5,linear(15m_current_compression*1.0+5m_seq_high_break_6*0.5),linear,50.0,linear_pair,"[('15m_current_compression', 1.0), ('5m_seq_high_break_6', 0.5)]"
SF_LIN2_15m_current_compression_5m_seq_high_break_6_1.0_1.0,linear(15m_current_compression*1.0+5m_seq_high_break_6*1.0),linear,50.0,linear_pair,"[('15m_current_compression', 1.0), ('5m_seq_high_break_6', 1.0)]"
SF_LIN2_15m_current_compression_5m_seq_high_break_6_1.0_1.5,linear(15m_current_compression*1.0+5m_seq_high_break_6*1.5),linear,50.0,linear_pair,"[('15m_current_compression', 1.0), ('5m_seq_high_break_6', 1.5)]"
SF_LIN2_15m_current_compression_5m_seq_high_break_6_2.0_0.5,linear(15m_current_compression*2.0+5m_seq_high_break_6*0.5),linear,50.0,linear_pair,"[('15m_current_compression', 2.0), ('5m_seq_high_break_6', 0.5)]"
SF_LIN2_15m_current_compression_5m_seq_high_break_6_2.0_1.0,linear(15m_current_compression*2.0+5m_seq_high_break_6*1.0),linear,50.0,linear_pair,"[('15m_current_compression', 2.0), ('5m_seq_high_break_6', 1.0)]"
SF_LIN2_15m_current_compression_5m_seq_high_break_6_2.0_1.5,linear(15m_current_compression*2.0+5m_seq_high_break_6*1.5),linear,50.0,linear_pair,"[('15m_current_compression', 2.0), ('5m_seq_high_break_6', 1.5)]"
SF_LIN2_15m_current_return_pct_5m_range_energy_1.0_0.5,linear(15m_current_return_pct*1.0+5m_range_energy*0.5),linear,50.0,linear_pair,"[('15m_current_return_pct', 1.0), ('5m_range_energy', 0.5)]"
SF_LIN2_15m_current_return_pct_5m_range_energy_1.0_1.0,linear(15m_current_return_pct*1.0+5m_range_energy*1.0),linear,50.0,linear_pair,"[('15m_current_return_pct', 1.0), ('5m_range_energy', 1.0)]"
SF_LIN2_15m_current_return_pct_5m_range_energy_1.0_1.5,linear(15m_current_return_pct*1.0+5m_range_energy*1.5),linear,50.0,linear_pair,"[('15m_current_return_pct', 1.0), ('5m_range_energy', 1.5)]"
SF_LIN2_15m_current_return_pct_5m_range_energy_2.0_0.5,linear(15m_current_return_pct*2.0+5m_range_energy*0.5),linear,50.0,linear_pair,"[('15m_current_return_pct', 2.0), ('5m_range_energy', 0.5)]"
SF_LIN2_15m_current_return_pct_5m_range_energy_2.0_1.0,linear(15m_current_return_pct*2.0+5m_range_energy*1.0),linear,50.0,linear_pair,"[('15m_current_return_pct', 2.0), ('5m_range_energy', 1.0)]"
SF_LIN2_15m_current_return_pct_5m_range_energy_2.0_1.5,linear(15m_current_return_pct*2.0+5m_range_energy*1.5),linear,50.0,linear_pair,"[('15m_current_return_pct', 2.0), ('5m_range_energy', 1.5)]"
SF_LIN2_15m_previous_compression_15m_current_compression_1.0_0.5,linear(15m_previous_compression*1.0+15m_current_compression*0.5),linear,50.0,linear_pair,"[('15m_previous_compression', 1.0), ('15m_current_compression', 0.5)]"
SF_LIN2_15m_previous_compression_15m_current_compression_1.0_1.0,linear(15m_previous_compression*1.0+15m_current_compression*1.0),linear,50.0,linear_pair,"[('15m_previous_compression', 1.0), ('15m_current_compression', 1.0)]"
SF_LIN2_15m_previous_compression_15m_current_compression_1.0_1.5,linear(15m_previous_compression*1.0+15m_current_compression*1.5),linear,50.0,linear_pair,"[('15m_previous_compression', 1.0), ('15m_current_compression', 1.5)]"
SF_LIN2_15m_previous_compression_15m_current_compression_2.0_0.5,linear(15m_previous_compression*2.0+15m_current_compression*0.5),linear,50.0,linear_pair,"[('15m_previous_compression', 2.0), ('15m_current_compression', 0.5)]"
SF_LIN2_15m_previous_compression_15m_current_compression_2.0_1.0,linear(15m_previous_compression*2.0+15m_current_compression*1.0),linear,50.0,linear_pair,"[('15m_previous_compression', 2.0), ('15m_current_compression', 1.0)]"
SF_LIN2_15m_previous_compression_15m_current_compression_2.0_1.5,linear(15m_previous_compression*2.0+15m_current_compression*1.5),linear,50.0,linear_pair,"[('15m_previous_compression', 2.0), ('15m_current_compression', 1.5)]"
SF_LIN2_15m_previous_compression_15m_current_return_pct_1.0_0.5,linear(15m_previous_compression*1.0+15m_current_return_pct*0.5),linear,50.0,linear_pair,"[('15m_previous_compression', 1.0), ('15m_current_return_pct', 0.5)]"
SF_LIN2_15m_previous_compression_15m_current_return_pct_1.0_1.0,linear(15m_previous_compression*1.0+15m_current_return_pct*1.0),linear,50.0,linear_pair,"[('15m_previous_compression', 1.0), ('15m_current_return_pct', 1.0)]"
SF_LIN2_15m_previous_compression_15m_current_return_pct_1.0_1.5,linear(15m_previous_compression*1.0+15m_current_return_pct*1.5),linear,50.0,linear_pair,"[('15m_previous_compression', 1.0), ('15m_current_return_pct', 1.5)]"
SF_LIN2_15m_previous_compression_15m_current_return_pct_2.0_0.5,linear(15m_previous_compression*2.0+15m_current_return_pct*0.5),linear,50.0,linear_pair,"[('15m_previous_compression', 2.0), ('15m_current_return_pct', 0.5)]"
SF_LIN2_15m_previous_compression_15m_current_return_pct_2.0_1.0,linear(15m_previous_compression*2.0+15m_current_return_pct*1.0),linear,50.0,linear_pair,"[('15m_previous_compression', 2.0), ('15m_current_return_pct', 1.0)]"
SF_LIN2_15m_previous_compression_15m_current_return_pct_2.0_1.5,linear(15m_previous_compression*2.0+15m_current_return_pct*1.5),linear,50.0,linear_pair,"[('15m_previous_compression', 2.0), ('15m_current_return_pct', 1.5)]"
SF_LIN2_15m_previous_compression_1h_current_compression_1.0_0.5,linear(15m_previous_compression*1.0+1h_current_compression*0.5),linear,50.0,linear_pair,"[('15m_previous_compression', 1.0), ('1h_current_compression', 0.5)]"
SF_LIN2_15m_previous_compression_1h_current_compression_1.0_1.0,linear(15m_previous_compression*1.0+1h_current_compression*1.0),linear,50.0,linear_pair,"[('15m_previous_compression', 1.0), ('1h_current_compression', 1.0)]"
SF_LIN2_15m_previous_compression_1h_current_compression_1.0_1.5,linear(15m_previous_compression*1.0+1h_current_compression*1.5),linear,50.0,linear_pair,"[('15m_previous_compression', 1.0), ('1h_current_compression', 1.5)]"
SF_LIN2_15m_previous_compression_1h_current_compression_2.0_0.5,linear(15m_previous_compression*2.0+1h_current_compression*0.5),linear,50.0,linear_pair,"[('15m_previous_compression', 2.0), ('1h_current_compression', 0.5)]"
SF_LIN2_15m_previous_compression_1h_current_compression_2.0_1.0,linear(15m_previous_compression*2.0+1h_current_compression*1.0),linear,50.0,linear_pair,"[('15m_previous_compression', 2.0), ('1h_current_compression', 1.0)]"
SF_LIN2_15m_previous_compression_1h_current_compression_2.0_1.5,linear(15m_previous_compression*2.0+1h_current_compression*1.5),linear,50.0,linear_pair,"[('15m_previous_compression', 2.0), ('1h_current_compression', 1.5)]"
SF_LIN2_15m_previous_compression_1h_current_volume_ratio_1.0_0.5,linear(15m_previous_compression*1.0+1h_current_volume_ratio*0.5),linear,50.0,linear_pair,"[('15m_previous_compression', 1.0), ('1h_current_volume_ratio', 0.5)]"
SF_LIN2_15m_previous_compression_1h_current_volume_ratio_1.0_1.0,linear(15m_previous_compression*1.0+1h_current_volume_ratio*1.0),linear,50.0,linear_pair,"[('15m_previous_compression', 1.0), ('1h_current_volume_ratio', 1.0)]"
SF_LIN2_15m_previous_compression_1h_current_volume_ratio_1.0_1.5,linear(15m_previous_compression*1.0+1h_current_volume_ratio*1.5),linear,50.0,linear_pair,"[('15m_previous_compression', 1.0), ('1h_current_volume_ratio', 1.5)]"
SF_LIN2_15m_previous_compression_1h_current_volume_ratio_2.0_0.5,linear(15m_previous_compression*2.0+1h_current_volume_ratio*0.5),linear,50.0,linear_pair,"[('15m_previous_compression', 2.0), ('1h_current_volume_ratio', 0.5)]"
SF_LIN2_15m_previous_compression_1h_current_volume_ratio_2.0_1.0,linear(15m_previous_compression*2.0+1h_current_volume_ratio*1.0),linear,50.0,linear_pair,"[('15m_previous_compression', 2.0), ('1h_current_volume_ratio', 1.0)]"
SF_LIN2_15m_previous_compression_1h_current_volume_ratio_2.0_1.5,linear(15m_previous_compression*2.0+1h_current_volume_ratio*1.5),linear,50.0,linear_pair,"[('15m_previous_compression', 2.0), ('1h_current_volume_ratio', 1.5)]"
SF_LIN2_15m_previous_compression_1h_previous_range_pct_1.0_0.5,linear(15m_previous_compression*1.0+1h_previous_range_pct*0.5),linear,50.0,linear_pair,"[('15m_previous_compression', 1.0), ('1h_previous_range_pct', 0.5)]"
SF_LIN2_15m_previous_compression_1h_previous_range_pct_1.0_1.0,linear(15m_previous_compression*1.0+1h_previous_range_pct*1.0),linear,50.0,linear_pair,"[('15m_previous_compression', 1.0), ('1h_previous_range_pct', 1.0)]"
SF_LIN2_15m_previous_compression_1h_previous_range_pct_1.0_1.5,linear(15m_previous_compression*1.0+1h_previous_range_pct*1.5),linear,50.0,linear_pair,"[('15m_previous_compression', 1.0), ('1h_previous_range_pct', 1.5)]"
SF_LIN2_15m_previous_compression_1h_previous_range_pct_2.0_0.5,linear(15m_previous_compression*2.0+1h_previous_range_pct*0.5),linear,50.0,linear_pair,"[('15m_previous_compression', 2.0), ('1h_previous_range_pct', 0.5)]"
SF_LIN2_15m_previous_compression_1h_previous_range_pct_2.0_1.0,linear(15m_previous_compression*2.0+1h_previous_range_pct*1.0),linear,50.0,linear_pair,"[('15m_previous_compression', 2.0), ('1h_previous_range_pct', 1.0)]"
SF_LIN2_15m_previous_compression_1h_previous_range_pct_2.0_1.5,linear(15m_previous_compression*2.0+1h_previous_range_pct*1.5),linear,50.0,linear_pair,"[('15m_previous_compression', 2.0), ('1h_previous_range_pct', 1.5)]"
SF_LIN2_15m_previous_compression_1h_previous_return_pct_1.0_0.5,linear(15m_previous_compression*1.0+1h_previous_return_pct*0.5),linear,50.0,linear_pair,"[('15m_previous_compression', 1.0), ('1h_previous_return_pct', 0.5)]"
SF_LIN2_15m_previous_compression_1h_previous_return_pct_1.0_1.0,linear(15m_previous_compression*1.0+1h_previous_return_pct*1.0),linear,50.0,linear_pair,"[('15m_previous_compression', 1.0), ('1h_previous_return_pct', 1.0)]"
SF_LIN2_15m_previous_compression_1h_previous_return_pct_1.0_1.5,linear(15m_previous_compression*1.0+1h_previous_return_pct*1.5),linear,50.0,linear_pair,"[('15m_previous_compression', 1.0), ('1h_previous_return_pct', 1.5)]"
SF_LIN2_15m_previous_compression_1h_previous_return_pct_2.0_0.5,linear(15m_previous_compression*2.0+1h_previous_return_pct*0.5),linear,50.0,linear_pair,"[('15m_previous_compression', 2.0), ('1h_previous_return_pct', 0.5)]"
SF_LIN2_15m_previous_compression_1h_previous_return_pct_2.0_1.0,linear(15m_previous_compression*2.0+1h_previous_return_pct*1.0),linear,50.0,linear_pair,"[('15m_previous_compression', 2.0), ('1h_previous_return_pct', 1.0)]"
SF_LIN2_15m_previous_compression_1h_previous_return_pct_2.0_1.5,linear(15m_previous_compression*2.0+1h_previous_return_pct*1.5),linear,50.0,linear_pair,"[('15m_previous_compression', 2.0), ('1h_previous_return_pct', 1.5)]"
SF_LIN2_15m_previous_compression_2h_current_compression_1.0_0.5,linear(15m_previous_compression*1.0+2h_current_compression*0.5),linear,50.0,linear_pair,"[('15m_previous_compression', 1.0), ('2h_current_compression', 0.5)]"
SF_LIN2_15m_previous_compression_2h_current_compression_1.0_1.0,linear(15m_previous_compression*1.0+2h_current_compression*1.0),linear,50.0,linear_pair,"[('15m_previous_compression', 1.0), ('2h_current_compression', 1.0)]"
SF_LIN2_15m_previous_compression_2h_current_compression_1.0_1.5,linear(15m_previous_compression*1.0+2h_current_compression*1.5),linear,50.0,linear_pair,"[('15m_previous_compression', 1.0), ('2h_current_compression', 1.5)]"
SF_LIN2_15m_previous_compression_2h_current_compression_2.0_0.5,linear(15m_previous_compression*2.0+2h_current_compression*0.5),linear,50.0,linear_pair,"[('15m_previous_compression', 2.0), ('2h_current_compression', 0.5)]"
SF_LIN2_15m_previous_compression_2h_current_compression_2.0_1.0,linear(15m_previous_compression*2.0+2h_current_compression*1.0),linear,50.0,linear_pair,"[('15m_previous_compression', 2.0), ('2h_current_compression', 1.0)]"
SF_LIN2_15m_previous_compression_2h_current_compression_2.0_1.5,linear(15m_previous_compression*2.0+2h_current_compression*1.5),linear,50.0,linear_pair,"[('15m_previous_compression', 2.0), ('2h_current_compression', 1.5)]"
SF_LIN2_15m_previous_compression_2h_current_range_pct_1.0_0.5,linear(15m_previous_compression*1.0+2h_current_range_pct*0.5),linear,50.0,linear_pair,"[('15m_previous_compression', 1.0), ('2h_current_range_pct', 0.5)]"
SF_LIN2_15m_previous_compression_2h_current_range_pct_1.0_1.0,linear(15m_previous_compression*1.0+2h_current_range_pct*1.0),linear,50.0,linear_pair,"[('15m_previous_compression', 1.0), ('2h_current_range_pct', 1.0)]"
SF_LIN2_15m_previous_compression_2h_current_range_pct_1.0_1.5,linear(15m_previous_compression*1.0+2h_current_range_pct*1.5),linear,50.0,linear_pair,"[('15m_previous_compression', 1.0), ('2h_current_range_pct', 1.5)]"
SF_LIN2_15m_previous_compression_2h_current_range_pct_2.0_0.5,linear(15m_previous_compression*2.0+2h_current_range_pct*0.5),linear,50.0,linear_pair,"[('15m_previous_compression', 2.0), ('2h_current_range_pct', 0.5)]"
SF_LIN2_15m_previous_compression_2h_current_range_pct_2.0_1.0,linear(15m_previous_compression*2.0+2h_current_range_pct*1.0),linear,50.0,linear_pair,"[('15m_previous_compression', 2.0), ('2h_current_range_pct', 1.0)]"
SF_LIN2_15m_previous_compression_2h_current_range_pct_2.0_1.5,linear(15m_previous_compression*2.0+2h_current_range_pct*1.5),linear,50.0,linear_pair,"[('15m_previous_compression', 2.0), ('2h_current_range_pct', 1.5)]"
SF_LIN2_15m_previous_compression_30m_current_body_pct_1.0_0.5,linear(15m_previous_compression*1.0+30m_current_body_pct*0.5),linear,50.0,linear_pair,"[('15m_previous_compression', 1.0), ('30m_current_body_pct', 0.5)]"
SF_LIN2_15m_previous_compression_30m_current_body_pct_1.0_1.0,linear(15m_previous_compression*1.0+30m_current_body_pct*1.0),linear,50.0,linear_pair,"[('15m_previous_compression', 1.0), ('30m_current_body_pct', 1.0)]"
SF_LIN2_15m_previous_compression_30m_current_body_pct_1.0_1.5,linear(15m_previous_compression*1.0+30m_current_body_pct*1.5),linear,50.0,linear_pair,"[('15m_previous_compression', 1.0), ('30m_current_body_pct', 1.5)]"
SF_LIN2_15m_previous_compression_30m_current_body_pct_2.0_0.5,linear(15m_previous_compression*2.0+30m_current_body_pct*0.5),linear,50.0,linear_pair,"[('15m_previous_compression', 2.0), ('30m_current_body_pct', 0.5)]"
SF_LIN2_15m_previous_compression_30m_current_body_pct_2.0_1.0,linear(15m_previous_compression*2.0+30m_current_body_pct*1.0),linear,50.0,linear_pair,"[('15m_previous_compression', 2.0), ('30m_current_body_pct', 1.0)]"
SF_LIN2_15m_previous_compression_30m_current_body_pct_2.0_1.5,linear(15m_previous_compression*2.0+30m_current_body_pct*1.5),linear,50.0,linear_pair,"[('15m_previous_compression', 2.0), ('30m_current_body_pct', 1.5)]"
SF_LIN2_15m_previous_compression_5m_range_energy_1.0_0.5,linear(15m_previous_compression*1.0+5m_range_energy*0.5),linear,50.0,linear_pair,"[('15m_previous_compression', 1.0), ('5m_range_energy', 0.5)]"
SF_LIN2_15m_previous_compression_5m_range_energy_1.0_1.0,linear(15m_previous_compression*1.0+5m_range_energy*1.0),linear,50.0,linear_pair,"[('15m_previous_compression', 1.0), ('5m_range_energy', 1.0)]"
SF_LIN2_15m_previous_compression_5m_range_energy_1.0_1.5,linear(15m_previous_compression*1.0+5m_range_energy*1.5),linear,50.0,linear_pair,"[('15m_previous_compression', 1.0), ('5m_range_energy', 1.5)]"
SF_LIN2_15m_previous_compression_5m_range_energy_2.0_0.5,linear(15m_previous_compression*2.0+5m_range_energy*0.5),linear,50.0,linear_pair,"[('15m_previous_compression', 2.0), ('5m_range_energy', 0.5)]"
SF_LIN2_15m_previous_compression_5m_range_energy_2.0_1.0,linear(15m_previous_compression*2.0+5m_range_energy*1.0),linear,50.0,linear_pair,"[('15m_previous_compression', 2.0), ('5m_range_energy', 1.0)]"
SF_LIN2_15m_previous_compression_5m_range_energy_2.0_1.5,linear(15m_previous_compression*2.0+5m_range_energy*1.5),linear,50.0,linear_pair,"[('15m_previous_compression', 2.0), ('5m_range_energy', 1.5)]"
SF_LIN2_15m_previous_compression_5m_seq_high_break_6_1.0_0.5,linear(15m_previous_compression*1.0+5m_seq_high_break_6*0.5),linear,50.0,linear_pair,"[('15m_previous_compression', 1.0), ('5m_seq_high_break_6', 0.5)]"
SF_LIN2_15m_previous_compression_5m_seq_high_break_6_1.0_1.0,linear(15m_previous_compression*1.0+5m_seq_high_break_6*1.0),linear,50.0,linear_pair,"[('15m_previous_compression', 1.0), ('5m_seq_high_break_6', 1.0)]"
SF_LIN2_15m_previous_compression_5m_seq_high_break_6_1.0_1.5,linear(15m_previous_compression*1.0+5m_seq_high_break_6*1.5),linear,50.0,linear_pair,"[('15m_previous_compression', 1.0), ('5m_seq_high_break_6', 1.5)]"
SF_LIN2_15m_previous_compression_5m_seq_high_break_6_2.0_0.5,linear(15m_previous_compression*2.0+5m_seq_high_break_6*0.5),linear,50.0,linear_pair,"[('15m_previous_compression', 2.0), ('5m_seq_high_break_6', 0.5)]"
SF_LIN2_15m_previous_compression_5m_seq_high_break_6_2.0_1.0,linear(15m_previous_compression*2.0+5m_seq_high_break_6*1.0),linear,50.0,linear_pair,"[('15m_previous_compression', 2.0), ('5m_seq_high_break_6', 1.0)]"
SF_LIN2_15m_previous_compression_5m_seq_high_break_6_2.0_1.5,linear(15m_previous_compression*2.0+5m_seq_high_break_6*1.5),linear,50.0,linear_pair,"[('15m_previous_compression', 2.0), ('5m_seq_high_break_6', 1.5)]"
SF_LIN2_15m_previous_compression_range_expansion_1.0_0.5,linear(15m_previous_compression*1.0+range_expansion*0.5),linear,50.0,linear_pair,"[('15m_previous_compression', 1.0), ('range_expansion', 0.5)]"
SF_LIN2_15m_previous_compression_range_expansion_1.0_1.0,linear(15m_previous_compression*1.0+range_expansion*1.0),linear,50.0,linear_pair,"[('15m_previous_compression', 1.0), ('range_expansion', 1.0)]"
SF_LIN2_15m_previous_compression_range_expansion_1.0_1.5,linear(15m_previous_compression*1.0+range_expansion*1.5),linear,50.0,linear_pair,"[('15m_previous_compression', 1.0), ('range_expansion', 1.5)]"
SF_LIN2_15m_previous_compression_range_expansion_2.0_0.5,linear(15m_previous_compression*2.0+range_expansion*0.5),linear,50.0,linear_pair,"[('15m_previous_compression', 2.0), ('range_expansion', 0.5)]"
SF_LIN2_15m_previous_compression_range_expansion_2.0_1.0,linear(15m_previous_compression*2.0+range_expansion*1.0),linear,50.0,linear_pair,"[('15m_previous_compression', 2.0), ('range_expansion', 1.0)]"
SF_LIN2_15m_previous_compression_range_expansion_2.0_1.5,linear(15m_previous_compression*2.0+range_expansion*1.5),linear,50.0,linear_pair,"[('15m_previous_compression', 2.0), ('range_expansion', 1.5)]"
SF_LIN2_1h_current_compression_15m_current_compression_1.0_0.5,linear(1h_current_compression*1.0+15m_current_compression*0.5),linear,50.0,linear_pair,"[('1h_current_compression', 1.0), ('15m_current_compression', 0.5)]"
SF_LIN2_1h_current_compression_15m_current_compression_1.0_1.0,linear(1h_current_compression*1.0+15m_current_compression*1.0),linear,50.0,linear_pair,"[('1h_current_compression', 1.0), ('15m_current_compression', 1.0)]"
SF_LIN2_1h_current_compression_15m_current_compression_1.0_1.5,linear(1h_current_compression*1.0+15m_current_compression*1.5),linear,50.0,linear_pair,"[('1h_current_compression', 1.0), ('15m_current_compression', 1.5)]"
SF_LIN2_1h_current_compression_15m_current_compression_2.0_0.5,linear(1h_current_compression*2.0+15m_current_compression*0.5),linear,50.0,linear_pair,"[('1h_current_compression', 2.0), ('15m_current_compression', 0.5)]"
SF_LIN2_1h_current_compression_15m_current_compression_2.0_1.0,linear(1h_current_compression*2.0+15m_current_compression*1.0),linear,50.0,linear_pair,"[('1h_current_compression', 2.0), ('15m_current_compression', 1.0)]"
SF_LIN2_1h_current_compression_15m_current_compression_2.0_1.5,linear(1h_current_compression*2.0+15m_current_compression*1.5),linear,50.0,linear_pair,"[('1h_current_compression', 2.0), ('15m_current_compression', 1.5)]"
SF_LIN2_1h_current_compression_15m_current_return_pct_1.0_0.5,linear(1h_current_compression*1.0+15m_current_return_pct*0.5),linear,50.0,linear_pair,"[('1h_current_compression', 1.0), ('15m_current_return_pct', 0.5)]"
SF_LIN2_1h_current_compression_15m_current_return_pct_1.0_1.0,linear(1h_current_compression*1.0+15m_current_return_pct*1.0),linear,50.0,linear_pair,"[('1h_current_compression', 1.0), ('15m_current_return_pct', 1.0)]"
SF_LIN2_1h_current_compression_15m_current_return_pct_1.0_1.5,linear(1h_current_compression*1.0+15m_current_return_pct*1.5),linear,50.0,linear_pair,"[('1h_current_compression', 1.0), ('15m_current_return_pct', 1.5)]"
SF_LIN2_1h_current_compression_15m_current_return_pct_2.0_0.5,linear(1h_current_compression*2.0+15m_current_return_pct*0.5),linear,50.0,linear_pair,"[('1h_current_compression', 2.0), ('15m_current_return_pct', 0.5)]"
SF_LIN2_1h_current_compression_15m_current_return_pct_2.0_1.0,linear(1h_current_compression*2.0+15m_current_return_pct*1.0),linear,50.0,linear_pair,"[('1h_current_compression', 2.0), ('15m_current_return_pct', 1.0)]"
SF_LIN2_1h_current_compression_15m_current_return_pct_2.0_1.5,linear(1h_current_compression*2.0+15m_current_return_pct*1.5),linear,50.0,linear_pair,"[('1h_current_compression', 2.0), ('15m_current_return_pct', 1.5)]"
SF_LIN2_1h_current_compression_1h_current_volume_ratio_1.0_0.5,linear(1h_current_compression*1.0+1h_current_volume_ratio*0.5),linear,50.0,linear_pair,"[('1h_current_compression', 1.0), ('1h_current_volume_ratio', 0.5)]"
SF_LIN2_1h_current_compression_1h_current_volume_ratio_1.0_1.0,linear(1h_current_compression*1.0+1h_current_volume_ratio*1.0),linear,50.0,linear_pair,"[('1h_current_compression', 1.0), ('1h_current_volume_ratio', 1.0)]"
SF_LIN2_1h_current_compression_1h_current_volume_ratio_1.0_1.5,linear(1h_current_compression*1.0+1h_current_volume_ratio*1.5),linear,50.0,linear_pair,"[('1h_current_compression', 1.0), ('1h_current_volume_ratio', 1.5)]"
SF_LIN2_1h_current_compression_1h_current_volume_ratio_2.0_0.5,linear(1h_current_compression*2.0+1h_current_volume_ratio*0.5),linear,50.0,linear_pair,"[('1h_current_compression', 2.0), ('1h_current_volume_ratio', 0.5)]"
SF_LIN2_1h_current_compression_1h_current_volume_ratio_2.0_1.0,linear(1h_current_compression*2.0+1h_current_volume_ratio*1.0),linear,50.0,linear_pair,"[('1h_current_compression', 2.0), ('1h_current_volume_ratio', 1.0)]"
SF_LIN2_1h_current_compression_1h_current_volume_ratio_2.0_1.5,linear(1h_current_compression*2.0+1h_current_volume_ratio*1.5),linear,50.0,linear_pair,"[('1h_current_compression', 2.0), ('1h_current_volume_ratio', 1.5)]"
SF_LIN2_1h_current_compression_1h_previous_range_pct_1.0_0.5,linear(1h_current_compression*1.0+1h_previous_range_pct*0.5),linear,50.0,linear_pair,"[('1h_current_compression', 1.0), ('1h_previous_range_pct', 0.5)]"
SF_LIN2_1h_current_compression_1h_previous_range_pct_1.0_1.0,linear(1h_current_compression*1.0+1h_previous_range_pct*1.0),linear,50.0,linear_pair,"[('1h_current_compression', 1.0), ('1h_previous_range_pct', 1.0)]"
SF_LIN2_1h_current_compression_1h_previous_range_pct_1.0_1.5,linear(1h_current_compression*1.0+1h_previous_range_pct*1.5),linear,50.0,linear_pair,"[('1h_current_compression', 1.0), ('1h_previous_range_pct', 1.5)]"
SF_LIN2_1h_current_compression_1h_previous_range_pct_2.0_0.5,linear(1h_current_compression*2.0+1h_previous_range_pct*0.5),linear,50.0,linear_pair,"[('1h_current_compression', 2.0), ('1h_previous_range_pct', 0.5)]"
SF_LIN2_1h_current_compression_1h_previous_range_pct_2.0_1.0,linear(1h_current_compression*2.0+1h_previous_range_pct*1.0),linear,50.0,linear_pair,"[('1h_current_compression', 2.0), ('1h_previous_range_pct', 1.0)]"
SF_LIN2_1h_current_compression_1h_previous_range_pct_2.0_1.5,linear(1h_current_compression*2.0+1h_previous_range_pct*1.5),linear,50.0,linear_pair,"[('1h_current_compression', 2.0), ('1h_previous_range_pct', 1.5)]"
SF_LIN2_1h_current_compression_1h_previous_return_pct_1.0_0.5,linear(1h_current_compression*1.0+1h_previous_return_pct*0.5),linear,50.0,linear_pair,"[('1h_current_compression', 1.0), ('1h_previous_return_pct', 0.5)]"
SF_LIN2_1h_current_compression_1h_previous_return_pct_1.0_1.0,linear(1h_current_compression*1.0+1h_previous_return_pct*1.0),linear,50.0,linear_pair,"[('1h_current_compression', 1.0), ('1h_previous_return_pct', 1.0)]"
SF_LIN2_1h_current_compression_1h_previous_return_pct_1.0_1.5,linear(1h_current_compression*1.0+1h_previous_return_pct*1.5),linear,50.0,linear_pair,"[('1h_current_compression', 1.0), ('1h_previous_return_pct', 1.5)]"
SF_LIN2_1h_current_compression_1h_previous_return_pct_2.0_0.5,linear(1h_current_compression*2.0+1h_previous_return_pct*0.5),linear,50.0,linear_pair,"[('1h_current_compression', 2.0), ('1h_previous_return_pct', 0.5)]"
SF_LIN2_1h_current_compression_1h_previous_return_pct_2.0_1.0,linear(1h_current_compression*2.0+1h_previous_return_pct*1.0),linear,50.0,linear_pair,"[('1h_current_compression', 2.0), ('1h_previous_return_pct', 1.0)]"
SF_LIN2_1h_current_compression_1h_previous_return_pct_2.0_1.5,linear(1h_current_compression*2.0+1h_previous_return_pct*1.5),linear,50.0,linear_pair,"[('1h_current_compression', 2.0), ('1h_previous_return_pct', 1.5)]"
SF_LIN2_1h_current_compression_2h_current_compression_1.0_0.5,linear(1h_current_compression*1.0+2h_current_compression*0.5),linear,50.0,linear_pair,"[('1h_current_compression', 1.0), ('2h_current_compression', 0.5)]"
SF_LIN2_1h_current_compression_2h_current_compression_1.0_1.0,linear(1h_current_compression*1.0+2h_current_compression*1.0),linear,50.0,linear_pair,"[('1h_current_compression', 1.0), ('2h_current_compression', 1.0)]"
SF_LIN2_1h_current_compression_2h_current_compression_1.0_1.5,linear(1h_current_compression*1.0+2h_current_compression*1.5),linear,50.0,linear_pair,"[('1h_current_compression', 1.0), ('2h_current_compression', 1.5)]"
SF_LIN2_1h_current_compression_2h_current_compression_2.0_0.5,linear(1h_current_compression*2.0+2h_current_compression*0.5),linear,50.0,linear_pair,"[('1h_current_compression', 2.0), ('2h_current_compression', 0.5)]"
SF_LIN2_1h_current_compression_2h_current_compression_2.0_1.0,linear(1h_current_compression*2.0+2h_current_compression*1.0),linear,50.0,linear_pair,"[('1h_current_compression', 2.0), ('2h_current_compression', 1.0)]"
SF_LIN2_1h_current_compression_2h_current_compression_2.0_1.5,linear(1h_current_compression*2.0+2h_current_compression*1.5),linear,50.0,linear_pair,"[('1h_current_compression', 2.0), ('2h_current_compression', 1.5)]"
SF_LIN2_1h_current_compression_2h_current_range_pct_1.0_0.5,linear(1h_current_compression*1.0+2h_current_range_pct*0.5),linear,50.0,linear_pair,"[('1h_current_compression', 1.0), ('2h_current_range_pct', 0.5)]"
SF_LIN2_1h_current_compression_2h_current_range_pct_1.0_1.0,linear(1h_current_compression*1.0+2h_current_range_pct*1.0),linear,50.0,linear_pair,"[('1h_current_compression', 1.0), ('2h_current_range_pct', 1.0)]"
SF_LIN2_1h_current_compression_2h_current_range_pct_1.0_1.5,linear(1h_current_compression*1.0+2h_current_range_pct*1.5),linear,50.0,linear_pair,"[('1h_current_compression', 1.0), ('2h_current_range_pct', 1.5)]"
SF_LIN2_1h_current_compression_2h_current_range_pct_2.0_0.5,linear(1h_current_compression*2.0+2h_current_range_pct*0.5),linear,50.0,linear_pair,"[('1h_current_compression', 2.0), ('2h_current_range_pct', 0.5)]"
SF_LIN2_1h_current_compression_2h_current_range_pct_2.0_1.0,linear(1h_current_compression*2.0+2h_current_range_pct*1.0),linear,50.0,linear_pair,"[('1h_current_compression', 2.0), ('2h_current_range_pct', 1.0)]"
SF_LIN2_1h_current_compression_2h_current_range_pct_2.0_1.5,linear(1h_current_compression*2.0+2h_current_range_pct*1.5),linear,50.0,linear_pair,"[('1h_current_compression', 2.0), ('2h_current_range_pct', 1.5)]"
SF_LIN2_1h_current_compression_30m_current_body_pct_1.0_0.5,linear(1h_current_compression*1.0+30m_current_body_pct*0.5),linear,50.0,linear_pair,"[('1h_current_compression', 1.0), ('30m_current_body_pct', 0.5)]"
SF_LIN2_1h_current_compression_30m_current_body_pct_1.0_1.0,linear(1h_current_compression*1.0+30m_current_body_pct*1.0),linear,50.0,linear_pair,"[('1h_current_compression', 1.0), ('30m_current_body_pct', 1.0)]"
SF_LIN2_1h_current_compression_30m_current_body_pct_1.0_1.5,linear(1h_current_compression*1.0+30m_current_body_pct*1.5),linear,50.0,linear_pair,"[('1h_current_compression', 1.0), ('30m_current_body_pct', 1.5)]"
SF_LIN2_1h_current_compression_30m_current_body_pct_2.0_0.5,linear(1h_current_compression*2.0+30m_current_body_pct*0.5),linear,50.0,linear_pair,"[('1h_current_compression', 2.0), ('30m_current_body_pct', 0.5)]"
SF_LIN2_1h_current_compression_30m_current_body_pct_2.0_1.0,linear(1h_current_compression*2.0+30m_current_body_pct*1.0),linear,50.0,linear_pair,"[('1h_current_compression', 2.0), ('30m_current_body_pct', 1.0)]"
SF_LIN2_1h_current_compression_30m_current_body_pct_2.0_1.5,linear(1h_current_compression*2.0+30m_current_body_pct*1.5),linear,50.0,linear_pair,"[('1h_current_compression', 2.0), ('30m_current_body_pct', 1.5)]"
SF_LIN2_1h_current_compression_5m_range_energy_1.0_0.5,linear(1h_current_compression*1.0+5m_range_energy*0.5),linear,50.0,linear_pair,"[('1h_current_compression', 1.0), ('5m_range_energy', 0.5)]"
SF_LIN2_1h_current_compression_5m_range_energy_1.0_1.0,linear(1h_current_compression*1.0+5m_range_energy*1.0),linear,50.0,linear_pair,"[('1h_current_compression', 1.0), ('5m_range_energy', 1.0)]"
SF_LIN2_1h_current_compression_5m_range_energy_1.0_1.5,linear(1h_current_compression*1.0+5m_range_energy*1.5),linear,50.0,linear_pair,"[('1h_current_compression', 1.0), ('5m_range_energy', 1.5)]"
SF_LIN2_1h_current_compression_5m_range_energy_2.0_0.5,linear(1h_current_compression*2.0+5m_range_energy*0.5),linear,50.0,linear_pair,"[('1h_current_compression', 2.0), ('5m_range_energy', 0.5)]"
SF_LIN2_1h_current_compression_5m_range_energy_2.0_1.0,linear(1h_current_compression*2.0+5m_range_energy*1.0),linear,50.0,linear_pair,"[('1h_current_compression', 2.0), ('5m_range_energy', 1.0)]"
SF_LIN2_1h_current_compression_5m_range_energy_2.0_1.5,linear(1h_current_compression*2.0+5m_range_energy*1.5),linear,50.0,linear_pair,"[('1h_current_compression', 2.0), ('5m_range_energy', 1.5)]"
SF_LIN2_1h_current_compression_5m_seq_high_break_6_1.0_0.5,linear(1h_current_compression*1.0+5m_seq_high_break_6*0.5),linear,50.0,linear_pair,"[('1h_current_compression', 1.0), ('5m_seq_high_break_6', 0.5)]"
SF_LIN2_1h_current_compression_5m_seq_high_break_6_1.0_1.0,linear(1h_current_compression*1.0+5m_seq_high_break_6*1.0),linear,50.0,linear_pair,"[('1h_current_compression', 1.0), ('5m_seq_high_break_6', 1.0)]"
SF_LIN2_1h_current_compression_5m_seq_high_break_6_1.0_1.5,linear(1h_current_compression*1.0+5m_seq_high_break_6*1.5),linear,50.0,linear_pair,"[('1h_current_compression', 1.0), ('5m_seq_high_break_6', 1.5)]"
SF_LIN2_1h_current_compression_5m_seq_high_break_6_2.0_0.5,linear(1h_current_compression*2.0+5m_seq_high_break_6*0.5),linear,50.0,linear_pair,"[('1h_current_compression', 2.0), ('5m_seq_high_break_6', 0.5)]"
SF_LIN2_1h_current_compression_5m_seq_high_break_6_2.0_1.0,linear(1h_current_compression*2.0+5m_seq_high_break_6*1.0),linear,50.0,linear_pair,"[('1h_current_compression', 2.0), ('5m_seq_high_break_6', 1.0)]"
SF_LIN2_1h_current_compression_5m_seq_high_break_6_2.0_1.5,linear(1h_current_compression*2.0+5m_seq_high_break_6*1.5),linear,50.0,linear_pair,"[('1h_current_compression', 2.0), ('5m_seq_high_break_6', 1.5)]"
SF_LIN2_1h_current_compression_range_expansion_1.0_0.5,linear(1h_current_compression*1.0+range_expansion*0.5),linear,50.0,linear_pair,"[('1h_current_compression', 1.0), ('range_expansion', 0.5)]"
SF_LIN2_1h_current_compression_range_expansion_1.0_1.0,linear(1h_current_compression*1.0+range_expansion*1.0),linear,50.0,linear_pair,"[('1h_current_compression', 1.0), ('range_expansion', 1.0)]"
SF_LIN2_1h_current_compression_range_expansion_1.0_1.5,linear(1h_current_compression*1.0+range_expansion*1.5),linear,50.0,linear_pair,"[('1h_current_compression', 1.0), ('range_expansion', 1.5)]"
SF_LIN2_1h_current_compression_range_expansion_2.0_0.5,linear(1h_current_compression*2.0+range_expansion*0.5),linear,50.0,linear_pair,"[('1h_current_compression', 2.0), ('range_expansion', 0.5)]"
SF_LIN2_1h_current_compression_range_expansion_2.0_1.0,linear(1h_current_compression*2.0+range_expansion*1.0),linear,50.0,linear_pair,"[('1h_current_compression', 2.0), ('range_expansion', 1.0)]"
SF_LIN2_1h_current_compression_range_expansion_2.0_1.5,linear(1h_current_compression*2.0+range_expansion*1.5),linear,50.0,linear_pair,"[('1h_current_compression', 2.0), ('range_expansion', 1.5)]"
SF_LIN2_1h_current_volume_ratio_15m_current_return_pct_1.0_0.5,linear(1h_current_volume_ratio*1.0+15m_current_return_pct*0.5),linear,50.0,linear_pair,"[('1h_current_volume_ratio', 1.0), ('15m_current_return_pct', 0.5)]"
SF_LIN2_1h_current_volume_ratio_15m_current_return_pct_1.0_1.0,linear(1h_current_volume_ratio*1.0+15m_current_return_pct*1.0),linear,50.0,linear_pair,"[('1h_current_volume_ratio', 1.0), ('15m_current_return_pct', 1.0)]"
SF_LIN2_1h_current_volume_ratio_15m_current_return_pct_1.0_1.5,linear(1h_current_volume_ratio*1.0+15m_current_return_pct*1.5),linear,50.0,linear_pair,"[('1h_current_volume_ratio', 1.0), ('15m_current_return_pct', 1.5)]"
SF_LIN2_1h_current_volume_ratio_15m_current_return_pct_2.0_0.5,linear(1h_current_volume_ratio*2.0+15m_current_return_pct*0.5),linear,50.0,linear_pair,"[('1h_current_volume_ratio', 2.0), ('15m_current_return_pct', 0.5)]"
SF_LIN2_1h_current_volume_ratio_15m_current_return_pct_2.0_1.0,linear(1h_current_volume_ratio*2.0+15m_current_return_pct*1.0),linear,50.0,linear_pair,"[('1h_current_volume_ratio', 2.0), ('15m_current_return_pct', 1.0)]"
SF_LIN2_1h_current_volume_ratio_15m_current_return_pct_2.0_1.5,linear(1h_current_volume_ratio*2.0+15m_current_return_pct*1.5),linear,50.0,linear_pair,"[('1h_current_volume_ratio', 2.0), ('15m_current_return_pct', 1.5)]"
SF_LIN2_1h_current_volume_ratio_1h_previous_range_pct_1.0_0.5,linear(1h_current_volume_ratio*1.0+1h_previous_range_pct*0.5),linear,50.0,linear_pair,"[('1h_current_volume_ratio', 1.0), ('1h_previous_range_pct', 0.5)]"
SF_LIN2_1h_current_volume_ratio_1h_previous_range_pct_1.0_1.0,linear(1h_current_volume_ratio*1.0+1h_previous_range_pct*1.0),linear,50.0,linear_pair,"[('1h_current_volume_ratio', 1.0), ('1h_previous_range_pct', 1.0)]"
SF_LIN2_1h_current_volume_ratio_1h_previous_range_pct_1.0_1.5,linear(1h_current_volume_ratio*1.0+1h_previous_range_pct*1.5),linear,50.0,linear_pair,"[('1h_current_volume_ratio', 1.0), ('1h_previous_range_pct', 1.5)]"
SF_LIN2_1h_current_volume_ratio_1h_previous_range_pct_2.0_0.5,linear(1h_current_volume_ratio*2.0+1h_previous_range_pct*0.5),linear,50.0,linear_pair,"[('1h_current_volume_ratio', 2.0), ('1h_previous_range_pct', 0.5)]"
SF_LIN2_1h_current_volume_ratio_1h_previous_range_pct_2.0_1.0,linear(1h_current_volume_ratio*2.0+1h_previous_range_pct*1.0),linear,50.0,linear_pair,"[('1h_current_volume_ratio', 2.0), ('1h_previous_range_pct', 1.0)]"
SF_LIN2_1h_current_volume_ratio_1h_previous_range_pct_2.0_1.5,linear(1h_current_volume_ratio*2.0+1h_previous_range_pct*1.5),linear,50.0,linear_pair,"[('1h_current_volume_ratio', 2.0), ('1h_previous_range_pct', 1.5)]"
SF_LIN2_1h_current_volume_ratio_2h_current_compression_1.0_0.5,linear(1h_current_volume_ratio*1.0+2h_current_compression*0.5),linear,50.0,linear_pair,"[('1h_current_volume_ratio', 1.0), ('2h_current_compression', 0.5)]"
SF_LIN2_1h_current_volume_ratio_2h_current_compression_1.0_1.0,linear(1h_current_volume_ratio*1.0+2h_current_compression*1.0),linear,50.0,linear_pair,"[('1h_current_volume_ratio', 1.0), ('2h_current_compression', 1.0)]"
SF_LIN2_1h_current_volume_ratio_2h_current_compression_1.0_1.5,linear(1h_current_volume_ratio*1.0+2h_current_compression*1.5),linear,50.0,linear_pair,"[('1h_current_volume_ratio', 1.0), ('2h_current_compression', 1.5)]"
SF_LIN2_1h_current_volume_ratio_2h_current_compression_2.0_0.5,linear(1h_current_volume_ratio*2.0+2h_current_compression*0.5),linear,50.0,linear_pair,"[('1h_current_volume_ratio', 2.0), ('2h_current_compression', 0.5)]"
SF_LIN2_1h_current_volume_ratio_2h_current_compression_2.0_1.0,linear(1h_current_volume_ratio*2.0+2h_current_compression*1.0),linear,50.0,linear_pair,"[('1h_current_volume_ratio', 2.0), ('2h_current_compression', 1.0)]"
SF_LIN2_1h_current_volume_ratio_2h_current_compression_2.0_1.5,linear(1h_current_volume_ratio*2.0+2h_current_compression*1.5),linear,50.0,linear_pair,"[('1h_current_volume_ratio', 2.0), ('2h_current_compression', 1.5)]"
SF_LIN2_1h_current_volume_ratio_2h_current_range_pct_1.0_0.5,linear(1h_current_volume_ratio*1.0+2h_current_range_pct*0.5),linear,50.0,linear_pair,"[('1h_current_volume_ratio', 1.0), ('2h_current_range_pct', 0.5)]"
SF_LIN2_1h_current_volume_ratio_2h_current_range_pct_1.0_1.0,linear(1h_current_volume_ratio*1.0+2h_current_range_pct*1.0),linear,50.0,linear_pair,"[('1h_current_volume_ratio', 1.0), ('2h_current_range_pct', 1.0)]"
SF_LIN2_1h_current_volume_ratio_2h_current_range_pct_1.0_1.5,linear(1h_current_volume_ratio*1.0+2h_current_range_pct*1.5),linear,50.0,linear_pair,"[('1h_current_volume_ratio', 1.0), ('2h_current_range_pct', 1.5)]"
SF_LIN2_1h_current_volume_ratio_2h_current_range_pct_2.0_0.5,linear(1h_current_volume_ratio*2.0+2h_current_range_pct*0.5),linear,50.0,linear_pair,"[('1h_current_volume_ratio', 2.0), ('2h_current_range_pct', 0.5)]"
SF_LIN2_1h_current_volume_ratio_2h_current_range_pct_2.0_1.0,linear(1h_current_volume_ratio*2.0+2h_current_range_pct*1.0),linear,50.0,linear_pair,"[('1h_current_volume_ratio', 2.0), ('2h_current_range_pct', 1.0)]"
SF_LIN2_1h_current_volume_ratio_2h_current_range_pct_2.0_1.5,linear(1h_current_volume_ratio*2.0+2h_current_range_pct*1.5),linear,50.0,linear_pair,"[('1h_current_volume_ratio', 2.0), ('2h_current_range_pct', 1.5)]"
SF_LIN2_1h_current_volume_ratio_30m_current_body_pct_1.0_0.5,linear(1h_current_volume_ratio*1.0+30m_current_body_pct*0.5),linear,50.0,linear_pair,"[('1h_current_volume_ratio', 1.0), ('30m_current_body_pct', 0.5)]"
SF_LIN2_1h_current_volume_ratio_30m_current_body_pct_1.0_1.0,linear(1h_current_volume_ratio*1.0+30m_current_body_pct*1.0),linear,50.0,linear_pair,"[('1h_current_volume_ratio', 1.0), ('30m_current_body_pct', 1.0)]"
SF_LIN2_1h_current_volume_ratio_30m_current_body_pct_1.0_1.5,linear(1h_current_volume_ratio*1.0+30m_current_body_pct*1.5),linear,50.0,linear_pair,"[('1h_current_volume_ratio', 1.0), ('30m_current_body_pct', 1.5)]"
SF_LIN2_1h_current_volume_ratio_30m_current_body_pct_2.0_0.5,linear(1h_current_volume_ratio*2.0+30m_current_body_pct*0.5),linear,50.0,linear_pair,"[('1h_current_volume_ratio', 2.0), ('30m_current_body_pct', 0.5)]"
SF_LIN2_1h_current_volume_ratio_30m_current_body_pct_2.0_1.0,linear(1h_current_volume_ratio*2.0+30m_current_body_pct*1.0),linear,50.0,linear_pair,"[('1h_current_volume_ratio', 2.0), ('30m_current_body_pct', 1.0)]"
SF_LIN2_1h_current_volume_ratio_30m_current_body_pct_2.0_1.5,linear(1h_current_volume_ratio*2.0+30m_current_body_pct*1.5),linear,50.0,linear_pair,"[('1h_current_volume_ratio', 2.0), ('30m_current_body_pct', 1.5)]"
SF_LIN2_1h_current_volume_ratio_5m_range_energy_1.0_0.5,linear(1h_current_volume_ratio*1.0+5m_range_energy*0.5),linear,50.0,linear_pair,"[('1h_current_volume_ratio', 1.0), ('5m_range_energy', 0.5)]"
SF_LIN2_1h_current_volume_ratio_5m_range_energy_1.0_1.0,linear(1h_current_volume_ratio*1.0+5m_range_energy*1.0),linear,50.0,linear_pair,"[('1h_current_volume_ratio', 1.0), ('5m_range_energy', 1.0)]"
SF_LIN2_1h_current_volume_ratio_5m_range_energy_1.0_1.5,linear(1h_current_volume_ratio*1.0+5m_range_energy*1.5),linear,50.0,linear_pair,"[('1h_current_volume_ratio', 1.0), ('5m_range_energy', 1.5)]"
SF_LIN2_1h_current_volume_ratio_5m_range_energy_2.0_0.5,linear(1h_current_volume_ratio*2.0+5m_range_energy*0.5),linear,50.0,linear_pair,"[('1h_current_volume_ratio', 2.0), ('5m_range_energy', 0.5)]"
SF_LIN2_1h_current_volume_ratio_5m_range_energy_2.0_1.0,linear(1h_current_volume_ratio*2.0+5m_range_energy*1.0),linear,50.0,linear_pair,"[('1h_current_volume_ratio', 2.0), ('5m_range_energy', 1.0)]"
SF_LIN2_1h_current_volume_ratio_5m_range_energy_2.0_1.5,linear(1h_current_volume_ratio*2.0+5m_range_energy*1.5),linear,50.0,linear_pair,"[('1h_current_volume_ratio', 2.0), ('5m_range_energy', 1.5)]"
SF_LIN2_1h_current_volume_ratio_5m_seq_high_break_6_1.0_0.5,linear(1h_current_volume_ratio*1.0+5m_seq_high_break_6*0.5),linear,50.0,linear_pair,"[('1h_current_volume_ratio', 1.0), ('5m_seq_high_break_6', 0.5)]"
SF_LIN2_1h_current_volume_ratio_5m_seq_high_break_6_1.0_1.0,linear(1h_current_volume_ratio*1.0+5m_seq_high_break_6*1.0),linear,50.0,linear_pair,"[('1h_current_volume_ratio', 1.0), ('5m_seq_high_break_6', 1.0)]"
SF_LIN2_1h_current_volume_ratio_5m_seq_high_break_6_1.0_1.5,linear(1h_current_volume_ratio*1.0+5m_seq_high_break_6*1.5),linear,50.0,linear_pair,"[('1h_current_volume_ratio', 1.0), ('5m_seq_high_break_6', 1.5)]"
SF_LIN2_1h_current_volume_ratio_5m_seq_high_break_6_2.0_0.5,linear(1h_current_volume_ratio*2.0+5m_seq_high_break_6*0.5),linear,50.0,linear_pair,"[('1h_current_volume_ratio', 2.0), ('5m_seq_high_break_6', 0.5)]"
SF_LIN2_1h_current_volume_ratio_5m_seq_high_break_6_2.0_1.0,linear(1h_current_volume_ratio*2.0+5m_seq_high_break_6*1.0),linear,50.0,linear_pair,"[('1h_current_volume_ratio', 2.0), ('5m_seq_high_break_6', 1.0)]"
SF_LIN2_1h_current_volume_ratio_5m_seq_high_break_6_2.0_1.5,linear(1h_current_volume_ratio*2.0+5m_seq_high_break_6*1.5),linear,50.0,linear_pair,"[('1h_current_volume_ratio', 2.0), ('5m_seq_high_break_6', 1.5)]"
SF_LIN2_1h_previous_range_pct_15m_current_return_pct_1.0_0.5,linear(1h_previous_range_pct*1.0+15m_current_return_pct*0.5),linear,50.0,linear_pair,"[('1h_previous_range_pct', 1.0), ('15m_current_return_pct', 0.5)]"
SF_LIN2_1h_previous_range_pct_15m_current_return_pct_1.0_1.0,linear(1h_previous_range_pct*1.0+15m_current_return_pct*1.0),linear,50.0,linear_pair,"[('1h_previous_range_pct', 1.0), ('15m_current_return_pct', 1.0)]"
SF_LIN2_1h_previous_range_pct_15m_current_return_pct_1.0_1.5,linear(1h_previous_range_pct*1.0+15m_current_return_pct*1.5),linear,50.0,linear_pair,"[('1h_previous_range_pct', 1.0), ('15m_current_return_pct', 1.5)]"
SF_LIN2_1h_previous_range_pct_15m_current_return_pct_2.0_0.5,linear(1h_previous_range_pct*2.0+15m_current_return_pct*0.5),linear,50.0,linear_pair,"[('1h_previous_range_pct', 2.0), ('15m_current_return_pct', 0.5)]"
SF_LIN2_1h_previous_range_pct_15m_current_return_pct_2.0_1.0,linear(1h_previous_range_pct*2.0+15m_current_return_pct*1.0),linear,50.0,linear_pair,"[('1h_previous_range_pct', 2.0), ('15m_current_return_pct', 1.0)]"
SF_LIN2_1h_previous_range_pct_15m_current_return_pct_2.0_1.5,linear(1h_previous_range_pct*2.0+15m_current_return_pct*1.5),linear,50.0,linear_pair,"[('1h_previous_range_pct', 2.0), ('15m_current_return_pct', 1.5)]"
SF_LIN2_1h_previous_range_pct_2h_current_range_pct_1.0_0.5,linear(1h_previous_range_pct*1.0+2h_current_range_pct*0.5),linear,50.0,linear_pair,"[('1h_previous_range_pct', 1.0), ('2h_current_range_pct', 0.5)]"
SF_LIN2_1h_previous_range_pct_2h_current_range_pct_1.0_1.0,linear(1h_previous_range_pct*1.0+2h_current_range_pct*1.0),linear,50.0,linear_pair,"[('1h_previous_range_pct', 1.0), ('2h_current_range_pct', 1.0)]"
SF_LIN2_1h_previous_range_pct_2h_current_range_pct_1.0_1.5,linear(1h_previous_range_pct*1.0+2h_current_range_pct*1.5),linear,50.0,linear_pair,"[('1h_previous_range_pct', 1.0), ('2h_current_range_pct', 1.5)]"
SF_LIN2_1h_previous_range_pct_2h_current_range_pct_2.0_0.5,linear(1h_previous_range_pct*2.0+2h_current_range_pct*0.5),linear,50.0,linear_pair,"[('1h_previous_range_pct', 2.0), ('2h_current_range_pct', 0.5)]"
SF_LIN2_1h_previous_range_pct_2h_current_range_pct_2.0_1.0,linear(1h_previous_range_pct*2.0+2h_current_range_pct*1.0),linear,50.0,linear_pair,"[('1h_previous_range_pct', 2.0), ('2h_current_range_pct', 1.0)]"
SF_LIN2_1h_previous_range_pct_2h_current_range_pct_2.0_1.5,linear(1h_previous_range_pct*2.0+2h_current_range_pct*1.5),linear,50.0,linear_pair,"[('1h_previous_range_pct', 2.0), ('2h_current_range_pct', 1.5)]"
SF_LIN2_1h_previous_range_pct_30m_current_body_pct_1.0_0.5,linear(1h_previous_range_pct*1.0+30m_current_body_pct*0.5),linear,50.0,linear_pair,"[('1h_previous_range_pct', 1.0), ('30m_current_body_pct', 0.5)]"
SF_LIN2_1h_previous_range_pct_30m_current_body_pct_1.0_1.0,linear(1h_previous_range_pct*1.0+30m_current_body_pct*1.0),linear,50.0,linear_pair,"[('1h_previous_range_pct', 1.0), ('30m_current_body_pct', 1.0)]"
SF_LIN2_1h_previous_range_pct_30m_current_body_pct_1.0_1.5,linear(1h_previous_range_pct*1.0+30m_current_body_pct*1.5),linear,50.0,linear_pair,"[('1h_previous_range_pct', 1.0), ('30m_current_body_pct', 1.5)]"
SF_LIN2_1h_previous_range_pct_30m_current_body_pct_2.0_0.5,linear(1h_previous_range_pct*2.0+30m_current_body_pct*0.5),linear,50.0,linear_pair,"[('1h_previous_range_pct', 2.0), ('30m_current_body_pct', 0.5)]"
SF_LIN2_1h_previous_range_pct_30m_current_body_pct_2.0_1.0,linear(1h_previous_range_pct*2.0+30m_current_body_pct*1.0),linear,50.0,linear_pair,"[('1h_previous_range_pct', 2.0), ('30m_current_body_pct', 1.0)]"
SF_LIN2_1h_previous_range_pct_30m_current_body_pct_2.0_1.5,linear(1h_previous_range_pct*2.0+30m_current_body_pct*1.5),linear,50.0,linear_pair,"[('1h_previous_range_pct', 2.0), ('30m_current_body_pct', 1.5)]"
SF_LIN2_1h_previous_range_pct_5m_range_energy_1.0_0.5,linear(1h_previous_range_pct*1.0+5m_range_energy*0.5),linear,50.0,linear_pair,"[('1h_previous_range_pct', 1.0), ('5m_range_energy', 0.5)]"
SF_LIN2_1h_previous_range_pct_5m_range_energy_1.0_1.0,linear(1h_previous_range_pct*1.0+5m_range_energy*1.0),linear,50.0,linear_pair,"[('1h_previous_range_pct', 1.0), ('5m_range_energy', 1.0)]"
SF_LIN2_1h_previous_range_pct_5m_range_energy_1.0_1.5,linear(1h_previous_range_pct*1.0+5m_range_energy*1.5),linear,50.0,linear_pair,"[('1h_previous_range_pct', 1.0), ('5m_range_energy', 1.5)]"
SF_LIN2_1h_previous_range_pct_5m_range_energy_2.0_0.5,linear(1h_previous_range_pct*2.0+5m_range_energy*0.5),linear,50.0,linear_pair,"[('1h_previous_range_pct', 2.0), ('5m_range_energy', 0.5)]"
SF_LIN2_1h_previous_range_pct_5m_range_energy_2.0_1.0,linear(1h_previous_range_pct*2.0+5m_range_energy*1.0),linear,50.0,linear_pair,"[('1h_previous_range_pct', 2.0), ('5m_range_energy', 1.0)]"
SF_LIN2_1h_previous_range_pct_5m_range_energy_2.0_1.5,linear(1h_previous_range_pct*2.0+5m_range_energy*1.5),linear,50.0,linear_pair,"[('1h_previous_range_pct', 2.0), ('5m_range_energy', 1.5)]"
SF_LIN2_1h_previous_range_pct_5m_seq_high_break_6_1.0_0.5,linear(1h_previous_range_pct*1.0+5m_seq_high_break_6*0.5),linear,50.0,linear_pair,"[('1h_previous_range_pct', 1.0), ('5m_seq_high_break_6', 0.5)]"
SF_LIN2_1h_previous_range_pct_5m_seq_high_break_6_1.0_1.0,linear(1h_previous_range_pct*1.0+5m_seq_high_break_6*1.0),linear,50.0,linear_pair,"[('1h_previous_range_pct', 1.0), ('5m_seq_high_break_6', 1.0)]"
SF_LIN2_1h_previous_range_pct_5m_seq_high_break_6_1.0_1.5,linear(1h_previous_range_pct*1.0+5m_seq_high_break_6*1.5),linear,50.0,linear_pair,"[('1h_previous_range_pct', 1.0), ('5m_seq_high_break_6', 1.5)]"
SF_LIN2_1h_previous_range_pct_5m_seq_high_break_6_2.0_0.5,linear(1h_previous_range_pct*2.0+5m_seq_high_break_6*0.5),linear,50.0,linear_pair,"[('1h_previous_range_pct', 2.0), ('5m_seq_high_break_6', 0.5)]"
SF_LIN2_1h_previous_range_pct_5m_seq_high_break_6_2.0_1.0,linear(1h_previous_range_pct*2.0+5m_seq_high_break_6*1.0),linear,50.0,linear_pair,"[('1h_previous_range_pct', 2.0), ('5m_seq_high_break_6', 1.0)]"
SF_LIN2_1h_previous_range_pct_5m_seq_high_break_6_2.0_1.5,linear(1h_previous_range_pct*2.0+5m_seq_high_break_6*1.5),linear,50.0,linear_pair,"[('1h_previous_range_pct', 2.0), ('5m_seq_high_break_6', 1.5)]"
SF_LIN2_1h_previous_return_pct_15m_current_compression_1.0_0.5,linear(1h_previous_return_pct*1.0+15m_current_compression*0.5),linear,50.0,linear_pair,"[('1h_previous_return_pct', 1.0), ('15m_current_compression', 0.5)]"
SF_LIN2_1h_previous_return_pct_15m_current_compression_1.0_1.0,linear(1h_previous_return_pct*1.0+15m_current_compression*1.0),linear,50.0,linear_pair,"[('1h_previous_return_pct', 1.0), ('15m_current_compression', 1.0)]"
SF_LIN2_1h_previous_return_pct_15m_current_compression_1.0_1.5,linear(1h_previous_return_pct*1.0+15m_current_compression*1.5),linear,50.0,linear_pair,"[('1h_previous_return_pct', 1.0), ('15m_current_compression', 1.5)]"
SF_LIN2_1h_previous_return_pct_15m_current_compression_2.0_0.5,linear(1h_previous_return_pct*2.0+15m_current_compression*0.5),linear,50.0,linear_pair,"[('1h_previous_return_pct', 2.0), ('15m_current_compression', 0.5)]"
SF_LIN2_1h_previous_return_pct_15m_current_compression_2.0_1.0,linear(1h_previous_return_pct*2.0+15m_current_compression*1.0),linear,50.0,linear_pair,"[('1h_previous_return_pct', 2.0), ('15m_current_compression', 1.0)]"
SF_LIN2_1h_previous_return_pct_15m_current_compression_2.0_1.5,linear(1h_previous_return_pct*2.0+15m_current_compression*1.5),linear,50.0,linear_pair,"[('1h_previous_return_pct', 2.0), ('15m_current_compression', 1.5)]"
SF_LIN2_1h_previous_return_pct_15m_current_return_pct_1.0_0.5,linear(1h_previous_return_pct*1.0+15m_current_return_pct*0.5),linear,50.0,linear_pair,"[('1h_previous_return_pct', 1.0), ('15m_current_return_pct', 0.5)]"
SF_LIN2_1h_previous_return_pct_15m_current_return_pct_1.0_1.0,linear(1h_previous_return_pct*1.0+15m_current_return_pct*1.0),linear,50.0,linear_pair,"[('1h_previous_return_pct', 1.0), ('15m_current_return_pct', 1.0)]"
SF_LIN2_1h_previous_return_pct_15m_current_return_pct_1.0_1.5,linear(1h_previous_return_pct*1.0+15m_current_return_pct*1.5),linear,50.0,linear_pair,"[('1h_previous_return_pct', 1.0), ('15m_current_return_pct', 1.5)]"
SF_LIN2_1h_previous_return_pct_15m_current_return_pct_2.0_0.5,linear(1h_previous_return_pct*2.0+15m_current_return_pct*0.5),linear,50.0,linear_pair,"[('1h_previous_return_pct', 2.0), ('15m_current_return_pct', 0.5)]"
SF_LIN2_1h_previous_return_pct_15m_current_return_pct_2.0_1.0,linear(1h_previous_return_pct*2.0+15m_current_return_pct*1.0),linear,50.0,linear_pair,"[('1h_previous_return_pct', 2.0), ('15m_current_return_pct', 1.0)]"
SF_LIN2_1h_previous_return_pct_15m_current_return_pct_2.0_1.5,linear(1h_previous_return_pct*2.0+15m_current_return_pct*1.5),linear,50.0,linear_pair,"[('1h_previous_return_pct', 2.0), ('15m_current_return_pct', 1.5)]"
SF_LIN2_1h_previous_return_pct_1h_current_volume_ratio_1.0_0.5,linear(1h_previous_return_pct*1.0+1h_current_volume_ratio*0.5),linear,50.0,linear_pair,"[('1h_previous_return_pct', 1.0), ('1h_current_volume_ratio', 0.5)]"
SF_LIN2_1h_previous_return_pct_1h_current_volume_ratio_1.0_1.0,linear(1h_previous_return_pct*1.0+1h_current_volume_ratio*1.0),linear,50.0,linear_pair,"[('1h_previous_return_pct', 1.0), ('1h_current_volume_ratio', 1.0)]"
SF_LIN2_1h_previous_return_pct_1h_current_volume_ratio_1.0_1.5,linear(1h_previous_return_pct*1.0+1h_current_volume_ratio*1.5),linear,50.0,linear_pair,"[('1h_previous_return_pct', 1.0), ('1h_current_volume_ratio', 1.5)]"
SF_LIN2_1h_previous_return_pct_1h_current_volume_ratio_2.0_0.5,linear(1h_previous_return_pct*2.0+1h_current_volume_ratio*0.5),linear,50.0,linear_pair,"[('1h_previous_return_pct', 2.0), ('1h_current_volume_ratio', 0.5)]"
SF_LIN2_1h_previous_return_pct_1h_current_volume_ratio_2.0_1.0,linear(1h_previous_return_pct*2.0+1h_current_volume_ratio*1.0),linear,50.0,linear_pair,"[('1h_previous_return_pct', 2.0), ('1h_current_volume_ratio', 1.0)]"
SF_LIN2_1h_previous_return_pct_1h_current_volume_ratio_2.0_1.5,linear(1h_previous_return_pct*2.0+1h_current_volume_ratio*1.5),linear,50.0,linear_pair,"[('1h_previous_return_pct', 2.0), ('1h_current_volume_ratio', 1.5)]"
SF_LIN2_1h_previous_return_pct_1h_previous_range_pct_1.0_0.5,linear(1h_previous_return_pct*1.0+1h_previous_range_pct*0.5),linear,50.0,linear_pair,"[('1h_previous_return_pct', 1.0), ('1h_previous_range_pct', 0.5)]"
SF_LIN2_1h_previous_return_pct_1h_previous_range_pct_1.0_1.0,linear(1h_previous_return_pct*1.0+1h_previous_range_pct*1.0),linear,50.0,linear_pair,"[('1h_previous_return_pct', 1.0), ('1h_previous_range_pct', 1.0)]"
SF_LIN2_1h_previous_return_pct_1h_previous_range_pct_1.0_1.5,linear(1h_previous_return_pct*1.0+1h_previous_range_pct*1.5),linear,50.0,linear_pair,"[('1h_previous_return_pct', 1.0), ('1h_previous_range_pct', 1.5)]"
SF_LIN2_1h_previous_return_pct_1h_previous_range_pct_2.0_0.5,linear(1h_previous_return_pct*2.0+1h_previous_range_pct*0.5),linear,50.0,linear_pair,"[('1h_previous_return_pct', 2.0), ('1h_previous_range_pct', 0.5)]"
SF_LIN2_1h_previous_return_pct_1h_previous_range_pct_2.0_1.0,linear(1h_previous_return_pct*2.0+1h_previous_range_pct*1.0),linear,50.0,linear_pair,"[('1h_previous_return_pct', 2.0), ('1h_previous_range_pct', 1.0)]"
SF_LIN2_1h_previous_return_pct_1h_previous_range_pct_2.0_1.5,linear(1h_previous_return_pct*2.0+1h_previous_range_pct*1.5),linear,50.0,linear_pair,"[('1h_previous_return_pct', 2.0), ('1h_previous_range_pct', 1.5)]"
SF_LIN2_1h_previous_return_pct_2h_current_compression_1.0_0.5,linear(1h_previous_return_pct*1.0+2h_current_compression*0.5),linear,50.0,linear_pair,"[('1h_previous_return_pct', 1.0), ('2h_current_compression', 0.5)]"
SF_LIN2_1h_previous_return_pct_2h_current_compression_1.0_1.0,linear(1h_previous_return_pct*1.0+2h_current_compression*1.0),linear,50.0,linear_pair,"[('1h_previous_return_pct', 1.0), ('2h_current_compression', 1.0)]"
SF_LIN2_1h_previous_return_pct_2h_current_compression_1.0_1.5,linear(1h_previous_return_pct*1.0+2h_current_compression*1.5),linear,50.0,linear_pair,"[('1h_previous_return_pct', 1.0), ('2h_current_compression', 1.5)]"
SF_LIN2_1h_previous_return_pct_2h_current_compression_2.0_0.5,linear(1h_previous_return_pct*2.0+2h_current_compression*0.5),linear,50.0,linear_pair,"[('1h_previous_return_pct', 2.0), ('2h_current_compression', 0.5)]"
SF_LIN2_1h_previous_return_pct_2h_current_compression_2.0_1.0,linear(1h_previous_return_pct*2.0+2h_current_compression*1.0),linear,50.0,linear_pair,"[('1h_previous_return_pct', 2.0), ('2h_current_compression', 1.0)]"
SF_LIN2_1h_previous_return_pct_2h_current_compression_2.0_1.5,linear(1h_previous_return_pct*2.0+2h_current_compression*1.5),linear,50.0,linear_pair,"[('1h_previous_return_pct', 2.0), ('2h_current_compression', 1.5)]"
SF_LIN2_1h_previous_return_pct_2h_current_range_pct_1.0_0.5,linear(1h_previous_return_pct*1.0+2h_current_range_pct*0.5),linear,50.0,linear_pair,"[('1h_previous_return_pct', 1.0), ('2h_current_range_pct', 0.5)]"
SF_LIN2_1h_previous_return_pct_2h_current_range_pct_1.0_1.0,linear(1h_previous_return_pct*1.0+2h_current_range_pct*1.0),linear,50.0,linear_pair,"[('1h_previous_return_pct', 1.0), ('2h_current_range_pct', 1.0)]"
SF_LIN2_1h_previous_return_pct_2h_current_range_pct_1.0_1.5,linear(1h_previous_return_pct*1.0+2h_current_range_pct*1.5),linear,50.0,linear_pair,"[('1h_previous_return_pct', 1.0), ('2h_current_range_pct', 1.5)]"
SF_LIN2_1h_previous_return_pct_2h_current_range_pct_2.0_0.5,linear(1h_previous_return_pct*2.0+2h_current_range_pct*0.5),linear,50.0,linear_pair,"[('1h_previous_return_pct', 2.0), ('2h_current_range_pct', 0.5)]"
SF_LIN2_1h_previous_return_pct_2h_current_range_pct_2.0_1.0,linear(1h_previous_return_pct*2.0+2h_current_range_pct*1.0),linear,50.0,linear_pair,"[('1h_previous_return_pct', 2.0), ('2h_current_range_pct', 1.0)]"
SF_LIN2_1h_previous_return_pct_2h_current_range_pct_2.0_1.5,linear(1h_previous_return_pct*2.0+2h_current_range_pct*1.5),linear,50.0,linear_pair,"[('1h_previous_return_pct', 2.0), ('2h_current_range_pct', 1.5)]"
SF_LIN2_1h_previous_return_pct_30m_current_body_pct_1.0_0.5,linear(1h_previous_return_pct*1.0+30m_current_body_pct*0.5),linear,50.0,linear_pair,"[('1h_previous_return_pct', 1.0), ('30m_current_body_pct', 0.5)]"
SF_LIN2_1h_previous_return_pct_30m_current_body_pct_1.0_1.0,linear(1h_previous_return_pct*1.0+30m_current_body_pct*1.0),linear,50.0,linear_pair,"[('1h_previous_return_pct', 1.0), ('30m_current_body_pct', 1.0)]"
SF_LIN2_1h_previous_return_pct_30m_current_body_pct_1.0_1.5,linear(1h_previous_return_pct*1.0+30m_current_body_pct*1.5),linear,50.0,linear_pair,"[('1h_previous_return_pct', 1.0), ('30m_current_body_pct', 1.5)]"
SF_LIN2_1h_previous_return_pct_30m_current_body_pct_2.0_0.5,linear(1h_previous_return_pct*2.0+30m_current_body_pct*0.5),linear,50.0,linear_pair,"[('1h_previous_return_pct', 2.0), ('30m_current_body_pct', 0.5)]"
SF_LIN2_1h_previous_return_pct_30m_current_body_pct_2.0_1.0,linear(1h_previous_return_pct*2.0+30m_current_body_pct*1.0),linear,50.0,linear_pair,"[('1h_previous_return_pct', 2.0), ('30m_current_body_pct', 1.0)]"
SF_LIN2_1h_previous_return_pct_30m_current_body_pct_2.0_1.5,linear(1h_previous_return_pct*2.0+30m_current_body_pct*1.5),linear,50.0,linear_pair,"[('1h_previous_return_pct', 2.0), ('30m_current_body_pct', 1.5)]"
SF_LIN2_1h_previous_return_pct_5m_range_energy_1.0_0.5,linear(1h_previous_return_pct*1.0+5m_range_energy*0.5),linear,50.0,linear_pair,"[('1h_previous_return_pct', 1.0), ('5m_range_energy', 0.5)]"
SF_LIN2_1h_previous_return_pct_5m_range_energy_1.0_1.0,linear(1h_previous_return_pct*1.0+5m_range_energy*1.0),linear,50.0,linear_pair,"[('1h_previous_return_pct', 1.0), ('5m_range_energy', 1.0)]"
SF_LIN2_1h_previous_return_pct_5m_range_energy_1.0_1.5,linear(1h_previous_return_pct*1.0+5m_range_energy*1.5),linear,50.0,linear_pair,"[('1h_previous_return_pct', 1.0), ('5m_range_energy', 1.5)]"
SF_LIN2_1h_previous_return_pct_5m_range_energy_2.0_0.5,linear(1h_previous_return_pct*2.0+5m_range_energy*0.5),linear,50.0,linear_pair,"[('1h_previous_return_pct', 2.0), ('5m_range_energy', 0.5)]"
SF_LIN2_1h_previous_return_pct_5m_range_energy_2.0_1.0,linear(1h_previous_return_pct*2.0+5m_range_energy*1.0),linear,50.0,linear_pair,"[('1h_previous_return_pct', 2.0), ('5m_range_energy', 1.0)]"
SF_LIN2_1h_previous_return_pct_5m_range_energy_2.0_1.5,linear(1h_previous_return_pct*2.0+5m_range_energy*1.5),linear,50.0,linear_pair,"[('1h_previous_return_pct', 2.0), ('5m_range_energy', 1.5)]"
SF_LIN2_1h_previous_return_pct_5m_seq_high_break_6_1.0_0.5,linear(1h_previous_return_pct*1.0+5m_seq_high_break_6*0.5),linear,50.0,linear_pair,"[('1h_previous_return_pct', 1.0), ('5m_seq_high_break_6', 0.5)]"
SF_LIN2_1h_previous_return_pct_5m_seq_high_break_6_1.0_1.0,linear(1h_previous_return_pct*1.0+5m_seq_high_break_6*1.0),linear,50.0,linear_pair,"[('1h_previous_return_pct', 1.0), ('5m_seq_high_break_6', 1.0)]"
SF_LIN2_1h_previous_return_pct_5m_seq_high_break_6_1.0_1.5,linear(1h_previous_return_pct*1.0+5m_seq_high_break_6*1.5),linear,50.0,linear_pair,"[('1h_previous_return_pct', 1.0), ('5m_seq_high_break_6', 1.5)]"
SF_LIN2_1h_previous_return_pct_5m_seq_high_break_6_2.0_0.5,linear(1h_previous_return_pct*2.0+5m_seq_high_break_6*0.5),linear,50.0,linear_pair,"[('1h_previous_return_pct', 2.0), ('5m_seq_high_break_6', 0.5)]"
SF_LIN2_1h_previous_return_pct_5m_seq_high_break_6_2.0_1.0,linear(1h_previous_return_pct*2.0+5m_seq_high_break_6*1.0),linear,50.0,linear_pair,"[('1h_previous_return_pct', 2.0), ('5m_seq_high_break_6', 1.0)]"
SF_LIN2_1h_previous_return_pct_5m_seq_high_break_6_2.0_1.5,linear(1h_previous_return_pct*2.0+5m_seq_high_break_6*1.5),linear,50.0,linear_pair,"[('1h_previous_return_pct', 2.0), ('5m_seq_high_break_6', 1.5)]"
SF_LIN2_1h_previous_return_pct_range_expansion_1.0_0.5,linear(1h_previous_return_pct*1.0+range_expansion*0.5),linear,50.0,linear_pair,"[('1h_previous_return_pct', 1.0), ('range_expansion', 0.5)]"
SF_LIN2_1h_previous_return_pct_range_expansion_1.0_1.0,linear(1h_previous_return_pct*1.0+range_expansion*1.0),linear,50.0,linear_pair,"[('1h_previous_return_pct', 1.0), ('range_expansion', 1.0)]"
SF_LIN2_1h_previous_return_pct_range_expansion_1.0_1.5,linear(1h_previous_return_pct*1.0+range_expansion*1.5),linear,50.0,linear_pair,"[('1h_previous_return_pct', 1.0), ('range_expansion', 1.5)]"
SF_LIN2_1h_previous_return_pct_range_expansion_2.0_0.5,linear(1h_previous_return_pct*2.0+range_expansion*0.5),linear,50.0,linear_pair,"[('1h_previous_return_pct', 2.0), ('range_expansion', 0.5)]"
SF_LIN2_1h_previous_return_pct_range_expansion_2.0_1.0,linear(1h_previous_return_pct*2.0+range_expansion*1.0),linear,50.0,linear_pair,"[('1h_previous_return_pct', 2.0), ('range_expansion', 1.0)]"
SF_LIN2_1h_previous_return_pct_range_expansion_2.0_1.5,linear(1h_previous_return_pct*2.0+range_expansion*1.5),linear,50.0,linear_pair,"[('1h_previous_return_pct', 2.0), ('range_expansion', 1.5)]"
SF_LIN2_2h_current_compression_15m_current_return_pct_1.0_0.5,linear(2h_current_compression*1.0+15m_current_return_pct*0.5),linear,50.0,linear_pair,"[('2h_current_compression', 1.0), ('15m_current_return_pct', 0.5)]"
SF_LIN2_2h_current_compression_15m_current_return_pct_1.0_1.0,linear(2h_current_compression*1.0+15m_current_return_pct*1.0),linear,50.0,linear_pair,"[('2h_current_compression', 1.0), ('15m_current_return_pct', 1.0)]"
SF_LIN2_2h_current_compression_15m_current_return_pct_1.0_1.5,linear(2h_current_compression*1.0+15m_current_return_pct*1.5),linear,50.0,linear_pair,"[('2h_current_compression', 1.0), ('15m_current_return_pct', 1.5)]"
SF_LIN2_2h_current_compression_15m_current_return_pct_2.0_0.5,linear(2h_current_compression*2.0+15m_current_return_pct*0.5),linear,50.0,linear_pair,"[('2h_current_compression', 2.0), ('15m_current_return_pct', 0.5)]"
SF_LIN2_2h_current_compression_15m_current_return_pct_2.0_1.0,linear(2h_current_compression*2.0+15m_current_return_pct*1.0),linear,50.0,linear_pair,"[('2h_current_compression', 2.0), ('15m_current_return_pct', 1.0)]"
SF_LIN2_2h_current_compression_15m_current_return_pct_2.0_1.5,linear(2h_current_compression*2.0+15m_current_return_pct*1.5),linear,50.0,linear_pair,"[('2h_current_compression', 2.0), ('15m_current_return_pct', 1.5)]"
SF_LIN2_2h_current_compression_1h_previous_range_pct_1.0_0.5,linear(2h_current_compression*1.0+1h_previous_range_pct*0.5),linear,50.0,linear_pair,"[('2h_current_compression', 1.0), ('1h_previous_range_pct', 0.5)]"
SF_LIN2_2h_current_compression_1h_previous_range_pct_1.0_1.0,linear(2h_current_compression*1.0+1h_previous_range_pct*1.0),linear,50.0,linear_pair,"[('2h_current_compression', 1.0), ('1h_previous_range_pct', 1.0)]"
SF_LIN2_2h_current_compression_1h_previous_range_pct_1.0_1.5,linear(2h_current_compression*1.0+1h_previous_range_pct*1.5),linear,50.0,linear_pair,"[('2h_current_compression', 1.0), ('1h_previous_range_pct', 1.5)]"
SF_LIN2_2h_current_compression_1h_previous_range_pct_2.0_0.5,linear(2h_current_compression*2.0+1h_previous_range_pct*0.5),linear,50.0,linear_pair,"[('2h_current_compression', 2.0), ('1h_previous_range_pct', 0.5)]"
SF_LIN2_2h_current_compression_1h_previous_range_pct_2.0_1.0,linear(2h_current_compression*2.0+1h_previous_range_pct*1.0),linear,50.0,linear_pair,"[('2h_current_compression', 2.0), ('1h_previous_range_pct', 1.0)]"
SF_LIN2_2h_current_compression_1h_previous_range_pct_2.0_1.5,linear(2h_current_compression*2.0+1h_previous_range_pct*1.5),linear,50.0,linear_pair,"[('2h_current_compression', 2.0), ('1h_previous_range_pct', 1.5)]"
SF_LIN2_2h_current_compression_2h_current_range_pct_1.0_0.5,linear(2h_current_compression*1.0+2h_current_range_pct*0.5),linear,50.0,linear_pair,"[('2h_current_compression', 1.0), ('2h_current_range_pct', 0.5)]"
SF_LIN2_2h_current_compression_2h_current_range_pct_1.0_1.0,linear(2h_current_compression*1.0+2h_current_range_pct*1.0),linear,50.0,linear_pair,"[('2h_current_compression', 1.0), ('2h_current_range_pct', 1.0)]"
SF_LIN2_2h_current_compression_2h_current_range_pct_1.0_1.5,linear(2h_current_compression*1.0+2h_current_range_pct*1.5),linear,50.0,linear_pair,"[('2h_current_compression', 1.0), ('2h_current_range_pct', 1.5)]"
SF_LIN2_2h_current_compression_2h_current_range_pct_2.0_0.5,linear(2h_current_compression*2.0+2h_current_range_pct*0.5),linear,50.0,linear_pair,"[('2h_current_compression', 2.0), ('2h_current_range_pct', 0.5)]"
SF_LIN2_2h_current_compression_2h_current_range_pct_2.0_1.0,linear(2h_current_compression*2.0+2h_current_range_pct*1.0),linear,50.0,linear_pair,"[('2h_current_compression', 2.0), ('2h_current_range_pct', 1.0)]"
SF_LIN2_2h_current_compression_2h_current_range_pct_2.0_1.5,linear(2h_current_compression*2.0+2h_current_range_pct*1.5),linear,50.0,linear_pair,"[('2h_current_compression', 2.0), ('2h_current_range_pct', 1.5)]"
SF_LIN2_2h_current_compression_30m_current_body_pct_1.0_0.5,linear(2h_current_compression*1.0+30m_current_body_pct*0.5),linear,50.0,linear_pair,"[('2h_current_compression', 1.0), ('30m_current_body_pct', 0.5)]"
SF_LIN2_2h_current_compression_30m_current_body_pct_1.0_1.0,linear(2h_current_compression*1.0+30m_current_body_pct*1.0),linear,50.0,linear_pair,"[('2h_current_compression', 1.0), ('30m_current_body_pct', 1.0)]"
SF_LIN2_2h_current_compression_30m_current_body_pct_1.0_1.5,linear(2h_current_compression*1.0+30m_current_body_pct*1.5),linear,50.0,linear_pair,"[('2h_current_compression', 1.0), ('30m_current_body_pct', 1.5)]"
SF_LIN2_2h_current_compression_30m_current_body_pct_2.0_0.5,linear(2h_current_compression*2.0+30m_current_body_pct*0.5),linear,50.0,linear_pair,"[('2h_current_compression', 2.0), ('30m_current_body_pct', 0.5)]"
SF_LIN2_2h_current_compression_30m_current_body_pct_2.0_1.0,linear(2h_current_compression*2.0+30m_current_body_pct*1.0),linear,50.0,linear_pair,"[('2h_current_compression', 2.0), ('30m_current_body_pct', 1.0)]"
SF_LIN2_2h_current_compression_30m_current_body_pct_2.0_1.5,linear(2h_current_compression*2.0+30m_current_body_pct*1.5),linear,50.0,linear_pair,"[('2h_current_compression', 2.0), ('30m_current_body_pct', 1.5)]"
SF_LIN2_2h_current_compression_5m_range_energy_1.0_0.5,linear(2h_current_compression*1.0+5m_range_energy*0.5),linear,50.0,linear_pair,"[('2h_current_compression', 1.0), ('5m_range_energy', 0.5)]"
SF_LIN2_2h_current_compression_5m_range_energy_1.0_1.0,linear(2h_current_compression*1.0+5m_range_energy*1.0),linear,50.0,linear_pair,"[('2h_current_compression', 1.0), ('5m_range_energy', 1.0)]"
SF_LIN2_2h_current_compression_5m_range_energy_1.0_1.5,linear(2h_current_compression*1.0+5m_range_energy*1.5),linear,50.0,linear_pair,"[('2h_current_compression', 1.0), ('5m_range_energy', 1.5)]"
SF_LIN2_2h_current_compression_5m_range_energy_2.0_0.5,linear(2h_current_compression*2.0+5m_range_energy*0.5),linear,50.0,linear_pair,"[('2h_current_compression', 2.0), ('5m_range_energy', 0.5)]"
SF_LIN2_2h_current_compression_5m_range_energy_2.0_1.0,linear(2h_current_compression*2.0+5m_range_energy*1.0),linear,50.0,linear_pair,"[('2h_current_compression', 2.0), ('5m_range_energy', 1.0)]"
SF_LIN2_2h_current_compression_5m_range_energy_2.0_1.5,linear(2h_current_compression*2.0+5m_range_energy*1.5),linear,50.0,linear_pair,"[('2h_current_compression', 2.0), ('5m_range_energy', 1.5)]"
SF_LIN2_2h_current_compression_5m_seq_high_break_6_1.0_0.5,linear(2h_current_compression*1.0+5m_seq_high_break_6*0.5),linear,50.0,linear_pair,"[('2h_current_compression', 1.0), ('5m_seq_high_break_6', 0.5)]"
SF_LIN2_2h_current_compression_5m_seq_high_break_6_1.0_1.0,linear(2h_current_compression*1.0+5m_seq_high_break_6*1.0),linear,50.0,linear_pair,"[('2h_current_compression', 1.0), ('5m_seq_high_break_6', 1.0)]"
SF_LIN2_2h_current_compression_5m_seq_high_break_6_1.0_1.5,linear(2h_current_compression*1.0+5m_seq_high_break_6*1.5),linear,50.0,linear_pair,"[('2h_current_compression', 1.0), ('5m_seq_high_break_6', 1.5)]"
SF_LIN2_2h_current_compression_5m_seq_high_break_6_2.0_0.5,linear(2h_current_compression*2.0+5m_seq_high_break_6*0.5),linear,50.0,linear_pair,"[('2h_current_compression', 2.0), ('5m_seq_high_break_6', 0.5)]"
SF_LIN2_2h_current_compression_5m_seq_high_break_6_2.0_1.0,linear(2h_current_compression*2.0+5m_seq_high_break_6*1.0),linear,50.0,linear_pair,"[('2h_current_compression', 2.0), ('5m_seq_high_break_6', 1.0)]"
SF_LIN2_2h_current_compression_5m_seq_high_break_6_2.0_1.5,linear(2h_current_compression*2.0+5m_seq_high_break_6*1.5),linear,50.0,linear_pair,"[('2h_current_compression', 2.0), ('5m_seq_high_break_6', 1.5)]"
SF_LIN2_2h_current_range_pct_15m_current_return_pct_1.0_0.5,linear(2h_current_range_pct*1.0+15m_current_return_pct*0.5),linear,50.0,linear_pair,"[('2h_current_range_pct', 1.0), ('15m_current_return_pct', 0.5)]"
SF_LIN2_2h_current_range_pct_15m_current_return_pct_1.0_1.0,linear(2h_current_range_pct*1.0+15m_current_return_pct*1.0),linear,50.0,linear_pair,"[('2h_current_range_pct', 1.0), ('15m_current_return_pct', 1.0)]"
SF_LIN2_2h_current_range_pct_15m_current_return_pct_1.0_1.5,linear(2h_current_range_pct*1.0+15m_current_return_pct*1.5),linear,50.0,linear_pair,"[('2h_current_range_pct', 1.0), ('15m_current_return_pct', 1.5)]"
SF_LIN2_2h_current_range_pct_15m_current_return_pct_2.0_0.5,linear(2h_current_range_pct*2.0+15m_current_return_pct*0.5),linear,50.0,linear_pair,"[('2h_current_range_pct', 2.0), ('15m_current_return_pct', 0.5)]"
SF_LIN2_2h_current_range_pct_15m_current_return_pct_2.0_1.0,linear(2h_current_range_pct*2.0+15m_current_return_pct*1.0),linear,50.0,linear_pair,"[('2h_current_range_pct', 2.0), ('15m_current_return_pct', 1.0)]"
SF_LIN2_2h_current_range_pct_15m_current_return_pct_2.0_1.5,linear(2h_current_range_pct*2.0+15m_current_return_pct*1.5),linear,50.0,linear_pair,"[('2h_current_range_pct', 2.0), ('15m_current_return_pct', 1.5)]"
SF_LIN2_2h_current_range_pct_5m_range_energy_1.0_0.5,linear(2h_current_range_pct*1.0+5m_range_energy*0.5),linear,50.0,linear_pair,"[('2h_current_range_pct', 1.0), ('5m_range_energy', 0.5)]"
SF_LIN2_2h_current_range_pct_5m_range_energy_1.0_1.0,linear(2h_current_range_pct*1.0+5m_range_energy*1.0),linear,50.0,linear_pair,"[('2h_current_range_pct', 1.0), ('5m_range_energy', 1.0)]"
SF_LIN2_2h_current_range_pct_5m_range_energy_1.0_1.5,linear(2h_current_range_pct*1.0+5m_range_energy*1.5),linear,50.0,linear_pair,"[('2h_current_range_pct', 1.0), ('5m_range_energy', 1.5)]"
SF_LIN2_2h_current_range_pct_5m_range_energy_2.0_0.5,linear(2h_current_range_pct*2.0+5m_range_energy*0.5),linear,50.0,linear_pair,"[('2h_current_range_pct', 2.0), ('5m_range_energy', 0.5)]"
SF_LIN2_2h_current_range_pct_5m_range_energy_2.0_1.0,linear(2h_current_range_pct*2.0+5m_range_energy*1.0),linear,50.0,linear_pair,"[('2h_current_range_pct', 2.0), ('5m_range_energy', 1.0)]"
SF_LIN2_2h_current_range_pct_5m_range_energy_2.0_1.5,linear(2h_current_range_pct*2.0+5m_range_energy*1.5),linear,50.0,linear_pair,"[('2h_current_range_pct', 2.0), ('5m_range_energy', 1.5)]"
SF_LIN2_2h_current_volume_ratio_15m_current_compression_1.0_0.5,linear(2h_current_volume_ratio*1.0+15m_current_compression*0.5),linear,50.0,linear_pair,"[('2h_current_volume_ratio', 1.0), ('15m_current_compression', 0.5)]"
SF_LIN2_2h_current_volume_ratio_15m_current_compression_1.0_1.0,linear(2h_current_volume_ratio*1.0+15m_current_compression*1.0),linear,50.0,linear_pair,"[('2h_current_volume_ratio', 1.0), ('15m_current_compression', 1.0)]"
SF_LIN2_2h_current_volume_ratio_15m_current_compression_1.0_1.5,linear(2h_current_volume_ratio*1.0+15m_current_compression*1.5),linear,50.0,linear_pair,"[('2h_current_volume_ratio', 1.0), ('15m_current_compression', 1.5)]"
SF_LIN2_2h_current_volume_ratio_15m_current_compression_2.0_0.5,linear(2h_current_volume_ratio*2.0+15m_current_compression*0.5),linear,50.0,linear_pair,"[('2h_current_volume_ratio', 2.0), ('15m_current_compression', 0.5)]"
SF_LIN2_2h_current_volume_ratio_15m_current_compression_2.0_1.0,linear(2h_current_volume_ratio*2.0+15m_current_compression*1.0),linear,50.0,linear_pair,"[('2h_current_volume_ratio', 2.0), ('15m_current_compression', 1.0)]"
SF_LIN2_2h_current_volume_ratio_15m_current_compression_2.0_1.5,linear(2h_current_volume_ratio*2.0+15m_current_compression*1.5),linear,50.0,linear_pair,"[('2h_current_volume_ratio', 2.0), ('15m_current_compression', 1.5)]"
SF_LIN2_2h_current_volume_ratio_15m_current_return_pct_1.0_0.5,linear(2h_current_volume_ratio*1.0+15m_current_return_pct*0.5),linear,50.0,linear_pair,"[('2h_current_volume_ratio', 1.0), ('15m_current_return_pct', 0.5)]"
SF_LIN2_2h_current_volume_ratio_15m_current_return_pct_1.0_1.0,linear(2h_current_volume_ratio*1.0+15m_current_return_pct*1.0),linear,50.0,linear_pair,"[('2h_current_volume_ratio', 1.0), ('15m_current_return_pct', 1.0)]"
SF_LIN2_2h_current_volume_ratio_15m_current_return_pct_1.0_1.5,linear(2h_current_volume_ratio*1.0+15m_current_return_pct*1.5),linear,50.0,linear_pair,"[('2h_current_volume_ratio', 1.0), ('15m_current_return_pct', 1.5)]"
SF_LIN2_2h_current_volume_ratio_15m_current_return_pct_2.0_0.5,linear(2h_current_volume_ratio*2.0+15m_current_return_pct*0.5),linear,50.0,linear_pair,"[('2h_current_volume_ratio', 2.0), ('15m_current_return_pct', 0.5)]"
SF_LIN2_2h_current_volume_ratio_15m_current_return_pct_2.0_1.0,linear(2h_current_volume_ratio*2.0+15m_current_return_pct*1.0),linear,50.0,linear_pair,"[('2h_current_volume_ratio', 2.0), ('15m_current_return_pct', 1.0)]"
SF_LIN2_2h_current_volume_ratio_15m_current_return_pct_2.0_1.5,linear(2h_current_volume_ratio*2.0+15m_current_return_pct*1.5),linear,50.0,linear_pair,"[('2h_current_volume_ratio', 2.0), ('15m_current_return_pct', 1.5)]"
SF_LIN2_2h_current_volume_ratio_15m_previous_compression_1.0_0.5,linear(2h_current_volume_ratio*1.0+15m_previous_compression*0.5),linear,50.0,linear_pair,"[('2h_current_volume_ratio', 1.0), ('15m_previous_compression', 0.5)]"
SF_LIN2_2h_current_volume_ratio_15m_previous_compression_1.0_1.0,linear(2h_current_volume_ratio*1.0+15m_previous_compression*1.0),linear,50.0,linear_pair,"[('2h_current_volume_ratio', 1.0), ('15m_previous_compression', 1.0)]"
SF_LIN2_2h_current_volume_ratio_15m_previous_compression_1.0_1.5,linear(2h_current_volume_ratio*1.0+15m_previous_compression*1.5),linear,50.0,linear_pair,"[('2h_current_volume_ratio', 1.0), ('15m_previous_compression', 1.5)]"
SF_LIN2_2h_current_volume_ratio_15m_previous_compression_2.0_0.5,linear(2h_current_volume_ratio*2.0+15m_previous_compression*0.5),linear,50.0,linear_pair,"[('2h_current_volume_ratio', 2.0), ('15m_previous_compression', 0.5)]"
SF_LIN2_2h_current_volume_ratio_15m_previous_compression_2.0_1.0,linear(2h_current_volume_ratio*2.0+15m_previous_compression*1.0),linear,50.0,linear_pair,"[('2h_current_volume_ratio', 2.0), ('15m_previous_compression', 1.0)]"
SF_LIN2_2h_current_volume_ratio_15m_previous_compression_2.0_1.5,linear(2h_current_volume_ratio*2.0+15m_previous_compression*1.5),linear,50.0,linear_pair,"[('2h_current_volume_ratio', 2.0), ('15m_previous_compression', 1.5)]"
SF_LIN2_2h_current_volume_ratio_1h_current_compression_1.0_0.5,linear(2h_current_volume_ratio*1.0+1h_current_compression*0.5),linear,50.0,linear_pair,"[('2h_current_volume_ratio', 1.0), ('1h_current_compression', 0.5)]"
SF_LIN2_2h_current_volume_ratio_1h_current_compression_1.0_1.0,linear(2h_current_volume_ratio*1.0+1h_current_compression*1.0),linear,50.0,linear_pair,"[('2h_current_volume_ratio', 1.0), ('1h_current_compression', 1.0)]"
SF_LIN2_2h_current_volume_ratio_1h_current_compression_1.0_1.5,linear(2h_current_volume_ratio*1.0+1h_current_compression*1.5),linear,50.0,linear_pair,"[('2h_current_volume_ratio', 1.0), ('1h_current_compression', 1.5)]"
SF_LIN2_2h_current_volume_ratio_1h_current_compression_2.0_0.5,linear(2h_current_volume_ratio*2.0+1h_current_compression*0.5),linear,50.0,linear_pair,"[('2h_current_volume_ratio', 2.0), ('1h_current_compression', 0.5)]"
SF_LIN2_2h_current_volume_ratio_1h_current_compression_2.0_1.0,linear(2h_current_volume_ratio*2.0+1h_current_compression*1.0),linear,50.0,linear_pair,"[('2h_current_volume_ratio', 2.0), ('1h_current_compression', 1.0)]"
SF_LIN2_2h_current_volume_ratio_1h_current_compression_2.0_1.5,linear(2h_current_volume_ratio*2.0+1h_current_compression*1.5),linear,50.0,linear_pair,"[('2h_current_volume_ratio', 2.0), ('1h_current_compression', 1.5)]"
SF_LIN2_2h_current_volume_ratio_1h_current_volume_ratio_1.0_0.5,linear(2h_current_volume_ratio*1.0+1h_current_volume_ratio*0.5),linear,50.0,linear_pair,"[('2h_current_volume_ratio', 1.0), ('1h_current_volume_ratio', 0.5)]"
SF_LIN2_2h_current_volume_ratio_1h_current_volume_ratio_1.0_1.0,linear(2h_current_volume_ratio*1.0+1h_current_volume_ratio*1.0),linear,50.0,linear_pair,"[('2h_current_volume_ratio', 1.0), ('1h_current_volume_ratio', 1.0)]"
SF_LIN2_2h_current_volume_ratio_1h_current_volume_ratio_1.0_1.5,linear(2h_current_volume_ratio*1.0+1h_current_volume_ratio*1.5),linear,50.0,linear_pair,"[('2h_current_volume_ratio', 1.0), ('1h_current_volume_ratio', 1.5)]"
SF_LIN2_2h_current_volume_ratio_1h_current_volume_ratio_2.0_0.5,linear(2h_current_volume_ratio*2.0+1h_current_volume_ratio*0.5),linear,50.0,linear_pair,"[('2h_current_volume_ratio', 2.0), ('1h_current_volume_ratio', 0.5)]"
SF_LIN2_2h_current_volume_ratio_1h_current_volume_ratio_2.0_1.0,linear(2h_current_volume_ratio*2.0+1h_current_volume_ratio*1.0),linear,50.0,linear_pair,"[('2h_current_volume_ratio', 2.0), ('1h_current_volume_ratio', 1.0)]"
SF_LIN2_2h_current_volume_ratio_1h_current_volume_ratio_2.0_1.5,linear(2h_current_volume_ratio*2.0+1h_current_volume_ratio*1.5),linear,50.0,linear_pair,"[('2h_current_volume_ratio', 2.0), ('1h_current_volume_ratio', 1.5)]"
SF_LIN2_2h_current_volume_ratio_1h_previous_range_pct_1.0_0.5,linear(2h_current_volume_ratio*1.0+1h_previous_range_pct*0.5),linear,50.0,linear_pair,"[('2h_current_volume_ratio', 1.0), ('1h_previous_range_pct', 0.5)]"
SF_LIN2_2h_current_volume_ratio_1h_previous_range_pct_1.0_1.0,linear(2h_current_volume_ratio*1.0+1h_previous_range_pct*1.0),linear,50.0,linear_pair,"[('2h_current_volume_ratio', 1.0), ('1h_previous_range_pct', 1.0)]"
SF_LIN2_2h_current_volume_ratio_1h_previous_range_pct_1.0_1.5,linear(2h_current_volume_ratio*1.0+1h_previous_range_pct*1.5),linear,50.0,linear_pair,"[('2h_current_volume_ratio', 1.0), ('1h_previous_range_pct', 1.5)]"
SF_LIN2_2h_current_volume_ratio_1h_previous_range_pct_2.0_0.5,linear(2h_current_volume_ratio*2.0+1h_previous_range_pct*0.5),linear,50.0,linear_pair,"[('2h_current_volume_ratio', 2.0), ('1h_previous_range_pct', 0.5)]"
SF_LIN2_2h_current_volume_ratio_1h_previous_range_pct_2.0_1.0,linear(2h_current_volume_ratio*2.0+1h_previous_range_pct*1.0),linear,50.0,linear_pair,"[('2h_current_volume_ratio', 2.0), ('1h_previous_range_pct', 1.0)]"
SF_LIN2_2h_current_volume_ratio_1h_previous_range_pct_2.0_1.5,linear(2h_current_volume_ratio*2.0+1h_previous_range_pct*1.5),linear,50.0,linear_pair,"[('2h_current_volume_ratio', 2.0), ('1h_previous_range_pct', 1.5)]"
SF_LIN2_2h_current_volume_ratio_1h_previous_return_pct_1.0_0.5,linear(2h_current_volume_ratio*1.0+1h_previous_return_pct*0.5),linear,50.0,linear_pair,"[('2h_current_volume_ratio', 1.0), ('1h_previous_return_pct', 0.5)]"
SF_LIN2_2h_current_volume_ratio_1h_previous_return_pct_1.0_1.0,linear(2h_current_volume_ratio*1.0+1h_previous_return_pct*1.0),linear,50.0,linear_pair,"[('2h_current_volume_ratio', 1.0), ('1h_previous_return_pct', 1.0)]"
SF_LIN2_2h_current_volume_ratio_1h_previous_return_pct_1.0_1.5,linear(2h_current_volume_ratio*1.0+1h_previous_return_pct*1.5),linear,50.0,linear_pair,"[('2h_current_volume_ratio', 1.0), ('1h_previous_return_pct', 1.5)]"
SF_LIN2_2h_current_volume_ratio_1h_previous_return_pct_2.0_0.5,linear(2h_current_volume_ratio*2.0+1h_previous_return_pct*0.5),linear,50.0,linear_pair,"[('2h_current_volume_ratio', 2.0), ('1h_previous_return_pct', 0.5)]"
SF_LIN2_2h_current_volume_ratio_1h_previous_return_pct_2.0_1.0,linear(2h_current_volume_ratio*2.0+1h_previous_return_pct*1.0),linear,50.0,linear_pair,"[('2h_current_volume_ratio', 2.0), ('1h_previous_return_pct', 1.0)]"
SF_LIN2_2h_current_volume_ratio_1h_previous_return_pct_2.0_1.5,linear(2h_current_volume_ratio*2.0+1h_previous_return_pct*1.5),linear,50.0,linear_pair,"[('2h_current_volume_ratio', 2.0), ('1h_previous_return_pct', 1.5)]"
SF_LIN2_2h_current_volume_ratio_2h_current_compression_1.0_0.5,linear(2h_current_volume_ratio*1.0+2h_current_compression*0.5),linear,50.0,linear_pair,"[('2h_current_volume_ratio', 1.0), ('2h_current_compression', 0.5)]"
SF_LIN2_2h_current_volume_ratio_2h_current_compression_1.0_1.0,linear(2h_current_volume_ratio*1.0+2h_current_compression*1.0),linear,50.0,linear_pair,"[('2h_current_volume_ratio', 1.0), ('2h_current_compression', 1.0)]"
SF_LIN2_2h_current_volume_ratio_2h_current_compression_1.0_1.5,linear(2h_current_volume_ratio*1.0+2h_current_compression*1.5),linear,50.0,linear_pair,"[('2h_current_volume_ratio', 1.0), ('2h_current_compression', 1.5)]"
SF_LIN2_2h_current_volume_ratio_2h_current_compression_2.0_0.5,linear(2h_current_volume_ratio*2.0+2h_current_compression*0.5),linear,50.0,linear_pair,"[('2h_current_volume_ratio', 2.0), ('2h_current_compression', 0.5)]"
SF_LIN2_2h_current_volume_ratio_2h_current_compression_2.0_1.0,linear(2h_current_volume_ratio*2.0+2h_current_compression*1.0),linear,50.0,linear_pair,"[('2h_current_volume_ratio', 2.0), ('2h_current_compression', 1.0)]"
SF_LIN2_2h_current_volume_ratio_2h_current_compression_2.0_1.5,linear(2h_current_volume_ratio*2.0+2h_current_compression*1.5),linear,50.0,linear_pair,"[('2h_current_volume_ratio', 2.0), ('2h_current_compression', 1.5)]"
SF_LIN2_2h_current_volume_ratio_2h_current_range_pct_1.0_0.5,linear(2h_current_volume_ratio*1.0+2h_current_range_pct*0.5),linear,50.0,linear_pair,"[('2h_current_volume_ratio', 1.0), ('2h_current_range_pct', 0.5)]"
SF_LIN2_2h_current_volume_ratio_2h_current_range_pct_1.0_1.0,linear(2h_current_volume_ratio*1.0+2h_current_range_pct*1.0),linear,50.0,linear_pair,"[('2h_current_volume_ratio', 1.0), ('2h_current_range_pct', 1.0)]"
SF_LIN2_2h_current_volume_ratio_2h_current_range_pct_1.0_1.5,linear(2h_current_volume_ratio*1.0+2h_current_range_pct*1.5),linear,50.0,linear_pair,"[('2h_current_volume_ratio', 1.0), ('2h_current_range_pct', 1.5)]"
SF_LIN2_2h_current_volume_ratio_2h_current_range_pct_2.0_0.5,linear(2h_current_volume_ratio*2.0+2h_current_range_pct*0.5),linear,50.0,linear_pair,"[('2h_current_volume_ratio', 2.0), ('2h_current_range_pct', 0.5)]"
SF_LIN2_2h_current_volume_ratio_2h_current_range_pct_2.0_1.0,linear(2h_current_volume_ratio*2.0+2h_current_range_pct*1.0),linear,50.0,linear_pair,"[('2h_current_volume_ratio', 2.0), ('2h_current_range_pct', 1.0)]"
SF_LIN2_2h_current_volume_ratio_2h_current_range_pct_2.0_1.5,linear(2h_current_volume_ratio*2.0+2h_current_range_pct*1.5),linear,50.0,linear_pair,"[('2h_current_volume_ratio', 2.0), ('2h_current_range_pct', 1.5)]"
SF_LIN2_2h_current_volume_ratio_30m_current_body_pct_1.0_0.5,linear(2h_current_volume_ratio*1.0+30m_current_body_pct*0.5),linear,50.0,linear_pair,"[('2h_current_volume_ratio', 1.0), ('30m_current_body_pct', 0.5)]"
SF_LIN2_2h_current_volume_ratio_30m_current_body_pct_1.0_1.0,linear(2h_current_volume_ratio*1.0+30m_current_body_pct*1.0),linear,50.0,linear_pair,"[('2h_current_volume_ratio', 1.0), ('30m_current_body_pct', 1.0)]"
SF_LIN2_2h_current_volume_ratio_30m_current_body_pct_1.0_1.5,linear(2h_current_volume_ratio*1.0+30m_current_body_pct*1.5),linear,50.0,linear_pair,"[('2h_current_volume_ratio', 1.0), ('30m_current_body_pct', 1.5)]"
SF_LIN2_2h_current_volume_ratio_30m_current_body_pct_2.0_0.5,linear(2h_current_volume_ratio*2.0+30m_current_body_pct*0.5),linear,50.0,linear_pair,"[('2h_current_volume_ratio', 2.0), ('30m_current_body_pct', 0.5)]"
SF_LIN2_2h_current_volume_ratio_30m_current_body_pct_2.0_1.0,linear(2h_current_volume_ratio*2.0+30m_current_body_pct*1.0),linear,50.0,linear_pair,"[('2h_current_volume_ratio', 2.0), ('30m_current_body_pct', 1.0)]"
SF_LIN2_2h_current_volume_ratio_30m_current_body_pct_2.0_1.5,linear(2h_current_volume_ratio*2.0+30m_current_body_pct*1.5),linear,50.0,linear_pair,"[('2h_current_volume_ratio', 2.0), ('30m_current_body_pct', 1.5)]"
SF_LIN2_2h_current_volume_ratio_30m_current_volume_ratio_1.0_0.5,linear(2h_current_volume_ratio*1.0+30m_current_volume_ratio*0.5),linear,50.0,linear_pair,"[('2h_current_volume_ratio', 1.0), ('30m_current_volume_ratio', 0.5)]"
SF_LIN2_2h_current_volume_ratio_30m_current_volume_ratio_1.0_1.0,linear(2h_current_volume_ratio*1.0+30m_current_volume_ratio*1.0),linear,50.0,linear_pair,"[('2h_current_volume_ratio', 1.0), ('30m_current_volume_ratio', 1.0)]"
SF_LIN2_2h_current_volume_ratio_30m_current_volume_ratio_1.0_1.5,linear(2h_current_volume_ratio*1.0+30m_current_volume_ratio*1.5),linear,50.0,linear_pair,"[('2h_current_volume_ratio', 1.0), ('30m_current_volume_ratio', 1.5)]"
SF_LIN2_2h_current_volume_ratio_30m_current_volume_ratio_2.0_0.5,linear(2h_current_volume_ratio*2.0+30m_current_volume_ratio*0.5),linear,50.0,linear_pair,"[('2h_current_volume_ratio', 2.0), ('30m_current_volume_ratio', 0.5)]"
SF_LIN2_2h_current_volume_ratio_30m_current_volume_ratio_2.0_1.0,linear(2h_current_volume_ratio*2.0+30m_current_volume_ratio*1.0),linear,50.0,linear_pair,"[('2h_current_volume_ratio', 2.0), ('30m_current_volume_ratio', 1.0)]"
SF_LIN2_2h_current_volume_ratio_30m_current_volume_ratio_2.0_1.5,linear(2h_current_volume_ratio*2.0+30m_current_volume_ratio*1.5),linear,50.0,linear_pair,"[('2h_current_volume_ratio', 2.0), ('30m_current_volume_ratio', 1.5)]"
SF_LIN2_2h_current_volume_ratio_5m_range_energy_1.0_0.5,linear(2h_current_volume_ratio*1.0+5m_range_energy*0.5),linear,50.0,linear_pair,"[('2h_current_volume_ratio', 1.0), ('5m_range_energy', 0.5)]"
SF_LIN2_2h_current_volume_ratio_5m_range_energy_1.0_1.0,linear(2h_current_volume_ratio*1.0+5m_range_energy*1.0),linear,50.0,linear_pair,"[('2h_current_volume_ratio', 1.0), ('5m_range_energy', 1.0)]"
SF_LIN2_2h_current_volume_ratio_5m_range_energy_1.0_1.5,linear(2h_current_volume_ratio*1.0+5m_range_energy*1.5),linear,50.0,linear_pair,"[('2h_current_volume_ratio', 1.0), ('5m_range_energy', 1.5)]"
SF_LIN2_2h_current_volume_ratio_5m_range_energy_2.0_0.5,linear(2h_current_volume_ratio*2.0+5m_range_energy*0.5),linear,50.0,linear_pair,"[('2h_current_volume_ratio', 2.0), ('5m_range_energy', 0.5)]"
SF_LIN2_2h_current_volume_ratio_5m_range_energy_2.0_1.0,linear(2h_current_volume_ratio*2.0+5m_range_energy*1.0),linear,50.0,linear_pair,"[('2h_current_volume_ratio', 2.0), ('5m_range_energy', 1.0)]"
SF_LIN2_2h_current_volume_ratio_5m_range_energy_2.0_1.5,linear(2h_current_volume_ratio*2.0+5m_range_energy*1.5),linear,50.0,linear_pair,"[('2h_current_volume_ratio', 2.0), ('5m_range_energy', 1.5)]"
SF_LIN2_2h_current_volume_ratio_5m_seq_high_break_6_1.0_0.5,linear(2h_current_volume_ratio*1.0+5m_seq_high_break_6*0.5),linear,50.0,linear_pair,"[('2h_current_volume_ratio', 1.0), ('5m_seq_high_break_6', 0.5)]"
SF_LIN2_2h_current_volume_ratio_5m_seq_high_break_6_1.0_1.0,linear(2h_current_volume_ratio*1.0+5m_seq_high_break_6*1.0),linear,50.0,linear_pair,"[('2h_current_volume_ratio', 1.0), ('5m_seq_high_break_6', 1.0)]"
SF_LIN2_2h_current_volume_ratio_5m_seq_high_break_6_1.0_1.5,linear(2h_current_volume_ratio*1.0+5m_seq_high_break_6*1.5),linear,50.0,linear_pair,"[('2h_current_volume_ratio', 1.0), ('5m_seq_high_break_6', 1.5)]"
SF_LIN2_2h_current_volume_ratio_5m_seq_high_break_6_2.0_0.5,linear(2h_current_volume_ratio*2.0+5m_seq_high_break_6*0.5),linear,50.0,linear_pair,"[('2h_current_volume_ratio', 2.0), ('5m_seq_high_break_6', 0.5)]"
SF_LIN2_2h_current_volume_ratio_5m_seq_high_break_6_2.0_1.0,linear(2h_current_volume_ratio*2.0+5m_seq_high_break_6*1.0),linear,50.0,linear_pair,"[('2h_current_volume_ratio', 2.0), ('5m_seq_high_break_6', 1.0)]"
SF_LIN2_2h_current_volume_ratio_5m_seq_high_break_6_2.0_1.5,linear(2h_current_volume_ratio*2.0+5m_seq_high_break_6*1.5),linear,50.0,linear_pair,"[('2h_current_volume_ratio', 2.0), ('5m_seq_high_break_6', 1.5)]"
SF_LIN2_2h_current_volume_ratio_range_expansion_1.0_0.5,linear(2h_current_volume_ratio*1.0+range_expansion*0.5),linear,50.0,linear_pair,"[('2h_current_volume_ratio', 1.0), ('range_expansion', 0.5)]"
SF_LIN2_2h_current_volume_ratio_range_expansion_1.0_1.0,linear(2h_current_volume_ratio*1.0+range_expansion*1.0),linear,50.0,linear_pair,"[('2h_current_volume_ratio', 1.0), ('range_expansion', 1.0)]"
SF_LIN2_2h_current_volume_ratio_range_expansion_1.0_1.5,linear(2h_current_volume_ratio*1.0+range_expansion*1.5),linear,50.0,linear_pair,"[('2h_current_volume_ratio', 1.0), ('range_expansion', 1.5)]"
SF_LIN2_2h_current_volume_ratio_range_expansion_2.0_0.5,linear(2h_current_volume_ratio*2.0+range_expansion*0.5),linear,50.0,linear_pair,"[('2h_current_volume_ratio', 2.0), ('range_expansion', 0.5)]"
SF_LIN2_2h_current_volume_ratio_range_expansion_2.0_1.0,linear(2h_current_volume_ratio*2.0+range_expansion*1.0),linear,50.0,linear_pair,"[('2h_current_volume_ratio', 2.0), ('range_expansion', 1.0)]"
SF_LIN2_2h_current_volume_ratio_range_expansion_2.0_1.5,linear(2h_current_volume_ratio*2.0+range_expansion*1.5),linear,50.0,linear_pair,"[('2h_current_volume_ratio', 2.0), ('range_expansion', 1.5)]"
SF_LIN2_30m_current_body_pct_15m_current_return_pct_1.0_0.5,linear(30m_current_body_pct*1.0+15m_current_return_pct*0.5),linear,50.0,linear_pair,"[('30m_current_body_pct', 1.0), ('15m_current_return_pct', 0.5)]"
SF_LIN2_30m_current_body_pct_15m_current_return_pct_1.0_1.0,linear(30m_current_body_pct*1.0+15m_current_return_pct*1.0),linear,50.0,linear_pair,"[('30m_current_body_pct', 1.0), ('15m_current_return_pct', 1.0)]"
SF_LIN2_30m_current_body_pct_15m_current_return_pct_1.0_1.5,linear(30m_current_body_pct*1.0+15m_current_return_pct*1.5),linear,50.0,linear_pair,"[('30m_current_body_pct', 1.0), ('15m_current_return_pct', 1.5)]"
SF_LIN2_30m_current_body_pct_15m_current_return_pct_2.0_0.5,linear(30m_current_body_pct*2.0+15m_current_return_pct*0.5),linear,50.0,linear_pair,"[('30m_current_body_pct', 2.0), ('15m_current_return_pct', 0.5)]"
SF_LIN2_30m_current_body_pct_15m_current_return_pct_2.0_1.0,linear(30m_current_body_pct*2.0+15m_current_return_pct*1.0),linear,50.0,linear_pair,"[('30m_current_body_pct', 2.0), ('15m_current_return_pct', 1.0)]"
SF_LIN2_30m_current_body_pct_15m_current_return_pct_2.0_1.5,linear(30m_current_body_pct*2.0+15m_current_return_pct*1.5),linear,50.0,linear_pair,"[('30m_current_body_pct', 2.0), ('15m_current_return_pct', 1.5)]"
SF_LIN2_30m_current_body_pct_2h_current_range_pct_1.0_0.5,linear(30m_current_body_pct*1.0+2h_current_range_pct*0.5),linear,50.0,linear_pair,"[('30m_current_body_pct', 1.0), ('2h_current_range_pct', 0.5)]"
SF_LIN2_30m_current_body_pct_2h_current_range_pct_1.0_1.0,linear(30m_current_body_pct*1.0+2h_current_range_pct*1.0),linear,50.0,linear_pair,"[('30m_current_body_pct', 1.0), ('2h_current_range_pct', 1.0)]"
SF_LIN2_30m_current_body_pct_2h_current_range_pct_1.0_1.5,linear(30m_current_body_pct*1.0+2h_current_range_pct*1.5),linear,50.0,linear_pair,"[('30m_current_body_pct', 1.0), ('2h_current_range_pct', 1.5)]"
SF_LIN2_30m_current_body_pct_2h_current_range_pct_2.0_0.5,linear(30m_current_body_pct*2.0+2h_current_range_pct*0.5),linear,50.0,linear_pair,"[('30m_current_body_pct', 2.0), ('2h_current_range_pct', 0.5)]"
SF_LIN2_30m_current_body_pct_2h_current_range_pct_2.0_1.0,linear(30m_current_body_pct*2.0+2h_current_range_pct*1.0),linear,50.0,linear_pair,"[('30m_current_body_pct', 2.0), ('2h_current_range_pct', 1.0)]"
SF_LIN2_30m_current_body_pct_2h_current_range_pct_2.0_1.5,linear(30m_current_body_pct*2.0+2h_current_range_pct*1.5),linear,50.0,linear_pair,"[('30m_current_body_pct', 2.0), ('2h_current_range_pct', 1.5)]"
SF_LIN2_30m_current_body_pct_5m_range_energy_1.0_0.5,linear(30m_current_body_pct*1.0+5m_range_energy*0.5),linear,50.0,linear_pair,"[('30m_current_body_pct', 1.0), ('5m_range_energy', 0.5)]"
SF_LIN2_30m_current_body_pct_5m_range_energy_1.0_1.0,linear(30m_current_body_pct*1.0+5m_range_energy*1.0),linear,50.0,linear_pair,"[('30m_current_body_pct', 1.0), ('5m_range_energy', 1.0)]"
SF_LIN2_30m_current_body_pct_5m_range_energy_1.0_1.5,linear(30m_current_body_pct*1.0+5m_range_energy*1.5),linear,50.0,linear_pair,"[('30m_current_body_pct', 1.0), ('5m_range_energy', 1.5)]"
SF_LIN2_30m_current_body_pct_5m_range_energy_2.0_0.5,linear(30m_current_body_pct*2.0+5m_range_energy*0.5),linear,50.0,linear_pair,"[('30m_current_body_pct', 2.0), ('5m_range_energy', 0.5)]"
SF_LIN2_30m_current_body_pct_5m_range_energy_2.0_1.0,linear(30m_current_body_pct*2.0+5m_range_energy*1.0),linear,50.0,linear_pair,"[('30m_current_body_pct', 2.0), ('5m_range_energy', 1.0)]"
SF_LIN2_30m_current_body_pct_5m_range_energy_2.0_1.5,linear(30m_current_body_pct*2.0+5m_range_energy*1.5),linear,50.0,linear_pair,"[('30m_current_body_pct', 2.0), ('5m_range_energy', 1.5)]"
SF_LIN2_30m_current_volume_ratio_15m_current_compression_1.0_0.5,linear(30m_current_volume_ratio*1.0+15m_current_compression*0.5),linear,50.0,linear_pair,"[('30m_current_volume_ratio', 1.0), ('15m_current_compression', 0.5)]"
SF_LIN2_30m_current_volume_ratio_15m_current_compression_1.0_1.0,linear(30m_current_volume_ratio*1.0+15m_current_compression*1.0),linear,50.0,linear_pair,"[('30m_current_volume_ratio', 1.0), ('15m_current_compression', 1.0)]"
SF_LIN2_30m_current_volume_ratio_15m_current_compression_1.0_1.5,linear(30m_current_volume_ratio*1.0+15m_current_compression*1.5),linear,50.0,linear_pair,"[('30m_current_volume_ratio', 1.0), ('15m_current_compression', 1.5)]"
SF_LIN2_30m_current_volume_ratio_15m_current_compression_2.0_0.5,linear(30m_current_volume_ratio*2.0+15m_current_compression*0.5),linear,50.0,linear_pair,"[('30m_current_volume_ratio', 2.0), ('15m_current_compression', 0.5)]"
SF_LIN2_30m_current_volume_ratio_15m_current_compression_2.0_1.0,linear(30m_current_volume_ratio*2.0+15m_current_compression*1.0),linear,50.0,linear_pair,"[('30m_current_volume_ratio', 2.0), ('15m_current_compression', 1.0)]"
SF_LIN2_30m_current_volume_ratio_15m_current_compression_2.0_1.5,linear(30m_current_volume_ratio*2.0+15m_current_compression*1.5),linear,50.0,linear_pair,"[('30m_current_volume_ratio', 2.0), ('15m_current_compression', 1.5)]"
SF_LIN2_30m_current_volume_ratio_15m_current_return_pct_1.0_0.5,linear(30m_current_volume_ratio*1.0+15m_current_return_pct*0.5),linear,50.0,linear_pair,"[('30m_current_volume_ratio', 1.0), ('15m_current_return_pct', 0.5)]"
SF_LIN2_30m_current_volume_ratio_15m_current_return_pct_1.0_1.0,linear(30m_current_volume_ratio*1.0+15m_current_return_pct*1.0),linear,50.0,linear_pair,"[('30m_current_volume_ratio', 1.0), ('15m_current_return_pct', 1.0)]"
SF_LIN2_30m_current_volume_ratio_15m_current_return_pct_1.0_1.5,linear(30m_current_volume_ratio*1.0+15m_current_return_pct*1.5),linear,50.0,linear_pair,"[('30m_current_volume_ratio', 1.0), ('15m_current_return_pct', 1.5)]"
SF_LIN2_30m_current_volume_ratio_15m_current_return_pct_2.0_0.5,linear(30m_current_volume_ratio*2.0+15m_current_return_pct*0.5),linear,50.0,linear_pair,"[('30m_current_volume_ratio', 2.0), ('15m_current_return_pct', 0.5)]"
SF_LIN2_30m_current_volume_ratio_15m_current_return_pct_2.0_1.0,linear(30m_current_volume_ratio*2.0+15m_current_return_pct*1.0),linear,50.0,linear_pair,"[('30m_current_volume_ratio', 2.0), ('15m_current_return_pct', 1.0)]"
SF_LIN2_30m_current_volume_ratio_15m_current_return_pct_2.0_1.5,linear(30m_current_volume_ratio*2.0+15m_current_return_pct*1.5),linear,50.0,linear_pair,"[('30m_current_volume_ratio', 2.0), ('15m_current_return_pct', 1.5)]"
SF_LIN2_30m_current_volume_ratio_15m_previous_compression_1.0_0.5,linear(30m_current_volume_ratio*1.0+15m_previous_compression*0.5),linear,50.0,linear_pair,"[('30m_current_volume_ratio', 1.0), ('15m_previous_compression', 0.5)]"
SF_LIN2_30m_current_volume_ratio_15m_previous_compression_1.0_1.0,linear(30m_current_volume_ratio*1.0+15m_previous_compression*1.0),linear,50.0,linear_pair,"[('30m_current_volume_ratio', 1.0), ('15m_previous_compression', 1.0)]"
SF_LIN2_30m_current_volume_ratio_15m_previous_compression_1.0_1.5,linear(30m_current_volume_ratio*1.0+15m_previous_compression*1.5),linear,50.0,linear_pair,"[('30m_current_volume_ratio', 1.0), ('15m_previous_compression', 1.5)]"
SF_LIN2_30m_current_volume_ratio_15m_previous_compression_2.0_0.5,linear(30m_current_volume_ratio*2.0+15m_previous_compression*0.5),linear,50.0,linear_pair,"[('30m_current_volume_ratio', 2.0), ('15m_previous_compression', 0.5)]"
SF_LIN2_30m_current_volume_ratio_15m_previous_compression_2.0_1.0,linear(30m_current_volume_ratio*2.0+15m_previous_compression*1.0),linear,50.0,linear_pair,"[('30m_current_volume_ratio', 2.0), ('15m_previous_compression', 1.0)]"
SF_LIN2_30m_current_volume_ratio_15m_previous_compression_2.0_1.5,linear(30m_current_volume_ratio*2.0+15m_previous_compression*1.5),linear,50.0,linear_pair,"[('30m_current_volume_ratio', 2.0), ('15m_previous_compression', 1.5)]"
SF_LIN2_30m_current_volume_ratio_1h_current_compression_1.0_0.5,linear(30m_current_volume_ratio*1.0+1h_current_compression*0.5),linear,50.0,linear_pair,"[('30m_current_volume_ratio', 1.0), ('1h_current_compression', 0.5)]"
SF_LIN2_30m_current_volume_ratio_1h_current_compression_1.0_1.0,linear(30m_current_volume_ratio*1.0+1h_current_compression*1.0),linear,50.0,linear_pair,"[('30m_current_volume_ratio', 1.0), ('1h_current_compression', 1.0)]"
SF_LIN2_30m_current_volume_ratio_1h_current_compression_1.0_1.5,linear(30m_current_volume_ratio*1.0+1h_current_compression*1.5),linear,50.0,linear_pair,"[('30m_current_volume_ratio', 1.0), ('1h_current_compression', 1.5)]"
SF_LIN2_30m_current_volume_ratio_1h_current_compression_2.0_0.5,linear(30m_current_volume_ratio*2.0+1h_current_compression*0.5),linear,50.0,linear_pair,"[('30m_current_volume_ratio', 2.0), ('1h_current_compression', 0.5)]"
SF_LIN2_30m_current_volume_ratio_1h_current_compression_2.0_1.0,linear(30m_current_volume_ratio*2.0+1h_current_compression*1.0),linear,50.0,linear_pair,"[('30m_current_volume_ratio', 2.0), ('1h_current_compression', 1.0)]"
SF_LIN2_30m_current_volume_ratio_1h_current_compression_2.0_1.5,linear(30m_current_volume_ratio*2.0+1h_current_compression*1.5),linear,50.0,linear_pair,"[('30m_current_volume_ratio', 2.0), ('1h_current_compression', 1.5)]"
SF_LIN2_30m_current_volume_ratio_1h_current_volume_ratio_1.0_0.5,linear(30m_current_volume_ratio*1.0+1h_current_volume_ratio*0.5),linear,50.0,linear_pair,"[('30m_current_volume_ratio', 1.0), ('1h_current_volume_ratio', 0.5)]"
SF_LIN2_30m_current_volume_ratio_1h_current_volume_ratio_1.0_1.0,linear(30m_current_volume_ratio*1.0+1h_current_volume_ratio*1.0),linear,50.0,linear_pair,"[('30m_current_volume_ratio', 1.0), ('1h_current_volume_ratio', 1.0)]"
SF_LIN2_30m_current_volume_ratio_1h_current_volume_ratio_1.0_1.5,linear(30m_current_volume_ratio*1.0+1h_current_volume_ratio*1.5),linear,50.0,linear_pair,"[('30m_current_volume_ratio', 1.0), ('1h_current_volume_ratio', 1.5)]"
SF_LIN2_30m_current_volume_ratio_1h_current_volume_ratio_2.0_0.5,linear(30m_current_volume_ratio*2.0+1h_current_volume_ratio*0.5),linear,50.0,linear_pair,"[('30m_current_volume_ratio', 2.0), ('1h_current_volume_ratio', 0.5)]"
SF_LIN2_30m_current_volume_ratio_1h_current_volume_ratio_2.0_1.0,linear(30m_current_volume_ratio*2.0+1h_current_volume_ratio*1.0),linear,50.0,linear_pair,"[('30m_current_volume_ratio', 2.0), ('1h_current_volume_ratio', 1.0)]"
SF_LIN2_30m_current_volume_ratio_1h_current_volume_ratio_2.0_1.5,linear(30m_current_volume_ratio*2.0+1h_current_volume_ratio*1.5),linear,50.0,linear_pair,"[('30m_current_volume_ratio', 2.0), ('1h_current_volume_ratio', 1.5)]"
SF_LIN2_30m_current_volume_ratio_1h_previous_range_pct_1.0_0.5,linear(30m_current_volume_ratio*1.0+1h_previous_range_pct*0.5),linear,50.0,linear_pair,"[('30m_current_volume_ratio', 1.0), ('1h_previous_range_pct', 0.5)]"
SF_LIN2_30m_current_volume_ratio_1h_previous_range_pct_1.0_1.0,linear(30m_current_volume_ratio*1.0+1h_previous_range_pct*1.0),linear,50.0,linear_pair,"[('30m_current_volume_ratio', 1.0), ('1h_previous_range_pct', 1.0)]"
SF_LIN2_30m_current_volume_ratio_1h_previous_range_pct_1.0_1.5,linear(30m_current_volume_ratio*1.0+1h_previous_range_pct*1.5),linear,50.0,linear_pair,"[('30m_current_volume_ratio', 1.0), ('1h_previous_range_pct', 1.5)]"
SF_LIN2_30m_current_volume_ratio_1h_previous_range_pct_2.0_0.5,linear(30m_current_volume_ratio*2.0+1h_previous_range_pct*0.5),linear,50.0,linear_pair,"[('30m_current_volume_ratio', 2.0), ('1h_previous_range_pct', 0.5)]"
SF_LIN2_30m_current_volume_ratio_1h_previous_range_pct_2.0_1.0,linear(30m_current_volume_ratio*2.0+1h_previous_range_pct*1.0),linear,50.0,linear_pair,"[('30m_current_volume_ratio', 2.0), ('1h_previous_range_pct', 1.0)]"
SF_LIN2_30m_current_volume_ratio_1h_previous_range_pct_2.0_1.5,linear(30m_current_volume_ratio*2.0+1h_previous_range_pct*1.5),linear,50.0,linear_pair,"[('30m_current_volume_ratio', 2.0), ('1h_previous_range_pct', 1.5)]"
SF_LIN2_30m_current_volume_ratio_1h_previous_return_pct_1.0_0.5,linear(30m_current_volume_ratio*1.0+1h_previous_return_pct*0.5),linear,50.0,linear_pair,"[('30m_current_volume_ratio', 1.0), ('1h_previous_return_pct', 0.5)]"
SF_LIN2_30m_current_volume_ratio_1h_previous_return_pct_1.0_1.0,linear(30m_current_volume_ratio*1.0+1h_previous_return_pct*1.0),linear,50.0,linear_pair,"[('30m_current_volume_ratio', 1.0), ('1h_previous_return_pct', 1.0)]"
SF_LIN2_30m_current_volume_ratio_1h_previous_return_pct_1.0_1.5,linear(30m_current_volume_ratio*1.0+1h_previous_return_pct*1.5),linear,50.0,linear_pair,"[('30m_current_volume_ratio', 1.0), ('1h_previous_return_pct', 1.5)]"
SF_LIN2_30m_current_volume_ratio_1h_previous_return_pct_2.0_0.5,linear(30m_current_volume_ratio*2.0+1h_previous_return_pct*0.5),linear,50.0,linear_pair,"[('30m_current_volume_ratio', 2.0), ('1h_previous_return_pct', 0.5)]"
SF_LIN2_30m_current_volume_ratio_1h_previous_return_pct_2.0_1.0,linear(30m_current_volume_ratio*2.0+1h_previous_return_pct*1.0),linear,50.0,linear_pair,"[('30m_current_volume_ratio', 2.0), ('1h_previous_return_pct', 1.0)]"
SF_LIN2_30m_current_volume_ratio_1h_previous_return_pct_2.0_1.5,linear(30m_current_volume_ratio*2.0+1h_previous_return_pct*1.5),linear,50.0,linear_pair,"[('30m_current_volume_ratio', 2.0), ('1h_previous_return_pct', 1.5)]"
SF_LIN2_30m_current_volume_ratio_2h_current_compression_1.0_0.5,linear(30m_current_volume_ratio*1.0+2h_current_compression*0.5),linear,50.0,linear_pair,"[('30m_current_volume_ratio', 1.0), ('2h_current_compression', 0.5)]"
SF_LIN2_30m_current_volume_ratio_2h_current_compression_1.0_1.0,linear(30m_current_volume_ratio*1.0+2h_current_compression*1.0),linear,50.0,linear_pair,"[('30m_current_volume_ratio', 1.0), ('2h_current_compression', 1.0)]"
SF_LIN2_30m_current_volume_ratio_2h_current_compression_1.0_1.5,linear(30m_current_volume_ratio*1.0+2h_current_compression*1.5),linear,50.0,linear_pair,"[('30m_current_volume_ratio', 1.0), ('2h_current_compression', 1.5)]"
SF_LIN2_30m_current_volume_ratio_2h_current_compression_2.0_0.5,linear(30m_current_volume_ratio*2.0+2h_current_compression*0.5),linear,50.0,linear_pair,"[('30m_current_volume_ratio', 2.0), ('2h_current_compression', 0.5)]"
SF_LIN2_30m_current_volume_ratio_2h_current_compression_2.0_1.0,linear(30m_current_volume_ratio*2.0+2h_current_compression*1.0),linear,50.0,linear_pair,"[('30m_current_volume_ratio', 2.0), ('2h_current_compression', 1.0)]"
SF_LIN2_30m_current_volume_ratio_2h_current_compression_2.0_1.5,linear(30m_current_volume_ratio*2.0+2h_current_compression*1.5),linear,50.0,linear_pair,"[('30m_current_volume_ratio', 2.0), ('2h_current_compression', 1.5)]"
SF_LIN2_30m_current_volume_ratio_2h_current_range_pct_1.0_0.5,linear(30m_current_volume_ratio*1.0+2h_current_range_pct*0.5),linear,50.0,linear_pair,"[('30m_current_volume_ratio', 1.0), ('2h_current_range_pct', 0.5)]"
SF_LIN2_30m_current_volume_ratio_2h_current_range_pct_1.0_1.0,linear(30m_current_volume_ratio*1.0+2h_current_range_pct*1.0),linear,50.0,linear_pair,"[('30m_current_volume_ratio', 1.0), ('2h_current_range_pct', 1.0)]"
SF_LIN2_30m_current_volume_ratio_2h_current_range_pct_1.0_1.5,linear(30m_current_volume_ratio*1.0+2h_current_range_pct*1.5),linear,50.0,linear_pair,"[('30m_current_volume_ratio', 1.0), ('2h_current_range_pct', 1.5)]"
SF_LIN2_30m_current_volume_ratio_2h_current_range_pct_2.0_0.5,linear(30m_current_volume_ratio*2.0+2h_current_range_pct*0.5),linear,50.0,linear_pair,"[('30m_current_volume_ratio', 2.0), ('2h_current_range_pct', 0.5)]"
SF_LIN2_30m_current_volume_ratio_2h_current_range_pct_2.0_1.0,linear(30m_current_volume_ratio*2.0+2h_current_range_pct*1.0),linear,50.0,linear_pair,"[('30m_current_volume_ratio', 2.0), ('2h_current_range_pct', 1.0)]"
SF_LIN2_30m_current_volume_ratio_2h_current_range_pct_2.0_1.5,linear(30m_current_volume_ratio*2.0+2h_current_range_pct*1.5),linear,50.0,linear_pair,"[('30m_current_volume_ratio', 2.0), ('2h_current_range_pct', 1.5)]"
SF_LIN2_30m_current_volume_ratio_30m_current_body_pct_1.0_0.5,linear(30m_current_volume_ratio*1.0+30m_current_body_pct*0.5),linear,50.0,linear_pair,"[('30m_current_volume_ratio', 1.0), ('30m_current_body_pct', 0.5)]"
SF_LIN2_30m_current_volume_ratio_30m_current_body_pct_1.0_1.0,linear(30m_current_volume_ratio*1.0+30m_current_body_pct*1.0),linear,50.0,linear_pair,"[('30m_current_volume_ratio', 1.0), ('30m_current_body_pct', 1.0)]"
SF_LIN2_30m_current_volume_ratio_30m_current_body_pct_1.0_1.5,linear(30m_current_volume_ratio*1.0+30m_current_body_pct*1.5),linear,50.0,linear_pair,"[('30m_current_volume_ratio', 1.0), ('30m_current_body_pct', 1.5)]"
SF_LIN2_30m_current_volume_ratio_30m_current_body_pct_2.0_0.5,linear(30m_current_volume_ratio*2.0+30m_current_body_pct*0.5),linear,50.0,linear_pair,"[('30m_current_volume_ratio', 2.0), ('30m_current_body_pct', 0.5)]"
SF_LIN2_30m_current_volume_ratio_30m_current_body_pct_2.0_1.0,linear(30m_current_volume_ratio*2.0+30m_current_body_pct*1.0),linear,50.0,linear_pair,"[('30m_current_volume_ratio', 2.0), ('30m_current_body_pct', 1.0)]"
SF_LIN2_30m_current_volume_ratio_30m_current_body_pct_2.0_1.5,linear(30m_current_volume_ratio*2.0+30m_current_body_pct*1.5),linear,50.0,linear_pair,"[('30m_current_volume_ratio', 2.0), ('30m_current_body_pct', 1.5)]"
SF_LIN2_30m_current_volume_ratio_5m_range_energy_1.0_0.5,linear(30m_current_volume_ratio*1.0+5m_range_energy*0.5),linear,50.0,linear_pair,"[('30m_current_volume_ratio', 1.0), ('5m_range_energy', 0.5)]"
SF_LIN2_30m_current_volume_ratio_5m_range_energy_1.0_1.0,linear(30m_current_volume_ratio*1.0+5m_range_energy*1.0),linear,50.0,linear_pair,"[('30m_current_volume_ratio', 1.0), ('5m_range_energy', 1.0)]"
SF_LIN2_30m_current_volume_ratio_5m_range_energy_1.0_1.5,linear(30m_current_volume_ratio*1.0+5m_range_energy*1.5),linear,50.0,linear_pair,"[('30m_current_volume_ratio', 1.0), ('5m_range_energy', 1.5)]"
SF_LIN2_30m_current_volume_ratio_5m_range_energy_2.0_0.5,linear(30m_current_volume_ratio*2.0+5m_range_energy*0.5),linear,50.0,linear_pair,"[('30m_current_volume_ratio', 2.0), ('5m_range_energy', 0.5)]"
SF_LIN2_30m_current_volume_ratio_5m_range_energy_2.0_1.0,linear(30m_current_volume_ratio*2.0+5m_range_energy*1.0),linear,50.0,linear_pair,"[('30m_current_volume_ratio', 2.0), ('5m_range_energy', 1.0)]"
SF_LIN2_30m_current_volume_ratio_5m_range_energy_2.0_1.5,linear(30m_current_volume_ratio*2.0+5m_range_energy*1.5),linear,50.0,linear_pair,"[('30m_current_volume_ratio', 2.0), ('5m_range_energy', 1.5)]"
SF_LIN2_30m_current_volume_ratio_5m_seq_high_break_6_1.0_0.5,linear(30m_current_volume_ratio*1.0+5m_seq_high_break_6*0.5),linear,50.0,linear_pair,"[('30m_current_volume_ratio', 1.0), ('5m_seq_high_break_6', 0.5)]"
SF_LIN2_30m_current_volume_ratio_5m_seq_high_break_6_1.0_1.0,linear(30m_current_volume_ratio*1.0+5m_seq_high_break_6*1.0),linear,50.0,linear_pair,"[('30m_current_volume_ratio', 1.0), ('5m_seq_high_break_6', 1.0)]"
SF_LIN2_30m_current_volume_ratio_5m_seq_high_break_6_1.0_1.5,linear(30m_current_volume_ratio*1.0+5m_seq_high_break_6*1.5),linear,50.0,linear_pair,"[('30m_current_volume_ratio', 1.0), ('5m_seq_high_break_6', 1.5)]"
SF_LIN2_30m_current_volume_ratio_5m_seq_high_break_6_2.0_0.5,linear(30m_current_volume_ratio*2.0+5m_seq_high_break_6*0.5),linear,50.0,linear_pair,"[('30m_current_volume_ratio', 2.0), ('5m_seq_high_break_6', 0.5)]"
SF_LIN2_30m_current_volume_ratio_5m_seq_high_break_6_2.0_1.0,linear(30m_current_volume_ratio*2.0+5m_seq_high_break_6*1.0),linear,50.0,linear_pair,"[('30m_current_volume_ratio', 2.0), ('5m_seq_high_break_6', 1.0)]"
SF_LIN2_30m_current_volume_ratio_5m_seq_high_break_6_2.0_1.5,linear(30m_current_volume_ratio*2.0+5m_seq_high_break_6*1.5),linear,50.0,linear_pair,"[('30m_current_volume_ratio', 2.0), ('5m_seq_high_break_6', 1.5)]"
SF_LIN2_30m_current_volume_ratio_range_expansion_1.0_0.5,linear(30m_current_volume_ratio*1.0+range_expansion*0.5),linear,50.0,linear_pair,"[('30m_current_volume_ratio', 1.0), ('range_expansion', 0.5)]"
SF_LIN2_30m_current_volume_ratio_range_expansion_1.0_1.0,linear(30m_current_volume_ratio*1.0+range_expansion*1.0),linear,50.0,linear_pair,"[('30m_current_volume_ratio', 1.0), ('range_expansion', 1.0)]"
SF_LIN2_30m_current_volume_ratio_range_expansion_1.0_1.5,linear(30m_current_volume_ratio*1.0+range_expansion*1.5),linear,50.0,linear_pair,"[('30m_current_volume_ratio', 1.0), ('range_expansion', 1.5)]"
SF_LIN2_30m_current_volume_ratio_range_expansion_2.0_0.5,linear(30m_current_volume_ratio*2.0+range_expansion*0.5),linear,50.0,linear_pair,"[('30m_current_volume_ratio', 2.0), ('range_expansion', 0.5)]"
SF_LIN2_30m_current_volume_ratio_range_expansion_2.0_1.0,linear(30m_current_volume_ratio*2.0+range_expansion*1.0),linear,50.0,linear_pair,"[('30m_current_volume_ratio', 2.0), ('range_expansion', 1.0)]"
SF_LIN2_30m_current_volume_ratio_range_expansion_2.0_1.5,linear(30m_current_volume_ratio*2.0+range_expansion*1.5),linear,50.0,linear_pair,"[('30m_current_volume_ratio', 2.0), ('range_expansion', 1.5)]"
SF_LIN2_5m_seq_high_break_6_15m_current_return_pct_1.0_0.5,linear(5m_seq_high_break_6*1.0+15m_current_return_pct*0.5),linear,50.0,linear_pair,"[('5m_seq_high_break_6', 1.0), ('15m_current_return_pct', 0.5)]"
SF_LIN2_5m_seq_high_break_6_15m_current_return_pct_1.0_1.0,linear(5m_seq_high_break_6*1.0+15m_current_return_pct*1.0),linear,50.0,linear_pair,"[('5m_seq_high_break_6', 1.0), ('15m_current_return_pct', 1.0)]"
SF_LIN2_5m_seq_high_break_6_15m_current_return_pct_1.0_1.5,linear(5m_seq_high_break_6*1.0+15m_current_return_pct*1.5),linear,50.0,linear_pair,"[('5m_seq_high_break_6', 1.0), ('15m_current_return_pct', 1.5)]"
SF_LIN2_5m_seq_high_break_6_15m_current_return_pct_2.0_0.5,linear(5m_seq_high_break_6*2.0+15m_current_return_pct*0.5),linear,50.0,linear_pair,"[('5m_seq_high_break_6', 2.0), ('15m_current_return_pct', 0.5)]"
SF_LIN2_5m_seq_high_break_6_15m_current_return_pct_2.0_1.0,linear(5m_seq_high_break_6*2.0+15m_current_return_pct*1.0),linear,50.0,linear_pair,"[('5m_seq_high_break_6', 2.0), ('15m_current_return_pct', 1.0)]"
SF_LIN2_5m_seq_high_break_6_15m_current_return_pct_2.0_1.5,linear(5m_seq_high_break_6*2.0+15m_current_return_pct*1.5),linear,50.0,linear_pair,"[('5m_seq_high_break_6', 2.0), ('15m_current_return_pct', 1.5)]"
SF_LIN2_5m_seq_high_break_6_2h_current_range_pct_1.0_0.5,linear(5m_seq_high_break_6*1.0+2h_current_range_pct*0.5),linear,50.0,linear_pair,"[('5m_seq_high_break_6', 1.0), ('2h_current_range_pct', 0.5)]"
SF_LIN2_5m_seq_high_break_6_2h_current_range_pct_1.0_1.0,linear(5m_seq_high_break_6*1.0+2h_current_range_pct*1.0),linear,50.0,linear_pair,"[('5m_seq_high_break_6', 1.0), ('2h_current_range_pct', 1.0)]"
SF_LIN2_5m_seq_high_break_6_2h_current_range_pct_1.0_1.5,linear(5m_seq_high_break_6*1.0+2h_current_range_pct*1.5),linear,50.0,linear_pair,"[('5m_seq_high_break_6', 1.0), ('2h_current_range_pct', 1.5)]"
SF_LIN2_5m_seq_high_break_6_2h_current_range_pct_2.0_0.5,linear(5m_seq_high_break_6*2.0+2h_current_range_pct*0.5),linear,50.0,linear_pair,"[('5m_seq_high_break_6', 2.0), ('2h_current_range_pct', 0.5)]"
SF_LIN2_5m_seq_high_break_6_2h_current_range_pct_2.0_1.0,linear(5m_seq_high_break_6*2.0+2h_current_range_pct*1.0),linear,50.0,linear_pair,"[('5m_seq_high_break_6', 2.0), ('2h_current_range_pct', 1.0)]"
SF_LIN2_5m_seq_high_break_6_2h_current_range_pct_2.0_1.5,linear(5m_seq_high_break_6*2.0+2h_current_range_pct*1.5),linear,50.0,linear_pair,"[('5m_seq_high_break_6', 2.0), ('2h_current_range_pct', 1.5)]"
SF_LIN2_5m_seq_high_break_6_30m_current_body_pct_1.0_0.5,linear(5m_seq_high_break_6*1.0+30m_current_body_pct*0.5),linear,50.0,linear_pair,"[('5m_seq_high_break_6', 1.0), ('30m_current_body_pct', 0.5)]"
SF_LIN2_5m_seq_high_break_6_30m_current_body_pct_1.0_1.0,linear(5m_seq_high_break_6*1.0+30m_current_body_pct*1.0),linear,50.0,linear_pair,"[('5m_seq_high_break_6', 1.0), ('30m_current_body_pct', 1.0)]"
SF_LIN2_5m_seq_high_break_6_30m_current_body_pct_1.0_1.5,linear(5m_seq_high_break_6*1.0+30m_current_body_pct*1.5),linear,50.0,linear_pair,"[('5m_seq_high_break_6', 1.0), ('30m_current_body_pct', 1.5)]"
SF_LIN2_5m_seq_high_break_6_30m_current_body_pct_2.0_0.5,linear(5m_seq_high_break_6*2.0+30m_current_body_pct*0.5),linear,50.0,linear_pair,"[('5m_seq_high_break_6', 2.0), ('30m_current_body_pct', 0.5)]"
SF_LIN2_5m_seq_high_break_6_30m_current_body_pct_2.0_1.0,linear(5m_seq_high_break_6*2.0+30m_current_body_pct*1.0),linear,50.0,linear_pair,"[('5m_seq_high_break_6', 2.0), ('30m_current_body_pct', 1.0)]"
SF_LIN2_5m_seq_high_break_6_30m_current_body_pct_2.0_1.5,linear(5m_seq_high_break_6*2.0+30m_current_body_pct*1.5),linear,50.0,linear_pair,"[('5m_seq_high_break_6', 2.0), ('30m_current_body_pct', 1.5)]"
SF_LIN2_5m_seq_high_break_6_5m_range_energy_1.0_0.5,linear(5m_seq_high_break_6*1.0+5m_range_energy*0.5),linear,50.0,linear_pair,"[('5m_seq_high_break_6', 1.0), ('5m_range_energy', 0.5)]"
SF_LIN2_5m_seq_high_break_6_5m_range_energy_1.0_1.0,linear(5m_seq_high_break_6*1.0+5m_range_energy*1.0),linear,50.0,linear_pair,"[('5m_seq_high_break_6', 1.0), ('5m_range_energy', 1.0)]"
SF_LIN2_5m_seq_high_break_6_5m_range_energy_1.0_1.5,linear(5m_seq_high_break_6*1.0+5m_range_energy*1.5),linear,50.0,linear_pair,"[('5m_seq_high_break_6', 1.0), ('5m_range_energy', 1.5)]"
SF_LIN2_5m_seq_high_break_6_5m_range_energy_2.0_0.5,linear(5m_seq_high_break_6*2.0+5m_range_energy*0.5),linear,50.0,linear_pair,"[('5m_seq_high_break_6', 2.0), ('5m_range_energy', 0.5)]"
SF_LIN2_5m_seq_high_break_6_5m_range_energy_2.0_1.0,linear(5m_seq_high_break_6*2.0+5m_range_energy*1.0),linear,50.0,linear_pair,"[('5m_seq_high_break_6', 2.0), ('5m_range_energy', 1.0)]"
SF_LIN2_5m_seq_high_break_6_5m_range_energy_2.0_1.5,linear(5m_seq_high_break_6*2.0+5m_range_energy*1.5),linear,50.0,linear_pair,"[('5m_seq_high_break_6', 2.0), ('5m_range_energy', 1.5)]"
SF_LIN2_range_expansion_15m_current_compression_1.0_0.5,linear(range_expansion*1.0+15m_current_compression*0.5),linear,50.0,linear_pair,"[('range_expansion', 1.0), ('15m_current_compression', 0.5)]"
SF_LIN2_range_expansion_15m_current_compression_1.0_1.0,linear(range_expansion*1.0+15m_current_compression*1.0),linear,50.0,linear_pair,"[('range_expansion', 1.0), ('15m_current_compression', 1.0)]"
SF_LIN2_range_expansion_15m_current_compression_1.0_1.5,linear(range_expansion*1.0+15m_current_compression*1.5),linear,50.0,linear_pair,"[('range_expansion', 1.0), ('15m_current_compression', 1.5)]"
SF_LIN2_range_expansion_15m_current_compression_2.0_0.5,linear(range_expansion*2.0+15m_current_compression*0.5),linear,50.0,linear_pair,"[('range_expansion', 2.0), ('15m_current_compression', 0.5)]"
SF_LIN2_range_expansion_15m_current_compression_2.0_1.0,linear(range_expansion*2.0+15m_current_compression*1.0),linear,50.0,linear_pair,"[('range_expansion', 2.0), ('15m_current_compression', 1.0)]"
SF_LIN2_range_expansion_15m_current_compression_2.0_1.5,linear(range_expansion*2.0+15m_current_compression*1.5),linear,50.0,linear_pair,"[('range_expansion', 2.0), ('15m_current_compression', 1.5)]"
SF_LIN2_range_expansion_15m_current_return_pct_1.0_0.5,linear(range_expansion*1.0+15m_current_return_pct*0.5),linear,50.0,linear_pair,"[('range_expansion', 1.0), ('15m_current_return_pct', 0.5)]"
SF_LIN2_range_expansion_15m_current_return_pct_1.0_1.0,linear(range_expansion*1.0+15m_current_return_pct*1.0),linear,50.0,linear_pair,"[('range_expansion', 1.0), ('15m_current_return_pct', 1.0)]"
SF_LIN2_range_expansion_15m_current_return_pct_1.0_1.5,linear(range_expansion*1.0+15m_current_return_pct*1.5),linear,50.0,linear_pair,"[('range_expansion', 1.0), ('15m_current_return_pct', 1.5)]"
SF_LIN2_range_expansion_15m_current_return_pct_2.0_0.5,linear(range_expansion*2.0+15m_current_return_pct*0.5),linear,50.0,linear_pair,"[('range_expansion', 2.0), ('15m_current_return_pct', 0.5)]"
SF_LIN2_range_expansion_15m_current_return_pct_2.0_1.0,linear(range_expansion*2.0+15m_current_return_pct*1.0),linear,50.0,linear_pair,"[('range_expansion', 2.0), ('15m_current_return_pct', 1.0)]"
SF_LIN2_range_expansion_15m_current_return_pct_2.0_1.5,linear(range_expansion*2.0+15m_current_return_pct*1.5),linear,50.0,linear_pair,"[('range_expansion', 2.0), ('15m_current_return_pct', 1.5)]"
SF_LIN2_range_expansion_1h_current_volume_ratio_1.0_0.5,linear(range_expansion*1.0+1h_current_volume_ratio*0.5),linear,50.0,linear_pair,"[('range_expansion', 1.0), ('1h_current_volume_ratio', 0.5)]"
SF_LIN2_range_expansion_1h_current_volume_ratio_1.0_1.0,linear(range_expansion*1.0+1h_current_volume_ratio*1.0),linear,50.0,linear_pair,"[('range_expansion', 1.0), ('1h_current_volume_ratio', 1.0)]"
SF_LIN2_range_expansion_1h_current_volume_ratio_1.0_1.5,linear(range_expansion*1.0+1h_current_volume_ratio*1.5),linear,50.0,linear_pair,"[('range_expansion', 1.0), ('1h_current_volume_ratio', 1.5)]"
SF_LIN2_range_expansion_1h_current_volume_ratio_2.0_0.5,linear(range_expansion*2.0+1h_current_volume_ratio*0.5),linear,50.0,linear_pair,"[('range_expansion', 2.0), ('1h_current_volume_ratio', 0.5)]"
SF_LIN2_range_expansion_1h_current_volume_ratio_2.0_1.0,linear(range_expansion*2.0+1h_current_volume_ratio*1.0),linear,50.0,linear_pair,"[('range_expansion', 2.0), ('1h_current_volume_ratio', 1.0)]"
SF_LIN2_range_expansion_1h_current_volume_ratio_2.0_1.5,linear(range_expansion*2.0+1h_current_volume_ratio*1.5),linear,50.0,linear_pair,"[('range_expansion', 2.0), ('1h_current_volume_ratio', 1.5)]"
SF_LIN2_range_expansion_1h_previous_range_pct_1.0_0.5,linear(range_expansion*1.0+1h_previous_range_pct*0.5),linear,50.0,linear_pair,"[('range_expansion', 1.0), ('1h_previous_range_pct', 0.5)]"
SF_LIN2_range_expansion_1h_previous_range_pct_1.0_1.0,linear(range_expansion*1.0+1h_previous_range_pct*1.0),linear,50.0,linear_pair,"[('range_expansion', 1.0), ('1h_previous_range_pct', 1.0)]"
SF_LIN2_range_expansion_1h_previous_range_pct_1.0_1.5,linear(range_expansion*1.0+1h_previous_range_pct*1.5),linear,50.0,linear_pair,"[('range_expansion', 1.0), ('1h_previous_range_pct', 1.5)]"
SF_LIN2_range_expansion_1h_previous_range_pct_2.0_0.5,linear(range_expansion*2.0+1h_previous_range_pct*0.5),linear,50.0,linear_pair,"[('range_expansion', 2.0), ('1h_previous_range_pct', 0.5)]"
SF_LIN2_range_expansion_1h_previous_range_pct_2.0_1.0,linear(range_expansion*2.0+1h_previous_range_pct*1.0),linear,50.0,linear_pair,"[('range_expansion', 2.0), ('1h_previous_range_pct', 1.0)]"
SF_LIN2_range_expansion_1h_previous_range_pct_2.0_1.5,linear(range_expansion*2.0+1h_previous_range_pct*1.5),linear,50.0,linear_pair,"[('range_expansion', 2.0), ('1h_previous_range_pct', 1.5)]"
SF_LIN2_range_expansion_2h_current_compression_1.0_0.5,linear(range_expansion*1.0+2h_current_compression*0.5),linear,50.0,linear_pair,"[('range_expansion', 1.0), ('2h_current_compression', 0.5)]"
SF_LIN2_range_expansion_2h_current_compression_1.0_1.0,linear(range_expansion*1.0+2h_current_compression*1.0),linear,50.0,linear_pair,"[('range_expansion', 1.0), ('2h_current_compression', 1.0)]"
SF_LIN2_range_expansion_2h_current_compression_1.0_1.5,linear(range_expansion*1.0+2h_current_compression*1.5),linear,50.0,linear_pair,"[('range_expansion', 1.0), ('2h_current_compression', 1.5)]"
SF_LIN2_range_expansion_2h_current_compression_2.0_0.5,linear(range_expansion*2.0+2h_current_compression*0.5),linear,50.0,linear_pair,"[('range_expansion', 2.0), ('2h_current_compression', 0.5)]"
SF_LIN2_range_expansion_2h_current_compression_2.0_1.0,linear(range_expansion*2.0+2h_current_compression*1.0),linear,50.0,linear_pair,"[('range_expansion', 2.0), ('2h_current_compression', 1.0)]"
SF_LIN2_range_expansion_2h_current_compression_2.0_1.5,linear(range_expansion*2.0+2h_current_compression*1.5),linear,50.0,linear_pair,"[('range_expansion', 2.0), ('2h_current_compression', 1.5)]"
SF_LIN2_range_expansion_2h_current_range_pct_1.0_0.5,linear(range_expansion*1.0+2h_current_range_pct*0.5),linear,50.0,linear_pair,"[('range_expansion', 1.0), ('2h_current_range_pct', 0.5)]"
SF_LIN2_range_expansion_2h_current_range_pct_1.0_1.0,linear(range_expansion*1.0+2h_current_range_pct*1.0),linear,50.0,linear_pair,"[('range_expansion', 1.0), ('2h_current_range_pct', 1.0)]"
SF_LIN2_range_expansion_2h_current_range_pct_1.0_1.5,linear(range_expansion*1.0+2h_current_range_pct*1.5),linear,50.0,linear_pair,"[('range_expansion', 1.0), ('2h_current_range_pct', 1.5)]"
SF_LIN2_range_expansion_2h_current_range_pct_2.0_0.5,linear(range_expansion*2.0+2h_current_range_pct*0.5),linear,50.0,linear_pair,"[('range_expansion', 2.0), ('2h_current_range_pct', 0.5)]"
SF_LIN2_range_expansion_2h_current_range_pct_2.0_1.0,linear(range_expansion*2.0+2h_current_range_pct*1.0),linear,50.0,linear_pair,"[('range_expansion', 2.0), ('2h_current_range_pct', 1.0)]"
SF_LIN2_range_expansion_2h_current_range_pct_2.0_1.5,linear(range_expansion*2.0+2h_current_range_pct*1.5),linear,50.0,linear_pair,"[('range_expansion', 2.0), ('2h_current_range_pct', 1.5)]"
SF_LIN2_range_expansion_30m_current_body_pct_1.0_0.5,linear(range_expansion*1.0+30m_current_body_pct*0.5),linear,50.0,linear_pair,"[('range_expansion', 1.0), ('30m_current_body_pct', 0.5)]"
SF_LIN2_range_expansion_30m_current_body_pct_1.0_1.0,linear(range_expansion*1.0+30m_current_body_pct*1.0),linear,50.0,linear_pair,"[('range_expansion', 1.0), ('30m_current_body_pct', 1.0)]"
SF_LIN2_range_expansion_30m_current_body_pct_1.0_1.5,linear(range_expansion*1.0+30m_current_body_pct*1.5),linear,50.0,linear_pair,"[('range_expansion', 1.0), ('30m_current_body_pct', 1.5)]"
SF_LIN2_range_expansion_30m_current_body_pct_2.0_0.5,linear(range_expansion*2.0+30m_current_body_pct*0.5),linear,50.0,linear_pair,"[('range_expansion', 2.0), ('30m_current_body_pct', 0.5)]"
SF_LIN2_range_expansion_30m_current_body_pct_2.0_1.0,linear(range_expansion*2.0+30m_current_body_pct*1.0),linear,50.0,linear_pair,"[('range_expansion', 2.0), ('30m_current_body_pct', 1.0)]"
SF_LIN2_range_expansion_30m_current_body_pct_2.0_1.5,linear(range_expansion*2.0+30m_current_body_pct*1.5),linear,50.0,linear_pair,"[('range_expansion', 2.0), ('30m_current_body_pct', 1.5)]"
SF_LIN2_range_expansion_5m_range_energy_1.0_0.5,linear(range_expansion*1.0+5m_range_energy*0.5),linear,50.0,linear_pair,"[('range_expansion', 1.0), ('5m_range_energy', 0.5)]"
SF_LIN2_range_expansion_5m_range_energy_1.0_1.0,linear(range_expansion*1.0+5m_range_energy*1.0),linear,50.0,linear_pair,"[('range_expansion', 1.0), ('5m_range_energy', 1.0)]"
SF_LIN2_range_expansion_5m_range_energy_1.0_1.5,linear(range_expansion*1.0+5m_range_energy*1.5),linear,50.0,linear_pair,"[('range_expansion', 1.0), ('5m_range_energy', 1.5)]"
SF_LIN2_range_expansion_5m_range_energy_2.0_0.5,linear(range_expansion*2.0+5m_range_energy*0.5),linear,50.0,linear_pair,"[('range_expansion', 2.0), ('5m_range_energy', 0.5)]"
SF_LIN2_range_expansion_5m_range_energy_2.0_1.0,linear(range_expansion*2.0+5m_range_energy*1.0),linear,50.0,linear_pair,"[('range_expansion', 2.0), ('5m_range_energy', 1.0)]"
SF_LIN2_range_expansion_5m_range_energy_2.0_1.5,linear(range_expansion*2.0+5m_range_energy*1.5),linear,50.0,linear_pair,"[('range_expansion', 2.0), ('5m_range_energy', 1.5)]"
SF_LIN2_range_expansion_5m_seq_high_break_6_1.0_0.5,linear(range_expansion*1.0+5m_seq_high_break_6*0.5),linear,50.0,linear_pair,"[('range_expansion', 1.0), ('5m_seq_high_break_6', 0.5)]"
SF_LIN2_range_expansion_5m_seq_high_break_6_1.0_1.0,linear(range_expansion*1.0+5m_seq_high_break_6*1.0),linear,50.0,linear_pair,"[('range_expansion', 1.0), ('5m_seq_high_break_6', 1.0)]"
SF_LIN2_range_expansion_5m_seq_high_break_6_1.0_1.5,linear(range_expansion*1.0+5m_seq_high_break_6*1.5),linear,50.0,linear_pair,"[('range_expansion', 1.0), ('5m_seq_high_break_6', 1.5)]"
SF_LIN2_range_expansion_5m_seq_high_break_6_2.0_0.5,linear(range_expansion*2.0+5m_seq_high_break_6*0.5),linear,50.0,linear_pair,"[('range_expansion', 2.0), ('5m_seq_high_break_6', 0.5)]"
SF_LIN2_range_expansion_5m_seq_high_break_6_2.0_1.0,linear(range_expansion*2.0+5m_seq_high_break_6*1.0),linear,50.0,linear_pair,"[('range_expansion', 2.0), ('5m_seq_high_break_6', 1.0)]"
SF_LIN2_range_expansion_5m_seq_high_break_6_2.0_1.5,linear(range_expansion*2.0+5m_seq_high_break_6*1.5),linear,50.0,linear_pair,"[('range_expansion', 2.0), ('5m_seq_high_break_6', 1.5)]"
SF_LIN_15m_current_body_pct_0_50,linear(15m_current_body_pct * 0.50),linear,50.0,linear_single,"[('15m_current_body_pct', 0.5)]"
SF_LIN_15m_current_body_pct_1_00,linear(15m_current_body_pct * 1.00),linear,50.0,linear_single,"[('15m_current_body_pct', 1.0)]"
SF_LIN_15m_current_body_pct_1_50,linear(15m_current_body_pct * 1.50),linear,50.0,linear_single,"[('15m_current_body_pct', 1.5)]"
SF_LIN_15m_current_body_pct_2_00,linear(15m_current_body_pct * 2.00),linear,50.0,linear_single,"[('15m_current_body_pct', 2.0)]"
SF_LIN_15m_current_body_pct_3_00,linear(15m_current_body_pct * 3.00),linear,50.0,linear_single,"[('15m_current_body_pct', 3.0)]"
SF_LIN_15m_current_body_pct_m0_50,linear(15m_current_body_pct * -0.50),linear,50.0,linear_single,"[('15m_current_body_pct', -0.5)]"
SF_LIN_15m_current_body_pct_m1_00,linear(15m_current_body_pct * -1.00),linear,50.0,linear_single,"[('15m_current_body_pct', -1.0)]"
SF_LIN_15m_current_body_pct_m2_00,linear(15m_current_body_pct * -2.00),linear,50.0,linear_single,"[('15m_current_body_pct', -2.0)]"
SF_LIN_15m_current_compression_0_50,linear(15m_current_compression * 0.50),linear,50.0,linear_single,"[('15m_current_compression', 0.5)]"
SF_LIN_15m_current_compression_1_00,linear(15m_current_compression * 1.00),linear,50.0,linear_single,"[('15m_current_compression', 1.0)]"
SF_LIN_15m_current_compression_2_00,linear(15m_current_compression * 2.00),linear,50.0,linear_single,"[('15m_current_compression', 2.0)]"
SF_LIN_15m_current_compression_m0_50,linear(15m_current_compression * -0.50),linear,50.0,linear_single,"[('15m_current_compression', -0.5)]"
SF_LIN_15m_current_compression_m1_00,linear(15m_current_compression * -1.00),linear,50.0,linear_single,"[('15m_current_compression', -1.0)]"
SF_LIN_15m_current_compression_m1_50,linear(15m_current_compression * -1.50),linear,50.0,linear_single,"[('15m_current_compression', -1.5)]"
SF_LIN_15m_current_compression_m2_00,linear(15m_current_compression * -2.00),linear,50.0,linear_single,"[('15m_current_compression', -2.0)]"
SF_LIN_15m_current_compression_m3_00,linear(15m_current_compression * -3.00),linear,50.0,linear_single,"[('15m_current_compression', -3.0)]"
SF_LIN_15m_current_range_pct_0_50,linear(15m_current_range_pct * 0.50),linear,50.0,linear_single,"[('15m_current_range_pct', 0.5)]"
SF_LIN_15m_current_range_pct_1_00,linear(15m_current_range_pct * 1.00),linear,50.0,linear_single,"[('15m_current_range_pct', 1.0)]"
SF_LIN_15m_current_range_pct_1_50,linear(15m_current_range_pct * 1.50),linear,50.0,linear_single,"[('15m_current_range_pct', 1.5)]"
SF_LIN_15m_current_range_pct_2_00,linear(15m_current_range_pct * 2.00),linear,50.0,linear_single,"[('15m_current_range_pct', 2.0)]"
SF_LIN_15m_current_range_pct_3_00,linear(15m_current_range_pct * 3.00),linear,50.0,linear_single,"[('15m_current_range_pct', 3.0)]"
SF_LIN_15m_current_range_pct_m0_50,linear(15m_current_range_pct * -0.50),linear,50.0,linear_single,"[('15m_current_range_pct', -0.5)]"
SF_LIN_15m_current_range_pct_m1_00,linear(15m_current_range_pct * -1.00),linear,50.0,linear_single,"[('15m_current_range_pct', -1.0)]"
SF_LIN_15m_current_range_pct_m2_00,linear(15m_current_range_pct * -2.00),linear,50.0,linear_single,"[('15m_current_range_pct', -2.0)]"
SF_LIN_15m_current_return_pct_0_50,linear(15m_current_return_pct * 0.50),linear,50.0,linear_single,"[('15m_current_return_pct', 0.5)]"
SF_LIN_15m_current_return_pct_1_00,linear(15m_current_return_pct * 1.00),linear,50.0,linear_single,"[('15m_current_return_pct', 1.0)]"
SF_LIN_15m_current_return_pct_1_50,linear(15m_current_return_pct * 1.50),linear,50.0,linear_single,"[('15m_current_return_pct', 1.5)]"
SF_LIN_15m_current_return_pct_2_00,linear(15m_current_return_pct * 2.00),linear,50.0,linear_single,"[('15m_current_return_pct', 2.0)]"
SF_LIN_15m_current_return_pct_3_00,linear(15m_current_return_pct * 3.00),linear,50.0,linear_single,"[('15m_current_return_pct', 3.0)]"
SF_LIN_15m_current_return_pct_m0_50,linear(15m_current_return_pct * -0.50),linear,50.0,linear_single,"[('15m_current_return_pct', -0.5)]"
SF_LIN_15m_current_return_pct_m1_00,linear(15m_current_return_pct * -1.00),linear,50.0,linear_single,"[('15m_current_return_pct', -1.0)]"
SF_LIN_15m_current_return_pct_m2_00,linear(15m_current_return_pct * -2.00),linear,50.0,linear_single,"[('15m_current_return_pct', -2.0)]"
SF_LIN_15m_previous_compression_0_50,linear(15m_previous_compression * 0.50),linear,50.0,linear_single,"[('15m_previous_compression', 0.5)]"
SF_LIN_15m_previous_compression_1_00,linear(15m_previous_compression * 1.00),linear,50.0,linear_single,"[('15m_previous_compression', 1.0)]"
SF_LIN_15m_previous_compression_2_00,linear(15m_previous_compression * 2.00),linear,50.0,linear_single,"[('15m_previous_compression', 2.0)]"
SF_LIN_15m_previous_compression_m0_50,linear(15m_previous_compression * -0.50),linear,50.0,linear_single,"[('15m_previous_compression', -0.5)]"
SF_LIN_15m_previous_compression_m1_00,linear(15m_previous_compression * -1.00),linear,50.0,linear_single,"[('15m_previous_compression', -1.0)]"
SF_LIN_15m_previous_compression_m1_50,linear(15m_previous_compression * -1.50),linear,50.0,linear_single,"[('15m_previous_compression', -1.5)]"
SF_LIN_15m_previous_compression_m2_00,linear(15m_previous_compression * -2.00),linear,50.0,linear_single,"[('15m_previous_compression', -2.0)]"
SF_LIN_15m_previous_compression_m3_00,linear(15m_previous_compression * -3.00),linear,50.0,linear_single,"[('15m_previous_compression', -3.0)]"
SF_LIN_1h_current_compression_0_50,linear(1h_current_compression * 0.50),linear,50.0,linear_single,"[('1h_current_compression', 0.5)]"
SF_LIN_1h_current_compression_1_00,linear(1h_current_compression * 1.00),linear,50.0,linear_single,"[('1h_current_compression', 1.0)]"
SF_LIN_1h_current_compression_2_00,linear(1h_current_compression * 2.00),linear,50.0,linear_single,"[('1h_current_compression', 2.0)]"
SF_LIN_1h_current_compression_m0_50,linear(1h_current_compression * -0.50),linear,50.0,linear_single,"[('1h_current_compression', -0.5)]"
SF_LIN_1h_current_compression_m1_00,linear(1h_current_compression * -1.00),linear,50.0,linear_single,"[('1h_current_compression', -1.0)]"
SF_LIN_1h_current_compression_m1_50,linear(1h_current_compression * -1.50),linear,50.0,linear_single,"[('1h_current_compression', -1.5)]"
SF_LIN_1h_current_compression_m2_00,linear(1h_current_compression * -2.00),linear,50.0,linear_single,"[('1h_current_compression', -2.0)]"
SF_LIN_1h_current_compression_m3_00,linear(1h_current_compression * -3.00),linear,50.0,linear_single,"[('1h_current_compression', -3.0)]"
SF_LIN_1h_current_return_pct_0_50,linear(1h_current_return_pct * 0.50),linear,50.0,linear_single,"[('1h_current_return_pct', 0.5)]"
SF_LIN_1h_current_return_pct_1_00,linear(1h_current_return_pct * 1.00),linear,50.0,linear_single,"[('1h_current_return_pct', 1.0)]"
SF_LIN_1h_current_return_pct_1_50,linear(1h_current_return_pct * 1.50),linear,50.0,linear_single,"[('1h_current_return_pct', 1.5)]"
SF_LIN_1h_current_return_pct_2_00,linear(1h_current_return_pct * 2.00),linear,50.0,linear_single,"[('1h_current_return_pct', 2.0)]"
SF_LIN_1h_current_return_pct_3_00,linear(1h_current_return_pct * 3.00),linear,50.0,linear_single,"[('1h_current_return_pct', 3.0)]"
SF_LIN_1h_current_return_pct_m0_50,linear(1h_current_return_pct * -0.50),linear,50.0,linear_single,"[('1h_current_return_pct', -0.5)]"
SF_LIN_1h_current_return_pct_m1_00,linear(1h_current_return_pct * -1.00),linear,50.0,linear_single,"[('1h_current_return_pct', -1.0)]"
SF_LIN_1h_current_return_pct_m2_00,linear(1h_current_return_pct * -2.00),linear,50.0,linear_single,"[('1h_current_return_pct', -2.0)]"
SF_LIN_1h_current_volume_ratio_0_50,linear(1h_current_volume_ratio * 0.50),linear,50.0,linear_single,"[('1h_current_volume_ratio', 0.5)]"
SF_LIN_1h_current_volume_ratio_1_00,linear(1h_current_volume_ratio * 1.00),linear,50.0,linear_single,"[('1h_current_volume_ratio', 1.0)]"
SF_LIN_1h_current_volume_ratio_1_50,linear(1h_current_volume_ratio * 1.50),linear,50.0,linear_single,"[('1h_current_volume_ratio', 1.5)]"
SF_LIN_1h_current_volume_ratio_2_00,linear(1h_current_volume_ratio * 2.00),linear,50.0,linear_single,"[('1h_current_volume_ratio', 2.0)]"
SF_LIN_1h_current_volume_ratio_3_00,linear(1h_current_volume_ratio * 3.00),linear,50.0,linear_single,"[('1h_current_volume_ratio', 3.0)]"
SF_LIN_1h_current_volume_ratio_m0_50,linear(1h_current_volume_ratio * -0.50),linear,50.0,linear_single,"[('1h_current_volume_ratio', -0.5)]"
SF_LIN_1h_current_volume_ratio_m1_00,linear(1h_current_volume_ratio * -1.00),linear,50.0,linear_single,"[('1h_current_volume_ratio', -1.0)]"
SF_LIN_1h_current_volume_ratio_m2_00,linear(1h_current_volume_ratio * -2.00),linear,50.0,linear_single,"[('1h_current_volume_ratio', -2.0)]"
SF_LIN_1h_previous_range_pct_0_50,linear(1h_previous_range_pct * 0.50),linear,50.0,linear_single,"[('1h_previous_range_pct', 0.5)]"
SF_LIN_1h_previous_range_pct_1_00,linear(1h_previous_range_pct * 1.00),linear,50.0,linear_single,"[('1h_previous_range_pct', 1.0)]"
SF_LIN_1h_previous_range_pct_1_50,linear(1h_previous_range_pct * 1.50),linear,50.0,linear_single,"[('1h_previous_range_pct', 1.5)]"
SF_LIN_1h_previous_range_pct_2_00,linear(1h_previous_range_pct * 2.00),linear,50.0,linear_single,"[('1h_previous_range_pct', 2.0)]"
SF_LIN_1h_previous_range_pct_3_00,linear(1h_previous_range_pct * 3.00),linear,50.0,linear_single,"[('1h_previous_range_pct', 3.0)]"
SF_LIN_1h_previous_range_pct_m0_50,linear(1h_previous_range_pct * -0.50),linear,50.0,linear_single,"[('1h_previous_range_pct', -0.5)]"
SF_LIN_1h_previous_range_pct_m1_00,linear(1h_previous_range_pct * -1.00),linear,50.0,linear_single,"[('1h_previous_range_pct', -1.0)]"
SF_LIN_1h_previous_range_pct_m2_00,linear(1h_previous_range_pct * -2.00),linear,50.0,linear_single,"[('1h_previous_range_pct', -2.0)]"
SF_LIN_1h_previous_return_pct_0_50,linear(1h_previous_return_pct * 0.50),linear,50.0,linear_single,"[('1h_previous_return_pct', 0.5)]"
SF_LIN_1h_previous_return_pct_1_00,linear(1h_previous_return_pct * 1.00),linear,50.0,linear_single,"[('1h_previous_return_pct', 1.0)]"
SF_LIN_1h_previous_return_pct_1_50,linear(1h_previous_return_pct * 1.50),linear,50.0,linear_single,"[('1h_previous_return_pct', 1.5)]"
SF_LIN_1h_previous_return_pct_2_00,linear(1h_previous_return_pct * 2.00),linear,50.0,linear_single,"[('1h_previous_return_pct', 2.0)]"
SF_LIN_1h_previous_return_pct_3_00,linear(1h_previous_return_pct * 3.00),linear,50.0,linear_single,"[('1h_previous_return_pct', 3.0)]"
SF_LIN_1h_previous_return_pct_m0_50,linear(1h_previous_return_pct * -0.50),linear,50.0,linear_single,"[('1h_previous_return_pct', -0.5)]"
SF_LIN_1h_previous_return_pct_m1_00,linear(1h_previous_return_pct * -1.00),linear,50.0,linear_single,"[('1h_previous_return_pct', -1.0)]"
SF_LIN_1h_previous_return_pct_m2_00,linear(1h_previous_return_pct * -2.00),linear,50.0,linear_single,"[('1h_previous_return_pct', -2.0)]"
SF_LIN_2h_current_compression_0_50,linear(2h_current_compression * 0.50),linear,50.0,linear_single,"[('2h_current_compression', 0.5)]"
SF_LIN_2h_current_compression_1_00,linear(2h_current_compression * 1.00),linear,50.0,linear_single,"[('2h_current_compression', 1.0)]"
SF_LIN_2h_current_compression_2_00,linear(2h_current_compression * 2.00),linear,50.0,linear_single,"[('2h_current_compression', 2.0)]"
SF_LIN_2h_current_compression_m0_50,linear(2h_current_compression * -0.50),linear,50.0,linear_single,"[('2h_current_compression', -0.5)]"
SF_LIN_2h_current_compression_m1_00,linear(2h_current_compression * -1.00),linear,50.0,linear_single,"[('2h_current_compression', -1.0)]"
SF_LIN_2h_current_compression_m1_50,linear(2h_current_compression * -1.50),linear,50.0,linear_single,"[('2h_current_compression', -1.5)]"
SF_LIN_2h_current_compression_m2_00,linear(2h_current_compression * -2.00),linear,50.0,linear_single,"[('2h_current_compression', -2.0)]"
SF_LIN_2h_current_compression_m3_00,linear(2h_current_compression * -3.00),linear,50.0,linear_single,"[('2h_current_compression', -3.0)]"
SF_LIN_2h_current_range_pct_0_50,linear(2h_current_range_pct * 0.50),linear,50.0,linear_single,"[('2h_current_range_pct', 0.5)]"
SF_LIN_2h_current_range_pct_1_00,linear(2h_current_range_pct * 1.00),linear,50.0,linear_single,"[('2h_current_range_pct', 1.0)]"
SF_LIN_2h_current_range_pct_1_50,linear(2h_current_range_pct * 1.50),linear,50.0,linear_single,"[('2h_current_range_pct', 1.5)]"
SF_LIN_2h_current_range_pct_2_00,linear(2h_current_range_pct * 2.00),linear,50.0,linear_single,"[('2h_current_range_pct', 2.0)]"
SF_LIN_2h_current_range_pct_3_00,linear(2h_current_range_pct * 3.00),linear,50.0,linear_single,"[('2h_current_range_pct', 3.0)]"
SF_LIN_2h_current_range_pct_m0_50,linear(2h_current_range_pct * -0.50),linear,50.0,linear_single,"[('2h_current_range_pct', -0.5)]"
SF_LIN_2h_current_range_pct_m1_00,linear(2h_current_range_pct * -1.00),linear,50.0,linear_single,"[('2h_current_range_pct', -1.0)]"
SF_LIN_2h_current_range_pct_m2_00,linear(2h_current_range_pct * -2.00),linear,50.0,linear_single,"[('2h_current_range_pct', -2.0)]"
SF_LIN_2h_current_volume_ratio_0_50,linear(2h_current_volume_ratio * 0.50),linear,50.0,linear_single,"[('2h_current_volume_ratio', 0.5)]"
SF_LIN_2h_current_volume_ratio_1_00,linear(2h_current_volume_ratio * 1.00),linear,50.0,linear_single,"[('2h_current_volume_ratio', 1.0)]"
SF_LIN_2h_current_volume_ratio_1_50,linear(2h_current_volume_ratio * 1.50),linear,50.0,linear_single,"[('2h_current_volume_ratio', 1.5)]"
SF_LIN_2h_current_volume_ratio_2_00,linear(2h_current_volume_ratio * 2.00),linear,50.0,linear_single,"[('2h_current_volume_ratio', 2.0)]"
SF_LIN_2h_current_volume_ratio_3_00,linear(2h_current_volume_ratio * 3.00),linear,50.0,linear_single,"[('2h_current_volume_ratio', 3.0)]"
SF_LIN_2h_current_volume_ratio_m0_50,linear(2h_current_volume_ratio * -0.50),linear,50.0,linear_single,"[('2h_current_volume_ratio', -0.5)]"
SF_LIN_2h_current_volume_ratio_m1_00,linear(2h_current_volume_ratio * -1.00),linear,50.0,linear_single,"[('2h_current_volume_ratio', -1.0)]"
SF_LIN_2h_current_volume_ratio_m2_00,linear(2h_current_volume_ratio * -2.00),linear,50.0,linear_single,"[('2h_current_volume_ratio', -2.0)]"
SF_LIN_2h_previous_ma20_distance_pct_0_50,linear(2h_previous_ma20_distance_pct * 0.50),linear,50.0,linear_single,"[('2h_previous_ma20_distance_pct', 0.5)]"
SF_LIN_2h_previous_ma20_distance_pct_1_00,linear(2h_previous_ma20_distance_pct * 1.00),linear,50.0,linear_single,"[('2h_previous_ma20_distance_pct', 1.0)]"
SF_LIN_2h_previous_ma20_distance_pct_1_50,linear(2h_previous_ma20_distance_pct * 1.50),linear,50.0,linear_single,"[('2h_previous_ma20_distance_pct', 1.5)]"
SF_LIN_2h_previous_ma20_distance_pct_2_00,linear(2h_previous_ma20_distance_pct * 2.00),linear,50.0,linear_single,"[('2h_previous_ma20_distance_pct', 2.0)]"
SF_LIN_2h_previous_ma20_distance_pct_3_00,linear(2h_previous_ma20_distance_pct * 3.00),linear,50.0,linear_single,"[('2h_previous_ma20_distance_pct', 3.0)]"
SF_LIN_2h_previous_ma20_distance_pct_m0_50,linear(2h_previous_ma20_distance_pct * -0.50),linear,50.0,linear_single,"[('2h_previous_ma20_distance_pct', -0.5)]"
SF_LIN_2h_previous_ma20_distance_pct_m1_00,linear(2h_previous_ma20_distance_pct * -1.00),linear,50.0,linear_single,"[('2h_previous_ma20_distance_pct', -1.0)]"
SF_LIN_2h_previous_ma20_distance_pct_m2_00,linear(2h_previous_ma20_distance_pct * -2.00),linear,50.0,linear_single,"[('2h_previous_ma20_distance_pct', -2.0)]"
SF_LIN_2h_previous_return_pct_0_50,linear(2h_previous_return_pct * 0.50),linear,50.0,linear_single,"[('2h_previous_return_pct', 0.5)]"
SF_LIN_2h_previous_return_pct_1_00,linear(2h_previous_return_pct * 1.00),linear,50.0,linear_single,"[('2h_previous_return_pct', 1.0)]"
SF_LIN_2h_previous_return_pct_1_50,linear(2h_previous_return_pct * 1.50),linear,50.0,linear_single,"[('2h_previous_return_pct', 1.5)]"
SF_LIN_2h_previous_return_pct_2_00,linear(2h_previous_return_pct * 2.00),linear,50.0,linear_single,"[('2h_previous_return_pct', 2.0)]"
SF_LIN_2h_previous_return_pct_3_00,linear(2h_previous_return_pct * 3.00),linear,50.0,linear_single,"[('2h_previous_return_pct', 3.0)]"
SF_LIN_2h_previous_return_pct_m0_50,linear(2h_previous_return_pct * -0.50),linear,50.0,linear_single,"[('2h_previous_return_pct', -0.5)]"
SF_LIN_2h_previous_return_pct_m1_00,linear(2h_previous_return_pct * -1.00),linear,50.0,linear_single,"[('2h_previous_return_pct', -1.0)]"
SF_LIN_2h_previous_return_pct_m2_00,linear(2h_previous_return_pct * -2.00),linear,50.0,linear_single,"[('2h_previous_return_pct', -2.0)]"
SF_LIN_30m_current_body_pct_0_50,linear(30m_current_body_pct * 0.50),linear,50.0,linear_single,"[('30m_current_body_pct', 0.5)]"
SF_LIN_30m_current_body_pct_1_00,linear(30m_current_body_pct * 1.00),linear,50.0,linear_single,"[('30m_current_body_pct', 1.0)]"
SF_LIN_30m_current_body_pct_1_50,linear(30m_current_body_pct * 1.50),linear,50.0,linear_single,"[('30m_current_body_pct', 1.5)]"
SF_LIN_30m_current_body_pct_2_00,linear(30m_current_body_pct * 2.00),linear,50.0,linear_single,"[('30m_current_body_pct', 2.0)]"
SF_LIN_30m_current_body_pct_3_00,linear(30m_current_body_pct * 3.00),linear,50.0,linear_single,"[('30m_current_body_pct', 3.0)]"
SF_LIN_30m_current_body_pct_m0_50,linear(30m_current_body_pct * -0.50),linear,50.0,linear_single,"[('30m_current_body_pct', -0.5)]"
SF_LIN_30m_current_body_pct_m1_00,linear(30m_current_body_pct * -1.00),linear,50.0,linear_single,"[('30m_current_body_pct', -1.0)]"
SF_LIN_30m_current_body_pct_m2_00,linear(30m_current_body_pct * -2.00),linear,50.0,linear_single,"[('30m_current_body_pct', -2.0)]"
SF_LIN_30m_current_range_pct_0_50,linear(30m_current_range_pct * 0.50),linear,50.0,linear_single,"[('30m_current_range_pct', 0.5)]"
SF_LIN_30m_current_range_pct_1_00,linear(30m_current_range_pct * 1.00),linear,50.0,linear_single,"[('30m_current_range_pct', 1.0)]"
SF_LIN_30m_current_range_pct_1_50,linear(30m_current_range_pct * 1.50),linear,50.0,linear_single,"[('30m_current_range_pct', 1.5)]"
SF_LIN_30m_current_range_pct_2_00,linear(30m_current_range_pct * 2.00),linear,50.0,linear_single,"[('30m_current_range_pct', 2.0)]"
SF_LIN_30m_current_range_pct_3_00,linear(30m_current_range_pct * 3.00),linear,50.0,linear_single,"[('30m_current_range_pct', 3.0)]"
SF_LIN_30m_current_range_pct_m0_50,linear(30m_current_range_pct * -0.50),linear,50.0,linear_single,"[('30m_current_range_pct', -0.5)]"
SF_LIN_30m_current_range_pct_m1_00,linear(30m_current_range_pct * -1.00),linear,50.0,linear_single,"[('30m_current_range_pct', -1.0)]"
SF_LIN_30m_current_range_pct_m2_00,linear(30m_current_range_pct * -2.00),linear,50.0,linear_single,"[('30m_current_range_pct', -2.0)]"
SF_LIN_30m_current_volume_ratio_0_50,linear(30m_current_volume_ratio * 0.50),linear,50.0,linear_single,"[('30m_current_volume_ratio', 0.5)]"
SF_LIN_30m_current_volume_ratio_1_00,linear(30m_current_volume_ratio * 1.00),linear,50.0,linear_single,"[('30m_current_volume_ratio', 1.0)]"
SF_LIN_30m_current_volume_ratio_1_50,linear(30m_current_volume_ratio * 1.50),linear,50.0,linear_single,"[('30m_current_volume_ratio', 1.5)]"
SF_LIN_30m_current_volume_ratio_2_00,linear(30m_current_volume_ratio * 2.00),linear,50.0,linear_single,"[('30m_current_volume_ratio', 2.0)]"
SF_LIN_30m_current_volume_ratio_3_00,linear(30m_current_volume_ratio * 3.00),linear,50.0,linear_single,"[('30m_current_volume_ratio', 3.0)]"
SF_LIN_30m_current_volume_ratio_m0_50,linear(30m_current_volume_ratio * -0.50),linear,50.0,linear_single,"[('30m_current_volume_ratio', -0.5)]"
SF_LIN_30m_current_volume_ratio_m1_00,linear(30m_current_volume_ratio * -1.00),linear,50.0,linear_single,"[('30m_current_volume_ratio', -1.0)]"
SF_LIN_30m_current_volume_ratio_m2_00,linear(30m_current_volume_ratio * -2.00),linear,50.0,linear_single,"[('30m_current_volume_ratio', -2.0)]"
SF_LIN_5m_range_energy_0_50,linear(5m_range_energy * 0.50),linear,50.0,linear_single,"[('5m_range_energy', 0.5)]"
SF_LIN_5m_range_energy_1_00,linear(5m_range_energy * 1.00),linear,50.0,linear_single,"[('5m_range_energy', 1.0)]"
SF_LIN_5m_range_energy_1_50,linear(5m_range_energy * 1.50),linear,50.0,linear_single,"[('5m_range_energy', 1.5)]"
SF_LIN_5m_range_energy_2_00,linear(5m_range_energy * 2.00),linear,50.0,linear_single,"[('5m_range_energy', 2.0)]"
SF_LIN_5m_range_energy_3_00,linear(5m_range_energy * 3.00),linear,50.0,linear_single,"[('5m_range_energy', 3.0)]"
SF_LIN_5m_range_energy_m0_50,linear(5m_range_energy * -0.50),linear,50.0,linear_single,"[('5m_range_energy', -0.5)]"
SF_LIN_5m_range_energy_m1_00,linear(5m_range_energy * -1.00),linear,50.0,linear_single,"[('5m_range_energy', -1.0)]"
SF_LIN_5m_range_energy_m2_00,linear(5m_range_energy * -2.00),linear,50.0,linear_single,"[('5m_range_energy', -2.0)]"
SF_LIN_5m_seq_high_break_6_0_50,linear(5m_seq_high_break_6 * 0.50),linear,50.0,linear_single,"[('5m_seq_high_break_6', 0.5)]"
SF_LIN_5m_seq_high_break_6_1_00,linear(5m_seq_high_break_6 * 1.00),linear,50.0,linear_single,"[('5m_seq_high_break_6', 1.0)]"
SF_LIN_5m_seq_high_break_6_1_50,linear(5m_seq_high_break_6 * 1.50),linear,50.0,linear_single,"[('5m_seq_high_break_6', 1.5)]"
SF_LIN_5m_seq_high_break_6_2_00,linear(5m_seq_high_break_6 * 2.00),linear,50.0,linear_single,"[('5m_seq_high_break_6', 2.0)]"
SF_LIN_5m_seq_high_break_6_3_00,linear(5m_seq_high_break_6 * 3.00),linear,50.0,linear_single,"[('5m_seq_high_break_6', 3.0)]"
SF_LIN_5m_seq_high_break_6_m0_50,linear(5m_seq_high_break_6 * -0.50),linear,50.0,linear_single,"[('5m_seq_high_break_6', -0.5)]"
SF_LIN_5m_seq_high_break_6_m1_00,linear(5m_seq_high_break_6 * -1.00),linear,50.0,linear_single,"[('5m_seq_high_break_6', -1.0)]"
SF_LIN_5m_seq_high_break_6_m2_00,linear(5m_seq_high_break_6 * -2.00),linear,50.0,linear_single,"[('5m_seq_high_break_6', -2.0)]"
SF_LIN_5m_seq_return_sum_6_0_50,linear(5m_seq_return_sum_6 * 0.50),linear,50.0,linear_single,"[('5m_seq_return_sum_6', 0.5)]"
SF_LIN_5m_seq_return_sum_6_1_00,linear(5m_seq_return_sum_6 * 1.00),linear,50.0,linear_single,"[('5m_seq_return_sum_6', 1.0)]"
SF_LIN_5m_seq_return_sum_6_1_50,linear(5m_seq_return_sum_6 * 1.50),linear,50.0,linear_single,"[('5m_seq_return_sum_6', 1.5)]"
SF_LIN_5m_seq_return_sum_6_2_00,linear(5m_seq_return_sum_6 * 2.00),linear,50.0,linear_single,"[('5m_seq_return_sum_6', 2.0)]"
SF_LIN_5m_seq_return_sum_6_3_00,linear(5m_seq_return_sum_6 * 3.00),linear,50.0,linear_single,"[('5m_seq_return_sum_6', 3.0)]"
SF_LIN_5m_seq_return_sum_6_m0_50,linear(5m_seq_return_sum_6 * -0.50),linear,50.0,linear_single,"[('5m_seq_return_sum_6', -0.5)]"
SF_LIN_5m_seq_return_sum_6_m1_00,linear(5m_seq_return_sum_6 * -1.00),linear,50.0,linear_single,"[('5m_seq_return_sum_6', -1.0)]"
SF_LIN_5m_seq_return_sum_6_m2_00,linear(5m_seq_return_sum_6 * -2.00),linear,50.0,linear_single,"[('5m_seq_return_sum_6', -2.0)]"
SF_LIN_compression_0_50,linear(compression * 0.50),linear,50.0,linear_single,"[('compression', 0.5)]"
SF_LIN_compression_1_00,linear(compression * 1.00),linear,50.0,linear_single,"[('compression', 1.0)]"
SF_LIN_compression_1_50,linear(compression * 1.50),linear,50.0,linear_single,"[('compression', 1.5)]"
SF_LIN_compression_2_00,linear(compression * 2.00),linear,50.0,linear_single,"[('compression', 2.0)]"
SF_LIN_compression_3_00,linear(compression * 3.00),linear,50.0,linear_single,"[('compression', 3.0)]"
SF_LIN_compression_m0_50,linear(compression * -0.50),linear,50.0,linear_single,"[('compression', -0.5)]"
SF_LIN_compression_m1_00,linear(compression * -1.00),linear,50.0,linear_single,"[('compression', -1.0)]"
SF_LIN_compression_m2_00,linear(compression * -2.00),linear,50.0,linear_single,"[('compression', -2.0)]"
SF_LIN_derived_volume_ratio_0_50,linear(derived_volume_ratio * 0.50),linear,50.0,linear_single,"[('derived_volume_ratio', 0.5)]"
SF_LIN_derived_volume_ratio_1_00,linear(derived_volume_ratio * 1.00),linear,50.0,linear_single,"[('derived_volume_ratio', 1.0)]"
SF_LIN_derived_volume_ratio_1_50,linear(derived_volume_ratio * 1.50),linear,50.0,linear_single,"[('derived_volume_ratio', 1.5)]"
SF_LIN_derived_volume_ratio_2_00,linear(derived_volume_ratio * 2.00),linear,50.0,linear_single,"[('derived_volume_ratio', 2.0)]"
SF_LIN_derived_volume_ratio_3_00,linear(derived_volume_ratio * 3.00),linear,50.0,linear_single,"[('derived_volume_ratio', 3.0)]"
SF_LIN_derived_volume_ratio_m0_50,linear(derived_volume_ratio * -0.50),linear,50.0,linear_single,"[('derived_volume_ratio', -0.5)]"
SF_LIN_derived_volume_ratio_m1_00,linear(derived_volume_ratio * -1.00),linear,50.0,linear_single,"[('derived_volume_ratio', -1.0)]"
SF_LIN_derived_volume_ratio_m2_00,linear(derived_volume_ratio * -2.00),linear,50.0,linear_single,"[('derived_volume_ratio', -2.0)]"
SF_LIN_range_expansion_0_50,linear(range_expansion * 0.50),linear,50.0,linear_single,"[('range_expansion', 0.5)]"
SF_LIN_range_expansion_1_00,linear(range_expansion * 1.00),linear,50.0,linear_single,"[('range_expansion', 1.0)]"
SF_LIN_range_expansion_1_50,linear(range_expansion * 1.50),linear,50.0,linear_single,"[('range_expansion', 1.5)]"
SF_LIN_range_expansion_2_00,linear(range_expansion * 2.00),linear,50.0,linear_single,"[('range_expansion', 2.0)]"
SF_LIN_range_expansion_3_00,linear(range_expansion * 3.00),linear,50.0,linear_single,"[('range_expansion', 3.0)]"
SF_LIN_range_expansion_m0_50,linear(range_expansion * -0.50),linear,50.0,linear_single,"[('range_expansion', -0.5)]"
SF_LIN_range_expansion_m1_00,linear(range_expansion * -1.00),linear,50.0,linear_single,"[('range_expansion', -1.0)]"
SF_LIN_range_expansion_m2_00,linear(range_expansion * -2.00),linear,50.0,linear_single,"[('range_expansion', -2.0)]"
SF_LIN_volume_0_50,linear(volume * 0.50),linear,50.0,linear_single,"[('volume', 0.5)]"
SF_LIN_volume_1_00,linear(volume * 1.00),linear,50.0,linear_single,"[('volume', 1.0)]"
SF_LIN_volume_1_50,linear(volume * 1.50),linear,50.0,linear_single,"[('volume', 1.5)]"
SF_LIN_volume_2_00,linear(volume * 2.00),linear,50.0,linear_single,"[('volume', 2.0)]"
SF_LIN_volume_3_00,linear(volume * 3.00),linear,50.0,linear_single,"[('volume', 3.0)]"
SF_LIN_volume_m0_50,linear(volume * -0.50),linear,50.0,linear_single,"[('volume', -0.5)]"
SF_LIN_volume_m1_00,linear(volume * -1.00),linear,50.0,linear_single,"[('volume', -1.0)]"
SF_LIN_volume_m2_00,linear(volume * -2.00),linear,50.0,linear_single,"[('volume', -2.0)]"
SF_NOT_SD_1h_current_range_pct_1h_previous_range_pct_gte_21.98114,NOT ((1h_current_range_pct - 1h_previous_range_pct) >= 21.98),ast,50.0,not,[]
SF_NOT_SD_1h_current_return_pct_15m_current_return_pct_gte_9.24094,NOT ((1h_current_return_pct - 15m_current_return_pct) >= 9.241),ast,50.0,not,[]
SF_NOT_SF_15m_current_body_pct_gte_13.6371,NOT (15m_current_body_pct >= 13.64),ast,50.0,not,[]
SF_NOT_SF_15m_current_ma20_distance_pct_gte_17.364729,NOT (15m_current_ma20_distance_pct >= 17.36),ast,50.0,not,[]
SF_NOT_SF_15m_current_ma20_distance_pct_gte_26.750886,NOT (15m_current_ma20_distance_pct >= 26.75),ast,50.0,not,[]
SF_NOT_SF_15m_current_return_pct_gte_10.127714,NOT (15m_current_return_pct >= 10.13),ast,50.0,not,[]
SF_NOT_SF_1h_current_ma20_distance_pct_gte_20.388471,NOT (1h_current_ma20_distance_pct >= 20.39),ast,50.0,not,[]
SF_NOT_SF_1h_current_ma20_distance_pct_gte_35.705329,NOT (1h_current_ma20_distance_pct >= 35.71),ast,50.0,not,[]
SF_NOT_SF_1h_current_ma20_distance_pct_gte_51.022186,NOT (1h_current_ma20_distance_pct >= 51.02),ast,50.0,not,[]
SF_NOT_SF_1h_current_return_pct_gte_18.082043,NOT (1h_current_return_pct >= 18.08),ast,50.0,not,[]
SF_NOT_SF_1h_current_return_pct_gte_8.969214,NOT (1h_current_return_pct >= 8.969),ast,50.0,not,[]
SF_NOT_SF_2h_current_body_pct_gte_13.739943,NOT (2h_current_body_pct >= 13.74),ast,50.0,not,[]
SF_NOT_SF_2h_current_body_pct_gte_20.609914,NOT (2h_current_body_pct >= 20.61),ast,50.0,not,[]
SF_NOT_SF_2h_current_body_pct_gte_27.479886,NOT (2h_current_body_pct >= 27.48),ast,50.0,not,[]
SF_NOT_SF_2h_current_range_pct_gte_29.928486,NOT (2h_current_range_pct >= 29.93),ast,50.0,not,[]
SF_NOT_SF_2h_current_range_pct_gte_44.892729,NOT (2h_current_range_pct >= 44.89),ast,50.0,not,[]
SF_NOT_SF_2h_previous_body_pct_gte_34.349857,NOT (2h_previous_body_pct >= 34.35),ast,50.0,not,[]
SF_NOT_SF_2h_previous_ma20_distance_pct_gte_65.594714,NOT (2h_previous_ma20_distance_pct >= 65.59),ast,50.0,not,[]
SF_NOT_SF_30m_current_body_pct_gte_10.647286,NOT (30m_current_body_pct >= 10.65),ast,50.0,not,[]
SF_NOT_SF_30m_current_body_pct_gte_15.970929,NOT (30m_current_body_pct >= 15.97),ast,50.0,not,[]
SF_NOT_SF_30m_current_range_pct_gte_12.1684,NOT (30m_current_range_pct >= 12.17),ast,50.0,not,[]
SF_NOT_SF_30m_current_range_pct_gte_22.8592,NOT (30m_current_range_pct >= 22.86),ast,50.0,not,[]
SF_NOT_SF_derived_range_expansion_gte_19.663914,NOT (derived_range_expansion >= 19.66),ast,50.0,not,[]
SF_NOT_SF_derived_range_expansion_gte_8.077786,NOT (derived_range_expansion >= 8.078),ast,50.0,not,[]
SF_NOT_SR_1h_current_range_pct_5m_compression_15262639999.999996,NOT (1h_current_range_pct/5m_compression >= 1.526e+10),ast,50.0,not,[]
SF_ORAND_SD_1h_current_range_pct_1h_previous_range_pct_gte_21.98114,((1h_current_range_pct - 1h_previous_range_pct) >= 21.98 OR (1h_current_ma20_distance_pct >= 51.02 AND (1h_current_range_pct - 1h_previous_range_pct) >= 21.98)),ast,50.0,or_and,[]
SF_ORAND_SD_1h_current_return_pct_15m_current_return_pct_gte_9.24094,((1h_current_return_pct - 15m_current_return_pct) >= 9.241 OR (15m_current_return_pct >= 10.13 AND (1h_current_return_pct - 15m_current_return_pct) >= 9.241)),ast,50.0,or_and,[]
SF_ORAND_SF_15m_current_ma20_distance_pct_gte_26.750886,(15m_current_ma20_distance_pct >= 26.75 OR ((1h_current_range_pct - 1h_previous_range_pct) >= 21.98 AND 15m_current_ma20_distance_pct >= 26.75)),ast,50.0,or_and,[]
SF_ORAND_SF_15m_current_return_pct_gte_10.127714,(15m_current_return_pct >= 10.13 OR (1h_current_return_pct >= 8.969 AND 15m_current_return_pct >= 10.13)),ast,50.0,or_and,[]
SF_ORAND_SF_1h_current_ma20_distance_pct_gte_35.705329,(1h_current_ma20_distance_pct >= 35.71 OR (2h_current_body_pct >= 20.61 AND 1h_current_ma20_distance_pct >= 35.71)),ast,50.0,or_and,[]
SF_ORAND_SF_1h_current_ma20_distance_pct_gte_51.022186,(1h_current_ma20_distance_pct >= 51.02 OR (1h_current_ma20_distance_pct >= 35.71 AND 1h_current_ma20_distance_pct >= 51.02)),ast,50.0,or_and,[]
SF_ORAND_SF_1h_current_return_pct_gte_18.082043,(1h_current_return_pct >= 18.08 OR ((1h_current_return_pct - 15m_current_return_pct) >= 9.241 AND 1h_current_return_pct >= 18.08)),ast,50.0,or_and,[]
SF_ORAND_SF_1h_current_return_pct_gte_8.969214,(1h_current_return_pct >= 8.969 OR (2h_current_body_pct >= 27.48 AND 1h_current_return_pct >= 8.969)),ast,50.0,or_and,[]
SF_ORAND_SF_2h_current_body_pct_gte_20.609914,(2h_current_body_pct >= 20.61 OR (2h_previous_body_pct >= 34.35 AND 2h_current_body_pct >= 20.61)),ast,50.0,or_and,[]
SF_ORAND_SF_2h_current_body_pct_gte_27.479886,(2h_current_body_pct >= 27.48 OR (15m_current_ma20_distance_pct >= 26.75 AND 2h_current_body_pct >= 27.48)),ast,50.0,or_and,[]
SF_ORAND_SF_2h_previous_body_pct_gte_34.349857,(2h_previous_body_pct >= 34.35 OR (30m_current_body_pct >= 15.97 AND 2h_previous_body_pct >= 34.35)),ast,50.0,or_and,[]
SF_OR_SD_1h_current_body_pct_1h_previous_body_pct_gte_18.78308_SF_15m_current_body_pct_gte_9.0914,((1h_current_body_pct - 1h_previous_body_pct) >= 18.78 OR 15m_current_body_pct >= 9.091),ast,50.0,or_pair,[]
SF_OR_SD_1h_current_body_pct_1h_previous_body_pct_gte_18.78308_SF_2h_previous_return_pct_gte_26.298514,((1h_current_body_pct - 1h_previous_body_pct) >= 18.78 OR 2h_previous_return_pct >= 26.3),ast,50.0,or_pair,[]
SF_OR_SD_1h_current_range_pct_1h_previous_range_pct_gte_21.98114_SD_1h_current_body_pct_1h_previous_body_pct_gte_18.78308,((1h_current_range_pct - 1h_previous_range_pct) >= 21.98 OR (1h_current_body_pct - 1h_previous_body_pct) >= 18.78),ast,50.0,or_pair,[]
SF_OR_SD_1h_current_range_pct_1h_previous_range_pct_gte_21.98114_SD_2h_current_return_pct_1h_current_return_pct_gte_13.61786,((1h_current_range_pct - 1h_previous_range_pct) >= 21.98 OR (2h_current_return_pct - 1h_current_return_pct) >= 13.62),ast,50.0,or_pair,[]
SF_OR_SD_1h_current_range_pct_1h_previous_range_pct_gte_21.98114_SF_15m_current_body_pct_gte_13.6371,((1h_current_range_pct - 1h_previous_range_pct) >= 21.98 OR 15m_current_body_pct >= 13.64),ast,50.0,or_pair,[]
SF_OR_SD_1h_current_range_pct_1h_previous_range_pct_gte_21.98114_SF_15m_current_body_pct_gte_9.0914,((1h_current_range_pct - 1h_previous_range_pct) >= 21.98 OR 15m_current_body_pct >= 9.091),ast,50.0,or_pair,[]
SF_OR_SD_1h_current_range_pct_1h_previous_range_pct_gte_21.98114_SF_15m_current_ma20_distance_pct_gte_17.364729,((1h_current_range_pct - 1h_previous_range_pct) >= 21.98 OR 15m_current_ma20_distance_pct >= 17.36),ast,50.0,or_pair,[]
SF_OR_SD_1h_current_range_pct_1h_previous_range_pct_gte_21.98114_SF_1h_current_ma20_distance_pct_gte_20.388471,((1h_current_range_pct - 1h_previous_range_pct) >= 21.98 OR 1h_current_ma20_distance_pct >= 20.39),ast,50.0,or_pair,[]
SF_OR_SD_1h_current_range_pct_1h_previous_range_pct_gte_21.98114_SF_1h_current_ma20_distance_pct_gte_35.705329,((1h_current_range_pct - 1h_previous_range_pct) >= 21.98 OR 1h_current_ma20_distance_pct >= 35.71),ast,50.0,or_pair,[]
SF_OR_SD_1h_current_range_pct_1h_previous_range_pct_gte_21.98114_SF_1h_current_ma20_distance_pct_gte_51.022186,((1h_current_range_pct - 1h_previous_range_pct) >= 21.98 OR 1h_current_ma20_distance_pct >= 51.02),ast,50.0,or_pair,[]
SF_OR_SD_1h_current_range_pct_1h_previous_range_pct_gte_21.98114_SF_2h_current_body_pct_gte_13.739943,((1h_current_range_pct - 1h_previous_range_pct) >= 21.98 OR 2h_current_body_pct >= 13.74),ast,50.0,or_pair,[]
SF_OR_SD_1h_current_range_pct_1h_previous_range_pct_gte_21.98114_SF_2h_current_body_pct_gte_20.609914,((1h_current_range_pct - 1h_previous_range_pct) >= 21.98 OR 2h_current_body_pct >= 20.61),ast,50.0,or_pair,[]
SF_OR_SD_1h_current_range_pct_1h_previous_range_pct_gte_21.98114_SF_2h_current_range_pct_gte_29.928486,((1h_current_range_pct - 1h_previous_range_pct) >= 21.98 OR 2h_current_range_pct >= 29.93),ast,50.0,or_pair,[]
SF_OR_SD_1h_current_range_pct_1h_previous_range_pct_gte_21.98114_SF_2h_current_range_pct_gte_44.892729,((1h_current_range_pct - 1h_previous_range_pct) >= 21.98 OR 2h_current_range_pct >= 44.89),ast,50.0,or_pair,[]
SF_OR_SD_1h_current_range_pct_1h_previous_range_pct_gte_21.98114_SF_2h_previous_body_pct_gte_34.349857,((1h_current_range_pct - 1h_previous_range_pct) >= 21.98 OR 2h_previous_body_pct >= 34.35),ast,50.0,or_pair,[]
SF_OR_SD_1h_current_range_pct_1h_previous_range_pct_gte_21.98114_SF_2h_previous_ma20_distance_pct_gte_65.594714,((1h_current_range_pct - 1h_previous_range_pct) >= 21.98 OR 2h_previous_ma20_distance_pct >= 65.59),ast,50.0,or_pair,[]
SF_OR_SD_1h_current_range_pct_1h_previous_range_pct_gte_21.98114_SF_2h_previous_return_pct_gte_26.298514,((1h_current_range_pct - 1h_previous_range_pct) >= 21.98 OR 2h_previous_return_pct >= 26.3),ast,50.0,or_pair,[]
SF_OR_SD_1h_current_range_pct_1h_previous_range_pct_gte_21.98114_SF_30m_current_body_pct_gte_10.647286,((1h_current_range_pct - 1h_previous_range_pct) >= 21.98 OR 30m_current_body_pct >= 10.65),ast,50.0,or_pair,[]
SF_OR_SD_1h_current_range_pct_1h_previous_range_pct_gte_21.98114_SF_30m_current_body_pct_gte_15.970929,((1h_current_range_pct - 1h_previous_range_pct) >= 21.98 OR 30m_current_body_pct >= 15.97),ast,50.0,or_pair,[]
SF_OR_SD_1h_current_range_pct_1h_previous_range_pct_gte_21.98114_SF_30m_current_range_pct_gte_12.1684,((1h_current_range_pct - 1h_previous_range_pct) >= 21.98 OR 30m_current_range_pct >= 12.17),ast,50.0,or_pair,[]
SF_OR_SD_1h_current_range_pct_1h_previous_range_pct_gte_21.98114_SF_30m_current_range_pct_gte_22.8592,((1h_current_range_pct - 1h_previous_range_pct) >= 21.98 OR 30m_current_range_pct >= 22.86),ast,50.0,or_pair,[]
SF_OR_SD_1h_current_range_pct_1h_previous_range_pct_gte_21.98114_SF_30m_previous_ma20_distance_pct_gte_39.165157,((1h_current_range_pct - 1h_previous_range_pct) >= 21.98 OR 30m_previous_ma20_distance_pct >= 39.17),ast,50.0,or_pair,[]
SF_OR_SD_1h_current_range_pct_1h_previous_range_pct_gte_21.98114_SF_derived_range_expansion_gte_19.663914,((1h_current_range_pct - 1h_previous_range_pct) >= 21.98 OR derived_range_expansion >= 19.66),ast,50.0,or_pair,[]
SF_OR_SD_1h_current_range_pct_1h_previous_range_pct_gte_21.98114_SF_derived_range_expansion_gte_8.077786,((1h_current_range_pct - 1h_previous_range_pct) >= 21.98 OR derived_range_expansion >= 8.078),ast,50.0,or_pair,[]
SF_OR_SD_1h_current_range_pct_1h_previous_range_pct_gte_21.98114_SR_1h_current_range_pct_5m_compression_15262639999.999996,((1h_current_range_pct - 1h_previous_range_pct) >= 21.98 OR 1h_current_range_pct/5m_compression >= 1.526e+10),ast,50.0,or_pair,[]
SF_OR_SD_1h_current_return_pct_15m_current_return_pct_gte_9.24094_SD_1h_current_body_pct_1h_previous_body_pct_gte_18.78308,((1h_current_return_pct - 15m_current_return_pct) >= 9.241 OR (1h_current_body_pct - 1h_previous_body_pct) >= 18.78),ast,50.0,or_pair,[]
SF_OR_SD_1h_current_return_pct_15m_current_return_pct_gte_9.24094_SD_1h_current_range_pct_1h_previous_range_pct_gte_21.98114,((1h_current_return_pct - 15m_current_return_pct) >= 9.241 OR (1h_current_range_pct - 1h_previous_range_pct) >= 21.98),ast,50.0,or_pair,[]
SF_OR_SD_1h_current_return_pct_15m_current_return_pct_gte_9.24094_SD_2h_current_return_pct_1h_current_return_pct_gte_13.61786,((1h_current_return_pct - 15m_current_return_pct) >= 9.241 OR (2h_current_return_pct - 1h_current_return_pct) >= 13.62),ast,50.0,or_pair,[]
SF_OR_SD_1h_current_return_pct_15m_current_return_pct_gte_9.24094_SF_15m_current_body_pct_gte_13.6371,((1h_current_return_pct - 15m_current_return_pct) >= 9.241 OR 15m_current_body_pct >= 13.64),ast,50.0,or_pair,[]
SF_OR_SD_1h_current_return_pct_15m_current_return_pct_gte_9.24094_SF_15m_current_body_pct_gte_9.0914,((1h_current_return_pct - 15m_current_return_pct) >= 9.241 OR 15m_current_body_pct >= 9.091),ast,50.0,or_pair,[]
SF_OR_SD_1h_current_return_pct_15m_current_return_pct_gte_9.24094_SF_15m_current_ma20_distance_pct_gte_17.364729,((1h_current_return_pct - 15m_current_return_pct) >= 9.241 OR 15m_current_ma20_distance_pct >= 17.36),ast,50.0,or_pair,[]
SF_OR_SD_1h_current_return_pct_15m_current_return_pct_gte_9.24094_SF_15m_current_ma20_distance_pct_gte_26.750886,((1h_current_return_pct - 15m_current_return_pct) >= 9.241 OR 15m_current_ma20_distance_pct >= 26.75),ast,50.0,or_pair,[]
SF_OR_SD_1h_current_return_pct_15m_current_return_pct_gte_9.24094_SF_15m_current_return_pct_gte_10.127714,((1h_current_return_pct - 15m_current_return_pct) >= 9.241 OR 15m_current_return_pct >= 10.13),ast,50.0,or_pair,[]
SF_OR_SD_1h_current_return_pct_15m_current_return_pct_gte_9.24094_SF_1h_current_ma20_distance_pct_gte_20.388471,((1h_current_return_pct - 15m_current_return_pct) >= 9.241 OR 1h_current_ma20_distance_pct >= 20.39),ast,50.0,or_pair,[]
SF_OR_SD_1h_current_return_pct_15m_current_return_pct_gte_9.24094_SF_1h_current_ma20_distance_pct_gte_35.705329,((1h_current_return_pct - 15m_current_return_pct) >= 9.241 OR 1h_current_ma20_distance_pct >= 35.71),ast,50.0,or_pair,[]
SF_OR_SD_1h_current_return_pct_15m_current_return_pct_gte_9.24094_SF_1h_current_ma20_distance_pct_gte_51.022186,((1h_current_return_pct - 15m_current_return_pct) >= 9.241 OR 1h_current_ma20_distance_pct >= 51.02),ast,50.0,or_pair,[]
SF_OR_SD_1h_current_return_pct_15m_current_return_pct_gte_9.24094_SF_1h_current_return_pct_gte_8.969214,((1h_current_return_pct - 15m_current_return_pct) >= 9.241 OR 1h_current_return_pct >= 8.969),ast,50.0,or_pair,[]
SF_OR_SD_1h_current_return_pct_15m_current_return_pct_gte_9.24094_SF_2h_current_body_pct_gte_13.739943,((1h_current_return_pct - 15m_current_return_pct) >= 9.241 OR 2h_current_body_pct >= 13.74),ast,50.0,or_pair,[]
SF_OR_SD_1h_current_return_pct_15m_current_return_pct_gte_9.24094_SF_2h_current_body_pct_gte_20.609914,((1h_current_return_pct - 15m_current_return_pct) >= 9.241 OR 2h_current_body_pct >= 20.61),ast,50.0,or_pair,[]
SF_OR_SD_1h_current_return_pct_15m_current_return_pct_gte_9.24094_SF_2h_current_body_pct_gte_27.479886,((1h_current_return_pct - 15m_current_return_pct) >= 9.241 OR 2h_current_body_pct >= 27.48),ast,50.0,or_pair,[]
SF_OR_SD_1h_current_return_pct_15m_current_return_pct_gte_9.24094_SF_2h_current_range_pct_gte_29.928486,((1h_current_return_pct - 15m_current_return_pct) >= 9.241 OR 2h_current_range_pct >= 29.93),ast,50.0,or_pair,[]
SF_OR_SD_1h_current_return_pct_15m_current_return_pct_gte_9.24094_SF_2h_current_range_pct_gte_44.892729,((1h_current_return_pct - 15m_current_return_pct) >= 9.241 OR 2h_current_range_pct >= 44.89),ast,50.0,or_pair,[]
SF_OR_SD_1h_current_return_pct_15m_current_return_pct_gte_9.24094_SF_2h_previous_body_pct_gte_34.349857,((1h_current_return_pct - 15m_current_return_pct) >= 9.241 OR 2h_previous_body_pct >= 34.35),ast,50.0,or_pair,[]
SF_OR_SD_1h_current_return_pct_15m_current_return_pct_gte_9.24094_SF_2h_previous_ma20_distance_pct_gte_65.594714,((1h_current_return_pct - 15m_current_return_pct) >= 9.241 OR 2h_previous_ma20_distance_pct >= 65.59),ast,50.0,or_pair,[]
SF_OR_SD_1h_current_return_pct_15m_current_return_pct_gte_9.24094_SF_2h_previous_return_pct_gte_26.298514,((1h_current_return_pct - 15m_current_return_pct) >= 9.241 OR 2h_previous_return_pct >= 26.3),ast,50.0,or_pair,[]
SF_OR_SD_1h_current_return_pct_15m_current_return_pct_gte_9.24094_SF_30m_current_body_pct_gte_10.647286,((1h_current_return_pct - 15m_current_return_pct) >= 9.241 OR 30m_current_body_pct >= 10.65),ast,50.0,or_pair,[]
SF_OR_SD_1h_current_return_pct_15m_current_return_pct_gte_9.24094_SF_30m_current_body_pct_gte_15.970929,((1h_current_return_pct - 15m_current_return_pct) >= 9.241 OR 30m_current_body_pct >= 15.97),ast,50.0,or_pair,[]
SF_OR_SD_1h_current_return_pct_15m_current_return_pct_gte_9.24094_SF_30m_current_range_pct_gte_12.1684,((1h_current_return_pct - 15m_current_return_pct) >= 9.241 OR 30m_current_range_pct >= 12.17),ast,50.0,or_pair,[]
SF_OR_SD_1h_current_return_pct_15m_current_return_pct_gte_9.24094_SF_30m_current_range_pct_gte_22.8592,((1h_current_return_pct - 15m_current_return_pct) >= 9.241 OR 30m_current_range_pct >= 22.86),ast,50.0,or_pair,[]
SF_OR_SD_1h_current_return_pct_15m_current_return_pct_gte_9.24094_SF_30m_previous_ma20_distance_pct_gte_39.165157,((1h_current_return_pct - 15m_current_return_pct) >= 9.241 OR 30m_previous_ma20_distance_pct >= 39.17),ast,50.0,or_pair,[]
SF_OR_SD_1h_current_return_pct_15m_current_return_pct_gte_9.24094_SF_derived_range_expansion_gte_19.663914,((1h_current_return_pct - 15m_current_return_pct) >= 9.241 OR derived_range_expansion >= 19.66),ast,50.0,or_pair,[]
SF_OR_SD_1h_current_return_pct_15m_current_return_pct_gte_9.24094_SF_derived_range_expansion_gte_8.077786,((1h_current_return_pct - 15m_current_return_pct) >= 9.241 OR derived_range_expansion >= 8.078),ast,50.0,or_pair,[]
SF_OR_SD_1h_current_return_pct_15m_current_return_pct_gte_9.24094_SR_1h_current_range_pct_5m_compression_15262639999.999996,((1h_current_return_pct - 15m_current_return_pct) >= 9.241 OR 1h_current_range_pct/5m_compression >= 1.526e+10),ast,50.0,or_pair,[]
SF_OR_SD_2h_current_return_pct_1h_current_return_pct_gte_13.61786_SD_1h_current_body_pct_1h_previous_body_pct_gte_18.78308,((2h_current_return_pct - 1h_current_return_pct) >= 13.62 OR (1h_current_body_pct - 1h_previous_body_pct) >= 18.78),ast,50.0,or_pair,[]
SF_OR_SD_2h_current_return_pct_1h_current_return_pct_gte_13.61786_SF_15m_current_body_pct_gte_9.0914,((2h_current_return_pct - 1h_current_return_pct) >= 13.62 OR 15m_current_body_pct >= 9.091),ast,50.0,or_pair,[]
SF_OR_SD_2h_current_return_pct_1h_current_return_pct_gte_13.61786_SF_2h_previous_return_pct_gte_26.298514,((2h_current_return_pct - 1h_current_return_pct) >= 13.62 OR 2h_previous_return_pct >= 26.3),ast,50.0,or_pair,[]
SF_OR_SD_2h_current_return_pct_1h_current_return_pct_gte_13.61786_SF_30m_previous_ma20_distance_pct_gte_39.165157,((2h_current_return_pct - 1h_current_return_pct) >= 13.62 OR 30m_previous_ma20_distance_pct >= 39.17),ast,50.0,or_pair,[]
SF_OR_SF_15m_current_body_pct_gte_13.6371_SD_1h_current_body_pct_1h_previous_body_pct_gte_18.78308,(15m_current_body_pct >= 13.64 OR (1h_current_body_pct - 1h_previous_body_pct) >= 18.78),ast,50.0,or_pair,[]
SF_OR_SF_15m_current_body_pct_gte_13.6371_SD_2h_current_return_pct_1h_current_return_pct_gte_13.61786,(15m_current_body_pct >= 13.64 OR (2h_current_return_pct - 1h_current_return_pct) >= 13.62),ast,50.0,or_pair,[]
SF_OR_SF_15m_current_body_pct_gte_13.6371_SF_15m_current_body_pct_gte_9.0914,(15m_current_body_pct >= 13.64 OR 15m_current_body_pct >= 9.091),ast,50.0,or_pair,[]
SF_OR_SF_15m_current_body_pct_gte_13.6371_SF_15m_current_ma20_distance_pct_gte_17.364729,(15m_current_body_pct >= 13.64 OR 15m_current_ma20_distance_pct >= 17.36),ast,50.0,or_pair,[]
SF_OR_SF_15m_current_body_pct_gte_13.6371_SF_1h_current_ma20_distance_pct_gte_20.388471,(15m_current_body_pct >= 13.64 OR 1h_current_ma20_distance_pct >= 20.39),ast,50.0,or_pair,[]
SF_OR_SF_15m_current_body_pct_gte_13.6371_SF_2h_current_body_pct_gte_13.739943,(15m_current_body_pct >= 13.64 OR 2h_current_body_pct >= 13.74),ast,50.0,or_pair,[]
SF_OR_SF_15m_current_body_pct_gte_13.6371_SF_2h_current_range_pct_gte_44.892729,(15m_current_body_pct >= 13.64 OR 2h_current_range_pct >= 44.89),ast,50.0,or_pair,[]
SF_OR_SF_15m_current_body_pct_gte_13.6371_SF_2h_previous_ma20_distance_pct_gte_65.594714,(15m_current_body_pct >= 13.64 OR 2h_previous_ma20_distance_pct >= 65.59),ast,50.0,or_pair,[]
SF_OR_SF_15m_current_body_pct_gte_13.6371_SF_2h_previous_return_pct_gte_26.298514,(15m_current_body_pct >= 13.64 OR 2h_previous_return_pct >= 26.3),ast,50.0,or_pair,[]
SF_OR_SF_15m_current_body_pct_gte_13.6371_SF_30m_current_body_pct_gte_10.647286,(15m_current_body_pct >= 13.64 OR 30m_current_body_pct >= 10.65),ast,50.0,or_pair,[]
SF_OR_SF_15m_current_body_pct_gte_13.6371_SF_30m_current_range_pct_gte_12.1684,(15m_current_body_pct >= 13.64 OR 30m_current_range_pct >= 12.17),ast,50.0,or_pair,[]
SF_OR_SF_15m_current_body_pct_gte_13.6371_SF_30m_current_range_pct_gte_22.8592,(15m_current_body_pct >= 13.64 OR 30m_current_range_pct >= 22.86),ast,50.0,or_pair,[]
SF_OR_SF_15m_current_body_pct_gte_13.6371_SF_30m_previous_ma20_distance_pct_gte_39.165157,(15m_current_body_pct >= 13.64 OR 30m_previous_ma20_distance_pct >= 39.17),ast,50.0,or_pair,[]
SF_OR_SF_15m_current_body_pct_gte_13.6371_SF_derived_range_expansion_gte_8.077786,(15m_current_body_pct >= 13.64 OR derived_range_expansion >= 8.078),ast,50.0,or_pair,[]
SF_OR_SF_15m_current_body_pct_gte_13.6371_SR_1h_current_range_pct_5m_compression_15262639999.999996,(15m_current_body_pct >= 13.64 OR 1h_current_range_pct/5m_compression >= 1.526e+10),ast,50.0,or_pair,[]
SF_OR_SF_15m_current_ma20_distance_pct_gte_17.364729_SD_1h_current_body_pct_1h_previous_body_pct_gte_18.78308,(15m_current_ma20_distance_pct >= 17.36 OR (1h_current_body_pct - 1h_previous_body_pct) >= 18.78),ast,50.0,or_pair,[]
SF_OR_SF_15m_current_ma20_distance_pct_gte_17.364729_SD_2h_current_return_pct_1h_current_return_pct_gte_13.61786,(15m_current_ma20_distance_pct >= 17.36 OR (2h_current_return_pct - 1h_current_return_pct) >= 13.62),ast,50.0,or_pair,[]
SF_OR_SF_15m_current_ma20_distance_pct_gte_17.364729_SF_15m_current_body_pct_gte_9.0914,(15m_current_ma20_distance_pct >= 17.36 OR 15m_current_body_pct >= 9.091),ast,50.0,or_pair,[]
SF_OR_SF_15m_current_ma20_distance_pct_gte_17.364729_SF_1h_current_ma20_distance_pct_gte_20.388471,(15m_current_ma20_distance_pct >= 17.36 OR 1h_current_ma20_distance_pct >= 20.39),ast,50.0,or_pair,[]
SF_OR_SF_15m_current_ma20_distance_pct_gte_17.364729_SF_2h_previous_return_pct_gte_26.298514,(15m_current_ma20_distance_pct >= 17.36 OR 2h_previous_return_pct >= 26.3),ast,50.0,or_pair,[]
SF_OR_SF_15m_current_ma20_distance_pct_gte_17.364729_SF_30m_current_body_pct_gte_10.647286,(15m_current_ma20_distance_pct >= 17.36 OR 30m_current_body_pct >= 10.65),ast,50.0,or_pair,[]
SF_OR_SF_15m_current_ma20_distance_pct_gte_17.364729_SF_30m_current_range_pct_gte_12.1684,(15m_current_ma20_distance_pct >= 17.36 OR 30m_current_range_pct >= 12.17),ast,50.0,or_pair,[]
SF_OR_SF_15m_current_ma20_distance_pct_gte_17.364729_SF_30m_previous_ma20_distance_pct_gte_39.165157,(15m_current_ma20_distance_pct >= 17.36 OR 30m_previous_ma20_distance_pct >= 39.17),ast,50.0,or_pair,[]
SF_OR_SF_15m_current_ma20_distance_pct_gte_17.364729_SF_derived_range_expansion_gte_8.077786,(15m_current_ma20_distance_pct >= 17.36 OR derived_range_expansion >= 8.078),ast,50.0,or_pair,[]
SF_OR_SF_15m_current_ma20_distance_pct_gte_17.364729_SR_1h_current_range_pct_5m_compression_15262639999.999996,(15m_current_ma20_distance_pct >= 17.36 OR 1h_current_range_pct/5m_compression >= 1.526e+10),ast,50.0,or_pair,[]
SF_OR_SF_15m_current_ma20_distance_pct_gte_26.750886_SD_1h_current_body_pct_1h_previous_body_pct_gte_18.78308,(15m_current_ma20_distance_pct >= 26.75 OR (1h_current_body_pct - 1h_previous_body_pct) >= 18.78),ast,50.0,or_pair,[]
SF_OR_SF_15m_current_ma20_distance_pct_gte_26.750886_SD_1h_current_range_pct_1h_previous_range_pct_gte_21.98114,(15m_current_ma20_distance_pct >= 26.75 OR (1h_current_range_pct - 1h_previous_range_pct) >= 21.98),ast,50.0,or_pair,[]
SF_OR_SF_15m_current_ma20_distance_pct_gte_26.750886_SD_2h_current_return_pct_1h_current_return_pct_gte_13.61786,(15m_current_ma20_distance_pct >= 26.75 OR (2h_current_return_pct - 1h_current_return_pct) >= 13.62),ast,50.0,or_pair,[]
SF_OR_SF_15m_current_ma20_distance_pct_gte_26.750886_SF_15m_current_body_pct_gte_13.6371,(15m_current_ma20_distance_pct >= 26.75 OR 15m_current_body_pct >= 13.64),ast,50.0,or_pair,[]
SF_OR_SF_15m_current_ma20_distance_pct_gte_26.750886_SF_15m_current_body_pct_gte_9.0914,(15m_current_ma20_distance_pct >= 26.75 OR 15m_current_body_pct >= 9.091),ast,50.0,or_pair,[]
SF_OR_SF_15m_current_ma20_distance_pct_gte_26.750886_SF_15m_current_ma20_distance_pct_gte_17.364729,(15m_current_ma20_distance_pct >= 26.75 OR 15m_current_ma20_distance_pct >= 17.36),ast,50.0,or_pair,[]
SF_OR_SF_15m_current_ma20_distance_pct_gte_26.750886_SF_1h_current_ma20_distance_pct_gte_20.388471,(15m_current_ma20_distance_pct >= 26.75 OR 1h_current_ma20_distance_pct >= 20.39),ast,50.0,or_pair,[]
SF_OR_SF_15m_current_ma20_distance_pct_gte_26.750886_SF_1h_current_ma20_distance_pct_gte_35.705329,(15m_current_ma20_distance_pct >= 26.75 OR 1h_current_ma20_distance_pct >= 35.71),ast,50.0,or_pair,[]
SF_OR_SF_15m_current_ma20_distance_pct_gte_26.750886_SF_1h_current_ma20_distance_pct_gte_51.022186,(15m_current_ma20_distance_pct >= 26.75 OR 1h_current_ma20_distance_pct >= 51.02),ast,50.0,or_pair,[]
SF_OR_SF_15m_current_ma20_distance_pct_gte_26.750886_SF_2h_current_body_pct_gte_13.739943,(15m_current_ma20_distance_pct >= 26.75 OR 2h_current_body_pct >= 13.74),ast,50.0,or_pair,[]
SF_OR_SF_15m_current_ma20_distance_pct_gte_26.750886_SF_2h_current_body_pct_gte_20.609914,(15m_current_ma20_distance_pct >= 26.75 OR 2h_current_body_pct >= 20.61),ast,50.0,or_pair,[]
SF_OR_SF_15m_current_ma20_distance_pct_gte_26.750886_SF_2h_current_range_pct_gte_29.928486,(15m_current_ma20_distance_pct >= 26.75 OR 2h_current_range_pct >= 29.93),ast,50.0,or_pair,[]
SF_OR_SF_15m_current_ma20_distance_pct_gte_26.750886_SF_2h_current_range_pct_gte_44.892729,(15m_current_ma20_distance_pct >= 26.75 OR 2h_current_range_pct >= 44.89),ast,50.0,or_pair,[]
SF_OR_SF_15m_current_ma20_distance_pct_gte_26.750886_SF_2h_previous_body_pct_gte_34.349857,(15m_current_ma20_distance_pct >= 26.75 OR 2h_previous_body_pct >= 34.35),ast,50.0,or_pair,[]
SF_OR_SF_15m_current_ma20_distance_pct_gte_26.750886_SF_2h_previous_ma20_distance_pct_gte_65.594714,(15m_current_ma20_distance_pct >= 26.75 OR 2h_previous_ma20_distance_pct >= 65.59),ast,50.0,or_pair,[]
SF_OR_SF_15m_current_ma20_distance_pct_gte_26.750886_SF_2h_previous_return_pct_gte_26.298514,(15m_current_ma20_distance_pct >= 26.75 OR 2h_previous_return_pct >= 26.3),ast,50.0,or_pair,[]
SF_OR_SF_15m_current_ma20_distance_pct_gte_26.750886_SF_30m_current_body_pct_gte_10.647286,(15m_current_ma20_distance_pct >= 26.75 OR 30m_current_body_pct >= 10.65),ast,50.0,or_pair,[]
SF_OR_SF_15m_current_ma20_distance_pct_gte_26.750886_SF_30m_current_body_pct_gte_15.970929,(15m_current_ma20_distance_pct >= 26.75 OR 30m_current_body_pct >= 15.97),ast,50.0,or_pair,[]
SF_OR_SF_15m_current_ma20_distance_pct_gte_26.750886_SF_30m_current_range_pct_gte_12.1684,(15m_current_ma20_distance_pct >= 26.75 OR 30m_current_range_pct >= 12.17),ast,50.0,or_pair,[]
SF_OR_SF_15m_current_ma20_distance_pct_gte_26.750886_SF_30m_current_range_pct_gte_22.8592,(15m_current_ma20_distance_pct >= 26.75 OR 30m_current_range_pct >= 22.86),ast,50.0,or_pair,[]
SF_OR_SF_15m_current_ma20_distance_pct_gte_26.750886_SF_30m_previous_ma20_distance_pct_gte_39.165157,(15m_current_ma20_distance_pct >= 26.75 OR 30m_previous_ma20_distance_pct >= 39.17),ast,50.0,or_pair,[]
SF_OR_SF_15m_current_ma20_distance_pct_gte_26.750886_SF_derived_range_expansion_gte_19.663914,(15m_current_ma20_distance_pct >= 26.75 OR derived_range_expansion >= 19.66),ast,50.0,or_pair,[]
SF_OR_SF_15m_current_ma20_distance_pct_gte_26.750886_SF_derived_range_expansion_gte_8.077786,(15m_current_ma20_distance_pct >= 26.75 OR derived_range_expansion >= 8.078),ast,50.0,or_pair,[]
SF_OR_SF_15m_current_ma20_distance_pct_gte_26.750886_SR_1h_current_range_pct_5m_compression_15262639999.999996,(15m_current_ma20_distance_pct >= 26.75 OR 1h_current_range_pct/5m_compression >= 1.526e+10),ast,50.0,or_pair,[]
SF_OR_SF_15m_current_return_pct_gte_10.127714_SD_1h_current_body_pct_1h_previous_body_pct_gte_18.78308,(15m_current_return_pct >= 10.13 OR (1h_current_body_pct - 1h_previous_body_pct) >= 18.78),ast,50.0,or_pair,[]
SF_OR_SF_15m_current_return_pct_gte_10.127714_SD_1h_current_range_pct_1h_previous_range_pct_gte_21.98114,(15m_current_return_pct >= 10.13 OR (1h_current_range_pct - 1h_previous_range_pct) >= 21.98),ast,50.0,or_pair,[]
SF_OR_SF_15m_current_return_pct_gte_10.127714_SD_2h_current_return_pct_1h_current_return_pct_gte_13.61786,(15m_current_return_pct >= 10.13 OR (2h_current_return_pct - 1h_current_return_pct) >= 13.62),ast,50.0,or_pair,[]
SF_OR_SF_15m_current_return_pct_gte_10.127714_SF_15m_current_body_pct_gte_13.6371,(15m_current_return_pct >= 10.13 OR 15m_current_body_pct >= 13.64),ast,50.0,or_pair,[]
SF_OR_SF_15m_current_return_pct_gte_10.127714_SF_15m_current_body_pct_gte_9.0914,(15m_current_return_pct >= 10.13 OR 15m_current_body_pct >= 9.091),ast,50.0,or_pair,[]
SF_OR_SF_15m_current_return_pct_gte_10.127714_SF_15m_current_ma20_distance_pct_gte_17.364729,(15m_current_return_pct >= 10.13 OR 15m_current_ma20_distance_pct >= 17.36),ast,50.0,or_pair,[]
SF_OR_SF_15m_current_return_pct_gte_10.127714_SF_15m_current_ma20_distance_pct_gte_26.750886,(15m_current_return_pct >= 10.13 OR 15m_current_ma20_distance_pct >= 26.75),ast,50.0,or_pair,[]
SF_OR_SF_15m_current_return_pct_gte_10.127714_SF_1h_current_ma20_distance_pct_gte_20.388471,(15m_current_return_pct >= 10.13 OR 1h_current_ma20_distance_pct >= 20.39),ast,50.0,or_pair,[]
SF_OR_SF_15m_current_return_pct_gte_10.127714_SF_1h_current_ma20_distance_pct_gte_35.705329,(15m_current_return_pct >= 10.13 OR 1h_current_ma20_distance_pct >= 35.71),ast,50.0,or_pair,[]
SF_OR_SF_15m_current_return_pct_gte_10.127714_SF_1h_current_ma20_distance_pct_gte_51.022186,(15m_current_return_pct >= 10.13 OR 1h_current_ma20_distance_pct >= 51.02),ast,50.0,or_pair,[]
SF_OR_SF_15m_current_return_pct_gte_10.127714_SF_1h_current_return_pct_gte_8.969214,(15m_current_return_pct >= 10.13 OR 1h_current_return_pct >= 8.969),ast,50.0,or_pair,[]
SF_OR_SF_15m_current_return_pct_gte_10.127714_SF_2h_current_body_pct_gte_13.739943,(15m_current_return_pct >= 10.13 OR 2h_current_body_pct >= 13.74),ast,50.0,or_pair,[]
SF_OR_SF_15m_current_return_pct_gte_10.127714_SF_2h_current_body_pct_gte_20.609914,(15m_current_return_pct >= 10.13 OR 2h_current_body_pct >= 20.61),ast,50.0,or_pair,[]
SF_OR_SF_15m_current_return_pct_gte_10.127714_SF_2h_current_body_pct_gte_27.479886,(15m_current_return_pct >= 10.13 OR 2h_current_body_pct >= 27.48),ast,50.0,or_pair,[]
SF_OR_SF_15m_current_return_pct_gte_10.127714_SF_2h_current_range_pct_gte_29.928486,(15m_current_return_pct >= 10.13 OR 2h_current_range_pct >= 29.93),ast,50.0,or_pair,[]
SF_OR_SF_15m_current_return_pct_gte_10.127714_SF_2h_current_range_pct_gte_44.892729,(15m_current_return_pct >= 10.13 OR 2h_current_range_pct >= 44.89),ast,50.0,or_pair,[]
SF_OR_SF_15m_current_return_pct_gte_10.127714_SF_2h_previous_body_pct_gte_34.349857,(15m_current_return_pct >= 10.13 OR 2h_previous_body_pct >= 34.35),ast,50.0,or_pair,[]
SF_OR_SF_15m_current_return_pct_gte_10.127714_SF_2h_previous_ma20_distance_pct_gte_65.594714,(15m_current_return_pct >= 10.13 OR 2h_previous_ma20_distance_pct >= 65.59),ast,50.0,or_pair,[]
SF_OR_SF_15m_current_return_pct_gte_10.127714_SF_2h_previous_return_pct_gte_26.298514,(15m_current_return_pct >= 10.13 OR 2h_previous_return_pct >= 26.3),ast,50.0,or_pair,[]
SF_OR_SF_15m_current_return_pct_gte_10.127714_SF_30m_current_body_pct_gte_10.647286,(15m_current_return_pct >= 10.13 OR 30m_current_body_pct >= 10.65),ast,50.0,or_pair,[]
SF_OR_SF_15m_current_return_pct_gte_10.127714_SF_30m_current_body_pct_gte_15.970929,(15m_current_return_pct >= 10.13 OR 30m_current_body_pct >= 15.97),ast,50.0,or_pair,[]
SF_OR_SF_15m_current_return_pct_gte_10.127714_SF_30m_current_range_pct_gte_12.1684,(15m_current_return_pct >= 10.13 OR 30m_current_range_pct >= 12.17),ast,50.0,or_pair,[]
SF_OR_SF_15m_current_return_pct_gte_10.127714_SF_30m_current_range_pct_gte_22.8592,(15m_current_return_pct >= 10.13 OR 30m_current_range_pct >= 22.86),ast,50.0,or_pair,[]
SF_OR_SF_15m_current_return_pct_gte_10.127714_SF_30m_previous_ma20_distance_pct_gte_39.165157,(15m_current_return_pct >= 10.13 OR 30m_previous_ma20_distance_pct >= 39.17),ast,50.0,or_pair,[]
SF_OR_SF_15m_current_return_pct_gte_10.127714_SF_derived_range_expansion_gte_19.663914,(15m_current_return_pct >= 10.13 OR derived_range_expansion >= 19.66),ast,50.0,or_pair,[]
SF_OR_SF_15m_current_return_pct_gte_10.127714_SF_derived_range_expansion_gte_8.077786,(15m_current_return_pct >= 10.13 OR derived_range_expansion >= 8.078),ast,50.0,or_pair,[]
SF_OR_SF_15m_current_return_pct_gte_10.127714_SR_1h_current_range_pct_5m_compression_15262639999.999996,(15m_current_return_pct >= 10.13 OR 1h_current_range_pct/5m_compression >= 1.526e+10),ast,50.0,or_pair,[]
SF_OR_SF_1h_current_ma20_distance_pct_gte_20.388471_SD_1h_current_body_pct_1h_previous_body_pct_gte_18.78308,(1h_current_ma20_distance_pct >= 20.39 OR (1h_current_body_pct - 1h_previous_body_pct) >= 18.78),ast,50.0,or_pair,[]
SF_OR_SF_1h_current_ma20_distance_pct_gte_20.388471_SD_2h_current_return_pct_1h_current_return_pct_gte_13.61786,(1h_current_ma20_distance_pct >= 20.39 OR (2h_current_return_pct - 1h_current_return_pct) >= 13.62),ast,50.0,or_pair,[]
SF_OR_SF_1h_current_ma20_distance_pct_gte_20.388471_SF_15m_current_body_pct_gte_9.0914,(1h_current_ma20_distance_pct >= 20.39 OR 15m_current_body_pct >= 9.091),ast,50.0,or_pair,[]
SF_OR_SF_1h_current_ma20_distance_pct_gte_20.388471_SF_2h_previous_return_pct_gte_26.298514,(1h_current_ma20_distance_pct >= 20.39 OR 2h_previous_return_pct >= 26.3),ast,50.0,or_pair,[]
SF_OR_SF_1h_current_ma20_distance_pct_gte_20.388471_SF_30m_current_body_pct_gte_10.647286,(1h_current_ma20_distance_pct >= 20.39 OR 30m_current_body_pct >= 10.65),ast,50.0,or_pair,[]
SF_OR_SF_1h_current_ma20_distance_pct_gte_20.388471_SF_30m_previous_ma20_distance_pct_gte_39.165157,(1h_current_ma20_distance_pct >= 20.39 OR 30m_previous_ma20_distance_pct >= 39.17),ast,50.0,or_pair,[]
SF_OR_SF_1h_current_ma20_distance_pct_gte_35.705329_SD_1h_current_body_pct_1h_previous_body_pct_gte_18.78308,(1h_current_ma20_distance_pct >= 35.71 OR (1h_current_body_pct - 1h_previous_body_pct) >= 18.78),ast,50.0,or_pair,[]
SF_OR_SF_1h_current_ma20_distance_pct_gte_35.705329_SD_2h_current_return_pct_1h_current_return_pct_gte_13.61786,(1h_current_ma20_distance_pct >= 35.71 OR (2h_current_return_pct - 1h_current_return_pct) >= 13.62),ast,50.0,or_pair,[]
SF_OR_SF_1h_current_ma20_distance_pct_gte_35.705329_SF_15m_current_body_pct_gte_13.6371,(1h_current_ma20_distance_pct >= 35.71 OR 15m_current_body_pct >= 13.64),ast,50.0,or_pair,[]
SF_OR_SF_1h_current_ma20_distance_pct_gte_35.705329_SF_15m_current_body_pct_gte_9.0914,(1h_current_ma20_distance_pct >= 35.71 OR 15m_current_body_pct >= 9.091),ast,50.0,or_pair,[]
SF_OR_SF_1h_current_ma20_distance_pct_gte_35.705329_SF_15m_current_ma20_distance_pct_gte_17.364729,(1h_current_ma20_distance_pct >= 35.71 OR 15m_current_ma20_distance_pct >= 17.36),ast,50.0,or_pair,[]
SF_OR_SF_1h_current_ma20_distance_pct_gte_35.705329_SF_1h_current_ma20_distance_pct_gte_20.388471,(1h_current_ma20_distance_pct >= 35.71 OR 1h_current_ma20_distance_pct >= 20.39),ast,50.0,or_pair,[]
SF_OR_SF_1h_current_ma20_distance_pct_gte_35.705329_SF_2h_current_body_pct_gte_13.739943,(1h_current_ma20_distance_pct >= 35.71 OR 2h_current_body_pct >= 13.74),ast,50.0,or_pair,[]
SF_OR_SF_1h_current_ma20_distance_pct_gte_35.705329_SF_2h_current_body_pct_gte_20.609914,(1h_current_ma20_distance_pct >= 35.71 OR 2h_current_body_pct >= 20.61),ast,50.0,or_pair,[]
SF_OR_SF_1h_current_ma20_distance_pct_gte_35.705329_SF_2h_current_range_pct_gte_29.928486,(1h_current_ma20_distance_pct >= 35.71 OR 2h_current_range_pct >= 29.93),ast,50.0,or_pair,[]
SF_OR_SF_1h_current_ma20_distance_pct_gte_35.705329_SF_2h_current_range_pct_gte_44.892729,(1h_current_ma20_distance_pct >= 35.71 OR 2h_current_range_pct >= 44.89),ast,50.0,or_pair,[]
SF_OR_SF_1h_current_ma20_distance_pct_gte_35.705329_SF_2h_previous_body_pct_gte_34.349857,(1h_current_ma20_distance_pct >= 35.71 OR 2h_previous_body_pct >= 34.35),ast,50.0,or_pair,[]
SF_OR_SF_1h_current_ma20_distance_pct_gte_35.705329_SF_2h_previous_ma20_distance_pct_gte_65.594714,(1h_current_ma20_distance_pct >= 35.71 OR 2h_previous_ma20_distance_pct >= 65.59),ast,50.0,or_pair,[]
SF_OR_SF_1h_current_ma20_distance_pct_gte_35.705329_SF_2h_previous_return_pct_gte_26.298514,(1h_current_ma20_distance_pct >= 35.71 OR 2h_previous_return_pct >= 26.3),ast,50.0,or_pair,[]
SF_OR_SF_1h_current_ma20_distance_pct_gte_35.705329_SF_30m_current_body_pct_gte_10.647286,(1h_current_ma20_distance_pct >= 35.71 OR 30m_current_body_pct >= 10.65),ast,50.0,or_pair,[]
SF_OR_SF_1h_current_ma20_distance_pct_gte_35.705329_SF_30m_current_body_pct_gte_15.970929,(1h_current_ma20_distance_pct >= 35.71 OR 30m_current_body_pct >= 15.97),ast,50.0,or_pair,[]
SF_OR_SF_1h_current_ma20_distance_pct_gte_35.705329_SF_30m_current_range_pct_gte_12.1684,(1h_current_ma20_distance_pct >= 35.71 OR 30m_current_range_pct >= 12.17),ast,50.0,or_pair,[]
SF_OR_SF_1h_current_ma20_distance_pct_gte_35.705329_SF_30m_current_range_pct_gte_22.8592,(1h_current_ma20_distance_pct >= 35.71 OR 30m_current_range_pct >= 22.86),ast,50.0,or_pair,[]
SF_OR_SF_1h_current_ma20_distance_pct_gte_35.705329_SF_30m_previous_ma20_distance_pct_gte_39.165157,(1h_current_ma20_distance_pct >= 35.71 OR 30m_previous_ma20_distance_pct >= 39.17),ast,50.0,or_pair,[]
SF_OR_SF_1h_current_ma20_distance_pct_gte_35.705329_SF_derived_range_expansion_gte_19.663914,(1h_current_ma20_distance_pct >= 35.71 OR derived_range_expansion >= 19.66),ast,50.0,or_pair,[]
SF_OR_SF_1h_current_ma20_distance_pct_gte_35.705329_SF_derived_range_expansion_gte_8.077786,(1h_current_ma20_distance_pct >= 35.71 OR derived_range_expansion >= 8.078),ast,50.0,or_pair,[]
SF_OR_SF_1h_current_ma20_distance_pct_gte_35.705329_SR_1h_current_range_pct_5m_compression_15262639999.999996,(1h_current_ma20_distance_pct >= 35.71 OR 1h_current_range_pct/5m_compression >= 1.526e+10),ast,50.0,or_pair,[]
SF_OR_SF_1h_current_ma20_distance_pct_gte_51.022186_SD_1h_current_body_pct_1h_previous_body_pct_gte_18.78308,(1h_current_ma20_distance_pct >= 51.02 OR (1h_current_body_pct - 1h_previous_body_pct) >= 18.78),ast,50.0,or_pair,[]
SF_OR_SF_1h_current_ma20_distance_pct_gte_51.022186_SD_2h_current_return_pct_1h_current_return_pct_gte_13.61786,(1h_current_ma20_distance_pct >= 51.02 OR (2h_current_return_pct - 1h_current_return_pct) >= 13.62),ast,50.0,or_pair,[]
SF_OR_SF_1h_current_ma20_distance_pct_gte_51.022186_SF_15m_current_body_pct_gte_13.6371,(1h_current_ma20_distance_pct >= 51.02 OR 15m_current_body_pct >= 13.64),ast,50.0,or_pair,[]
SF_OR_SF_1h_current_ma20_distance_pct_gte_51.022186_SF_15m_current_body_pct_gte_9.0914,(1h_current_ma20_distance_pct >= 51.02 OR 15m_current_body_pct >= 9.091),ast,50.0,or_pair,[]
SF_OR_SF_1h_current_ma20_distance_pct_gte_51.022186_SF_15m_current_ma20_distance_pct_gte_17.364729,(1h_current_ma20_distance_pct >= 51.02 OR 15m_current_ma20_distance_pct >= 17.36),ast,50.0,or_pair,[]
SF_OR_SF_1h_current_ma20_distance_pct_gte_51.022186_SF_1h_current_ma20_distance_pct_gte_20.388471,(1h_current_ma20_distance_pct >= 51.02 OR 1h_current_ma20_distance_pct >= 20.39),ast,50.0,or_pair,[]
SF_OR_SF_1h_current_ma20_distance_pct_gte_51.022186_SF_1h_current_ma20_distance_pct_gte_35.705329,(1h_current_ma20_distance_pct >= 51.02 OR 1h_current_ma20_distance_pct >= 35.71),ast,50.0,or_pair,[]
SF_OR_SF_1h_current_ma20_distance_pct_gte_51.022186_SF_2h_current_body_pct_gte_13.739943,(1h_current_ma20_distance_pct >= 51.02 OR 2h_current_body_pct >= 13.74),ast,50.0,or_pair,[]
SF_OR_SF_1h_current_ma20_distance_pct_gte_51.022186_SF_2h_current_body_pct_gte_20.609914,(1h_current_ma20_distance_pct >= 51.02 OR 2h_current_body_pct >= 20.61),ast,50.0,or_pair,[]
SF_OR_SF_1h_current_ma20_distance_pct_gte_51.022186_SF_2h_current_range_pct_gte_29.928486,(1h_current_ma20_distance_pct >= 51.02 OR 2h_current_range_pct >= 29.93),ast,50.0,or_pair,[]
SF_OR_SF_1h_current_ma20_distance_pct_gte_51.022186_SF_2h_current_range_pct_gte_44.892729,(1h_current_ma20_distance_pct >= 51.02 OR 2h_current_range_pct >= 44.89),ast,50.0,or_pair,[]
SF_OR_SF_1h_current_ma20_distance_pct_gte_51.022186_SF_2h_previous_body_pct_gte_34.349857,(1h_current_ma20_distance_pct >= 51.02 OR 2h_previous_body_pct >= 34.35),ast,50.0,or_pair,[]
SF_OR_SF_1h_current_ma20_distance_pct_gte_51.022186_SF_2h_previous_ma20_distance_pct_gte_65.594714,(1h_current_ma20_distance_pct >= 51.02 OR 2h_previous_ma20_distance_pct >= 65.59),ast,50.0,or_pair,[]
SF_OR_SF_1h_current_ma20_distance_pct_gte_51.022186_SF_2h_previous_return_pct_gte_26.298514,(1h_current_ma20_distance_pct >= 51.02 OR 2h_previous_return_pct >= 26.3),ast,50.0,or_pair,[]
SF_OR_SF_1h_current_ma20_distance_pct_gte_51.022186_SF_30m_current_body_pct_gte_10.647286,(1h_current_ma20_distance_pct >= 51.02 OR 30m_current_body_pct >= 10.65),ast,50.0,or_pair,[]
SF_OR_SF_1h_current_ma20_distance_pct_gte_51.022186_SF_30m_current_body_pct_gte_15.970929,(1h_current_ma20_distance_pct >= 51.02 OR 30m_current_body_pct >= 15.97),ast,50.0,or_pair,[]
SF_OR_SF_1h_current_ma20_distance_pct_gte_51.022186_SF_30m_current_range_pct_gte_12.1684,(1h_current_ma20_distance_pct >= 51.02 OR 30m_current_range_pct >= 12.17),ast,50.0,or_pair,[]
SF_OR_SF_1h_current_ma20_distance_pct_gte_51.022186_SF_30m_current_range_pct_gte_22.8592,(1h_current_ma20_distance_pct >= 51.02 OR 30m_current_range_pct >= 22.86),ast,50.0,or_pair,[]
SF_OR_SF_1h_current_ma20_distance_pct_gte_51.022186_SF_30m_previous_ma20_distance_pct_gte_39.165157,(1h_current_ma20_distance_pct >= 51.02 OR 30m_previous_ma20_distance_pct >= 39.17),ast,50.0,or_pair,[]
SF_OR_SF_1h_current_ma20_distance_pct_gte_51.022186_SF_derived_range_expansion_gte_19.663914,(1h_current_ma20_distance_pct >= 51.02 OR derived_range_expansion >= 19.66),ast,50.0,or_pair,[]
SF_OR_SF_1h_current_ma20_distance_pct_gte_51.022186_SF_derived_range_expansion_gte_8.077786,(1h_current_ma20_distance_pct >= 51.02 OR derived_range_expansion >= 8.078),ast,50.0,or_pair,[]
SF_OR_SF_1h_current_ma20_distance_pct_gte_51.022186_SR_1h_current_range_pct_5m_compression_15262639999.999996,(1h_current_ma20_distance_pct >= 51.02 OR 1h_current_range_pct/5m_compression >= 1.526e+10),ast,50.0,or_pair,[]
SF_OR_SF_1h_current_return_pct_gte_18.082043_SD_1h_current_body_pct_1h_previous_body_pct_gte_18.78308,(1h_current_return_pct >= 18.08 OR (1h_current_body_pct - 1h_previous_body_pct) >= 18.78),ast,50.0,or_pair,[]
SF_OR_SF_1h_current_return_pct_gte_18.082043_SD_1h_current_range_pct_1h_previous_range_pct_gte_21.98114,(1h_current_return_pct >= 18.08 OR (1h_current_range_pct - 1h_previous_range_pct) >= 21.98),ast,50.0,or_pair,[]
SF_OR_SF_1h_current_return_pct_gte_18.082043_SD_1h_current_return_pct_15m_current_return_pct_gte_9.24094,(1h_current_return_pct >= 18.08 OR (1h_current_return_pct - 15m_current_return_pct) >= 9.241),ast,50.0,or_pair,[]
SF_OR_SF_1h_current_return_pct_gte_18.082043_SD_2h_current_return_pct_1h_current_return_pct_gte_13.61786,(1h_current_return_pct >= 18.08 OR (2h_current_return_pct - 1h_current_return_pct) >= 13.62),ast,50.0,or_pair,[]
SF_OR_SF_1h_current_return_pct_gte_18.082043_SF_15m_current_body_pct_gte_13.6371,(1h_current_return_pct >= 18.08 OR 15m_current_body_pct >= 13.64),ast,50.0,or_pair,[]
SF_OR_SF_1h_current_return_pct_gte_18.082043_SF_15m_current_body_pct_gte_9.0914,(1h_current_return_pct >= 18.08 OR 15m_current_body_pct >= 9.091),ast,50.0,or_pair,[]
SF_OR_SF_1h_current_return_pct_gte_18.082043_SF_15m_current_ma20_distance_pct_gte_17.364729,(1h_current_return_pct >= 18.08 OR 15m_current_ma20_distance_pct >= 17.36),ast,50.0,or_pair,[]
SF_OR_SF_1h_current_return_pct_gte_18.082043_SF_15m_current_ma20_distance_pct_gte_26.750886,(1h_current_return_pct >= 18.08 OR 15m_current_ma20_distance_pct >= 26.75),ast,50.0,or_pair,[]
SF_OR_SF_1h_current_return_pct_gte_18.082043_SF_15m_current_return_pct_gte_10.127714,(1h_current_return_pct >= 18.08 OR 15m_current_return_pct >= 10.13),ast,50.0,or_pair,[]
SF_OR_SF_1h_current_return_pct_gte_18.082043_SF_1h_current_ma20_distance_pct_gte_20.388471,(1h_current_return_pct >= 18.08 OR 1h_current_ma20_distance_pct >= 20.39),ast,50.0,or_pair,[]
SF_OR_SF_1h_current_return_pct_gte_18.082043_SF_1h_current_ma20_distance_pct_gte_35.705329,(1h_current_return_pct >= 18.08 OR 1h_current_ma20_distance_pct >= 35.71),ast,50.0,or_pair,[]
SF_OR_SF_1h_current_return_pct_gte_18.082043_SF_1h_current_ma20_distance_pct_gte_51.022186,(1h_current_return_pct >= 18.08 OR 1h_current_ma20_distance_pct >= 51.02),ast,50.0,or_pair,[]
SF_OR_SF_1h_current_return_pct_gte_18.082043_SF_1h_current_return_pct_gte_8.969214,(1h_current_return_pct >= 18.08 OR 1h_current_return_pct >= 8.969),ast,50.0,or_pair,[]
SF_OR_SF_1h_current_return_pct_gte_18.082043_SF_2h_current_body_pct_gte_13.739943,(1h_current_return_pct >= 18.08 OR 2h_current_body_pct >= 13.74),ast,50.0,or_pair,[]
SF_OR_SF_1h_current_return_pct_gte_18.082043_SF_2h_current_body_pct_gte_20.609914,(1h_current_return_pct >= 18.08 OR 2h_current_body_pct >= 20.61),ast,50.0,or_pair,[]
SF_OR_SF_1h_current_return_pct_gte_18.082043_SF_2h_current_body_pct_gte_27.479886,(1h_current_return_pct >= 18.08 OR 2h_current_body_pct >= 27.48),ast,50.0,or_pair,[]
SF_OR_SF_1h_current_return_pct_gte_18.082043_SF_2h_current_range_pct_gte_29.928486,(1h_current_return_pct >= 18.08 OR 2h_current_range_pct >= 29.93),ast,50.0,or_pair,[]
SF_OR_SF_1h_current_return_pct_gte_18.082043_SF_2h_current_range_pct_gte_44.892729,(1h_current_return_pct >= 18.08 OR 2h_current_range_pct >= 44.89),ast,50.0,or_pair,[]
SF_OR_SF_1h_current_return_pct_gte_18.082043_SF_2h_previous_body_pct_gte_34.349857,(1h_current_return_pct >= 18.08 OR 2h_previous_body_pct >= 34.35),ast,50.0,or_pair,[]
SF_OR_SF_1h_current_return_pct_gte_18.082043_SF_2h_previous_ma20_distance_pct_gte_65.594714,(1h_current_return_pct >= 18.08 OR 2h_previous_ma20_distance_pct >= 65.59),ast,50.0,or_pair,[]
SF_OR_SF_1h_current_return_pct_gte_18.082043_SF_2h_previous_return_pct_gte_26.298514,(1h_current_return_pct >= 18.08 OR 2h_previous_return_pct >= 26.3),ast,50.0,or_pair,[]
SF_OR_SF_1h_current_return_pct_gte_18.082043_SF_30m_current_body_pct_gte_10.647286,(1h_current_return_pct >= 18.08 OR 30m_current_body_pct >= 10.65),ast,50.0,or_pair,[]
SF_OR_SF_1h_current_return_pct_gte_18.082043_SF_30m_current_body_pct_gte_15.970929,(1h_current_return_pct >= 18.08 OR 30m_current_body_pct >= 15.97),ast,50.0,or_pair,[]
SF_OR_SF_1h_current_return_pct_gte_18.082043_SF_30m_current_range_pct_gte_12.1684,(1h_current_return_pct >= 18.08 OR 30m_current_range_pct >= 12.17),ast,50.0,or_pair,[]
SF_OR_SF_1h_current_return_pct_gte_18.082043_SF_30m_current_range_pct_gte_22.8592,(1h_current_return_pct >= 18.08 OR 30m_current_range_pct >= 22.86),ast,50.0,or_pair,[]
SF_OR_SF_1h_current_return_pct_gte_18.082043_SF_30m_previous_ma20_distance_pct_gte_39.165157,(1h_current_return_pct >= 18.08 OR 30m_previous_ma20_distance_pct >= 39.17),ast,50.0,or_pair,[]
SF_OR_SF_1h_current_return_pct_gte_18.082043_SF_derived_range_expansion_gte_19.663914,(1h_current_return_pct >= 18.08 OR derived_range_expansion >= 19.66),ast,50.0,or_pair,[]
SF_OR_SF_1h_current_return_pct_gte_18.082043_SF_derived_range_expansion_gte_8.077786,(1h_current_return_pct >= 18.08 OR derived_range_expansion >= 8.078),ast,50.0,or_pair,[]
SF_OR_SF_1h_current_return_pct_gte_18.082043_SR_1h_current_range_pct_5m_compression_15262639999.999996,(1h_current_return_pct >= 18.08 OR 1h_current_range_pct/5m_compression >= 1.526e+10),ast,50.0,or_pair,[]
SF_OR_SF_1h_current_return_pct_gte_8.969214_SD_1h_current_body_pct_1h_previous_body_pct_gte_18.78308,(1h_current_return_pct >= 8.969 OR (1h_current_body_pct - 1h_previous_body_pct) >= 18.78),ast,50.0,or_pair,[]
SF_OR_SF_1h_current_return_pct_gte_8.969214_SD_1h_current_range_pct_1h_previous_range_pct_gte_21.98114,(1h_current_return_pct >= 8.969 OR (1h_current_range_pct - 1h_previous_range_pct) >= 21.98),ast,50.0,or_pair,[]
SF_OR_SF_1h_current_return_pct_gte_8.969214_SD_2h_current_return_pct_1h_current_return_pct_gte_13.61786,(1h_current_return_pct >= 8.969 OR (2h_current_return_pct - 1h_current_return_pct) >= 13.62),ast,50.0,or_pair,[]
SF_OR_SF_1h_current_return_pct_gte_8.969214_SF_15m_current_body_pct_gte_13.6371,(1h_current_return_pct >= 8.969 OR 15m_current_body_pct >= 13.64),ast,50.0,or_pair,[]
SF_OR_SF_1h_current_return_pct_gte_8.969214_SF_15m_current_body_pct_gte_9.0914,(1h_current_return_pct >= 8.969 OR 15m_current_body_pct >= 9.091),ast,50.0,or_pair,[]
SF_OR_SF_1h_current_return_pct_gte_8.969214_SF_15m_current_ma20_distance_pct_gte_17.364729,(1h_current_return_pct >= 8.969 OR 15m_current_ma20_distance_pct >= 17.36),ast,50.0,or_pair,[]
SF_OR_SF_1h_current_return_pct_gte_8.969214_SF_15m_current_ma20_distance_pct_gte_26.750886,(1h_current_return_pct >= 8.969 OR 15m_current_ma20_distance_pct >= 26.75),ast,50.0,or_pair,[]
SF_OR_SF_1h_current_return_pct_gte_8.969214_SF_1h_current_ma20_distance_pct_gte_20.388471,(1h_current_return_pct >= 8.969 OR 1h_current_ma20_distance_pct >= 20.39),ast,50.0,or_pair,[]
SF_OR_SF_1h_current_return_pct_gte_8.969214_SF_1h_current_ma20_distance_pct_gte_35.705329,(1h_current_return_pct >= 8.969 OR 1h_current_ma20_distance_pct >= 35.71),ast,50.0,or_pair,[]
SF_OR_SF_1h_current_return_pct_gte_8.969214_SF_1h_current_ma20_distance_pct_gte_51.022186,(1h_current_return_pct >= 8.969 OR 1h_current_ma20_distance_pct >= 51.02),ast,50.0,or_pair,[]
SF_OR_SF_1h_current_return_pct_gte_8.969214_SF_2h_current_body_pct_gte_13.739943,(1h_current_return_pct >= 8.969 OR 2h_current_body_pct >= 13.74),ast,50.0,or_pair,[]
SF_OR_SF_1h_current_return_pct_gte_8.969214_SF_2h_current_body_pct_gte_20.609914,(1h_current_return_pct >= 8.969 OR 2h_current_body_pct >= 20.61),ast,50.0,or_pair,[]
SF_OR_SF_1h_current_return_pct_gte_8.969214_SF_2h_current_body_pct_gte_27.479886,(1h_current_return_pct >= 8.969 OR 2h_current_body_pct >= 27.48),ast,50.0,or_pair,[]
SF_OR_SF_1h_current_return_pct_gte_8.969214_SF_2h_current_range_pct_gte_29.928486,(1h_current_return_pct >= 8.969 OR 2h_current_range_pct >= 29.93),ast,50.0,or_pair,[]
SF_OR_SF_1h_current_return_pct_gte_8.969214_SF_2h_current_range_pct_gte_44.892729,(1h_current_return_pct >= 8.969 OR 2h_current_range_pct >= 44.89),ast,50.0,or_pair,[]
SF_OR_SF_1h_current_return_pct_gte_8.969214_SF_2h_previous_body_pct_gte_34.349857,(1h_current_return_pct >= 8.969 OR 2h_previous_body_pct >= 34.35),ast,50.0,or_pair,[]
SF_OR_SF_1h_current_return_pct_gte_8.969214_SF_2h_previous_ma20_distance_pct_gte_65.594714,(1h_current_return_pct >= 8.969 OR 2h_previous_ma20_distance_pct >= 65.59),ast,50.0,or_pair,[]
SF_OR_SF_1h_current_return_pct_gte_8.969214_SF_2h_previous_return_pct_gte_26.298514,(1h_current_return_pct >= 8.969 OR 2h_previous_return_pct >= 26.3),ast,50.0,or_pair,[]
SF_OR_SF_1h_current_return_pct_gte_8.969214_SF_30m_current_body_pct_gte_10.647286,(1h_current_return_pct >= 8.969 OR 30m_current_body_pct >= 10.65),ast,50.0,or_pair,[]
SF_OR_SF_1h_current_return_pct_gte_8.969214_SF_30m_current_body_pct_gte_15.970929,(1h_current_return_pct >= 8.969 OR 30m_current_body_pct >= 15.97),ast,50.0,or_pair,[]
SF_OR_SF_1h_current_return_pct_gte_8.969214_SF_30m_current_range_pct_gte_12.1684,(1h_current_return_pct >= 8.969 OR 30m_current_range_pct >= 12.17),ast,50.0,or_pair,[]
SF_OR_SF_1h_current_return_pct_gte_8.969214_SF_30m_current_range_pct_gte_22.8592,(1h_current_return_pct >= 8.969 OR 30m_current_range_pct >= 22.86),ast,50.0,or_pair,[]
SF_OR_SF_1h_current_return_pct_gte_8.969214_SF_30m_previous_ma20_distance_pct_gte_39.165157,(1h_current_return_pct >= 8.969 OR 30m_previous_ma20_distance_pct >= 39.17),ast,50.0,or_pair,[]
SF_OR_SF_1h_current_return_pct_gte_8.969214_SF_derived_range_expansion_gte_19.663914,(1h_current_return_pct >= 8.969 OR derived_range_expansion >= 19.66),ast,50.0,or_pair,[]
SF_OR_SF_1h_current_return_pct_gte_8.969214_SF_derived_range_expansion_gte_8.077786,(1h_current_return_pct >= 8.969 OR derived_range_expansion >= 8.078),ast,50.0,or_pair,[]
SF_OR_SF_1h_current_return_pct_gte_8.969214_SR_1h_current_range_pct_5m_compression_15262639999.999996,(1h_current_return_pct >= 8.969 OR 1h_current_range_pct/5m_compression >= 1.526e+10),ast,50.0,or_pair,[]
SF_OR_SF_2h_current_body_pct_gte_13.739943_SD_1h_current_body_pct_1h_previous_body_pct_gte_18.78308,(2h_current_body_pct >= 13.74 OR (1h_current_body_pct - 1h_previous_body_pct) >= 18.78),ast,50.0,or_pair,[]
SF_OR_SF_2h_current_body_pct_gte_13.739943_SD_2h_current_return_pct_1h_current_return_pct_gte_13.61786,(2h_current_body_pct >= 13.74 OR (2h_current_return_pct - 1h_current_return_pct) >= 13.62),ast,50.0,or_pair,[]
SF_OR_SF_2h_current_body_pct_gte_13.739943_SF_15m_current_body_pct_gte_9.0914,(2h_current_body_pct >= 13.74 OR 15m_current_body_pct >= 9.091),ast,50.0,or_pair,[]
SF_OR_SF_2h_current_body_pct_gte_13.739943_SF_15m_current_ma20_distance_pct_gte_17.364729,(2h_current_body_pct >= 13.74 OR 15m_current_ma20_distance_pct >= 17.36),ast,50.0,or_pair,[]
SF_OR_SF_2h_current_body_pct_gte_13.739943_SF_1h_current_ma20_distance_pct_gte_20.388471,(2h_current_body_pct >= 13.74 OR 1h_current_ma20_distance_pct >= 20.39),ast,50.0,or_pair,[]
SF_OR_SF_2h_current_body_pct_gte_13.739943_SF_2h_current_range_pct_gte_44.892729,(2h_current_body_pct >= 13.74 OR 2h_current_range_pct >= 44.89),ast,50.0,or_pair,[]
SF_OR_SF_2h_current_body_pct_gte_13.739943_SF_2h_previous_ma20_distance_pct_gte_65.594714,(2h_current_body_pct >= 13.74 OR 2h_previous_ma20_distance_pct >= 65.59),ast,50.0,or_pair,[]
SF_OR_SF_2h_current_body_pct_gte_13.739943_SF_2h_previous_return_pct_gte_26.298514,(2h_current_body_pct >= 13.74 OR 2h_previous_return_pct >= 26.3),ast,50.0,or_pair,[]
SF_OR_SF_2h_current_body_pct_gte_13.739943_SF_30m_current_body_pct_gte_10.647286,(2h_current_body_pct >= 13.74 OR 30m_current_body_pct >= 10.65),ast,50.0,or_pair,[]
SF_OR_SF_2h_current_body_pct_gte_13.739943_SF_30m_current_range_pct_gte_12.1684,(2h_current_body_pct >= 13.74 OR 30m_current_range_pct >= 12.17),ast,50.0,or_pair,[]
SF_OR_SF_2h_current_body_pct_gte_13.739943_SF_30m_current_range_pct_gte_22.8592,(2h_current_body_pct >= 13.74 OR 30m_current_range_pct >= 22.86),ast,50.0,or_pair,[]
SF_OR_SF_2h_current_body_pct_gte_13.739943_SF_30m_previous_ma20_distance_pct_gte_39.165157,(2h_current_body_pct >= 13.74 OR 30m_previous_ma20_distance_pct >= 39.17),ast,50.0,or_pair,[]
SF_OR_SF_2h_current_body_pct_gte_13.739943_SF_derived_range_expansion_gte_8.077786,(2h_current_body_pct >= 13.74 OR derived_range_expansion >= 8.078),ast,50.0,or_pair,[]
SF_OR_SF_2h_current_body_pct_gte_13.739943_SR_1h_current_range_pct_5m_compression_15262639999.999996,(2h_current_body_pct >= 13.74 OR 1h_current_range_pct/5m_compression >= 1.526e+10),ast,50.0,or_pair,[]
SF_OR_SF_2h_current_body_pct_gte_20.609914_SD_1h_current_body_pct_1h_previous_body_pct_gte_18.78308,(2h_current_body_pct >= 20.61 OR (1h_current_body_pct - 1h_previous_body_pct) >= 18.78),ast,50.0,or_pair,[]
SF_OR_SF_2h_current_body_pct_gte_20.609914_SD_2h_current_return_pct_1h_current_return_pct_gte_13.61786,(2h_current_body_pct >= 20.61 OR (2h_current_return_pct - 1h_current_return_pct) >= 13.62),ast,50.0,or_pair,[]
SF_OR_SF_2h_current_body_pct_gte_20.609914_SF_15m_current_body_pct_gte_13.6371,(2h_current_body_pct >= 20.61 OR 15m_current_body_pct >= 13.64),ast,50.0,or_pair,[]
SF_OR_SF_2h_current_body_pct_gte_20.609914_SF_15m_current_body_pct_gte_9.0914,(2h_current_body_pct >= 20.61 OR 15m_current_body_pct >= 9.091),ast,50.0,or_pair,[]
SF_OR_SF_2h_current_body_pct_gte_20.609914_SF_15m_current_ma20_distance_pct_gte_17.364729,(2h_current_body_pct >= 20.61 OR 15m_current_ma20_distance_pct >= 17.36),ast,50.0,or_pair,[]
SF_OR_SF_2h_current_body_pct_gte_20.609914_SF_1h_current_ma20_distance_pct_gte_20.388471,(2h_current_body_pct >= 20.61 OR 1h_current_ma20_distance_pct >= 20.39),ast,50.0,or_pair,[]
SF_OR_SF_2h_current_body_pct_gte_20.609914_SF_2h_current_body_pct_gte_13.739943,(2h_current_body_pct >= 20.61 OR 2h_current_body_pct >= 13.74),ast,50.0,or_pair,[]
SF_OR_SF_2h_current_body_pct_gte_20.609914_SF_2h_current_range_pct_gte_29.928486,(2h_current_body_pct >= 20.61 OR 2h_current_range_pct >= 29.93),ast,50.0,or_pair,[]
SF_OR_SF_2h_current_body_pct_gte_20.609914_SF_2h_current_range_pct_gte_44.892729,(2h_current_body_pct >= 20.61 OR 2h_current_range_pct >= 44.89),ast,50.0,or_pair,[]
SF_OR_SF_2h_current_body_pct_gte_20.609914_SF_2h_previous_body_pct_gte_34.349857,(2h_current_body_pct >= 20.61 OR 2h_previous_body_pct >= 34.35),ast,50.0,or_pair,[]
SF_OR_SF_2h_current_body_pct_gte_20.609914_SF_2h_previous_ma20_distance_pct_gte_65.594714,(2h_current_body_pct >= 20.61 OR 2h_previous_ma20_distance_pct >= 65.59),ast,50.0,or_pair,[]
SF_OR_SF_2h_current_body_pct_gte_20.609914_SF_2h_previous_return_pct_gte_26.298514,(2h_current_body_pct >= 20.61 OR 2h_previous_return_pct >= 26.3),ast,50.0,or_pair,[]
SF_OR_SF_2h_current_body_pct_gte_20.609914_SF_30m_current_body_pct_gte_10.647286,(2h_current_body_pct >= 20.61 OR 30m_current_body_pct >= 10.65),ast,50.0,or_pair,[]
SF_OR_SF_2h_current_body_pct_gte_20.609914_SF_30m_current_body_pct_gte_15.970929,(2h_current_body_pct >= 20.61 OR 30m_current_body_pct >= 15.97),ast,50.0,or_pair,[]
SF_OR_SF_2h_current_body_pct_gte_20.609914_SF_30m_current_range_pct_gte_12.1684,(2h_current_body_pct >= 20.61 OR 30m_current_range_pct >= 12.17),ast,50.0,or_pair,[]
SF_OR_SF_2h_current_body_pct_gte_20.609914_SF_30m_current_range_pct_gte_22.8592,(2h_current_body_pct >= 20.61 OR 30m_current_range_pct >= 22.86),ast,50.0,or_pair,[]
SF_OR_SF_2h_current_body_pct_gte_20.609914_SF_30m_previous_ma20_distance_pct_gte_39.165157,(2h_current_body_pct >= 20.61 OR 30m_previous_ma20_distance_pct >= 39.17),ast,50.0,or_pair,[]
SF_OR_SF_2h_current_body_pct_gte_20.609914_SF_derived_range_expansion_gte_19.663914,(2h_current_body_pct >= 20.61 OR derived_range_expansion >= 19.66),ast,50.0,or_pair,[]
SF_OR_SF_2h_current_body_pct_gte_20.609914_SF_derived_range_expansion_gte_8.077786,(2h_current_body_pct >= 20.61 OR derived_range_expansion >= 8.078),ast,50.0,or_pair,[]
SF_OR_SF_2h_current_body_pct_gte_20.609914_SR_1h_current_range_pct_5m_compression_15262639999.999996,(2h_current_body_pct >= 20.61 OR 1h_current_range_pct/5m_compression >= 1.526e+10),ast,50.0,or_pair,[]
SF_OR_SF_2h_current_body_pct_gte_27.479886_SD_1h_current_body_pct_1h_previous_body_pct_gte_18.78308,(2h_current_body_pct >= 27.48 OR (1h_current_body_pct - 1h_previous_body_pct) >= 18.78),ast,50.0,or_pair,[]
SF_OR_SF_2h_current_body_pct_gte_27.479886_SD_1h_current_range_pct_1h_previous_range_pct_gte_21.98114,(2h_current_body_pct >= 27.48 OR (1h_current_range_pct - 1h_previous_range_pct) >= 21.98),ast,50.0,or_pair,[]
SF_OR_SF_2h_current_body_pct_gte_27.479886_SD_2h_current_return_pct_1h_current_return_pct_gte_13.61786,(2h_current_body_pct >= 27.48 OR (2h_current_return_pct - 1h_current_return_pct) >= 13.62),ast,50.0,or_pair,[]
SF_OR_SF_2h_current_body_pct_gte_27.479886_SF_15m_current_body_pct_gte_13.6371,(2h_current_body_pct >= 27.48 OR 15m_current_body_pct >= 13.64),ast,50.0,or_pair,[]
SF_OR_SF_2h_current_body_pct_gte_27.479886_SF_15m_current_body_pct_gte_9.0914,(2h_current_body_pct >= 27.48 OR 15m_current_body_pct >= 9.091),ast,50.0,or_pair,[]
SF_OR_SF_2h_current_body_pct_gte_27.479886_SF_15m_current_ma20_distance_pct_gte_17.364729,(2h_current_body_pct >= 27.48 OR 15m_current_ma20_distance_pct >= 17.36),ast,50.0,or_pair,[]
SF_OR_SF_2h_current_body_pct_gte_27.479886_SF_15m_current_ma20_distance_pct_gte_26.750886,(2h_current_body_pct >= 27.48 OR 15m_current_ma20_distance_pct >= 26.75),ast,50.0,or_pair,[]
SF_OR_SF_2h_current_body_pct_gte_27.479886_SF_1h_current_ma20_distance_pct_gte_20.388471,(2h_current_body_pct >= 27.48 OR 1h_current_ma20_distance_pct >= 20.39),ast,50.0,or_pair,[]
SF_OR_SF_2h_current_body_pct_gte_27.479886_SF_1h_current_ma20_distance_pct_gte_35.705329,(2h_current_body_pct >= 27.48 OR 1h_current_ma20_distance_pct >= 35.71),ast,50.0,or_pair,[]
SF_OR_SF_2h_current_body_pct_gte_27.479886_SF_1h_current_ma20_distance_pct_gte_51.022186,(2h_current_body_pct >= 27.48 OR 1h_current_ma20_distance_pct >= 51.02),ast,50.0,or_pair,[]
SF_OR_SF_2h_current_body_pct_gte_27.479886_SF_2h_current_body_pct_gte_13.739943,(2h_current_body_pct >= 27.48 OR 2h_current_body_pct >= 13.74),ast,50.0,or_pair,[]
SF_OR_SF_2h_current_body_pct_gte_27.479886_SF_2h_current_body_pct_gte_20.609914,(2h_current_body_pct >= 27.48 OR 2h_current_body_pct >= 20.61),ast,50.0,or_pair,[]
SF_OR_SF_2h_current_body_pct_gte_27.479886_SF_2h_current_range_pct_gte_29.928486,(2h_current_body_pct >= 27.48 OR 2h_current_range_pct >= 29.93),ast,50.0,or_pair,[]
SF_OR_SF_2h_current_body_pct_gte_27.479886_SF_2h_current_range_pct_gte_44.892729,(2h_current_body_pct >= 27.48 OR 2h_current_range_pct >= 44.89),ast,50.0,or_pair,[]
SF_OR_SF_2h_current_body_pct_gte_27.479886_SF_2h_previous_body_pct_gte_34.349857,(2h_current_body_pct >= 27.48 OR 2h_previous_body_pct >= 34.35),ast,50.0,or_pair,[]
SF_OR_SF_2h_current_body_pct_gte_27.479886_SF_2h_previous_ma20_distance_pct_gte_65.594714,(2h_current_body_pct >= 27.48 OR 2h_previous_ma20_distance_pct >= 65.59),ast,50.0,or_pair,[]
SF_OR_SF_2h_current_body_pct_gte_27.479886_SF_2h_previous_return_pct_gte_26.298514,(2h_current_body_pct >= 27.48 OR 2h_previous_return_pct >= 26.3),ast,50.0,or_pair,[]
SF_OR_SF_2h_current_body_pct_gte_27.479886_SF_30m_current_body_pct_gte_10.647286,(2h_current_body_pct >= 27.48 OR 30m_current_body_pct >= 10.65),ast,50.0,or_pair,[]
SF_OR_SF_2h_current_body_pct_gte_27.479886_SF_30m_current_body_pct_gte_15.970929,(2h_current_body_pct >= 27.48 OR 30m_current_body_pct >= 15.97),ast,50.0,or_pair,[]
SF_OR_SF_2h_current_body_pct_gte_27.479886_SF_30m_current_range_pct_gte_12.1684,(2h_current_body_pct >= 27.48 OR 30m_current_range_pct >= 12.17),ast,50.0,or_pair,[]
SF_OR_SF_2h_current_body_pct_gte_27.479886_SF_30m_current_range_pct_gte_22.8592,(2h_current_body_pct >= 27.48 OR 30m_current_range_pct >= 22.86),ast,50.0,or_pair,[]
SF_OR_SF_2h_current_body_pct_gte_27.479886_SF_30m_previous_ma20_distance_pct_gte_39.165157,(2h_current_body_pct >= 27.48 OR 30m_previous_ma20_distance_pct >= 39.17),ast,50.0,or_pair,[]
SF_OR_SF_2h_current_body_pct_gte_27.479886_SF_derived_range_expansion_gte_19.663914,(2h_current_body_pct >= 27.48 OR derived_range_expansion >= 19.66),ast,50.0,or_pair,[]
SF_OR_SF_2h_current_body_pct_gte_27.479886_SF_derived_range_expansion_gte_8.077786,(2h_current_body_pct >= 27.48 OR derived_range_expansion >= 8.078),ast,50.0,or_pair,[]
SF_OR_SF_2h_current_body_pct_gte_27.479886_SR_1h_current_range_pct_5m_compression_15262639999.999996,(2h_current_body_pct >= 27.48 OR 1h_current_range_pct/5m_compression >= 1.526e+10),ast,50.0,or_pair,[]
SF_OR_SF_2h_current_range_pct_gte_29.928486_SD_1h_current_body_pct_1h_previous_body_pct_gte_18.78308,(2h_current_range_pct >= 29.93 OR (1h_current_body_pct - 1h_previous_body_pct) >= 18.78),ast,50.0,or_pair,[]
SF_OR_SF_2h_current_range_pct_gte_29.928486_SD_2h_current_return_pct_1h_current_return_pct_gte_13.61786,(2h_current_range_pct >= 29.93 OR (2h_current_return_pct - 1h_current_return_pct) >= 13.62),ast,50.0,or_pair,[]
SF_OR_SF_2h_current_range_pct_gte_29.928486_SF_15m_current_body_pct_gte_13.6371,(2h_current_range_pct >= 29.93 OR 15m_current_body_pct >= 13.64),ast,50.0,or_pair,[]
SF_OR_SF_2h_current_range_pct_gte_29.928486_SF_15m_current_body_pct_gte_9.0914,(2h_current_range_pct >= 29.93 OR 15m_current_body_pct >= 9.091),ast,50.0,or_pair,[]
SF_OR_SF_2h_current_range_pct_gte_29.928486_SF_15m_current_ma20_distance_pct_gte_17.364729,(2h_current_range_pct >= 29.93 OR 15m_current_ma20_distance_pct >= 17.36),ast,50.0,or_pair,[]
SF_OR_SF_2h_current_range_pct_gte_29.928486_SF_1h_current_ma20_distance_pct_gte_20.388471,(2h_current_range_pct >= 29.93 OR 1h_current_ma20_distance_pct >= 20.39),ast,50.0,or_pair,[]
SF_OR_SF_2h_current_range_pct_gte_29.928486_SF_2h_current_body_pct_gte_13.739943,(2h_current_range_pct >= 29.93 OR 2h_current_body_pct >= 13.74),ast,50.0,or_pair,[]
SF_OR_SF_2h_current_range_pct_gte_29.928486_SF_2h_current_range_pct_gte_44.892729,(2h_current_range_pct >= 29.93 OR 2h_current_range_pct >= 44.89),ast,50.0,or_pair,[]
SF_OR_SF_2h_current_range_pct_gte_29.928486_SF_2h_previous_ma20_distance_pct_gte_65.594714,(2h_current_range_pct >= 29.93 OR 2h_previous_ma20_distance_pct >= 65.59),ast,50.0,or_pair,[]
SF_OR_SF_2h_current_range_pct_gte_29.928486_SF_2h_previous_return_pct_gte_26.298514,(2h_current_range_pct >= 29.93 OR 2h_previous_return_pct >= 26.3),ast,50.0,or_pair,[]
SF_OR_SF_2h_current_range_pct_gte_29.928486_SF_30m_current_body_pct_gte_10.647286,(2h_current_range_pct >= 29.93 OR 30m_current_body_pct >= 10.65),ast,50.0,or_pair,[]
SF_OR_SF_2h_current_range_pct_gte_29.928486_SF_30m_current_range_pct_gte_12.1684,(2h_current_range_pct >= 29.93 OR 30m_current_range_pct >= 12.17),ast,50.0,or_pair,[]
SF_OR_SF_2h_current_range_pct_gte_29.928486_SF_30m_current_range_pct_gte_22.8592,(2h_current_range_pct >= 29.93 OR 30m_current_range_pct >= 22.86),ast,50.0,or_pair,[]
SF_OR_SF_2h_current_range_pct_gte_29.928486_SF_30m_previous_ma20_distance_pct_gte_39.165157,(2h_current_range_pct >= 29.93 OR 30m_previous_ma20_distance_pct >= 39.17),ast,50.0,or_pair,[]
SF_OR_SF_2h_current_range_pct_gte_29.928486_SF_derived_range_expansion_gte_8.077786,(2h_current_range_pct >= 29.93 OR derived_range_expansion >= 8.078),ast,50.0,or_pair,[]
SF_OR_SF_2h_current_range_pct_gte_29.928486_SR_1h_current_range_pct_5m_compression_15262639999.999996,(2h_current_range_pct >= 29.93 OR 1h_current_range_pct/5m_compression >= 1.526e+10),ast,50.0,or_pair,[]
SF_OR_SF_2h_current_range_pct_gte_44.892729_SD_1h_current_body_pct_1h_previous_body_pct_gte_18.78308,(2h_current_range_pct >= 44.89 OR (1h_current_body_pct - 1h_previous_body_pct) >= 18.78),ast,50.0,or_pair,[]
SF_OR_SF_2h_current_range_pct_gte_44.892729_SD_2h_current_return_pct_1h_current_return_pct_gte_13.61786,(2h_current_range_pct >= 44.89 OR (2h_current_return_pct - 1h_current_return_pct) >= 13.62),ast,50.0,or_pair,[]
SF_OR_SF_2h_current_range_pct_gte_44.892729_SF_15m_current_body_pct_gte_9.0914,(2h_current_range_pct >= 44.89 OR 15m_current_body_pct >= 9.091),ast,50.0,or_pair,[]
SF_OR_SF_2h_current_range_pct_gte_44.892729_SF_15m_current_ma20_distance_pct_gte_17.364729,(2h_current_range_pct >= 44.89 OR 15m_current_ma20_distance_pct >= 17.36),ast,50.0,or_pair,[]
SF_OR_SF_2h_current_range_pct_gte_44.892729_SF_1h_current_ma20_distance_pct_gte_20.388471,(2h_current_range_pct >= 44.89 OR 1h_current_ma20_distance_pct >= 20.39),ast,50.0,or_pair,[]
SF_OR_SF_2h_current_range_pct_gte_44.892729_SF_2h_previous_ma20_distance_pct_gte_65.594714,(2h_current_range_pct >= 44.89 OR 2h_previous_ma20_distance_pct >= 65.59),ast,50.0,or_pair,[]
SF_OR_SF_2h_current_range_pct_gte_44.892729_SF_2h_previous_return_pct_gte_26.298514,(2h_current_range_pct >= 44.89 OR 2h_previous_return_pct >= 26.3),ast,50.0,or_pair,[]
SF_OR_SF_2h_current_range_pct_gte_44.892729_SF_30m_current_body_pct_gte_10.647286,(2h_current_range_pct >= 44.89 OR 30m_current_body_pct >= 10.65),ast,50.0,or_pair,[]
SF_OR_SF_2h_current_range_pct_gte_44.892729_SF_30m_current_range_pct_gte_12.1684,(2h_current_range_pct >= 44.89 OR 30m_current_range_pct >= 12.17),ast,50.0,or_pair,[]
SF_OR_SF_2h_current_range_pct_gte_44.892729_SF_30m_current_range_pct_gte_22.8592,(2h_current_range_pct >= 44.89 OR 30m_current_range_pct >= 22.86),ast,50.0,or_pair,[]
SF_OR_SF_2h_current_range_pct_gte_44.892729_SF_30m_previous_ma20_distance_pct_gte_39.165157,(2h_current_range_pct >= 44.89 OR 30m_previous_ma20_distance_pct >= 39.17),ast,50.0,or_pair,[]
SF_OR_SF_2h_current_range_pct_gte_44.892729_SF_derived_range_expansion_gte_8.077786,(2h_current_range_pct >= 44.89 OR derived_range_expansion >= 8.078),ast,50.0,or_pair,[]
SF_OR_SF_2h_current_range_pct_gte_44.892729_SR_1h_current_range_pct_5m_compression_15262639999.999996,(2h_current_range_pct >= 44.89 OR 1h_current_range_pct/5m_compression >= 1.526e+10),ast,50.0,or_pair,[]
SF_OR_SF_2h_previous_body_pct_gte_34.349857_SD_1h_current_body_pct_1h_previous_body_pct_gte_18.78308,(2h_previous_body_pct >= 34.35 OR (1h_current_body_pct - 1h_previous_body_pct) >= 18.78),ast,50.0,or_pair,[]
SF_OR_SF_2h_previous_body_pct_gte_34.349857_SD_2h_current_return_pct_1h_current_return_pct_gte_13.61786,(2h_previous_body_pct >= 34.35 OR (2h_current_return_pct - 1h_current_return_pct) >= 13.62),ast,50.0,or_pair,[]
SF_OR_SF_2h_previous_body_pct_gte_34.349857_SF_15m_current_body_pct_gte_13.6371,(2h_previous_body_pct >= 34.35 OR 15m_current_body_pct >= 13.64),ast,50.0,or_pair,[]
SF_OR_SF_2h_previous_body_pct_gte_34.349857_SF_15m_current_body_pct_gte_9.0914,(2h_previous_body_pct >= 34.35 OR 15m_current_body_pct >= 9.091),ast,50.0,or_pair,[]
SF_OR_SF_2h_previous_body_pct_gte_34.349857_SF_15m_current_ma20_distance_pct_gte_17.364729,(2h_previous_body_pct >= 34.35 OR 15m_current_ma20_distance_pct >= 17.36),ast,50.0,or_pair,[]
SF_OR_SF_2h_previous_body_pct_gte_34.349857_SF_1h_current_ma20_distance_pct_gte_20.388471,(2h_previous_body_pct >= 34.35 OR 1h_current_ma20_distance_pct >= 20.39),ast,50.0,or_pair,[]
SF_OR_SF_2h_previous_body_pct_gte_34.349857_SF_2h_current_body_pct_gte_13.739943,(2h_previous_body_pct >= 34.35 OR 2h_current_body_pct >= 13.74),ast,50.0,or_pair,[]
SF_OR_SF_2h_previous_body_pct_gte_34.349857_SF_2h_current_range_pct_gte_29.928486,(2h_previous_body_pct >= 34.35 OR 2h_current_range_pct >= 29.93),ast,50.0,or_pair,[]
SF_OR_SF_2h_previous_body_pct_gte_34.349857_SF_2h_current_range_pct_gte_44.892729,(2h_previous_body_pct >= 34.35 OR 2h_current_range_pct >= 44.89),ast,50.0,or_pair,[]
SF_OR_SF_2h_previous_body_pct_gte_34.349857_SF_2h_previous_ma20_distance_pct_gte_65.594714,(2h_previous_body_pct >= 34.35 OR 2h_previous_ma20_distance_pct >= 65.59),ast,50.0,or_pair,[]
SF_OR_SF_2h_previous_body_pct_gte_34.349857_SF_2h_previous_return_pct_gte_26.298514,(2h_previous_body_pct >= 34.35 OR 2h_previous_return_pct >= 26.3),ast,50.0,or_pair,[]
SF_OR_SF_2h_previous_body_pct_gte_34.349857_SF_30m_current_body_pct_gte_10.647286,(2h_previous_body_pct >= 34.35 OR 30m_current_body_pct >= 10.65),ast,50.0,or_pair,[]
SF_OR_SF_2h_previous_body_pct_gte_34.349857_SF_30m_current_body_pct_gte_15.970929,(2h_previous_body_pct >= 34.35 OR 30m_current_body_pct >= 15.97),ast,50.0,or_pair,[]
SF_OR_SF_2h_previous_body_pct_gte_34.349857_SF_30m_current_range_pct_gte_12.1684,(2h_previous_body_pct >= 34.35 OR 30m_current_range_pct >= 12.17),ast,50.0,or_pair,[]
SF_OR_SF_2h_previous_body_pct_gte_34.349857_SF_30m_current_range_pct_gte_22.8592,(2h_previous_body_pct >= 34.35 OR 30m_current_range_pct >= 22.86),ast,50.0,or_pair,[]
SF_OR_SF_2h_previous_body_pct_gte_34.349857_SF_30m_previous_ma20_distance_pct_gte_39.165157,(2h_previous_body_pct >= 34.35 OR 30m_previous_ma20_distance_pct >= 39.17),ast,50.0,or_pair,[]
SF_OR_SF_2h_previous_body_pct_gte_34.349857_SF_derived_range_expansion_gte_19.663914,(2h_previous_body_pct >= 34.35 OR derived_range_expansion >= 19.66),ast,50.0,or_pair,[]
SF_OR_SF_2h_previous_body_pct_gte_34.349857_SF_derived_range_expansion_gte_8.077786,(2h_previous_body_pct >= 34.35 OR derived_range_expansion >= 8.078),ast,50.0,or_pair,[]
SF_OR_SF_2h_previous_body_pct_gte_34.349857_SR_1h_current_range_pct_5m_compression_15262639999.999996,(2h_previous_body_pct >= 34.35 OR 1h_current_range_pct/5m_compression >= 1.526e+10),ast,50.0,or_pair,[]
SF_OR_SF_2h_previous_ma20_distance_pct_gte_65.594714_SD_1h_current_body_pct_1h_previous_body_pct_gte_18.78308,(2h_previous_ma20_distance_pct >= 65.59 OR (1h_current_body_pct - 1h_previous_body_pct) >= 18.78),ast,50.0,or_pair,[]
SF_OR_SF_2h_previous_ma20_distance_pct_gte_65.594714_SD_2h_current_return_pct_1h_current_return_pct_gte_13.61786,(2h_previous_ma20_distance_pct >= 65.59 OR (2h_current_return_pct - 1h_current_return_pct) >= 13.62),ast,50.0,or_pair,[]
SF_OR_SF_2h_previous_ma20_distance_pct_gte_65.594714_SF_15m_current_body_pct_gte_9.0914,(2h_previous_ma20_distance_pct >= 65.59 OR 15m_current_body_pct >= 9.091),ast,50.0,or_pair,[]
SF_OR_SF_2h_previous_ma20_distance_pct_gte_65.594714_SF_15m_current_ma20_distance_pct_gte_17.364729,(2h_previous_ma20_distance_pct >= 65.59 OR 15m_current_ma20_distance_pct >= 17.36),ast,50.0,or_pair,[]
SF_OR_SF_2h_previous_ma20_distance_pct_gte_65.594714_SF_1h_current_ma20_distance_pct_gte_20.388471,(2h_previous_ma20_distance_pct >= 65.59 OR 1h_current_ma20_distance_pct >= 20.39),ast,50.0,or_pair,[]
SF_OR_SF_2h_previous_ma20_distance_pct_gte_65.594714_SF_2h_previous_return_pct_gte_26.298514,(2h_previous_ma20_distance_pct >= 65.59 OR 2h_previous_return_pct >= 26.3),ast,50.0,or_pair,[]
SF_OR_SF_2h_previous_ma20_distance_pct_gte_65.594714_SF_30m_current_body_pct_gte_10.647286,(2h_previous_ma20_distance_pct >= 65.59 OR 30m_current_body_pct >= 10.65),ast,50.0,or_pair,[]
SF_OR_SF_2h_previous_ma20_distance_pct_gte_65.594714_SF_30m_current_range_pct_gte_12.1684,(2h_previous_ma20_distance_pct >= 65.59 OR 30m_current_range_pct >= 12.17),ast,50.0,or_pair,[]
SF_OR_SF_2h_previous_ma20_distance_pct_gte_65.594714_SF_30m_current_range_pct_gte_22.8592,(2h_previous_ma20_distance_pct >= 65.59 OR 30m_current_range_pct >= 22.86),ast,50.0,or_pair,[]
SF_OR_SF_2h_previous_ma20_distance_pct_gte_65.594714_SF_30m_previous_ma20_distance_pct_gte_39.165157,(2h_previous_ma20_distance_pct >= 65.59 OR 30m_previous_ma20_distance_pct >= 39.17),ast,50.0,or_pair,[]
SF_OR_SF_2h_previous_ma20_distance_pct_gte_65.594714_SF_derived_range_expansion_gte_8.077786,(2h_previous_ma20_distance_pct >= 65.59 OR derived_range_expansion >= 8.078),ast,50.0,or_pair,[]
SF_OR_SF_2h_previous_ma20_distance_pct_gte_65.594714_SR_1h_current_range_pct_5m_compression_15262639999.999996,(2h_previous_ma20_distance_pct >= 65.59 OR 1h_current_range_pct/5m_compression >= 1.526e+10),ast,50.0,or_pair,[]
SF_OR_SF_2h_previous_return_pct_gte_26.298514_SF_15m_current_body_pct_gte_9.0914,(2h_previous_return_pct >= 26.3 OR 15m_current_body_pct >= 9.091),ast,50.0,or_pair,[]
SF_OR_SF_30m_current_body_pct_gte_10.647286_SD_1h_current_body_pct_1h_previous_body_pct_gte_18.78308,(30m_current_body_pct >= 10.65 OR (1h_current_body_pct - 1h_previous_body_pct) >= 18.78),ast,50.0,or_pair,[]
SF_OR_SF_30m_current_body_pct_gte_10.647286_SD_2h_current_return_pct_1h_current_return_pct_gte_13.61786,(30m_current_body_pct >= 10.65 OR (2h_current_return_pct - 1h_current_return_pct) >= 13.62),ast,50.0,or_pair,[]
SF_OR_SF_30m_current_body_pct_gte_10.647286_SF_15m_current_body_pct_gte_9.0914,(30m_current_body_pct >= 10.65 OR 15m_current_body_pct >= 9.091),ast,50.0,or_pair,[]
SF_OR_SF_30m_current_body_pct_gte_10.647286_SF_2h_previous_return_pct_gte_26.298514,(30m_current_body_pct >= 10.65 OR 2h_previous_return_pct >= 26.3),ast,50.0,or_pair,[]
SF_OR_SF_30m_current_body_pct_gte_10.647286_SF_30m_previous_ma20_distance_pct_gte_39.165157,(30m_current_body_pct >= 10.65 OR 30m_previous_ma20_distance_pct >= 39.17),ast,50.0,or_pair,[]
SF_OR_SF_30m_current_body_pct_gte_15.970929_SD_1h_current_body_pct_1h_previous_body_pct_gte_18.78308,(30m_current_body_pct >= 15.97 OR (1h_current_body_pct - 1h_previous_body_pct) >= 18.78),ast,50.0,or_pair,[]
SF_OR_SF_30m_current_body_pct_gte_15.970929_SD_2h_current_return_pct_1h_current_return_pct_gte_13.61786,(30m_current_body_pct >= 15.97 OR (2h_current_return_pct - 1h_current_return_pct) >= 13.62),ast,50.0,or_pair,[]
SF_OR_SF_30m_current_body_pct_gte_15.970929_SF_15m_current_body_pct_gte_13.6371,(30m_current_body_pct >= 15.97 OR 15m_current_body_pct >= 13.64),ast,50.0,or_pair,[]
SF_OR_SF_30m_current_body_pct_gte_15.970929_SF_15m_current_body_pct_gte_9.0914,(30m_current_body_pct >= 15.97 OR 15m_current_body_pct >= 9.091),ast,50.0,or_pair,[]
SF_OR_SF_30m_current_body_pct_gte_15.970929_SF_15m_current_ma20_distance_pct_gte_17.364729,(30m_current_body_pct >= 15.97 OR 15m_current_ma20_distance_pct >= 17.36),ast,50.0,or_pair,[]
SF_OR_SF_30m_current_body_pct_gte_15.970929_SF_1h_current_ma20_distance_pct_gte_20.388471,(30m_current_body_pct >= 15.97 OR 1h_current_ma20_distance_pct >= 20.39),ast,50.0,or_pair,[]
SF_OR_SF_30m_current_body_pct_gte_15.970929_SF_2h_current_body_pct_gte_13.739943,(30m_current_body_pct >= 15.97 OR 2h_current_body_pct >= 13.74),ast,50.0,or_pair,[]
SF_OR_SF_30m_current_body_pct_gte_15.970929_SF_2h_current_range_pct_gte_29.928486,(30m_current_body_pct >= 15.97 OR 2h_current_range_pct >= 29.93),ast,50.0,or_pair,[]
SF_OR_SF_30m_current_body_pct_gte_15.970929_SF_2h_current_range_pct_gte_44.892729,(30m_current_body_pct >= 15.97 OR 2h_current_range_pct >= 44.89),ast,50.0,or_pair,[]
SF_OR_SF_30m_current_body_pct_gte_15.970929_SF_2h_previous_ma20_distance_pct_gte_65.594714,(30m_current_body_pct >= 15.97 OR 2h_previous_ma20_distance_pct >= 65.59),ast,50.0,or_pair,[]
SF_OR_SF_30m_current_body_pct_gte_15.970929_SF_2h_previous_return_pct_gte_26.298514,(30m_current_body_pct >= 15.97 OR 2h_previous_return_pct >= 26.3),ast,50.0,or_pair,[]
SF_OR_SF_30m_current_body_pct_gte_15.970929_SF_30m_current_body_pct_gte_10.647286,(30m_current_body_pct >= 15.97 OR 30m_current_body_pct >= 10.65),ast,50.0,or_pair,[]
SF_OR_SF_30m_current_body_pct_gte_15.970929_SF_30m_current_range_pct_gte_12.1684,(30m_current_body_pct >= 15.97 OR 30m_current_range_pct >= 12.17),ast,50.0,or_pair,[]
SF_OR_SF_30m_current_body_pct_gte_15.970929_SF_30m_current_range_pct_gte_22.8592,(30m_current_body_pct >= 15.97 OR 30m_current_range_pct >= 22.86),ast,50.0,or_pair,[]
SF_OR_SF_30m_current_body_pct_gte_15.970929_SF_30m_previous_ma20_distance_pct_gte_39.165157,(30m_current_body_pct >= 15.97 OR 30m_previous_ma20_distance_pct >= 39.17),ast,50.0,or_pair,[]
SF_OR_SF_30m_current_body_pct_gte_15.970929_SF_derived_range_expansion_gte_19.663914,(30m_current_body_pct >= 15.97 OR derived_range_expansion >= 19.66),ast,50.0,or_pair,[]
SF_OR_SF_30m_current_body_pct_gte_15.970929_SF_derived_range_expansion_gte_8.077786,(30m_current_body_pct >= 15.97 OR derived_range_expansion >= 8.078),ast,50.0,or_pair,[]
SF_OR_SF_30m_current_body_pct_gte_15.970929_SR_1h_current_range_pct_5m_compression_15262639999.999996,(30m_current_body_pct >= 15.97 OR 1h_current_range_pct/5m_compression >= 1.526e+10),ast,50.0,or_pair,[]
SF_OR_SF_30m_current_range_pct_gte_12.1684_SD_1h_current_body_pct_1h_previous_body_pct_gte_18.78308,(30m_current_range_pct >= 12.17 OR (1h_current_body_pct - 1h_previous_body_pct) >= 18.78),ast,50.0,or_pair,[]
SF_OR_SF_30m_current_range_pct_gte_12.1684_SD_2h_current_return_pct_1h_current_return_pct_gte_13.61786,(30m_current_range_pct >= 12.17 OR (2h_current_return_pct - 1h_current_return_pct) >= 13.62),ast,50.0,or_pair,[]
SF_OR_SF_30m_current_range_pct_gte_12.1684_SF_15m_current_body_pct_gte_9.0914,(30m_current_range_pct >= 12.17 OR 15m_current_body_pct >= 9.091),ast,50.0,or_pair,[]
SF_OR_SF_30m_current_range_pct_gte_12.1684_SF_1h_current_ma20_distance_pct_gte_20.388471,(30m_current_range_pct >= 12.17 OR 1h_current_ma20_distance_pct >= 20.39),ast,50.0,or_pair,[]
SF_OR_SF_30m_current_range_pct_gte_12.1684_SF_2h_previous_return_pct_gte_26.298514,(30m_current_range_pct >= 12.17 OR 2h_previous_return_pct >= 26.3),ast,50.0,or_pair,[]
SF_OR_SF_30m_current_range_pct_gte_12.1684_SF_30m_current_body_pct_gte_10.647286,(30m_current_range_pct >= 12.17 OR 30m_current_body_pct >= 10.65),ast,50.0,or_pair,[]
SF_OR_SF_30m_current_range_pct_gte_12.1684_SF_30m_previous_ma20_distance_pct_gte_39.165157,(30m_current_range_pct >= 12.17 OR 30m_previous_ma20_distance_pct >= 39.17),ast,50.0,or_pair,[]
SF_OR_SF_30m_current_range_pct_gte_22.8592_SD_1h_current_body_pct_1h_previous_body_pct_gte_18.78308,(30m_current_range_pct >= 22.86 OR (1h_current_body_pct - 1h_previous_body_pct) >= 18.78),ast,50.0,or_pair,[]
SF_OR_SF_30m_current_range_pct_gte_22.8592_SD_2h_current_return_pct_1h_current_return_pct_gte_13.61786,(30m_current_range_pct >= 22.86 OR (2h_current_return_pct - 1h_current_return_pct) >= 13.62),ast,50.0,or_pair,[]
SF_OR_SF_30m_current_range_pct_gte_22.8592_SF_15m_current_body_pct_gte_9.0914,(30m_current_range_pct >= 22.86 OR 15m_current_body_pct >= 9.091),ast,50.0,or_pair,[]
SF_OR_SF_30m_current_range_pct_gte_22.8592_SF_15m_current_ma20_distance_pct_gte_17.364729,(30m_current_range_pct >= 22.86 OR 15m_current_ma20_distance_pct >= 17.36),ast,50.0,or_pair,[]
SF_OR_SF_30m_current_range_pct_gte_22.8592_SF_1h_current_ma20_distance_pct_gte_20.388471,(30m_current_range_pct >= 22.86 OR 1h_current_ma20_distance_pct >= 20.39),ast,50.0,or_pair,[]
SF_OR_SF_30m_current_range_pct_gte_22.8592_SF_2h_previous_return_pct_gte_26.298514,(30m_current_range_pct >= 22.86 OR 2h_previous_return_pct >= 26.3),ast,50.0,or_pair,[]
SF_OR_SF_30m_current_range_pct_gte_22.8592_SF_30m_current_body_pct_gte_10.647286,(30m_current_range_pct >= 22.86 OR 30m_current_body_pct >= 10.65),ast,50.0,or_pair,[]
SF_OR_SF_30m_current_range_pct_gte_22.8592_SF_30m_current_range_pct_gte_12.1684,(30m_current_range_pct >= 22.86 OR 30m_current_range_pct >= 12.17),ast,50.0,or_pair,[]
SF_OR_SF_30m_current_range_pct_gte_22.8592_SF_30m_previous_ma20_distance_pct_gte_39.165157,(30m_current_range_pct >= 22.86 OR 30m_previous_ma20_distance_pct >= 39.17),ast,50.0,or_pair,[]
SF_OR_SF_30m_current_range_pct_gte_22.8592_SF_derived_range_expansion_gte_8.077786,(30m_current_range_pct >= 22.86 OR derived_range_expansion >= 8.078),ast,50.0,or_pair,[]
SF_OR_SF_30m_current_range_pct_gte_22.8592_SR_1h_current_range_pct_5m_compression_15262639999.999996,(30m_current_range_pct >= 22.86 OR 1h_current_range_pct/5m_compression >= 1.526e+10),ast,50.0,or_pair,[]
SF_OR_SF_30m_previous_ma20_distance_pct_gte_39.165157_SD_1h_current_body_pct_1h_previous_body_pct_gte_18.78308,(30m_previous_ma20_distance_pct >= 39.17 OR (1h_current_body_pct - 1h_previous_body_pct) >= 18.78),ast,50.0,or_pair,[]
SF_OR_SF_30m_previous_ma20_distance_pct_gte_39.165157_SF_15m_current_body_pct_gte_9.0914,(30m_previous_ma20_distance_pct >= 39.17 OR 15m_current_body_pct >= 9.091),ast,50.0,or_pair,[]
SF_OR_SF_30m_previous_ma20_distance_pct_gte_39.165157_SF_2h_previous_return_pct_gte_26.298514,(30m_previous_ma20_distance_pct >= 39.17 OR 2h_previous_return_pct >= 26.3),ast,50.0,or_pair,[]
SF_OR_SF_derived_range_expansion_gte_19.663914_SD_1h_current_body_pct_1h_previous_body_pct_gte_18.78308,(derived_range_expansion >= 19.66 OR (1h_current_body_pct - 1h_previous_body_pct) >= 18.78),ast,50.0,or_pair,[]
SF_OR_SF_derived_range_expansion_gte_19.663914_SD_2h_current_return_pct_1h_current_return_pct_gte_13.61786,(derived_range_expansion >= 19.66 OR (2h_current_return_pct - 1h_current_return_pct) >= 13.62),ast,50.0,or_pair,[]
SF_OR_SF_derived_range_expansion_gte_19.663914_SF_15m_current_body_pct_gte_13.6371,(derived_range_expansion >= 19.66 OR 15m_current_body_pct >= 13.64),ast,50.0,or_pair,[]
SF_OR_SF_derived_range_expansion_gte_19.663914_SF_15m_current_body_pct_gte_9.0914,(derived_range_expansion >= 19.66 OR 15m_current_body_pct >= 9.091),ast,50.0,or_pair,[]
SF_OR_SF_derived_range_expansion_gte_19.663914_SF_15m_current_ma20_distance_pct_gte_17.364729,(derived_range_expansion >= 19.66 OR 15m_current_ma20_distance_pct >= 17.36),ast,50.0,or_pair,[]
SF_OR_SF_derived_range_expansion_gte_19.663914_SF_1h_current_ma20_distance_pct_gte_20.388471,(derived_range_expansion >= 19.66 OR 1h_current_ma20_distance_pct >= 20.39),ast,50.0,or_pair,[]
SF_OR_SF_derived_range_expansion_gte_19.663914_SF_2h_current_body_pct_gte_13.739943,(derived_range_expansion >= 19.66 OR 2h_current_body_pct >= 13.74),ast,50.0,or_pair,[]
SF_OR_SF_derived_range_expansion_gte_19.663914_SF_2h_current_range_pct_gte_29.928486,(derived_range_expansion >= 19.66 OR 2h_current_range_pct >= 29.93),ast,50.0,or_pair,[]
SF_OR_SF_derived_range_expansion_gte_19.663914_SF_2h_current_range_pct_gte_44.892729,(derived_range_expansion >= 19.66 OR 2h_current_range_pct >= 44.89),ast,50.0,or_pair,[]
SF_OR_SF_derived_range_expansion_gte_19.663914_SF_2h_previous_ma20_distance_pct_gte_65.594714,(derived_range_expansion >= 19.66 OR 2h_previous_ma20_distance_pct >= 65.59),ast,50.0,or_pair,[]
SF_OR_SF_derived_range_expansion_gte_19.663914_SF_2h_previous_return_pct_gte_26.298514,(derived_range_expansion >= 19.66 OR 2h_previous_return_pct >= 26.3),ast,50.0,or_pair,[]
SF_OR_SF_derived_range_expansion_gte_19.663914_SF_30m_current_body_pct_gte_10.647286,(derived_range_expansion >= 19.66 OR 30m_current_body_pct >= 10.65),ast,50.0,or_pair,[]
SF_OR_SF_derived_range_expansion_gte_19.663914_SF_30m_current_range_pct_gte_12.1684,(derived_range_expansion >= 19.66 OR 30m_current_range_pct >= 12.17),ast,50.0,or_pair,[]
SF_OR_SF_derived_range_expansion_gte_19.663914_SF_30m_current_range_pct_gte_22.8592,(derived_range_expansion >= 19.66 OR 30m_current_range_pct >= 22.86),ast,50.0,or_pair,[]
SF_OR_SF_derived_range_expansion_gte_19.663914_SF_30m_previous_ma20_distance_pct_gte_39.165157,(derived_range_expansion >= 19.66 OR 30m_previous_ma20_distance_pct >= 39.17),ast,50.0,or_pair,[]
SF_OR_SF_derived_range_expansion_gte_19.663914_SF_derived_range_expansion_gte_8.077786,(derived_range_expansion >= 19.66 OR derived_range_expansion >= 8.078),ast,50.0,or_pair,[]
SF_OR_SF_derived_range_expansion_gte_19.663914_SR_1h_current_range_pct_5m_compression_15262639999.999996,(derived_range_expansion >= 19.66 OR 1h_current_range_pct/5m_compression >= 1.526e+10),ast,50.0,or_pair,[]
SF_OR_SF_derived_range_expansion_gte_8.077786_SD_1h_current_body_pct_1h_previous_body_pct_gte_18.78308,(derived_range_expansion >= 8.078 OR (1h_current_body_pct - 1h_previous_body_pct) >= 18.78),ast,50.0,or_pair,[]
SF_OR_SF_derived_range_expansion_gte_8.077786_SD_2h_current_return_pct_1h_current_return_pct_gte_13.61786,(derived_range_expansion >= 8.078 OR (2h_current_return_pct - 1h_current_return_pct) >= 13.62),ast,50.0,or_pair,[]
SF_OR_SF_derived_range_expansion_gte_8.077786_SF_15m_current_body_pct_gte_9.0914,(derived_range_expansion >= 8.078 OR 15m_current_body_pct >= 9.091),ast,50.0,or_pair,[]
SF_OR_SF_derived_range_expansion_gte_8.077786_SF_1h_current_ma20_distance_pct_gte_20.388471,(derived_range_expansion >= 8.078 OR 1h_current_ma20_distance_pct >= 20.39),ast,50.0,or_pair,[]
SF_OR_SF_derived_range_expansion_gte_8.077786_SF_2h_previous_return_pct_gte_26.298514,(derived_range_expansion >= 8.078 OR 2h_previous_return_pct >= 26.3),ast,50.0,or_pair,[]
SF_OR_SF_derived_range_expansion_gte_8.077786_SF_30m_current_body_pct_gte_10.647286,(derived_range_expansion >= 8.078 OR 30m_current_body_pct >= 10.65),ast,50.0,or_pair,[]
SF_OR_SF_derived_range_expansion_gte_8.077786_SF_30m_current_range_pct_gte_12.1684,(derived_range_expansion >= 8.078 OR 30m_current_range_pct >= 12.17),ast,50.0,or_pair,[]
SF_OR_SF_derived_range_expansion_gte_8.077786_SF_30m_previous_ma20_distance_pct_gte_39.165157,(derived_range_expansion >= 8.078 OR 30m_previous_ma20_distance_pct >= 39.17),ast,50.0,or_pair,[]
SF_OR_SF_derived_range_expansion_gte_8.077786_SR_1h_current_range_pct_5m_compression_15262639999.999996,(derived_range_expansion >= 8.078 OR 1h_current_range_pct/5m_compression >= 1.526e+10),ast,50.0,or_pair,[]
SF_OR_SR_1h_current_range_pct_5m_compression_15262639999.999996_SD_1h_current_body_pct_1h_previous_body_pct_gte_18.78308,(1h_current_range_pct/5m_compression >= 1.526e+10 OR (1h_current_body_pct - 1h_previous_body_pct) >= 18.78),ast,50.0,or_pair,[]
SF_OR_SR_1h_current_range_pct_5m_compression_15262639999.999996_SD_2h_current_return_pct_1h_current_return_pct_gte_13.61786,(1h_current_range_pct/5m_compression >= 1.526e+10 OR (2h_current_return_pct - 1h_current_return_pct) >= 13.62),ast,50.0,or_pair,[]
SF_OR_SR_1h_current_range_pct_5m_compression_15262639999.999996_SF_15m_current_body_pct_gte_9.0914,(1h_current_range_pct/5m_compression >= 1.526e+10 OR 15m_current_body_pct >= 9.091),ast,50.0,or_pair,[]
SF_OR_SR_1h_current_range_pct_5m_compression_15262639999.999996_SF_1h_current_ma20_distance_pct_gte_20.388471,(1h_current_range_pct/5m_compression >= 1.526e+10 OR 1h_current_ma20_distance_pct >= 20.39),ast,50.0,or_pair,[]
SF_OR_SR_1h_current_range_pct_5m_compression_15262639999.999996_SF_2h_previous_return_pct_gte_26.298514,(1h_current_range_pct/5m_compression >= 1.526e+10 OR 2h_previous_return_pct >= 26.3),ast,50.0,or_pair,[]
SF_OR_SR_1h_current_range_pct_5m_compression_15262639999.999996_SF_30m_current_body_pct_gte_10.647286,(1h_current_range_pct/5m_compression >= 1.526e+10 OR 30m_current_body_pct >= 10.65),ast,50.0,or_pair,[]
SF_OR_SR_1h_current_range_pct_5m_compression_15262639999.999996_SF_30m_current_range_pct_gte_12.1684,(1h_current_range_pct/5m_compression >= 1.526e+10 OR 30m_current_range_pct >= 12.17),ast,50.0,or_pair,[]
SF_OR_SR_1h_current_range_pct_5m_compression_15262639999.999996_SF_30m_previous_ma20_distance_pct_gte_39.165157,(1h_current_range_pct/5m_compression >= 1.526e+10 OR 30m_previous_ma20_distance_pct >= 39.17),ast,50.0,or_pair,[]
