trade_count,scan_count,coverage_pct,hit_rate_top3_pct,avg_return_2h,median_return_2h,win_rate_2h,avg_return_4h,median_return_4h,win_rate_4h,avg_return_6h,median_return_6h,win_rate_6h,avg_return_12h,median_return_12h,win_rate_12h,return_per_day,max_drawdown,sharpe_like,return_per_coverage,stability,generalization_score,formula_id,formula_expr,kind,source
270,54,98.18,35.56,3.3569,2.62,45.93,3.7049,2.9626,49.63,3.6017,2.6395,48.15,4.1253,1.7458,44.07,181.2703,-38.0914,7.6623,3.4191,0.8266,9.3629,SF_NOT_SF_2h_current_body_pct_gte_20.609914,NOT (2h_current_body_pct >= 20.61),ast,not
270,54,98.18,39.63,3.5893,2.5828,45.56,4.1752,2.9267,49.26,4.2495,2.6002,47.78,3.3909,1.639,44.07,193.8246,-38.0914,6.4907,3.6558,1.0133,9.2391,SF_ATOM_40,15m_current_ma20_distance_pct >= 7.979,ast,atom
270,54,98.18,38.52,3.9822,2.7771,47.04,4.5387,3.1566,51.11,4.5349,2.7241,48.52,4.4702,1.8774,44.81,215.0363,-40.5942,7.5444,4.056,1.0371,9.0617,SF_ATOM_75,rank(2h_current_return_pct) >= 0.9,ast,atom
270,54,98.18,37.78,3.7946,2.8756,48.15,4.1501,3.0746,50.74,4.177,2.8291,49.26,4.3679,1.7458,44.81,204.9085,-38.0914,7.568,3.8649,1.092,9.0552,SF_NOT_SF_2h_current_body_pct_gte_27.479886,NOT (2h_current_body_pct >= 27.48),ast,not
270,54,98.18,36.67,4.4562,2.9291,48.89,5.2035,3.0556,50.37,5.9152,2.9154,49.63,5.6107,1.9779,45.19,240.6353,-19.3594,9.5485,4.5388,1.5431,8.7974,SF_NOT_SF_2h_previous_ma20_distance_pct_gte_65.594714,NOT (2h_previous_ma20_distance_pct >= 65.59),ast,not
270,54,98.18,39.26,3.7192,2.8756,48.15,4.2664,3.0556,50.37,4.3645,2.7241,48.52,3.841,1.8015,45.19,200.8359,-38.0914,6.6952,3.7881,1.2255,8.6611,SF_ATOM_64,2h_previous_body_pct >= 13.74,ast,atom
270,54,98.18,36.3,3.3171,2.7789,47.04,3.4736,3.0556,50.37,3.3536,2.6794,48.15,4.2366,1.8774,45.19,179.1249,-38.0914,7.2898,3.3786,1.0783,8.4625,SF_NOT_SF_1h_current_return_pct_gte_18.082043,NOT (1h_current_return_pct >= 18.08),ast,not
270,54,98.18,39.63,4.1954,2.9779,49.63,4.596,3.295,51.85,4.685,2.9154,49.63,4.5679,2.1492,45.93,226.5533,-38.0914,7.769,4.2732,1.3717,8.443,SF_ATOM_41,1h_current_volume_ratio >= 17.96,ast,atom
270,54,98.18,38.89,3.789,2.8157,47.41,4.1362,3.0112,50.0,4.0965,2.6395,47.78,4.1901,1.7295,44.44,204.6082,-44.3496,6.944,3.8592,1.1264,8.3297,SF_ATOM_60,5m_seq_body_energy_6 >= 5.368,ast,atom
270,54,98.18,40.0,4.3036,3.1376,51.11,5.3348,3.5066,54.07,5.6115,3.2939,52.22,5.9206,2.6537,47.78,232.3949,-38.0914,8.3702,4.3834,1.4834,8.2869,SF_ATOM_56,rank(1h_current_return_pct) >= 0.9,ast,atom
270,54,98.18,38.89,3.9468,2.7649,46.67,4.2768,2.9626,49.63,4.2221,2.6794,47.78,3.7747,1.6992,44.44,213.1261,-38.0914,7.2197,4.02,1.2513,8.2304,SF_ATOM_50,15m_current_return_pct >= 2.897,ast,atom
270,54,98.18,38.89,4.1065,2.9508,49.26,4.398,3.2553,51.48,4.6055,2.8484,49.26,4.5416,1.9779,45.56,221.7525,-38.0914,7.6002,4.1826,1.403,8.0378,SF_NOT_SF_15m_current_ma20_distance_pct_gte_26.750886,NOT (15m_current_ma20_distance_pct >= 26.75),ast,not
270,54,98.18,39.63,4.0254,2.8756,48.15,4.699,3.2553,51.48,4.9339,2.8484,49.26,4.9556,2.1492,45.93,217.3712,-38.0914,7.3615,4.1,1.3873,8.018,SF_ATOM_44,1h_previous_return_pct >= 11.54,ast,atom
270,54,98.18,39.26,4.0968,2.9291,48.89,4.4452,3.2553,51.48,4.6476,2.8484,49.26,4.4938,1.9779,45.56,221.2297,-38.0914,7.5671,4.1727,1.4151,7.9744,SF_AND_SF_2h_previous_ma20_distance_pct_gte_65.594714_SF_1h_current_ma20_distance_pct_gte_20.388471,(2h_previous_ma20_distance_pct >= 65.59 AND 1h_current_ma20_distance_pct >= 20.39),ast,and_pair
270,54,98.18,39.63,4.1207,2.9508,49.26,4.6527,3.2553,51.48,4.7223,2.8484,49.26,4.7541,2.1492,45.93,222.5172,-38.0914,7.6177,4.1971,1.4464,7.9731,SF_ATOM_31,2h_previous_body_pct >= 27.48,ast,atom
270,54,98.18,36.67,3.8212,2.8157,47.41,4.4461,3.0556,50.37,4.4351,2.9154,49.63,4.5248,1.9779,45.56,206.3433,-38.0914,7.9452,3.892,1.2372,7.9672,SF_NOT_SF_2h_current_range_pct_gte_29.928486,NOT (2h_current_range_pct >= 29.93),ast,not
270,54,98.18,39.26,3.8782,2.9508,49.26,4.3679,3.2553,51.48,4.3734,2.9154,49.63,3.7145,2.1492,45.93,209.4214,-38.0914,7.0216,3.9501,1.4248,7.9343,SF_ATOM_61,2h_previous_return_pct >= 15.4,ast,atom
270,54,98.18,38.89,4.0922,2.9291,48.89,4.4256,3.2553,51.48,4.4925,2.8484,49.26,4.3192,1.8015,45.19,220.9786,-38.0914,7.5641,4.1681,1.4091,7.929,SF_NOT_SF_2h_current_range_pct_gte_44.892729,NOT (2h_current_range_pct >= 44.89),ast,not
270,54,98.18,38.15,3.8826,2.8756,48.15,4.3974,3.0746,50.74,4.2921,2.7809,48.89,4.4926,1.9779,45.56,209.661,-38.0914,7.6481,3.9546,1.3405,7.9131,SF_NOT_SF_30m_current_body_pct_gte_15.970929,NOT (30m_current_body_pct >= 15.97),ast,not
270,54,98.18,39.26,4.1413,2.9508,49.26,4.5063,3.2553,51.48,4.5704,2.7809,48.89,4.4167,1.8015,44.81,223.6275,-38.0914,7.6592,4.2181,1.4477,7.8988,SF_ATOM_72,derived_volume_ratio >= 23.2,ast,atom
270,54,98.18,39.26,4.1413,2.9508,49.26,4.5063,3.2553,51.48,4.5704,2.7809,48.89,4.4167,1.8015,44.81,223.6275,-38.0914,7.6592,4.2181,1.4477,7.8988,SF_ATOM_74,15m_current_volume_ratio >= 23.2,ast,atom
270,54,98.18,39.26,4.1019,2.9291,48.89,4.4605,3.1566,51.11,4.512,2.7809,48.89,4.4548,1.9779,45.56,221.5012,-38.0914,7.5709,4.1779,1.4331,7.8859,SF_AND_SF_30m_current_range_pct_gte_12.1684_SD_2h_current_return_pct_1h_current_return_pct_gte_13.61786,(30m_current_range_pct >= 12.17 AND (2h_current_return_pct - 1h_current_return_pct) >= 13.62),ast,and_pair
270,54,98.18,39.26,4.1019,2.9291,48.89,4.4605,3.1566,51.11,4.512,2.7809,48.89,4.4548,1.9779,45.56,221.5012,-38.0914,7.5709,4.1779,1.4331,7.8859,SF_AND_SR_1h_current_range_pct_5m_compression_15262639999.999996_SD_2h_current_return_pct_1h_current_return_pct_gte_13.61786,(1h_current_range_pct/5m_compression >= 1.526e+10 AND (2h_current_return_pct - 1h_current_return_pct) >= 13.62),ast,and_pair
270,54,98.18,38.89,4.0806,2.9291,48.89,4.4838,3.2553,51.48,4.4908,2.7809,48.89,4.4242,1.8015,45.56,220.3528,-38.0914,7.5133,4.1562,1.4177,7.8825,SF_ATOM_39,5m_seq_return_sum_6 >= 11.45,ast,atom
270,54,98.18,39.63,4.147,2.9779,49.63,4.6724,3.295,51.85,4.7562,2.9154,49.63,4.7877,2.1492,45.93,223.9354,-38.0914,7.6611,4.2239,1.4816,7.879,SF_AND_SF_2h_current_range_pct_gte_29.928486_SF_2h_previous_body_pct_gte_27.479886,(2h_current_range_pct >= 29.93 AND 2h_previous_body_pct >= 27.48),ast,and_pair
270,54,98.18,39.63,4.147,2.9779,49.63,4.6724,3.295,51.85,4.7562,2.9154,49.63,4.7877,2.1492,45.93,223.9354,-38.0914,7.6611,4.2239,1.4816,7.879,SF_AND_SF_2h_previous_body_pct_gte_27.479886_SF_2h_current_range_pct_gte_14.964243,(2h_previous_body_pct >= 27.48 AND 2h_current_range_pct >= 14.96),ast,and_pair
270,54,98.18,39.63,4.147,2.9779,49.63,4.6724,3.295,51.85,4.7562,2.9154,49.63,4.7877,2.1492,45.93,223.9354,-38.0914,7.6611,4.2239,1.4816,7.879,SF_AND_SF_30m_current_range_pct_gte_12.1684_SF_2h_previous_body_pct_gte_27.479886,(30m_current_range_pct >= 12.17 AND 2h_previous_body_pct >= 27.48),ast,and_pair
270,54,98.18,39.26,4.1274,2.9508,49.26,4.4938,3.2553,51.48,4.5785,2.8484,49.26,4.4613,1.9779,45.56,222.8805,-38.0914,7.6215,4.2039,1.4554,7.8561,SF_AND3_SD_1h_current_range_pct_1h_previous_range_pct_gte_21.98114,((1h_current_range_pct - 1h_previous_range_pct) >= 21.98 AND 1h_current_ma20_distance_pct >= 51.02 AND 1h_current_ma20_distance_pct >= 35.71),ast,and_triple
270,54,98.18,39.26,4.1274,2.9508,49.26,4.4938,3.2553,51.48,4.5785,2.8484,49.26,4.4613,1.9779,45.56,222.8805,-38.0914,7.6215,4.2039,1.4554,7.8561,SF_AND3_SD_1h_current_return_pct_15m_current_return_pct_gte_9.24094,((1h_current_return_pct - 15m_current_return_pct) >= 9.241 AND 15m_current_return_pct >= 10.13 AND 1h_current_return_pct >= 8.969),ast,and_triple
270,54,98.18,39.26,4.1274,2.9508,49.26,4.4938,3.2553,51.48,4.5785,2.8484,49.26,4.4613,1.9779,45.56,222.8805,-38.0914,7.6215,4.2039,1.4554,7.8561,SF_AND3_SF_15m_current_ma20_distance_pct_gte_26.750886,(15m_current_ma20_distance_pct >= 26.75 AND (1h_current_range_pct - 1h_previous_range_pct) >= 21.98 AND 1h_current_ma20_distance_pct >= 51.02),ast,and_triple
270,54,98.18,39.26,4.1274,2.9508,49.26,4.4938,3.2553,51.48,4.5785,2.8484,49.26,4.4613,1.9779,45.56,222.8805,-38.0914,7.6215,4.2039,1.4554,7.8561,SF_AND3_SF_15m_current_return_pct_gte_10.127714,(15m_current_return_pct >= 10.13 AND 1h_current_return_pct >= 8.969 AND 2h_current_body_pct >= 27.48),ast,and_triple
270,54,98.18,39.26,4.1274,2.9508,49.26,4.4938,3.2553,51.48,4.5785,2.8484,49.26,4.4613,1.9779,45.56,222.8805,-38.0914,7.6215,4.2039,1.4554,7.8561,SF_AND3_SF_1h_current_ma20_distance_pct_gte_35.705329,(1h_current_ma20_distance_pct >= 35.71 AND 2h_current_body_pct >= 20.61 AND 2h_previous_body_pct >= 34.35),ast,and_triple
270,54,98.18,39.26,4.1274,2.9508,49.26,4.4938,3.2553,51.48,4.5785,2.8484,49.26,4.4613,1.9779,45.56,222.8805,-38.0914,7.6215,4.2039,1.4554,7.8561,SF_AND3_SF_1h_current_ma20_distance_pct_gte_51.022186,(1h_current_ma20_distance_pct >= 51.02 AND 1h_current_ma20_distance_pct >= 35.71 AND 2h_current_body_pct >= 20.61),ast,and_triple
270,54,98.18,39.26,4.1274,2.9508,49.26,4.4938,3.2553,51.48,4.5785,2.8484,49.26,4.4613,1.9779,45.56,222.8805,-38.0914,7.6215,4.2039,1.4554,7.8561,SF_AND3_SF_1h_current_return_pct_gte_18.082043,(1h_current_return_pct >= 18.08 AND (1h_current_return_pct - 15m_current_return_pct) >= 9.241 AND 15m_current_return_pct >= 10.13),ast,and_triple
270,54,98.18,39.26,4.1274,2.9508,49.26,4.4938,3.2553,51.48,4.5785,2.8484,49.26,4.4613,1.9779,45.56,222.8805,-38.0914,7.6215,4.2039,1.4554,7.8561,SF_AND3_SF_1h_current_return_pct_gte_8.969214,(1h_current_return_pct >= 8.969 AND 2h_current_body_pct >= 27.48 AND 15m_current_ma20_distance_pct >= 26.75),ast,and_triple
270,54,98.18,39.26,4.1274,2.9508,49.26,4.4938,3.2553,51.48,4.5785,2.8484,49.26,4.4613,1.9779,45.56,222.8805,-38.0914,7.6215,4.2039,1.4554,7.8561,SF_AND3_SF_2h_current_body_pct_gte_20.609914,(2h_current_body_pct >= 20.61 AND 2h_previous_body_pct >= 34.35 AND 30m_current_body_pct >= 15.97),ast,and_triple
270,54,98.18,39.26,4.1274,2.9508,49.26,4.4938,3.2553,51.48,4.5785,2.8484,49.26,4.4613,1.9779,45.56,222.8805,-38.0914,7.6215,4.2039,1.4554,7.8561,SF_AND3_SF_2h_current_body_pct_gte_27.479886,(2h_current_body_pct >= 27.48 AND 15m_current_ma20_distance_pct >= 26.75 AND (1h_current_range_pct - 1h_previous_range_pct) >= 21.98),ast,and_triple
270,54,98.18,39.26,4.1274,2.9508,49.26,4.4938,3.2553,51.48,4.5785,2.8484,49.26,4.4613,1.9779,45.56,222.8805,-38.0914,7.6215,4.2039,1.4554,7.8561,SF_AND3_SF_2h_previous_body_pct_gte_34.349857,(2h_previous_body_pct >= 34.35 AND 30m_current_body_pct >= 15.97 AND derived_range_expansion >= 19.66),ast,and_triple
270,54,98.18,39.26,4.1274,2.9508,49.26,4.4938,3.2553,51.48,4.5785,2.8484,49.26,4.4613,1.9779,45.56,222.8805,-38.0914,7.6215,4.2039,1.4554,7.8561,SF_AND_SD_1h_current_body_pct_1h_previous_body_pct_gte_18.78308_SF_2h_previous_body_pct_gte_27.479886,((1h_current_body_pct - 1h_previous_body_pct) >= 18.78 AND 2h_previous_body_pct >= 27.48),ast,and_pair
270,54,98.18,39.26,4.1274,2.9508,49.26,4.4938,3.2553,51.48,4.5785,2.8484,49.26,4.4613,1.9779,45.56,222.8805,-38.0914,7.6215,4.2039,1.4554,7.8561,SF_AND_SD_1h_current_body_pct_1h_previous_body_pct_gte_18.78308_SF_2h_previous_return_pct_gte_26.298514,((1h_current_body_pct - 1h_previous_body_pct) >= 18.78 AND 2h_previous_return_pct >= 26.3),ast,and_pair
270,54,98.18,39.26,4.1274,2.9508,49.26,4.4938,3.2553,51.48,4.5785,2.8484,49.26,4.4613,1.9779,45.56,222.8805,-38.0914,7.6215,4.2039,1.4554,7.8561,SF_AND_SD_1h_current_range_pct_1h_previous_range_pct_gte_21.98114_SD_1h_current_body_pct_1h_previous_body_pct_gte_18.78308,((1h_current_range_pct - 1h_previous_range_pct) >= 21.98 AND (1h_current_body_pct - 1h_previous_body_pct) >= 18.78),ast,and_pair
270,54,98.18,39.26,4.1274,2.9508,49.26,4.4938,3.2553,51.48,4.5785,2.8484,49.26,4.4613,1.9779,45.56,222.8805,-38.0914,7.6215,4.2039,1.4554,7.8561,SF_AND_SD_1h_current_range_pct_1h_previous_range_pct_gte_21.98114_SD_2h_current_return_pct_1h_current_return_pct_gte_13.61786,((1h_current_range_pct - 1h_previous_range_pct) >= 21.98 AND (2h_current_return_pct - 1h_current_return_pct) >= 13.62),ast,and_pair
270,54,98.18,39.26,4.1274,2.9508,49.26,4.4938,3.2553,51.48,4.5785,2.8484,49.26,4.4613,1.9779,45.56,222.8805,-38.0914,7.6215,4.2039,1.4554,7.8561,SF_AND_SD_1h_current_range_pct_1h_previous_range_pct_gte_21.98114_SF_15m_current_ma20_distance_pct_gte_17.364729,((1h_current_range_pct - 1h_previous_range_pct) >= 21.98 AND 15m_current_ma20_distance_pct >= 17.36),ast,and_pair
270,54,98.18,39.26,4.1274,2.9508,49.26,4.4938,3.2553,51.48,4.5785,2.8484,49.26,4.4613,1.9779,45.56,222.8805,-38.0914,7.6215,4.2039,1.4554,7.8561,SF_AND_SD_1h_current_range_pct_1h_previous_range_pct_gte_21.98114_SF_1h_current_ma20_distance_pct_gte_20.388471,((1h_current_range_pct - 1h_previous_range_pct) >= 21.98 AND 1h_current_ma20_distance_pct >= 20.39),ast,and_pair
270,54,98.18,39.26,4.1274,2.9508,49.26,4.4938,3.2553,51.48,4.5785,2.8484,49.26,4.4613,1.9779,45.56,222.8805,-38.0914,7.6215,4.2039,1.4554,7.8561,SF_AND_SD_1h_current_range_pct_1h_previous_range_pct_gte_21.98114_SF_1h_current_ma20_distance_pct_gte_35.705329,((1h_current_range_pct - 1h_previous_range_pct) >= 21.98 AND 1h_current_ma20_distance_pct >= 35.71),ast,and_pair
270,54,98.18,39.26,4.1274,2.9508,49.26,4.4938,3.2553,51.48,4.5785,2.8484,49.26,4.4613,1.9779,45.56,222.8805,-38.0914,7.6215,4.2039,1.4554,7.8561,SF_AND_SD_1h_current_range_pct_1h_previous_range_pct_gte_21.98114_SF_1h_current_ma20_distance_pct_gte_51.022186,((1h_current_range_pct - 1h_previous_range_pct) >= 21.98 AND 1h_current_ma20_distance_pct >= 51.02),ast,and_pair
270,54,98.18,39.26,4.1274,2.9508,49.26,4.4938,3.2553,51.48,4.5785,2.8484,49.26,4.4613,1.9779,45.56,222.8805,-38.0914,7.6215,4.2039,1.4554,7.8561,SF_AND_SD_1h_current_range_pct_1h_previous_range_pct_gte_21.98114_SF_2h_previous_body_pct_gte_27.479886,((1h_current_range_pct - 1h_previous_range_pct) >= 21.98 AND 2h_previous_body_pct >= 27.48),ast,and_pair
270,54,98.18,39.26,4.1274,2.9508,49.26,4.4938,3.2553,51.48,4.5785,2.8484,49.26,4.4613,1.9779,45.56,222.8805,-38.0914,7.6215,4.2039,1.4554,7.8561,SF_AND_SD_1h_current_range_pct_1h_previous_range_pct_gte_21.98114_SF_2h_previous_body_pct_gte_34.349857,((1h_current_range_pct - 1h_previous_range_pct) >= 21.98 AND 2h_previous_body_pct >= 34.35),ast,and_pair
270,54,98.18,39.26,4.1274,2.9508,49.26,4.4938,3.2553,51.48,4.5785,2.8484,49.26,4.4613,1.9779,45.56,222.8805,-38.0914,7.6215,4.2039,1.4554,7.8561,SF_AND_SD_1h_current_range_pct_1h_previous_range_pct_gte_21.98114_SF_2h_previous_return_pct_gte_26.298514,((1h_current_range_pct - 1h_previous_range_pct) >= 21.98 AND 2h_previous_return_pct >= 26.3),ast,and_pair
270,54,98.18,39.26,4.1274,2.9508,49.26,4.4938,3.2553,51.48,4.5785,2.8484,49.26,4.4613,1.9779,45.56,222.8805,-38.0914,7.6215,4.2039,1.4554,7.8561,SF_AND_SD_1h_current_range_pct_1h_previous_range_pct_gte_21.98114_SF_30m_previous_ma20_distance_pct_gte_39.165157,((1h_current_range_pct - 1h_previous_range_pct) >= 21.98 AND 30m_previous_ma20_distance_pct >= 39.17),ast,and_pair
270,54,98.18,39.26,4.1274,2.9508,49.26,4.4938,3.2553,51.48,4.5785,2.8484,49.26,4.4613,1.9779,45.56,222.8805,-38.0914,7.6215,4.2039,1.4554,7.8561,SF_AND_SD_1h_current_range_pct_1h_previous_range_pct_gte_5.76056_SF_2h_previous_body_pct_gte_27.479886,((1h_current_range_pct - 1h_previous_range_pct) >= 5.761 AND 2h_previous_body_pct >= 27.48),ast,and_pair
270,54,98.18,39.26,4.1274,2.9508,49.26,4.4938,3.2553,51.48,4.5785,2.8484,49.26,4.4613,1.9779,45.56,222.8805,-38.0914,7.6215,4.2039,1.4554,7.8561,SF_AND_SD_1h_current_return_pct_15m_current_return_pct_gte_9.24094_SD_1h_current_body_pct_1h_previous_body_pct_gte_18.78308,((1h_current_return_pct - 15m_current_return_pct) >= 9.241 AND (1h_current_body_pct - 1h_previous_body_pct) >= 18.78),ast,and_pair
270,54,98.18,39.26,4.1274,2.9508,49.26,4.4938,3.2553,51.48,4.5785,2.8484,49.26,4.4613,1.9779,45.56,222.8805,-38.0914,7.6215,4.2039,1.4554,7.8561,SF_AND_SD_1h_current_return_pct_15m_current_return_pct_gte_9.24094_SD_1h_current_range_pct_1h_previous_range_pct_gte_21.98114,((1h_current_return_pct - 15m_current_return_pct) >= 9.241 AND (1h_current_range_pct - 1h_previous_range_pct) >= 21.98),ast,and_pair
270,54,98.18,39.26,4.1274,2.9508,49.26,4.4938,3.2553,51.48,4.5785,2.8484,49.26,4.4613,1.9779,45.56,222.8805,-38.0914,7.6215,4.2039,1.4554,7.8561,SF_AND_SD_1h_current_return_pct_15m_current_return_pct_gte_9.24094_SD_1h_current_range_pct_1h_previous_range_pct_gte_5.76056,((1h_current_return_pct - 15m_current_return_pct) >= 9.241 AND (1h_current_range_pct - 1h_previous_range_pct) >= 5.761),ast,and_pair
270,54,98.18,39.26,4.1274,2.9508,49.26,4.4938,3.2553,51.48,4.5785,2.8484,49.26,4.4613,1.9779,45.56,222.8805,-38.0914,7.6215,4.2039,1.4554,7.8561,SF_AND_SD_1h_current_return_pct_15m_current_return_pct_gte_9.24094_SD_1h_current_return_pct_15m_current_return_pct_lte_-12.62842,((1h_current_return_pct - 15m_current_return_pct) >= 9.241 AND (1h_current_return_pct - 15m_current_return_pct) <= -12.63),ast,and_pair
270,54,98.18,39.26,4.1274,2.9508,49.26,4.4938,3.2553,51.48,4.5785,2.8484,49.26,4.4613,1.9779,45.56,222.8805,-38.0914,7.6215,4.2039,1.4554,7.8561,SF_AND_SD_1h_current_return_pct_15m_current_return_pct_gte_9.24094_SD_2h_current_return_pct_1h_current_return_pct_gte_13.61786,((1h_current_return_pct - 15m_current_return_pct) >= 9.241 AND (2h_current_return_pct - 1h_current_return_pct) >= 13.62),ast,and_pair
270,54,98.18,39.26,4.1274,2.9508,49.26,4.4938,3.2553,51.48,4.5785,2.8484,49.26,4.4613,1.9779,45.56,222.8805,-38.0914,7.6215,4.2039,1.4554,7.8561,SF_AND_SD_1h_current_return_pct_15m_current_return_pct_gte_9.24094_SF_15m_current_body_pct_gte_13.6371,((1h_current_return_pct - 15m_current_return_pct) >= 9.241 AND 15m_current_body_pct >= 13.64),ast,and_pair
270,54,98.18,39.26,4.1274,2.9508,49.26,4.4938,3.2553,51.48,4.5785,2.8484,49.26,4.4613,1.9779,45.56,222.8805,-38.0914,7.6215,4.2039,1.4554,7.8561,SF_AND_SD_1h_current_return_pct_15m_current_return_pct_gte_9.24094_SF_15m_current_body_pct_gte_9.0914,((1h_current_return_pct - 15m_current_return_pct) >= 9.241 AND 15m_current_body_pct >= 9.091),ast,and_pair
270,54,98.18,39.26,4.1274,2.9508,49.26,4.4938,3.2553,51.48,4.5785,2.8484,49.26,4.4613,1.9779,45.56,222.8805,-38.0914,7.6215,4.2039,1.4554,7.8561,SF_AND_SD_1h_current_return_pct_15m_current_return_pct_gte_9.24094_SF_15m_current_ma20_distance_pct_gte_17.364729,((1h_current_return_pct - 15m_current_return_pct) >= 9.241 AND 15m_current_ma20_distance_pct >= 17.36),ast,and_pair
270,54,98.18,39.26,4.1274,2.9508,49.26,4.4938,3.2553,51.48,4.5785,2.8484,49.26,4.4613,1.9779,45.56,222.8805,-38.0914,7.6215,4.2039,1.4554,7.8561,SF_AND_SD_1h_current_return_pct_15m_current_return_pct_gte_9.24094_SF_15m_current_ma20_distance_pct_gte_26.750886,((1h_current_return_pct - 15m_current_return_pct) >= 9.241 AND 15m_current_ma20_distance_pct >= 26.75),ast,and_pair
270,54,98.18,39.26,4.1274,2.9508,49.26,4.4938,3.2553,51.48,4.5785,2.8484,49.26,4.4613,1.9779,45.56,222.8805,-38.0914,7.6215,4.2039,1.4554,7.8561,SF_AND_SD_1h_current_return_pct_15m_current_return_pct_gte_9.24094_SF_15m_current_return_pct_gte_10.127714,((1h_current_return_pct - 15m_current_return_pct) >= 9.241 AND 15m_current_return_pct >= 10.13),ast,and_pair
270,54,98.18,39.26,4.1274,2.9508,49.26,4.4938,3.2553,51.48,4.5785,2.8484,49.26,4.4613,1.9779,45.56,222.8805,-38.0914,7.6215,4.2039,1.4554,7.8561,SF_AND_SD_1h_current_return_pct_15m_current_return_pct_gte_9.24094_SF_1h_current_ma20_distance_pct_gte_20.388471,((1h_current_return_pct - 15m_current_return_pct) >= 9.241 AND 1h_current_ma20_distance_pct >= 20.39),ast,and_pair
270,54,98.18,39.26,4.1274,2.9508,49.26,4.4938,3.2553,51.48,4.5785,2.8484,49.26,4.4613,1.9779,45.56,222.8805,-38.0914,7.6215,4.2039,1.4554,7.8561,SF_AND_SD_1h_current_return_pct_15m_current_return_pct_gte_9.24094_SF_1h_current_ma20_distance_pct_gte_35.705329,((1h_current_return_pct - 15m_current_return_pct) >= 9.241 AND 1h_current_ma20_distance_pct >= 35.71),ast,and_pair
270,54,98.18,39.26,4.1274,2.9508,49.26,4.4938,3.2553,51.48,4.5785,2.8484,49.26,4.4613,1.9779,45.56,222.8805,-38.0914,7.6215,4.2039,1.4554,7.8561,SF_AND_SD_1h_current_return_pct_15m_current_return_pct_gte_9.24094_SF_1h_current_ma20_distance_pct_gte_51.022186,((1h_current_return_pct - 15m_current_return_pct) >= 9.241 AND 1h_current_ma20_distance_pct >= 51.02),ast,and_pair
270,54,98.18,39.26,4.1274,2.9508,49.26,4.4938,3.2553,51.48,4.5785,2.8484,49.26,4.4613,1.9779,45.56,222.8805,-38.0914,7.6215,4.2039,1.4554,7.8561,SF_AND_SD_1h_current_return_pct_15m_current_return_pct_gte_9.24094_SF_1h_current_return_pct_gte_8.969214,((1h_current_return_pct - 15m_current_return_pct) >= 9.241 AND 1h_current_return_pct >= 8.969),ast,and_pair
270,54,98.18,39.26,4.1274,2.9508,49.26,4.4938,3.2553,51.48,4.5785,2.8484,49.26,4.4613,1.9779,45.56,222.8805,-38.0914,7.6215,4.2039,1.4554,7.8561,SF_AND_SD_1h_current_return_pct_15m_current_return_pct_gte_9.24094_SF_2h_current_body_pct_gte_13.739943,((1h_current_return_pct - 15m_current_return_pct) >= 9.241 AND 2h_current_body_pct >= 13.74),ast,and_pair
270,54,98.18,39.26,4.1274,2.9508,49.26,4.4938,3.2553,51.48,4.5785,2.8484,49.26,4.4613,1.9779,45.56,222.8805,-38.0914,7.6215,4.2039,1.4554,7.8561,SF_AND_SD_1h_current_return_pct_15m_current_return_pct_gte_9.24094_SF_2h_current_body_pct_gte_20.609914,((1h_current_return_pct - 15m_current_return_pct) >= 9.241 AND 2h_current_body_pct >= 20.61),ast,and_pair
270,54,98.18,39.26,4.1274,2.9508,49.26,4.4938,3.2553,51.48,4.5785,2.8484,49.26,4.4613,1.9779,45.56,222.8805,-38.0914,7.6215,4.2039,1.4554,7.8561,SF_AND_SD_1h_current_return_pct_15m_current_return_pct_gte_9.24094_SF_2h_current_body_pct_gte_27.479886,((1h_current_return_pct - 15m_current_return_pct) >= 9.241 AND 2h_current_body_pct >= 27.48),ast,and_pair
270,54,98.18,39.26,4.1274,2.9508,49.26,4.4938,3.2553,51.48,4.5785,2.8484,49.26,4.4613,1.9779,45.56,222.8805,-38.0914,7.6215,4.2039,1.4554,7.8561,SF_AND_SD_1h_current_return_pct_15m_current_return_pct_gte_9.24094_SF_2h_current_range_pct_gte_14.964243,((1h_current_return_pct - 15m_current_return_pct) >= 9.241 AND 2h_current_range_pct >= 14.96),ast,and_pair
270,54,98.18,39.26,4.1274,2.9508,49.26,4.4938,3.2553,51.48,4.5785,2.8484,49.26,4.4613,1.9779,45.56,222.8805,-38.0914,7.6215,4.2039,1.4554,7.8561,SF_AND_SD_1h_current_return_pct_15m_current_return_pct_gte_9.24094_SF_2h_current_range_pct_gte_29.928486,((1h_current_return_pct - 15m_current_return_pct) >= 9.241 AND 2h_current_range_pct >= 29.93),ast,and_pair
270,54,98.18,39.26,4.1274,2.9508,49.26,4.4938,3.2553,51.48,4.5785,2.8484,49.26,4.4613,1.9779,45.56,222.8805,-38.0914,7.6215,4.2039,1.4554,7.8561,SF_AND_SD_1h_current_return_pct_15m_current_return_pct_gte_9.24094_SF_2h_current_range_pct_gte_44.892729,((1h_current_return_pct - 15m_current_return_pct) >= 9.241 AND 2h_current_range_pct >= 44.89),ast,and_pair
270,54,98.18,39.26,4.1274,2.9508,49.26,4.4938,3.2553,51.48,4.5785,2.8484,49.26,4.4613,1.9779,45.56,222.8805,-38.0914,7.6215,4.2039,1.4554,7.8561,SF_AND_SD_1h_current_return_pct_15m_current_return_pct_gte_9.24094_SF_2h_previous_body_pct_gte_27.479886,((1h_current_return_pct - 15m_current_return_pct) >= 9.241 AND 2h_previous_body_pct >= 27.48),ast,and_pair
270,54,98.18,39.26,4.1274,2.9508,49.26,4.4938,3.2553,51.48,4.5785,2.8484,49.26,4.4613,1.9779,45.56,222.8805,-38.0914,7.6215,4.2039,1.4554,7.8561,SF_AND_SD_1h_current_return_pct_15m_current_return_pct_gte_9.24094_SF_2h_previous_body_pct_gte_34.349857,((1h_current_return_pct - 15m_current_return_pct) >= 9.241 AND 2h_previous_body_pct >= 34.35),ast,and_pair
270,54,98.18,39.26,4.1274,2.9508,49.26,4.4938,3.2553,51.48,4.5785,2.8484,49.26,4.4613,1.9779,45.56,222.8805,-38.0914,7.6215,4.2039,1.4554,7.8561,SF_AND_SD_1h_current_return_pct_15m_current_return_pct_gte_9.24094_SF_2h_previous_ma20_distance_pct_gte_65.594714,((1h_current_return_pct - 15m_current_return_pct) >= 9.241 AND 2h_previous_ma20_distance_pct >= 65.59),ast,and_pair
270,54,98.18,39.26,4.1274,2.9508,49.26,4.4938,3.2553,51.48,4.5785,2.8484,49.26,4.4613,1.9779,45.56,222.8805,-38.0914,7.6215,4.2039,1.4554,7.8561,SF_AND_SD_1h_current_return_pct_15m_current_return_pct_gte_9.24094_SF_2h_previous_return_pct_gte_26.298514,((1h_current_return_pct - 15m_current_return_pct) >= 9.241 AND 2h_previous_return_pct >= 26.3),ast,and_pair
270,54,98.18,39.26,4.1274,2.9508,49.26,4.4938,3.2553,51.48,4.5785,2.8484,49.26,4.4613,1.9779,45.56,222.8805,-38.0914,7.6215,4.2039,1.4554,7.8561,SF_AND_SD_1h_current_return_pct_15m_current_return_pct_gte_9.24094_SF_30m_current_body_pct_gte_10.647286,((1h_current_return_pct - 15m_current_return_pct) >= 9.241 AND 30m_current_body_pct >= 10.65),ast,and_pair
270,54,98.18,39.26,4.1274,2.9508,49.26,4.4938,3.2553,51.48,4.5785,2.8484,49.26,4.4613,1.9779,45.56,222.8805,-38.0914,7.6215,4.2039,1.4554,7.8561,SF_AND_SD_1h_current_return_pct_15m_current_return_pct_gte_9.24094_SF_30m_current_body_pct_gte_15.970929,((1h_current_return_pct - 15m_current_return_pct) >= 9.241 AND 30m_current_body_pct >= 15.97),ast,and_pair
270,54,98.18,39.26,4.1274,2.9508,49.26,4.4938,3.2553,51.48,4.5785,2.8484,49.26,4.4613,1.9779,45.56,222.8805,-38.0914,7.6215,4.2039,1.4554,7.8561,SF_AND_SD_1h_current_return_pct_15m_current_return_pct_gte_9.24094_SF_30m_current_range_pct_gte_12.1684,((1h_current_return_pct - 15m_current_return_pct) >= 9.241 AND 30m_current_range_pct >= 12.17),ast,and_pair
270,54,98.18,39.26,4.1274,2.9508,49.26,4.4938,3.2553,51.48,4.5785,2.8484,49.26,4.4613,1.9779,45.56,222.8805,-38.0914,7.6215,4.2039,1.4554,7.8561,SF_AND_SD_1h_current_return_pct_15m_current_return_pct_gte_9.24094_SF_30m_current_range_pct_gte_22.8592,((1h_current_return_pct - 15m_current_return_pct) >= 9.241 AND 30m_current_range_pct >= 22.86),ast,and_pair
270,54,98.18,39.26,4.1274,2.9508,49.26,4.4938,3.2553,51.48,4.5785,2.8484,49.26,4.4613,1.9779,45.56,222.8805,-38.0914,7.6215,4.2039,1.4554,7.8561,SF_AND_SD_1h_current_return_pct_15m_current_return_pct_gte_9.24094_SF_30m_previous_ma20_distance_pct_gte_39.165157,((1h_current_return_pct - 15m_current_return_pct) >= 9.241 AND 30m_previous_ma20_distance_pct >= 39.17),ast,and_pair
270,54,98.18,39.26,4.1274,2.9508,49.26,4.4938,3.2553,51.48,4.5785,2.8484,49.26,4.4613,1.9779,45.56,222.8805,-38.0914,7.6215,4.2039,1.4554,7.8561,SF_AND_SD_1h_current_return_pct_15m_current_return_pct_gte_9.24094_SF_derived_range_expansion_gte_19.663914,((1h_current_return_pct - 15m_current_return_pct) >= 9.241 AND derived_range_expansion >= 19.66),ast,and_pair
270,54,98.18,39.26,4.1274,2.9508,49.26,4.4938,3.2553,51.48,4.5785,2.8484,49.26,4.4613,1.9779,45.56,222.8805,-38.0914,7.6215,4.2039,1.4554,7.8561,SF_AND_SD_1h_current_return_pct_15m_current_return_pct_gte_9.24094_SF_derived_range_expansion_gte_8.077786,((1h_current_return_pct - 15m_current_return_pct) >= 9.241 AND derived_range_expansion >= 8.078),ast,and_pair
270,54,98.18,39.26,4.1274,2.9508,49.26,4.4938,3.2553,51.48,4.5785,2.8484,49.26,4.4613,1.9779,45.56,222.8805,-38.0914,7.6215,4.2039,1.4554,7.8561,SF_AND_SD_1h_current_return_pct_15m_current_return_pct_gte_9.24094_SR_1h_current_range_pct_5m_compression_15262639999.999996,((1h_current_return_pct - 15m_current_return_pct) >= 9.241 AND 1h_current_range_pct/5m_compression >= 1.526e+10),ast,and_pair
270,54,98.18,39.26,4.1274,2.9508,49.26,4.4938,3.2553,51.48,4.5785,2.8484,49.26,4.4613,1.9779,45.56,222.8805,-38.0914,7.6215,4.2039,1.4554,7.8561,SF_AND_SD_1h_current_return_pct_15m_current_return_pct_gte_9.24094_SR_1h_current_range_pct_5m_compression_30525279999.999992,((1h_current_return_pct - 15m_current_return_pct) >= 9.241 AND 1h_current_range_pct/5m_compression >= 3.053e+10),ast,and_pair
270,54,98.18,39.26,4.1274,2.9508,49.26,4.4938,3.2553,51.48,4.5785,2.8484,49.26,4.4613,1.9779,45.56,222.8805,-38.0914,7.6215,4.2039,1.4554,7.8561,SF_AND_SD_2h_current_return_pct_1h_current_return_pct_gte_13.61786_SD_1h_current_body_pct_1h_previous_body_pct_gte_18.78308,((2h_current_return_pct - 1h_current_return_pct) >= 13.62 AND (1h_current_body_pct - 1h_previous_body_pct) >= 18.78),ast,and_pair
270,54,98.18,39.26,4.1274,2.9508,49.26,4.4938,3.2553,51.48,4.5785,2.8484,49.26,4.4613,1.9779,45.56,222.8805,-38.0914,7.6215,4.2039,1.4554,7.8561,SF_AND_SD_2h_current_return_pct_1h_current_return_pct_gte_13.61786_SD_1h_current_range_pct_1h_previous_range_pct_gte_5.76056,((2h_current_return_pct - 1h_current_return_pct) >= 13.62 AND (1h_current_range_pct - 1h_previous_range_pct) >= 5.761),ast,and_pair
270,54,98.18,39.26,4.1274,2.9508,49.26,4.4938,3.2553,51.48,4.5785,2.8484,49.26,4.4613,1.9779,45.56,222.8805,-38.0914,7.6215,4.2039,1.4554,7.8561,SF_AND_SD_2h_current_return_pct_1h_current_return_pct_gte_13.61786_SD_1h_current_return_pct_15m_current_return_pct_lte_-12.62842,((2h_current_return_pct - 1h_current_return_pct) >= 13.62 AND (1h_current_return_pct - 15m_current_return_pct) <= -12.63),ast,and_pair
270,54,98.18,39.26,4.1274,2.9508,49.26,4.4938,3.2553,51.48,4.5785,2.8484,49.26,4.4613,1.9779,45.56,222.8805,-38.0914,7.6215,4.2039,1.4554,7.8561,SF_AND_SD_2h_current_return_pct_1h_current_return_pct_gte_13.61786_SF_15m_current_body_pct_gte_9.0914,((2h_current_return_pct - 1h_current_return_pct) >= 13.62 AND 15m_current_body_pct >= 9.091),ast,and_pair
270,54,98.18,39.26,4.1274,2.9508,49.26,4.4938,3.2553,51.48,4.5785,2.8484,49.26,4.4613,1.9779,45.56,222.8805,-38.0914,7.6215,4.2039,1.4554,7.8561,SF_AND_SD_2h_current_return_pct_1h_current_return_pct_gte_13.61786_SF_2h_previous_body_pct_gte_27.479886,((2h_current_return_pct - 1h_current_return_pct) >= 13.62 AND 2h_previous_body_pct >= 27.48),ast,and_pair
270,54,98.18,39.26,4.1274,2.9508,49.26,4.4938,3.2553,51.48,4.5785,2.8484,49.26,4.4613,1.9779,45.56,222.8805,-38.0914,7.6215,4.2039,1.4554,7.8561,SF_AND_SD_2h_current_return_pct_1h_current_return_pct_gte_13.61786_SF_2h_previous_return_pct_gte_26.298514,((2h_current_return_pct - 1h_current_return_pct) >= 13.62 AND 2h_previous_return_pct >= 26.3),ast,and_pair
270,54,98.18,39.26,4.1274,2.9508,49.26,4.4938,3.2553,51.48,4.5785,2.8484,49.26,4.4613,1.9779,45.56,222.8805,-38.0914,7.6215,4.2039,1.4554,7.8561,SF_AND_SD_2h_current_return_pct_1h_current_return_pct_gte_13.61786_SR_1h_current_range_pct_5m_compression_30525279999.999992,((2h_current_return_pct - 1h_current_return_pct) >= 13.62 AND 1h_current_range_pct/5m_compression >= 3.053e+10),ast,and_pair
270,54,98.18,39.26,4.1274,2.9508,49.26,4.4938,3.2553,51.48,4.5785,2.8484,49.26,4.4613,1.9779,45.56,222.8805,-38.0914,7.6215,4.2039,1.4554,7.8561,SF_AND_SF_15m_current_body_pct_gte_13.6371_SD_2h_current_return_pct_1h_current_return_pct_gte_13.61786,(15m_current_body_pct >= 13.64 AND (2h_current_return_pct - 1h_current_return_pct) >= 13.62),ast,and_pair
270,54,98.18,39.26,4.1274,2.9508,49.26,4.4938,3.2553,51.48,4.5785,2.8484,49.26,4.4613,1.9779,45.56,222.8805,-38.0914,7.6215,4.2039,1.4554,7.8561,SF_AND_SF_15m_current_body_pct_gte_13.6371_SF_15m_current_ma20_distance_pct_gte_17.364729,(15m_current_body_pct >= 13.64 AND 15m_current_ma20_distance_pct >= 17.36),ast,and_pair
270,54,98.18,39.26,4.1274,2.9508,49.26,4.4938,3.2553,51.48,4.5785,2.8484,49.26,4.4613,1.9779,45.56,222.8805,-38.0914,7.6215,4.2039,1.4554,7.8561,SF_AND_SF_15m_current_body_pct_gte_13.6371_SF_1h_current_ma20_distance_pct_gte_20.388471,(15m_current_body_pct >= 13.64 AND 1h_current_ma20_distance_pct >= 20.39),ast,and_pair
270,54,98.18,39.26,4.1274,2.9508,49.26,4.4938,3.2553,51.48,4.5785,2.8484,49.26,4.4613,1.9779,45.56,222.8805,-38.0914,7.6215,4.2039,1.4554,7.8561,SF_AND_SF_15m_current_body_pct_gte_13.6371_SF_2h_previous_body_pct_gte_27.479886,(15m_current_body_pct >= 13.64 AND 2h_previous_body_pct >= 27.48),ast,and_pair
270,54,98.18,39.26,4.1274,2.9508,49.26,4.4938,3.2553,51.48,4.5785,2.8484,49.26,4.4613,1.9779,45.56,222.8805,-38.0914,7.6215,4.2039,1.4554,7.8561,SF_AND_SF_15m_current_body_pct_gte_13.6371_SF_2h_previous_return_pct_gte_26.298514,(15m_current_body_pct >= 13.64 AND 2h_previous_return_pct >= 26.3),ast,and_pair
270,54,98.18,39.26,4.1274,2.9508,49.26,4.4938,3.2553,51.48,4.5785,2.8484,49.26,4.4613,1.9779,45.56,222.8805,-38.0914,7.6215,4.2039,1.4554,7.8561,SF_AND_SF_15m_current_body_pct_gte_13.6371_SF_30m_previous_ma20_distance_pct_gte_39.165157,(15m_current_body_pct >= 13.64 AND 30m_previous_ma20_distance_pct >= 39.17),ast,and_pair
270,54,98.18,39.26,4.1274,2.9508,49.26,4.4938,3.2553,51.48,4.5785,2.8484,49.26,4.4613,1.9779,45.56,222.8805,-38.0914,7.6215,4.2039,1.4554,7.8561,SF_AND_SF_15m_current_body_pct_gte_9.0914_SF_2h_previous_body_pct_gte_27.479886,(15m_current_body_pct >= 9.091 AND 2h_previous_body_pct >= 27.48),ast,and_pair
270,54,98.18,39.26,4.1274,2.9508,49.26,4.4938,3.2553,51.48,4.5785,2.8484,49.26,4.4613,1.9779,45.56,222.8805,-38.0914,7.6215,4.2039,1.4554,7.8561,SF_AND_SF_15m_current_ma20_distance_pct_gte_17.364729_SD_1h_current_body_pct_1h_previous_body_pct_gte_18.78308,(15m_current_ma20_distance_pct >= 17.36 AND (1h_current_body_pct - 1h_previous_body_pct) >= 18.78),ast,and_pair
270,54,98.18,39.26,4.1274,2.9508,49.26,4.4938,3.2553,51.48,4.5785,2.8484,49.26,4.4613,1.9779,45.56,222.8805,-38.0914,7.6215,4.2039,1.4554,7.8561,SF_AND_SF_15m_current_ma20_distance_pct_gte_17.364729_SD_1h_current_range_pct_1h_previous_range_pct_gte_5.76056,(15m_current_ma20_distance_pct >= 17.36 AND (1h_current_range_pct - 1h_previous_range_pct) >= 5.761),ast,and_pair
270,54,98.18,39.26,4.1274,2.9508,49.26,4.4938,3.2553,51.48,4.5785,2.8484,49.26,4.4613,1.9779,45.56,222.8805,-38.0914,7.6215,4.2039,1.4554,7.8561,SF_AND_SF_15m_current_ma20_distance_pct_gte_17.364729_SD_1h_current_return_pct_15m_current_return_pct_lte_-12.62842,(15m_current_ma20_distance_pct >= 17.36 AND (1h_current_return_pct - 15m_current_return_pct) <= -12.63),ast,and_pair
270,54,98.18,39.26,4.1274,2.9508,49.26,4.4938,3.2553,51.48,4.5785,2.8484,49.26,4.4613,1.9779,45.56,222.8805,-38.0914,7.6215,4.2039,1.4554,7.8561,SF_AND_SF_15m_current_ma20_distance_pct_gte_17.364729_SF_15m_current_body_pct_gte_9.0914,(15m_current_ma20_distance_pct >= 17.36 AND 15m_current_body_pct >= 9.091),ast,and_pair
270,54,98.18,39.26,4.1274,2.9508,49.26,4.4938,3.2553,51.48,4.5785,2.8484,49.26,4.4613,1.9779,45.56,222.8805,-38.0914,7.6215,4.2039,1.4554,7.8561,SF_AND_SF_15m_current_ma20_distance_pct_gte_17.364729_SF_2h_previous_body_pct_gte_27.479886,(15m_current_ma20_distance_pct >= 17.36 AND 2h_previous_body_pct >= 27.48),ast,and_pair
270,54,98.18,39.26,4.1274,2.9508,49.26,4.4938,3.2553,51.48,4.5785,2.8484,49.26,4.4613,1.9779,45.56,222.8805,-38.0914,7.6215,4.2039,1.4554,7.8561,SF_AND_SF_15m_current_ma20_distance_pct_gte_17.364729_SF_2h_previous_return_pct_gte_26.298514,(15m_current_ma20_distance_pct >= 17.36 AND 2h_previous_return_pct >= 26.3),ast,and_pair
270,54,98.18,39.26,4.1274,2.9508,49.26,4.4938,3.2553,51.48,4.5785,2.8484,49.26,4.4613,1.9779,45.56,222.8805,-38.0914,7.6215,4.2039,1.4554,7.8561,SF_AND_SF_15m_current_ma20_distance_pct_gte_17.364729_SF_30m_current_body_pct_gte_10.647286,(15m_current_ma20_distance_pct >= 17.36 AND 30m_current_body_pct >= 10.65),ast,and_pair
270,54,98.18,39.26,4.1274,2.9508,49.26,4.4938,3.2553,51.48,4.5785,2.8484,49.26,4.4613,1.9779,45.56,222.8805,-38.0914,7.6215,4.2039,1.4554,7.8561,SF_AND_SF_15m_current_ma20_distance_pct_gte_17.364729_SF_30m_current_range_pct_gte_12.1684,(15m_current_ma20_distance_pct >= 17.36 AND 30m_current_range_pct >= 12.17),ast,and_pair
270,54,98.18,39.26,4.1274,2.9508,49.26,4.4938,3.2553,51.48,4.5785,2.8484,49.26,4.4613,1.9779,45.56,222.8805,-38.0914,7.6215,4.2039,1.4554,7.8561,SF_AND_SF_15m_current_ma20_distance_pct_gte_17.364729_SF_derived_range_expansion_gte_8.077786,(15m_current_ma20_distance_pct >= 17.36 AND derived_range_expansion >= 8.078),ast,and_pair
270,54,98.18,39.26,4.1274,2.9508,49.26,4.4938,3.2553,51.48,4.5785,2.8484,49.26,4.4613,1.9779,45.56,222.8805,-38.0914,7.6215,4.2039,1.4554,7.8561,SF_AND_SF_15m_current_ma20_distance_pct_gte_17.364729_SR_1h_current_range_pct_5m_compression_15262639999.999996,(15m_current_ma20_distance_pct >= 17.36 AND 1h_current_range_pct/5m_compression >= 1.526e+10),ast,and_pair
270,54,98.18,39.26,4.1274,2.9508,49.26,4.4938,3.2553,51.48,4.5785,2.8484,49.26,4.4613,1.9779,45.56,222.8805,-38.0914,7.6215,4.2039,1.4554,7.8561,SF_AND_SF_15m_current_ma20_distance_pct_gte_17.364729_SR_1h_current_range_pct_5m_compression_30525279999.999992,(15m_current_ma20_distance_pct >= 17.36 AND 1h_current_range_pct/5m_compression >= 3.053e+10),ast,and_pair
270,54,98.18,39.26,4.1274,2.9508,49.26,4.4938,3.2553,51.48,4.5785,2.8484,49.26,4.4613,1.9779,45.56,222.8805,-38.0914,7.6215,4.2039,1.4554,7.8561,SF_AND_SF_15m_current_ma20_distance_pct_gte_26.750886_SD_1h_current_body_pct_1h_previous_body_pct_gte_18.78308,(15m_current_ma20_distance_pct >= 26.75 AND (1h_current_body_pct - 1h_previous_body_pct) >= 18.78),ast,and_pair
270,54,98.18,39.26,4.1274,2.9508,49.26,4.4938,3.2553,51.48,4.5785,2.8484,49.26,4.4613,1.9779,45.56,222.8805,-38.0914,7.6215,4.2039,1.4554,7.8561,SF_AND_SF_15m_current_ma20_distance_pct_gte_26.750886_SD_1h_current_range_pct_1h_previous_range_pct_gte_21.98114,(15m_current_ma20_distance_pct >= 26.75 AND (1h_current_range_pct - 1h_previous_range_pct) >= 21.98),ast,and_pair
270,54,98.18,39.26,4.1274,2.9508,49.26,4.4938,3.2553,51.48,4.5785,2.8484,49.26,4.4613,1.9779,45.56,222.8805,-38.0914,7.6215,4.2039,1.4554,7.8561,SF_AND_SF_15m_current_ma20_distance_pct_gte_26.750886_SD_1h_current_range_pct_1h_previous_range_pct_gte_5.76056,(15m_current_ma20_distance_pct >= 26.75 AND (1h_current_range_pct - 1h_previous_range_pct) >= 5.761),ast,and_pair
270,54,98.18,39.26,4.1274,2.9508,49.26,4.4938,3.2553,51.48,4.5785,2.8484,49.26,4.4613,1.9779,45.56,222.8805,-38.0914,7.6215,4.2039,1.4554,7.8561,SF_AND_SF_15m_current_ma20_distance_pct_gte_26.750886_SD_1h_current_return_pct_15m_current_return_pct_lte_-12.62842,(15m_current_ma20_distance_pct >= 26.75 AND (1h_current_return_pct - 15m_current_return_pct) <= -12.63),ast,and_pair
270,54,98.18,39.26,4.1274,2.9508,49.26,4.4938,3.2553,51.48,4.5785,2.8484,49.26,4.4613,1.9779,45.56,222.8805,-38.0914,7.6215,4.2039,1.4554,7.8561,SF_AND_SF_15m_current_ma20_distance_pct_gte_26.750886_SF_15m_current_body_pct_gte_13.6371,(15m_current_ma20_distance_pct >= 26.75 AND 15m_current_body_pct >= 13.64),ast,and_pair
270,54,98.18,39.26,4.1274,2.9508,49.26,4.4938,3.2553,51.48,4.5785,2.8484,49.26,4.4613,1.9779,45.56,222.8805,-38.0914,7.6215,4.2039,1.4554,7.8561,SF_AND_SF_15m_current_ma20_distance_pct_gte_26.750886_SF_15m_current_body_pct_gte_9.0914,(15m_current_ma20_distance_pct >= 26.75 AND 15m_current_body_pct >= 9.091),ast,and_pair
270,54,98.18,39.26,4.1274,2.9508,49.26,4.4938,3.2553,51.48,4.5785,2.8484,49.26,4.4613,1.9779,45.56,222.8805,-38.0914,7.6215,4.2039,1.4554,7.8561,SF_AND_SF_15m_current_ma20_distance_pct_gte_26.750886_SF_1h_current_ma20_distance_pct_gte_51.022186,(15m_current_ma20_distance_pct >= 26.75 AND 1h_current_ma20_distance_pct >= 51.02),ast,and_pair
270,54,98.18,39.26,4.1274,2.9508,49.26,4.4938,3.2553,51.48,4.5785,2.8484,49.26,4.4613,1.9779,45.56,222.8805,-38.0914,7.6215,4.2039,1.4554,7.8561,SF_AND_SF_15m_current_ma20_distance_pct_gte_26.750886_SF_2h_current_range_pct_gte_29.928486,(15m_current_ma20_distance_pct >= 26.75 AND 2h_current_range_pct >= 29.93),ast,and_pair
270,54,98.18,39.26,4.1274,2.9508,49.26,4.4938,3.2553,51.48,4.5785,2.8484,49.26,4.4613,1.9779,45.56,222.8805,-38.0914,7.6215,4.2039,1.4554,7.8561,SF_AND_SF_15m_current_ma20_distance_pct_gte_26.750886_SF_2h_current_range_pct_gte_44.892729,(15m_current_ma20_distance_pct >= 26.75 AND 2h_current_range_pct >= 44.89),ast,and_pair
270,54,98.18,39.26,4.1274,2.9508,49.26,4.4938,3.2553,51.48,4.5785,2.8484,49.26,4.4613,1.9779,45.56,222.8805,-38.0914,7.6215,4.2039,1.4554,7.8561,SF_AND_SF_15m_current_ma20_distance_pct_gte_26.750886_SF_2h_previous_body_pct_gte_27.479886,(15m_current_ma20_distance_pct >= 26.75 AND 2h_previous_body_pct >= 27.48),ast,and_pair
270,54,98.18,39.26,4.1274,2.9508,49.26,4.4938,3.2553,51.48,4.5785,2.8484,49.26,4.4613,1.9779,45.56,222.8805,-38.0914,7.6215,4.2039,1.4554,7.8561,SF_AND_SF_15m_current_ma20_distance_pct_gte_26.750886_SF_2h_previous_body_pct_gte_34.349857,(15m_current_ma20_distance_pct >= 26.75 AND 2h_previous_body_pct >= 34.35),ast,and_pair
270,54,98.18,39.26,4.1274,2.9508,49.26,4.4938,3.2553,51.48,4.5785,2.8484,49.26,4.4613,1.9779,45.56,222.8805,-38.0914,7.6215,4.2039,1.4554,7.8561,SF_AND_SF_15m_current_ma20_distance_pct_gte_26.750886_SF_2h_previous_ma20_distance_pct_gte_65.594714,(15m_current_ma20_distance_pct >= 26.75 AND 2h_previous_ma20_distance_pct >= 65.59),ast,and_pair
270,54,98.18,39.26,4.1274,2.9508,49.26,4.4938,3.2553,51.48,4.5785,2.8484,49.26,4.4613,1.9779,45.56,222.8805,-38.0914,7.6215,4.2039,1.4554,7.8561,SF_AND_SF_15m_current_ma20_distance_pct_gte_26.750886_SF_2h_previous_return_pct_gte_26.298514,(15m_current_ma20_distance_pct >= 26.75 AND 2h_previous_return_pct >= 26.3),ast,and_pair
270,54,98.18,39.26,4.1274,2.9508,49.26,4.4938,3.2553,51.48,4.5785,2.8484,49.26,4.4613,1.9779,45.56,222.8805,-38.0914,7.6215,4.2039,1.4554,7.8561,SF_AND_SF_15m_current_ma20_distance_pct_gte_26.750886_SF_30m_current_body_pct_gte_10.647286,(15m_current_ma20_distance_pct >= 26.75 AND 30m_current_body_pct >= 10.65),ast,and_pair
270,54,98.18,39.26,4.1274,2.9508,49.26,4.4938,3.2553,51.48,4.5785,2.8484,49.26,4.4613,1.9779,45.56,222.8805,-38.0914,7.6215,4.2039,1.4554,7.8561,SF_AND_SF_15m_current_ma20_distance_pct_gte_26.750886_SF_30m_current_body_pct_gte_15.970929,(15m_current_ma20_distance_pct >= 26.75 AND 30m_current_body_pct >= 15.97),ast,and_pair
270,54,98.18,39.26,4.1274,2.9508,49.26,4.4938,3.2553,51.48,4.5785,2.8484,49.26,4.4613,1.9779,45.56,222.8805,-38.0914,7.6215,4.2039,1.4554,7.8561,SF_AND_SF_15m_current_ma20_distance_pct_gte_26.750886_SF_30m_current_range_pct_gte_12.1684,(15m_current_ma20_distance_pct >= 26.75 AND 30m_current_range_pct >= 12.17),ast,and_pair
270,54,98.18,39.26,4.1274,2.9508,49.26,4.4938,3.2553,51.48,4.5785,2.8484,49.26,4.4613,1.9779,45.56,222.8805,-38.0914,7.6215,4.2039,1.4554,7.8561,SF_AND_SF_15m_current_ma20_distance_pct_gte_26.750886_SF_30m_current_range_pct_gte_22.8592,(15m_current_ma20_distance_pct >= 26.75 AND 30m_current_range_pct >= 22.86),ast,and_pair
270,54,98.18,39.26,4.1274,2.9508,49.26,4.4938,3.2553,51.48,4.5785,2.8484,49.26,4.4613,1.9779,45.56,222.8805,-38.0914,7.6215,4.2039,1.4554,7.8561,SF_AND_SF_15m_current_ma20_distance_pct_gte_26.750886_SF_derived_range_expansion_gte_19.663914,(15m_current_ma20_distance_pct >= 26.75 AND derived_range_expansion >= 19.66),ast,and_pair
270,54,98.18,39.26,4.1274,2.9508,49.26,4.4938,3.2553,51.48,4.5785,2.8484,49.26,4.4613,1.9779,45.56,222.8805,-38.0914,7.6215,4.2039,1.4554,7.8561,SF_AND_SF_15m_current_ma20_distance_pct_gte_26.750886_SF_derived_range_expansion_gte_8.077786,(15m_current_ma20_distance_pct >= 26.75 AND derived_range_expansion >= 8.078),ast,and_pair
270,54,98.18,39.26,4.1274,2.9508,49.26,4.4938,3.2553,51.48,4.5785,2.8484,49.26,4.4613,1.9779,45.56,222.8805,-38.0914,7.6215,4.2039,1.4554,7.8561,SF_AND_SF_15m_current_ma20_distance_pct_gte_26.750886_SR_1h_current_range_pct_5m_compression_15262639999.999996,(15m_current_ma20_distance_pct >= 26.75 AND 1h_current_range_pct/5m_compression >= 1.526e+10),ast,and_pair
270,54,98.18,39.26,4.1274,2.9508,49.26,4.4938,3.2553,51.48,4.5785,2.8484,49.26,4.4613,1.9779,45.56,222.8805,-38.0914,7.6215,4.2039,1.4554,7.8561,SF_AND_SF_15m_current_ma20_distance_pct_gte_26.750886_SR_1h_current_range_pct_5m_compression_30525279999.999992,(15m_current_ma20_distance_pct >= 26.75 AND 1h_current_range_pct/5m_compression >= 3.053e+10),ast,and_pair
270,54,98.18,39.26,4.1274,2.9508,49.26,4.4938,3.2553,51.48,4.5785,2.8484,49.26,4.4613,1.9779,45.56,222.8805,-38.0914,7.6215,4.2039,1.4554,7.8561,SF_AND_SF_15m_current_return_pct_gte_10.127714_SD_1h_current_body_pct_1h_previous_body_pct_gte_18.78308,(15m_current_return_pct >= 10.13 AND (1h_current_body_pct - 1h_previous_body_pct) >= 18.78),ast,and_pair
270,54,98.18,39.26,4.1274,2.9508,49.26,4.4938,3.2553,51.48,4.5785,2.8484,49.26,4.4613,1.9779,45.56,222.8805,-38.0914,7.6215,4.2039,1.4554,7.8561,SF_AND_SF_15m_current_return_pct_gte_10.127714_SD_1h_current_range_pct_1h_previous_range_pct_gte_21.98114,(15m_current_return_pct >= 10.13 AND (1h_current_range_pct - 1h_previous_range_pct) >= 21.98),ast,and_pair
270,54,98.18,39.26,4.1274,2.9508,49.26,4.4938,3.2553,51.48,4.5785,2.8484,49.26,4.4613,1.9779,45.56,222.8805,-38.0914,7.6215,4.2039,1.4554,7.8561,SF_AND_SF_15m_current_return_pct_gte_10.127714_SD_1h_current_range_pct_1h_previous_range_pct_gte_5.76056,(15m_current_return_pct >= 10.13 AND (1h_current_range_pct - 1h_previous_range_pct) >= 5.761),ast,and_pair
270,54,98.18,39.26,4.1274,2.9508,49.26,4.4938,3.2553,51.48,4.5785,2.8484,49.26,4.4613,1.9779,45.56,222.8805,-38.0914,7.6215,4.2039,1.4554,7.8561,SF_AND_SF_15m_current_return_pct_gte_10.127714_SD_1h_current_return_pct_15m_current_return_pct_lte_-12.62842,(15m_current_return_pct >= 10.13 AND (1h_current_return_pct - 15m_current_return_pct) <= -12.63),ast,and_pair
270,54,98.18,39.26,4.1274,2.9508,49.26,4.4938,3.2553,51.48,4.5785,2.8484,49.26,4.4613,1.9779,45.56,222.8805,-38.0914,7.6215,4.2039,1.4554,7.8561,SF_AND_SF_15m_current_return_pct_gte_10.127714_SD_2h_current_return_pct_1h_current_return_pct_gte_13.61786,(15m_current_return_pct >= 10.13 AND (2h_current_return_pct - 1h_current_return_pct) >= 13.62),ast,and_pair
270,54,98.18,39.26,4.1274,2.9508,49.26,4.4938,3.2553,51.48,4.5785,2.8484,49.26,4.4613,1.9779,45.56,222.8805,-38.0914,7.6215,4.2039,1.4554,7.8561,SF_AND_SF_15m_current_return_pct_gte_10.127714_SF_15m_current_body_pct_gte_13.6371,(15m_current_return_pct >= 10.13 AND 15m_current_body_pct >= 13.64),ast,and_pair
270,54,98.18,39.26,4.1274,2.9508,49.26,4.4938,3.2553,51.48,4.5785,2.8484,49.26,4.4613,1.9779,45.56,222.8805,-38.0914,7.6215,4.2039,1.4554,7.8561,SF_AND_SF_15m_current_return_pct_gte_10.127714_SF_15m_current_body_pct_gte_9.0914,(15m_current_return_pct >= 10.13 AND 15m_current_body_pct >= 9.091),ast,and_pair
270,54,98.18,39.26,4.1274,2.9508,49.26,4.4938,3.2553,51.48,4.5785,2.8484,49.26,4.4613,1.9779,45.56,222.8805,-38.0914,7.6215,4.2039,1.4554,7.8561,SF_AND_SF_15m_current_return_pct_gte_10.127714_SF_15m_current_ma20_distance_pct_gte_17.364729,(15m_current_return_pct >= 10.13 AND 15m_current_ma20_distance_pct >= 17.36),ast,and_pair
270,54,98.18,39.26,4.1274,2.9508,49.26,4.4938,3.2553,51.48,4.5785,2.8484,49.26,4.4613,1.9779,45.56,222.8805,-38.0914,7.6215,4.2039,1.4554,7.8561,SF_AND_SF_15m_current_return_pct_gte_10.127714_SF_15m_current_ma20_distance_pct_gte_26.750886,(15m_current_return_pct >= 10.13 AND 15m_current_ma20_distance_pct >= 26.75),ast,and_pair
270,54,98.18,39.26,4.1274,2.9508,49.26,4.4938,3.2553,51.48,4.5785,2.8484,49.26,4.4613,1.9779,45.56,222.8805,-38.0914,7.6215,4.2039,1.4554,7.8561,SF_AND_SF_15m_current_return_pct_gte_10.127714_SF_1h_current_ma20_distance_pct_gte_20.388471,(15m_current_return_pct >= 10.13 AND 1h_current_ma20_distance_pct >= 20.39),ast,and_pair
270,54,98.18,39.26,4.1274,2.9508,49.26,4.4938,3.2553,51.48,4.5785,2.8484,49.26,4.4613,1.9779,45.56,222.8805,-38.0914,7.6215,4.2039,1.4554,7.8561,SF_AND_SF_15m_current_return_pct_gte_10.127714_SF_1h_current_ma20_distance_pct_gte_35.705329,(15m_current_return_pct >= 10.13 AND 1h_current_ma20_distance_pct >= 35.71),ast,and_pair
270,54,98.18,39.26,4.1274,2.9508,49.26,4.4938,3.2553,51.48,4.5785,2.8484,49.26,4.4613,1.9779,45.56,222.8805,-38.0914,7.6215,4.2039,1.4554,7.8561,SF_AND_SF_15m_current_return_pct_gte_10.127714_SF_1h_current_ma20_distance_pct_gte_51.022186,(15m_current_return_pct >= 10.13 AND 1h_current_ma20_distance_pct >= 51.02),ast,and_pair
270,54,98.18,39.26,4.1274,2.9508,49.26,4.4938,3.2553,51.48,4.5785,2.8484,49.26,4.4613,1.9779,45.56,222.8805,-38.0914,7.6215,4.2039,1.4554,7.8561,SF_AND_SF_15m_current_return_pct_gte_10.127714_SF_1h_current_return_pct_gte_8.969214,(15m_current_return_pct >= 10.13 AND 1h_current_return_pct >= 8.969),ast,and_pair
270,54,98.18,39.26,4.1274,2.9508,49.26,4.4938,3.2553,51.48,4.5785,2.8484,49.26,4.4613,1.9779,45.56,222.8805,-38.0914,7.6215,4.2039,1.4554,7.8561,SF_AND_SF_15m_current_return_pct_gte_10.127714_SF_2h_current_body_pct_gte_13.739943,(15m_current_return_pct >= 10.13 AND 2h_current_body_pct >= 13.74),ast,and_pair
270,54,98.18,39.26,4.1274,2.9508,49.26,4.4938,3.2553,51.48,4.5785,2.8484,49.26,4.4613,1.9779,45.56,222.8805,-38.0914,7.6215,4.2039,1.4554,7.8561,SF_AND_SF_15m_current_return_pct_gte_10.127714_SF_2h_current_body_pct_gte_20.609914,(15m_current_return_pct >= 10.13 AND 2h_current_body_pct >= 20.61),ast,and_pair
270,54,98.18,39.26,4.1274,2.9508,49.26,4.4938,3.2553,51.48,4.5785,2.8484,49.26,4.4613,1.9779,45.56,222.8805,-38.0914,7.6215,4.2039,1.4554,7.8561,SF_AND_SF_15m_current_return_pct_gte_10.127714_SF_2h_current_body_pct_gte_27.479886,(15m_current_return_pct >= 10.13 AND 2h_current_body_pct >= 27.48),ast,and_pair
270,54,98.18,39.26,4.1274,2.9508,49.26,4.4938,3.2553,51.48,4.5785,2.8484,49.26,4.4613,1.9779,45.56,222.8805,-38.0914,7.6215,4.2039,1.4554,7.8561,SF_AND_SF_15m_current_return_pct_gte_10.127714_SF_2h_current_range_pct_gte_14.964243,(15m_current_return_pct >= 10.13 AND 2h_current_range_pct >= 14.96),ast,and_pair
270,54,98.18,39.26,4.1274,2.9508,49.26,4.4938,3.2553,51.48,4.5785,2.8484,49.26,4.4613,1.9779,45.56,222.8805,-38.0914,7.6215,4.2039,1.4554,7.8561,SF_AND_SF_15m_current_return_pct_gte_10.127714_SF_2h_current_range_pct_gte_29.928486,(15m_current_return_pct >= 10.13 AND 2h_current_range_pct >= 29.93),ast,and_pair
270,54,98.18,39.26,4.1274,2.9508,49.26,4.4938,3.2553,51.48,4.5785,2.8484,49.26,4.4613,1.9779,45.56,222.8805,-38.0914,7.6215,4.2039,1.4554,7.8561,SF_AND_SF_15m_current_return_pct_gte_10.127714_SF_2h_current_range_pct_gte_44.892729,(15m_current_return_pct >= 10.13 AND 2h_current_range_pct >= 44.89),ast,and_pair
270,54,98.18,39.26,4.1274,2.9508,49.26,4.4938,3.2553,51.48,4.5785,2.8484,49.26,4.4613,1.9779,45.56,222.8805,-38.0914,7.6215,4.2039,1.4554,7.8561,SF_AND_SF_15m_current_return_pct_gte_10.127714_SF_2h_previous_body_pct_gte_27.479886,(15m_current_return_pct >= 10.13 AND 2h_previous_body_pct >= 27.48),ast,and_pair
270,54,98.18,39.26,4.1274,2.9508,49.26,4.4938,3.2553,51.48,4.5785,2.8484,49.26,4.4613,1.9779,45.56,222.8805,-38.0914,7.6215,4.2039,1.4554,7.8561,SF_AND_SF_15m_current_return_pct_gte_10.127714_SF_2h_previous_body_pct_gte_34.349857,(15m_current_return_pct >= 10.13 AND 2h_previous_body_pct >= 34.35),ast,and_pair
270,54,98.18,39.26,4.1274,2.9508,49.26,4.4938,3.2553,51.48,4.5785,2.8484,49.26,4.4613,1.9779,45.56,222.8805,-38.0914,7.6215,4.2039,1.4554,7.8561,SF_AND_SF_15m_current_return_pct_gte_10.127714_SF_2h_previous_ma20_distance_pct_gte_65.594714,(15m_current_return_pct >= 10.13 AND 2h_previous_ma20_distance_pct >= 65.59),ast,and_pair
270,54,98.18,39.26,4.1274,2.9508,49.26,4.4938,3.2553,51.48,4.5785,2.8484,49.26,4.4613,1.9779,45.56,222.8805,-38.0914,7.6215,4.2039,1.4554,7.8561,SF_AND_SF_15m_current_return_pct_gte_10.127714_SF_2h_previous_return_pct_gte_26.298514,(15m_current_return_pct >= 10.13 AND 2h_previous_return_pct >= 26.3),ast,and_pair
270,54,98.18,39.26,4.1274,2.9508,49.26,4.4938,3.2553,51.48,4.5785,2.8484,49.26,4.4613,1.9779,45.56,222.8805,-38.0914,7.6215,4.2039,1.4554,7.8561,SF_AND_SF_15m_current_return_pct_gte_10.127714_SF_30m_current_body_pct_gte_10.647286,(15m_current_return_pct >= 10.13 AND 30m_current_body_pct >= 10.65),ast,and_pair
270,54,98.18,39.26,4.1274,2.9508,49.26,4.4938,3.2553,51.48,4.5785,2.8484,49.26,4.4613,1.9779,45.56,222.8805,-38.0914,7.6215,4.2039,1.4554,7.8561,SF_AND_SF_15m_current_return_pct_gte_10.127714_SF_30m_current_body_pct_gte_15.970929,(15m_current_return_pct >= 10.13 AND 30m_current_body_pct >= 15.97),ast,and_pair
270,54,98.18,39.26,4.1274,2.9508,49.26,4.4938,3.2553,51.48,4.5785,2.8484,49.26,4.4613,1.9779,45.56,222.8805,-38.0914,7.6215,4.2039,1.4554,7.8561,SF_AND_SF_15m_current_return_pct_gte_10.127714_SF_30m_current_range_pct_gte_12.1684,(15m_current_return_pct >= 10.13 AND 30m_current_range_pct >= 12.17),ast,and_pair
270,54,98.18,39.26,4.1274,2.9508,49.26,4.4938,3.2553,51.48,4.5785,2.8484,49.26,4.4613,1.9779,45.56,222.8805,-38.0914,7.6215,4.2039,1.4554,7.8561,SF_AND_SF_15m_current_return_pct_gte_10.127714_SF_30m_current_range_pct_gte_22.8592,(15m_current_return_pct >= 10.13 AND 30m_current_range_pct >= 22.86),ast,and_pair
270,54,98.18,39.26,4.1274,2.9508,49.26,4.4938,3.2553,51.48,4.5785,2.8484,49.26,4.4613,1.9779,45.56,222.8805,-38.0914,7.6215,4.2039,1.4554,7.8561,SF_AND_SF_15m_current_return_pct_gte_10.127714_SF_30m_previous_ma20_distance_pct_gte_39.165157,(15m_current_return_pct >= 10.13 AND 30m_previous_ma20_distance_pct >= 39.17),ast,and_pair
270,54,98.18,39.26,4.1274,2.9508,49.26,4.4938,3.2553,51.48,4.5785,2.8484,49.26,4.4613,1.9779,45.56,222.8805,-38.0914,7.6215,4.2039,1.4554,7.8561,SF_AND_SF_15m_current_return_pct_gte_10.127714_SF_derived_range_expansion_gte_19.663914,(15m_current_return_pct >= 10.13 AND derived_range_expansion >= 19.66),ast,and_pair
270,54,98.18,39.26,4.1274,2.9508,49.26,4.4938,3.2553,51.48,4.5785,2.8484,49.26,4.4613,1.9779,45.56,222.8805,-38.0914,7.6215,4.2039,1.4554,7.8561,SF_AND_SF_15m_current_return_pct_gte_10.127714_SF_derived_range_expansion_gte_8.077786,(15m_current_return_pct >= 10.13 AND derived_range_expansion >= 8.078),ast,and_pair
270,54,98.18,39.26,4.1274,2.9508,49.26,4.4938,3.2553,51.48,4.5785,2.8484,49.26,4.4613,1.9779,45.56,222.8805,-38.0914,7.6215,4.2039,1.4554,7.8561,SF_AND_SF_15m_current_return_pct_gte_10.127714_SR_1h_current_range_pct_5m_compression_15262639999.999996,(15m_current_return_pct >= 10.13 AND 1h_current_range_pct/5m_compression >= 1.526e+10),ast,and_pair
270,54,98.18,39.26,4.1274,2.9508,49.26,4.4938,3.2553,51.48,4.5785,2.8484,49.26,4.4613,1.9779,45.56,222.8805,-38.0914,7.6215,4.2039,1.4554,7.8561,SF_AND_SF_15m_current_return_pct_gte_10.127714_SR_1h_current_range_pct_5m_compression_30525279999.999992,(15m_current_return_pct >= 10.13 AND 1h_current_range_pct/5m_compression >= 3.053e+10),ast,and_pair
270,54,98.18,39.26,4.1274,2.9508,49.26,4.4938,3.2553,51.48,4.5785,2.8484,49.26,4.4613,1.9779,45.56,222.8805,-38.0914,7.6215,4.2039,1.4554,7.8561,SF_AND_SF_1h_current_ma20_distance_pct_gte_20.388471_SD_1h_current_body_pct_1h_previous_body_pct_gte_18.78308,(1h_current_ma20_distance_pct >= 20.39 AND (1h_current_body_pct - 1h_previous_body_pct) >= 18.78),ast,and_pair
270,54,98.18,39.26,4.1274,2.9508,49.26,4.4938,3.2553,51.48,4.5785,2.8484,49.26,4.4613,1.9779,45.56,222.8805,-38.0914,7.6215,4.2039,1.4554,7.8561,SF_AND_SF_1h_current_ma20_distance_pct_gte_20.388471_SD_1h_current_return_pct_15m_current_return_pct_lte_-12.62842,(1h_current_ma20_distance_pct >= 20.39 AND (1h_current_return_pct - 15m_current_return_pct) <= -12.63),ast,and_pair
270,54,98.18,39.26,4.1274,2.9508,49.26,4.4938,3.2553,51.48,4.5785,2.8484,49.26,4.4613,1.9779,45.56,222.8805,-38.0914,7.6215,4.2039,1.4554,7.8561,SF_AND_SF_1h_current_ma20_distance_pct_gte_20.388471_SF_15m_current_body_pct_gte_9.0914,(1h_current_ma20_distance_pct >= 20.39 AND 15m_current_body_pct >= 9.091),ast,and_pair
270,54,98.18,39.26,4.1274,2.9508,49.26,4.4938,3.2553,51.48,4.5785,2.8484,49.26,4.4613,1.9779,45.56,222.8805,-38.0914,7.6215,4.2039,1.4554,7.8561,SF_AND_SF_1h_current_ma20_distance_pct_gte_20.388471_SF_2h_previous_body_pct_gte_27.479886,(1h_current_ma20_distance_pct >= 20.39 AND 2h_previous_body_pct >= 27.48),ast,and_pair
270,54,98.18,39.26,4.1274,2.9508,49.26,4.4938,3.2553,51.48,4.5785,2.8484,49.26,4.4613,1.9779,45.56,222.8805,-38.0914,7.6215,4.2039,1.4554,7.8561,SF_AND_SF_1h_current_ma20_distance_pct_gte_20.388471_SR_1h_current_range_pct_5m_compression_30525279999.999992,(1h_current_ma20_distance_pct >= 20.39 AND 1h_current_range_pct/5m_compression >= 3.053e+10),ast,and_pair
270,54,98.18,39.26,4.1274,2.9508,49.26,4.4938,3.2553,51.48,4.5785,2.8484,49.26,4.4613,1.9779,45.56,222.8805,-38.0914,7.6215,4.2039,1.4554,7.8561,SF_AND_SF_1h_current_ma20_distance_pct_gte_35.705329_SD_1h_current_body_pct_1h_previous_body_pct_gte_18.78308,(1h_current_ma20_distance_pct >= 35.71 AND (1h_current_body_pct - 1h_previous_body_pct) >= 18.78),ast,and_pair
270,54,98.18,39.26,4.1274,2.9508,49.26,4.4938,3.2553,51.48,4.5785,2.8484,49.26,4.4613,1.9779,45.56,222.8805,-38.0914,7.6215,4.2039,1.4554,7.8561,SF_AND_SF_1h_current_ma20_distance_pct_gte_35.705329_SD_1h_current_range_pct_1h_previous_range_pct_gte_5.76056,(1h_current_ma20_distance_pct >= 35.71 AND (1h_current_range_pct - 1h_previous_range_pct) >= 5.761),ast,and_pair
270,54,98.18,39.26,4.1274,2.9508,49.26,4.4938,3.2553,51.48,4.5785,2.8484,49.26,4.4613,1.9779,45.56,222.8805,-38.0914,7.6215,4.2039,1.4554,7.8561,SF_AND_SF_1h_current_ma20_distance_pct_gte_35.705329_SD_1h_current_return_pct_15m_current_return_pct_lte_-12.62842,(1h_current_ma20_distance_pct >= 35.71 AND (1h_current_return_pct - 15m_current_return_pct) <= -12.63),ast,and_pair
270,54,98.18,39.26,4.1274,2.9508,49.26,4.4938,3.2553,51.48,4.5785,2.8484,49.26,4.4613,1.9779,45.56,222.8805,-38.0914,7.6215,4.2039,1.4554,7.8561,SF_AND_SF_1h_current_ma20_distance_pct_gte_35.705329_SF_15m_current_body_pct_gte_13.6371,(1h_current_ma20_distance_pct >= 35.71 AND 15m_current_body_pct >= 13.64),ast,and_pair
270,54,98.18,39.26,4.1274,2.9508,49.26,4.4938,3.2553,51.48,4.5785,2.8484,49.26,4.4613,1.9779,45.56,222.8805,-38.0914,7.6215,4.2039,1.4554,7.8561,SF_AND_SF_1h_current_ma20_distance_pct_gte_35.705329_SF_15m_current_body_pct_gte_9.0914,(1h_current_ma20_distance_pct >= 35.71 AND 15m_current_body_pct >= 9.091),ast,and_pair
270,54,98.18,39.26,4.1274,2.9508,49.26,4.4938,3.2553,51.48,4.5785,2.8484,49.26,4.4613,1.9779,45.56,222.8805,-38.0914,7.6215,4.2039,1.4554,7.8561,SF_AND_SF_1h_current_ma20_distance_pct_gte_35.705329_SF_2h_current_range_pct_gte_29.928486,(1h_current_ma20_distance_pct >= 35.71 AND 2h_current_range_pct >= 29.93),ast,and_pair
270,54,98.18,39.26,4.1274,2.9508,49.26,4.4938,3.2553,51.48,4.5785,2.8484,49.26,4.4613,1.9779,45.56,222.8805,-38.0914,7.6215,4.2039,1.4554,7.8561,SF_AND_SF_1h_current_ma20_distance_pct_gte_35.705329_SF_2h_current_range_pct_gte_44.892729,(1h_current_ma20_distance_pct >= 35.71 AND 2h_current_range_pct >= 44.89),ast,and_pair
270,54,98.18,39.26,4.1274,2.9508,49.26,4.4938,3.2553,51.48,4.5785,2.8484,49.26,4.4613,1.9779,45.56,222.8805,-38.0914,7.6215,4.2039,1.4554,7.8561,SF_AND_SF_1h_current_ma20_distance_pct_gte_35.705329_SF_2h_previous_body_pct_gte_27.479886,(1h_current_ma20_distance_pct >= 35.71 AND 2h_previous_body_pct >= 27.48),ast,and_pair
270,54,98.18,39.26,4.1274,2.9508,49.26,4.4938,3.2553,51.48,4.5785,2.8484,49.26,4.4613,1.9779,45.56,222.8805,-38.0914,7.6215,4.2039,1.4554,7.8561,SF_AND_SF_1h_current_ma20_distance_pct_gte_35.705329_SF_2h_previous_body_pct_gte_34.349857,(1h_current_ma20_distance_pct >= 35.71 AND 2h_previous_body_pct >= 34.35),ast,and_pair
270,54,98.18,39.26,4.1274,2.9508,49.26,4.4938,3.2553,51.48,4.5785,2.8484,49.26,4.4613,1.9779,45.56,222.8805,-38.0914,7.6215,4.2039,1.4554,7.8561,SF_AND_SF_1h_current_ma20_distance_pct_gte_35.705329_SF_2h_previous_ma20_distance_pct_gte_65.594714,(1h_current_ma20_distance_pct >= 35.71 AND 2h_previous_ma20_distance_pct >= 65.59),ast,and_pair
270,54,98.18,39.26,4.1274,2.9508,49.26,4.4938,3.2553,51.48,4.5785,2.8484,49.26,4.4613,1.9779,45.56,222.8805,-38.0914,7.6215,4.2039,1.4554,7.8561,SF_AND_SF_1h_current_ma20_distance_pct_gte_35.705329_SF_2h_previous_return_pct_gte_26.298514,(1h_current_ma20_distance_pct >= 35.71 AND 2h_previous_return_pct >= 26.3),ast,and_pair
270,54,98.18,39.26,4.1274,2.9508,49.26,4.4938,3.2553,51.48,4.5785,2.8484,49.26,4.4613,1.9779,45.56,222.8805,-38.0914,7.6215,4.2039,1.4554,7.8561,SF_AND_SF_1h_current_ma20_distance_pct_gte_35.705329_SF_30m_current_body_pct_gte_10.647286,(1h_current_ma20_distance_pct >= 35.71 AND 30m_current_body_pct >= 10.65),ast,and_pair
270,54,98.18,39.26,4.1274,2.9508,49.26,4.4938,3.2553,51.48,4.5785,2.8484,49.26,4.4613,1.9779,45.56,222.8805,-38.0914,7.6215,4.2039,1.4554,7.8561,SF_AND_SF_1h_current_ma20_distance_pct_gte_35.705329_SF_30m_current_body_pct_gte_15.970929,(1h_current_ma20_distance_pct >= 35.71 AND 30m_current_body_pct >= 15.97),ast,and_pair
270,54,98.18,39.26,4.1274,2.9508,49.26,4.4938,3.2553,51.48,4.5785,2.8484,49.26,4.4613,1.9779,45.56,222.8805,-38.0914,7.6215,4.2039,1.4554,7.8561,SF_AND_SF_1h_current_ma20_distance_pct_gte_35.705329_SF_30m_current_range_pct_gte_12.1684,(1h_current_ma20_distance_pct >= 35.71 AND 30m_current_range_pct >= 12.17),ast,and_pair
270,54,98.18,39.26,4.1274,2.9508,49.26,4.4938,3.2553,51.48,4.5785,2.8484,49.26,4.4613,1.9779,45.56,222.8805,-38.0914,7.6215,4.2039,1.4554,7.8561,SF_AND_SF_1h_current_ma20_distance_pct_gte_35.705329_SF_30m_current_range_pct_gte_22.8592,(1h_current_ma20_distance_pct >= 35.71 AND 30m_current_range_pct >= 22.86),ast,and_pair
270,54,98.18,39.26,4.1274,2.9508,49.26,4.4938,3.2553,51.48,4.5785,2.8484,49.26,4.4613,1.9779,45.56,222.8805,-38.0914,7.6215,4.2039,1.4554,7.8561,SF_AND_SF_1h_current_ma20_distance_pct_gte_35.705329_SF_derived_range_expansion_gte_19.663914,(1h_current_ma20_distance_pct >= 35.71 AND derived_range_expansion >= 19.66),ast,and_pair
270,54,98.18,39.26,4.1274,2.9508,49.26,4.4938,3.2553,51.48,4.5785,2.8484,49.26,4.4613,1.9779,45.56,222.8805,-38.0914,7.6215,4.2039,1.4554,7.8561,SF_AND_SF_1h_current_ma20_distance_pct_gte_35.705329_SF_derived_range_expansion_gte_8.077786,(1h_current_ma20_distance_pct >= 35.71 AND derived_range_expansion >= 8.078),ast,and_pair
270,54,98.18,39.26,4.1274,2.9508,49.26,4.4938,3.2553,51.48,4.5785,2.8484,49.26,4.4613,1.9779,45.56,222.8805,-38.0914,7.6215,4.2039,1.4554,7.8561,SF_AND_SF_1h_current_ma20_distance_pct_gte_35.705329_SR_1h_current_range_pct_5m_compression_15262639999.999996,(1h_current_ma20_distance_pct >= 35.71 AND 1h_current_range_pct/5m_compression >= 1.526e+10),ast,and_pair
270,54,98.18,39.26,4.1274,2.9508,49.26,4.4938,3.2553,51.48,4.5785,2.8484,49.26,4.4613,1.9779,45.56,222.8805,-38.0914,7.6215,4.2039,1.4554,7.8561,SF_AND_SF_1h_current_ma20_distance_pct_gte_35.705329_SR_1h_current_range_pct_5m_compression_30525279999.999992,(1h_current_ma20_distance_pct >= 35.71 AND 1h_current_range_pct/5m_compression >= 3.053e+10),ast,and_pair
270,54,98.18,39.26,4.1274,2.9508,49.26,4.4938,3.2553,51.48,4.5785,2.8484,49.26,4.4613,1.9779,45.56,222.8805,-38.0914,7.6215,4.2039,1.4554,7.8561,SF_AND_SF_1h_current_ma20_distance_pct_gte_51.022186_SD_1h_current_body_pct_1h_previous_body_pct_gte_18.78308,(1h_current_ma20_distance_pct >= 51.02 AND (1h_current_body_pct - 1h_previous_body_pct) >= 18.78),ast,and_pair
270,54,98.18,39.26,4.1274,2.9508,49.26,4.4938,3.2553,51.48,4.5785,2.8484,49.26,4.4613,1.9779,45.56,222.8805,-38.0914,7.6215,4.2039,1.4554,7.8561,SF_AND_SF_1h_current_ma20_distance_pct_gte_51.022186_SD_1h_current_range_pct_1h_previous_range_pct_gte_5.76056,(1h_current_ma20_distance_pct >= 51.02 AND (1h_current_range_pct - 1h_previous_range_pct) >= 5.761),ast,and_pair
270,54,98.18,39.26,4.1274,2.9508,49.26,4.4938,3.2553,51.48,4.5785,2.8484,49.26,4.4613,1.9779,45.56,222.8805,-38.0914,7.6215,4.2039,1.4554,7.8561,SF_AND_SF_1h_current_ma20_distance_pct_gte_51.022186_SD_1h_current_return_pct_15m_current_return_pct_lte_-12.62842,(1h_current_ma20_distance_pct >= 51.02 AND (1h_current_return_pct - 15m_current_return_pct) <= -12.63),ast,and_pair
270,54,98.18,39.26,4.1274,2.9508,49.26,4.4938,3.2553,51.48,4.5785,2.8484,49.26,4.4613,1.9779,45.56,222.8805,-38.0914,7.6215,4.2039,1.4554,7.8561,SF_AND_SF_1h_current_ma20_distance_pct_gte_51.022186_SD_2h_current_return_pct_1h_current_return_pct_gte_13.61786,(1h_current_ma20_distance_pct >= 51.02 AND (2h_current_return_pct - 1h_current_return_pct) >= 13.62),ast,and_pair
270,54,98.18,39.26,4.1274,2.9508,49.26,4.4938,3.2553,51.48,4.5785,2.8484,49.26,4.4613,1.9779,45.56,222.8805,-38.0914,7.6215,4.2039,1.4554,7.8561,SF_AND_SF_1h_current_ma20_distance_pct_gte_51.022186_SF_15m_current_body_pct_gte_13.6371,(1h_current_ma20_distance_pct >= 51.02 AND 15m_current_body_pct >= 13.64),ast,and_pair
270,54,98.18,39.26,4.1274,2.9508,49.26,4.4938,3.2553,51.48,4.5785,2.8484,49.26,4.4613,1.9779,45.56,222.8805,-38.0914,7.6215,4.2039,1.4554,7.8561,SF_AND_SF_1h_current_ma20_distance_pct_gte_51.022186_SF_15m_current_body_pct_gte_9.0914,(1h_current_ma20_distance_pct >= 51.02 AND 15m_current_body_pct >= 9.091),ast,and_pair
270,54,98.18,39.26,4.1274,2.9508,49.26,4.4938,3.2553,51.48,4.5785,2.8484,49.26,4.4613,1.9779,45.56,222.8805,-38.0914,7.6215,4.2039,1.4554,7.8561,SF_AND_SF_1h_current_ma20_distance_pct_gte_51.022186_SF_15m_current_ma20_distance_pct_gte_17.364729,(1h_current_ma20_distance_pct >= 51.02 AND 15m_current_ma20_distance_pct >= 17.36),ast,and_pair
270,54,98.18,39.26,4.1274,2.9508,49.26,4.4938,3.2553,51.48,4.5785,2.8484,49.26,4.4613,1.9779,45.56,222.8805,-38.0914,7.6215,4.2039,1.4554,7.8561,SF_AND_SF_1h_current_ma20_distance_pct_gte_51.022186_SF_1h_current_ma20_distance_pct_gte_20.388471,(1h_current_ma20_distance_pct >= 51.02 AND 1h_current_ma20_distance_pct >= 20.39),ast,and_pair
270,54,98.18,39.26,4.1274,2.9508,49.26,4.4938,3.2553,51.48,4.5785,2.8484,49.26,4.4613,1.9779,45.56,222.8805,-38.0914,7.6215,4.2039,1.4554,7.8561,SF_AND_SF_1h_current_ma20_distance_pct_gte_51.022186_SF_1h_current_ma20_distance_pct_gte_35.705329,(1h_current_ma20_distance_pct >= 51.02 AND 1h_current_ma20_distance_pct >= 35.71),ast,and_pair
270,54,98.18,39.26,4.1274,2.9508,49.26,4.4938,3.2553,51.48,4.5785,2.8484,49.26,4.4613,1.9779,45.56,222.8805,-38.0914,7.6215,4.2039,1.4554,7.8561,SF_AND_SF_1h_current_ma20_distance_pct_gte_51.022186_SF_2h_current_body_pct_gte_13.739943,(1h_current_ma20_distance_pct >= 51.02 AND 2h_current_body_pct >= 13.74),ast,and_pair
270,54,98.18,39.26,4.1274,2.9508,49.26,4.4938,3.2553,51.48,4.5785,2.8484,49.26,4.4613,1.9779,45.56,222.8805,-38.0914,7.6215,4.2039,1.4554,7.8561,SF_AND_SF_1h_current_ma20_distance_pct_gte_51.022186_SF_2h_current_body_pct_gte_20.609914,(1h_current_ma20_distance_pct >= 51.02 AND 2h_current_body_pct >= 20.61),ast,and_pair
270,54,98.18,39.26,4.1274,2.9508,49.26,4.4938,3.2553,51.48,4.5785,2.8484,49.26,4.4613,1.9779,45.56,222.8805,-38.0914,7.6215,4.2039,1.4554,7.8561,SF_AND_SF_1h_current_ma20_distance_pct_gte_51.022186_SF_2h_current_range_pct_gte_14.964243,(1h_current_ma20_distance_pct >= 51.02 AND 2h_current_range_pct >= 14.96),ast,and_pair
270,54,98.18,39.26,4.1274,2.9508,49.26,4.4938,3.2553,51.48,4.5785,2.8484,49.26,4.4613,1.9779,45.56,222.8805,-38.0914,7.6215,4.2039,1.4554,7.8561,SF_AND_SF_1h_current_ma20_distance_pct_gte_51.022186_SF_2h_current_range_pct_gte_29.928486,(1h_current_ma20_distance_pct >= 51.02 AND 2h_current_range_pct >= 29.93),ast,and_pair
270,54,98.18,39.26,4.1274,2.9508,49.26,4.4938,3.2553,51.48,4.5785,2.8484,49.26,4.4613,1.9779,45.56,222.8805,-38.0914,7.6215,4.2039,1.4554,7.8561,SF_AND_SF_1h_current_ma20_distance_pct_gte_51.022186_SF_2h_current_range_pct_gte_44.892729,(1h_current_ma20_distance_pct >= 51.02 AND 2h_current_range_pct >= 44.89),ast,and_pair
270,54,98.18,39.26,4.1274,2.9508,49.26,4.4938,3.2553,51.48,4.5785,2.8484,49.26,4.4613,1.9779,45.56,222.8805,-38.0914,7.6215,4.2039,1.4554,7.8561,SF_AND_SF_1h_current_ma20_distance_pct_gte_51.022186_SF_2h_previous_body_pct_gte_27.479886,(1h_current_ma20_distance_pct >= 51.02 AND 2h_previous_body_pct >= 27.48),ast,and_pair
270,54,98.18,39.26,4.1274,2.9508,49.26,4.4938,3.2553,51.48,4.5785,2.8484,49.26,4.4613,1.9779,45.56,222.8805,-38.0914,7.6215,4.2039,1.4554,7.8561,SF_AND_SF_1h_current_ma20_distance_pct_gte_51.022186_SF_2h_previous_body_pct_gte_34.349857,(1h_current_ma20_distance_pct >= 51.02 AND 2h_previous_body_pct >= 34.35),ast,and_pair
270,54,98.18,39.26,4.1274,2.9508,49.26,4.4938,3.2553,51.48,4.5785,2.8484,49.26,4.4613,1.9779,45.56,222.8805,-38.0914,7.6215,4.2039,1.4554,7.8561,SF_AND_SF_1h_current_ma20_distance_pct_gte_51.022186_SF_2h_previous_ma20_distance_pct_gte_65.594714,(1h_current_ma20_distance_pct >= 51.02 AND 2h_previous_ma20_distance_pct >= 65.59),ast,and_pair
270,54,98.18,39.26,4.1274,2.9508,49.26,4.4938,3.2553,51.48,4.5785,2.8484,49.26,4.4613,1.9779,45.56,222.8805,-38.0914,7.6215,4.2039,1.4554,7.8561,SF_AND_SF_1h_current_ma20_distance_pct_gte_51.022186_SF_2h_previous_return_pct_gte_26.298514,(1h_current_ma20_distance_pct >= 51.02 AND 2h_previous_return_pct >= 26.3),ast,and_pair
270,54,98.18,39.26,4.1274,2.9508,49.26,4.4938,3.2553,51.48,4.5785,2.8484,49.26,4.4613,1.9779,45.56,222.8805,-38.0914,7.6215,4.2039,1.4554,7.8561,SF_AND_SF_1h_current_ma20_distance_pct_gte_51.022186_SF_30m_current_body_pct_gte_10.647286,(1h_current_ma20_distance_pct >= 51.02 AND 30m_current_body_pct >= 10.65),ast,and_pair
270,54,98.18,39.26,4.1274,2.9508,49.26,4.4938,3.2553,51.48,4.5785,2.8484,49.26,4.4613,1.9779,45.56,222.8805,-38.0914,7.6215,4.2039,1.4554,7.8561,SF_AND_SF_1h_current_ma20_distance_pct_gte_51.022186_SF_30m_current_body_pct_gte_15.970929,(1h_current_ma20_distance_pct >= 51.02 AND 30m_current_body_pct >= 15.97),ast,and_pair
270,54,98.18,39.26,4.1274,2.9508,49.26,4.4938,3.2553,51.48,4.5785,2.8484,49.26,4.4613,1.9779,45.56,222.8805,-38.0914,7.6215,4.2039,1.4554,7.8561,SF_AND_SF_1h_current_ma20_distance_pct_gte_51.022186_SF_30m_current_range_pct_gte_12.1684,(1h_current_ma20_distance_pct >= 51.02 AND 30m_current_range_pct >= 12.17),ast,and_pair
270,54,98.18,39.26,4.1274,2.9508,49.26,4.4938,3.2553,51.48,4.5785,2.8484,49.26,4.4613,1.9779,45.56,222.8805,-38.0914,7.6215,4.2039,1.4554,7.8561,SF_AND_SF_1h_current_ma20_distance_pct_gte_51.022186_SF_30m_current_range_pct_gte_22.8592,(1h_current_ma20_distance_pct >= 51.02 AND 30m_current_range_pct >= 22.86),ast,and_pair
270,54,98.18,39.26,4.1274,2.9508,49.26,4.4938,3.2553,51.48,4.5785,2.8484,49.26,4.4613,1.9779,45.56,222.8805,-38.0914,7.6215,4.2039,1.4554,7.8561,SF_AND_SF_1h_current_ma20_distance_pct_gte_51.022186_SF_30m_previous_ma20_distance_pct_gte_39.165157,(1h_current_ma20_distance_pct >= 51.02 AND 30m_previous_ma20_distance_pct >= 39.17),ast,and_pair
270,54,98.18,39.26,4.1274,2.9508,49.26,4.4938,3.2553,51.48,4.5785,2.8484,49.26,4.4613,1.9779,45.56,222.8805,-38.0914,7.6215,4.2039,1.4554,7.8561,SF_AND_SF_1h_current_ma20_distance_pct_gte_51.022186_SF_derived_range_expansion_gte_19.663914,(1h_current_ma20_distance_pct >= 51.02 AND derived_range_expansion >= 19.66),ast,and_pair
270,54,98.18,39.26,4.1274,2.9508,49.26,4.4938,3.2553,51.48,4.5785,2.8484,49.26,4.4613,1.9779,45.56,222.8805,-38.0914,7.6215,4.2039,1.4554,7.8561,SF_AND_SF_1h_current_ma20_distance_pct_gte_51.022186_SF_derived_range_expansion_gte_8.077786,(1h_current_ma20_distance_pct >= 51.02 AND derived_range_expansion >= 8.078),ast,and_pair
270,54,98.18,39.26,4.1274,2.9508,49.26,4.4938,3.2553,51.48,4.5785,2.8484,49.26,4.4613,1.9779,45.56,222.8805,-38.0914,7.6215,4.2039,1.4554,7.8561,SF_AND_SF_1h_current_ma20_distance_pct_gte_51.022186_SR_1h_current_range_pct_5m_compression_15262639999.999996,(1h_current_ma20_distance_pct >= 51.02 AND 1h_current_range_pct/5m_compression >= 1.526e+10),ast,and_pair
270,54,98.18,39.26,4.1274,2.9508,49.26,4.4938,3.2553,51.48,4.5785,2.8484,49.26,4.4613,1.9779,45.56,222.8805,-38.0914,7.6215,4.2039,1.4554,7.8561,SF_AND_SF_1h_current_ma20_distance_pct_gte_51.022186_SR_1h_current_range_pct_5m_compression_30525279999.999992,(1h_current_ma20_distance_pct >= 51.02 AND 1h_current_range_pct/5m_compression >= 3.053e+10),ast,and_pair
270,54,98.18,39.26,4.1274,2.9508,49.26,4.4938,3.2553,51.48,4.5785,2.8484,49.26,4.4613,1.9779,45.56,222.8805,-38.0914,7.6215,4.2039,1.4554,7.8561,SF_AND_SF_1h_current_return_pct_gte_18.082043_SD_1h_current_body_pct_1h_previous_body_pct_gte_18.78308,(1h_current_return_pct >= 18.08 AND (1h_current_body_pct - 1h_previous_body_pct) >= 18.78),ast,and_pair
270,54,98.18,39.26,4.1274,2.9508,49.26,4.4938,3.2553,51.48,4.5785,2.8484,49.26,4.4613,1.9779,45.56,222.8805,-38.0914,7.6215,4.2039,1.4554,7.8561,SF_AND_SF_1h_current_return_pct_gte_18.082043_SD_1h_current_range_pct_1h_previous_range_pct_gte_21.98114,(1h_current_return_pct >= 18.08 AND (1h_current_range_pct - 1h_previous_range_pct) >= 21.98),ast,and_pair
270,54,98.18,39.26,4.1274,2.9508,49.26,4.4938,3.2553,51.48,4.5785,2.8484,49.26,4.4613,1.9779,45.56,222.8805,-38.0914,7.6215,4.2039,1.4554,7.8561,SF_AND_SF_1h_current_return_pct_gte_18.082043_SD_1h_current_range_pct_1h_previous_range_pct_gte_5.76056,(1h_current_return_pct >= 18.08 AND (1h_current_range_pct - 1h_previous_range_pct) >= 5.761),ast,and_pair
270,54,98.18,39.26,4.1274,2.9508,49.26,4.4938,3.2553,51.48,4.5785,2.8484,49.26,4.4613,1.9779,45.56,222.8805,-38.0914,7.6215,4.2039,1.4554,7.8561,SF_AND_SF_1h_current_return_pct_gte_18.082043_SD_1h_current_return_pct_15m_current_return_pct_gte_9.24094,(1h_current_return_pct >= 18.08 AND (1h_current_return_pct - 15m_current_return_pct) >= 9.241),ast,and_pair
270,54,98.18,39.26,4.1274,2.9508,49.26,4.4938,3.2553,51.48,4.5785,2.8484,49.26,4.4613,1.9779,45.56,222.8805,-38.0914,7.6215,4.2039,1.4554,7.8561,SF_AND_SF_1h_current_return_pct_gte_18.082043_SD_1h_current_return_pct_15m_current_return_pct_lte_-12.62842,(1h_current_return_pct >= 18.08 AND (1h_current_return_pct - 15m_current_return_pct) <= -12.63),ast,and_pair
270,54,98.18,39.26,4.1274,2.9508,49.26,4.4938,3.2553,51.48,4.5785,2.8484,49.26,4.4613,1.9779,45.56,222.8805,-38.0914,7.6215,4.2039,1.4554,7.8561,SF_AND_SF_1h_current_return_pct_gte_18.082043_SD_2h_current_return_pct_1h_current_return_pct_gte_13.61786,(1h_current_return_pct >= 18.08 AND (2h_current_return_pct - 1h_current_return_pct) >= 13.62),ast,and_pair
270,54,98.18,39.26,4.1274,2.9508,49.26,4.4938,3.2553,51.48,4.5785,2.8484,49.26,4.4613,1.9779,45.56,222.8805,-38.0914,7.6215,4.2039,1.4554,7.8561,SF_AND_SF_1h_current_return_pct_gte_18.082043_SF_15m_current_body_pct_gte_13.6371,(1h_current_return_pct >= 18.08 AND 15m_current_body_pct >= 13.64),ast,and_pair
270,54,98.18,39.26,4.1274,2.9508,49.26,4.4938,3.2553,51.48,4.5785,2.8484,49.26,4.4613,1.9779,45.56,222.8805,-38.0914,7.6215,4.2039,1.4554,7.8561,SF_AND_SF_1h_current_return_pct_gte_18.082043_SF_15m_current_body_pct_gte_9.0914,(1h_current_return_pct >= 18.08 AND 15m_current_body_pct >= 9.091),ast,and_pair
270,54,98.18,39.26,4.1274,2.9508,49.26,4.4938,3.2553,51.48,4.5785,2.8484,49.26,4.4613,1.9779,45.56,222.8805,-38.0914,7.6215,4.2039,1.4554,7.8561,SF_AND_SF_1h_current_return_pct_gte_18.082043_SF_15m_current_ma20_distance_pct_gte_17.364729,(1h_current_return_pct >= 18.08 AND 15m_current_ma20_distance_pct >= 17.36),ast,and_pair
270,54,98.18,39.26,4.1274,2.9508,49.26,4.4938,3.2553,51.48,4.5785,2.8484,49.26,4.4613,1.9779,45.56,222.8805,-38.0914,7.6215,4.2039,1.4554,7.8561,SF_AND_SF_1h_current_return_pct_gte_18.082043_SF_15m_current_ma20_distance_pct_gte_26.750886,(1h_current_return_pct >= 18.08 AND 15m_current_ma20_distance_pct >= 26.75),ast,and_pair
270,54,98.18,39.26,4.1274,2.9508,49.26,4.4938,3.2553,51.48,4.5785,2.8484,49.26,4.4613,1.9779,45.56,222.8805,-38.0914,7.6215,4.2039,1.4554,7.8561,SF_AND_SF_1h_current_return_pct_gte_18.082043_SF_15m_current_return_pct_gte_10.127714,(1h_current_return_pct >= 18.08 AND 15m_current_return_pct >= 10.13),ast,and_pair
270,54,98.18,39.26,4.1274,2.9508,49.26,4.4938,3.2553,51.48,4.5785,2.8484,49.26,4.4613,1.9779,45.56,222.8805,-38.0914,7.6215,4.2039,1.4554,7.8561,SF_AND_SF_1h_current_return_pct_gte_18.082043_SF_1h_current_ma20_distance_pct_gte_20.388471,(1h_current_return_pct >= 18.08 AND 1h_current_ma20_distance_pct >= 20.39),ast,and_pair
270,54,98.18,39.26,4.1274,2.9508,49.26,4.4938,3.2553,51.48,4.5785,2.8484,49.26,4.4613,1.9779,45.56,222.8805,-38.0914,7.6215,4.2039,1.4554,7.8561,SF_AND_SF_1h_current_return_pct_gte_18.082043_SF_1h_current_ma20_distance_pct_gte_35.705329,(1h_current_return_pct >= 18.08 AND 1h_current_ma20_distance_pct >= 35.71),ast,and_pair
270,54,98.18,39.26,4.1274,2.9508,49.26,4.4938,3.2553,51.48,4.5785,2.8484,49.26,4.4613,1.9779,45.56,222.8805,-38.0914,7.6215,4.2039,1.4554,7.8561,SF_AND_SF_1h_current_return_pct_gte_18.082043_SF_1h_current_ma20_distance_pct_gte_51.022186,(1h_current_return_pct >= 18.08 AND 1h_current_ma20_distance_pct >= 51.02),ast,and_pair
270,54,98.18,39.26,4.1274,2.9508,49.26,4.4938,3.2553,51.48,4.5785,2.8484,49.26,4.4613,1.9779,45.56,222.8805,-38.0914,7.6215,4.2039,1.4554,7.8561,SF_AND_SF_1h_current_return_pct_gte_18.082043_SF_1h_current_return_pct_gte_8.969214,(1h_current_return_pct >= 18.08 AND 1h_current_return_pct >= 8.969),ast,and_pair
270,54,98.18,39.26,4.1274,2.9508,49.26,4.4938,3.2553,51.48,4.5785,2.8484,49.26,4.4613,1.9779,45.56,222.8805,-38.0914,7.6215,4.2039,1.4554,7.8561,SF_AND_SF_1h_current_return_pct_gte_18.082043_SF_2h_current_body_pct_gte_13.739943,(1h_current_return_pct >= 18.08 AND 2h_current_body_pct >= 13.74),ast,and_pair
270,54,98.18,39.26,4.1274,2.9508,49.26,4.4938,3.2553,51.48,4.5785,2.8484,49.26,4.4613,1.9779,45.56,222.8805,-38.0914,7.6215,4.2039,1.4554,7.8561,SF_AND_SF_1h_current_return_pct_gte_18.082043_SF_2h_current_body_pct_gte_20.609914,(1h_current_return_pct >= 18.08 AND 2h_current_body_pct >= 20.61),ast,and_pair
270,54,98.18,39.26,4.1274,2.9508,49.26,4.4938,3.2553,51.48,4.5785,2.8484,49.26,4.4613,1.9779,45.56,222.8805,-38.0914,7.6215,4.2039,1.4554,7.8561,SF_AND_SF_1h_current_return_pct_gte_18.082043_SF_2h_current_body_pct_gte_27.479886,(1h_current_return_pct >= 18.08 AND 2h_current_body_pct >= 27.48),ast,and_pair
270,54,98.18,39.26,4.1274,2.9508,49.26,4.4938,3.2553,51.48,4.5785,2.8484,49.26,4.4613,1.9779,45.56,222.8805,-38.0914,7.6215,4.2039,1.4554,7.8561,SF_AND_SF_1h_current_return_pct_gte_18.082043_SF_2h_current_range_pct_gte_14.964243,(1h_current_return_pct >= 18.08 AND 2h_current_range_pct >= 14.96),ast,and_pair
270,54,98.18,39.26,4.1274,2.9508,49.26,4.4938,3.2553,51.48,4.5785,2.8484,49.26,4.4613,1.9779,45.56,222.8805,-38.0914,7.6215,4.2039,1.4554,7.8561,SF_AND_SF_1h_current_return_pct_gte_18.082043_SF_2h_current_range_pct_gte_29.928486,(1h_current_return_pct >= 18.08 AND 2h_current_range_pct >= 29.93),ast,and_pair
270,54,98.18,39.26,4.1274,2.9508,49.26,4.4938,3.2553,51.48,4.5785,2.8484,49.26,4.4613,1.9779,45.56,222.8805,-38.0914,7.6215,4.2039,1.4554,7.8561,SF_AND_SF_1h_current_return_pct_gte_18.082043_SF_2h_current_range_pct_gte_44.892729,(1h_current_return_pct >= 18.08 AND 2h_current_range_pct >= 44.89),ast,and_pair
270,54,98.18,39.26,4.1274,2.9508,49.26,4.4938,3.2553,51.48,4.5785,2.8484,49.26,4.4613,1.9779,45.56,222.8805,-38.0914,7.6215,4.2039,1.4554,7.8561,SF_AND_SF_1h_current_return_pct_gte_18.082043_SF_2h_previous_body_pct_gte_27.479886,(1h_current_return_pct >= 18.08 AND 2h_previous_body_pct >= 27.48),ast,and_pair
270,54,98.18,39.26,4.1274,2.9508,49.26,4.4938,3.2553,51.48,4.5785,2.8484,49.26,4.4613,1.9779,45.56,222.8805,-38.0914,7.6215,4.2039,1.4554,7.8561,SF_AND_SF_1h_current_return_pct_gte_18.082043_SF_2h_previous_body_pct_gte_34.349857,(1h_current_return_pct >= 18.08 AND 2h_previous_body_pct >= 34.35),ast,and_pair
270,54,98.18,39.26,4.1274,2.9508,49.26,4.4938,3.2553,51.48,4.5785,2.8484,49.26,4.4613,1.9779,45.56,222.8805,-38.0914,7.6215,4.2039,1.4554,7.8561,SF_AND_SF_1h_current_return_pct_gte_18.082043_SF_2h_previous_ma20_distance_pct_gte_65.594714,(1h_current_return_pct >= 18.08 AND 2h_previous_ma20_distance_pct >= 65.59),ast,and_pair
270,54,98.18,39.26,4.1274,2.9508,49.26,4.4938,3.2553,51.48,4.5785,2.8484,49.26,4.4613,1.9779,45.56,222.8805,-38.0914,7.6215,4.2039,1.4554,7.8561,SF_AND_SF_1h_current_return_pct_gte_18.082043_SF_2h_previous_return_pct_gte_26.298514,(1h_current_return_pct >= 18.08 AND 2h_previous_return_pct >= 26.3),ast,and_pair
270,54,98.18,39.26,4.1274,2.9508,49.26,4.4938,3.2553,51.48,4.5785,2.8484,49.26,4.4613,1.9779,45.56,222.8805,-38.0914,7.6215,4.2039,1.4554,7.8561,SF_AND_SF_1h_current_return_pct_gte_18.082043_SF_30m_current_body_pct_gte_10.647286,(1h_current_return_pct >= 18.08 AND 30m_current_body_pct >= 10.65),ast,and_pair
270,54,98.18,39.26,4.1274,2.9508,49.26,4.4938,3.2553,51.48,4.5785,2.8484,49.26,4.4613,1.9779,45.56,222.8805,-38.0914,7.6215,4.2039,1.4554,7.8561,SF_AND_SF_1h_current_return_pct_gte_18.082043_SF_30m_current_body_pct_gte_15.970929,(1h_current_return_pct >= 18.08 AND 30m_current_body_pct >= 15.97),ast,and_pair
270,54,98.18,39.26,4.1274,2.9508,49.26,4.4938,3.2553,51.48,4.5785,2.8484,49.26,4.4613,1.9779,45.56,222.8805,-38.0914,7.6215,4.2039,1.4554,7.8561,SF_AND_SF_1h_current_return_pct_gte_18.082043_SF_30m_current_range_pct_gte_12.1684,(1h_current_return_pct >= 18.08 AND 30m_current_range_pct >= 12.17),ast,and_pair
270,54,98.18,39.26,4.1274,2.9508,49.26,4.4938,3.2553,51.48,4.5785,2.8484,49.26,4.4613,1.9779,45.56,222.8805,-38.0914,7.6215,4.2039,1.4554,7.8561,SF_AND_SF_1h_current_return_pct_gte_18.082043_SF_30m_current_range_pct_gte_22.8592,(1h_current_return_pct >= 18.08 AND 30m_current_range_pct >= 22.86),ast,and_pair
270,54,98.18,39.26,4.1274,2.9508,49.26,4.4938,3.2553,51.48,4.5785,2.8484,49.26,4.4613,1.9779,45.56,222.8805,-38.0914,7.6215,4.2039,1.4554,7.8561,SF_AND_SF_1h_current_return_pct_gte_18.082043_SF_30m_previous_ma20_distance_pct_gte_39.165157,(1h_current_return_pct >= 18.08 AND 30m_previous_ma20_distance_pct >= 39.17),ast,and_pair
270,54,98.18,39.26,4.1274,2.9508,49.26,4.4938,3.2553,51.48,4.5785,2.8484,49.26,4.4613,1.9779,45.56,222.8805,-38.0914,7.6215,4.2039,1.4554,7.8561,SF_AND_SF_1h_current_return_pct_gte_18.082043_SF_derived_range_expansion_gte_19.663914,(1h_current_return_pct >= 18.08 AND derived_range_expansion >= 19.66),ast,and_pair
270,54,98.18,39.26,4.1274,2.9508,49.26,4.4938,3.2553,51.48,4.5785,2.8484,49.26,4.4613,1.9779,45.56,222.8805,-38.0914,7.6215,4.2039,1.4554,7.8561,SF_AND_SF_1h_current_return_pct_gte_18.082043_SF_derived_range_expansion_gte_8.077786,(1h_current_return_pct >= 18.08 AND derived_range_expansion >= 8.078),ast,and_pair
270,54,98.18,39.26,4.1274,2.9508,49.26,4.4938,3.2553,51.48,4.5785,2.8484,49.26,4.4613,1.9779,45.56,222.8805,-38.0914,7.6215,4.2039,1.4554,7.8561,SF_AND_SF_1h_current_return_pct_gte_18.082043_SR_1h_current_range_pct_5m_compression_15262639999.999996,(1h_current_return_pct >= 18.08 AND 1h_current_range_pct/5m_compression >= 1.526e+10),ast,and_pair
270,54,98.18,39.26,4.1274,2.9508,49.26,4.4938,3.2553,51.48,4.5785,2.8484,49.26,4.4613,1.9779,45.56,222.8805,-38.0914,7.6215,4.2039,1.4554,7.8561,SF_AND_SF_1h_current_return_pct_gte_18.082043_SR_1h_current_range_pct_5m_compression_30525279999.999992,(1h_current_return_pct >= 18.08 AND 1h_current_range_pct/5m_compression >= 3.053e+10),ast,and_pair
270,54,98.18,39.26,4.1274,2.9508,49.26,4.4938,3.2553,51.48,4.5785,2.8484,49.26,4.4613,1.9779,45.56,222.8805,-38.0914,7.6215,4.2039,1.4554,7.8561,SF_AND_SF_1h_current_return_pct_gte_8.969214_SD_1h_current_body_pct_1h_previous_body_pct_gte_18.78308,(1h_current_return_pct >= 8.969 AND (1h_current_body_pct - 1h_previous_body_pct) >= 18.78),ast,and_pair
270,54,98.18,39.26,4.1274,2.9508,49.26,4.4938,3.2553,51.48,4.5785,2.8484,49.26,4.4613,1.9779,45.56,222.8805,-38.0914,7.6215,4.2039,1.4554,7.8561,SF_AND_SF_1h_current_return_pct_gte_8.969214_SD_1h_current_range_pct_1h_previous_range_pct_gte_21.98114,(1h_current_return_pct >= 8.969 AND (1h_current_range_pct - 1h_previous_range_pct) >= 21.98),ast,and_pair
270,54,98.18,39.26,4.1274,2.9508,49.26,4.4938,3.2553,51.48,4.5785,2.8484,49.26,4.4613,1.9779,45.56,222.8805,-38.0914,7.6215,4.2039,1.4554,7.8561,SF_AND_SF_1h_current_return_pct_gte_8.969214_SD_1h_current_range_pct_1h_previous_range_pct_gte_5.76056,(1h_current_return_pct >= 8.969 AND (1h_current_range_pct - 1h_previous_range_pct) >= 5.761),ast,and_pair
270,54,98.18,39.26,4.1274,2.9508,49.26,4.4938,3.2553,51.48,4.5785,2.8484,49.26,4.4613,1.9779,45.56,222.8805,-38.0914,7.6215,4.2039,1.4554,7.8561,SF_AND_SF_1h_current_return_pct_gte_8.969214_SD_1h_current_return_pct_15m_current_return_pct_lte_-12.62842,(1h_current_return_pct >= 8.969 AND (1h_current_return_pct - 15m_current_return_pct) <= -12.63),ast,and_pair
270,54,98.18,39.26,4.1274,2.9508,49.26,4.4938,3.2553,51.48,4.5785,2.8484,49.26,4.4613,1.9779,45.56,222.8805,-38.0914,7.6215,4.2039,1.4554,7.8561,SF_AND_SF_1h_current_return_pct_gte_8.969214_SD_2h_current_return_pct_1h_current_return_pct_gte_13.61786,(1h_current_return_pct >= 8.969 AND (2h_current_return_pct - 1h_current_return_pct) >= 13.62),ast,and_pair
270,54,98.18,39.26,4.1274,2.9508,49.26,4.4938,3.2553,51.48,4.5785,2.8484,49.26,4.4613,1.9779,45.56,222.8805,-38.0914,7.6215,4.2039,1.4554,7.8561,SF_AND_SF_1h_current_return_pct_gte_8.969214_SF_15m_current_body_pct_gte_13.6371,(1h_current_return_pct >= 8.969 AND 15m_current_body_pct >= 13.64),ast,and_pair
270,54,98.18,39.26,4.1274,2.9508,49.26,4.4938,3.2553,51.48,4.5785,2.8484,49.26,4.4613,1.9779,45.56,222.8805,-38.0914,7.6215,4.2039,1.4554,7.8561,SF_AND_SF_1h_current_return_pct_gte_8.969214_SF_15m_current_body_pct_gte_9.0914,(1h_current_return_pct >= 8.969 AND 15m_current_body_pct >= 9.091),ast,and_pair
270,54,98.18,39.26,4.1274,2.9508,49.26,4.4938,3.2553,51.48,4.5785,2.8484,49.26,4.4613,1.9779,45.56,222.8805,-38.0914,7.6215,4.2039,1.4554,7.8561,SF_AND_SF_1h_current_return_pct_gte_8.969214_SF_15m_current_ma20_distance_pct_gte_17.364729,(1h_current_return_pct >= 8.969 AND 15m_current_ma20_distance_pct >= 17.36),ast,and_pair
270,54,98.18,39.26,4.1274,2.9508,49.26,4.4938,3.2553,51.48,4.5785,2.8484,49.26,4.4613,1.9779,45.56,222.8805,-38.0914,7.6215,4.2039,1.4554,7.8561,SF_AND_SF_1h_current_return_pct_gte_8.969214_SF_15m_current_ma20_distance_pct_gte_26.750886,(1h_current_return_pct >= 8.969 AND 15m_current_ma20_distance_pct >= 26.75),ast,and_pair
270,54,98.18,39.26,4.1274,2.9508,49.26,4.4938,3.2553,51.48,4.5785,2.8484,49.26,4.4613,1.9779,45.56,222.8805,-38.0914,7.6215,4.2039,1.4554,7.8561,SF_AND_SF_1h_current_return_pct_gte_8.969214_SF_1h_current_ma20_distance_pct_gte_20.388471,(1h_current_return_pct >= 8.969 AND 1h_current_ma20_distance_pct >= 20.39),ast,and_pair
270,54,98.18,39.26,4.1274,2.9508,49.26,4.4938,3.2553,51.48,4.5785,2.8484,49.26,4.4613,1.9779,45.56,222.8805,-38.0914,7.6215,4.2039,1.4554,7.8561,SF_AND_SF_1h_current_return_pct_gte_8.969214_SF_1h_current_ma20_distance_pct_gte_35.705329,(1h_current_return_pct >= 8.969 AND 1h_current_ma20_distance_pct >= 35.71),ast,and_pair
270,54,98.18,39.26,4.1274,2.9508,49.26,4.4938,3.2553,51.48,4.5785,2.8484,49.26,4.4613,1.9779,45.56,222.8805,-38.0914,7.6215,4.2039,1.4554,7.8561,SF_AND_SF_1h_current_return_pct_gte_8.969214_SF_1h_current_ma20_distance_pct_gte_51.022186,(1h_current_return_pct >= 8.969 AND 1h_current_ma20_distance_pct >= 51.02),ast,and_pair
270,54,98.18,39.26,4.1274,2.9508,49.26,4.4938,3.2553,51.48,4.5785,2.8484,49.26,4.4613,1.9779,45.56,222.8805,-38.0914,7.6215,4.2039,1.4554,7.8561,SF_AND_SF_1h_current_return_pct_gte_8.969214_SF_2h_current_body_pct_gte_13.739943,(1h_current_return_pct >= 8.969 AND 2h_current_body_pct >= 13.74),ast,and_pair
270,54,98.18,39.26,4.1274,2.9508,49.26,4.4938,3.2553,51.48,4.5785,2.8484,49.26,4.4613,1.9779,45.56,222.8805,-38.0914,7.6215,4.2039,1.4554,7.8561,SF_AND_SF_1h_current_return_pct_gte_8.969214_SF_2h_current_body_pct_gte_20.609914,(1h_current_return_pct >= 8.969 AND 2h_current_body_pct >= 20.61),ast,and_pair
270,54,98.18,39.26,4.1274,2.9508,49.26,4.4938,3.2553,51.48,4.5785,2.8484,49.26,4.4613,1.9779,45.56,222.8805,-38.0914,7.6215,4.2039,1.4554,7.8561,SF_AND_SF_1h_current_return_pct_gte_8.969214_SF_2h_current_body_pct_gte_27.479886,(1h_current_return_pct >= 8.969 AND 2h_current_body_pct >= 27.48),ast,and_pair
270,54,98.18,39.26,4.1274,2.9508,49.26,4.4938,3.2553,51.48,4.5785,2.8484,49.26,4.4613,1.9779,45.56,222.8805,-38.0914,7.6215,4.2039,1.4554,7.8561,SF_AND_SF_1h_current_return_pct_gte_8.969214_SF_2h_current_range_pct_gte_14.964243,(1h_current_return_pct >= 8.969 AND 2h_current_range_pct >= 14.96),ast,and_pair
270,54,98.18,39.26,4.1274,2.9508,49.26,4.4938,3.2553,51.48,4.5785,2.8484,49.26,4.4613,1.9779,45.56,222.8805,-38.0914,7.6215,4.2039,1.4554,7.8561,SF_AND_SF_1h_current_return_pct_gte_8.969214_SF_2h_current_range_pct_gte_29.928486,(1h_current_return_pct >= 8.969 AND 2h_current_range_pct >= 29.93),ast,and_pair
270,54,98.18,39.26,4.1274,2.9508,49.26,4.4938,3.2553,51.48,4.5785,2.8484,49.26,4.4613,1.9779,45.56,222.8805,-38.0914,7.6215,4.2039,1.4554,7.8561,SF_AND_SF_1h_current_return_pct_gte_8.969214_SF_2h_current_range_pct_gte_44.892729,(1h_current_return_pct >= 8.969 AND 2h_current_range_pct >= 44.89),ast,and_pair
270,54,98.18,39.26,4.1274,2.9508,49.26,4.4938,3.2553,51.48,4.5785,2.8484,49.26,4.4613,1.9779,45.56,222.8805,-38.0914,7.6215,4.2039,1.4554,7.8561,SF_AND_SF_1h_current_return_pct_gte_8.969214_SF_2h_previous_body_pct_gte_27.479886,(1h_current_return_pct >= 8.969 AND 2h_previous_body_pct >= 27.48),ast,and_pair
270,54,98.18,39.26,4.1274,2.9508,49.26,4.4938,3.2553,51.48,4.5785,2.8484,49.26,4.4613,1.9779,45.56,222.8805,-38.0914,7.6215,4.2039,1.4554,7.8561,SF_AND_SF_1h_current_return_pct_gte_8.969214_SF_2h_previous_body_pct_gte_34.349857,(1h_current_return_pct >= 8.969 AND 2h_previous_body_pct >= 34.35),ast,and_pair
270,54,98.18,39.26,4.1274,2.9508,49.26,4.4938,3.2553,51.48,4.5785,2.8484,49.26,4.4613,1.9779,45.56,222.8805,-38.0914,7.6215,4.2039,1.4554,7.8561,SF_AND_SF_1h_current_return_pct_gte_8.969214_SF_2h_previous_ma20_distance_pct_gte_65.594714,(1h_current_return_pct >= 8.969 AND 2h_previous_ma20_distance_pct >= 65.59),ast,and_pair
270,54,98.18,39.26,4.1274,2.9508,49.26,4.4938,3.2553,51.48,4.5785,2.8484,49.26,4.4613,1.9779,45.56,222.8805,-38.0914,7.6215,4.2039,1.4554,7.8561,SF_AND_SF_1h_current_return_pct_gte_8.969214_SF_2h_previous_return_pct_gte_26.298514,(1h_current_return_pct >= 8.969 AND 2h_previous_return_pct >= 26.3),ast,and_pair
270,54,98.18,39.26,4.1274,2.9508,49.26,4.4938,3.2553,51.48,4.5785,2.8484,49.26,4.4613,1.9779,45.56,222.8805,-38.0914,7.6215,4.2039,1.4554,7.8561,SF_AND_SF_1h_current_return_pct_gte_8.969214_SF_30m_current_body_pct_gte_10.647286,(1h_current_return_pct >= 8.969 AND 30m_current_body_pct >= 10.65),ast,and_pair
270,54,98.18,39.26,4.1274,2.9508,49.26,4.4938,3.2553,51.48,4.5785,2.8484,49.26,4.4613,1.9779,45.56,222.8805,-38.0914,7.6215,4.2039,1.4554,7.8561,SF_AND_SF_1h_current_return_pct_gte_8.969214_SF_30m_current_body_pct_gte_15.970929,(1h_current_return_pct >= 8.969 AND 30m_current_body_pct >= 15.97),ast,and_pair
270,54,98.18,39.26,4.1274,2.9508,49.26,4.4938,3.2553,51.48,4.5785,2.8484,49.26,4.4613,1.9779,45.56,222.8805,-38.0914,7.6215,4.2039,1.4554,7.8561,SF_AND_SF_1h_current_return_pct_gte_8.969214_SF_30m_current_range_pct_gte_12.1684,(1h_current_return_pct >= 8.969 AND 30m_current_range_pct >= 12.17),ast,and_pair
270,54,98.18,39.26,4.1274,2.9508,49.26,4.4938,3.2553,51.48,4.5785,2.8484,49.26,4.4613,1.9779,45.56,222.8805,-38.0914,7.6215,4.2039,1.4554,7.8561,SF_AND_SF_1h_current_return_pct_gte_8.969214_SF_30m_current_range_pct_gte_22.8592,(1h_current_return_pct >= 8.969 AND 30m_current_range_pct >= 22.86),ast,and_pair
270,54,98.18,39.26,4.1274,2.9508,49.26,4.4938,3.2553,51.48,4.5785,2.8484,49.26,4.4613,1.9779,45.56,222.8805,-38.0914,7.6215,4.2039,1.4554,7.8561,SF_AND_SF_1h_current_return_pct_gte_8.969214_SF_30m_previous_ma20_distance_pct_gte_39.165157,(1h_current_return_pct >= 8.969 AND 30m_previous_ma20_distance_pct >= 39.17),ast,and_pair
270,54,98.18,39.26,4.1274,2.9508,49.26,4.4938,3.2553,51.48,4.5785,2.8484,49.26,4.4613,1.9779,45.56,222.8805,-38.0914,7.6215,4.2039,1.4554,7.8561,SF_AND_SF_1h_current_return_pct_gte_8.969214_SF_derived_range_expansion_gte_19.663914,(1h_current_return_pct >= 8.969 AND derived_range_expansion >= 19.66),ast,and_pair
270,54,98.18,39.26,4.1274,2.9508,49.26,4.4938,3.2553,51.48,4.5785,2.8484,49.26,4.4613,1.9779,45.56,222.8805,-38.0914,7.6215,4.2039,1.4554,7.8561,SF_AND_SF_1h_current_return_pct_gte_8.969214_SF_derived_range_expansion_gte_8.077786,(1h_current_return_pct >= 8.969 AND derived_range_expansion >= 8.078),ast,and_pair
270,54,98.18,39.26,4.1274,2.9508,49.26,4.4938,3.2553,51.48,4.5785,2.8484,49.26,4.4613,1.9779,45.56,222.8805,-38.0914,7.6215,4.2039,1.4554,7.8561,SF_AND_SF_1h_current_return_pct_gte_8.969214_SR_1h_current_range_pct_5m_compression_15262639999.999996,(1h_current_return_pct >= 8.969 AND 1h_current_range_pct/5m_compression >= 1.526e+10),ast,and_pair
270,54,98.18,39.26,4.1274,2.9508,49.26,4.4938,3.2553,51.48,4.5785,2.8484,49.26,4.4613,1.9779,45.56,222.8805,-38.0914,7.6215,4.2039,1.4554,7.8561,SF_AND_SF_1h_current_return_pct_gte_8.969214_SR_1h_current_range_pct_5m_compression_30525279999.999992,(1h_current_return_pct >= 8.969 AND 1h_current_range_pct/5m_compression >= 3.053e+10),ast,and_pair
270,54,98.18,39.26,4.1274,2.9508,49.26,4.4938,3.2553,51.48,4.5785,2.8484,49.26,4.4613,1.9779,45.56,222.8805,-38.0914,7.6215,4.2039,1.4554,7.8561,SF_AND_SF_2h_current_body_pct_gte_13.739943_SF_2h_previous_body_pct_gte_27.479886,(2h_current_body_pct >= 13.74 AND 2h_previous_body_pct >= 27.48),ast,and_pair
270,54,98.18,39.26,4.1274,2.9508,49.26,4.4938,3.2553,51.48,4.5785,2.8484,49.26,4.4613,1.9779,45.56,222.8805,-38.0914,7.6215,4.2039,1.4554,7.8561,SF_AND_SF_2h_current_body_pct_gte_13.739943_SF_2h_previous_return_pct_gte_26.298514,(2h_current_body_pct >= 13.74 AND 2h_previous_return_pct >= 26.3),ast,and_pair
270,54,98.18,39.26,4.1274,2.9508,49.26,4.4938,3.2553,51.48,4.5785,2.8484,49.26,4.4613,1.9779,45.56,222.8805,-38.0914,7.6215,4.2039,1.4554,7.8561,SF_AND_SF_2h_current_body_pct_gte_20.609914_SF_2h_previous_body_pct_gte_27.479886,(2h_current_body_pct >= 20.61 AND 2h_previous_body_pct >= 27.48),ast,and_pair
270,54,98.18,39.26,4.1274,2.9508,49.26,4.4938,3.2553,51.48,4.5785,2.8484,49.26,4.4613,1.9779,45.56,222.8805,-38.0914,7.6215,4.2039,1.4554,7.8561,SF_AND_SF_2h_current_body_pct_gte_20.609914_SF_2h_previous_body_pct_gte_34.349857,(2h_current_body_pct >= 20.61 AND 2h_previous_body_pct >= 34.35),ast,and_pair
270,54,98.18,39.26,4.1274,2.9508,49.26,4.4938,3.2553,51.48,4.5785,2.8484,49.26,4.4613,1.9779,45.56,222.8805,-38.0914,7.6215,4.2039,1.4554,7.8561,SF_AND_SF_2h_current_body_pct_gte_20.609914_SF_2h_previous_return_pct_gte_26.298514,(2h_current_body_pct >= 20.61 AND 2h_previous_return_pct >= 26.3),ast,and_pair
270,54,98.18,39.26,4.1274,2.9508,49.26,4.4938,3.2553,51.48,4.5785,2.8484,49.26,4.4613,1.9779,45.56,222.8805,-38.0914,7.6215,4.2039,1.4554,7.8561,SF_AND_SF_2h_current_body_pct_gte_27.479886_SD_2h_current_return_pct_1h_current_return_pct_gte_13.61786,(2h_current_body_pct >= 27.48 AND (2h_current_return_pct - 1h_current_return_pct) >= 13.62),ast,and_pair
270,54,98.18,39.26,4.1274,2.9508,49.26,4.4938,3.2553,51.48,4.5785,2.8484,49.26,4.4613,1.9779,45.56,222.8805,-38.0914,7.6215,4.2039,1.4554,7.8561,SF_AND_SF_2h_current_body_pct_gte_27.479886_SF_15m_current_ma20_distance_pct_gte_17.364729,(2h_current_body_pct >= 27.48 AND 15m_current_ma20_distance_pct >= 17.36),ast,and_pair
270,54,98.18,39.26,4.1274,2.9508,49.26,4.4938,3.2553,51.48,4.5785,2.8484,49.26,4.4613,1.9779,45.56,222.8805,-38.0914,7.6215,4.2039,1.4554,7.8561,SF_AND_SF_2h_current_body_pct_gte_27.479886_SF_15m_current_ma20_distance_pct_gte_26.750886,(2h_current_body_pct >= 27.48 AND 15m_current_ma20_distance_pct >= 26.75),ast,and_pair
270,54,98.18,39.26,4.1274,2.9508,49.26,4.4938,3.2553,51.48,4.5785,2.8484,49.26,4.4613,1.9779,45.56,222.8805,-38.0914,7.6215,4.2039,1.4554,7.8561,SF_AND_SF_2h_current_body_pct_gte_27.479886_SF_1h_current_ma20_distance_pct_gte_20.388471,(2h_current_body_pct >= 27.48 AND 1h_current_ma20_distance_pct >= 20.39),ast,and_pair
270,54,98.18,39.26,4.1274,2.9508,49.26,4.4938,3.2553,51.48,4.5785,2.8484,49.26,4.4613,1.9779,45.56,222.8805,-38.0914,7.6215,4.2039,1.4554,7.8561,SF_AND_SF_2h_current_body_pct_gte_27.479886_SF_1h_current_ma20_distance_pct_gte_35.705329,(2h_current_body_pct >= 27.48 AND 1h_current_ma20_distance_pct >= 35.71),ast,and_pair
270,54,98.18,39.26,4.1274,2.9508,49.26,4.4938,3.2553,51.48,4.5785,2.8484,49.26,4.4613,1.9779,45.56,222.8805,-38.0914,7.6215,4.2039,1.4554,7.8561,SF_AND_SF_2h_current_body_pct_gte_27.479886_SF_1h_current_ma20_distance_pct_gte_51.022186,(2h_current_body_pct >= 27.48 AND 1h_current_ma20_distance_pct >= 51.02),ast,and_pair
270,54,98.18,39.26,4.1274,2.9508,49.26,4.4938,3.2553,51.48,4.5785,2.8484,49.26,4.4613,1.9779,45.56,222.8805,-38.0914,7.6215,4.2039,1.4554,7.8561,SF_AND_SF_2h_current_body_pct_gte_27.479886_SF_2h_previous_body_pct_gte_27.479886,(2h_current_body_pct >= 27.48 AND 2h_previous_body_pct >= 27.48),ast,and_pair
270,54,98.18,39.26,4.1274,2.9508,49.26,4.4938,3.2553,51.48,4.5785,2.8484,49.26,4.4613,1.9779,45.56,222.8805,-38.0914,7.6215,4.2039,1.4554,7.8561,SF_AND_SF_2h_current_body_pct_gte_27.479886_SF_2h_previous_body_pct_gte_34.349857,(2h_current_body_pct >= 27.48 AND 2h_previous_body_pct >= 34.35),ast,and_pair
270,54,98.18,39.26,4.1274,2.9508,49.26,4.4938,3.2553,51.48,4.5785,2.8484,49.26,4.4613,1.9779,45.56,222.8805,-38.0914,7.6215,4.2039,1.4554,7.8561,SF_AND_SF_2h_current_body_pct_gte_27.479886_SF_2h_previous_return_pct_gte_26.298514,(2h_current_body_pct >= 27.48 AND 2h_previous_return_pct >= 26.3),ast,and_pair
270,54,98.18,39.26,4.1274,2.9508,49.26,4.4938,3.2553,51.48,4.5785,2.8484,49.26,4.4613,1.9779,45.56,222.8805,-38.0914,7.6215,4.2039,1.4554,7.8561,SF_AND_SF_2h_current_body_pct_gte_27.479886_SF_30m_previous_ma20_distance_pct_gte_39.165157,(2h_current_body_pct >= 27.48 AND 30m_previous_ma20_distance_pct >= 39.17),ast,and_pair
270,54,98.18,39.26,4.1274,2.9508,49.26,4.4938,3.2553,51.48,4.5785,2.8484,49.26,4.4613,1.9779,45.56,222.8805,-38.0914,7.6215,4.2039,1.4554,7.8561,SF_AND_SF_2h_current_range_pct_gte_29.928486_SD_2h_current_return_pct_1h_current_return_pct_gte_13.61786,(2h_current_range_pct >= 29.93 AND (2h_current_return_pct - 1h_current_return_pct) >= 13.62),ast,and_pair
270,54,98.18,39.26,4.1274,2.9508,49.26,4.4938,3.2553,51.48,4.5785,2.8484,49.26,4.4613,1.9779,45.56,222.8805,-38.0914,7.6215,4.2039,1.4554,7.8561,SF_AND_SF_2h_current_range_pct_gte_29.928486_SF_15m_current_ma20_distance_pct_gte_17.364729,(2h_current_range_pct >= 29.93 AND 15m_current_ma20_distance_pct >= 17.36),ast,and_pair
270,54,98.18,39.26,4.1274,2.9508,49.26,4.4938,3.2553,51.48,4.5785,2.8484,49.26,4.4613,1.9779,45.56,222.8805,-38.0914,7.6215,4.2039,1.4554,7.8561,SF_AND_SF_2h_current_range_pct_gte_29.928486_SF_1h_current_ma20_distance_pct_gte_20.388471,(2h_current_range_pct >= 29.93 AND 1h_current_ma20_distance_pct >= 20.39),ast,and_pair
270,54,98.18,39.26,4.1274,2.9508,49.26,4.4938,3.2553,51.48,4.5785,2.8484,49.26,4.4613,1.9779,45.56,222.8805,-38.0914,7.6215,4.2039,1.4554,7.8561,SF_AND_SF_2h_current_range_pct_gte_29.928486_SF_2h_previous_return_pct_gte_26.298514,(2h_current_range_pct >= 29.93 AND 2h_previous_return_pct >= 26.3),ast,and_pair
270,54,98.18,39.26,4.1274,2.9508,49.26,4.4938,3.2553,51.48,4.5785,2.8484,49.26,4.4613,1.9779,45.56,222.8805,-38.0914,7.6215,4.2039,1.4554,7.8561,SF_AND_SF_2h_current_range_pct_gte_29.928486_SF_30m_previous_ma20_distance_pct_gte_39.165157,(2h_current_range_pct >= 29.93 AND 30m_previous_ma20_distance_pct >= 39.17),ast,and_pair
270,54,98.18,39.26,4.1274,2.9508,49.26,4.4938,3.2553,51.48,4.5785,2.8484,49.26,4.4613,1.9779,45.56,222.8805,-38.0914,7.6215,4.2039,1.4554,7.8561,SF_AND_SF_2h_current_range_pct_gte_44.892729_SD_1h_current_body_pct_1h_previous_body_pct_gte_18.78308,(2h_current_range_pct >= 44.89 AND (1h_current_body_pct - 1h_previous_body_pct) >= 18.78),ast,and_pair
270,54,98.18,39.26,4.1274,2.9508,49.26,4.4938,3.2553,51.48,4.5785,2.8484,49.26,4.4613,1.9779,45.56,222.8805,-38.0914,7.6215,4.2039,1.4554,7.8561,SF_AND_SF_2h_current_range_pct_gte_44.892729_SD_2h_current_return_pct_1h_current_return_pct_gte_13.61786,(2h_current_range_pct >= 44.89 AND (2h_current_return_pct - 1h_current_return_pct) >= 13.62),ast,and_pair
270,54,98.18,39.26,4.1274,2.9508,49.26,4.4938,3.2553,51.48,4.5785,2.8484,49.26,4.4613,1.9779,45.56,222.8805,-38.0914,7.6215,4.2039,1.4554,7.8561,SF_AND_SF_2h_current_range_pct_gte_44.892729_SF_15m_current_ma20_distance_pct_gte_17.364729,(2h_current_range_pct >= 44.89 AND 15m_current_ma20_distance_pct >= 17.36),ast,and_pair
270,54,98.18,39.26,4.1274,2.9508,49.26,4.4938,3.2553,51.48,4.5785,2.8484,49.26,4.4613,1.9779,45.56,222.8805,-38.0914,7.6215,4.2039,1.4554,7.8561,SF_AND_SF_2h_current_range_pct_gte_44.892729_SF_1h_current_ma20_distance_pct_gte_20.388471,(2h_current_range_pct >= 44.89 AND 1h_current_ma20_distance_pct >= 20.39),ast,and_pair
270,54,98.18,39.26,4.1274,2.9508,49.26,4.4938,3.2553,51.48,4.5785,2.8484,49.26,4.4613,1.9779,45.56,222.8805,-38.0914,7.6215,4.2039,1.4554,7.8561,SF_AND_SF_2h_current_range_pct_gte_44.892729_SF_2h_previous_body_pct_gte_27.479886,(2h_current_range_pct >= 44.89 AND 2h_previous_body_pct >= 27.48),ast,and_pair
270,54,98.18,39.26,4.1274,2.9508,49.26,4.4938,3.2553,51.48,4.5785,2.8484,49.26,4.4613,1.9779,45.56,222.8805,-38.0914,7.6215,4.2039,1.4554,7.8561,SF_AND_SF_2h_current_range_pct_gte_44.892729_SF_2h_previous_return_pct_gte_26.298514,(2h_current_range_pct >= 44.89 AND 2h_previous_return_pct >= 26.3),ast,and_pair
270,54,98.18,39.26,4.1274,2.9508,49.26,4.4938,3.2553,51.48,4.5785,2.8484,49.26,4.4613,1.9779,45.56,222.8805,-38.0914,7.6215,4.2039,1.4554,7.8561,SF_AND_SF_2h_current_range_pct_gte_44.892729_SF_30m_previous_ma20_distance_pct_gte_39.165157,(2h_current_range_pct >= 44.89 AND 30m_previous_ma20_distance_pct >= 39.17),ast,and_pair
270,54,98.18,39.26,4.1274,2.9508,49.26,4.4938,3.2553,51.48,4.5785,2.8484,49.26,4.4613,1.9779,45.56,222.8805,-38.0914,7.6215,4.2039,1.4554,7.8561,SF_AND_SF_2h_previous_body_pct_gte_27.479886_SD_1h_current_return_pct_15m_current_return_pct_lte_-12.62842,(2h_previous_body_pct >= 27.48 AND (1h_current_return_pct - 15m_current_return_pct) <= -12.63),ast,and_pair
270,54,98.18,39.26,4.1274,2.9508,49.26,4.4938,3.2553,51.48,4.5785,2.8484,49.26,4.4613,1.9779,45.56,222.8805,-38.0914,7.6215,4.2039,1.4554,7.8561,SF_AND_SF_2h_previous_body_pct_gte_27.479886_SR_1h_current_range_pct_5m_compression_30525279999.999992,(2h_previous_body_pct >= 27.48 AND 1h_current_range_pct/5m_compression >= 3.053e+10),ast,and_pair
270,54,98.18,39.26,4.1274,2.9508,49.26,4.4938,3.2553,51.48,4.5785,2.8484,49.26,4.4613,1.9779,45.56,222.8805,-38.0914,7.6215,4.2039,1.4554,7.8561,SF_AND_SF_2h_previous_body_pct_gte_34.349857_SD_1h_current_body_pct_1h_previous_body_pct_gte_18.78308,(2h_previous_body_pct >= 34.35 AND (1h_current_body_pct - 1h_previous_body_pct) >= 18.78),ast,and_pair
270,54,98.18,39.26,4.1274,2.9508,49.26,4.4938,3.2553,51.48,4.5785,2.8484,49.26,4.4613,1.9779,45.56,222.8805,-38.0914,7.6215,4.2039,1.4554,7.8561,SF_AND_SF_2h_previous_body_pct_gte_34.349857_SD_1h_current_range_pct_1h_previous_range_pct_gte_5.76056,(2h_previous_body_pct >= 34.35 AND (1h_current_range_pct - 1h_previous_range_pct) >= 5.761),ast,and_pair
270,54,98.18,39.26,4.1274,2.9508,49.26,4.4938,3.2553,51.48,4.5785,2.8484,49.26,4.4613,1.9779,45.56,222.8805,-38.0914,7.6215,4.2039,1.4554,7.8561,SF_AND_SF_2h_previous_body_pct_gte_34.349857_SD_1h_current_return_pct_15m_current_return_pct_lte_-12.62842,(2h_previous_body_pct >= 34.35 AND (1h_current_return_pct - 15m_current_return_pct) <= -12.63),ast,and_pair
270,54,98.18,39.26,4.1274,2.9508,49.26,4.4938,3.2553,51.48,4.5785,2.8484,49.26,4.4613,1.9779,45.56,222.8805,-38.0914,7.6215,4.2039,1.4554,7.8561,SF_AND_SF_2h_previous_body_pct_gte_34.349857_SD_2h_current_return_pct_1h_current_return_pct_gte_13.61786,(2h_previous_body_pct >= 34.35 AND (2h_current_return_pct - 1h_current_return_pct) >= 13.62),ast,and_pair
270,54,98.18,39.26,4.1274,2.9508,49.26,4.4938,3.2553,51.48,4.5785,2.8484,49.26,4.4613,1.9779,45.56,222.8805,-38.0914,7.6215,4.2039,1.4554,7.8561,SF_AND_SF_2h_previous_body_pct_gte_34.349857_SF_15m_current_body_pct_gte_13.6371,(2h_previous_body_pct >= 34.35 AND 15m_current_body_pct >= 13.64),ast,and_pair
270,54,98.18,39.26,4.1274,2.9508,49.26,4.4938,3.2553,51.48,4.5785,2.8484,49.26,4.4613,1.9779,45.56,222.8805,-38.0914,7.6215,4.2039,1.4554,7.8561,SF_AND_SF_2h_previous_body_pct_gte_34.349857_SF_15m_current_body_pct_gte_9.0914,(2h_previous_body_pct >= 34.35 AND 15m_current_body_pct >= 9.091),ast,and_pair
270,54,98.18,39.26,4.1274,2.9508,49.26,4.4938,3.2553,51.48,4.5785,2.8484,49.26,4.4613,1.9779,45.56,222.8805,-38.0914,7.6215,4.2039,1.4554,7.8561,SF_AND_SF_2h_previous_body_pct_gte_34.349857_SF_15m_current_ma20_distance_pct_gte_17.364729,(2h_previous_body_pct >= 34.35 AND 15m_current_ma20_distance_pct >= 17.36),ast,and_pair
270,54,98.18,39.26,4.1274,2.9508,49.26,4.4938,3.2553,51.48,4.5785,2.8484,49.26,4.4613,1.9779,45.56,222.8805,-38.0914,7.6215,4.2039,1.4554,7.8561,SF_AND_SF_2h_previous_body_pct_gte_34.349857_SF_1h_current_ma20_distance_pct_gte_20.388471,(2h_previous_body_pct >= 34.35 AND 1h_current_ma20_distance_pct >= 20.39),ast,and_pair
270,54,98.18,39.26,4.1274,2.9508,49.26,4.4938,3.2553,51.48,4.5785,2.8484,49.26,4.4613,1.9779,45.56,222.8805,-38.0914,7.6215,4.2039,1.4554,7.8561,SF_AND_SF_2h_previous_body_pct_gte_34.349857_SF_2h_current_body_pct_gte_13.739943,(2h_previous_body_pct >= 34.35 AND 2h_current_body_pct >= 13.74),ast,and_pair
270,54,98.18,39.26,4.1274,2.9508,49.26,4.4938,3.2553,51.48,4.5785,2.8484,49.26,4.4613,1.9779,45.56,222.8805,-38.0914,7.6215,4.2039,1.4554,7.8561,SF_AND_SF_2h_previous_body_pct_gte_34.349857_SF_2h_current_range_pct_gte_14.964243,(2h_previous_body_pct >= 34.35 AND 2h_current_range_pct >= 14.96),ast,and_pair
270,54,98.18,39.26,4.1274,2.9508,49.26,4.4938,3.2553,51.48,4.5785,2.8484,49.26,4.4613,1.9779,45.56,222.8805,-38.0914,7.6215,4.2039,1.4554,7.8561,SF_AND_SF_2h_previous_body_pct_gte_34.349857_SF_2h_current_range_pct_gte_29.928486,(2h_previous_body_pct >= 34.35 AND 2h_current_range_pct >= 29.93),ast,and_pair
270,54,98.18,39.26,4.1274,2.9508,49.26,4.4938,3.2553,51.48,4.5785,2.8484,49.26,4.4613,1.9779,45.56,222.8805,-38.0914,7.6215,4.2039,1.4554,7.8561,SF_AND_SF_2h_previous_body_pct_gte_34.349857_SF_2h_current_range_pct_gte_44.892729,(2h_previous_body_pct >= 34.35 AND 2h_current_range_pct >= 44.89),ast,and_pair
270,54,98.18,39.26,4.1274,2.9508,49.26,4.4938,3.2553,51.48,4.5785,2.8484,49.26,4.4613,1.9779,45.56,222.8805,-38.0914,7.6215,4.2039,1.4554,7.8561,SF_AND_SF_2h_previous_body_pct_gte_34.349857_SF_2h_previous_body_pct_gte_27.479886,(2h_previous_body_pct >= 34.35 AND 2h_previous_body_pct >= 27.48),ast,and_pair
270,54,98.18,39.26,4.1274,2.9508,49.26,4.4938,3.2553,51.48,4.5785,2.8484,49.26,4.4613,1.9779,45.56,222.8805,-38.0914,7.6215,4.2039,1.4554,7.8561,SF_AND_SF_2h_previous_body_pct_gte_34.349857_SF_2h_previous_ma20_distance_pct_gte_65.594714,(2h_previous_body_pct >= 34.35 AND 2h_previous_ma20_distance_pct >= 65.59),ast,and_pair
270,54,98.18,39.26,4.1274,2.9508,49.26,4.4938,3.2553,51.48,4.5785,2.8484,49.26,4.4613,1.9779,45.56,222.8805,-38.0914,7.6215,4.2039,1.4554,7.8561,SF_AND_SF_2h_previous_body_pct_gte_34.349857_SF_2h_previous_return_pct_gte_26.298514,(2h_previous_body_pct >= 34.35 AND 2h_previous_return_pct >= 26.3),ast,and_pair
270,54,98.18,39.26,4.1274,2.9508,49.26,4.4938,3.2553,51.48,4.5785,2.8484,49.26,4.4613,1.9779,45.56,222.8805,-38.0914,7.6215,4.2039,1.4554,7.8561,SF_AND_SF_2h_previous_body_pct_gte_34.349857_SF_30m_current_body_pct_gte_10.647286,(2h_previous_body_pct >= 34.35 AND 30m_current_body_pct >= 10.65),ast,and_pair
270,54,98.18,39.26,4.1274,2.9508,49.26,4.4938,3.2553,51.48,4.5785,2.8484,49.26,4.4613,1.9779,45.56,222.8805,-38.0914,7.6215,4.2039,1.4554,7.8561,SF_AND_SF_2h_previous_body_pct_gte_34.349857_SF_30m_current_body_pct_gte_15.970929,(2h_previous_body_pct >= 34.35 AND 30m_current_body_pct >= 15.97),ast,and_pair
270,54,98.18,39.26,4.1274,2.9508,49.26,4.4938,3.2553,51.48,4.5785,2.8484,49.26,4.4613,1.9779,45.56,222.8805,-38.0914,7.6215,4.2039,1.4554,7.8561,SF_AND_SF_2h_previous_body_pct_gte_34.349857_SF_30m_current_range_pct_gte_12.1684,(2h_previous_body_pct >= 34.35 AND 30m_current_range_pct >= 12.17),ast,and_pair
270,54,98.18,39.26,4.1274,2.9508,49.26,4.4938,3.2553,51.48,4.5785,2.8484,49.26,4.4613,1.9779,45.56,222.8805,-38.0914,7.6215,4.2039,1.4554,7.8561,SF_AND_SF_2h_previous_body_pct_gte_34.349857_SF_30m_current_range_pct_gte_22.8592,(2h_previous_body_pct >= 34.35 AND 30m_current_range_pct >= 22.86),ast,and_pair
270,54,98.18,39.26,4.1274,2.9508,49.26,4.4938,3.2553,51.48,4.5785,2.8484,49.26,4.4613,1.9779,45.56,222.8805,-38.0914,7.6215,4.2039,1.4554,7.8561,SF_AND_SF_2h_previous_body_pct_gte_34.349857_SF_30m_previous_ma20_distance_pct_gte_39.165157,(2h_previous_body_pct >= 34.35 AND 30m_previous_ma20_distance_pct >= 39.17),ast,and_pair
270,54,98.18,39.26,4.1274,2.9508,49.26,4.4938,3.2553,51.48,4.5785,2.8484,49.26,4.4613,1.9779,45.56,222.8805,-38.0914,7.6215,4.2039,1.4554,7.8561,SF_AND_SF_2h_previous_body_pct_gte_34.349857_SF_derived_range_expansion_gte_19.663914,(2h_previous_body_pct >= 34.35 AND derived_range_expansion >= 19.66),ast,and_pair
270,54,98.18,39.26,4.1274,2.9508,49.26,4.4938,3.2553,51.48,4.5785,2.8484,49.26,4.4613,1.9779,45.56,222.8805,-38.0914,7.6215,4.2039,1.4554,7.8561,SF_AND_SF_2h_previous_body_pct_gte_34.349857_SF_derived_range_expansion_gte_8.077786,(2h_previous_body_pct >= 34.35 AND derived_range_expansion >= 8.078),ast,and_pair
270,54,98.18,39.26,4.1274,2.9508,49.26,4.4938,3.2553,51.48,4.5785,2.8484,49.26,4.4613,1.9779,45.56,222.8805,-38.0914,7.6215,4.2039,1.4554,7.8561,SF_AND_SF_2h_previous_body_pct_gte_34.349857_SR_1h_current_range_pct_5m_compression_15262639999.999996,(2h_previous_body_pct >= 34.35 AND 1h_current_range_pct/5m_compression >= 1.526e+10),ast,and_pair
270,54,98.18,39.26,4.1274,2.9508,49.26,4.4938,3.2553,51.48,4.5785,2.8484,49.26,4.4613,1.9779,45.56,222.8805,-38.0914,7.6215,4.2039,1.4554,7.8561,SF_AND_SF_2h_previous_body_pct_gte_34.349857_SR_1h_current_range_pct_5m_compression_30525279999.999992,(2h_previous_body_pct >= 34.35 AND 1h_current_range_pct/5m_compression >= 3.053e+10),ast,and_pair
270,54,98.18,39.26,4.1274,2.9508,49.26,4.4938,3.2553,51.48,4.5785,2.8484,49.26,4.4613,1.9779,45.56,222.8805,-38.0914,7.6215,4.2039,1.4554,7.8561,SF_AND_SF_2h_previous_ma20_distance_pct_gte_65.594714_SD_2h_current_return_pct_1h_current_return_pct_gte_13.61786,(2h_previous_ma20_distance_pct >= 65.59 AND (2h_current_return_pct - 1h_current_return_pct) >= 13.62),ast,and_pair
270,54,98.18,39.26,4.1274,2.9508,49.26,4.4938,3.2553,51.48,4.5785,2.8484,49.26,4.4613,1.9779,45.56,222.8805,-38.0914,7.6215,4.2039,1.4554,7.8561,SF_AND_SF_2h_previous_ma20_distance_pct_gte_65.594714_SF_15m_current_ma20_distance_pct_gte_17.364729,(2h_previous_ma20_distance_pct >= 65.59 AND 15m_current_ma20_distance_pct >= 17.36),ast,and_pair
270,54,98.18,39.26,4.1274,2.9508,49.26,4.4938,3.2553,51.48,4.5785,2.8484,49.26,4.4613,1.9779,45.56,222.8805,-38.0914,7.6215,4.2039,1.4554,7.8561,SF_AND_SF_2h_previous_ma20_distance_pct_gte_65.594714_SF_2h_previous_body_pct_gte_27.479886,(2h_previous_ma20_distance_pct >= 65.59 AND 2h_previous_body_pct >= 27.48),ast,and_pair
270,54,98.18,39.26,4.1274,2.9508,49.26,4.4938,3.2553,51.48,4.5785,2.8484,49.26,4.4613,1.9779,45.56,222.8805,-38.0914,7.6215,4.2039,1.4554,7.8561,SF_AND_SF_2h_previous_ma20_distance_pct_gte_65.594714_SF_2h_previous_return_pct_gte_26.298514,(2h_previous_ma20_distance_pct >= 65.59 AND 2h_previous_return_pct >= 26.3),ast,and_pair
270,54,98.18,39.26,4.1274,2.9508,49.26,4.4938,3.2553,51.48,4.5785,2.8484,49.26,4.4613,1.9779,45.56,222.8805,-38.0914,7.6215,4.2039,1.4554,7.8561,SF_AND_SF_2h_previous_ma20_distance_pct_gte_65.594714_SF_30m_previous_ma20_distance_pct_gte_39.165157,(2h_previous_ma20_distance_pct >= 65.59 AND 30m_previous_ma20_distance_pct >= 39.17),ast,and_pair
270,54,98.18,39.26,4.1274,2.9508,49.26,4.4938,3.2553,51.48,4.5785,2.8484,49.26,4.4613,1.9779,45.56,222.8805,-38.0914,7.6215,4.2039,1.4554,7.8561,SF_AND_SF_2h_previous_return_pct_gte_26.298514_SD_1h_current_range_pct_1h_previous_range_pct_gte_5.76056,(2h_previous_return_pct >= 26.3 AND (1h_current_range_pct - 1h_previous_range_pct) >= 5.761),ast,and_pair
270,54,98.18,39.26,4.1274,2.9508,49.26,4.4938,3.2553,51.48,4.5785,2.8484,49.26,4.4613,1.9779,45.56,222.8805,-38.0914,7.6215,4.2039,1.4554,7.8561,SF_AND_SF_2h_previous_return_pct_gte_26.298514_SD_1h_current_return_pct_15m_current_return_pct_lte_-12.62842,(2h_previous_return_pct >= 26.3 AND (1h_current_return_pct - 15m_current_return_pct) <= -12.63),ast,and_pair
270,54,98.18,39.26,4.1274,2.9508,49.26,4.4938,3.2553,51.48,4.5785,2.8484,49.26,4.4613,1.9779,45.56,222.8805,-38.0914,7.6215,4.2039,1.4554,7.8561,SF_AND_SF_2h_previous_return_pct_gte_26.298514_SF_15m_current_body_pct_gte_9.0914,(2h_previous_return_pct >= 26.3 AND 15m_current_body_pct >= 9.091),ast,and_pair
270,54,98.18,39.26,4.1274,2.9508,49.26,4.4938,3.2553,51.48,4.5785,2.8484,49.26,4.4613,1.9779,45.56,222.8805,-38.0914,7.6215,4.2039,1.4554,7.8561,SF_AND_SF_2h_previous_return_pct_gte_26.298514_SR_1h_current_range_pct_5m_compression_30525279999.999992,(2h_previous_return_pct >= 26.3 AND 1h_current_range_pct/5m_compression >= 3.053e+10),ast,and_pair
270,54,98.18,39.26,4.1274,2.9508,49.26,4.4938,3.2553,51.48,4.5785,2.8484,49.26,4.4613,1.9779,45.56,222.8805,-38.0914,7.6215,4.2039,1.4554,7.8561,SF_AND_SF_30m_current_body_pct_gte_10.647286_SD_2h_current_return_pct_1h_current_return_pct_gte_13.61786,(30m_current_body_pct >= 10.65 AND (2h_current_return_pct - 1h_current_return_pct) >= 13.62),ast,and_pair
270,54,98.18,39.26,4.1274,2.9508,49.26,4.4938,3.2553,51.48,4.5785,2.8484,49.26,4.4613,1.9779,45.56,222.8805,-38.0914,7.6215,4.2039,1.4554,7.8561,SF_AND_SF_30m_current_body_pct_gte_10.647286_SF_2h_previous_body_pct_gte_27.479886,(30m_current_body_pct >= 10.65 AND 2h_previous_body_pct >= 27.48),ast,and_pair
270,54,98.18,39.26,4.1274,2.9508,49.26,4.4938,3.2553,51.48,4.5785,2.8484,49.26,4.4613,1.9779,45.56,222.8805,-38.0914,7.6215,4.2039,1.4554,7.8561,SF_AND_SF_30m_current_body_pct_gte_10.647286_SF_2h_previous_return_pct_gte_26.298514,(30m_current_body_pct >= 10.65 AND 2h_previous_return_pct >= 26.3),ast,and_pair
270,54,98.18,39.26,4.1274,2.9508,49.26,4.4938,3.2553,51.48,4.5785,2.8484,49.26,4.4613,1.9779,45.56,222.8805,-38.0914,7.6215,4.2039,1.4554,7.8561,SF_AND_SF_30m_current_body_pct_gte_10.647286_SF_30m_previous_ma20_distance_pct_gte_39.165157,(30m_current_body_pct >= 10.65 AND 30m_previous_ma20_distance_pct >= 39.17),ast,and_pair
270,54,98.18,39.26,4.1274,2.9508,49.26,4.4938,3.2553,51.48,4.5785,2.8484,49.26,4.4613,1.9779,45.56,222.8805,-38.0914,7.6215,4.2039,1.4554,7.8561,SF_AND_SF_30m_current_body_pct_gte_15.970929_SD_2h_current_return_pct_1h_current_return_pct_gte_13.61786,(30m_current_body_pct >= 15.97 AND (2h_current_return_pct - 1h_current_return_pct) >= 13.62),ast,and_pair
270,54,98.18,39.26,4.1274,2.9508,49.26,4.4938,3.2553,51.48,4.5785,2.8484,49.26,4.4613,1.9779,45.56,222.8805,-38.0914,7.6215,4.2039,1.4554,7.8561,SF_AND_SF_30m_current_body_pct_gte_15.970929_SF_15m_current_ma20_distance_pct_gte_17.364729,(30m_current_body_pct >= 15.97 AND 15m_current_ma20_distance_pct >= 17.36),ast,and_pair
270,54,98.18,39.26,4.1274,2.9508,49.26,4.4938,3.2553,51.48,4.5785,2.8484,49.26,4.4613,1.9779,45.56,222.8805,-38.0914,7.6215,4.2039,1.4554,7.8561,SF_AND_SF_30m_current_body_pct_gte_15.970929_SF_1h_current_ma20_distance_pct_gte_20.388471,(30m_current_body_pct >= 15.97 AND 1h_current_ma20_distance_pct >= 20.39),ast,and_pair
270,54,98.18,39.26,4.1274,2.9508,49.26,4.4938,3.2553,51.48,4.5785,2.8484,49.26,4.4613,1.9779,45.56,222.8805,-38.0914,7.6215,4.2039,1.4554,7.8561,SF_AND_SF_30m_current_body_pct_gte_15.970929_SF_2h_previous_body_pct_gte_27.479886,(30m_current_body_pct >= 15.97 AND 2h_previous_body_pct >= 27.48),ast,and_pair
270,54,98.18,39.26,4.1274,2.9508,49.26,4.4938,3.2553,51.48,4.5785,2.8484,49.26,4.4613,1.9779,45.56,222.8805,-38.0914,7.6215,4.2039,1.4554,7.8561,SF_AND_SF_30m_current_body_pct_gte_15.970929_SF_2h_previous_return_pct_gte_26.298514,(30m_current_body_pct >= 15.97 AND 2h_previous_return_pct >= 26.3),ast,and_pair
270,54,98.18,39.26,4.1274,2.9508,49.26,4.4938,3.2553,51.48,4.5785,2.8484,49.26,4.4613,1.9779,45.56,222.8805,-38.0914,7.6215,4.2039,1.4554,7.8561,SF_AND_SF_30m_current_body_pct_gte_15.970929_SF_30m_previous_ma20_distance_pct_gte_39.165157,(30m_current_body_pct >= 15.97 AND 30m_previous_ma20_distance_pct >= 39.17),ast,and_pair
270,54,98.18,39.26,4.1274,2.9508,49.26,4.4938,3.2553,51.48,4.5785,2.8484,49.26,4.4613,1.9779,45.56,222.8805,-38.0914,7.6215,4.2039,1.4554,7.8561,SF_AND_SF_30m_current_range_pct_gte_12.1684_SF_2h_previous_return_pct_gte_26.298514,(30m_current_range_pct >= 12.17 AND 2h_previous_return_pct >= 26.3),ast,and_pair
270,54,98.18,39.26,4.1274,2.9508,49.26,4.4938,3.2553,51.48,4.5785,2.8484,49.26,4.4613,1.9779,45.56,222.8805,-38.0914,7.6215,4.2039,1.4554,7.8561,SF_AND_SF_30m_current_range_pct_gte_12.1684_SF_30m_previous_ma20_distance_pct_gte_39.165157,(30m_current_range_pct >= 12.17 AND 30m_previous_ma20_distance_pct >= 39.17),ast,and_pair
270,54,98.18,39.26,4.1274,2.9508,49.26,4.4938,3.2553,51.48,4.5785,2.8484,49.26,4.4613,1.9779,45.56,222.8805,-38.0914,7.6215,4.2039,1.4554,7.8561,SF_AND_SF_30m_current_range_pct_gte_22.8592_SD_2h_current_return_pct_1h_current_return_pct_gte_13.61786,(30m_current_range_pct >= 22.86 AND (2h_current_return_pct - 1h_current_return_pct) >= 13.62),ast,and_pair
270,54,98.18,39.26,4.1274,2.9508,49.26,4.4938,3.2553,51.48,4.5785,2.8484,49.26,4.4613,1.9779,45.56,222.8805,-38.0914,7.6215,4.2039,1.4554,7.8561,SF_AND_SF_30m_current_range_pct_gte_22.8592_SF_15m_current_ma20_distance_pct_gte_17.364729,(30m_current_range_pct >= 22.86 AND 15m_current_ma20_distance_pct >= 17.36),ast,and_pair
270,54,98.18,39.26,4.1274,2.9508,49.26,4.4938,3.2553,51.48,4.5785,2.8484,49.26,4.4613,1.9779,45.56,222.8805,-38.0914,7.6215,4.2039,1.4554,7.8561,SF_AND_SF_30m_current_range_pct_gte_22.8592_SF_1h_current_ma20_distance_pct_gte_20.388471,(30m_current_range_pct >= 22.86 AND 1h_current_ma20_distance_pct >= 20.39),ast,and_pair
270,54,98.18,39.26,4.1274,2.9508,49.26,4.4938,3.2553,51.48,4.5785,2.8484,49.26,4.4613,1.9779,45.56,222.8805,-38.0914,7.6215,4.2039,1.4554,7.8561,SF_AND_SF_30m_current_range_pct_gte_22.8592_SF_2h_previous_body_pct_gte_27.479886,(30m_current_range_pct >= 22.86 AND 2h_previous_body_pct >= 27.48),ast,and_pair
270,54,98.18,39.26,4.1274,2.9508,49.26,4.4938,3.2553,51.48,4.5785,2.8484,49.26,4.4613,1.9779,45.56,222.8805,-38.0914,7.6215,4.2039,1.4554,7.8561,SF_AND_SF_30m_current_range_pct_gte_22.8592_SF_2h_previous_return_pct_gte_26.298514,(30m_current_range_pct >= 22.86 AND 2h_previous_return_pct >= 26.3),ast,and_pair
270,54,98.18,39.26,4.1274,2.9508,49.26,4.4938,3.2553,51.48,4.5785,2.8484,49.26,4.4613,1.9779,45.56,222.8805,-38.0914,7.6215,4.2039,1.4554,7.8561,SF_AND_SF_30m_current_range_pct_gte_22.8592_SF_30m_previous_ma20_distance_pct_gte_39.165157,(30m_current_range_pct >= 22.86 AND 30m_previous_ma20_distance_pct >= 39.17),ast,and_pair
270,54,98.18,39.26,4.1274,2.9508,49.26,4.4938,3.2553,51.48,4.5785,2.8484,49.26,4.4613,1.9779,45.56,222.8805,-38.0914,7.6215,4.2039,1.4554,7.8561,SF_AND_SF_30m_previous_ma20_distance_pct_gte_39.165157_SD_1h_current_body_pct_1h_previous_body_pct_gte_18.78308,(30m_previous_ma20_distance_pct >= 39.17 AND (1h_current_body_pct - 1h_previous_body_pct) >= 18.78),ast,and_pair
270,54,98.18,39.26,4.1274,2.9508,49.26,4.4938,3.2553,51.48,4.5785,2.8484,49.26,4.4613,1.9779,45.56,222.8805,-38.0914,7.6215,4.2039,1.4554,7.8561,SF_AND_SF_30m_previous_ma20_distance_pct_gte_39.165157_SD_1h_current_range_pct_1h_previous_range_pct_gte_5.76056,(30m_previous_ma20_distance_pct >= 39.17 AND (1h_current_range_pct - 1h_previous_range_pct) >= 5.761),ast,and_pair
270,54,98.18,39.26,4.1274,2.9508,49.26,4.4938,3.2553,51.48,4.5785,2.8484,49.26,4.4613,1.9779,45.56,222.8805,-38.0914,7.6215,4.2039,1.4554,7.8561,SF_AND_SF_30m_previous_ma20_distance_pct_gte_39.165157_SD_1h_current_return_pct_15m_current_return_pct_lte_-12.62842,(30m_previous_ma20_distance_pct >= 39.17 AND (1h_current_return_pct - 15m_current_return_pct) <= -12.63),ast,and_pair
270,54,98.18,39.26,4.1274,2.9508,49.26,4.4938,3.2553,51.48,4.5785,2.8484,49.26,4.4613,1.9779,45.56,222.8805,-38.0914,7.6215,4.2039,1.4554,7.8561,SF_AND_SF_30m_previous_ma20_distance_pct_gte_39.165157_SF_15m_current_body_pct_gte_9.0914,(30m_previous_ma20_distance_pct >= 39.17 AND 15m_current_body_pct >= 9.091),ast,and_pair
270,54,98.18,39.26,4.1274,2.9508,49.26,4.4938,3.2553,51.48,4.5785,2.8484,49.26,4.4613,1.9779,45.56,222.8805,-38.0914,7.6215,4.2039,1.4554,7.8561,SF_AND_SF_30m_previous_ma20_distance_pct_gte_39.165157_SF_2h_previous_body_pct_gte_27.479886,(30m_previous_ma20_distance_pct >= 39.17 AND 2h_previous_body_pct >= 27.48),ast,and_pair
270,54,98.18,39.26,4.1274,2.9508,49.26,4.4938,3.2553,51.48,4.5785,2.8484,49.26,4.4613,1.9779,45.56,222.8805,-38.0914,7.6215,4.2039,1.4554,7.8561,SF_AND_SF_30m_previous_ma20_distance_pct_gte_39.165157_SF_2h_previous_return_pct_gte_26.298514,(30m_previous_ma20_distance_pct >= 39.17 AND 2h_previous_return_pct >= 26.3),ast,and_pair
270,54,98.18,39.26,4.1274,2.9508,49.26,4.4938,3.2553,51.48,4.5785,2.8484,49.26,4.4613,1.9779,45.56,222.8805,-38.0914,7.6215,4.2039,1.4554,7.8561,SF_AND_SF_30m_previous_ma20_distance_pct_gte_39.165157_SR_1h_current_range_pct_5m_compression_30525279999.999992,(30m_previous_ma20_distance_pct >= 39.17 AND 1h_current_range_pct/5m_compression >= 3.053e+10),ast,and_pair
270,54,98.18,39.26,4.1274,2.9508,49.26,4.4938,3.2553,51.48,4.5785,2.8484,49.26,4.4613,1.9779,45.56,222.8805,-38.0914,7.6215,4.2039,1.4554,7.8561,SF_AND_SF_derived_range_expansion_gte_19.663914_SD_2h_current_return_pct_1h_current_return_pct_gte_13.61786,(derived_range_expansion >= 19.66 AND (2h_current_return_pct - 1h_current_return_pct) >= 13.62),ast,and_pair
270,54,98.18,39.26,4.1274,2.9508,49.26,4.4938,3.2553,51.48,4.5785,2.8484,49.26,4.4613,1.9779,45.56,222.8805,-38.0914,7.6215,4.2039,1.4554,7.8561,SF_AND_SF_derived_range_expansion_gte_19.663914_SF_15m_current_ma20_distance_pct_gte_17.364729,(derived_range_expansion >= 19.66 AND 15m_current_ma20_distance_pct >= 17.36),ast,and_pair
270,54,98.18,39.26,4.1274,2.9508,49.26,4.4938,3.2553,51.48,4.5785,2.8484,49.26,4.4613,1.9779,45.56,222.8805,-38.0914,7.6215,4.2039,1.4554,7.8561,SF_AND_SF_derived_range_expansion_gte_19.663914_SF_1h_current_ma20_distance_pct_gte_20.388471,(derived_range_expansion >= 19.66 AND 1h_current_ma20_distance_pct >= 20.39),ast,and_pair
270,54,98.18,39.26,4.1274,2.9508,49.26,4.4938,3.2553,51.48,4.5785,2.8484,49.26,4.4613,1.9779,45.56,222.8805,-38.0914,7.6215,4.2039,1.4554,7.8561,SF_AND_SF_derived_range_expansion_gte_19.663914_SF_2h_previous_body_pct_gte_27.479886,(derived_range_expansion >= 19.66 AND 2h_previous_body_pct >= 27.48),ast,and_pair
270,54,98.18,39.26,4.1274,2.9508,49.26,4.4938,3.2553,51.48,4.5785,2.8484,49.26,4.4613,1.9779,45.56,222.8805,-38.0914,7.6215,4.2039,1.4554,7.8561,SF_AND_SF_derived_range_expansion_gte_19.663914_SF_2h_previous_return_pct_gte_26.298514,(derived_range_expansion >= 19.66 AND 2h_previous_return_pct >= 26.3),ast,and_pair
270,54,98.18,39.26,4.1274,2.9508,49.26,4.4938,3.2553,51.48,4.5785,2.8484,49.26,4.4613,1.9779,45.56,222.8805,-38.0914,7.6215,4.2039,1.4554,7.8561,SF_AND_SF_derived_range_expansion_gte_19.663914_SF_30m_previous_ma20_distance_pct_gte_39.165157,(derived_range_expansion >= 19.66 AND 30m_previous_ma20_distance_pct >= 39.17),ast,and_pair
270,54,98.18,39.26,4.1274,2.9508,49.26,4.4938,3.2553,51.48,4.5785,2.8484,49.26,4.4613,1.9779,45.56,222.8805,-38.0914,7.6215,4.2039,1.4554,7.8561,SF_AND_SF_derived_range_expansion_gte_8.077786_SD_2h_current_return_pct_1h_current_return_pct_gte_13.61786,(derived_range_expansion >= 8.078 AND (2h_current_return_pct - 1h_current_return_pct) >= 13.62),ast,and_pair
270,54,98.18,39.26,4.1274,2.9508,49.26,4.4938,3.2553,51.48,4.5785,2.8484,49.26,4.4613,1.9779,45.56,222.8805,-38.0914,7.6215,4.2039,1.4554,7.8561,SF_AND_SF_derived_range_expansion_gte_8.077786_SF_2h_previous_body_pct_gte_27.479886,(derived_range_expansion >= 8.078 AND 2h_previous_body_pct >= 27.48),ast,and_pair
270,54,98.18,39.26,4.1274,2.9508,49.26,4.4938,3.2553,51.48,4.5785,2.8484,49.26,4.4613,1.9779,45.56,222.8805,-38.0914,7.6215,4.2039,1.4554,7.8561,SF_AND_SF_derived_range_expansion_gte_8.077786_SF_2h_previous_return_pct_gte_26.298514,(derived_range_expansion >= 8.078 AND 2h_previous_return_pct >= 26.3),ast,and_pair
270,54,98.18,39.26,4.1274,2.9508,49.26,4.4938,3.2553,51.48,4.5785,2.8484,49.26,4.4613,1.9779,45.56,222.8805,-38.0914,7.6215,4.2039,1.4554,7.8561,SF_AND_SF_derived_range_expansion_gte_8.077786_SF_30m_previous_ma20_distance_pct_gte_39.165157,(derived_range_expansion >= 8.078 AND 30m_previous_ma20_distance_pct >= 39.17),ast,and_pair
270,54,98.18,39.26,4.1274,2.9508,49.26,4.4938,3.2553,51.48,4.5785,2.8484,49.26,4.4613,1.9779,45.56,222.8805,-38.0914,7.6215,4.2039,1.4554,7.8561,SF_AND_SR_1h_current_range_pct_5m_compression_15262639999.999996_SF_2h_previous_body_pct_gte_27.479886,(1h_current_range_pct/5m_compression >= 1.526e+10 AND 2h_previous_body_pct >= 27.48),ast,and_pair
270,54,98.18,39.26,4.1274,2.9508,49.26,4.4938,3.2553,51.48,4.5785,2.8484,49.26,4.4613,1.9779,45.56,222.8805,-38.0914,7.6215,4.2039,1.4554,7.8561,SF_AND_SR_1h_current_range_pct_5m_compression_15262639999.999996_SF_2h_previous_return_pct_gte_26.298514,(1h_current_range_pct/5m_compression >= 1.526e+10 AND 2h_previous_return_pct >= 26.3),ast,and_pair
270,54,98.18,39.26,4.1274,2.9508,49.26,4.4938,3.2553,51.48,4.5785,2.8484,49.26,4.4613,1.9779,45.56,222.8805,-38.0914,7.6215,4.2039,1.4554,7.8561,SF_AND_SR_1h_current_range_pct_5m_compression_15262639999.999996_SF_30m_previous_ma20_distance_pct_gte_39.165157,(1h_current_range_pct/5m_compression >= 1.526e+10 AND 30m_previous_ma20_distance_pct >= 39.17),ast,and_pair
270,54,98.18,39.26,4.1274,2.9508,49.26,4.4938,3.2553,51.48,4.5785,2.8484,49.26,4.4613,1.9779,45.56,222.8805,-38.0914,7.6215,4.2039,1.4554,7.8561,SF_ATOM_0,1h_current_return_pct >= 18.08,ast,atom
270,54,98.18,39.26,4.1274,2.9508,49.26,4.4938,3.2553,51.48,4.5785,2.8484,49.26,4.4613,1.9779,45.56,222.8805,-38.0914,7.6215,4.2039,1.4554,7.8561,SF_ATOM_1,(1h_current_return_pct - 15m_current_return_pct) >= 9.241,ast,atom
270,54,98.18,39.26,4.1274,2.9508,49.26,4.4938,3.2553,51.48,4.5785,2.8484,49.26,4.4613,1.9779,45.56,222.8805,-38.0914,7.6215,4.2039,1.4554,7.8561,SF_ATOM_10,2h_previous_body_pct >= 34.35,ast,atom
270,54,98.18,39.26,4.1274,2.9508,49.26,4.4938,3.2553,51.48,4.5785,2.8484,49.26,4.4613,1.9779,45.56,222.8805,-38.0914,7.6215,4.2039,1.4554,7.8561,SF_ATOM_2,15m_current_return_pct >= 10.13,ast,atom
270,54,98.18,39.26,4.1274,2.9508,49.26,4.4938,3.2553,51.48,4.5785,2.8484,49.26,4.4613,1.9779,45.56,222.8805,-38.0914,7.6215,4.2039,1.4554,7.8561,SF_ATOM_3,1h_current_return_pct >= 8.969,ast,atom
270,54,98.18,39.26,4.1274,2.9508,49.26,4.4938,3.2553,51.48,4.5785,2.8484,49.26,4.4613,1.9779,45.56,222.8805,-38.0914,7.6215,4.2039,1.4554,7.8561,SF_ATOM_7,1h_current_ma20_distance_pct >= 51.02,ast,atom
270,54,98.18,39.26,4.1274,2.9508,49.26,4.4938,3.2553,51.48,4.5785,2.8484,49.26,4.4613,1.9779,45.56,222.8805,-38.0914,7.6215,4.2039,1.4554,7.8561,SF_ORAND_SD_1h_current_return_pct_15m_current_return_pct_gte_9.24094,((1h_current_return_pct - 15m_current_return_pct) >= 9.241 OR (15m_current_return_pct >= 10.13 AND (1h_current_return_pct - 15m_current_return_pct) >= 9.241)),ast,or_and
270,54,98.18,39.26,4.1274,2.9508,49.26,4.4938,3.2553,51.48,4.5785,2.8484,49.26,4.4613,1.9779,45.56,222.8805,-38.0914,7.6215,4.2039,1.4554,7.8561,SF_ORAND_SF_15m_current_return_pct_gte_10.127714,(15m_current_return_pct >= 10.13 OR (1h_current_return_pct >= 8.969 AND 15m_current_return_pct >= 10.13)),ast,or_and
270,54,98.18,39.26,4.1274,2.9508,49.26,4.4938,3.2553,51.48,4.5785,2.8484,49.26,4.4613,1.9779,45.56,222.8805,-38.0914,7.6215,4.2039,1.4554,7.8561,SF_ORAND_SF_1h_current_ma20_distance_pct_gte_51.022186,(1h_current_ma20_distance_pct >= 51.02 OR (1h_current_ma20_distance_pct >= 35.71 AND 1h_current_ma20_distance_pct >= 51.02)),ast,or_and
270,54,98.18,39.26,4.1274,2.9508,49.26,4.4938,3.2553,51.48,4.5785,2.8484,49.26,4.4613,1.9779,45.56,222.8805,-38.0914,7.6215,4.2039,1.4554,7.8561,SF_ORAND_SF_1h_current_return_pct_gte_18.082043,(1h_current_return_pct >= 18.08 OR ((1h_current_return_pct - 15m_current_return_pct) >= 9.241 AND 1h_current_return_pct >= 18.08)),ast,or_and
270,54,98.18,39.26,4.1274,2.9508,49.26,4.4938,3.2553,51.48,4.5785,2.8484,49.26,4.4613,1.9779,45.56,222.8805,-38.0914,7.6215,4.2039,1.4554,7.8561,SF_ORAND_SF_1h_current_return_pct_gte_8.969214,(1h_current_return_pct >= 8.969 OR (2h_current_body_pct >= 27.48 AND 1h_current_return_pct >= 8.969)),ast,or_and
270,54,98.18,39.26,4.1274,2.9508,49.26,4.4938,3.2553,51.48,4.5785,2.8484,49.26,4.4613,1.9779,45.56,222.8805,-38.0914,7.6215,4.2039,1.4554,7.8561,SF_ORAND_SF_2h_previous_body_pct_gte_34.349857,(2h_previous_body_pct >= 34.35 OR (30m_current_body_pct >= 15.97 AND 2h_previous_body_pct >= 34.35)),ast,or_and
270,54,98.18,39.26,4.1274,2.9508,49.26,4.4938,3.2553,51.48,4.5785,2.8484,49.26,4.4613,1.9779,45.56,222.8805,-38.0914,7.6215,4.2039,1.4554,7.8561,SF_OR_SD_1h_current_return_pct_15m_current_return_pct_gte_9.24094_SF_15m_current_return_pct_gte_10.127714,((1h_current_return_pct - 15m_current_return_pct) >= 9.241 OR 15m_current_return_pct >= 10.13),ast,or_pair
270,54,98.18,39.26,4.1274,2.9508,49.26,4.4938,3.2553,51.48,4.5785,2.8484,49.26,4.4613,1.9779,45.56,222.8805,-38.0914,7.6215,4.2039,1.4554,7.8561,SF_OR_SD_1h_current_return_pct_15m_current_return_pct_gte_9.24094_SF_1h_current_ma20_distance_pct_gte_51.022186,((1h_current_return_pct - 15m_current_return_pct) >= 9.241 OR 1h_current_ma20_distance_pct >= 51.02),ast,or_pair
270,54,98.18,39.26,4.1274,2.9508,49.26,4.4938,3.2553,51.48,4.5785,2.8484,49.26,4.4613,1.9779,45.56,222.8805,-38.0914,7.6215,4.2039,1.4554,7.8561,SF_OR_SD_1h_current_return_pct_15m_current_return_pct_gte_9.24094_SF_1h_current_return_pct_gte_8.969214,((1h_current_return_pct - 15m_current_return_pct) >= 9.241 OR 1h_current_return_pct >= 8.969),ast,or_pair
270,54,98.18,39.26,4.1274,2.9508,49.26,4.4938,3.2553,51.48,4.5785,2.8484,49.26,4.4613,1.9779,45.56,222.8805,-38.0914,7.6215,4.2039,1.4554,7.8561,SF_OR_SD_1h_current_return_pct_15m_current_return_pct_gte_9.24094_SF_2h_previous_body_pct_gte_34.349857,((1h_current_return_pct - 15m_current_return_pct) >= 9.241 OR 2h_previous_body_pct >= 34.35),ast,or_pair
270,54,98.18,39.26,4.1274,2.9508,49.26,4.4938,3.2553,51.48,4.5785,2.8484,49.26,4.4613,1.9779,45.56,222.8805,-38.0914,7.6215,4.2039,1.4554,7.8561,SF_OR_SF_15m_current_return_pct_gte_10.127714_SF_1h_current_ma20_distance_pct_gte_51.022186,(15m_current_return_pct >= 10.13 OR 1h_current_ma20_distance_pct >= 51.02),ast,or_pair
270,54,98.18,39.26,4.1274,2.9508,49.26,4.4938,3.2553,51.48,4.5785,2.8484,49.26,4.4613,1.9779,45.56,222.8805,-38.0914,7.6215,4.2039,1.4554,7.8561,SF_OR_SF_15m_current_return_pct_gte_10.127714_SF_1h_current_return_pct_gte_8.969214,(15m_current_return_pct >= 10.13 OR 1h_current_return_pct >= 8.969),ast,or_pair
270,54,98.18,39.26,4.1274,2.9508,49.26,4.4938,3.2553,51.48,4.5785,2.8484,49.26,4.4613,1.9779,45.56,222.8805,-38.0914,7.6215,4.2039,1.4554,7.8561,SF_OR_SF_15m_current_return_pct_gte_10.127714_SF_2h_previous_body_pct_gte_34.349857,(15m_current_return_pct >= 10.13 OR 2h_previous_body_pct >= 34.35),ast,or_pair
270,54,98.18,39.26,4.1274,2.9508,49.26,4.4938,3.2553,51.48,4.5785,2.8484,49.26,4.4613,1.9779,45.56,222.8805,-38.0914,7.6215,4.2039,1.4554,7.8561,SF_OR_SF_1h_current_ma20_distance_pct_gte_51.022186_SF_2h_previous_body_pct_gte_34.349857,(1h_current_ma20_distance_pct >= 51.02 OR 2h_previous_body_pct >= 34.35),ast,or_pair
270,54,98.18,39.26,4.1274,2.9508,49.26,4.4938,3.2553,51.48,4.5785,2.8484,49.26,4.4613,1.9779,45.56,222.8805,-38.0914,7.6215,4.2039,1.4554,7.8561,SF_OR_SF_1h_current_return_pct_gte_18.082043_SD_1h_current_return_pct_15m_current_return_pct_gte_9.24094,(1h_current_return_pct >= 18.08 OR (1h_current_return_pct - 15m_current_return_pct) >= 9.241),ast,or_pair
270,54,98.18,39.26,4.1274,2.9508,49.26,4.4938,3.2553,51.48,4.5785,2.8484,49.26,4.4613,1.9779,45.56,222.8805,-38.0914,7.6215,4.2039,1.4554,7.8561,SF_OR_SF_1h_current_return_pct_gte_18.082043_SF_15m_current_return_pct_gte_10.127714,(1h_current_return_pct >= 18.08 OR 15m_current_return_pct >= 10.13),ast,or_pair
270,54,98.18,39.26,4.1274,2.9508,49.26,4.4938,3.2553,51.48,4.5785,2.8484,49.26,4.4613,1.9779,45.56,222.8805,-38.0914,7.6215,4.2039,1.4554,7.8561,SF_OR_SF_1h_current_return_pct_gte_18.082043_SF_1h_current_ma20_distance_pct_gte_51.022186,(1h_current_return_pct >= 18.08 OR 1h_current_ma20_distance_pct >= 51.02),ast,or_pair
270,54,98.18,39.26,4.1274,2.9508,49.26,4.4938,3.2553,51.48,4.5785,2.8484,49.26,4.4613,1.9779,45.56,222.8805,-38.0914,7.6215,4.2039,1.4554,7.8561,SF_OR_SF_1h_current_return_pct_gte_18.082043_SF_1h_current_return_pct_gte_8.969214,(1h_current_return_pct >= 18.08 OR 1h_current_return_pct >= 8.969),ast,or_pair
270,54,98.18,39.26,4.1274,2.9508,49.26,4.4938,3.2553,51.48,4.5785,2.8484,49.26,4.4613,1.9779,45.56,222.8805,-38.0914,7.6215,4.2039,1.4554,7.8561,SF_OR_SF_1h_current_return_pct_gte_18.082043_SF_2h_previous_body_pct_gte_34.349857,(1h_current_return_pct >= 18.08 OR 2h_previous_body_pct >= 34.35),ast,or_pair
270,54,98.18,39.26,4.1274,2.9508,49.26,4.4938,3.2553,51.48,4.5785,2.8484,49.26,4.4613,1.9779,45.56,222.8805,-38.0914,7.6215,4.2039,1.4554,7.8561,SF_OR_SF_1h_current_return_pct_gte_8.969214_SF_1h_current_ma20_distance_pct_gte_51.022186,(1h_current_return_pct >= 8.969 OR 1h_current_ma20_distance_pct >= 51.02),ast,or_pair
270,54,98.18,39.26,4.1274,2.9508,49.26,4.4938,3.2553,51.48,4.5785,2.8484,49.26,4.4613,1.9779,45.56,222.8805,-38.0914,7.6215,4.2039,1.4554,7.8561,SF_OR_SF_1h_current_return_pct_gte_8.969214_SF_2h_previous_body_pct_gte_34.349857,(1h_current_return_pct >= 8.969 OR 2h_previous_body_pct >= 34.35),ast,or_pair
270,54,98.18,39.26,4.1285,2.9508,49.26,4.4922,3.2553,51.48,4.578,2.8484,49.26,4.4367,1.9779,45.56,222.9367,-38.0914,7.6238,4.205,1.4567,7.8499,SF_AND_SF_1h_current_ma20_distance_pct_gte_20.388471_SF_2h_previous_return_pct_gte_26.298514,(1h_current_ma20_distance_pct >= 20.39 AND 2h_previous_return_pct >= 26.3),ast,and_pair
270,54,98.18,39.26,4.1285,2.9508,49.26,4.4922,3.2553,51.48,4.578,2.8484,49.26,4.4367,1.9779,45.56,222.9367,-38.0914,7.6238,4.205,1.4567,7.8499,SF_AND_SF_2h_previous_return_pct_gte_26.298514_SF_2h_current_range_pct_gte_14.964243,(2h_previous_return_pct >= 26.3 AND 2h_current_range_pct >= 14.96),ast,and_pair
270,54,98.18,39.63,4.1073,2.9291,48.89,4.608,3.3166,52.22,4.7605,2.8484,49.26,4.6579,1.9779,45.56,221.7951,-38.0914,7.5422,4.1834,1.4639,7.8076,SF_AND_SF_15m_current_ma20_distance_pct_gte_17.364729_SF_2h_current_range_pct_gte_14.964243,(15m_current_ma20_distance_pct >= 17.36 AND 2h_current_range_pct >= 14.96),ast,and_pair
270,54,98.18,39.63,4.1073,2.9291,48.89,4.608,3.3166,52.22,4.7605,2.8484,49.26,4.6579,1.9779,45.56,221.7951,-38.0914,7.5422,4.1834,1.4639,7.8076,SF_ATOM_19,15m_current_ma20_distance_pct >= 17.36,ast,atom
270,54,98.18,39.63,4.1073,2.9291,48.89,4.608,3.3166,52.22,4.7605,2.8484,49.26,4.6579,1.9779,45.56,221.7951,-38.0914,7.5422,4.1834,1.4639,7.8076,SF_OR_SD_1h_current_return_pct_15m_current_return_pct_gte_9.24094_SF_15m_current_ma20_distance_pct_gte_17.364729,((1h_current_return_pct - 15m_current_return_pct) >= 9.241 OR 15m_current_ma20_distance_pct >= 17.36),ast,or_pair
270,54,98.18,39.63,4.1073,2.9291,48.89,4.608,3.3166,52.22,4.7605,2.8484,49.26,4.6579,1.9779,45.56,221.7951,-38.0914,7.5422,4.1834,1.4639,7.8076,SF_OR_SF_15m_current_ma20_distance_pct_gte_17.364729_SF_30m_previous_ma20_distance_pct_gte_39.165157,(15m_current_ma20_distance_pct >= 17.36 OR 30m_previous_ma20_distance_pct >= 39.17),ast,or_pair
270,54,98.18,39.63,4.1073,2.9291,48.89,4.608,3.3166,52.22,4.7605,2.8484,49.26,4.6579,1.9779,45.56,221.7951,-38.0914,7.5422,4.1834,1.4639,7.8076,SF_OR_SF_15m_current_ma20_distance_pct_gte_26.750886_SF_15m_current_ma20_distance_pct_gte_17.364729,(15m_current_ma20_distance_pct >= 26.75 OR 15m_current_ma20_distance_pct >= 17.36),ast,or_pair
270,54,98.18,39.63,4.1073,2.9291,48.89,4.608,3.3166,52.22,4.7605,2.8484,49.26,4.6579,1.9779,45.56,221.7951,-38.0914,7.5422,4.1834,1.4639,7.8076,SF_OR_SF_15m_current_return_pct_gte_10.127714_SF_15m_current_ma20_distance_pct_gte_17.364729,(15m_current_return_pct >= 10.13 OR 15m_current_ma20_distance_pct >= 17.36),ast,or_pair
270,54,98.18,39.63,4.1073,2.9291,48.89,4.608,3.3166,52.22,4.7605,2.8484,49.26,4.6579,1.9779,45.56,221.7951,-38.0914,7.5422,4.1834,1.4639,7.8076,SF_OR_SF_1h_current_ma20_distance_pct_gte_35.705329_SF_15m_current_ma20_distance_pct_gte_17.364729,(1h_current_ma20_distance_pct >= 35.71 OR 15m_current_ma20_distance_pct >= 17.36),ast,or_pair
270,54,98.18,39.63,4.1073,2.9291,48.89,4.608,3.3166,52.22,4.7605,2.8484,49.26,4.6579,1.9779,45.56,221.7951,-38.0914,7.5422,4.1834,1.4639,7.8076,SF_OR_SF_1h_current_ma20_distance_pct_gte_51.022186_SF_15m_current_ma20_distance_pct_gte_17.364729,(1h_current_ma20_distance_pct >= 51.02 OR 15m_current_ma20_distance_pct >= 17.36),ast,or_pair
270,54,98.18,39.63,4.1073,2.9291,48.89,4.608,3.3166,52.22,4.7605,2.8484,49.26,4.6579,1.9779,45.56,221.7951,-38.0914,7.5422,4.1834,1.4639,7.8076,SF_OR_SF_1h_current_return_pct_gte_18.082043_SF_15m_current_ma20_distance_pct_gte_17.364729,(1h_current_return_pct >= 18.08 OR 15m_current_ma20_distance_pct >= 17.36),ast,or_pair
270,54,98.18,39.63,4.1073,2.9291,48.89,4.608,3.3166,52.22,4.7605,2.8484,49.26,4.6579,1.9779,45.56,221.7951,-38.0914,7.5422,4.1834,1.4639,7.8076,SF_OR_SF_1h_current_return_pct_gte_8.969214_SF_15m_current_ma20_distance_pct_gte_17.364729,(1h_current_return_pct >= 8.969 OR 15m_current_ma20_distance_pct >= 17.36),ast,or_pair
270,54,98.18,39.63,4.1073,2.9291,48.89,4.608,3.3166,52.22,4.7605,2.8484,49.26,4.6579,1.9779,45.56,221.7951,-38.0914,7.5422,4.1834,1.4639,7.8076,SF_OR_SF_2h_previous_body_pct_gte_34.349857_SF_15m_current_ma20_distance_pct_gte_17.364729,(2h_previous_body_pct >= 34.35 OR 15m_current_ma20_distance_pct >= 17.36),ast,or_pair
270,54,98.18,39.26,4.1195,2.9508,49.26,4.4846,3.2553,51.48,4.5647,2.8484,49.26,4.4578,1.9779,45.56,222.4504,-38.0914,7.6026,4.1959,1.4655,7.8032,SF_ATOM_51,2h_current_volume_ratio >= 25.01,ast,atom
270,54,98.18,39.26,4.1164,2.9508,49.26,4.4912,3.2553,51.48,4.5764,2.9154,49.63,4.465,2.1492,45.93,222.2871,-38.0914,7.5954,4.1927,1.4656,7.8018,SF_ATOM_73,1h_previous_volume_ratio >= 29.02,ast,atom
270,54,98.18,40.0,4.135,2.9291,48.89,4.5951,3.2553,51.48,4.7856,2.8484,49.26,4.6,1.9779,45.56,223.2896,-38.0914,7.5926,4.2117,1.4833,7.7929,SF_AND_SD_2h_current_return_pct_1h_current_return_pct_gte_13.61786_SF_2h_current_range_pct_gte_14.964243,((2h_current_return_pct - 1h_current_return_pct) >= 13.62 AND 2h_current_range_pct >= 14.96),ast,and_pair
270,54,98.18,40.0,4.135,2.9291,48.89,4.5951,3.2553,51.48,4.7856,2.8484,49.26,4.6,1.9779,45.56,223.2896,-38.0914,7.5926,4.2117,1.4833,7.7929,SF_ATOM_25,(2h_current_return_pct - 1h_current_return_pct) >= 13.62,ast,atom
270,54,98.18,40.0,4.135,2.9291,48.89,4.5951,3.2553,51.48,4.7856,2.8484,49.26,4.6,1.9779,45.56,223.2896,-38.0914,7.5926,4.2117,1.4833,7.7929,SF_OR_SD_1h_current_return_pct_15m_current_return_pct_gte_9.24094_SD_2h_current_return_pct_1h_current_return_pct_gte_13.61786,((1h_current_return_pct - 15m_current_return_pct) >= 9.241 OR (2h_current_return_pct - 1h_current_return_pct) >= 13.62),ast,or_pair
270,54,98.18,40.0,4.135,2.9291,48.89,4.5951,3.2553,51.48,4.7856,2.8484,49.26,4.6,1.9779,45.56,223.2896,-38.0914,7.5926,4.2117,1.4833,7.7929,SF_OR_SD_2h_current_return_pct_1h_current_return_pct_gte_13.61786_SF_30m_previous_ma20_distance_pct_gte_39.165157,((2h_current_return_pct - 1h_current_return_pct) >= 13.62 OR 30m_previous_ma20_distance_pct >= 39.17),ast,or_pair
270,54,98.18,40.0,4.135,2.9291,48.89,4.5951,3.2553,51.48,4.7856,2.8484,49.26,4.6,1.9779,45.56,223.2896,-38.0914,7.5926,4.2117,1.4833,7.7929,SF_OR_SF_15m_current_ma20_distance_pct_gte_26.750886_SD_2h_current_return_pct_1h_current_return_pct_gte_13.61786,(15m_current_ma20_distance_pct >= 26.75 OR (2h_current_return_pct - 1h_current_return_pct) >= 13.62),ast,or_pair
270,54,98.18,40.0,4.135,2.9291,48.89,4.5951,3.2553,51.48,4.7856,2.8484,49.26,4.6,1.9779,45.56,223.2896,-38.0914,7.5926,4.2117,1.4833,7.7929,SF_OR_SF_15m_current_return_pct_gte_10.127714_SD_2h_current_return_pct_1h_current_return_pct_gte_13.61786,(15m_current_return_pct >= 10.13 OR (2h_current_return_pct - 1h_current_return_pct) >= 13.62),ast,or_pair
270,54,98.18,40.0,4.135,2.9291,48.89,4.5951,3.2553,51.48,4.7856,2.8484,49.26,4.6,1.9779,45.56,223.2896,-38.0914,7.5926,4.2117,1.4833,7.7929,SF_OR_SF_1h_current_ma20_distance_pct_gte_35.705329_SD_2h_current_return_pct_1h_current_return_pct_gte_13.61786,(1h_current_ma20_distance_pct >= 35.71 OR (2h_current_return_pct - 1h_current_return_pct) >= 13.62),ast,or_pair
270,54,98.18,40.0,4.135,2.9291,48.89,4.5951,3.2553,51.48,4.7856,2.8484,49.26,4.6,1.9779,45.56,223.2896,-38.0914,7.5926,4.2117,1.4833,7.7929,SF_OR_SF_1h_current_ma20_distance_pct_gte_51.022186_SD_2h_current_return_pct_1h_current_return_pct_gte_13.61786,(1h_current_ma20_distance_pct >= 51.02 OR (2h_current_return_pct - 1h_current_return_pct) >= 13.62),ast,or_pair
270,54,98.18,40.0,4.135,2.9291,48.89,4.5951,3.2553,51.48,4.7856,2.8484,49.26,4.6,1.9779,45.56,223.2896,-38.0914,7.5926,4.2117,1.4833,7.7929,SF_OR_SF_1h_current_return_pct_gte_18.082043_SD_2h_current_return_pct_1h_current_return_pct_gte_13.61786,(1h_current_return_pct >= 18.08 OR (2h_current_return_pct - 1h_current_return_pct) >= 13.62),ast,or_pair
270,54,98.18,40.0,4.135,2.9291,48.89,4.5951,3.2553,51.48,4.7856,2.8484,49.26,4.6,1.9779,45.56,223.2896,-38.0914,7.5926,4.2117,1.4833,7.7929,SF_OR_SF_1h_current_return_pct_gte_8.969214_SD_2h_current_return_pct_1h_current_return_pct_gte_13.61786,(1h_current_return_pct >= 8.969 OR (2h_current_return_pct - 1h_current_return_pct) >= 13.62),ast,or_pair
270,54,98.18,40.0,4.135,2.9291,48.89,4.5951,3.2553,51.48,4.7856,2.8484,49.26,4.6,1.9779,45.56,223.2896,-38.0914,7.5926,4.2117,1.4833,7.7929,SF_OR_SF_2h_previous_body_pct_gte_34.349857_SD_2h_current_return_pct_1h_current_return_pct_gte_13.61786,(2h_previous_body_pct >= 34.35 OR (2h_current_return_pct - 1h_current_return_pct) >= 13.62),ast,or_pair
270,54,98.18,39.26,4.1384,2.9508,49.26,4.5368,3.2553,51.48,4.6105,2.8484,49.26,4.509,2.1492,45.93,223.4753,-38.0914,7.6451,4.2151,1.4701,7.7859,SF_AND_SF_2h_previous_return_pct_gte_26.298514_SF_2h_previous_body_pct_gte_27.479886,(2h_previous_return_pct >= 26.3 AND 2h_previous_body_pct >= 27.48),ast,and_pair
270,54,98.18,38.89,4.1257,2.9508,49.26,4.4524,3.0746,50.74,4.5669,2.8484,49.26,4.5376,2.1492,45.93,222.7863,-38.0914,7.6583,4.2022,1.4546,7.7856,SF_NOT_SF_15m_current_return_pct_gte_10.127714,NOT (15m_current_return_pct >= 10.13),ast,not
270,54,98.18,39.26,4.1395,2.9508,49.26,4.5352,3.2553,51.48,4.61,2.8484,49.26,4.4844,2.1492,45.93,223.5315,-38.0914,7.6473,4.2162,1.4715,7.7792,SF_ATOM_28,2h_previous_return_pct >= 26.3,ast,atom
270,54,98.18,39.26,4.1395,2.9508,49.26,4.5352,3.2553,51.48,4.61,2.8484,49.26,4.4844,2.1492,45.93,223.5315,-38.0914,7.6473,4.2162,1.4715,7.7792,SF_OR_SD_1h_current_return_pct_15m_current_return_pct_gte_9.24094_SF_2h_previous_return_pct_gte_26.298514,((1h_current_return_pct - 15m_current_return_pct) >= 9.241 OR 2h_previous_return_pct >= 26.3),ast,or_pair
270,54,98.18,39.26,4.1395,2.9508,49.26,4.5352,3.2553,51.48,4.61,2.8484,49.26,4.4844,2.1492,45.93,223.5315,-38.0914,7.6473,4.2162,1.4715,7.7792,SF_OR_SF_15m_current_return_pct_gte_10.127714_SF_2h_previous_return_pct_gte_26.298514,(15m_current_return_pct >= 10.13 OR 2h_previous_return_pct >= 26.3),ast,or_pair
270,54,98.18,39.26,4.1395,2.9508,49.26,4.5352,3.2553,51.48,4.61,2.8484,49.26,4.4844,2.1492,45.93,223.5315,-38.0914,7.6473,4.2162,1.4715,7.7792,SF_OR_SF_1h_current_ma20_distance_pct_gte_51.022186_SF_2h_previous_return_pct_gte_26.298514,(1h_current_ma20_distance_pct >= 51.02 OR 2h_previous_return_pct >= 26.3),ast,or_pair
270,54,98.18,39.26,4.1395,2.9508,49.26,4.5352,3.2553,51.48,4.61,2.8484,49.26,4.4844,2.1492,45.93,223.5315,-38.0914,7.6473,4.2162,1.4715,7.7792,SF_OR_SF_1h_current_return_pct_gte_18.082043_SF_2h_previous_return_pct_gte_26.298514,(1h_current_return_pct >= 18.08 OR 2h_previous_return_pct >= 26.3),ast,or_pair
270,54,98.18,39.26,4.1395,2.9508,49.26,4.5352,3.2553,51.48,4.61,2.8484,49.26,4.4844,2.1492,45.93,223.5315,-38.0914,7.6473,4.2162,1.4715,7.7792,SF_OR_SF_1h_current_return_pct_gte_8.969214_SF_2h_previous_return_pct_gte_26.298514,(1h_current_return_pct >= 8.969 OR 2h_previous_return_pct >= 26.3),ast,or_pair
270,54,98.18,39.26,4.1395,2.9508,49.26,4.5352,3.2553,51.48,4.61,2.8484,49.26,4.4844,2.1492,45.93,223.5315,-38.0914,7.6473,4.2162,1.4715,7.7792,SF_OR_SF_2h_previous_body_pct_gte_34.349857_SF_2h_previous_return_pct_gte_26.298514,(2h_previous_body_pct >= 34.35 OR 2h_previous_return_pct >= 26.3),ast,or_pair
270,54,98.18,40.0,4.166,2.9508,49.26,4.6493,3.3166,52.22,4.8554,2.9154,49.63,4.6153,1.9779,45.56,224.9649,-38.0914,7.6552,4.2432,1.5028,7.7787,SF_AND_SF_15m_current_ma20_distance_pct_gte_17.364729_SF_1h_current_ma20_distance_pct_gte_20.388471,(15m_current_ma20_distance_pct >= 17.36 AND 1h_current_ma20_distance_pct >= 20.39),ast,and_pair
270,54,98.18,39.63,4.0393,2.9291,48.89,4.3956,3.2553,51.48,4.407,2.7809,48.89,4.2892,1.8015,45.19,218.1223,-38.0914,7.3599,4.1142,1.4659,7.7772,SF_AND_SF_1h_current_ma20_distance_pct_gte_20.388471_SD_1h_current_range_pct_1h_previous_range_pct_gte_5.76056,(1h_current_ma20_distance_pct >= 20.39 AND (1h_current_range_pct - 1h_previous_range_pct) >= 5.761),ast,and_pair
270,54,98.18,39.63,4.0393,2.9291,48.89,4.3956,3.2553,51.48,4.407,2.7809,48.89,4.2892,1.8015,45.19,218.1223,-38.0914,7.3599,4.1142,1.4659,7.7772,SF_AND_SF_1h_current_ma20_distance_pct_gte_20.388471_SF_30m_current_body_pct_gte_10.647286,(1h_current_ma20_distance_pct >= 20.39 AND 30m_current_body_pct >= 10.65),ast,and_pair
270,54,98.18,39.63,4.0393,2.9291,48.89,4.3956,3.2553,51.48,4.407,2.7809,48.89,4.2892,1.8015,45.19,218.1223,-38.0914,7.3599,4.1142,1.4659,7.7772,SF_AND_SF_30m_current_range_pct_gte_12.1684_SF_1h_current_ma20_distance_pct_gte_20.388471,(30m_current_range_pct >= 12.17 AND 1h_current_ma20_distance_pct >= 20.39),ast,and_pair
270,54,98.18,39.63,4.0393,2.9291,48.89,4.3956,3.2553,51.48,4.407,2.7809,48.89,4.2892,1.8015,45.19,218.1223,-38.0914,7.3599,4.1142,1.4659,7.7772,SF_AND_SF_derived_range_expansion_gte_8.077786_SF_1h_current_ma20_distance_pct_gte_20.388471,(derived_range_expansion >= 8.078 AND 1h_current_ma20_distance_pct >= 20.39),ast,and_pair
270,54,98.18,39.63,4.0393,2.9291,48.89,4.3956,3.2553,51.48,4.407,2.7809,48.89,4.2892,1.8015,45.19,218.1223,-38.0914,7.3599,4.1142,1.4659,7.7772,SF_AND_SR_1h_current_range_pct_5m_compression_15262639999.999996_SF_1h_current_ma20_distance_pct_gte_20.388471,(1h_current_range_pct/5m_compression >= 1.526e+10 AND 1h_current_ma20_distance_pct >= 20.39),ast,and_pair
270,54,98.18,39.63,4.0818,2.8971,48.52,4.5747,3.295,51.85,4.694,2.7809,48.89,4.6514,1.9779,45.56,220.4159,-38.0914,7.4919,4.1575,1.4537,7.7769,SF_OR_SF_15m_current_ma20_distance_pct_gte_17.364729_SD_2h_current_return_pct_1h_current_return_pct_gte_13.61786,(15m_current_ma20_distance_pct >= 17.36 OR (2h_current_return_pct - 1h_current_return_pct) >= 13.62),ast,or_pair
270,54,98.18,40.0,4.1605,2.9508,49.26,4.6284,3.295,51.85,4.852,2.9154,49.63,4.6065,1.9779,45.56,224.6689,-38.0914,7.643,4.2376,1.503,7.776,SF_AND_SF_15m_current_ma20_distance_pct_gte_17.364729_SD_2h_current_return_pct_1h_current_return_pct_gte_13.61786,(15m_current_ma20_distance_pct >= 17.36 AND (2h_current_return_pct - 1h_current_return_pct) >= 13.62),ast,and_pair
270,54,98.18,40.0,4.1605,2.9508,49.26,4.6284,3.295,51.85,4.852,2.9154,49.63,4.6065,1.9779,45.56,224.6689,-38.0914,7.643,4.2376,1.503,7.776,SF_AND_SF_1h_current_ma20_distance_pct_gte_20.388471_SD_2h_current_return_pct_1h_current_return_pct_gte_13.61786,(1h_current_ma20_distance_pct >= 20.39 AND (2h_current_return_pct - 1h_current_return_pct) >= 13.62),ast,and_pair
270,54,98.18,40.0,4.1605,2.9508,49.26,4.6284,3.295,51.85,4.852,2.9154,49.63,4.6065,1.9779,45.56,224.6689,-38.0914,7.643,4.2376,1.503,7.776,SF_AND_SF_2h_current_body_pct_gte_13.739943_SD_2h_current_return_pct_1h_current_return_pct_gte_13.61786,(2h_current_body_pct >= 13.74 AND (2h_current_return_pct - 1h_current_return_pct) >= 13.62),ast,and_pair
270,54,98.18,40.0,4.1605,2.9508,49.26,4.6284,3.295,51.85,4.852,2.9154,49.63,4.6065,1.9779,45.56,224.6689,-38.0914,7.643,4.2376,1.503,7.776,SF_AND_SF_2h_current_body_pct_gte_13.739943_SF_15m_current_ma20_distance_pct_gte_17.364729,(2h_current_body_pct >= 13.74 AND 15m_current_ma20_distance_pct >= 17.36),ast,and_pair
270,54,98.18,40.0,4.1605,2.9508,49.26,4.6284,3.295,51.85,4.852,2.9154,49.63,4.6065,1.9779,45.56,224.6689,-38.0914,7.643,4.2376,1.503,7.776,SF_AND_SF_2h_current_body_pct_gte_13.739943_SF_1h_current_ma20_distance_pct_gte_20.388471,(2h_current_body_pct >= 13.74 AND 1h_current_ma20_distance_pct >= 20.39),ast,and_pair
270,54,98.18,40.0,4.1605,2.9508,49.26,4.6284,3.295,51.85,4.852,2.9154,49.63,4.6065,1.9779,45.56,224.6689,-38.0914,7.643,4.2376,1.503,7.776,SF_ATOM_38,30m_previous_ma20_distance_pct >= 26.88,ast,atom
270,54,98.18,40.37,3.6919,2.6623,46.3,4.2606,2.7503,47.78,4.5695,2.8439,48.89,4.1832,1.8015,44.44,199.3604,-38.0914,6.7009,3.7603,1.372,7.7724,SF_ATOM_59,rank(1h_current_ma20_distance_pct) >= 0.9,ast,atom
270,54,98.18,39.26,4.024,2.9508,49.26,4.4128,3.2553,51.48,4.5975,2.8484,49.26,4.4777,1.9779,45.56,217.2951,-38.0914,7.5753,4.0986,1.4695,7.7546,SF_NOT_SD_1h_current_range_pct_1h_previous_range_pct_gte_21.98114,NOT ((1h_current_range_pct - 1h_previous_range_pct) >= 21.98),ast,not
270,54,98.18,40.0,4.0498,2.8971,48.52,4.528,3.3166,52.22,4.6648,2.8484,49.26,4.3601,1.7458,44.81,218.6914,-38.0914,7.3479,4.1249,1.474,7.7398,SF_AND_SF_1h_current_ma20_distance_pct_gte_20.388471_SF_2h_current_range_pct_gte_14.964243,(1h_current_ma20_distance_pct >= 20.39 AND 2h_current_range_pct >= 14.96),ast,and_pair
270,54,98.18,39.26,4.0126,2.9508,49.26,4.3724,3.2553,51.48,4.4431,2.7809,48.89,4.3493,1.9779,45.56,216.6809,-38.0914,7.2106,4.087,1.4725,7.7361,SF_AND_SD_1h_current_body_pct_1h_previous_body_pct_gte_18.78308_SF_15m_current_body_pct_gte_9.0914,((1h_current_body_pct - 1h_previous_body_pct) >= 18.78 AND 15m_current_body_pct >= 9.091),ast,and_pair
270,54,98.18,39.26,4.0126,2.9508,49.26,4.3724,3.2553,51.48,4.4431,2.7809,48.89,4.3493,1.9779,45.56,216.6809,-38.0914,7.2106,4.087,1.4725,7.7361,SF_AND_SF_15m_current_body_pct_gte_13.6371_SD_1h_current_body_pct_1h_previous_body_pct_gte_18.78308,(15m_current_body_pct >= 13.64 AND (1h_current_body_pct - 1h_previous_body_pct) >= 18.78),ast,and_pair
270,54,98.18,39.26,4.0126,2.9508,49.26,4.3724,3.2553,51.48,4.4431,2.7809,48.89,4.3493,1.9779,45.56,216.6809,-38.0914,7.2106,4.087,1.4725,7.7361,SF_AND_SF_30m_current_body_pct_gte_10.647286_SD_1h_current_body_pct_1h_previous_body_pct_gte_18.78308,(30m_current_body_pct >= 10.65 AND (1h_current_body_pct - 1h_previous_body_pct) >= 18.78),ast,and_pair
270,54,98.18,39.26,4.0126,2.9508,49.26,4.3724,3.2553,51.48,4.4431,2.7809,48.89,4.3493,1.9779,45.56,216.6809,-38.0914,7.2106,4.087,1.4725,7.7361,SF_AND_SF_30m_current_body_pct_gte_15.970929_SD_1h_current_body_pct_1h_previous_body_pct_gte_18.78308,(30m_current_body_pct >= 15.97 AND (1h_current_body_pct - 1h_previous_body_pct) >= 18.78),ast,and_pair
270,54,98.18,39.26,4.0126,2.9508,49.26,4.3724,3.2553,51.48,4.4431,2.7809,48.89,4.3493,1.9779,45.56,216.6809,-38.0914,7.2106,4.087,1.4725,7.7361,SF_AND_SF_30m_current_range_pct_gte_12.1684_SD_1h_current_body_pct_1h_previous_body_pct_gte_18.78308,(30m_current_range_pct >= 12.17 AND (1h_current_body_pct - 1h_previous_body_pct) >= 18.78),ast,and_pair
270,54,98.18,39.26,4.0126,2.9508,49.26,4.3724,3.2553,51.48,4.4431,2.7809,48.89,4.3493,1.9779,45.56,216.6809,-38.0914,7.2106,4.087,1.4725,7.7361,SF_AND_SF_30m_current_range_pct_gte_22.8592_SD_1h_current_body_pct_1h_previous_body_pct_gte_18.78308,(30m_current_range_pct >= 22.86 AND (1h_current_body_pct - 1h_previous_body_pct) >= 18.78),ast,and_pair
270,54,98.18,39.26,4.0126,2.9508,49.26,4.3724,3.2553,51.48,4.4431,2.7809,48.89,4.3493,1.9779,45.56,216.6809,-38.0914,7.2106,4.087,1.4725,7.7361,SF_AND_SF_derived_range_expansion_gte_19.663914_SD_1h_current_body_pct_1h_previous_body_pct_gte_18.78308,(derived_range_expansion >= 19.66 AND (1h_current_body_pct - 1h_previous_body_pct) >= 18.78),ast,and_pair
270,54,98.18,39.63,4.1194,2.9291,48.89,4.6494,3.3166,52.22,4.7921,2.8484,49.26,4.6809,2.1492,45.93,222.4461,-38.0914,7.5678,4.1958,1.4817,7.7222,SF_OR_SF_15m_current_ma20_distance_pct_gte_17.364729_SF_2h_previous_return_pct_gte_26.298514,(15m_current_ma20_distance_pct >= 17.36 OR 2h_previous_return_pct >= 26.3),ast,or_pair
270,54,98.18,40.0,4.147,2.9291,48.89,4.6366,3.2553,51.48,4.8171,2.8484,49.26,4.623,2.1492,45.93,223.9406,-38.0914,7.6182,4.2239,1.5005,7.7105,SF_OR_SD_2h_current_return_pct_1h_current_return_pct_gte_13.61786_SF_2h_previous_return_pct_gte_26.298514,((2h_current_return_pct - 1h_current_return_pct) >= 13.62 OR 2h_previous_return_pct >= 26.3),ast,or_pair
270,54,98.18,40.0,4.0734,2.9508,49.26,4.5783,3.2553,51.48,4.6898,2.8484,49.26,4.5678,2.1492,45.93,219.9617,-38.0914,7.3863,4.1489,1.5119,7.7054,SF_ATOM_36,2h_previous_body_pct >= 20.61,ast,atom
270,54,98.18,39.63,4.1664,2.9508,49.26,4.4818,3.2553,51.48,4.6531,2.8484,49.26,4.475,1.9779,45.56,224.9831,-38.0914,7.6558,4.2436,1.508,7.6788,SF_AND_SD_2h_current_return_pct_1h_current_return_pct_gte_13.61786_SF_30m_previous_ma20_distance_pct_gte_39.165157,((2h_current_return_pct - 1h_current_return_pct) >= 13.62 AND 30m_previous_ma20_distance_pct >= 39.17),ast,and_pair
270,54,98.18,39.63,4.1664,2.9508,49.26,4.4818,3.2553,51.48,4.6531,2.8484,49.26,4.475,1.9779,45.56,224.9831,-38.0914,7.6558,4.2436,1.508,7.6788,SF_AND_SF_15m_current_ma20_distance_pct_gte_17.364729_SF_30m_previous_ma20_distance_pct_gte_39.165157,(15m_current_ma20_distance_pct >= 17.36 AND 30m_previous_ma20_distance_pct >= 39.17),ast,and_pair
270,54,98.18,39.63,4.1664,2.9508,49.26,4.4818,3.2553,51.48,4.6531,2.8484,49.26,4.475,1.9779,45.56,224.9831,-38.0914,7.6558,4.2436,1.508,7.6788,SF_AND_SF_15m_current_ma20_distance_pct_gte_26.750886_SD_2h_current_return_pct_1h_current_return_pct_gte_13.61786,(15m_current_ma20_distance_pct >= 26.75 AND (2h_current_return_pct - 1h_current_return_pct) >= 13.62),ast,and_pair
270,54,98.18,39.63,4.1664,2.9508,49.26,4.4818,3.2553,51.48,4.6531,2.8484,49.26,4.475,1.9779,45.56,224.9831,-38.0914,7.6558,4.2436,1.508,7.6788,SF_AND_SF_15m_current_ma20_distance_pct_gte_26.750886_SF_15m_current_ma20_distance_pct_gte_17.364729,(15m_current_ma20_distance_pct >= 26.75 AND 15m_current_ma20_distance_pct >= 17.36),ast,and_pair
270,54,98.18,39.63,4.1664,2.9508,49.26,4.4818,3.2553,51.48,4.6531,2.8484,49.26,4.475,1.9779,45.56,224.9831,-38.0914,7.6558,4.2436,1.508,7.6788,SF_AND_SF_15m_current_ma20_distance_pct_gte_26.750886_SF_1h_current_ma20_distance_pct_gte_20.388471,(15m_current_ma20_distance_pct >= 26.75 AND 1h_current_ma20_distance_pct >= 20.39),ast,and_pair
270,54,98.18,39.63,4.1664,2.9508,49.26,4.4818,3.2553,51.48,4.6531,2.8484,49.26,4.475,1.9779,45.56,224.9831,-38.0914,7.6558,4.2436,1.508,7.6788,SF_AND_SF_15m_current_ma20_distance_pct_gte_26.750886_SF_1h_current_ma20_distance_pct_gte_35.705329,(15m_current_ma20_distance_pct >= 26.75 AND 1h_current_ma20_distance_pct >= 35.71),ast,and_pair
270,54,98.18,39.63,4.1664,2.9508,49.26,4.4818,3.2553,51.48,4.6531,2.8484,49.26,4.475,1.9779,45.56,224.9831,-38.0914,7.6558,4.2436,1.508,7.6788,SF_AND_SF_15m_current_ma20_distance_pct_gte_26.750886_SF_2h_current_body_pct_gte_13.739943,(15m_current_ma20_distance_pct >= 26.75 AND 2h_current_body_pct >= 13.74),ast,and_pair
270,54,98.18,39.63,4.1664,2.9508,49.26,4.4818,3.2553,51.48,4.6531,2.8484,49.26,4.475,1.9779,45.56,224.9831,-38.0914,7.6558,4.2436,1.508,7.6788,SF_AND_SF_15m_current_ma20_distance_pct_gte_26.750886_SF_2h_current_body_pct_gte_20.609914,(15m_current_ma20_distance_pct >= 26.75 AND 2h_current_body_pct >= 20.61),ast,and_pair
270,54,98.18,39.63,4.1664,2.9508,49.26,4.4818,3.2553,51.48,4.6531,2.8484,49.26,4.475,1.9779,45.56,224.9831,-38.0914,7.6558,4.2436,1.508,7.6788,SF_AND_SF_15m_current_ma20_distance_pct_gte_26.750886_SF_2h_current_range_pct_gte_14.964243,(15m_current_ma20_distance_pct >= 26.75 AND 2h_current_range_pct >= 14.96),ast,and_pair
270,54,98.18,39.63,4.1664,2.9508,49.26,4.4818,3.2553,51.48,4.6531,2.8484,49.26,4.475,1.9779,45.56,224.9831,-38.0914,7.6558,4.2436,1.508,7.6788,SF_AND_SF_15m_current_ma20_distance_pct_gte_26.750886_SF_30m_previous_ma20_distance_pct_gte_39.165157,(15m_current_ma20_distance_pct >= 26.75 AND 30m_previous_ma20_distance_pct >= 39.17),ast,and_pair
270,54,98.18,39.63,4.1664,2.9508,49.26,4.4818,3.2553,51.48,4.6531,2.8484,49.26,4.475,1.9779,45.56,224.9831,-38.0914,7.6558,4.2436,1.508,7.6788,SF_AND_SF_1h_current_ma20_distance_pct_gte_20.388471_SF_30m_previous_ma20_distance_pct_gte_39.165157,(1h_current_ma20_distance_pct >= 20.39 AND 30m_previous_ma20_distance_pct >= 39.17),ast,and_pair
270,54,98.18,39.63,4.1664,2.9508,49.26,4.4818,3.2553,51.48,4.6531,2.8484,49.26,4.475,1.9779,45.56,224.9831,-38.0914,7.6558,4.2436,1.508,7.6788,SF_AND_SF_1h_current_ma20_distance_pct_gte_35.705329_SD_2h_current_return_pct_1h_current_return_pct_gte_13.61786,(1h_current_ma20_distance_pct >= 35.71 AND (2h_current_return_pct - 1h_current_return_pct) >= 13.62),ast,and_pair
270,54,98.18,39.63,4.1664,2.9508,49.26,4.4818,3.2553,51.48,4.6531,2.8484,49.26,4.475,1.9779,45.56,224.9831,-38.0914,7.6558,4.2436,1.508,7.6788,SF_AND_SF_1h_current_ma20_distance_pct_gte_35.705329_SF_15m_current_ma20_distance_pct_gte_17.364729,(1h_current_ma20_distance_pct >= 35.71 AND 15m_current_ma20_distance_pct >= 17.36),ast,and_pair
270,54,98.18,39.63,4.1664,2.9508,49.26,4.4818,3.2553,51.48,4.6531,2.8484,49.26,4.475,1.9779,45.56,224.9831,-38.0914,7.6558,4.2436,1.508,7.6788,SF_AND_SF_1h_current_ma20_distance_pct_gte_35.705329_SF_1h_current_ma20_distance_pct_gte_20.388471,(1h_current_ma20_distance_pct >= 35.71 AND 1h_current_ma20_distance_pct >= 20.39),ast,and_pair
270,54,98.18,39.63,4.1664,2.9508,49.26,4.4818,3.2553,51.48,4.6531,2.8484,49.26,4.475,1.9779,45.56,224.9831,-38.0914,7.6558,4.2436,1.508,7.6788,SF_AND_SF_1h_current_ma20_distance_pct_gte_35.705329_SF_2h_current_body_pct_gte_13.739943,(1h_current_ma20_distance_pct >= 35.71 AND 2h_current_body_pct >= 13.74),ast,and_pair
270,54,98.18,39.63,4.1664,2.9508,49.26,4.4818,3.2553,51.48,4.6531,2.8484,49.26,4.475,1.9779,45.56,224.9831,-38.0914,7.6558,4.2436,1.508,7.6788,SF_AND_SF_1h_current_ma20_distance_pct_gte_35.705329_SF_2h_current_body_pct_gte_20.609914,(1h_current_ma20_distance_pct >= 35.71 AND 2h_current_body_pct >= 20.61),ast,and_pair
270,54,98.18,39.63,4.1664,2.9508,49.26,4.4818,3.2553,51.48,4.6531,2.8484,49.26,4.475,1.9779,45.56,224.9831,-38.0914,7.6558,4.2436,1.508,7.6788,SF_AND_SF_1h_current_ma20_distance_pct_gte_35.705329_SF_2h_current_range_pct_gte_14.964243,(1h_current_ma20_distance_pct >= 35.71 AND 2h_current_range_pct >= 14.96),ast,and_pair
270,54,98.18,39.63,4.1664,2.9508,49.26,4.4818,3.2553,51.48,4.6531,2.8484,49.26,4.475,1.9779,45.56,224.9831,-38.0914,7.6558,4.2436,1.508,7.6788,SF_AND_SF_1h_current_ma20_distance_pct_gte_35.705329_SF_30m_previous_ma20_distance_pct_gte_39.165157,(1h_current_ma20_distance_pct >= 35.71 AND 30m_previous_ma20_distance_pct >= 39.17),ast,and_pair
270,54,98.18,39.63,4.1664,2.9508,49.26,4.4818,3.2553,51.48,4.6531,2.8484,49.26,4.475,1.9779,45.56,224.9831,-38.0914,7.6558,4.2436,1.508,7.6788,SF_AND_SF_2h_current_body_pct_gte_13.739943_SF_30m_previous_ma20_distance_pct_gte_39.165157,(2h_current_body_pct >= 13.74 AND 30m_previous_ma20_distance_pct >= 39.17),ast,and_pair
270,54,98.18,39.63,4.1664,2.9508,49.26,4.4818,3.2553,51.48,4.6531,2.8484,49.26,4.475,1.9779,45.56,224.9831,-38.0914,7.6558,4.2436,1.508,7.6788,SF_AND_SF_2h_current_body_pct_gte_20.609914_SD_2h_current_return_pct_1h_current_return_pct_gte_13.61786,(2h_current_body_pct >= 20.61 AND (2h_current_return_pct - 1h_current_return_pct) >= 13.62),ast,and_pair
270,54,98.18,39.63,4.1664,2.9508,49.26,4.4818,3.2553,51.48,4.6531,2.8484,49.26,4.475,1.9779,45.56,224.9831,-38.0914,7.6558,4.2436,1.508,7.6788,SF_AND_SF_2h_current_body_pct_gte_20.609914_SF_15m_current_ma20_distance_pct_gte_17.364729,(2h_current_body_pct >= 20.61 AND 15m_current_ma20_distance_pct >= 17.36),ast,and_pair
270,54,98.18,39.63,4.1664,2.9508,49.26,4.4818,3.2553,51.48,4.6531,2.8484,49.26,4.475,1.9779,45.56,224.9831,-38.0914,7.6558,4.2436,1.508,7.6788,SF_AND_SF_2h_current_body_pct_gte_20.609914_SF_1h_current_ma20_distance_pct_gte_20.388471,(2h_current_body_pct >= 20.61 AND 1h_current_ma20_distance_pct >= 20.39),ast,and_pair
270,54,98.18,39.63,4.1664,2.9508,49.26,4.4818,3.2553,51.48,4.6531,2.8484,49.26,4.475,1.9779,45.56,224.9831,-38.0914,7.6558,4.2436,1.508,7.6788,SF_AND_SF_2h_current_body_pct_gte_20.609914_SF_30m_previous_ma20_distance_pct_gte_39.165157,(2h_current_body_pct >= 20.61 AND 30m_previous_ma20_distance_pct >= 39.17),ast,and_pair
270,54,98.18,39.63,4.1664,2.9508,49.26,4.4818,3.2553,51.48,4.6531,2.8484,49.26,4.475,1.9779,45.56,224.9831,-38.0914,7.6558,4.2436,1.508,7.6788,SF_AND_SF_30m_previous_ma20_distance_pct_gte_39.165157_SF_2h_current_range_pct_gte_14.964243,(30m_previous_ma20_distance_pct >= 39.17 AND 2h_current_range_pct >= 14.96),ast,and_pair
270,54,98.18,39.63,4.1664,2.9508,49.26,4.4818,3.2553,51.48,4.6531,2.8484,49.26,4.475,1.9779,45.56,224.9831,-38.0914,7.6558,4.2436,1.508,7.6788,SF_ATOM_26,30m_previous_ma20_distance_pct >= 39.17,ast,atom
270,54,98.18,39.63,4.1664,2.9508,49.26,4.4818,3.2553,51.48,4.6531,2.8484,49.26,4.475,1.9779,45.56,224.9831,-38.0914,7.6558,4.2436,1.508,7.6788,SF_ATOM_5,15m_current_ma20_distance_pct >= 26.75,ast,atom
270,54,98.18,39.63,4.1664,2.9508,49.26,4.4818,3.2553,51.48,4.6531,2.8484,49.26,4.475,1.9779,45.56,224.9831,-38.0914,7.6558,4.2436,1.508,7.6788,SF_ATOM_8,1h_current_ma20_distance_pct >= 35.71,ast,atom
270,54,98.18,39.63,4.1664,2.9508,49.26,4.4818,3.2553,51.48,4.6531,2.8484,49.26,4.475,1.9779,45.56,224.9831,-38.0914,7.6558,4.2436,1.508,7.6788,SF_ORAND_SF_15m_current_ma20_distance_pct_gte_26.750886,(15m_current_ma20_distance_pct >= 26.75 OR ((1h_current_range_pct - 1h_previous_range_pct) >= 21.98 AND 15m_current_ma20_distance_pct >= 26.75)),ast,or_and
270,54,98.18,39.63,4.1664,2.9508,49.26,4.4818,3.2553,51.48,4.6531,2.8484,49.26,4.475,1.9779,45.56,224.9831,-38.0914,7.6558,4.2436,1.508,7.6788,SF_ORAND_SF_1h_current_ma20_distance_pct_gte_35.705329,(1h_current_ma20_distance_pct >= 35.71 OR (2h_current_body_pct >= 20.61 AND 1h_current_ma20_distance_pct >= 35.71)),ast,or_and
270,54,98.18,39.63,4.1664,2.9508,49.26,4.4818,3.2553,51.48,4.6531,2.8484,49.26,4.475,1.9779,45.56,224.9831,-38.0914,7.6558,4.2436,1.508,7.6788,SF_OR_SD_1h_current_return_pct_15m_current_return_pct_gte_9.24094_SF_15m_current_ma20_distance_pct_gte_26.750886,((1h_current_return_pct - 15m_current_return_pct) >= 9.241 OR 15m_current_ma20_distance_pct >= 26.75),ast,or_pair
270,54,98.18,39.63,4.1664,2.9508,49.26,4.4818,3.2553,51.48,4.6531,2.8484,49.26,4.475,1.9779,45.56,224.9831,-38.0914,7.6558,4.2436,1.508,7.6788,SF_OR_SD_1h_current_return_pct_15m_current_return_pct_gte_9.24094_SF_1h_current_ma20_distance_pct_gte_35.705329,((1h_current_return_pct - 15m_current_return_pct) >= 9.241 OR 1h_current_ma20_distance_pct >= 35.71),ast,or_pair
270,54,98.18,39.63,4.1664,2.9508,49.26,4.4818,3.2553,51.48,4.6531,2.8484,49.26,4.475,1.9779,45.56,224.9831,-38.0914,7.6558,4.2436,1.508,7.6788,SF_OR_SD_1h_current_return_pct_15m_current_return_pct_gte_9.24094_SF_30m_previous_ma20_distance_pct_gte_39.165157,((1h_current_return_pct - 15m_current_return_pct) >= 9.241 OR 30m_previous_ma20_distance_pct >= 39.17),ast,or_pair
270,54,98.18,39.63,4.1664,2.9508,49.26,4.4818,3.2553,51.48,4.6531,2.8484,49.26,4.475,1.9779,45.56,224.9831,-38.0914,7.6558,4.2436,1.508,7.6788,SF_OR_SF_15m_current_ma20_distance_pct_gte_26.750886_SF_1h_current_ma20_distance_pct_gte_35.705329,(15m_current_ma20_distance_pct >= 26.75 OR 1h_current_ma20_distance_pct >= 35.71),ast,or_pair
270,54,98.18,39.63,4.1664,2.9508,49.26,4.4818,3.2553,51.48,4.6531,2.8484,49.26,4.475,1.9779,45.56,224.9831,-38.0914,7.6558,4.2436,1.508,7.6788,SF_OR_SF_15m_current_ma20_distance_pct_gte_26.750886_SF_1h_current_ma20_distance_pct_gte_51.022186,(15m_current_ma20_distance_pct >= 26.75 OR 1h_current_ma20_distance_pct >= 51.02),ast,or_pair
270,54,98.18,39.63,4.1664,2.9508,49.26,4.4818,3.2553,51.48,4.6531,2.8484,49.26,4.475,1.9779,45.56,224.9831,-38.0914,7.6558,4.2436,1.508,7.6788,SF_OR_SF_15m_current_ma20_distance_pct_gte_26.750886_SF_2h_previous_body_pct_gte_34.349857,(15m_current_ma20_distance_pct >= 26.75 OR 2h_previous_body_pct >= 34.35),ast,or_pair
270,54,98.18,39.63,4.1664,2.9508,49.26,4.4818,3.2553,51.48,4.6531,2.8484,49.26,4.475,1.9779,45.56,224.9831,-38.0914,7.6558,4.2436,1.508,7.6788,SF_OR_SF_15m_current_ma20_distance_pct_gte_26.750886_SF_30m_previous_ma20_distance_pct_gte_39.165157,(15m_current_ma20_distance_pct >= 26.75 OR 30m_previous_ma20_distance_pct >= 39.17),ast,or_pair
270,54,98.18,39.63,4.1664,2.9508,49.26,4.4818,3.2553,51.48,4.6531,2.8484,49.26,4.475,1.9779,45.56,224.9831,-38.0914,7.6558,4.2436,1.508,7.6788,SF_OR_SF_15m_current_return_pct_gte_10.127714_SF_15m_current_ma20_distance_pct_gte_26.750886,(15m_current_return_pct >= 10.13 OR 15m_current_ma20_distance_pct >= 26.75),ast,or_pair
270,54,98.18,39.63,4.1664,2.9508,49.26,4.4818,3.2553,51.48,4.6531,2.8484,49.26,4.475,1.9779,45.56,224.9831,-38.0914,7.6558,4.2436,1.508,7.6788,SF_OR_SF_15m_current_return_pct_gte_10.127714_SF_1h_current_ma20_distance_pct_gte_35.705329,(15m_current_return_pct >= 10.13 OR 1h_current_ma20_distance_pct >= 35.71),ast,or_pair
270,54,98.18,39.63,4.1664,2.9508,49.26,4.4818,3.2553,51.48,4.6531,2.8484,49.26,4.475,1.9779,45.56,224.9831,-38.0914,7.6558,4.2436,1.508,7.6788,SF_OR_SF_15m_current_return_pct_gte_10.127714_SF_30m_previous_ma20_distance_pct_gte_39.165157,(15m_current_return_pct >= 10.13 OR 30m_previous_ma20_distance_pct >= 39.17),ast,or_pair
270,54,98.18,39.63,4.1664,2.9508,49.26,4.4818,3.2553,51.48,4.6531,2.8484,49.26,4.475,1.9779,45.56,224.9831,-38.0914,7.6558,4.2436,1.508,7.6788,SF_OR_SF_1h_current_ma20_distance_pct_gte_35.705329_SF_2h_previous_body_pct_gte_34.349857,(1h_current_ma20_distance_pct >= 35.71 OR 2h_previous_body_pct >= 34.35),ast,or_pair
270,54,98.18,39.63,4.1664,2.9508,49.26,4.4818,3.2553,51.48,4.6531,2.8484,49.26,4.475,1.9779,45.56,224.9831,-38.0914,7.6558,4.2436,1.508,7.6788,SF_OR_SF_1h_current_ma20_distance_pct_gte_35.705329_SF_30m_previous_ma20_distance_pct_gte_39.165157,(1h_current_ma20_distance_pct >= 35.71 OR 30m_previous_ma20_distance_pct >= 39.17),ast,or_pair
270,54,98.18,39.63,4.1664,2.9508,49.26,4.4818,3.2553,51.48,4.6531,2.8484,49.26,4.475,1.9779,45.56,224.9831,-38.0914,7.6558,4.2436,1.508,7.6788,SF_OR_SF_1h_current_ma20_distance_pct_gte_51.022186_SF_1h_current_ma20_distance_pct_gte_35.705329,(1h_current_ma20_distance_pct >= 51.02 OR 1h_current_ma20_distance_pct >= 35.71),ast,or_pair
270,54,98.18,39.63,4.1664,2.9508,49.26,4.4818,3.2553,51.48,4.6531,2.8484,49.26,4.475,1.9779,45.56,224.9831,-38.0914,7.6558,4.2436,1.508,7.6788,SF_OR_SF_1h_current_ma20_distance_pct_gte_51.022186_SF_30m_previous_ma20_distance_pct_gte_39.165157,(1h_current_ma20_distance_pct >= 51.02 OR 30m_previous_ma20_distance_pct >= 39.17),ast,or_pair
270,54,98.18,39.63,4.1664,2.9508,49.26,4.4818,3.2553,51.48,4.6531,2.8484,49.26,4.475,1.9779,45.56,224.9831,-38.0914,7.6558,4.2436,1.508,7.6788,SF_OR_SF_1h_current_return_pct_gte_18.082043_SF_15m_current_ma20_distance_pct_gte_26.750886,(1h_current_return_pct >= 18.08 OR 15m_current_ma20_distance_pct >= 26.75),ast,or_pair
270,54,98.18,39.63,4.1664,2.9508,49.26,4.4818,3.2553,51.48,4.6531,2.8484,49.26,4.475,1.9779,45.56,224.9831,-38.0914,7.6558,4.2436,1.508,7.6788,SF_OR_SF_1h_current_return_pct_gte_18.082043_SF_1h_current_ma20_distance_pct_gte_35.705329,(1h_current_return_pct >= 18.08 OR 1h_current_ma20_distance_pct >= 35.71),ast,or_pair
270,54,98.18,39.63,4.1664,2.9508,49.26,4.4818,3.2553,51.48,4.6531,2.8484,49.26,4.475,1.9779,45.56,224.9831,-38.0914,7.6558,4.2436,1.508,7.6788,SF_OR_SF_1h_current_return_pct_gte_18.082043_SF_30m_previous_ma20_distance_pct_gte_39.165157,(1h_current_return_pct >= 18.08 OR 30m_previous_ma20_distance_pct >= 39.17),ast,or_pair
270,54,98.18,39.63,4.1664,2.9508,49.26,4.4818,3.2553,51.48,4.6531,2.8484,49.26,4.475,1.9779,45.56,224.9831,-38.0914,7.6558,4.2436,1.508,7.6788,SF_OR_SF_1h_current_return_pct_gte_8.969214_SF_15m_current_ma20_distance_pct_gte_26.750886,(1h_current_return_pct >= 8.969 OR 15m_current_ma20_distance_pct >= 26.75),ast,or_pair
270,54,98.18,39.63,4.1664,2.9508,49.26,4.4818,3.2553,51.48,4.6531,2.8484,49.26,4.475,1.9779,45.56,224.9831,-38.0914,7.6558,4.2436,1.508,7.6788,SF_OR_SF_1h_current_return_pct_gte_8.969214_SF_1h_current_ma20_distance_pct_gte_35.705329,(1h_current_return_pct >= 8.969 OR 1h_current_ma20_distance_pct >= 35.71),ast,or_pair
270,54,98.18,39.63,4.1664,2.9508,49.26,4.4818,3.2553,51.48,4.6531,2.8484,49.26,4.475,1.9779,45.56,224.9831,-38.0914,7.6558,4.2436,1.508,7.6788,SF_OR_SF_1h_current_return_pct_gte_8.969214_SF_30m_previous_ma20_distance_pct_gte_39.165157,(1h_current_return_pct >= 8.969 OR 30m_previous_ma20_distance_pct >= 39.17),ast,or_pair
270,54,98.18,39.63,4.1664,2.9508,49.26,4.4818,3.2553,51.48,4.6531,2.8484,49.26,4.475,1.9779,45.56,224.9831,-38.0914,7.6558,4.2436,1.508,7.6788,SF_OR_SF_2h_previous_body_pct_gte_34.349857_SF_30m_previous_ma20_distance_pct_gte_39.165157,(2h_previous_body_pct >= 34.35 OR 30m_previous_ma20_distance_pct >= 39.17),ast,or_pair
270,54,98.18,39.63,4.1784,2.9508,49.26,4.5232,3.2553,51.48,4.6847,2.8484,49.26,4.498,2.1492,45.93,225.6341,-38.0914,7.6815,4.2559,1.5246,7.5994,SF_OR_SF_15m_current_ma20_distance_pct_gte_26.750886_SF_2h_previous_return_pct_gte_26.298514,(15m_current_ma20_distance_pct >= 26.75 OR 2h_previous_return_pct >= 26.3),ast,or_pair
270,54,98.18,39.63,4.1784,2.9508,49.26,4.5232,3.2553,51.48,4.6847,2.8484,49.26,4.498,2.1492,45.93,225.6341,-38.0914,7.6815,4.2559,1.5246,7.5994,SF_OR_SF_1h_current_ma20_distance_pct_gte_35.705329_SF_2h_previous_return_pct_gte_26.298514,(1h_current_ma20_distance_pct >= 35.71 OR 2h_previous_return_pct >= 26.3),ast,or_pair
270,54,98.18,39.63,4.1784,2.9508,49.26,4.5232,3.2553,51.48,4.6847,2.8484,49.26,4.498,2.1492,45.93,225.6341,-38.0914,7.6815,4.2559,1.5246,7.5994,SF_OR_SF_30m_previous_ma20_distance_pct_gte_39.165157_SF_2h_previous_return_pct_gte_26.298514,(30m_previous_ma20_distance_pct >= 39.17 OR 2h_previous_return_pct >= 26.3),ast,or_pair
270,54,98.18,39.63,4.0791,2.9508,49.26,4.4209,3.2553,51.48,4.5466,2.8484,49.26,4.2997,1.9779,45.56,220.2689,-38.0914,7.3882,4.1547,1.5198,7.5936,SF_ATOM_62,30m_previous_range_pct >= 20.61,ast,atom
270,54,98.18,38.89,5.0036,3.2745,53.33,5.574,3.5066,54.44,5.7203,3.428,52.22,5.7965,2.5246,47.04,270.1948,-35.8191,10.303,5.0964,1.7627,7.5497,SF_LIN_1h_current_return_pct_0_50,linear(1h_current_return_pct * 0.50),linear,linear_single
270,54,98.18,39.26,4.0673,2.9291,48.89,4.3743,3.2553,51.48,4.4474,2.7809,48.89,4.389,1.8015,45.56,219.6359,-38.0914,7.3864,4.1427,1.5086,7.4981,SF_ATOM_37,5m_seq_body_energy_6 >= 8.052,ast,atom
270,54,98.18,40.37,4.113,2.9508,49.26,4.4758,3.295,51.85,4.7184,2.9154,49.63,4.613,2.1492,45.93,222.1007,-38.0914,7.5093,4.1892,1.5751,7.4753,SF_OR_SD_1h_current_range_pct_1h_previous_range_pct_gte_21.98114_SF_1h_current_ma20_distance_pct_gte_35.705329,((1h_current_range_pct - 1h_previous_range_pct) >= 21.98 OR 1h_current_ma20_distance_pct >= 35.71),ast,or_pair
270,54,98.18,40.37,4.113,2.9508,49.26,4.4758,3.295,51.85,4.7184,2.9154,49.63,4.613,2.1492,45.93,222.1007,-38.0914,7.5093,4.1892,1.5751,7.4753,SF_OR_SF_1h_current_ma20_distance_pct_gte_35.705329_SF_2h_current_range_pct_gte_44.892729,(1h_current_ma20_distance_pct >= 35.71 OR 2h_current_range_pct >= 44.89),ast,or_pair
270,54,98.18,39.26,4.1998,2.9508,49.26,4.6842,3.2553,51.48,4.772,2.9154,49.63,4.5943,2.1492,45.93,226.7887,-38.0914,7.8415,4.2777,1.5543,7.3833,SF_NOT_SF_15m_current_body_pct_gte_13.6371,NOT (15m_current_body_pct >= 13.64),ast,not
270,54,98.18,39.26,4.1998,2.9508,49.26,4.6842,3.2553,51.48,4.772,2.9154,49.63,4.5943,2.1492,45.93,226.7887,-38.0914,7.8415,4.2777,1.5543,7.3833,SF_NOT_SF_30m_current_range_pct_gte_22.8592,NOT (30m_current_range_pct >= 22.86),ast,not
270,54,98.18,40.37,3.9982,2.9508,49.26,4.3545,3.295,51.85,4.5831,2.8484,49.26,4.501,2.1492,45.93,215.9011,-38.0914,7.1081,4.0723,1.5903,7.3648,SF_OR_SF_1h_current_ma20_distance_pct_gte_35.705329_SF_30m_current_range_pct_gte_22.8592,(1h_current_ma20_distance_pct >= 35.71 OR 30m_current_range_pct >= 22.86),ast,or_pair
270,54,98.18,40.37,3.9982,2.9508,49.26,4.3545,3.295,51.85,4.5831,2.8484,49.26,4.501,2.1492,45.93,215.9011,-38.0914,7.1081,4.0723,1.5903,7.3648,SF_OR_SF_1h_current_ma20_distance_pct_gte_35.705329_SF_derived_range_expansion_gte_19.663914,(1h_current_ma20_distance_pct >= 35.71 OR derived_range_expansion >= 19.66),ast,or_pair
270,54,98.18,38.15,5.0033,3.286,53.7,5.7548,3.584,54.44,5.9299,3.5371,52.96,6.3927,2.7926,49.63,270.1785,-38.3219,10.3927,5.096,1.7366,7.3558,SF_LIN_1h_current_return_pct_1_00,linear(1h_current_return_pct * 1.00),linear,linear_single
270,54,98.18,38.15,4.9204,3.2104,52.59,5.6447,3.3322,52.59,5.7454,3.0815,50.74,6.1771,2.6026,47.78,265.704,-38.3219,10.2372,5.0116,1.6908,7.3379,SF_LIN_1h_current_return_pct_2_00,linear(1h_current_return_pct * 2.00),linear,linear_single
270,54,98.18,37.41,4.8363,3.1924,51.48,5.5653,3.2761,51.85,5.6533,2.989,50.0,6.0813,2.475,46.67,261.1589,-38.3219,10.0972,4.926,1.6156,7.3187,SF_LIN_1h_current_return_pct_3_00,linear(1h_current_return_pct * 3.00),linear,linear_single
270,54,98.18,40.37,3.8252,2.9508,49.26,4.6186,3.295,51.85,4.5843,2.9154,49.63,4.7825,1.8015,45.56,206.5606,-44.7904,6.8345,3.8961,1.4584,7.3025,SF_ATOM_78,1h_previous_return_pct <= -7.892,ast,atom
270,54,98.18,40.0,3.9989,2.9508,49.26,4.3057,3.2553,51.48,4.4714,2.7809,48.89,4.3717,1.9779,45.56,215.942,-38.0914,7.1096,4.073,1.5902,7.2915,SF_OR_SF_1h_current_ma20_distance_pct_gte_35.705329_SF_15m_current_body_pct_gte_13.6371,(1h_current_ma20_distance_pct >= 35.71 OR 15m_current_body_pct >= 13.64),ast,or_pair
270,54,98.18,40.0,3.9989,2.9508,49.26,4.3057,3.2553,51.48,4.4714,2.7809,48.89,4.3717,1.9779,45.56,215.942,-38.0914,7.1096,4.073,1.5902,7.2915,SF_OR_SF_1h_current_ma20_distance_pct_gte_35.705329_SF_30m_current_body_pct_gte_15.970929,(1h_current_ma20_distance_pct >= 35.71 OR 30m_current_body_pct >= 15.97),ast,or_pair
270,54,98.18,39.26,2.989,2.5366,44.44,3.8416,2.7388,47.78,4.5749,2.6794,48.15,4.9188,1.9779,46.3,161.405,-63.7533,5.0547,3.0444,0.7975,7.2739,SF_ATOM_69,1h_previous_range_pct >= 13.05,ast,atom
270,54,98.18,39.63,4.0007,2.9291,48.89,4.3756,3.1566,51.11,4.4475,2.8484,49.26,4.4202,1.9779,45.56,216.0376,-44.7904,7.2988,4.0749,1.4321,7.2647,SF_AND_SF_30m_current_range_pct_gte_12.1684_SD_1h_current_return_pct_15m_current_return_pct_lte_-12.62842,(30m_current_range_pct >= 12.17 AND (1h_current_return_pct - 15m_current_return_pct) <= -12.63),ast,and_pair
270,54,98.18,39.26,4.1274,2.9508,49.26,4.4938,3.2553,51.48,4.5785,2.8484,49.26,4.4613,1.9779,45.56,222.8805,-44.3496,7.6215,4.2039,1.4554,7.2303,SF_ATOM_48,1h_previous_range_pct >= 32.64,ast,atom
270,54,98.18,36.3,3.878,2.7789,47.04,4.6054,3.0746,50.74,5.0883,2.8484,49.26,5.6911,2.255,46.3,209.4133,-36.383,7.9909,3.9499,1.4045,7.1706,SF_NOT_SF_1h_current_ma20_distance_pct_gte_51.022186,NOT (1h_current_ma20_distance_pct >= 51.02),ast,not
270,54,98.18,40.37,4.1586,2.9779,49.63,4.7227,3.3166,52.22,4.9505,2.989,50.0,4.8427,2.1492,45.93,224.567,-44.3496,7.6276,4.2357,1.5316,7.1546,SF_ATOM_71,(1h_current_body_pct - 1h_previous_body_pct) <= -10.85,ast,atom
270,54,98.18,38.89,3.8705,2.855,47.78,4.3766,3.295,51.48,4.4495,2.8439,48.89,4.3973,1.8015,45.56,209.0076,-49.7272,7.057,3.9422,1.2763,7.1409,SF_ATOM_23,1h_current_ma20_distance_pct >= 20.39,ast,atom
270,54,98.18,38.89,3.8705,2.855,47.78,4.3766,3.295,51.48,4.4495,2.8439,48.89,4.3973,1.8015,45.56,209.0076,-49.7272,7.057,3.9422,1.2763,7.1409,SF_OR_SD_1h_current_return_pct_15m_current_return_pct_gte_9.24094_SF_1h_current_ma20_distance_pct_gte_20.388471,((1h_current_return_pct - 15m_current_return_pct) >= 9.241 OR 1h_current_ma20_distance_pct >= 20.39),ast,or_pair
270,54,98.18,38.89,3.8705,2.855,47.78,4.3766,3.295,51.48,4.4495,2.8439,48.89,4.3973,1.8015,45.56,209.0076,-49.7272,7.057,3.9422,1.2763,7.1409,SF_OR_SF_15m_current_ma20_distance_pct_gte_26.750886_SF_1h_current_ma20_distance_pct_gte_20.388471,(15m_current_ma20_distance_pct >= 26.75 OR 1h_current_ma20_distance_pct >= 20.39),ast,or_pair
270,54,98.18,38.89,3.8705,2.855,47.78,4.3766,3.295,51.48,4.4495,2.8439,48.89,4.3973,1.8015,45.56,209.0076,-49.7272,7.057,3.9422,1.2763,7.1409,SF_OR_SF_15m_current_return_pct_gte_10.127714_SF_1h_current_ma20_distance_pct_gte_20.388471,(15m_current_return_pct >= 10.13 OR 1h_current_ma20_distance_pct >= 20.39),ast,or_pair
270,54,98.18,38.89,3.8705,2.855,47.78,4.3766,3.295,51.48,4.4495,2.8439,48.89,4.3973,1.8015,45.56,209.0076,-49.7272,7.057,3.9422,1.2763,7.1409,SF_OR_SF_1h_current_ma20_distance_pct_gte_20.388471_SF_30m_previous_ma20_distance_pct_gte_39.165157,(1h_current_ma20_distance_pct >= 20.39 OR 30m_previous_ma20_distance_pct >= 39.17),ast,or_pair
270,54,98.18,38.89,3.8705,2.855,47.78,4.3766,3.295,51.48,4.4495,2.8439,48.89,4.3973,1.8015,45.56,209.0076,-49.7272,7.057,3.9422,1.2763,7.1409,SF_OR_SF_1h_current_ma20_distance_pct_gte_35.705329_SF_1h_current_ma20_distance_pct_gte_20.388471,(1h_current_ma20_distance_pct >= 35.71 OR 1h_current_ma20_distance_pct >= 20.39),ast,or_pair
270,54,98.18,38.89,3.8705,2.855,47.78,4.3766,3.295,51.48,4.4495,2.8439,48.89,4.3973,1.8015,45.56,209.0076,-49.7272,7.057,3.9422,1.2763,7.1409,SF_OR_SF_1h_current_ma20_distance_pct_gte_51.022186_SF_1h_current_ma20_distance_pct_gte_20.388471,(1h_current_ma20_distance_pct >= 51.02 OR 1h_current_ma20_distance_pct >= 20.39),ast,or_pair
270,54,98.18,38.89,3.8705,2.855,47.78,4.3766,3.295,51.48,4.4495,2.8439,48.89,4.3973,1.8015,45.56,209.0076,-49.7272,7.057,3.9422,1.2763,7.1409,SF_OR_SF_1h_current_return_pct_gte_18.082043_SF_1h_current_ma20_distance_pct_gte_20.388471,(1h_current_return_pct >= 18.08 OR 1h_current_ma20_distance_pct >= 20.39),ast,or_pair
270,54,98.18,38.89,3.8705,2.855,47.78,4.3766,3.295,51.48,4.4495,2.8439,48.89,4.3973,1.8015,45.56,209.0076,-49.7272,7.057,3.9422,1.2763,7.1409,SF_OR_SF_1h_current_return_pct_gte_8.969214_SF_1h_current_ma20_distance_pct_gte_20.388471,(1h_current_return_pct >= 8.969 OR 1h_current_ma20_distance_pct >= 20.39),ast,or_pair
270,54,98.18,38.89,3.8705,2.855,47.78,4.3766,3.295,51.48,4.4495,2.8439,48.89,4.3973,1.8015,45.56,209.0076,-49.7272,7.057,3.9422,1.2763,7.1409,SF_OR_SF_2h_previous_body_pct_gte_34.349857_SF_1h_current_ma20_distance_pct_gte_20.388471,(2h_previous_body_pct >= 34.35 OR 1h_current_ma20_distance_pct >= 20.39),ast,or_pair
270,54,98.18,38.89,3.8345,2.8157,47.41,4.327,3.2553,51.11,4.4153,2.8439,48.89,4.3837,1.7458,45.19,207.0625,-49.7272,6.9798,3.9056,1.2613,7.1311,SF_OR_SF_15m_current_ma20_distance_pct_gte_17.364729_SF_1h_current_ma20_distance_pct_gte_20.388471,(15m_current_ma20_distance_pct >= 17.36 OR 1h_current_ma20_distance_pct >= 20.39),ast,or_pair
270,54,98.18,38.89,3.845,2.8157,47.41,4.3433,3.2553,51.11,4.383,2.7809,48.52,4.3908,1.8015,45.56,207.6284,-49.7272,7.0078,3.9163,1.2646,7.1178,SF_OR_SF_1h_current_ma20_distance_pct_gte_20.388471_SD_2h_current_return_pct_1h_current_return_pct_gte_13.61786,(1h_current_ma20_distance_pct >= 20.39 OR (2h_current_return_pct - 1h_current_return_pct) >= 13.62),ast,or_pair
270,54,98.18,38.89,3.8918,2.9291,48.89,4.2266,3.1566,51.11,4.3908,2.7809,48.89,4.5028,2.1492,45.56,210.1571,-38.0914,7.5224,3.9639,1.5658,7.0854,SF_NOT_SF_derived_range_expansion_gte_19.663914,NOT (derived_range_expansion >= 19.66),ast,not
270,54,98.18,38.89,4.2358,2.9508,49.26,4.6296,3.2553,51.48,4.6383,2.8484,49.26,4.6704,1.9779,45.56,228.7318,-38.0914,8.0161,4.3143,1.6047,7.0681,SF_NOT_SF_2h_previous_body_pct_gte_34.349857,NOT (2h_previous_body_pct >= 34.35),ast,not
270,54,98.18,38.89,3.8815,2.855,47.78,4.4196,3.295,51.48,4.4816,2.8439,48.89,4.445,1.9779,45.93,209.6025,-49.7272,7.0797,3.9535,1.2926,7.0627,SF_OR_SF_1h_current_ma20_distance_pct_gte_20.388471_SF_2h_previous_return_pct_gte_26.298514,(1h_current_ma20_distance_pct >= 20.39 OR 2h_previous_return_pct >= 26.3),ast,or_pair
270,54,98.18,39.63,3.9568,2.8971,48.52,4.2487,3.0746,50.74,4.338,2.7241,48.52,4.2469,1.9779,45.56,213.6671,-44.3496,7.0796,4.0301,1.4668,7.0481,SF_ATOM_70,15m_previous_range_pct >= 11.88,ast,atom
270,54,98.18,40.74,3.7395,2.8756,48.15,4.1694,3.2553,51.48,4.2562,2.7809,48.89,4.2723,1.9779,45.56,201.9308,-45.1761,6.5339,3.8088,1.4734,7.0152,SF_AND_SF_derived_range_expansion_gte_8.077786_SF_30m_current_range_pct_gte_12.1684,(derived_range_expansion >= 8.078 AND 30m_current_range_pct >= 12.17),ast,and_pair
270,54,98.18,34.81,3.0627,2.5434,44.81,3.3469,2.9276,49.26,3.0824,2.4909,46.67,3.9104,1.8015,44.44,165.3855,-42.8132,6.9324,3.1195,1.1098,7.0125,SF_NOT_SD_1h_current_return_pct_15m_current_return_pct_gte_9.24094,NOT ((1h_current_return_pct - 15m_current_return_pct) >= 9.241),ast,not
270,54,98.18,40.0,3.8457,2.8756,48.15,4.4939,3.2553,51.48,4.6815,2.8484,49.26,4.6558,1.9779,45.56,207.6678,-44.7904,6.8715,3.917,1.4643,6.9832,SF_ATOM_55,1h_previous_body_pct >= 11.63,ast,atom
270,54,98.18,38.15,4.9725,3.2455,52.96,5.6757,3.3773,52.96,5.7929,3.1,51.11,6.2326,2.6026,47.78,268.5143,-38.3219,10.3604,5.0647,1.7802,6.9806,SF_LIN_1h_current_return_pct_1_50,linear(1h_current_return_pct * 1.50),linear,linear_single
270,54,98.18,40.0,4.074,2.9508,49.26,4.4878,3.295,51.85,4.6438,2.9154,49.63,4.5994,2.1492,45.93,219.9981,-44.7904,7.4745,4.1495,1.5237,6.9767,SF_AND_SD_1h_current_range_pct_1h_previous_range_pct_gte_21.98114_SD_1h_current_range_pct_1h_previous_range_pct_gte_5.76056,((1h_current_range_pct - 1h_previous_range_pct) >= 21.98 AND (1h_current_range_pct - 1h_previous_range_pct) >= 5.761),ast,and_pair
270,54,98.18,40.0,4.074,2.9508,49.26,4.4878,3.295,51.85,4.6438,2.9154,49.63,4.5994,2.1492,45.93,219.9981,-44.7904,7.4745,4.1495,1.5237,6.9767,SF_AND_SD_1h_current_range_pct_1h_previous_range_pct_gte_21.98114_SF_2h_current_range_pct_gte_14.964243,((1h_current_range_pct - 1h_previous_range_pct) >= 21.98 AND 2h_current_range_pct >= 14.96),ast,and_pair
270,54,98.18,40.0,4.074,2.9508,49.26,4.4878,3.295,51.85,4.6438,2.9154,49.63,4.5994,2.1492,45.93,219.9981,-44.7904,7.4745,4.1495,1.5237,6.9767,SF_AND_SD_1h_current_range_pct_1h_previous_range_pct_gte_21.98114_SF_2h_current_range_pct_gte_29.928486,((1h_current_range_pct - 1h_previous_range_pct) >= 21.98 AND 2h_current_range_pct >= 29.93),ast,and_pair
270,54,98.18,40.0,4.074,2.9508,49.26,4.4878,3.295,51.85,4.6438,2.9154,49.63,4.5994,2.1492,45.93,219.9981,-44.7904,7.4745,4.1495,1.5237,6.9767,SF_AND_SD_1h_current_range_pct_1h_previous_range_pct_gte_21.98114_SF_2h_current_range_pct_gte_44.892729,((1h_current_range_pct - 1h_previous_range_pct) >= 21.98 AND 2h_current_range_pct >= 44.89),ast,and_pair
270,54,98.18,40.0,4.074,2.9508,49.26,4.4878,3.295,51.85,4.6438,2.9154,49.63,4.5994,2.1492,45.93,219.9981,-44.7904,7.4745,4.1495,1.5237,6.9767,SF_AND_SD_1h_current_range_pct_1h_previous_range_pct_gte_21.98114_SF_30m_current_range_pct_gte_12.1684,((1h_current_range_pct - 1h_previous_range_pct) >= 21.98 AND 30m_current_range_pct >= 12.17),ast,and_pair
270,54,98.18,40.0,4.074,2.9508,49.26,4.4878,3.295,51.85,4.6438,2.9154,49.63,4.5994,2.1492,45.93,219.9981,-44.7904,7.4745,4.1495,1.5237,6.9767,SF_AND_SD_1h_current_range_pct_1h_previous_range_pct_gte_21.98114_SF_30m_current_range_pct_gte_22.8592,((1h_current_range_pct - 1h_previous_range_pct) >= 21.98 AND 30m_current_range_pct >= 22.86),ast,and_pair
270,54,98.18,40.0,4.074,2.9508,49.26,4.4878,3.295,51.85,4.6438,2.9154,49.63,4.5994,2.1492,45.93,219.9981,-44.7904,7.4745,4.1495,1.5237,6.9767,SF_AND_SD_1h_current_range_pct_1h_previous_range_pct_gte_21.98114_SF_derived_range_expansion_gte_19.663914,((1h_current_range_pct - 1h_previous_range_pct) >= 21.98 AND derived_range_expansion >= 19.66),ast,and_pair
270,54,98.18,40.0,4.074,2.9508,49.26,4.4878,3.295,51.85,4.6438,2.9154,49.63,4.5994,2.1492,45.93,219.9981,-44.7904,7.4745,4.1495,1.5237,6.9767,SF_AND_SD_1h_current_range_pct_1h_previous_range_pct_gte_21.98114_SF_derived_range_expansion_gte_8.077786,((1h_current_range_pct - 1h_previous_range_pct) >= 21.98 AND derived_range_expansion >= 8.078),ast,and_pair
270,54,98.18,40.0,4.074,2.9508,49.26,4.4878,3.295,51.85,4.6438,2.9154,49.63,4.5994,2.1492,45.93,219.9981,-44.7904,7.4745,4.1495,1.5237,6.9767,SF_AND_SF_2h_current_range_pct_gte_29.928486_SF_2h_current_range_pct_gte_44.892729,(2h_current_range_pct >= 29.93 AND 2h_current_range_pct >= 44.89),ast,and_pair
270,54,98.18,40.0,4.074,2.9508,49.26,4.4878,3.295,51.85,4.6438,2.9154,49.63,4.5994,2.1492,45.93,219.9981,-44.7904,7.4745,4.1495,1.5237,6.9767,SF_AND_SF_2h_current_range_pct_gte_44.892729_SD_1h_current_range_pct_1h_previous_range_pct_gte_5.76056,(2h_current_range_pct >= 44.89 AND (1h_current_range_pct - 1h_previous_range_pct) >= 5.761),ast,and_pair
270,54,98.18,40.0,4.074,2.9508,49.26,4.4878,3.295,51.85,4.6438,2.9154,49.63,4.5994,2.1492,45.93,219.9981,-44.7904,7.4745,4.1495,1.5237,6.9767,SF_AND_SF_2h_current_range_pct_gte_44.892729_SF_2h_current_range_pct_gte_14.964243,(2h_current_range_pct >= 44.89 AND 2h_current_range_pct >= 14.96),ast,and_pair
270,54,98.18,40.0,4.074,2.9508,49.26,4.4878,3.295,51.85,4.6438,2.9154,49.63,4.5994,2.1492,45.93,219.9981,-44.7904,7.4745,4.1495,1.5237,6.9767,SF_AND_SF_2h_current_range_pct_gte_44.892729_SF_30m_current_range_pct_gte_12.1684,(2h_current_range_pct >= 44.89 AND 30m_current_range_pct >= 12.17),ast,and_pair
270,54,98.18,40.0,4.074,2.9508,49.26,4.4878,3.295,51.85,4.6438,2.9154,49.63,4.5994,2.1492,45.93,219.9981,-44.7904,7.4745,4.1495,1.5237,6.9767,SF_AND_SF_2h_current_range_pct_gte_44.892729_SF_30m_current_range_pct_gte_22.8592,(2h_current_range_pct >= 44.89 AND 30m_current_range_pct >= 22.86),ast,and_pair
270,54,98.18,40.0,4.074,2.9508,49.26,4.4878,3.295,51.85,4.6438,2.9154,49.63,4.5994,2.1492,45.93,219.9981,-44.7904,7.4745,4.1495,1.5237,6.9767,SF_AND_SF_2h_current_range_pct_gte_44.892729_SF_derived_range_expansion_gte_8.077786,(2h_current_range_pct >= 44.89 AND derived_range_expansion >= 8.078),ast,and_pair
270,54,98.18,40.0,4.074,2.9508,49.26,4.4878,3.295,51.85,4.6438,2.9154,49.63,4.5994,2.1492,45.93,219.9981,-44.7904,7.4745,4.1495,1.5237,6.9767,SF_AND_SF_derived_range_expansion_gte_19.663914_SF_2h_current_range_pct_gte_44.892729,(derived_range_expansion >= 19.66 AND 2h_current_range_pct >= 44.89),ast,and_pair
270,54,98.18,40.0,4.074,2.9508,49.26,4.4878,3.295,51.85,4.6438,2.9154,49.63,4.5994,2.1492,45.93,219.9981,-44.7904,7.4745,4.1495,1.5237,6.9767,SF_ATOM_16,2h_current_range_pct >= 44.89,ast,atom
270,54,98.18,40.0,4.074,2.9508,49.26,4.4878,3.295,51.85,4.6438,2.9154,49.63,4.5994,2.1492,45.93,219.9981,-44.7904,7.4745,4.1495,1.5237,6.9767,SF_ATOM_6,(1h_current_range_pct - 1h_previous_range_pct) >= 21.98,ast,atom
270,54,98.18,40.0,4.074,2.9508,49.26,4.4878,3.295,51.85,4.6438,2.9154,49.63,4.5994,2.1492,45.93,219.9981,-44.7904,7.4745,4.1495,1.5237,6.9767,SF_ORAND_SD_1h_current_range_pct_1h_previous_range_pct_gte_21.98114,((1h_current_range_pct - 1h_previous_range_pct) >= 21.98 OR (1h_current_ma20_distance_pct >= 51.02 AND (1h_current_range_pct - 1h_previous_range_pct) >= 21.98)),ast,or_and
270,54,98.18,40.0,4.074,2.9508,49.26,4.4878,3.295,51.85,4.6438,2.9154,49.63,4.5994,2.1492,45.93,219.9981,-44.7904,7.4745,4.1495,1.5237,6.9767,SF_OR_SD_1h_current_range_pct_1h_previous_range_pct_gte_21.98114_SF_1h_current_ma20_distance_pct_gte_51.022186,((1h_current_range_pct - 1h_previous_range_pct) >= 21.98 OR 1h_current_ma20_distance_pct >= 51.02),ast,or_pair
270,54,98.18,40.0,4.074,2.9508,49.26,4.4878,3.295,51.85,4.6438,2.9154,49.63,4.5994,2.1492,45.93,219.9981,-44.7904,7.4745,4.1495,1.5237,6.9767,SF_OR_SD_1h_current_range_pct_1h_previous_range_pct_gte_21.98114_SF_2h_current_range_pct_gte_44.892729,((1h_current_range_pct - 1h_previous_range_pct) >= 21.98 OR 2h_current_range_pct >= 44.89),ast,or_pair
270,54,98.18,40.0,4.074,2.9508,49.26,4.4878,3.295,51.85,4.6438,2.9154,49.63,4.5994,2.1492,45.93,219.9981,-44.7904,7.4745,4.1495,1.5237,6.9767,SF_OR_SD_1h_current_range_pct_1h_previous_range_pct_gte_21.98114_SF_2h_previous_body_pct_gte_34.349857,((1h_current_range_pct - 1h_previous_range_pct) >= 21.98 OR 2h_previous_body_pct >= 34.35),ast,or_pair
270,54,98.18,40.0,4.074,2.9508,49.26,4.4878,3.295,51.85,4.6438,2.9154,49.63,4.5994,2.1492,45.93,219.9981,-44.7904,7.4745,4.1495,1.5237,6.9767,SF_OR_SD_1h_current_return_pct_15m_current_return_pct_gte_9.24094_SD_1h_current_range_pct_1h_previous_range_pct_gte_21.98114,((1h_current_return_pct - 15m_current_return_pct) >= 9.241 OR (1h_current_range_pct - 1h_previous_range_pct) >= 21.98),ast,or_pair
270,54,98.18,40.0,4.074,2.9508,49.26,4.4878,3.295,51.85,4.6438,2.9154,49.63,4.5994,2.1492,45.93,219.9981,-44.7904,7.4745,4.1495,1.5237,6.9767,SF_OR_SD_1h_current_return_pct_15m_current_return_pct_gte_9.24094_SF_2h_current_range_pct_gte_44.892729,((1h_current_return_pct - 15m_current_return_pct) >= 9.241 OR 2h_current_range_pct >= 44.89),ast,or_pair
270,54,98.18,40.0,4.074,2.9508,49.26,4.4878,3.295,51.85,4.6438,2.9154,49.63,4.5994,2.1492,45.93,219.9981,-44.7904,7.4745,4.1495,1.5237,6.9767,SF_OR_SF_15m_current_return_pct_gte_10.127714_SD_1h_current_range_pct_1h_previous_range_pct_gte_21.98114,(15m_current_return_pct >= 10.13 OR (1h_current_range_pct - 1h_previous_range_pct) >= 21.98),ast,or_pair
270,54,98.18,40.0,4.074,2.9508,49.26,4.4878,3.295,51.85,4.6438,2.9154,49.63,4.5994,2.1492,45.93,219.9981,-44.7904,7.4745,4.1495,1.5237,6.9767,SF_OR_SF_15m_current_return_pct_gte_10.127714_SF_2h_current_range_pct_gte_44.892729,(15m_current_return_pct >= 10.13 OR 2h_current_range_pct >= 44.89),ast,or_pair
270,54,98.18,40.0,4.074,2.9508,49.26,4.4878,3.295,51.85,4.6438,2.9154,49.63,4.5994,2.1492,45.93,219.9981,-44.7904,7.4745,4.1495,1.5237,6.9767,SF_OR_SF_1h_current_ma20_distance_pct_gte_51.022186_SF_2h_current_range_pct_gte_44.892729,(1h_current_ma20_distance_pct >= 51.02 OR 2h_current_range_pct >= 44.89),ast,or_pair
270,54,98.18,40.0,4.074,2.9508,49.26,4.4878,3.295,51.85,4.6438,2.9154,49.63,4.5994,2.1492,45.93,219.9981,-44.7904,7.4745,4.1495,1.5237,6.9767,SF_OR_SF_1h_current_return_pct_gte_18.082043_SD_1h_current_range_pct_1h_previous_range_pct_gte_21.98114,(1h_current_return_pct >= 18.08 OR (1h_current_range_pct - 1h_previous_range_pct) >= 21.98),ast,or_pair
270,54,98.18,40.0,4.074,2.9508,49.26,4.4878,3.295,51.85,4.6438,2.9154,49.63,4.5994,2.1492,45.93,219.9981,-44.7904,7.4745,4.1495,1.5237,6.9767,SF_OR_SF_1h_current_return_pct_gte_18.082043_SF_2h_current_range_pct_gte_44.892729,(1h_current_return_pct >= 18.08 OR 2h_current_range_pct >= 44.89),ast,or_pair
270,54,98.18,40.0,4.074,2.9508,49.26,4.4878,3.295,51.85,4.6438,2.9154,49.63,4.5994,2.1492,45.93,219.9981,-44.7904,7.4745,4.1495,1.5237,6.9767,SF_OR_SF_1h_current_return_pct_gte_8.969214_SD_1h_current_range_pct_1h_previous_range_pct_gte_21.98114,(1h_current_return_pct >= 8.969 OR (1h_current_range_pct - 1h_previous_range_pct) >= 21.98),ast,or_pair
270,54,98.18,40.0,4.074,2.9508,49.26,4.4878,3.295,51.85,4.6438,2.9154,49.63,4.5994,2.1492,45.93,219.9981,-44.7904,7.4745,4.1495,1.5237,6.9767,SF_OR_SF_1h_current_return_pct_gte_8.969214_SF_2h_current_range_pct_gte_44.892729,(1h_current_return_pct >= 8.969 OR 2h_current_range_pct >= 44.89),ast,or_pair
270,54,98.18,40.0,4.074,2.9508,49.26,4.4878,3.295,51.85,4.6438,2.9154,49.63,4.5994,2.1492,45.93,219.9981,-44.7904,7.4745,4.1495,1.5237,6.9767,SF_OR_SF_2h_previous_body_pct_gte_34.349857_SF_2h_current_range_pct_gte_44.892729,(2h_previous_body_pct >= 34.35 OR 2h_current_range_pct >= 44.89),ast,or_pair
270,54,98.18,40.37,4.0539,2.9291,48.89,4.6021,3.3625,52.59,4.8258,2.9154,49.63,4.7959,2.1492,45.93,218.9127,-44.7904,7.3969,4.129,1.53,6.9391,SF_OR_SD_1h_current_range_pct_1h_previous_range_pct_gte_21.98114_SF_15m_current_ma20_distance_pct_gte_17.364729,((1h_current_range_pct - 1h_previous_range_pct) >= 21.98 OR 15m_current_ma20_distance_pct >= 17.36),ast,or_pair
270,54,98.18,40.37,4.0539,2.9291,48.89,4.6021,3.3625,52.59,4.8258,2.9154,49.63,4.7959,2.1492,45.93,218.9127,-44.7904,7.3969,4.129,1.53,6.9391,SF_OR_SF_2h_current_range_pct_gte_44.892729_SF_15m_current_ma20_distance_pct_gte_17.364729,(2h_current_range_pct >= 44.89 OR 15m_current_ma20_distance_pct >= 17.36),ast,or_pair
270,54,98.18,39.63,3.8171,2.855,47.78,4.3706,3.3166,51.85,4.5148,2.8921,49.26,4.5354,1.9779,45.93,206.1252,-49.7272,6.9171,3.8879,1.3434,6.9374,SF_OR_SD_1h_current_range_pct_1h_previous_range_pct_gte_21.98114_SF_1h_current_ma20_distance_pct_gte_20.388471,((1h_current_range_pct - 1h_previous_range_pct) >= 21.98 OR 1h_current_ma20_distance_pct >= 20.39),ast,or_pair
270,54,98.18,39.63,3.8171,2.855,47.78,4.3706,3.3166,51.85,4.5148,2.8921,49.26,4.5354,1.9779,45.93,206.1252,-49.7272,6.9171,3.8879,1.3434,6.9374,SF_OR_SF_2h_current_range_pct_gte_44.892729_SF_1h_current_ma20_distance_pct_gte_20.388471,(2h_current_range_pct >= 44.89 OR 1h_current_ma20_distance_pct >= 20.39),ast,or_pair
270,54,98.18,38.15,4.0664,2.8157,47.41,4.3953,3.0556,50.37,4.6865,2.6794,48.15,4.8473,1.9568,44.81,219.5848,-38.0914,7.9288,4.1418,1.5173,6.9363,SF_NOT_SF_15m_current_ma20_distance_pct_gte_17.364729,NOT (15m_current_ma20_distance_pct >= 17.36),ast,not
270,54,98.18,40.0,4.0943,2.9779,49.63,4.6177,3.295,51.85,4.7098,2.9154,49.63,4.7965,2.1492,45.93,221.0939,-44.7904,7.5153,4.1702,1.5493,6.9288,SF_ATOM_43,30m_previous_ma20_distance_pct <= -9.972,ast,atom
270,54,98.18,40.74,4.0816,2.9291,48.89,4.5892,3.295,51.85,4.8509,2.9154,49.63,4.738,2.1492,45.93,220.4072,-44.7904,7.4468,4.1573,1.55,6.9214,SF_OR_SD_1h_current_range_pct_1h_previous_range_pct_gte_21.98114_SD_2h_current_return_pct_1h_current_return_pct_gte_13.61786,((1h_current_range_pct - 1h_previous_range_pct) >= 21.98 OR (2h_current_return_pct - 1h_current_return_pct) >= 13.62),ast,or_pair
270,54,98.18,40.74,4.0816,2.9291,48.89,4.5892,3.295,51.85,4.8509,2.9154,49.63,4.738,2.1492,45.93,220.4072,-44.7904,7.4468,4.1573,1.55,6.9214,SF_OR_SF_2h_current_range_pct_gte_44.892729_SD_2h_current_return_pct_1h_current_return_pct_gte_13.61786,(2h_current_range_pct >= 44.89 OR (2h_current_return_pct - 1h_current_return_pct) >= 13.62),ast,or_pair
270,54,98.18,39.63,4.0748,2.9508,49.26,4.4391,3.2553,51.48,4.5321,2.8484,49.26,4.4701,1.9779,45.56,220.039,-44.7904,7.4761,4.1503,1.5237,6.9029,SF_AND3_SF_15m_current_body_pct_gte_13.6371,(15m_current_body_pct >= 13.64 AND 2h_current_body_pct >= 13.74 AND 2h_current_range_pct >= 44.89),ast,and_triple
270,54,98.18,39.63,4.0748,2.9508,49.26,4.4391,3.2553,51.48,4.5321,2.8484,49.26,4.4701,1.9779,45.56,220.039,-44.7904,7.4761,4.1503,1.5237,6.9029,SF_AND3_SF_2h_current_body_pct_gte_13.739943,(2h_current_body_pct >= 13.74 AND 2h_current_range_pct >= 44.89 AND 2h_previous_ma20_distance_pct >= 65.59),ast,and_triple
270,54,98.18,39.63,4.0748,2.9508,49.26,4.4391,3.2553,51.48,4.5321,2.8484,49.26,4.4701,1.9779,45.56,220.039,-44.7904,7.4761,4.1503,1.5237,6.9029,SF_AND_SD_1h_current_range_pct_1h_previous_range_pct_gte_21.98114_SD_1h_current_return_pct_15m_current_return_pct_lte_-12.62842,((1h_current_range_pct - 1h_previous_range_pct) >= 21.98 AND (1h_current_return_pct - 15m_current_return_pct) <= -12.63),ast,and_pair
270,54,98.18,39.63,4.0748,2.9508,49.26,4.4391,3.2553,51.48,4.5321,2.8484,49.26,4.4701,1.9779,45.56,220.039,-44.7904,7.4761,4.1503,1.5237,6.9029,SF_AND_SD_1h_current_range_pct_1h_previous_range_pct_gte_21.98114_SF_15m_current_body_pct_gte_13.6371,((1h_current_range_pct - 1h_previous_range_pct) >= 21.98 AND 15m_current_body_pct >= 13.64),ast,and_pair
270,54,98.18,39.63,4.0748,2.9508,49.26,4.4391,3.2553,51.48,4.5321,2.8484,49.26,4.4701,1.9779,45.56,220.039,-44.7904,7.4761,4.1503,1.5237,6.9029,SF_AND_SD_1h_current_range_pct_1h_previous_range_pct_gte_21.98114_SF_15m_current_body_pct_gte_9.0914,((1h_current_range_pct - 1h_previous_range_pct) >= 21.98 AND 15m_current_body_pct >= 9.091),ast,and_pair
270,54,98.18,39.63,4.0748,2.9508,49.26,4.4391,3.2553,51.48,4.5321,2.8484,49.26,4.4701,1.9779,45.56,220.039,-44.7904,7.4761,4.1503,1.5237,6.9029,SF_AND_SD_1h_current_range_pct_1h_previous_range_pct_gte_21.98114_SF_2h_current_body_pct_gte_13.739943,((1h_current_range_pct - 1h_previous_range_pct) >= 21.98 AND 2h_current_body_pct >= 13.74),ast,and_pair
270,54,98.18,39.63,4.0748,2.9508,49.26,4.4391,3.2553,51.48,4.5321,2.8484,49.26,4.4701,1.9779,45.56,220.039,-44.7904,7.4761,4.1503,1.5237,6.9029,SF_AND_SD_1h_current_range_pct_1h_previous_range_pct_gte_21.98114_SF_2h_current_body_pct_gte_20.609914,((1h_current_range_pct - 1h_previous_range_pct) >= 21.98 AND 2h_current_body_pct >= 20.61),ast,and_pair
270,54,98.18,39.63,4.0748,2.9508,49.26,4.4391,3.2553,51.48,4.5321,2.8484,49.26,4.4701,1.9779,45.56,220.039,-44.7904,7.4761,4.1503,1.5237,6.9029,SF_AND_SD_1h_current_range_pct_1h_previous_range_pct_gte_21.98114_SF_2h_previous_ma20_distance_pct_gte_65.594714,((1h_current_range_pct - 1h_previous_range_pct) >= 21.98 AND 2h_previous_ma20_distance_pct >= 65.59),ast,and_pair
270,54,98.18,39.63,4.0748,2.9508,49.26,4.4391,3.2553,51.48,4.5321,2.8484,49.26,4.4701,1.9779,45.56,220.039,-44.7904,7.4761,4.1503,1.5237,6.9029,SF_AND_SD_1h_current_range_pct_1h_previous_range_pct_gte_21.98114_SF_30m_current_body_pct_gte_10.647286,((1h_current_range_pct - 1h_previous_range_pct) >= 21.98 AND 30m_current_body_pct >= 10.65),ast,and_pair
270,54,98.18,39.63,4.0748,2.9508,49.26,4.4391,3.2553,51.48,4.5321,2.8484,49.26,4.4701,1.9779,45.56,220.039,-44.7904,7.4761,4.1503,1.5237,6.9029,SF_AND_SD_1h_current_range_pct_1h_previous_range_pct_gte_21.98114_SF_30m_current_body_pct_gte_15.970929,((1h_current_range_pct - 1h_previous_range_pct) >= 21.98 AND 30m_current_body_pct >= 15.97),ast,and_pair
270,54,98.18,39.63,4.0748,2.9508,49.26,4.4391,3.2553,51.48,4.5321,2.8484,49.26,4.4701,1.9779,45.56,220.039,-44.7904,7.4761,4.1503,1.5237,6.9029,SF_AND_SD_1h_current_range_pct_1h_previous_range_pct_gte_21.98114_SR_1h_current_range_pct_5m_compression_15262639999.999996,((1h_current_range_pct - 1h_previous_range_pct) >= 21.98 AND 1h_current_range_pct/5m_compression >= 1.526e+10),ast,and_pair
270,54,98.18,39.63,4.0748,2.9508,49.26,4.4391,3.2553,51.48,4.5321,2.8484,49.26,4.4701,1.9779,45.56,220.039,-44.7904,7.4761,4.1503,1.5237,6.9029,SF_AND_SD_1h_current_range_pct_1h_previous_range_pct_gte_21.98114_SR_1h_current_range_pct_5m_compression_30525279999.999992,((1h_current_range_pct - 1h_previous_range_pct) >= 21.98 AND 1h_current_range_pct/5m_compression >= 3.053e+10),ast,and_pair
270,54,98.18,39.63,4.0748,2.9508,49.26,4.4391,3.2553,51.48,4.5321,2.8484,49.26,4.4701,1.9779,45.56,220.039,-44.7904,7.4761,4.1503,1.5237,6.9029,SF_AND_SF_15m_current_body_pct_gte_13.6371_SD_1h_current_return_pct_15m_current_return_pct_lte_-12.62842,(15m_current_body_pct >= 13.64 AND (1h_current_return_pct - 15m_current_return_pct) <= -12.63),ast,and_pair
270,54,98.18,39.63,4.0748,2.9508,49.26,4.4391,3.2553,51.48,4.5321,2.8484,49.26,4.4701,1.9779,45.56,220.039,-44.7904,7.4761,4.1503,1.5237,6.9029,SF_AND_SF_15m_current_body_pct_gte_13.6371_SF_2h_current_range_pct_gte_44.892729,(15m_current_body_pct >= 13.64 AND 2h_current_range_pct >= 44.89),ast,and_pair
270,54,98.18,39.63,4.0748,2.9508,49.26,4.4391,3.2553,51.48,4.5321,2.8484,49.26,4.4701,1.9779,45.56,220.039,-44.7904,7.4761,4.1503,1.5237,6.9029,SF_AND_SF_15m_current_body_pct_gte_13.6371_SF_2h_previous_ma20_distance_pct_gte_65.594714,(15m_current_body_pct >= 13.64 AND 2h_previous_ma20_distance_pct >= 65.59),ast,and_pair
270,54,98.18,39.63,4.0748,2.9508,49.26,4.4391,3.2553,51.48,4.5321,2.8484,49.26,4.4701,1.9779,45.56,220.039,-44.7904,7.4761,4.1503,1.5237,6.9029,SF_AND_SF_15m_current_body_pct_gte_9.0914_SD_1h_current_return_pct_15m_current_return_pct_lte_-12.62842,(15m_current_body_pct >= 9.091 AND (1h_current_return_pct - 15m_current_return_pct) <= -12.63),ast,and_pair
270,54,98.18,39.63,4.0748,2.9508,49.26,4.4391,3.2553,51.48,4.5321,2.8484,49.26,4.4701,1.9779,45.56,220.039,-44.7904,7.4761,4.1503,1.5237,6.9029,SF_AND_SF_2h_current_body_pct_gte_13.739943_SF_2h_current_range_pct_gte_44.892729,(2h_current_body_pct >= 13.74 AND 2h_current_range_pct >= 44.89),ast,and_pair
270,54,98.18,39.63,4.0748,2.9508,49.26,4.4391,3.2553,51.48,4.5321,2.8484,49.26,4.4701,1.9779,45.56,220.039,-44.7904,7.4761,4.1503,1.5237,6.9029,SF_AND_SF_2h_current_body_pct_gte_20.609914_SF_2h_current_range_pct_gte_44.892729,(2h_current_body_pct >= 20.61 AND 2h_current_range_pct >= 44.89),ast,and_pair
270,54,98.18,39.63,4.0748,2.9508,49.26,4.4391,3.2553,51.48,4.5321,2.8484,49.26,4.4701,1.9779,45.56,220.039,-44.7904,7.4761,4.1503,1.5237,6.9029,SF_AND_SF_2h_current_body_pct_gte_27.479886_SD_1h_current_range_pct_1h_previous_range_pct_gte_21.98114,(2h_current_body_pct >= 27.48 AND (1h_current_range_pct - 1h_previous_range_pct) >= 21.98),ast,and_pair
270,54,98.18,39.63,4.0748,2.9508,49.26,4.4391,3.2553,51.48,4.5321,2.8484,49.26,4.4701,1.9779,45.56,220.039,-44.7904,7.4761,4.1503,1.5237,6.9029,SF_AND_SF_2h_current_body_pct_gte_27.479886_SF_15m_current_body_pct_gte_13.6371,(2h_current_body_pct >= 27.48 AND 15m_current_body_pct >= 13.64),ast,and_pair
270,54,98.18,39.63,4.0748,2.9508,49.26,4.4391,3.2553,51.48,4.5321,2.8484,49.26,4.4701,1.9779,45.56,220.039,-44.7904,7.4761,4.1503,1.5237,6.9029,SF_AND_SF_2h_current_body_pct_gte_27.479886_SF_2h_current_range_pct_gte_44.892729,(2h_current_body_pct >= 27.48 AND 2h_current_range_pct >= 44.89),ast,and_pair
270,54,98.18,39.63,4.0748,2.9508,49.26,4.4391,3.2553,51.48,4.5321,2.8484,49.26,4.4701,1.9779,45.56,220.039,-44.7904,7.4761,4.1503,1.5237,6.9029,SF_AND_SF_2h_current_body_pct_gte_27.479886_SF_30m_current_body_pct_gte_10.647286,(2h_current_body_pct >= 27.48 AND 30m_current_body_pct >= 10.65),ast,and_pair
270,54,98.18,39.63,4.0748,2.9508,49.26,4.4391,3.2553,51.48,4.5321,2.8484,49.26,4.4701,1.9779,45.56,220.039,-44.7904,7.4761,4.1503,1.5237,6.9029,SF_AND_SF_2h_current_body_pct_gte_27.479886_SF_30m_current_body_pct_gte_15.970929,(2h_current_body_pct >= 27.48 AND 30m_current_body_pct >= 15.97),ast,and_pair
270,54,98.18,39.63,4.0748,2.9508,49.26,4.4391,3.2553,51.48,4.5321,2.8484,49.26,4.4701,1.9779,45.56,220.039,-44.7904,7.4761,4.1503,1.5237,6.9029,SF_AND_SF_2h_current_body_pct_gte_27.479886_SF_30m_current_range_pct_gte_22.8592,(2h_current_body_pct >= 27.48 AND 30m_current_range_pct >= 22.86),ast,and_pair
270,54,98.18,39.63,4.0748,2.9508,49.26,4.4391,3.2553,51.48,4.5321,2.8484,49.26,4.4701,1.9779,45.56,220.039,-44.7904,7.4761,4.1503,1.5237,6.9029,SF_AND_SF_2h_current_body_pct_gte_27.479886_SF_derived_range_expansion_gte_19.663914,(2h_current_body_pct >= 27.48 AND derived_range_expansion >= 19.66),ast,and_pair
270,54,98.18,39.63,4.0748,2.9508,49.26,4.4391,3.2553,51.48,4.5321,2.8484,49.26,4.4701,1.9779,45.56,220.039,-44.7904,7.4761,4.1503,1.5237,6.9029,SF_AND_SF_2h_current_range_pct_gte_44.892729_SD_1h_current_return_pct_15m_current_return_pct_lte_-12.62842,(2h_current_range_pct >= 44.89 AND (1h_current_return_pct - 15m_current_return_pct) <= -12.63),ast,and_pair
270,54,98.18,39.63,4.0748,2.9508,49.26,4.4391,3.2553,51.48,4.5321,2.8484,49.26,4.4701,1.9779,45.56,220.039,-44.7904,7.4761,4.1503,1.5237,6.9029,SF_AND_SF_2h_current_range_pct_gte_44.892729_SF_15m_current_body_pct_gte_9.0914,(2h_current_range_pct >= 44.89 AND 15m_current_body_pct >= 9.091),ast,and_pair
270,54,98.18,39.63,4.0748,2.9508,49.26,4.4391,3.2553,51.48,4.5321,2.8484,49.26,4.4701,1.9779,45.56,220.039,-44.7904,7.4761,4.1503,1.5237,6.9029,SF_AND_SF_2h_current_range_pct_gte_44.892729_SF_2h_previous_ma20_distance_pct_gte_65.594714,(2h_current_range_pct >= 44.89 AND 2h_previous_ma20_distance_pct >= 65.59),ast,and_pair
270,54,98.18,39.63,4.0748,2.9508,49.26,4.4391,3.2553,51.48,4.5321,2.8484,49.26,4.4701,1.9779,45.56,220.039,-44.7904,7.4761,4.1503,1.5237,6.9029,SF_AND_SF_2h_current_range_pct_gte_44.892729_SF_30m_current_body_pct_gte_10.647286,(2h_current_range_pct >= 44.89 AND 30m_current_body_pct >= 10.65),ast,and_pair
270,54,98.18,39.63,4.0748,2.9508,49.26,4.4391,3.2553,51.48,4.5321,2.8484,49.26,4.4701,1.9779,45.56,220.039,-44.7904,7.4761,4.1503,1.5237,6.9029,SF_AND_SF_2h_current_range_pct_gte_44.892729_SR_1h_current_range_pct_5m_compression_15262639999.999996,(2h_current_range_pct >= 44.89 AND 1h_current_range_pct/5m_compression >= 1.526e+10),ast,and_pair
270,54,98.18,39.63,4.0748,2.9508,49.26,4.4391,3.2553,51.48,4.5321,2.8484,49.26,4.4701,1.9779,45.56,220.039,-44.7904,7.4761,4.1503,1.5237,6.9029,SF_AND_SF_2h_current_range_pct_gte_44.892729_SR_1h_current_range_pct_5m_compression_30525279999.999992,(2h_current_range_pct >= 44.89 AND 1h_current_range_pct/5m_compression >= 3.053e+10),ast,and_pair
270,54,98.18,39.63,4.0748,2.9508,49.26,4.4391,3.2553,51.48,4.5321,2.8484,49.26,4.4701,1.9779,45.56,220.039,-44.7904,7.4761,4.1503,1.5237,6.9029,SF_AND_SF_2h_previous_ma20_distance_pct_gte_65.594714_SF_15m_current_body_pct_gte_9.0914,(2h_previous_ma20_distance_pct >= 65.59 AND 15m_current_body_pct >= 9.091),ast,and_pair
270,54,98.18,39.63,4.0748,2.9508,49.26,4.4391,3.2553,51.48,4.5321,2.8484,49.26,4.4701,1.9779,45.56,220.039,-44.7904,7.4761,4.1503,1.5237,6.9029,SF_AND_SF_2h_previous_ma20_distance_pct_gte_65.594714_SF_30m_current_body_pct_gte_10.647286,(2h_previous_ma20_distance_pct >= 65.59 AND 30m_current_body_pct >= 10.65),ast,and_pair
270,54,98.18,39.63,4.0748,2.9508,49.26,4.4391,3.2553,51.48,4.5321,2.8484,49.26,4.4701,1.9779,45.56,220.039,-44.7904,7.4761,4.1503,1.5237,6.9029,SF_AND_SF_2h_previous_ma20_distance_pct_gte_65.594714_SF_30m_current_range_pct_gte_12.1684,(2h_previous_ma20_distance_pct >= 65.59 AND 30m_current_range_pct >= 12.17),ast,and_pair
270,54,98.18,39.63,4.0748,2.9508,49.26,4.4391,3.2553,51.48,4.5321,2.8484,49.26,4.4701,1.9779,45.56,220.039,-44.7904,7.4761,4.1503,1.5237,6.9029,SF_AND_SF_2h_previous_ma20_distance_pct_gte_65.594714_SF_30m_current_range_pct_gte_22.8592,(2h_previous_ma20_distance_pct >= 65.59 AND 30m_current_range_pct >= 22.86),ast,and_pair
270,54,98.18,39.63,4.0748,2.9508,49.26,4.4391,3.2553,51.48,4.5321,2.8484,49.26,4.4701,1.9779,45.56,220.039,-44.7904,7.4761,4.1503,1.5237,6.9029,SF_AND_SF_30m_current_body_pct_gte_10.647286_SD_1h_current_return_pct_15m_current_return_pct_lte_-12.62842,(30m_current_body_pct >= 10.65 AND (1h_current_return_pct - 15m_current_return_pct) <= -12.63),ast,and_pair
270,54,98.18,39.63,4.0748,2.9508,49.26,4.4391,3.2553,51.48,4.5321,2.8484,49.26,4.4701,1.9779,45.56,220.039,-44.7904,7.4761,4.1503,1.5237,6.9029,SF_AND_SF_30m_current_body_pct_gte_15.970929_SD_1h_current_return_pct_15m_current_return_pct_lte_-12.62842,(30m_current_body_pct >= 15.97 AND (1h_current_return_pct - 15m_current_return_pct) <= -12.63),ast,and_pair
270,54,98.18,39.63,4.0748,2.9508,49.26,4.4391,3.2553,51.48,4.5321,2.8484,49.26,4.4701,1.9779,45.56,220.039,-44.7904,7.4761,4.1503,1.5237,6.9029,SF_AND_SF_30m_current_body_pct_gte_15.970929_SF_2h_current_range_pct_gte_44.892729,(30m_current_body_pct >= 15.97 AND 2h_current_range_pct >= 44.89),ast,and_pair
270,54,98.18,39.63,4.0748,2.9508,49.26,4.4391,3.2553,51.48,4.5321,2.8484,49.26,4.4701,1.9779,45.56,220.039,-44.7904,7.4761,4.1503,1.5237,6.9029,SF_AND_SF_30m_current_body_pct_gte_15.970929_SF_2h_previous_ma20_distance_pct_gte_65.594714,(30m_current_body_pct >= 15.97 AND 2h_previous_ma20_distance_pct >= 65.59),ast,and_pair
270,54,98.18,39.63,4.0748,2.9508,49.26,4.4391,3.2553,51.48,4.5321,2.8484,49.26,4.4701,1.9779,45.56,220.039,-44.7904,7.4761,4.1503,1.5237,6.9029,SF_AND_SF_30m_current_range_pct_gte_22.8592_SD_1h_current_return_pct_15m_current_return_pct_lte_-12.62842,(30m_current_range_pct >= 22.86 AND (1h_current_return_pct - 15m_current_return_pct) <= -12.63),ast,and_pair
270,54,98.18,39.63,4.0748,2.9508,49.26,4.4391,3.2553,51.48,4.5321,2.8484,49.26,4.4701,1.9779,45.56,220.039,-44.7904,7.4761,4.1503,1.5237,6.9029,SF_AND_SF_derived_range_expansion_gte_19.663914_SD_1h_current_return_pct_15m_current_return_pct_lte_-12.62842,(derived_range_expansion >= 19.66 AND (1h_current_return_pct - 15m_current_return_pct) <= -12.63),ast,and_pair
270,54,98.18,39.63,4.0748,2.9508,49.26,4.4391,3.2553,51.48,4.5321,2.8484,49.26,4.4701,1.9779,45.56,220.039,-44.7904,7.4761,4.1503,1.5237,6.9029,SF_AND_SF_derived_range_expansion_gte_19.663914_SF_2h_previous_ma20_distance_pct_gte_65.594714,(derived_range_expansion >= 19.66 AND 2h_previous_ma20_distance_pct >= 65.59),ast,and_pair
270,54,98.18,40.0,4.0861,2.9508,49.26,4.5293,3.295,51.85,4.6753,2.9154,49.63,4.6224,2.255,46.3,220.6491,-44.7904,7.5,4.1618,1.5395,6.9013,SF_OR_SD_1h_current_range_pct_1h_previous_range_pct_gte_21.98114_SF_2h_previous_return_pct_gte_26.298514,((1h_current_range_pct - 1h_previous_range_pct) >= 21.98 OR 2h_previous_return_pct >= 26.3),ast,or_pair
270,54,98.18,40.0,4.0861,2.9508,49.26,4.5293,3.295,51.85,4.6753,2.9154,49.63,4.6224,2.255,46.3,220.6491,-44.7904,7.5,4.1618,1.5395,6.9013,SF_OR_SF_2h_current_range_pct_gte_44.892729_SF_2h_previous_return_pct_gte_26.298514,(2h_current_range_pct >= 44.89 OR 2h_previous_return_pct >= 26.3),ast,or_pair
270,54,98.18,40.0,3.9592,2.9508,49.26,4.3665,3.295,51.85,4.5084,2.8484,49.26,4.4873,2.1492,45.93,213.7985,-44.7904,7.0718,4.0326,1.5371,6.8752,SF_AND_SF_2h_current_range_pct_gte_29.928486_SF_30m_current_range_pct_gte_22.8592,(2h_current_range_pct >= 29.93 AND 30m_current_range_pct >= 22.86),ast,and_pair
270,54,98.18,40.0,3.9592,2.9508,49.26,4.3665,3.295,51.85,4.5084,2.8484,49.26,4.4873,2.1492,45.93,213.7985,-44.7904,7.0718,4.0326,1.5371,6.8752,SF_AND_SF_30m_current_range_pct_gte_22.8592_SD_1h_current_range_pct_1h_previous_range_pct_gte_5.76056,(30m_current_range_pct >= 22.86 AND (1h_current_range_pct - 1h_previous_range_pct) >= 5.761),ast,and_pair
270,54,98.18,40.0,3.9592,2.9508,49.26,4.3665,3.295,51.85,4.5084,2.8484,49.26,4.4873,2.1492,45.93,213.7985,-44.7904,7.0718,4.0326,1.5371,6.8752,SF_AND_SF_30m_current_range_pct_gte_22.8592_SF_2h_current_range_pct_gte_14.964243,(30m_current_range_pct >= 22.86 AND 2h_current_range_pct >= 14.96),ast,and_pair
270,54,98.18,40.0,3.9592,2.9508,49.26,4.3665,3.295,51.85,4.5084,2.8484,49.26,4.4873,2.1492,45.93,213.7985,-44.7904,7.0718,4.0326,1.5371,6.8752,SF_AND_SF_30m_current_range_pct_gte_22.8592_SF_30m_current_range_pct_gte_12.1684,(30m_current_range_pct >= 22.86 AND 30m_current_range_pct >= 12.17),ast,and_pair
270,54,98.18,40.0,3.9592,2.9508,49.26,4.3665,3.295,51.85,4.5084,2.8484,49.26,4.4873,2.1492,45.93,213.7985,-44.7904,7.0718,4.0326,1.5371,6.8752,SF_AND_SF_30m_current_range_pct_gte_22.8592_SF_derived_range_expansion_gte_8.077786,(30m_current_range_pct >= 22.86 AND derived_range_expansion >= 8.078),ast,and_pair
270,54,98.18,40.0,3.9592,2.9508,49.26,4.3665,3.295,51.85,4.5084,2.8484,49.26,4.4873,2.1492,45.93,213.7985,-44.7904,7.0718,4.0326,1.5371,6.8752,SF_AND_SF_derived_range_expansion_gte_19.663914_SD_1h_current_range_pct_1h_previous_range_pct_gte_5.76056,(derived_range_expansion >= 19.66 AND (1h_current_range_pct - 1h_previous_range_pct) >= 5.761),ast,and_pair
270,54,98.18,40.0,3.9592,2.9508,49.26,4.3665,3.295,51.85,4.5084,2.8484,49.26,4.4873,2.1492,45.93,213.7985,-44.7904,7.0718,4.0326,1.5371,6.8752,SF_AND_SF_derived_range_expansion_gte_19.663914_SF_2h_current_range_pct_gte_14.964243,(derived_range_expansion >= 19.66 AND 2h_current_range_pct >= 14.96),ast,and_pair
270,54,98.18,40.0,3.9592,2.9508,49.26,4.3665,3.295,51.85,4.5084,2.8484,49.26,4.4873,2.1492,45.93,213.7985,-44.7904,7.0718,4.0326,1.5371,6.8752,SF_AND_SF_derived_range_expansion_gte_19.663914_SF_2h_current_range_pct_gte_29.928486,(derived_range_expansion >= 19.66 AND 2h_current_range_pct >= 29.93),ast,and_pair
270,54,98.18,40.0,3.9592,2.9508,49.26,4.3665,3.295,51.85,4.5084,2.8484,49.26,4.4873,2.1492,45.93,213.7985,-44.7904,7.0718,4.0326,1.5371,6.8752,SF_AND_SF_derived_range_expansion_gte_19.663914_SF_30m_current_range_pct_gte_12.1684,(derived_range_expansion >= 19.66 AND 30m_current_range_pct >= 12.17),ast,and_pair
270,54,98.18,40.0,3.9592,2.9508,49.26,4.3665,3.295,51.85,4.5084,2.8484,49.26,4.4873,2.1492,45.93,213.7985,-44.7904,7.0718,4.0326,1.5371,6.8752,SF_AND_SF_derived_range_expansion_gte_19.663914_SF_30m_current_range_pct_gte_22.8592,(derived_range_expansion >= 19.66 AND 30m_current_range_pct >= 22.86),ast,and_pair
270,54,98.18,40.0,3.9592,2.9508,49.26,4.3665,3.295,51.85,4.5084,2.8484,49.26,4.4873,2.1492,45.93,213.7985,-44.7904,7.0718,4.0326,1.5371,6.8752,SF_AND_SF_derived_range_expansion_gte_19.663914_SF_derived_range_expansion_gte_8.077786,(derived_range_expansion >= 19.66 AND derived_range_expansion >= 8.078),ast,and_pair
270,54,98.18,40.0,3.9592,2.9508,49.26,4.3665,3.295,51.85,4.5084,2.8484,49.26,4.4873,2.1492,45.93,213.7985,-44.7904,7.0718,4.0326,1.5371,6.8752,SF_ATOM_12,derived_range_expansion >= 19.66,ast,atom
270,54,98.18,40.0,3.9592,2.9508,49.26,4.3665,3.295,51.85,4.5084,2.8484,49.26,4.4873,2.1492,45.93,213.7985,-44.7904,7.0718,4.0326,1.5371,6.8752,SF_ATOM_18,30m_current_range_pct >= 22.86,ast,atom
270,54,98.18,40.0,3.9592,2.9508,49.26,4.3665,3.295,51.85,4.5084,2.8484,49.26,4.4873,2.1492,45.93,213.7985,-44.7904,7.0718,4.0326,1.5371,6.8752,SF_OR_SD_1h_current_range_pct_1h_previous_range_pct_gte_21.98114_SF_15m_current_body_pct_gte_13.6371,((1h_current_range_pct - 1h_previous_range_pct) >= 21.98 OR 15m_current_body_pct >= 13.64),ast,or_pair
270,54,98.18,40.0,3.9592,2.9508,49.26,4.3665,3.295,51.85,4.5084,2.8484,49.26,4.4873,2.1492,45.93,213.7985,-44.7904,7.0718,4.0326,1.5371,6.8752,SF_OR_SD_1h_current_range_pct_1h_previous_range_pct_gte_21.98114_SF_30m_current_body_pct_gte_15.970929,((1h_current_range_pct - 1h_previous_range_pct) >= 21.98 OR 30m_current_body_pct >= 15.97),ast,or_pair
270,54,98.18,40.0,3.9592,2.9508,49.26,4.3665,3.295,51.85,4.5084,2.8484,49.26,4.4873,2.1492,45.93,213.7985,-44.7904,7.0718,4.0326,1.5371,6.8752,SF_OR_SD_1h_current_range_pct_1h_previous_range_pct_gte_21.98114_SF_30m_current_range_pct_gte_22.8592,((1h_current_range_pct - 1h_previous_range_pct) >= 21.98 OR 30m_current_range_pct >= 22.86),ast,or_pair
270,54,98.18,40.0,3.9592,2.9508,49.26,4.3665,3.295,51.85,4.5084,2.8484,49.26,4.4873,2.1492,45.93,213.7985,-44.7904,7.0718,4.0326,1.5371,6.8752,SF_OR_SD_1h_current_range_pct_1h_previous_range_pct_gte_21.98114_SF_derived_range_expansion_gte_19.663914,((1h_current_range_pct - 1h_previous_range_pct) >= 21.98 OR derived_range_expansion >= 19.66),ast,or_pair
270,54,98.18,40.0,3.9592,2.9508,49.26,4.3665,3.295,51.85,4.5084,2.8484,49.26,4.4873,2.1492,45.93,213.7985,-44.7904,7.0718,4.0326,1.5371,6.8752,SF_OR_SD_1h_current_return_pct_15m_current_return_pct_gte_9.24094_SF_30m_current_range_pct_gte_22.8592,((1h_current_return_pct - 15m_current_return_pct) >= 9.241 OR 30m_current_range_pct >= 22.86),ast,or_pair
270,54,98.18,40.0,3.9592,2.9508,49.26,4.3665,3.295,51.85,4.5084,2.8484,49.26,4.4873,2.1492,45.93,213.7985,-44.7904,7.0718,4.0326,1.5371,6.8752,SF_OR_SD_1h_current_return_pct_15m_current_return_pct_gte_9.24094_SF_derived_range_expansion_gte_19.663914,((1h_current_return_pct - 15m_current_return_pct) >= 9.241 OR derived_range_expansion >= 19.66),ast,or_pair
270,54,98.18,40.0,3.9592,2.9508,49.26,4.3665,3.295,51.85,4.5084,2.8484,49.26,4.4873,2.1492,45.93,213.7985,-44.7904,7.0718,4.0326,1.5371,6.8752,SF_OR_SF_15m_current_body_pct_gte_13.6371_SF_2h_current_range_pct_gte_44.892729,(15m_current_body_pct >= 13.64 OR 2h_current_range_pct >= 44.89),ast,or_pair
270,54,98.18,40.0,3.9592,2.9508,49.26,4.3665,3.295,51.85,4.5084,2.8484,49.26,4.4873,2.1492,45.93,213.7985,-44.7904,7.0718,4.0326,1.5371,6.8752,SF_OR_SF_15m_current_body_pct_gte_13.6371_SF_30m_current_range_pct_gte_22.8592,(15m_current_body_pct >= 13.64 OR 30m_current_range_pct >= 22.86),ast,or_pair
270,54,98.18,40.0,3.9592,2.9508,49.26,4.3665,3.295,51.85,4.5084,2.8484,49.26,4.4873,2.1492,45.93,213.7985,-44.7904,7.0718,4.0326,1.5371,6.8752,SF_OR_SF_15m_current_return_pct_gte_10.127714_SF_30m_current_range_pct_gte_22.8592,(15m_current_return_pct >= 10.13 OR 30m_current_range_pct >= 22.86),ast,or_pair
270,54,98.18,40.0,3.9592,2.9508,49.26,4.3665,3.295,51.85,4.5084,2.8484,49.26,4.4873,2.1492,45.93,213.7985,-44.7904,7.0718,4.0326,1.5371,6.8752,SF_OR_SF_15m_current_return_pct_gte_10.127714_SF_derived_range_expansion_gte_19.663914,(15m_current_return_pct >= 10.13 OR derived_range_expansion >= 19.66),ast,or_pair
270,54,98.18,40.0,3.9592,2.9508,49.26,4.3665,3.295,51.85,4.5084,2.8484,49.26,4.4873,2.1492,45.93,213.7985,-44.7904,7.0718,4.0326,1.5371,6.8752,SF_OR_SF_1h_current_ma20_distance_pct_gte_51.022186_SF_30m_current_range_pct_gte_22.8592,(1h_current_ma20_distance_pct >= 51.02 OR 30m_current_range_pct >= 22.86),ast,or_pair
270,54,98.18,40.0,3.9592,2.9508,49.26,4.3665,3.295,51.85,4.5084,2.8484,49.26,4.4873,2.1492,45.93,213.7985,-44.7904,7.0718,4.0326,1.5371,6.8752,SF_OR_SF_1h_current_ma20_distance_pct_gte_51.022186_SF_derived_range_expansion_gte_19.663914,(1h_current_ma20_distance_pct >= 51.02 OR derived_range_expansion >= 19.66),ast,or_pair
270,54,98.18,40.0,3.9592,2.9508,49.26,4.3665,3.295,51.85,4.5084,2.8484,49.26,4.4873,2.1492,45.93,213.7985,-44.7904,7.0718,4.0326,1.5371,6.8752,SF_OR_SF_1h_current_return_pct_gte_18.082043_SF_30m_current_range_pct_gte_22.8592,(1h_current_return_pct >= 18.08 OR 30m_current_range_pct >= 22.86),ast,or_pair
270,54,98.18,40.0,3.9592,2.9508,49.26,4.3665,3.295,51.85,4.5084,2.8484,49.26,4.4873,2.1492,45.93,213.7985,-44.7904,7.0718,4.0326,1.5371,6.8752,SF_OR_SF_1h_current_return_pct_gte_18.082043_SF_derived_range_expansion_gte_19.663914,(1h_current_return_pct >= 18.08 OR derived_range_expansion >= 19.66),ast,or_pair
270,54,98.18,40.0,3.9592,2.9508,49.26,4.3665,3.295,51.85,4.5084,2.8484,49.26,4.4873,2.1492,45.93,213.7985,-44.7904,7.0718,4.0326,1.5371,6.8752,SF_OR_SF_1h_current_return_pct_gte_8.969214_SF_30m_current_range_pct_gte_22.8592,(1h_current_return_pct >= 8.969 OR 30m_current_range_pct >= 22.86),ast,or_pair
270,54,98.18,40.0,3.9592,2.9508,49.26,4.3665,3.295,51.85,4.5084,2.8484,49.26,4.4873,2.1492,45.93,213.7985,-44.7904,7.0718,4.0326,1.5371,6.8752,SF_OR_SF_1h_current_return_pct_gte_8.969214_SF_derived_range_expansion_gte_19.663914,(1h_current_return_pct >= 8.969 OR derived_range_expansion >= 19.66),ast,or_pair
270,54,98.18,40.0,3.9592,2.9508,49.26,4.3665,3.295,51.85,4.5084,2.8484,49.26,4.4873,2.1492,45.93,213.7985,-44.7904,7.0718,4.0326,1.5371,6.8752,SF_OR_SF_2h_current_range_pct_gte_44.892729_SF_30m_current_range_pct_gte_22.8592,(2h_current_range_pct >= 44.89 OR 30m_current_range_pct >= 22.86),ast,or_pair
270,54,98.18,40.0,3.9592,2.9508,49.26,4.3665,3.295,51.85,4.5084,2.8484,49.26,4.4873,2.1492,45.93,213.7985,-44.7904,7.0718,4.0326,1.5371,6.8752,SF_OR_SF_2h_previous_body_pct_gte_34.349857_SF_30m_current_range_pct_gte_22.8592,(2h_previous_body_pct >= 34.35 OR 30m_current_range_pct >= 22.86),ast,or_pair
270,54,98.18,40.0,3.9592,2.9508,49.26,4.3665,3.295,51.85,4.5084,2.8484,49.26,4.4873,2.1492,45.93,213.7985,-44.7904,7.0718,4.0326,1.5371,6.8752,SF_OR_SF_2h_previous_body_pct_gte_34.349857_SF_derived_range_expansion_gte_19.663914,(2h_previous_body_pct >= 34.35 OR derived_range_expansion >= 19.66),ast,or_pair
270,54,98.18,40.0,3.9592,2.9508,49.26,4.3665,3.295,51.85,4.5084,2.8484,49.26,4.4873,2.1492,45.93,213.7985,-44.7904,7.0718,4.0326,1.5371,6.8752,SF_OR_SF_30m_current_body_pct_gte_15.970929_SF_2h_current_range_pct_gte_44.892729,(30m_current_body_pct >= 15.97 OR 2h_current_range_pct >= 44.89),ast,or_pair
270,54,98.18,40.0,3.9592,2.9508,49.26,4.3665,3.295,51.85,4.5084,2.8484,49.26,4.4873,2.1492,45.93,213.7985,-44.7904,7.0718,4.0326,1.5371,6.8752,SF_OR_SF_30m_current_body_pct_gte_15.970929_SF_30m_current_range_pct_gte_22.8592,(30m_current_body_pct >= 15.97 OR 30m_current_range_pct >= 22.86),ast,or_pair
270,54,98.18,40.0,3.9592,2.9508,49.26,4.3665,3.295,51.85,4.5084,2.8484,49.26,4.4873,2.1492,45.93,213.7985,-44.7904,7.0718,4.0326,1.5371,6.8752,SF_OR_SF_30m_current_body_pct_gte_15.970929_SF_derived_range_expansion_gte_19.663914,(30m_current_body_pct >= 15.97 OR derived_range_expansion >= 19.66),ast,or_pair
270,54,98.18,40.0,3.9592,2.9508,49.26,4.3665,3.295,51.85,4.5084,2.8484,49.26,4.4873,2.1492,45.93,213.7985,-44.7904,7.0718,4.0326,1.5371,6.8752,SF_OR_SF_derived_range_expansion_gte_19.663914_SF_15m_current_body_pct_gte_13.6371,(derived_range_expansion >= 19.66 OR 15m_current_body_pct >= 13.64),ast,or_pair
270,54,98.18,40.0,3.9592,2.9508,49.26,4.3665,3.295,51.85,4.5084,2.8484,49.26,4.4873,2.1492,45.93,213.7985,-44.7904,7.0718,4.0326,1.5371,6.8752,SF_OR_SF_derived_range_expansion_gte_19.663914_SF_2h_current_range_pct_gte_44.892729,(derived_range_expansion >= 19.66 OR 2h_current_range_pct >= 44.89),ast,or_pair
270,54,98.18,40.0,3.9592,2.9508,49.26,4.3665,3.295,51.85,4.5084,2.8484,49.26,4.4873,2.1492,45.93,213.7985,-44.7904,7.0718,4.0326,1.5371,6.8752,SF_OR_SF_derived_range_expansion_gte_19.663914_SF_30m_current_range_pct_gte_22.8592,(derived_range_expansion >= 19.66 OR 30m_current_range_pct >= 22.86),ast,or_pair
270,54,98.18,40.37,3.9391,2.9291,48.89,4.4807,3.3625,52.59,4.6904,2.8484,49.26,4.6839,2.1492,45.93,212.7131,-44.7904,6.9995,4.0121,1.5376,6.8667,SF_OR_SF_30m_current_range_pct_gte_22.8592_SF_15m_current_ma20_distance_pct_gte_17.364729,(30m_current_range_pct >= 22.86 OR 15m_current_ma20_distance_pct >= 17.36),ast,or_pair
270,54,98.18,40.37,3.9391,2.9291,48.89,4.4807,3.3625,52.59,4.6904,2.8484,49.26,4.6839,2.1492,45.93,212.7131,-44.7904,6.9995,4.0121,1.5376,6.8667,SF_OR_SF_derived_range_expansion_gte_19.663914_SF_15m_current_ma20_distance_pct_gte_17.364729,(derived_range_expansion >= 19.66 OR 15m_current_ma20_distance_pct >= 17.36),ast,or_pair
270,54,98.18,40.74,3.7013,2.8756,48.15,4.6189,3.1566,51.11,4.6493,2.6794,48.15,4.6873,2.1492,45.93,199.8696,-44.7904,6.445,3.7699,1.5123,6.8479,SF_ATOM_49,15m_current_range_pct >= 9.108,ast,atom
270,54,98.18,39.63,3.9875,2.9508,49.26,4.3782,3.2553,51.48,4.4255,2.8484,49.26,4.2948,1.9779,45.56,215.3248,-44.7904,7.2124,4.0614,1.5312,6.8392,SF_AND_SF_2h_current_body_pct_gte_27.479886_SF_15m_current_body_pct_gte_9.0914,(2h_current_body_pct >= 27.48 AND 15m_current_body_pct >= 9.091),ast,and_pair
270,54,98.18,39.63,3.9875,2.9508,49.26,4.3782,3.2553,51.48,4.4255,2.8484,49.26,4.2948,1.9779,45.56,215.3248,-44.7904,7.2124,4.0614,1.5312,6.8392,SF_AND_SF_2h_current_body_pct_gte_27.479886_SF_30m_current_range_pct_gte_12.1684,(2h_current_body_pct >= 27.48 AND 30m_current_range_pct >= 12.17),ast,and_pair
270,54,98.18,27.41,2.5316,1.7195,33.7,3.2849,1.6297,37.41,3.6416,1.5989,40.37,3.8365,1.3509,39.63,136.708,-38.6257,5.6398,2.5785,0.4579,6.8294,SF_LIN2_1h_current_volume_ratio_15m_current_return_pct_2.0_1.0,linear(1h_current_volume_ratio*2.0+15m_current_return_pct*1.0),linear,linear_pair
270,54,98.18,40.74,3.9668,2.9291,48.89,4.4678,3.295,51.85,4.7155,2.8484,49.26,4.626,2.1492,45.93,214.2076,-44.7904,7.048,4.0403,1.5623,6.8255,SF_OR_SF_30m_current_range_pct_gte_22.8592_SD_2h_current_return_pct_1h_current_return_pct_gte_13.61786,(30m_current_range_pct >= 22.86 OR (2h_current_return_pct - 1h_current_return_pct) >= 13.62),ast,or_pair
270,54,98.18,40.74,3.9668,2.9291,48.89,4.4678,3.295,51.85,4.7155,2.8484,49.26,4.626,2.1492,45.93,214.2076,-44.7904,7.048,4.0403,1.5623,6.8255,SF_OR_SF_derived_range_expansion_gte_19.663914_SD_2h_current_return_pct_1h_current_return_pct_gte_13.61786,(derived_range_expansion >= 19.66 OR (2h_current_return_pct - 1h_current_return_pct) >= 13.62),ast,or_pair
270,54,98.18,28.15,2.8599,1.9978,37.04,3.7263,1.9937,40.37,3.9098,1.7161,41.85,4.1808,1.7048,40.37,154.4368,-39.2376,5.9314,2.9129,0.6315,6.8147,SF_LIN2_1h_current_volume_ratio_15m_current_return_pct_1.0_0.5,linear(1h_current_volume_ratio*1.0+15m_current_return_pct*0.5),linear,linear_pair
270,54,98.18,40.37,4.113,2.9508,49.26,4.4758,3.295,51.85,4.7184,2.9154,49.63,4.613,2.1492,45.93,222.1007,-44.7904,7.5093,4.1892,1.5751,6.8054,SF_OR_SD_1h_current_range_pct_1h_previous_range_pct_gte_21.98114_SF_30m_previous_ma20_distance_pct_gte_39.165157,((1h_current_range_pct - 1h_previous_range_pct) >= 21.98 OR 30m_previous_ma20_distance_pct >= 39.17),ast,or_pair
270,54,98.18,40.37,4.113,2.9508,49.26,4.4758,3.295,51.85,4.7184,2.9154,49.63,4.613,2.1492,45.93,222.1007,-44.7904,7.5093,4.1892,1.5751,6.8054,SF_OR_SF_15m_current_ma20_distance_pct_gte_26.750886_SD_1h_current_range_pct_1h_previous_range_pct_gte_21.98114,(15m_current_ma20_distance_pct >= 26.75 OR (1h_current_range_pct - 1h_previous_range_pct) >= 21.98),ast,or_pair
270,54,98.18,40.37,4.113,2.9508,49.26,4.4758,3.295,51.85,4.7184,2.9154,49.63,4.613,2.1492,45.93,222.1007,-44.7904,7.5093,4.1892,1.5751,6.8054,SF_OR_SF_15m_current_ma20_distance_pct_gte_26.750886_SF_2h_current_range_pct_gte_44.892729,(15m_current_ma20_distance_pct >= 26.75 OR 2h_current_range_pct >= 44.89),ast,or_pair
270,54,98.18,40.37,4.113,2.9508,49.26,4.4758,3.295,51.85,4.7184,2.9154,49.63,4.613,2.1492,45.93,222.1007,-44.7904,7.5093,4.1892,1.5751,6.8054,SF_OR_SF_2h_current_range_pct_gte_44.892729_SF_30m_previous_ma20_distance_pct_gte_39.165157,(2h_current_range_pct >= 44.89 OR 30m_previous_ma20_distance_pct >= 39.17),ast,or_pair
270,54,98.18,39.63,3.96,2.9508,49.26,4.3177,3.2553,51.48,4.3967,2.7809,48.89,4.3581,1.9779,45.56,213.8394,-44.7904,7.0733,4.0334,1.5369,6.8025,SF_AND3_SF_2h_current_range_pct_gte_29.928486,(2h_current_range_pct >= 29.93 AND 15m_current_body_pct >= 13.64 AND 2h_current_body_pct >= 13.74),ast,and_triple
270,54,98.18,39.63,3.96,2.9508,49.26,4.3177,3.2553,51.48,4.3967,2.7809,48.89,4.3581,1.9779,45.56,213.8394,-44.7904,7.0733,4.0334,1.5369,6.8025,SF_AND3_SF_30m_current_body_pct_gte_15.970929,(30m_current_body_pct >= 15.97 AND derived_range_expansion >= 19.66 AND 2h_current_range_pct >= 29.93),ast,and_triple
270,54,98.18,39.63,3.96,2.9508,49.26,4.3177,3.2553,51.48,4.3967,2.7809,48.89,4.3581,1.9779,45.56,213.8394,-44.7904,7.0733,4.0334,1.5369,6.8025,SF_AND3_SF_derived_range_expansion_gte_19.663914,(derived_range_expansion >= 19.66 AND 2h_current_range_pct >= 29.93 AND 15m_current_body_pct >= 13.64),ast,and_triple
270,54,98.18,39.63,3.96,2.9508,49.26,4.3177,3.2553,51.48,4.3967,2.7809,48.89,4.3581,1.9779,45.56,213.8394,-44.7904,7.0733,4.0334,1.5369,6.8025,SF_AND_SF_15m_current_body_pct_gte_13.6371_SD_1h_current_range_pct_1h_previous_range_pct_gte_5.76056,(15m_current_body_pct >= 13.64 AND (1h_current_range_pct - 1h_previous_range_pct) >= 5.761),ast,and_pair
270,54,98.18,39.63,3.96,2.9508,49.26,4.3177,3.2553,51.48,4.3967,2.7809,48.89,4.3581,1.9779,45.56,213.8394,-44.7904,7.0733,4.0334,1.5369,6.8025,SF_AND_SF_15m_current_body_pct_gte_13.6371_SF_15m_current_body_pct_gte_9.0914,(15m_current_body_pct >= 13.64 AND 15m_current_body_pct >= 9.091),ast,and_pair
270,54,98.18,39.63,3.96,2.9508,49.26,4.3177,3.2553,51.48,4.3967,2.7809,48.89,4.3581,1.9779,45.56,213.8394,-44.7904,7.0733,4.0334,1.5369,6.8025,SF_AND_SF_15m_current_body_pct_gte_13.6371_SF_2h_current_body_pct_gte_13.739943,(15m_current_body_pct >= 13.64 AND 2h_current_body_pct >= 13.74),ast,and_pair
270,54,98.18,39.63,3.96,2.9508,49.26,4.3177,3.2553,51.48,4.3967,2.7809,48.89,4.3581,1.9779,45.56,213.8394,-44.7904,7.0733,4.0334,1.5369,6.8025,SF_AND_SF_15m_current_body_pct_gte_13.6371_SF_2h_current_range_pct_gte_14.964243,(15m_current_body_pct >= 13.64 AND 2h_current_range_pct >= 14.96),ast,and_pair
270,54,98.18,39.63,3.96,2.9508,49.26,4.3177,3.2553,51.48,4.3967,2.7809,48.89,4.3581,1.9779,45.56,213.8394,-44.7904,7.0733,4.0334,1.5369,6.8025,SF_AND_SF_15m_current_body_pct_gte_13.6371_SF_30m_current_body_pct_gte_10.647286,(15m_current_body_pct >= 13.64 AND 30m_current_body_pct >= 10.65),ast,and_pair
270,54,98.18,39.63,3.96,2.9508,49.26,4.3177,3.2553,51.48,4.3967,2.7809,48.89,4.3581,1.9779,45.56,213.8394,-44.7904,7.0733,4.0334,1.5369,6.8025,SF_AND_SF_15m_current_body_pct_gte_13.6371_SF_30m_current_range_pct_gte_12.1684,(15m_current_body_pct >= 13.64 AND 30m_current_range_pct >= 12.17),ast,and_pair
270,54,98.18,39.63,3.96,2.9508,49.26,4.3177,3.2553,51.48,4.3967,2.7809,48.89,4.3581,1.9779,45.56,213.8394,-44.7904,7.0733,4.0334,1.5369,6.8025,SF_AND_SF_15m_current_body_pct_gte_13.6371_SF_30m_current_range_pct_gte_22.8592,(15m_current_body_pct >= 13.64 AND 30m_current_range_pct >= 22.86),ast,and_pair
270,54,98.18,39.63,3.96,2.9508,49.26,4.3177,3.2553,51.48,4.3967,2.7809,48.89,4.3581,1.9779,45.56,213.8394,-44.7904,7.0733,4.0334,1.5369,6.8025,SF_AND_SF_15m_current_body_pct_gte_13.6371_SF_derived_range_expansion_gte_8.077786,(15m_current_body_pct >= 13.64 AND derived_range_expansion >= 8.078),ast,and_pair
270,54,98.18,39.63,3.96,2.9508,49.26,4.3177,3.2553,51.48,4.3967,2.7809,48.89,4.3581,1.9779,45.56,213.8394,-44.7904,7.0733,4.0334,1.5369,6.8025,SF_AND_SF_15m_current_body_pct_gte_13.6371_SR_1h_current_range_pct_5m_compression_15262639999.999996,(15m_current_body_pct >= 13.64 AND 1h_current_range_pct/5m_compression >= 1.526e+10),ast,and_pair
270,54,98.18,39.63,3.96,2.9508,49.26,4.3177,3.2553,51.48,4.3967,2.7809,48.89,4.3581,1.9779,45.56,213.8394,-44.7904,7.0733,4.0334,1.5369,6.8025,SF_AND_SF_15m_current_body_pct_gte_13.6371_SR_1h_current_range_pct_5m_compression_30525279999.999992,(15m_current_body_pct >= 13.64 AND 1h_current_range_pct/5m_compression >= 3.053e+10),ast,and_pair
270,54,98.18,39.63,3.96,2.9508,49.26,4.3177,3.2553,51.48,4.3967,2.7809,48.89,4.3581,1.9779,45.56,213.8394,-44.7904,7.0733,4.0334,1.5369,6.8025,SF_AND_SF_15m_current_body_pct_gte_9.0914_SD_1h_current_range_pct_1h_previous_range_pct_gte_5.76056,(15m_current_body_pct >= 9.091 AND (1h_current_range_pct - 1h_previous_range_pct) >= 5.761),ast,and_pair
270,54,98.18,39.63,3.96,2.9508,49.26,4.3177,3.2553,51.48,4.3967,2.7809,48.89,4.3581,1.9779,45.56,213.8394,-44.7904,7.0733,4.0334,1.5369,6.8025,SF_AND_SF_15m_current_body_pct_gte_9.0914_SR_1h_current_range_pct_5m_compression_30525279999.999992,(15m_current_body_pct >= 9.091 AND 1h_current_range_pct/5m_compression >= 3.053e+10),ast,and_pair
270,54,98.18,39.63,3.96,2.9508,49.26,4.3177,3.2553,51.48,4.3967,2.7809,48.89,4.3581,1.9779,45.56,213.8394,-44.7904,7.0733,4.0334,1.5369,6.8025,SF_AND_SF_2h_current_body_pct_gte_13.739943_SF_30m_current_range_pct_gte_22.8592,(2h_current_body_pct >= 13.74 AND 30m_current_range_pct >= 22.86),ast,and_pair
270,54,98.18,39.63,3.96,2.9508,49.26,4.3177,3.2553,51.48,4.3967,2.7809,48.89,4.3581,1.9779,45.56,213.8394,-44.7904,7.0733,4.0334,1.5369,6.8025,SF_AND_SF_2h_current_body_pct_gte_20.609914_SF_15m_current_body_pct_gte_13.6371,(2h_current_body_pct >= 20.61 AND 15m_current_body_pct >= 13.64),ast,and_pair
270,54,98.18,39.63,3.96,2.9508,49.26,4.3177,3.2553,51.48,4.3967,2.7809,48.89,4.3581,1.9779,45.56,213.8394,-44.7904,7.0733,4.0334,1.5369,6.8025,SF_AND_SF_2h_current_body_pct_gte_20.609914_SF_30m_current_body_pct_gte_10.647286,(2h_current_body_pct >= 20.61 AND 30m_current_body_pct >= 10.65),ast,and_pair
270,54,98.18,39.63,3.96,2.9508,49.26,4.3177,3.2553,51.48,4.3967,2.7809,48.89,4.3581,1.9779,45.56,213.8394,-44.7904,7.0733,4.0334,1.5369,6.8025,SF_AND_SF_2h_current_body_pct_gte_20.609914_SF_30m_current_body_pct_gte_15.970929,(2h_current_body_pct >= 20.61 AND 30m_current_body_pct >= 15.97),ast,and_pair
270,54,98.18,39.63,3.96,2.9508,49.26,4.3177,3.2553,51.48,4.3967,2.7809,48.89,4.3581,1.9779,45.56,213.8394,-44.7904,7.0733,4.0334,1.5369,6.8025,SF_AND_SF_2h_current_body_pct_gte_20.609914_SF_30m_current_range_pct_gte_22.8592,(2h_current_body_pct >= 20.61 AND 30m_current_range_pct >= 22.86),ast,and_pair
270,54,98.18,39.63,3.96,2.9508,49.26,4.3177,3.2553,51.48,4.3967,2.7809,48.89,4.3581,1.9779,45.56,213.8394,-44.7904,7.0733,4.0334,1.5369,6.8025,SF_AND_SF_2h_current_body_pct_gte_20.609914_SF_derived_range_expansion_gte_19.663914,(2h_current_body_pct >= 20.61 AND derived_range_expansion >= 19.66),ast,and_pair
270,54,98.18,39.63,3.96,2.9508,49.26,4.3177,3.2553,51.48,4.3967,2.7809,48.89,4.3581,1.9779,45.56,213.8394,-44.7904,7.0733,4.0334,1.5369,6.8025,SF_AND_SF_2h_current_range_pct_gte_29.928486_SF_15m_current_body_pct_gte_13.6371,(2h_current_range_pct >= 29.93 AND 15m_current_body_pct >= 13.64),ast,and_pair
270,54,98.18,39.63,3.96,2.9508,49.26,4.3177,3.2553,51.48,4.3967,2.7809,48.89,4.3581,1.9779,45.56,213.8394,-44.7904,7.0733,4.0334,1.5369,6.8025,SF_AND_SF_2h_current_range_pct_gte_29.928486_SF_30m_current_body_pct_gte_10.647286,(2h_current_range_pct >= 29.93 AND 30m_current_body_pct >= 10.65),ast,and_pair
270,54,98.18,39.63,3.96,2.9508,49.26,4.3177,3.2553,51.48,4.3967,2.7809,48.89,4.3581,1.9779,45.56,213.8394,-44.7904,7.0733,4.0334,1.5369,6.8025,SF_AND_SF_30m_current_body_pct_gte_10.647286_SF_15m_current_body_pct_gte_9.0914,(30m_current_body_pct >= 10.65 AND 15m_current_body_pct >= 9.091),ast,and_pair
270,54,98.18,39.63,3.96,2.9508,49.26,4.3177,3.2553,51.48,4.3967,2.7809,48.89,4.3581,1.9779,45.56,213.8394,-44.7904,7.0733,4.0334,1.5369,6.8025,SF_AND_SF_30m_current_body_pct_gte_10.647286_SR_1h_current_range_pct_5m_compression_30525279999.999992,(30m_current_body_pct >= 10.65 AND 1h_current_range_pct/5m_compression >= 3.053e+10),ast,and_pair
270,54,98.18,39.63,3.96,2.9508,49.26,4.3177,3.2553,51.48,4.3967,2.7809,48.89,4.3581,1.9779,45.56,213.8394,-44.7904,7.0733,4.0334,1.5369,6.8025,SF_AND_SF_30m_current_body_pct_gte_15.970929_SD_1h_current_range_pct_1h_previous_range_pct_gte_5.76056,(30m_current_body_pct >= 15.97 AND (1h_current_range_pct - 1h_previous_range_pct) >= 5.761),ast,and_pair
270,54,98.18,39.63,3.96,2.9508,49.26,4.3177,3.2553,51.48,4.3967,2.7809,48.89,4.3581,1.9779,45.56,213.8394,-44.7904,7.0733,4.0334,1.5369,6.8025,SF_AND_SF_30m_current_body_pct_gte_15.970929_SF_15m_current_body_pct_gte_13.6371,(30m_current_body_pct >= 15.97 AND 15m_current_body_pct >= 13.64),ast,and_pair
270,54,98.18,39.63,3.96,2.9508,49.26,4.3177,3.2553,51.48,4.3967,2.7809,48.89,4.3581,1.9779,45.56,213.8394,-44.7904,7.0733,4.0334,1.5369,6.8025,SF_AND_SF_30m_current_body_pct_gte_15.970929_SF_15m_current_body_pct_gte_9.0914,(30m_current_body_pct >= 15.97 AND 15m_current_body_pct >= 9.091),ast,and_pair
270,54,98.18,39.63,3.96,2.9508,49.26,4.3177,3.2553,51.48,4.3967,2.7809,48.89,4.3581,1.9779,45.56,213.8394,-44.7904,7.0733,4.0334,1.5369,6.8025,SF_AND_SF_30m_current_body_pct_gte_15.970929_SF_2h_current_body_pct_gte_13.739943,(30m_current_body_pct >= 15.97 AND 2h_current_body_pct >= 13.74),ast,and_pair
270,54,98.18,39.63,3.96,2.9508,49.26,4.3177,3.2553,51.48,4.3967,2.7809,48.89,4.3581,1.9779,45.56,213.8394,-44.7904,7.0733,4.0334,1.5369,6.8025,SF_AND_SF_30m_current_body_pct_gte_15.970929_SF_2h_current_range_pct_gte_14.964243,(30m_current_body_pct >= 15.97 AND 2h_current_range_pct >= 14.96),ast,and_pair
270,54,98.18,39.63,3.96,2.9508,49.26,4.3177,3.2553,51.48,4.3967,2.7809,48.89,4.3581,1.9779,45.56,213.8394,-44.7904,7.0733,4.0334,1.5369,6.8025,SF_AND_SF_30m_current_body_pct_gte_15.970929_SF_2h_current_range_pct_gte_29.928486,(30m_current_body_pct >= 15.97 AND 2h_current_range_pct >= 29.93),ast,and_pair
270,54,98.18,39.63,3.96,2.9508,49.26,4.3177,3.2553,51.48,4.3967,2.7809,48.89,4.3581,1.9779,45.56,213.8394,-44.7904,7.0733,4.0334,1.5369,6.8025,SF_AND_SF_30m_current_body_pct_gte_15.970929_SF_30m_current_body_pct_gte_10.647286,(30m_current_body_pct >= 15.97 AND 30m_current_body_pct >= 10.65),ast,and_pair
270,54,98.18,39.63,3.96,2.9508,49.26,4.3177,3.2553,51.48,4.3967,2.7809,48.89,4.3581,1.9779,45.56,213.8394,-44.7904,7.0733,4.0334,1.5369,6.8025,SF_AND_SF_30m_current_body_pct_gte_15.970929_SF_30m_current_range_pct_gte_12.1684,(30m_current_body_pct >= 15.97 AND 30m_current_range_pct >= 12.17),ast,and_pair
270,54,98.18,39.63,3.96,2.9508,49.26,4.3177,3.2553,51.48,4.3967,2.7809,48.89,4.3581,1.9779,45.56,213.8394,-44.7904,7.0733,4.0334,1.5369,6.8025,SF_AND_SF_30m_current_body_pct_gte_15.970929_SF_30m_current_range_pct_gte_22.8592,(30m_current_body_pct >= 15.97 AND 30m_current_range_pct >= 22.86),ast,and_pair
270,54,98.18,39.63,3.96,2.9508,49.26,4.3177,3.2553,51.48,4.3967,2.7809,48.89,4.3581,1.9779,45.56,213.8394,-44.7904,7.0733,4.0334,1.5369,6.8025,SF_AND_SF_30m_current_body_pct_gte_15.970929_SF_derived_range_expansion_gte_19.663914,(30m_current_body_pct >= 15.97 AND derived_range_expansion >= 19.66),ast,and_pair
270,54,98.18,39.63,3.96,2.9508,49.26,4.3177,3.2553,51.48,4.3967,2.7809,48.89,4.3581,1.9779,45.56,213.8394,-44.7904,7.0733,4.0334,1.5369,6.8025,SF_AND_SF_30m_current_body_pct_gte_15.970929_SF_derived_range_expansion_gte_8.077786,(30m_current_body_pct >= 15.97 AND derived_range_expansion >= 8.078),ast,and_pair
270,54,98.18,39.63,3.96,2.9508,49.26,4.3177,3.2553,51.48,4.3967,2.7809,48.89,4.3581,1.9779,45.56,213.8394,-44.7904,7.0733,4.0334,1.5369,6.8025,SF_AND_SF_30m_current_body_pct_gte_15.970929_SR_1h_current_range_pct_5m_compression_15262639999.999996,(30m_current_body_pct >= 15.97 AND 1h_current_range_pct/5m_compression >= 1.526e+10),ast,and_pair
270,54,98.18,39.63,3.96,2.9508,49.26,4.3177,3.2553,51.48,4.3967,2.7809,48.89,4.3581,1.9779,45.56,213.8394,-44.7904,7.0733,4.0334,1.5369,6.8025,SF_AND_SF_30m_current_body_pct_gte_15.970929_SR_1h_current_range_pct_5m_compression_30525279999.999992,(30m_current_body_pct >= 15.97 AND 1h_current_range_pct/5m_compression >= 3.053e+10),ast,and_pair
270,54,98.18,39.63,3.96,2.9508,49.26,4.3177,3.2553,51.48,4.3967,2.7809,48.89,4.3581,1.9779,45.56,213.8394,-44.7904,7.0733,4.0334,1.5369,6.8025,SF_AND_SF_30m_current_range_pct_gte_12.1684_SR_1h_current_range_pct_5m_compression_30525279999.999992,(30m_current_range_pct >= 12.17 AND 1h_current_range_pct/5m_compression >= 3.053e+10),ast,and_pair
270,54,98.18,39.63,3.96,2.9508,49.26,4.3177,3.2553,51.48,4.3967,2.7809,48.89,4.3581,1.9779,45.56,213.8394,-44.7904,7.0733,4.0334,1.5369,6.8025,SF_AND_SF_30m_current_range_pct_gte_22.8592_SF_15m_current_body_pct_gte_9.0914,(30m_current_range_pct >= 22.86 AND 15m_current_body_pct >= 9.091),ast,and_pair
270,54,98.18,39.63,3.96,2.9508,49.26,4.3177,3.2553,51.48,4.3967,2.7809,48.89,4.3581,1.9779,45.56,213.8394,-44.7904,7.0733,4.0334,1.5369,6.8025,SF_AND_SF_30m_current_range_pct_gte_22.8592_SF_30m_current_body_pct_gte_10.647286,(30m_current_range_pct >= 22.86 AND 30m_current_body_pct >= 10.65),ast,and_pair
270,54,98.18,39.63,3.96,2.9508,49.26,4.3177,3.2553,51.48,4.3967,2.7809,48.89,4.3581,1.9779,45.56,213.8394,-44.7904,7.0733,4.0334,1.5369,6.8025,SF_AND_SF_30m_current_range_pct_gte_22.8592_SR_1h_current_range_pct_5m_compression_15262639999.999996,(30m_current_range_pct >= 22.86 AND 1h_current_range_pct/5m_compression >= 1.526e+10),ast,and_pair
270,54,98.18,39.63,3.96,2.9508,49.26,4.3177,3.2553,51.48,4.3967,2.7809,48.89,4.3581,1.9779,45.56,213.8394,-44.7904,7.0733,4.0334,1.5369,6.8025,SF_AND_SF_30m_current_range_pct_gte_22.8592_SR_1h_current_range_pct_5m_compression_30525279999.999992,(30m_current_range_pct >= 22.86 AND 1h_current_range_pct/5m_compression >= 3.053e+10),ast,and_pair
270,54,98.18,39.63,3.96,2.9508,49.26,4.3177,3.2553,51.48,4.3967,2.7809,48.89,4.3581,1.9779,45.56,213.8394,-44.7904,7.0733,4.0334,1.5369,6.8025,SF_AND_SF_derived_range_expansion_gte_19.663914_SF_15m_current_body_pct_gte_13.6371,(derived_range_expansion >= 19.66 AND 15m_current_body_pct >= 13.64),ast,and_pair
270,54,98.18,39.63,3.96,2.9508,49.26,4.3177,3.2553,51.48,4.3967,2.7809,48.89,4.3581,1.9779,45.56,213.8394,-44.7904,7.0733,4.0334,1.5369,6.8025,SF_AND_SF_derived_range_expansion_gte_19.663914_SF_15m_current_body_pct_gte_9.0914,(derived_range_expansion >= 19.66 AND 15m_current_body_pct >= 9.091),ast,and_pair
270,54,98.18,39.63,3.96,2.9508,49.26,4.3177,3.2553,51.48,4.3967,2.7809,48.89,4.3581,1.9779,45.56,213.8394,-44.7904,7.0733,4.0334,1.5369,6.8025,SF_AND_SF_derived_range_expansion_gte_19.663914_SF_2h_current_body_pct_gte_13.739943,(derived_range_expansion >= 19.66 AND 2h_current_body_pct >= 13.74),ast,and_pair
270,54,98.18,39.63,3.96,2.9508,49.26,4.3177,3.2553,51.48,4.3967,2.7809,48.89,4.3581,1.9779,45.56,213.8394,-44.7904,7.0733,4.0334,1.5369,6.8025,SF_AND_SF_derived_range_expansion_gte_19.663914_SF_30m_current_body_pct_gte_10.647286,(derived_range_expansion >= 19.66 AND 30m_current_body_pct >= 10.65),ast,and_pair
270,54,98.18,39.63,3.96,2.9508,49.26,4.3177,3.2553,51.48,4.3967,2.7809,48.89,4.3581,1.9779,45.56,213.8394,-44.7904,7.0733,4.0334,1.5369,6.8025,SF_AND_SF_derived_range_expansion_gte_19.663914_SR_1h_current_range_pct_5m_compression_15262639999.999996,(derived_range_expansion >= 19.66 AND 1h_current_range_pct/5m_compression >= 1.526e+10),ast,and_pair
270,54,98.18,39.63,3.96,2.9508,49.26,4.3177,3.2553,51.48,4.3967,2.7809,48.89,4.3581,1.9779,45.56,213.8394,-44.7904,7.0733,4.0334,1.5369,6.8025,SF_AND_SF_derived_range_expansion_gte_19.663914_SR_1h_current_range_pct_5m_compression_30525279999.999992,(derived_range_expansion >= 19.66 AND 1h_current_range_pct/5m_compression >= 3.053e+10),ast,and_pair
270,54,98.18,39.63,3.96,2.9508,49.26,4.3177,3.2553,51.48,4.3967,2.7809,48.89,4.3581,1.9779,45.56,213.8394,-44.7904,7.0733,4.0334,1.5369,6.8025,SF_AND_SF_derived_range_expansion_gte_8.077786_SF_15m_current_body_pct_gte_9.0914,(derived_range_expansion >= 8.078 AND 15m_current_body_pct >= 9.091),ast,and_pair
270,54,98.18,39.63,3.96,2.9508,49.26,4.3177,3.2553,51.48,4.3967,2.7809,48.89,4.3581,1.9779,45.56,213.8394,-44.7904,7.0733,4.0334,1.5369,6.8025,SF_ATOM_11,30m_current_body_pct >= 15.97,ast,atom
270,54,98.18,39.63,3.96,2.9508,49.26,4.3177,3.2553,51.48,4.3967,2.7809,48.89,4.3581,1.9779,45.56,213.8394,-44.7904,7.0733,4.0334,1.5369,6.8025,SF_ATOM_14,15m_current_body_pct >= 13.64,ast,atom
270,54,98.18,39.63,3.96,2.9508,49.26,4.3177,3.2553,51.48,4.3967,2.7809,48.89,4.3581,1.9779,45.56,213.8394,-44.7904,7.0733,4.0334,1.5369,6.8025,SF_ATOM_42,15m_current_range_pct >= 16.74,ast,atom
270,54,98.18,39.63,3.96,2.9508,49.26,4.3177,3.2553,51.48,4.3967,2.7809,48.89,4.3581,1.9779,45.56,213.8394,-44.7904,7.0733,4.0334,1.5369,6.8025,SF_OR_SD_1h_current_return_pct_15m_current_return_pct_gte_9.24094_SF_15m_current_body_pct_gte_13.6371,((1h_current_return_pct - 15m_current_return_pct) >= 9.241 OR 15m_current_body_pct >= 13.64),ast,or_pair
270,54,98.18,39.63,3.96,2.9508,49.26,4.3177,3.2553,51.48,4.3967,2.7809,48.89,4.3581,1.9779,45.56,213.8394,-44.7904,7.0733,4.0334,1.5369,6.8025,SF_OR_SD_1h_current_return_pct_15m_current_return_pct_gte_9.24094_SF_30m_current_body_pct_gte_15.970929,((1h_current_return_pct - 15m_current_return_pct) >= 9.241 OR 30m_current_body_pct >= 15.97),ast,or_pair
270,54,98.18,39.63,3.96,2.9508,49.26,4.3177,3.2553,51.48,4.3967,2.7809,48.89,4.3581,1.9779,45.56,213.8394,-44.7904,7.0733,4.0334,1.5369,6.8025,SF_OR_SF_15m_current_return_pct_gte_10.127714_SF_15m_current_body_pct_gte_13.6371,(15m_current_return_pct >= 10.13 OR 15m_current_body_pct >= 13.64),ast,or_pair
270,54,98.18,39.63,3.96,2.9508,49.26,4.3177,3.2553,51.48,4.3967,2.7809,48.89,4.3581,1.9779,45.56,213.8394,-44.7904,7.0733,4.0334,1.5369,6.8025,SF_OR_SF_15m_current_return_pct_gte_10.127714_SF_30m_current_body_pct_gte_15.970929,(15m_current_return_pct >= 10.13 OR 30m_current_body_pct >= 15.97),ast,or_pair
270,54,98.18,39.63,3.96,2.9508,49.26,4.3177,3.2553,51.48,4.3967,2.7809,48.89,4.3581,1.9779,45.56,213.8394,-44.7904,7.0733,4.0334,1.5369,6.8025,SF_OR_SF_1h_current_ma20_distance_pct_gte_51.022186_SF_15m_current_body_pct_gte_13.6371,(1h_current_ma20_distance_pct >= 51.02 OR 15m_current_body_pct >= 13.64),ast,or_pair
270,54,98.18,39.63,3.96,2.9508,49.26,4.3177,3.2553,51.48,4.3967,2.7809,48.89,4.3581,1.9779,45.56,213.8394,-44.7904,7.0733,4.0334,1.5369,6.8025,SF_OR_SF_1h_current_ma20_distance_pct_gte_51.022186_SF_30m_current_body_pct_gte_15.970929,(1h_current_ma20_distance_pct >= 51.02 OR 30m_current_body_pct >= 15.97),ast,or_pair
270,54,98.18,39.63,3.96,2.9508,49.26,4.3177,3.2553,51.48,4.3967,2.7809,48.89,4.3581,1.9779,45.56,213.8394,-44.7904,7.0733,4.0334,1.5369,6.8025,SF_OR_SF_1h_current_return_pct_gte_18.082043_SF_15m_current_body_pct_gte_13.6371,(1h_current_return_pct >= 18.08 OR 15m_current_body_pct >= 13.64),ast,or_pair
270,54,98.18,39.63,3.96,2.9508,49.26,4.3177,3.2553,51.48,4.3967,2.7809,48.89,4.3581,1.9779,45.56,213.8394,-44.7904,7.0733,4.0334,1.5369,6.8025,SF_OR_SF_1h_current_return_pct_gte_18.082043_SF_30m_current_body_pct_gte_15.970929,(1h_current_return_pct >= 18.08 OR 30m_current_body_pct >= 15.97),ast,or_pair
270,54,98.18,39.63,3.96,2.9508,49.26,4.3177,3.2553,51.48,4.3967,2.7809,48.89,4.3581,1.9779,45.56,213.8394,-44.7904,7.0733,4.0334,1.5369,6.8025,SF_OR_SF_1h_current_return_pct_gte_8.969214_SF_15m_current_body_pct_gte_13.6371,(1h_current_return_pct >= 8.969 OR 15m_current_body_pct >= 13.64),ast,or_pair
270,54,98.18,39.63,3.96,2.9508,49.26,4.3177,3.2553,51.48,4.3967,2.7809,48.89,4.3581,1.9779,45.56,213.8394,-44.7904,7.0733,4.0334,1.5369,6.8025,SF_OR_SF_1h_current_return_pct_gte_8.969214_SF_30m_current_body_pct_gte_15.970929,(1h_current_return_pct >= 8.969 OR 30m_current_body_pct >= 15.97),ast,or_pair
270,54,98.18,39.63,3.96,2.9508,49.26,4.3177,3.2553,51.48,4.3967,2.7809,48.89,4.3581,1.9779,45.56,213.8394,-44.7904,7.0733,4.0334,1.5369,6.8025,SF_OR_SF_2h_previous_body_pct_gte_34.349857_SF_15m_current_body_pct_gte_13.6371,(2h_previous_body_pct >= 34.35 OR 15m_current_body_pct >= 13.64),ast,or_pair
270,54,98.18,39.63,3.96,2.9508,49.26,4.3177,3.2553,51.48,4.3967,2.7809,48.89,4.3581,1.9779,45.56,213.8394,-44.7904,7.0733,4.0334,1.5369,6.8025,SF_OR_SF_2h_previous_body_pct_gte_34.349857_SF_30m_current_body_pct_gte_15.970929,(2h_previous_body_pct >= 34.35 OR 30m_current_body_pct >= 15.97),ast,or_pair
270,54,98.18,39.63,3.96,2.9508,49.26,4.3177,3.2553,51.48,4.3967,2.7809,48.89,4.3581,1.9779,45.56,213.8394,-44.7904,7.0733,4.0334,1.5369,6.8025,SF_OR_SF_30m_current_body_pct_gte_15.970929_SF_15m_current_body_pct_gte_13.6371,(30m_current_body_pct >= 15.97 OR 15m_current_body_pct >= 13.64),ast,or_pair
270,54,98.18,40.0,3.9713,2.9508,49.26,4.4079,3.295,51.85,4.54,2.8484,49.26,4.5103,2.255,46.3,214.4495,-44.7904,7.0963,4.0449,1.5534,6.7974,SF_OR_SF_30m_current_range_pct_gte_22.8592_SF_2h_previous_return_pct_gte_26.298514,(30m_current_range_pct >= 22.86 OR 2h_previous_return_pct >= 26.3),ast,or_pair
270,54,98.18,40.0,3.9713,2.9508,49.26,4.4079,3.295,51.85,4.54,2.8484,49.26,4.5103,2.255,46.3,214.4495,-44.7904,7.0963,4.0449,1.5534,6.7974,SF_OR_SF_derived_range_expansion_gte_19.663914_SF_2h_previous_return_pct_gte_26.298514,(derived_range_expansion >= 19.66 OR 2h_previous_return_pct >= 26.3),ast,or_pair
270,54,98.18,40.0,3.9399,2.9291,48.89,4.4319,3.3166,52.22,4.5788,2.7809,48.89,4.5546,1.9779,45.56,212.754,-44.7904,7.001,4.0129,1.5375,6.7934,SF_OR_SF_15m_current_body_pct_gte_13.6371_SF_15m_current_ma20_distance_pct_gte_17.364729,(15m_current_body_pct >= 13.64 OR 15m_current_ma20_distance_pct >= 17.36),ast,or_pair
270,54,98.18,40.0,3.9399,2.9291,48.89,4.4319,3.3166,52.22,4.5788,2.7809,48.89,4.5546,1.9779,45.56,212.754,-44.7904,7.001,4.0129,1.5375,6.7934,SF_OR_SF_30m_current_body_pct_gte_15.970929_SF_15m_current_ma20_distance_pct_gte_17.364729,(30m_current_body_pct >= 15.97 OR 15m_current_ma20_distance_pct >= 17.36),ast,or_pair
270,54,98.18,35.93,3.656,2.7649,46.67,4.242,2.9626,49.26,4.3152,2.7809,48.52,4.416,1.9779,45.56,197.4236,-41.1048,7.3774,3.7238,1.3434,6.7893,SF_NOT_SF_30m_current_body_pct_gte_10.647286,NOT (30m_current_body_pct >= 10.65),ast,not
270,54,98.18,39.63,3.9477,2.9508,49.26,4.2887,3.2553,51.48,4.3261,2.8484,49.26,4.1615,1.8015,45.19,213.1771,-44.7904,7.1176,4.0209,1.5454,6.7563,SF_ATOM_52,(2h_current_return_pct - 1h_current_return_pct) <= -13.46,ast,atom
270,54,98.18,40.37,3.9676,2.9291,48.89,4.4191,3.2553,51.48,4.6038,2.7809,48.89,4.4967,1.9779,45.56,214.2485,-44.7904,7.0495,4.0411,1.5621,6.7527,SF_OR_SF_15m_current_body_pct_gte_13.6371_SD_2h_current_return_pct_1h_current_return_pct_gte_13.61786,(15m_current_body_pct >= 13.64 OR (2h_current_return_pct - 1h_current_return_pct) >= 13.62),ast,or_pair
270,54,98.18,40.37,3.9676,2.9291,48.89,4.4191,3.2553,51.48,4.6038,2.7809,48.89,4.4967,1.9779,45.56,214.2485,-44.7904,7.0495,4.0411,1.5621,6.7527,SF_OR_SF_30m_current_body_pct_gte_15.970929_SD_2h_current_return_pct_1h_current_return_pct_gte_13.61786,(30m_current_body_pct >= 15.97 OR (2h_current_return_pct - 1h_current_return_pct) >= 13.62),ast,or_pair
270,54,98.18,39.63,3.972,2.9508,49.26,4.3591,3.2553,51.48,4.4283,2.7809,48.89,4.3811,2.1492,45.93,214.4904,-44.7904,7.0978,4.0456,1.5532,6.7246,SF_OR_SF_15m_current_body_pct_gte_13.6371_SF_2h_previous_return_pct_gte_26.298514,(15m_current_body_pct >= 13.64 OR 2h_previous_return_pct >= 26.3),ast,or_pair
270,54,98.18,39.63,3.972,2.9508,49.26,4.3591,3.2553,51.48,4.4283,2.7809,48.89,4.3811,2.1492,45.93,214.4904,-44.7904,7.0978,4.0456,1.5532,6.7246,SF_OR_SF_30m_current_body_pct_gte_15.970929_SF_2h_previous_return_pct_gte_26.298514,(30m_current_body_pct >= 15.97 OR 2h_previous_return_pct >= 26.3),ast,or_pair
270,54,98.18,40.0,3.8719,2.9508,49.26,4.3055,3.295,51.85,4.4018,2.8484,49.26,4.312,2.1492,45.93,209.0842,-44.7904,6.8238,3.9437,1.5655,6.707,SF_OR_SD_1h_current_range_pct_1h_previous_range_pct_gte_21.98114_SF_15m_current_body_pct_gte_9.0914,((1h_current_range_pct - 1h_previous_range_pct) >= 21.98 OR 15m_current_body_pct >= 9.091),ast,or_pair
270,54,98.18,40.0,3.8719,2.9508,49.26,4.3055,3.295,51.85,4.4018,2.8484,49.26,4.312,2.1492,45.93,209.0842,-44.7904,6.8238,3.9437,1.5655,6.707,SF_OR_SF_2h_current_range_pct_gte_44.892729_SF_15m_current_body_pct_gte_9.0914,(2h_current_range_pct >= 44.89 OR 15m_current_body_pct >= 9.091),ast,or_pair
270,54,98.18,40.0,3.8719,2.9508,49.26,4.3055,3.295,51.85,4.4018,2.8484,49.26,4.312,2.1492,45.93,209.0842,-44.7904,6.8238,3.9437,1.5655,6.707,SF_OR_SF_30m_current_range_pct_gte_22.8592_SF_15m_current_body_pct_gte_9.0914,(30m_current_range_pct >= 22.86 OR 15m_current_body_pct >= 9.091),ast,or_pair
270,54,98.18,40.0,3.8719,2.9508,49.26,4.3055,3.295,51.85,4.4018,2.8484,49.26,4.312,2.1492,45.93,209.0842,-44.7904,6.8238,3.9437,1.5655,6.707,SF_OR_SF_derived_range_expansion_gte_19.663914_SF_15m_current_body_pct_gte_9.0914,(derived_range_expansion >= 19.66 OR 15m_current_body_pct >= 9.091),ast,or_pair
270,54,98.18,40.37,3.9982,2.9508,49.26,4.3545,3.295,51.85,4.5831,2.8484,49.26,4.501,2.1492,45.93,215.9011,-44.7904,7.1081,4.0723,1.5903,6.6949,SF_OR_SF_15m_current_ma20_distance_pct_gte_26.750886_SF_30m_current_range_pct_gte_22.8592,(15m_current_ma20_distance_pct >= 26.75 OR 30m_current_range_pct >= 22.86),ast,or_pair
270,54,98.18,40.37,3.9982,2.9508,49.26,4.3545,3.295,51.85,4.5831,2.8484,49.26,4.501,2.1492,45.93,215.9011,-44.7904,7.1081,4.0723,1.5903,6.6949,SF_OR_SF_15m_current_ma20_distance_pct_gte_26.750886_SF_derived_range_expansion_gte_19.663914,(15m_current_ma20_distance_pct >= 26.75 OR derived_range_expansion >= 19.66),ast,or_pair
270,54,98.18,40.37,3.9982,2.9508,49.26,4.3545,3.295,51.85,4.5831,2.8484,49.26,4.501,2.1492,45.93,215.9011,-44.7904,7.1081,4.0723,1.5903,6.6949,SF_OR_SF_30m_current_range_pct_gte_22.8592_SF_30m_previous_ma20_distance_pct_gte_39.165157,(30m_current_range_pct >= 22.86 OR 30m_previous_ma20_distance_pct >= 39.17),ast,or_pair
270,54,98.18,40.37,3.9982,2.9508,49.26,4.3545,3.295,51.85,4.5831,2.8484,49.26,4.501,2.1492,45.93,215.9011,-44.7904,7.1081,4.0723,1.5903,6.6949,SF_OR_SF_derived_range_expansion_gte_19.663914_SF_30m_previous_ma20_distance_pct_gte_39.165157,(derived_range_expansion >= 19.66 OR 30m_previous_ma20_distance_pct >= 39.17),ast,or_pair
270,54,98.18,40.0,4.0372,2.9508,49.26,4.5082,3.2553,51.48,4.6504,2.8484,49.26,4.6062,2.1492,45.93,218.0089,-44.3496,7.2825,4.112,1.588,6.6882,SF_ATOM_46,1h_previous_range_pct >= 26.11,ast,atom
270,54,98.18,39.63,3.9137,2.9508,49.26,4.266,3.1566,51.11,4.3443,2.7241,48.52,4.3009,1.8015,45.19,211.3397,-45.1761,6.9572,3.9862,1.55,6.6845,SF_AND_SF_2h_current_body_pct_gte_13.739943_SF_30m_current_body_pct_gte_10.647286,(2h_current_body_pct >= 13.74 AND 30m_current_body_pct >= 10.65),ast,and_pair
270,54,98.18,40.0,4.0264,2.9508,49.26,4.3662,3.2553,51.48,4.5002,2.8484,49.26,4.3085,1.9779,45.56,217.4274,-44.7904,7.2481,4.101,1.5841,6.6604,SF_ATOM_57,1h_previous_body_pct >= 17.44,ast,atom
270,54,98.18,40.0,3.7155,2.7789,47.04,4.2027,2.9267,49.26,4.2304,2.6794,48.15,4.1449,1.7458,45.56,200.6395,-50.9944,6.6059,3.7844,1.3537,6.6547,SF_ATOM_66,30m_previous_range_pct >= 10.48,ast,atom
270,54,98.18,40.0,3.8526,2.9291,48.89,4.371,3.3166,52.22,4.4722,2.7809,48.89,4.3793,1.9779,45.56,208.0398,-44.7904,6.7558,3.924,1.5616,6.6467,SF_OR_SF_15m_current_ma20_distance_pct_gte_17.364729_SF_15m_current_body_pct_gte_9.0914,(15m_current_ma20_distance_pct >= 17.36 OR 15m_current_body_pct >= 9.091),ast,or_pair
270,54,98.18,41.11,3.7049,2.8756,48.15,4.3385,3.295,51.85,4.3584,2.7809,48.89,4.3329,2.1492,45.93,200.0625,-48.5981,6.4459,3.7736,1.493,6.6387,SF_AND_SF_30m_current_range_pct_gte_12.1684_SD_1h_current_range_pct_1h_previous_range_pct_gte_5.76056,(30m_current_range_pct >= 12.17 AND (1h_current_range_pct - 1h_previous_range_pct) >= 5.761),ast,and_pair
270,54,98.18,39.63,3.8727,2.9508,49.26,4.2568,3.2553,51.48,4.2901,2.7809,48.89,4.1827,1.9779,45.56,209.1252,-44.7904,6.8253,3.9445,1.5652,6.6348,SF_AND_SF_15m_current_body_pct_gte_9.0914_SF_2h_current_range_pct_gte_14.964243,(15m_current_body_pct >= 9.091 AND 2h_current_range_pct >= 14.96),ast,and_pair
270,54,98.18,39.63,3.8727,2.9508,49.26,4.2568,3.2553,51.48,4.2901,2.7809,48.89,4.1827,1.9779,45.56,209.1252,-44.7904,6.8253,3.9445,1.5652,6.6348,SF_AND_SF_2h_current_body_pct_gte_13.739943_SF_15m_current_body_pct_gte_9.0914,(2h_current_body_pct >= 13.74 AND 15m_current_body_pct >= 9.091),ast,and_pair
270,54,98.18,39.63,3.8727,2.9508,49.26,4.2568,3.2553,51.48,4.2901,2.7809,48.89,4.1827,1.9779,45.56,209.1252,-44.7904,6.8253,3.9445,1.5652,6.6348,SF_AND_SF_2h_current_body_pct_gte_20.609914_SF_15m_current_body_pct_gte_9.0914,(2h_current_body_pct >= 20.61 AND 15m_current_body_pct >= 9.091),ast,and_pair
270,54,98.18,39.63,3.8727,2.9508,49.26,4.2568,3.2553,51.48,4.2901,2.7809,48.89,4.1827,1.9779,45.56,209.1252,-44.7904,6.8253,3.9445,1.5652,6.6348,SF_AND_SF_2h_current_body_pct_gte_20.609914_SF_30m_current_range_pct_gte_12.1684,(2h_current_body_pct >= 20.61 AND 30m_current_range_pct >= 12.17),ast,and_pair
270,54,98.18,39.63,3.8727,2.9508,49.26,4.2568,3.2553,51.48,4.2901,2.7809,48.89,4.1827,1.9779,45.56,209.1252,-44.7904,6.8253,3.9445,1.5652,6.6348,SF_AND_SF_2h_current_range_pct_gte_29.928486_SF_15m_current_body_pct_gte_9.0914,(2h_current_range_pct >= 29.93 AND 15m_current_body_pct >= 9.091),ast,and_pair
270,54,98.18,39.63,3.8727,2.9508,49.26,4.2568,3.2553,51.48,4.2901,2.7809,48.89,4.1827,1.9779,45.56,209.1252,-44.7904,6.8253,3.9445,1.5652,6.6348,SF_AND_SF_30m_current_range_pct_gte_12.1684_SF_15m_current_body_pct_gte_9.0914,(30m_current_range_pct >= 12.17 AND 15m_current_body_pct >= 9.091),ast,and_pair
270,54,98.18,39.63,3.8727,2.9508,49.26,4.2568,3.2553,51.48,4.2901,2.7809,48.89,4.1827,1.9779,45.56,209.1252,-44.7904,6.8253,3.9445,1.5652,6.6348,SF_AND_SR_1h_current_range_pct_5m_compression_15262639999.999996_SF_15m_current_body_pct_gte_9.0914,(1h_current_range_pct/5m_compression >= 1.526e+10 AND 15m_current_body_pct >= 9.091),ast,and_pair
270,54,98.18,39.63,3.8727,2.9508,49.26,4.2568,3.2553,51.48,4.2901,2.7809,48.89,4.1827,1.9779,45.56,209.1252,-44.7904,6.8253,3.9445,1.5652,6.6348,SF_ATOM_29,15m_current_body_pct >= 9.091,ast,atom
270,54,98.18,39.63,3.8727,2.9508,49.26,4.2568,3.2553,51.48,4.2901,2.7809,48.89,4.1827,1.9779,45.56,209.1252,-44.7904,6.8253,3.9445,1.5652,6.6348,SF_OR_SD_1h_current_return_pct_15m_current_return_pct_gte_9.24094_SF_15m_current_body_pct_gte_9.0914,((1h_current_return_pct - 15m_current_return_pct) >= 9.241 OR 15m_current_body_pct >= 9.091),ast,or_pair
270,54,98.18,39.63,3.8727,2.9508,49.26,4.2568,3.2553,51.48,4.2901,2.7809,48.89,4.1827,1.9779,45.56,209.1252,-44.7904,6.8253,3.9445,1.5652,6.6348,SF_OR_SF_15m_current_body_pct_gte_13.6371_SF_15m_current_body_pct_gte_9.0914,(15m_current_body_pct >= 13.64 OR 15m_current_body_pct >= 9.091),ast,or_pair
270,54,98.18,39.63,3.8727,2.9508,49.26,4.2568,3.2553,51.48,4.2901,2.7809,48.89,4.1827,1.9779,45.56,209.1252,-44.7904,6.8253,3.9445,1.5652,6.6348,SF_OR_SF_15m_current_return_pct_gte_10.127714_SF_15m_current_body_pct_gte_9.0914,(15m_current_return_pct >= 10.13 OR 15m_current_body_pct >= 9.091),ast,or_pair
270,54,98.18,39.63,3.8727,2.9508,49.26,4.2568,3.2553,51.48,4.2901,2.7809,48.89,4.1827,1.9779,45.56,209.1252,-44.7904,6.8253,3.9445,1.5652,6.6348,SF_OR_SF_1h_current_ma20_distance_pct_gte_51.022186_SF_15m_current_body_pct_gte_9.0914,(1h_current_ma20_distance_pct >= 51.02 OR 15m_current_body_pct >= 9.091),ast,or_pair
270,54,98.18,39.63,3.8727,2.9508,49.26,4.2568,3.2553,51.48,4.2901,2.7809,48.89,4.1827,1.9779,45.56,209.1252,-44.7904,6.8253,3.9445,1.5652,6.6348,SF_OR_SF_1h_current_return_pct_gte_18.082043_SF_15m_current_body_pct_gte_9.0914,(1h_current_return_pct >= 18.08 OR 15m_current_body_pct >= 9.091),ast,or_pair
270,54,98.18,39.63,3.8727,2.9508,49.26,4.2568,3.2553,51.48,4.2901,2.7809,48.89,4.1827,1.9779,45.56,209.1252,-44.7904,6.8253,3.9445,1.5652,6.6348,SF_OR_SF_1h_current_return_pct_gte_8.969214_SF_15m_current_body_pct_gte_9.0914,(1h_current_return_pct >= 8.969 OR 15m_current_body_pct >= 9.091),ast,or_pair
270,54,98.18,39.63,3.8727,2.9508,49.26,4.2568,3.2553,51.48,4.2901,2.7809,48.89,4.1827,1.9779,45.56,209.1252,-44.7904,6.8253,3.9445,1.5652,6.6348,SF_OR_SF_2h_previous_body_pct_gte_34.349857_SF_15m_current_body_pct_gte_9.0914,(2h_previous_body_pct >= 34.35 OR 15m_current_body_pct >= 9.091),ast,or_pair
270,54,98.18,39.63,3.8727,2.9508,49.26,4.2568,3.2553,51.48,4.2901,2.7809,48.89,4.1827,1.9779,45.56,209.1252,-44.7904,6.8253,3.9445,1.5652,6.6348,SF_OR_SF_30m_current_body_pct_gte_15.970929_SF_15m_current_body_pct_gte_9.0914,(30m_current_body_pct >= 15.97 OR 15m_current_body_pct >= 9.091),ast,or_pair
270,54,98.18,40.0,3.9989,2.9508,49.26,4.3057,3.2553,51.48,4.4714,2.7809,48.89,4.3717,1.9779,45.56,215.942,-44.7904,7.1096,4.073,1.5902,6.6216,SF_OR_SF_15m_current_body_pct_gte_13.6371_SF_30m_previous_ma20_distance_pct_gte_39.165157,(15m_current_body_pct >= 13.64 OR 30m_previous_ma20_distance_pct >= 39.17),ast,or_pair
270,54,98.18,40.0,3.9989,2.9508,49.26,4.3057,3.2553,51.48,4.4714,2.7809,48.89,4.3717,1.9779,45.56,215.942,-44.7904,7.1096,4.073,1.5902,6.6216,SF_OR_SF_15m_current_ma20_distance_pct_gte_26.750886_SF_15m_current_body_pct_gte_13.6371,(15m_current_ma20_distance_pct >= 26.75 OR 15m_current_body_pct >= 13.64),ast,or_pair
270,54,98.18,40.0,3.9989,2.9508,49.26,4.3057,3.2553,51.48,4.4714,2.7809,48.89,4.3717,1.9779,45.56,215.942,-44.7904,7.1096,4.073,1.5902,6.6216,SF_OR_SF_15m_current_ma20_distance_pct_gte_26.750886_SF_30m_current_body_pct_gte_15.970929,(15m_current_ma20_distance_pct >= 26.75 OR 30m_current_body_pct >= 15.97),ast,or_pair
270,54,98.18,40.0,3.9989,2.9508,49.26,4.3057,3.2553,51.48,4.4714,2.7809,48.89,4.3717,1.9779,45.56,215.942,-44.7904,7.1096,4.073,1.5902,6.6216,SF_OR_SF_30m_current_body_pct_gte_15.970929_SF_30m_previous_ma20_distance_pct_gte_39.165157,(30m_current_body_pct >= 15.97 OR 30m_previous_ma20_distance_pct >= 39.17),ast,or_pair
270,54,98.18,41.11,3.5576,2.855,47.78,4.3474,3.2553,51.48,4.1845,2.6794,48.15,4.3795,2.1492,46.3,192.1096,-48.5981,6.1125,3.6235,1.4728,6.6215,SF_OR_SF_1h_current_return_pct_gte_8.969214_SF_30m_current_range_pct_gte_12.1684,(1h_current_return_pct >= 8.969 OR 30m_current_range_pct >= 12.17),ast,or_pair
270,54,98.18,40.37,3.8803,2.9291,48.89,4.3581,3.2553,51.48,4.4972,2.7809,48.89,4.3214,1.9779,45.56,209.5343,-44.7904,6.8035,3.9522,1.5893,6.5905,SF_OR_SD_2h_current_return_pct_1h_current_return_pct_gte_13.61786_SF_15m_current_body_pct_gte_9.0914,((2h_current_return_pct - 1h_current_return_pct) >= 13.62 OR 15m_current_body_pct >= 9.091),ast,or_pair
270,54,98.18,40.74,3.9022,2.9291,48.89,4.4354,3.2553,51.48,4.6186,2.8484,49.26,4.5321,1.8015,45.19,210.7184,-44.7904,6.965,3.9745,1.6077,6.5791,SF_ATOM_35,1h_previous_range_pct >= 19.58,ast,atom
270,54,98.18,40.0,3.7279,2.855,47.78,4.1977,3.0556,50.37,4.4129,2.7809,48.89,4.5637,1.7295,44.81,201.3056,-44.7904,6.571,3.797,1.5246,6.5723,SF_ATOM_58,15m_previous_range_pct >= 7.976,ast,atom
270,54,98.18,32.96,3.5647,2.5434,44.44,4.1779,2.9885,49.63,4.3603,2.6794,47.78,4.6141,1.8774,45.56,192.4943,-36.383,7.8681,3.6308,1.2685,6.5686,SF_NOT_SR_1h_current_range_pct_5m_compression_15262639999.999996,NOT (1h_current_range_pct/5m_compression >= 1.526e+10),ast,not
270,54,98.18,39.63,3.8847,2.9508,49.26,4.2982,3.2553,51.48,4.3217,2.7809,48.89,4.2058,2.1492,45.93,209.7761,-44.7904,6.8492,3.9567,1.5818,6.5554,SF_OR_SF_2h_previous_return_pct_gte_26.298514_SF_15m_current_body_pct_gte_9.0914,(2h_previous_return_pct >= 26.3 OR 15m_current_body_pct >= 9.091),ast,or_pair
270,54,98.18,39.63,3.7023,2.855,47.78,4.2493,3.3166,51.85,4.3794,2.8439,48.89,4.4233,1.9779,45.93,199.9256,-52.4186,6.5381,3.7709,1.3646,6.5278,SF_OR_SF_30m_current_range_pct_gte_22.8592_SF_1h_current_ma20_distance_pct_gte_20.388471,(30m_current_range_pct >= 22.86 OR 1h_current_ma20_distance_pct >= 20.39),ast,or_pair
270,54,98.18,39.63,3.7023,2.855,47.78,4.2493,3.3166,51.85,4.3794,2.8439,48.89,4.4233,1.9779,45.93,199.9256,-52.4186,6.5381,3.7709,1.3646,6.5278,SF_OR_SF_derived_range_expansion_gte_19.663914_SF_1h_current_ma20_distance_pct_gte_20.388471,(derived_range_expansion >= 19.66 OR 1h_current_ma20_distance_pct >= 20.39),ast,or_pair
270,54,98.18,32.59,2.9639,2.5299,44.07,3.386,2.8642,48.89,3.1974,2.6005,46.67,3.7342,1.7295,43.7,160.0495,-41.1048,6.8233,3.0188,1.1267,6.4772,SF_NOT_SF_derived_range_expansion_gte_8.077786,NOT (derived_range_expansion >= 8.078),ast,not
270,54,98.18,40.0,3.8256,2.9291,48.89,4.1679,3.1566,51.11,4.1729,2.6794,48.15,4.1288,1.7458,44.81,206.5815,-45.1761,6.7184,3.8965,1.5868,6.4741,SF_AND_SF_derived_range_expansion_gte_8.077786_SF_30m_current_body_pct_gte_10.647286,(derived_range_expansion >= 8.078 AND 30m_current_body_pct >= 10.65),ast,and_pair
270,54,98.18,39.26,3.7031,2.855,47.78,4.2005,3.295,51.48,4.2678,2.7809,48.52,4.294,1.8015,45.56,199.9666,-52.4186,6.5395,3.7717,1.3644,6.4551,SF_OR_SF_15m_current_body_pct_gte_13.6371_SF_1h_current_ma20_distance_pct_gte_20.388471,(15m_current_body_pct >= 13.64 OR 1h_current_ma20_distance_pct >= 20.39),ast,or_pair
270,54,98.18,39.26,3.7031,2.855,47.78,4.2005,3.295,51.48,4.2678,2.7809,48.52,4.294,1.8015,45.56,199.9666,-52.4186,6.5395,3.7717,1.3644,6.4551,SF_OR_SF_30m_current_body_pct_gte_15.970929_SF_1h_current_ma20_distance_pct_gte_20.388471,(30m_current_body_pct >= 15.97 OR 1h_current_ma20_distance_pct >= 20.39),ast,or_pair
270,54,98.18,40.0,3.9116,2.9508,49.26,4.2448,3.2553,51.48,4.3648,2.7809,48.89,4.1964,1.9779,45.56,211.2278,-44.7904,6.8624,3.9841,1.6192,6.4504,SF_OR_SF_15m_current_ma20_distance_pct_gte_26.750886_SF_15m_current_body_pct_gte_9.0914,(15m_current_ma20_distance_pct >= 26.75 OR 15m_current_body_pct >= 9.091),ast,or_pair
270,54,98.18,40.0,3.9116,2.9508,49.26,4.2448,3.2553,51.48,4.3648,2.7809,48.89,4.1964,1.9779,45.56,211.2278,-44.7904,6.8624,3.9841,1.6192,6.4504,SF_OR_SF_30m_previous_ma20_distance_pct_gte_39.165157_SF_15m_current_body_pct_gte_9.0914,(30m_previous_ma20_distance_pct >= 39.17 OR 15m_current_body_pct >= 9.091),ast,or_pair
270,54,98.18,40.37,3.7139,2.9291,48.89,4.319,3.2553,51.48,4.4771,2.7809,48.89,4.5495,2.255,46.3,200.5525,-57.3399,6.3265,3.7827,1.3614,6.4252,SF_OR_SF_2h_current_range_pct_gte_29.928486_SF_2h_previous_return_pct_gte_26.298514,(2h_current_range_pct >= 29.93 OR 2h_previous_return_pct >= 26.3),ast,or_pair
270,54,98.18,42.59,3.2219,2.426,44.07,4.4069,2.5915,48.15,4.3354,2.4875,47.04,4.3277,1.5337,44.44,173.9833,-50.8717,5.4611,3.2816,1.3589,6.4169,SF_LIN_2h_current_compression_m0_50,linear(2h_current_compression * -0.50),linear,linear_single
270,54,98.18,40.0,4.0627,2.9291,48.89,4.5044,3.2553,51.48,4.6182,2.7809,48.89,4.4953,2.1492,45.93,219.3882,-44.7904,7.3808,4.138,1.6225,6.4053,SF_ATOM_54,30m_previous_range_pct >= 15.54,ast,atom
270,54,98.18,34.44,3.7121,2.6388,46.3,4.6085,3.016,50.0,5.0823,2.7241,48.15,5.4236,2.255,45.93,200.4534,-36.383,8.5555,3.7809,1.4559,6.3438,SF_NOT_SF_1h_current_ma20_distance_pct_gte_35.705329,NOT (1h_current_ma20_distance_pct >= 35.71),ast,not
270,54,98.18,41.85,3.1328,2.3627,43.33,4.173,2.6779,48.15,4.2515,2.5507,47.78,4.3048,1.5798,42.96,169.1691,-44.4555,5.2694,3.1909,1.4375,6.3428,A6_frozen,A6 = base + ig_a2*range_pct_rank + ig_a5*expansion_bonus,baseline,frozen_baseline
270,54,98.18,41.11,3.7467,2.9291,48.89,4.4416,3.295,51.85,4.7186,2.8484,49.26,4.7464,2.255,46.3,202.3236,-58.8513,6.3471,3.8162,1.4032,6.2229,SF_OR_SF_2h_current_range_pct_gte_29.928486_SD_2h_current_return_pct_1h_current_return_pct_gte_13.61786,(2h_current_range_pct >= 29.93 OR (2h_current_return_pct - 1h_current_return_pct) >= 13.62),ast,or_pair
270,54,98.18,40.37,3.8248,2.9291,48.89,4.2166,3.2553,51.48,4.2845,2.7241,48.52,4.2581,1.8015,45.19,206.5406,-48.5981,6.7169,3.8957,1.5871,6.2041,SF_OR_SD_1h_current_range_pct_1h_previous_range_pct_gte_21.98114_SF_30m_current_body_pct_gte_10.647286,((1h_current_range_pct - 1h_previous_range_pct) >= 21.98 OR 30m_current_body_pct >= 10.65),ast,or_pair
270,54,98.18,40.37,3.8248,2.9291,48.89,4.2166,3.2553,51.48,4.2845,2.7241,48.52,4.2581,1.8015,45.19,206.5406,-48.5981,6.7169,3.8957,1.5871,6.2041,SF_OR_SF_2h_current_range_pct_gte_44.892729_SF_30m_current_body_pct_gte_10.647286,(2h_current_range_pct >= 44.89 OR 30m_current_body_pct >= 10.65),ast,or_pair
270,54,98.18,40.37,3.8248,2.9291,48.89,4.2166,3.2553,51.48,4.2845,2.7241,48.52,4.2581,1.8015,45.19,206.5406,-48.5981,6.7169,3.8957,1.5871,6.2041,SF_OR_SF_30m_current_range_pct_gte_22.8592_SF_30m_current_body_pct_gte_10.647286,(30m_current_range_pct >= 22.86 OR 30m_current_body_pct >= 10.65),ast,or_pair
270,54,98.18,40.37,3.8248,2.9291,48.89,4.2166,3.2553,51.48,4.2845,2.7241,48.52,4.2581,1.8015,45.19,206.5406,-48.5981,6.7169,3.8957,1.5871,6.2041,SF_OR_SF_derived_range_expansion_gte_19.663914_SF_30m_current_body_pct_gte_10.647286,(derived_range_expansion >= 19.66 OR 30m_current_body_pct >= 10.65),ast,or_pair
270,54,98.18,40.37,3.7392,2.9508,49.26,4.3403,3.295,51.85,4.5115,2.8484,49.26,4.6078,2.255,46.3,201.9145,-58.8513,6.3649,3.8085,1.3921,6.2021,SF_AND_SF_2h_current_range_pct_gte_29.928486_SF_2h_current_range_pct_gte_14.964243,(2h_current_range_pct >= 29.93 AND 2h_current_range_pct >= 14.96),ast,and_pair
270,54,98.18,40.37,3.7392,2.9508,49.26,4.3403,3.295,51.85,4.5115,2.8484,49.26,4.6078,2.255,46.3,201.9145,-58.8513,6.3649,3.8085,1.3921,6.2021,SF_ATOM_13,2h_current_range_pct >= 29.93,ast,atom
270,54,98.18,40.37,3.7392,2.9508,49.26,4.3403,3.295,51.85,4.5115,2.8484,49.26,4.6078,2.255,46.3,201.9145,-58.8513,6.3649,3.8085,1.3921,6.2021,SF_OR_SD_1h_current_range_pct_1h_previous_range_pct_gte_21.98114_SF_2h_current_range_pct_gte_29.928486,((1h_current_range_pct - 1h_previous_range_pct) >= 21.98 OR 2h_current_range_pct >= 29.93),ast,or_pair
270,54,98.18,40.37,3.7392,2.9508,49.26,4.3403,3.295,51.85,4.5115,2.8484,49.26,4.6078,2.255,46.3,201.9145,-58.8513,6.3649,3.8085,1.3921,6.2021,SF_OR_SD_1h_current_return_pct_15m_current_return_pct_gte_9.24094_SF_2h_current_range_pct_gte_29.928486,((1h_current_return_pct - 15m_current_return_pct) >= 9.241 OR 2h_current_range_pct >= 29.93),ast,or_pair
270,54,98.18,40.37,3.7392,2.9508,49.26,4.3403,3.295,51.85,4.5115,2.8484,49.26,4.6078,2.255,46.3,201.9145,-58.8513,6.3649,3.8085,1.3921,6.2021,SF_OR_SF_1h_current_ma20_distance_pct_gte_51.022186_SF_2h_current_range_pct_gte_29.928486,(1h_current_ma20_distance_pct >= 51.02 OR 2h_current_range_pct >= 29.93),ast,or_pair
270,54,98.18,40.37,3.7392,2.9508,49.26,4.3403,3.295,51.85,4.5115,2.8484,49.26,4.6078,2.255,46.3,201.9145,-58.8513,6.3649,3.8085,1.3921,6.2021,SF_OR_SF_1h_current_return_pct_gte_18.082043_SF_2h_current_range_pct_gte_29.928486,(1h_current_return_pct >= 18.08 OR 2h_current_range_pct >= 29.93),ast,or_pair
270,54,98.18,40.37,3.7392,2.9508,49.26,4.3403,3.295,51.85,4.5115,2.8484,49.26,4.6078,2.255,46.3,201.9145,-58.8513,6.3649,3.8085,1.3921,6.2021,SF_OR_SF_2h_current_body_pct_gte_27.479886_SF_2h_current_range_pct_gte_29.928486,(2h_current_body_pct >= 27.48 OR 2h_current_range_pct >= 29.93),ast,or_pair
270,54,98.18,40.37,3.7392,2.9508,49.26,4.3403,3.295,51.85,4.5115,2.8484,49.26,4.6078,2.255,46.3,201.9145,-58.8513,6.3649,3.8085,1.3921,6.2021,SF_OR_SF_2h_current_range_pct_gte_29.928486_SD_1h_current_body_pct_1h_previous_body_pct_gte_18.78308,(2h_current_range_pct >= 29.93 OR (1h_current_body_pct - 1h_previous_body_pct) >= 18.78),ast,or_pair
270,54,98.18,40.37,3.7392,2.9508,49.26,4.3403,3.295,51.85,4.5115,2.8484,49.26,4.6078,2.255,46.3,201.9145,-58.8513,6.3649,3.8085,1.3921,6.2021,SF_OR_SF_2h_current_range_pct_gte_29.928486_SF_15m_current_body_pct_gte_13.6371,(2h_current_range_pct >= 29.93 OR 15m_current_body_pct >= 13.64),ast,or_pair
270,54,98.18,40.37,3.7392,2.9508,49.26,4.3403,3.295,51.85,4.5115,2.8484,49.26,4.6078,2.255,46.3,201.9145,-58.8513,6.3649,3.8085,1.3921,6.2021,SF_OR_SF_2h_current_range_pct_gte_29.928486_SF_2h_current_range_pct_gte_44.892729,(2h_current_range_pct >= 29.93 OR 2h_current_range_pct >= 44.89),ast,or_pair
270,54,98.18,40.37,3.7392,2.9508,49.26,4.3403,3.295,51.85,4.5115,2.8484,49.26,4.6078,2.255,46.3,201.9145,-58.8513,6.3649,3.8085,1.3921,6.2021,SF_OR_SF_2h_current_range_pct_gte_29.928486_SF_30m_current_range_pct_gte_22.8592,(2h_current_range_pct >= 29.93 OR 30m_current_range_pct >= 22.86),ast,or_pair
270,54,98.18,40.37,3.7392,2.9508,49.26,4.3403,3.295,51.85,4.5115,2.8484,49.26,4.6078,2.255,46.3,201.9145,-58.8513,6.3649,3.8085,1.3921,6.2021,SF_OR_SF_2h_previous_body_pct_gte_34.349857_SF_2h_current_range_pct_gte_29.928486,(2h_previous_body_pct >= 34.35 OR 2h_current_range_pct >= 29.93),ast,or_pair
270,54,98.18,40.37,3.7392,2.9508,49.26,4.3403,3.295,51.85,4.5115,2.8484,49.26,4.6078,2.255,46.3,201.9145,-58.8513,6.3649,3.8085,1.3921,6.2021,SF_OR_SF_30m_current_body_pct_gte_15.970929_SF_2h_current_range_pct_gte_29.928486,(30m_current_body_pct >= 15.97 OR 2h_current_range_pct >= 29.93),ast,or_pair
270,54,98.18,40.37,3.7392,2.9508,49.26,4.3403,3.295,51.85,4.5115,2.8484,49.26,4.6078,2.255,46.3,201.9145,-58.8513,6.3649,3.8085,1.3921,6.2021,SF_OR_SF_derived_range_expansion_gte_19.663914_SF_2h_current_range_pct_gte_29.928486,(derived_range_expansion >= 19.66 OR 2h_current_range_pct >= 29.93),ast,or_pair
270,54,98.18,42.59,3.1377,2.3627,43.33,4.3252,2.5915,47.41,4.3451,2.4603,46.67,4.4721,1.4825,44.07,169.4361,-50.8717,5.3331,3.1959,1.3676,6.2001,SF_LIN_2h_current_compression_m1_50,linear(2h_current_compression * -1.50),linear,linear_single
270,54,98.18,39.26,3.6158,2.855,47.78,4.1396,3.295,51.48,4.1612,2.7809,48.52,4.1187,1.8015,45.56,195.2523,-53.0274,6.3038,3.6828,1.4007,6.1865,SF_OR_SF_1h_current_ma20_distance_pct_gte_20.388471_SF_15m_current_body_pct_gte_9.0914,(1h_current_ma20_distance_pct >= 20.39 OR 15m_current_body_pct >= 9.091),ast,or_pair
270,54,98.18,40.0,3.8256,2.9291,48.89,4.1679,3.1566,51.11,4.1729,2.6794,48.15,4.1288,1.7458,44.81,206.5815,-48.5981,6.7184,3.8965,1.5868,6.1319,SF_AND_SF_30m_current_body_pct_gte_10.647286_SD_1h_current_range_pct_1h_previous_range_pct_gte_5.76056,(30m_current_body_pct >= 10.65 AND (1h_current_range_pct - 1h_previous_range_pct) >= 5.761),ast,and_pair
270,54,98.18,40.0,3.8256,2.9291,48.89,4.1679,3.1566,51.11,4.1729,2.6794,48.15,4.1288,1.7458,44.81,206.5815,-48.5981,6.7184,3.8965,1.5868,6.1319,SF_AND_SF_30m_current_body_pct_gte_10.647286_SF_2h_current_range_pct_gte_14.964243,(30m_current_body_pct >= 10.65 AND 2h_current_range_pct >= 14.96),ast,and_pair
270,54,98.18,40.0,3.8256,2.9291,48.89,4.1679,3.1566,51.11,4.1729,2.6794,48.15,4.1288,1.7458,44.81,206.5815,-48.5981,6.7184,3.8965,1.5868,6.1319,SF_AND_SF_30m_current_range_pct_gte_12.1684_SF_30m_current_body_pct_gte_10.647286,(30m_current_range_pct >= 12.17 AND 30m_current_body_pct >= 10.65),ast,and_pair
270,54,98.18,40.0,3.8256,2.9291,48.89,4.1679,3.1566,51.11,4.1729,2.6794,48.15,4.1288,1.7458,44.81,206.5815,-48.5981,6.7184,3.8965,1.5868,6.1319,SF_AND_SR_1h_current_range_pct_5m_compression_15262639999.999996_SF_30m_current_body_pct_gte_10.647286,(1h_current_range_pct/5m_compression >= 1.526e+10 AND 30m_current_body_pct >= 10.65),ast,and_pair
270,54,98.18,40.0,3.8256,2.9291,48.89,4.1679,3.1566,51.11,4.1729,2.6794,48.15,4.1288,1.7458,44.81,206.5815,-48.5981,6.7184,3.8965,1.5868,6.1319,SF_ATOM_24,30m_current_body_pct >= 10.65,ast,atom
270,54,98.18,40.0,3.8256,2.9291,48.89,4.1679,3.1566,51.11,4.1729,2.6794,48.15,4.1288,1.7458,44.81,206.5815,-48.5981,6.7184,3.8965,1.5868,6.1319,SF_OR_SD_1h_current_return_pct_15m_current_return_pct_gte_9.24094_SF_30m_current_body_pct_gte_10.647286,((1h_current_return_pct - 15m_current_return_pct) >= 9.241 OR 30m_current_body_pct >= 10.65),ast,or_pair
270,54,98.18,40.0,3.8256,2.9291,48.89,4.1679,3.1566,51.11,4.1729,2.6794,48.15,4.1288,1.7458,44.81,206.5815,-48.5981,6.7184,3.8965,1.5868,6.1319,SF_OR_SF_15m_current_body_pct_gte_13.6371_SF_30m_current_body_pct_gte_10.647286,(15m_current_body_pct >= 13.64 OR 30m_current_body_pct >= 10.65),ast,or_pair
270,54,98.18,40.0,3.8256,2.9291,48.89,4.1679,3.1566,51.11,4.1729,2.6794,48.15,4.1288,1.7458,44.81,206.5815,-48.5981,6.7184,3.8965,1.5868,6.1319,SF_OR_SF_15m_current_return_pct_gte_10.127714_SF_30m_current_body_pct_gte_10.647286,(15m_current_return_pct >= 10.13 OR 30m_current_body_pct >= 10.65),ast,or_pair
270,54,98.18,40.0,3.8256,2.9291,48.89,4.1679,3.1566,51.11,4.1729,2.6794,48.15,4.1288,1.7458,44.81,206.5815,-48.5981,6.7184,3.8965,1.5868,6.1319,SF_OR_SF_1h_current_ma20_distance_pct_gte_51.022186_SF_30m_current_body_pct_gte_10.647286,(1h_current_ma20_distance_pct >= 51.02 OR 30m_current_body_pct >= 10.65),ast,or_pair
270,54,98.18,40.0,3.8256,2.9291,48.89,4.1679,3.1566,51.11,4.1729,2.6794,48.15,4.1288,1.7458,44.81,206.5815,-48.5981,6.7184,3.8965,1.5868,6.1319,SF_OR_SF_1h_current_return_pct_gte_18.082043_SF_30m_current_body_pct_gte_10.647286,(1h_current_return_pct >= 18.08 OR 30m_current_body_pct >= 10.65),ast,or_pair
270,54,98.18,40.0,3.8256,2.9291,48.89,4.1679,3.1566,51.11,4.1729,2.6794,48.15,4.1288,1.7458,44.81,206.5815,-48.5981,6.7184,3.8965,1.5868,6.1319,SF_OR_SF_1h_current_return_pct_gte_8.969214_SF_30m_current_body_pct_gte_10.647286,(1h_current_return_pct >= 8.969 OR 30m_current_body_pct >= 10.65),ast,or_pair
270,54,98.18,40.0,3.8256,2.9291,48.89,4.1679,3.1566,51.11,4.1729,2.6794,48.15,4.1288,1.7458,44.81,206.5815,-48.5981,6.7184,3.8965,1.5868,6.1319,SF_OR_SF_2h_previous_body_pct_gte_34.349857_SF_30m_current_body_pct_gte_10.647286,(2h_previous_body_pct >= 34.35 OR 30m_current_body_pct >= 10.65),ast,or_pair
270,54,98.18,40.0,3.8256,2.9291,48.89,4.1679,3.1566,51.11,4.1729,2.6794,48.15,4.1288,1.7458,44.81,206.5815,-48.5981,6.7184,3.8965,1.5868,6.1319,SF_OR_SF_30m_current_body_pct_gte_15.970929_SF_30m_current_body_pct_gte_10.647286,(30m_current_body_pct >= 15.97 OR 30m_current_body_pct >= 10.65),ast,or_pair
270,54,98.18,42.59,3.1673,2.3995,43.7,4.3508,2.6117,47.78,4.3752,2.4875,47.04,4.5228,1.5337,44.44,171.0368,-50.8717,5.3787,3.226,1.4021,6.1105,SF_LIN_2h_current_compression_m1_00,linear(2h_current_compression * -1.00),linear,linear_single
270,54,98.18,40.74,3.7191,2.9291,48.89,4.4545,3.3625,52.59,4.6936,2.8484,49.26,4.8043,2.255,46.3,200.8291,-60.9389,6.3012,3.788,1.3676,6.1098,SF_OR_SF_2h_current_range_pct_gte_29.928486_SF_15m_current_ma20_distance_pct_gte_17.364729,(2h_current_range_pct >= 29.93 OR 15m_current_ma20_distance_pct >= 17.36),ast,or_pair
270,54,98.18,42.59,3.1234,2.3401,42.96,4.305,2.5725,47.04,4.3226,2.4196,46.3,4.4735,1.4825,44.07,168.6641,-50.8717,5.3077,3.1813,1.3734,6.0929,SF_LIN_2h_current_compression_m2_00,linear(2h_current_compression * -2.00),linear,linear_single
270,54,98.18,42.59,3.1234,2.3401,42.96,4.305,2.5725,47.04,4.3226,2.4196,46.3,4.4735,1.4825,44.07,168.6641,-50.8717,5.3077,3.1813,1.3734,6.0929,SF_LIN_2h_current_compression_m3_00,linear(2h_current_compression * -3.00),linear,linear_single
270,54,98.18,40.0,3.8679,2.8971,48.52,4.3299,3.1566,51.11,4.5822,2.7241,48.52,4.4573,1.9779,45.56,208.8653,-63.7533,6.6674,3.9396,1.2852,6.063,SF_OR_SD_2h_current_return_pct_1h_current_return_pct_gte_13.61786_SD_1h_current_body_pct_1h_previous_body_pct_gte_18.78308,((2h_current_return_pct - 1h_current_return_pct) >= 13.62 OR (1h_current_body_pct - 1h_previous_body_pct) >= 18.78),ast,or_pair
270,54,98.18,40.0,3.8376,2.9291,48.89,4.2093,3.1566,51.11,4.2044,2.6794,48.15,4.1518,1.8015,45.19,207.2325,-48.5981,6.7421,3.9087,1.6034,6.0525,SF_OR_SF_30m_current_body_pct_gte_10.647286_SF_2h_previous_return_pct_gte_26.298514,(30m_current_body_pct >= 10.65 OR 2h_previous_return_pct >= 26.3),ast,or_pair
270,54,98.18,40.37,3.8737,2.8971,48.52,4.2913,3.2553,51.48,4.6868,2.9154,49.63,4.6759,2.255,46.3,209.179,-63.7533,6.8375,3.9455,1.3039,6.0453,SF_OR_SD_1h_current_range_pct_1h_previous_range_pct_gte_21.98114_SF_2h_previous_ma20_distance_pct_gte_65.594714,((1h_current_range_pct - 1h_previous_range_pct) >= 21.98 OR 2h_previous_ma20_distance_pct >= 65.59),ast,or_pair
270,54,98.18,40.37,3.8737,2.8971,48.52,4.2913,3.2553,51.48,4.6868,2.9154,49.63,4.6759,2.255,46.3,209.179,-63.7533,6.8375,3.9455,1.3039,6.0453,SF_OR_SF_2h_current_range_pct_gte_44.892729_SF_2h_previous_ma20_distance_pct_gte_65.594714,(2h_current_range_pct >= 44.89 OR 2h_previous_ma20_distance_pct >= 65.59),ast,or_pair
270,54,98.18,40.74,3.7781,2.9508,49.26,4.3283,3.295,51.85,4.5862,2.8484,49.26,4.6214,2.255,46.3,204.0171,-58.8513,6.4034,3.8481,1.441,6.0433,SF_OR_SF_15m_current_ma20_distance_pct_gte_26.750886_SF_2h_current_range_pct_gte_29.928486,(15m_current_ma20_distance_pct >= 26.75 OR 2h_current_range_pct >= 29.93),ast,or_pair
270,54,98.18,40.74,3.7781,2.9508,49.26,4.3283,3.295,51.85,4.5862,2.8484,49.26,4.6214,2.255,46.3,204.0171,-58.8513,6.4034,3.8481,1.441,6.0433,SF_OR_SF_2h_current_body_pct_gte_20.609914_SF_2h_current_range_pct_gte_29.928486,(2h_current_body_pct >= 20.61 OR 2h_current_range_pct >= 29.93),ast,or_pair
270,54,98.18,40.74,3.7781,2.9508,49.26,4.3283,3.295,51.85,4.5862,2.8484,49.26,4.6214,2.255,46.3,204.0171,-58.8513,6.4034,3.8481,1.441,6.0433,SF_OR_SF_2h_current_range_pct_gte_29.928486_SF_30m_previous_ma20_distance_pct_gte_39.165157,(2h_current_range_pct >= 29.93 OR 30m_previous_ma20_distance_pct >= 39.17),ast,or_pair
270,54,98.18,39.26,3.8603,2.9291,48.89,4.2285,3.1566,51.11,4.3751,2.7241,48.52,4.3187,1.9779,45.56,208.4562,-63.7533,6.6876,3.9319,1.2744,6.0408,SF_OR_SF_1h_current_ma20_distance_pct_gte_51.022186_SD_1h_current_body_pct_1h_previous_body_pct_gte_18.78308,(1h_current_ma20_distance_pct >= 51.02 OR (1h_current_body_pct - 1h_previous_body_pct) >= 18.78),ast,or_pair
270,54,98.18,40.37,3.8639,2.8756,48.15,4.3949,3.295,51.85,4.7489,2.8484,49.26,4.8049,2.1492,45.93,208.6499,-63.7533,6.7833,3.9355,1.2926,6.0248,SF_OR_SF_2h_previous_ma20_distance_pct_gte_65.594714_SF_15m_current_ma20_distance_pct_gte_17.364729,(2h_previous_ma20_distance_pct >= 65.59 OR 15m_current_ma20_distance_pct >= 17.36),ast,or_pair
270,54,98.18,30.37,2.8268,2.3401,41.48,3.4641,2.7587,47.78,3.244,2.4909,46.3,4.9818,1.8015,43.7,152.6485,-38.0914,6.8219,2.8792,1.0774,6.0219,SF_NOT_SF_2h_current_body_pct_gte_13.739943,NOT (2h_current_body_pct >= 13.74),ast,not
270,54,98.18,40.37,3.8645,2.9291,48.89,4.1559,3.1566,51.11,4.2475,2.6794,48.15,4.1425,1.7458,44.81,208.6842,-48.0856,6.7558,3.9361,1.641,5.9978,SF_OR_SF_1h_current_ma20_distance_pct_gte_35.705329_SF_30m_current_body_pct_gte_10.647286,(1h_current_ma20_distance_pct >= 35.71 OR 30m_current_body_pct >= 10.65),ast,or_pair
270,54,98.18,40.37,3.7589,2.8971,48.52,4.1699,3.2553,51.48,4.5514,2.8484,49.26,4.5639,2.255,46.3,202.9794,-63.7533,6.4737,3.8286,1.3115,5.9728,SF_OR_SF_2h_previous_ma20_distance_pct_gte_65.594714_SF_30m_current_range_pct_gte_22.8592,(2h_previous_ma20_distance_pct >= 65.59 OR 30m_current_range_pct >= 22.86),ast,or_pair
270,54,98.18,40.37,3.7589,2.8971,48.52,4.1699,3.2553,51.48,4.5514,2.8484,49.26,4.5639,2.255,46.3,202.9794,-63.7533,6.4737,3.8286,1.3115,5.9728,SF_OR_SF_derived_range_expansion_gte_19.663914_SF_2h_previous_ma20_distance_pct_gte_65.594714,(derived_range_expansion >= 19.66 OR 2h_previous_ma20_distance_pct >= 65.59),ast,or_pair
270,54,98.18,40.0,3.8744,2.8971,48.52,4.2425,3.1566,51.11,4.5751,2.8484,49.26,4.5467,2.1492,45.93,209.2199,-63.7533,6.839,3.9462,1.304,5.971,SF_ATOM_17,2h_previous_ma20_distance_pct >= 65.59,ast,atom
270,54,98.18,40.0,3.8744,2.8971,48.52,4.2425,3.1566,51.11,4.5751,2.8484,49.26,4.5467,2.1492,45.93,209.2199,-63.7533,6.839,3.9462,1.304,5.971,SF_OR_SD_1h_current_return_pct_15m_current_return_pct_gte_9.24094_SF_2h_previous_ma20_distance_pct_gte_65.594714,((1h_current_return_pct - 15m_current_return_pct) >= 9.241 OR 2h_previous_ma20_distance_pct >= 65.59),ast,or_pair
270,54,98.18,40.0,3.8744,2.8971,48.52,4.2425,3.1566,51.11,4.5751,2.8484,49.26,4.5467,2.1492,45.93,209.2199,-63.7533,6.839,3.9462,1.304,5.971,SF_OR_SF_15m_current_return_pct_gte_10.127714_SF_2h_previous_ma20_distance_pct_gte_65.594714,(15m_current_return_pct >= 10.13 OR 2h_previous_ma20_distance_pct >= 65.59),ast,or_pair
270,54,98.18,40.0,3.8744,2.8971,48.52,4.2425,3.1566,51.11,4.5751,2.8484,49.26,4.5467,2.1492,45.93,209.2199,-63.7533,6.839,3.9462,1.304,5.971,SF_OR_SF_1h_current_ma20_distance_pct_gte_51.022186_SF_2h_previous_ma20_distance_pct_gte_65.594714,(1h_current_ma20_distance_pct >= 51.02 OR 2h_previous_ma20_distance_pct >= 65.59),ast,or_pair
270,54,98.18,40.0,3.8744,2.8971,48.52,4.2425,3.1566,51.11,4.5751,2.8484,49.26,4.5467,2.1492,45.93,209.2199,-63.7533,6.839,3.9462,1.304,5.971,SF_OR_SF_1h_current_return_pct_gte_18.082043_SF_2h_previous_ma20_distance_pct_gte_65.594714,(1h_current_return_pct >= 18.08 OR 2h_previous_ma20_distance_pct >= 65.59),ast,or_pair
270,54,98.18,40.0,3.8744,2.8971,48.52,4.2425,3.1566,51.11,4.5751,2.8484,49.26,4.5467,2.1492,45.93,209.2199,-63.7533,6.839,3.9462,1.304,5.971,SF_OR_SF_1h_current_return_pct_gte_8.969214_SF_2h_previous_ma20_distance_pct_gte_65.594714,(1h_current_return_pct >= 8.969 OR 2h_previous_ma20_distance_pct >= 65.59),ast,or_pair
270,54,98.18,40.0,3.8744,2.8971,48.52,4.2425,3.1566,51.11,4.5751,2.8484,49.26,4.5467,2.1492,45.93,209.2199,-63.7533,6.839,3.9462,1.304,5.971,SF_OR_SF_2h_previous_body_pct_gte_34.349857_SF_2h_previous_ma20_distance_pct_gte_65.594714,(2h_previous_body_pct >= 34.35 OR 2h_previous_ma20_distance_pct >= 65.59),ast,or_pair
270,54,98.18,40.74,3.8916,2.8756,48.15,4.3821,3.1566,51.11,4.774,2.8484,49.26,4.747,2.1492,45.93,210.1443,-63.7533,6.831,3.9637,1.3225,5.9577,SF_OR_SF_2h_previous_ma20_distance_pct_gte_65.594714_SD_2h_current_return_pct_1h_current_return_pct_gte_13.61786,(2h_previous_ma20_distance_pct >= 65.59 OR (2h_current_return_pct - 1h_current_return_pct) >= 13.62),ast,or_pair
270,54,98.18,32.59,3.6067,2.3995,43.33,4.3365,2.5725,45.93,4.242,2.4836,46.3,3.3962,1.9568,43.33,194.7613,-42.7722,7.2443,3.6736,1.2075,5.9513,SF_LIN2_5m_seq_high_break_6_15m_current_return_pct_1.0_0.5,linear(5m_seq_high_break_6*1.0+15m_current_return_pct*0.5),linear,linear_pair
270,54,98.18,32.59,3.6067,2.3995,43.33,4.3365,2.5725,45.93,4.242,2.4836,46.3,3.3962,1.9568,43.33,194.7613,-42.7722,7.2443,3.6736,1.2075,5.9513,SF_LIN2_5m_seq_high_break_6_15m_current_return_pct_2.0_0.5,linear(5m_seq_high_break_6*2.0+15m_current_return_pct*0.5),linear,linear_pair
270,54,98.18,32.59,3.6067,2.3995,43.33,4.3365,2.5725,45.93,4.242,2.4836,46.3,3.3962,1.9568,43.33,194.7613,-42.7722,7.2443,3.6736,1.2075,5.9513,SF_LIN2_range_expansion_15m_current_return_pct_1.0_0.5,linear(range_expansion*1.0+15m_current_return_pct*0.5),linear,linear_pair
270,54,98.18,32.59,3.6067,2.3995,43.33,4.3365,2.5725,45.93,4.242,2.4836,46.3,3.3962,1.9568,43.33,194.7613,-42.7722,7.2443,3.6736,1.2075,5.9513,SF_LIN2_range_expansion_15m_current_return_pct_2.0_0.5,linear(range_expansion*2.0+15m_current_return_pct*0.5),linear,linear_pair
270,54,98.18,32.59,3.6067,2.3995,43.33,4.3365,2.5725,45.93,4.242,2.4836,46.3,3.3962,1.9568,43.33,194.7613,-42.7722,7.2443,3.6736,1.2075,5.9513,SF_LIN_15m_current_return_pct_0_50,linear(15m_current_return_pct * 0.50),linear,linear_single
270,54,98.18,40.37,3.8645,2.9291,48.89,4.1559,3.1566,51.11,4.2475,2.6794,48.15,4.1425,1.7458,44.81,208.6842,-48.5981,6.7558,3.9361,1.641,5.9465,SF_OR_SF_15m_current_ma20_distance_pct_gte_26.750886_SF_30m_current_body_pct_gte_10.647286,(15m_current_ma20_distance_pct >= 26.75 OR 30m_current_body_pct >= 10.65),ast,or_pair
270,54,98.18,40.37,3.8645,2.9291,48.89,4.1559,3.1566,51.11,4.2475,2.6794,48.15,4.1425,1.7458,44.81,208.6842,-48.5981,6.7558,3.9361,1.641,5.9465,SF_OR_SF_30m_current_body_pct_gte_10.647286_SF_30m_previous_ma20_distance_pct_gte_39.165157,(30m_current_body_pct >= 10.65 OR 30m_previous_ma20_distance_pct >= 39.17),ast,or_pair
270,54,98.18,40.0,3.8865,2.8971,48.52,4.284,3.1566,51.11,4.6067,2.8484,49.26,4.5697,2.255,46.3,209.8709,-63.7533,6.863,3.9585,1.3171,5.9091,SF_OR_SF_2h_previous_ma20_distance_pct_gte_65.594714_SF_2h_previous_return_pct_gte_26.298514,(2h_previous_ma20_distance_pct >= 65.59 OR 2h_previous_return_pct >= 26.3),ast,or_pair
270,54,98.18,40.37,3.8915,2.9779,49.63,4.4842,3.3166,52.22,4.5795,2.9154,49.63,4.6384,2.255,46.3,210.1391,-53.0274,6.8607,3.9636,1.5925,5.9022,SF_AND_SF_2h_current_range_pct_gte_29.928486_SF_30m_current_range_pct_gte_12.1684,(2h_current_range_pct >= 29.93 AND 30m_current_range_pct >= 12.17),ast,and_pair
270,54,98.18,40.0,3.7596,2.8971,48.52,4.1212,3.1566,51.11,4.4398,2.7809,48.89,4.4346,2.1492,45.93,203.0203,-63.7533,6.4751,3.8293,1.3114,5.8995,SF_OR_SF_15m_current_body_pct_gte_13.6371_SF_2h_previous_ma20_distance_pct_gte_65.594714,(15m_current_body_pct >= 13.64 OR 2h_previous_ma20_distance_pct >= 65.59),ast,or_pair
270,54,98.18,40.0,3.7596,2.8971,48.52,4.1212,3.1566,51.11,4.4398,2.7809,48.89,4.4346,2.1492,45.93,203.0203,-63.7533,6.4751,3.8293,1.3114,5.8995,SF_OR_SF_2h_previous_ma20_distance_pct_gte_65.594714_SD_1h_current_body_pct_1h_previous_body_pct_gte_18.78308,(2h_previous_ma20_distance_pct >= 65.59 OR (1h_current_body_pct - 1h_previous_body_pct) >= 18.78),ast,or_pair
270,54,98.18,40.0,3.7596,2.8971,48.52,4.1212,3.1566,51.11,4.4398,2.7809,48.89,4.4346,2.1492,45.93,203.0203,-63.7533,6.4751,3.8293,1.3114,5.8995,SF_OR_SF_30m_current_body_pct_gte_15.970929_SF_2h_previous_ma20_distance_pct_gte_65.594714,(30m_current_body_pct >= 15.97 OR 2h_previous_ma20_distance_pct >= 65.59),ast,or_pair
270,54,98.18,42.22,3.2337,2.426,44.07,4.3433,2.5915,48.52,4.2581,2.4603,47.41,3.9122,1.4474,42.59,174.6172,-50.8717,5.4606,3.2936,1.4492,5.8949,SF_LIN2_range_expansion_5m_seq_high_break_6_1.0_0.5,linear(range_expansion*1.0+5m_seq_high_break_6*0.5),linear,linear_pair
270,54,98.18,42.22,3.2337,2.426,44.07,4.3433,2.5915,48.52,4.2581,2.4603,47.41,3.9122,1.4474,42.59,174.6172,-50.8717,5.4606,3.2936,1.4492,5.8949,SF_LIN2_range_expansion_5m_seq_high_break_6_1.0_1.0,linear(range_expansion*1.0+5m_seq_high_break_6*1.0),linear,linear_pair
270,54,98.18,42.22,3.2337,2.426,44.07,4.3433,2.5915,48.52,4.2581,2.4603,47.41,3.9122,1.4474,42.59,174.6172,-50.8717,5.4606,3.2936,1.4492,5.8949,SF_LIN2_range_expansion_5m_seq_high_break_6_1.0_1.5,linear(range_expansion*1.0+5m_seq_high_break_6*1.5),linear,linear_pair
270,54,98.18,42.22,3.2337,2.426,44.07,4.3433,2.5915,48.52,4.2581,2.4603,47.41,3.9122,1.4474,42.59,174.6172,-50.8717,5.4606,3.2936,1.4492,5.8949,SF_LIN2_range_expansion_5m_seq_high_break_6_2.0_0.5,linear(range_expansion*2.0+5m_seq_high_break_6*0.5),linear,linear_pair
270,54,98.18,42.22,3.2337,2.426,44.07,4.3433,2.5915,48.52,4.2581,2.4603,47.41,3.9122,1.4474,42.59,174.6172,-50.8717,5.4606,3.2936,1.4492,5.8949,SF_LIN2_range_expansion_5m_seq_high_break_6_2.0_1.0,linear(range_expansion*2.0+5m_seq_high_break_6*1.0),linear,linear_pair
270,54,98.18,42.22,3.2337,2.426,44.07,4.3433,2.5915,48.52,4.2581,2.4603,47.41,3.9122,1.4474,42.59,174.6172,-50.8717,5.4606,3.2936,1.4492,5.8949,SF_LIN2_range_expansion_5m_seq_high_break_6_2.0_1.5,linear(range_expansion*2.0+5m_seq_high_break_6*1.5),linear,linear_pair
270,54,98.18,42.22,3.2337,2.426,44.07,4.3433,2.5915,48.52,4.2581,2.4603,47.41,3.9122,1.4474,42.59,174.6172,-50.8717,5.4606,3.2936,1.4492,5.8949,SF_LIN_5m_seq_high_break_6_0_50,linear(5m_seq_high_break_6 * 0.50),linear,linear_single
270,54,98.18,42.22,3.2337,2.426,44.07,4.3433,2.5915,48.52,4.2581,2.4603,47.41,3.9122,1.4474,42.59,174.6172,-50.8717,5.4606,3.2936,1.4492,5.8949,SF_LIN_5m_seq_high_break_6_1_00,linear(5m_seq_high_break_6 * 1.00),linear,linear_single
270,54,98.18,42.22,3.2337,2.426,44.07,4.3433,2.5915,48.52,4.2581,2.4603,47.41,3.9122,1.4474,42.59,174.6172,-50.8717,5.4606,3.2936,1.4492,5.8949,SF_LIN_5m_seq_high_break_6_1_50,linear(5m_seq_high_break_6 * 1.50),linear,linear_single
270,54,98.18,42.22,3.2337,2.426,44.07,4.3433,2.5915,48.52,4.2581,2.4603,47.41,3.9122,1.4474,42.59,174.6172,-50.8717,5.4606,3.2936,1.4492,5.8949,SF_LIN_5m_seq_high_break_6_2_00,linear(5m_seq_high_break_6 * 2.00),linear,linear_single
270,54,98.18,42.22,3.2337,2.426,44.07,4.3433,2.5915,48.52,4.2581,2.4603,47.41,3.9122,1.4474,42.59,174.6172,-50.8717,5.4606,3.2936,1.4492,5.8949,SF_LIN_5m_seq_high_break_6_3_00,linear(5m_seq_high_break_6 * 3.00),linear,linear_single
270,54,98.18,42.22,3.2337,2.426,44.07,4.3433,2.5915,48.52,4.2581,2.4603,47.41,3.9122,1.4474,42.59,174.6172,-50.8717,5.4606,3.2936,1.4492,5.8949,SF_LIN_5m_seq_high_break_6_m0_50,linear(5m_seq_high_break_6 * -0.50),linear,linear_single
270,54,98.18,42.22,3.2337,2.426,44.07,4.3433,2.5915,48.52,4.2581,2.4603,47.41,3.9122,1.4474,42.59,174.6172,-50.8717,5.4606,3.2936,1.4492,5.8949,SF_LIN_5m_seq_high_break_6_m1_00,linear(5m_seq_high_break_6 * -1.00),linear,linear_single
270,54,98.18,42.22,3.2337,2.426,44.07,4.3433,2.5915,48.52,4.2581,2.4603,47.41,3.9122,1.4474,42.59,174.6172,-50.8717,5.4606,3.2936,1.4492,5.8949,SF_LIN_5m_seq_high_break_6_m2_00,linear(5m_seq_high_break_6 * -2.00),linear,linear_single
270,54,98.18,42.22,3.2337,2.426,44.07,4.3433,2.5915,48.52,4.2581,2.4603,47.41,3.9122,1.4474,42.59,174.6172,-50.8717,5.4606,3.2936,1.4492,5.8949,SF_LIN_compression_0_50,linear(compression * 0.50),linear,linear_single
270,54,98.18,42.22,3.2337,2.426,44.07,4.3433,2.5915,48.52,4.2581,2.4603,47.41,3.9122,1.4474,42.59,174.6172,-50.8717,5.4606,3.2936,1.4492,5.8949,SF_LIN_compression_1_00,linear(compression * 1.00),linear,linear_single
270,54,98.18,42.22,3.2337,2.426,44.07,4.3433,2.5915,48.52,4.2581,2.4603,47.41,3.9122,1.4474,42.59,174.6172,-50.8717,5.4606,3.2936,1.4492,5.8949,SF_LIN_compression_1_50,linear(compression * 1.50),linear,linear_single
270,54,98.18,42.22,3.2337,2.426,44.07,4.3433,2.5915,48.52,4.2581,2.4603,47.41,3.9122,1.4474,42.59,174.6172,-50.8717,5.4606,3.2936,1.4492,5.8949,SF_LIN_compression_2_00,linear(compression * 2.00),linear,linear_single
270,54,98.18,42.22,3.2337,2.426,44.07,4.3433,2.5915,48.52,4.2581,2.4603,47.41,3.9122,1.4474,42.59,174.6172,-50.8717,5.4606,3.2936,1.4492,5.8949,SF_LIN_compression_3_00,linear(compression * 3.00),linear,linear_single
270,54,98.18,42.22,3.2337,2.426,44.07,4.3433,2.5915,48.52,4.2581,2.4603,47.41,3.9122,1.4474,42.59,174.6172,-50.8717,5.4606,3.2936,1.4492,5.8949,SF_LIN_compression_m0_50,linear(compression * -0.50),linear,linear_single
270,54,98.18,42.22,3.2337,2.426,44.07,4.3433,2.5915,48.52,4.2581,2.4603,47.41,3.9122,1.4474,42.59,174.6172,-50.8717,5.4606,3.2936,1.4492,5.8949,SF_LIN_compression_m1_00,linear(compression * -1.00),linear,linear_single
270,54,98.18,42.22,3.2337,2.426,44.07,4.3433,2.5915,48.52,4.2581,2.4603,47.41,3.9122,1.4474,42.59,174.6172,-50.8717,5.4606,3.2936,1.4492,5.8949,SF_LIN_compression_m2_00,linear(compression * -2.00),linear,linear_single
270,54,98.18,42.22,3.2337,2.426,44.07,4.3433,2.5915,48.52,4.2581,2.4603,47.41,3.9122,1.4474,42.59,174.6172,-50.8717,5.4606,3.2936,1.4492,5.8949,SF_LIN_range_expansion_0_50,linear(range_expansion * 0.50),linear,linear_single
270,54,98.18,42.22,3.2337,2.426,44.07,4.3433,2.5915,48.52,4.2581,2.4603,47.41,3.9122,1.4474,42.59,174.6172,-50.8717,5.4606,3.2936,1.4492,5.8949,SF_LIN_range_expansion_1_00,linear(range_expansion * 1.00),linear,linear_single
270,54,98.18,42.22,3.2337,2.426,44.07,4.3433,2.5915,48.52,4.2581,2.4603,47.41,3.9122,1.4474,42.59,174.6172,-50.8717,5.4606,3.2936,1.4492,5.8949,SF_LIN_range_expansion_1_50,linear(range_expansion * 1.50),linear,linear_single
270,54,98.18,42.22,3.2337,2.426,44.07,4.3433,2.5915,48.52,4.2581,2.4603,47.41,3.9122,1.4474,42.59,174.6172,-50.8717,5.4606,3.2936,1.4492,5.8949,SF_LIN_range_expansion_2_00,linear(range_expansion * 2.00),linear,linear_single
270,54,98.18,42.22,3.2337,2.426,44.07,4.3433,2.5915,48.52,4.2581,2.4603,47.41,3.9122,1.4474,42.59,174.6172,-50.8717,5.4606,3.2936,1.4492,5.8949,SF_LIN_range_expansion_3_00,linear(range_expansion * 3.00),linear,linear_single
270,54,98.18,42.22,3.2337,2.426,44.07,4.3433,2.5915,48.52,4.2581,2.4603,47.41,3.9122,1.4474,42.59,174.6172,-50.8717,5.4606,3.2936,1.4492,5.8949,SF_LIN_range_expansion_m0_50,linear(range_expansion * -0.50),linear,linear_single
270,54,98.18,42.22,3.2337,2.426,44.07,4.3433,2.5915,48.52,4.2581,2.4603,47.41,3.9122,1.4474,42.59,174.6172,-50.8717,5.4606,3.2936,1.4492,5.8949,SF_LIN_range_expansion_m1_00,linear(range_expansion * -1.00),linear,linear_single
270,54,98.18,42.22,3.2337,2.426,44.07,4.3433,2.5915,48.52,4.2581,2.4603,47.41,3.9122,1.4474,42.59,174.6172,-50.8717,5.4606,3.2936,1.4492,5.8949,SF_LIN_range_expansion_m2_00,linear(range_expansion * -2.00),linear,linear_single
270,54,98.18,42.22,3.2337,2.426,44.07,4.3433,2.5915,48.52,4.2581,2.4603,47.41,3.9122,1.4474,42.59,174.6172,-50.8717,5.4606,3.2936,1.4492,5.8949,SF_LIN_volume_0_50,linear(volume * 0.50),linear,linear_single
270,54,98.18,42.22,3.2337,2.426,44.07,4.3433,2.5915,48.52,4.2581,2.4603,47.41,3.9122,1.4474,42.59,174.6172,-50.8717,5.4606,3.2936,1.4492,5.8949,SF_LIN_volume_1_00,linear(volume * 1.00),linear,linear_single
270,54,98.18,42.22,3.2337,2.426,44.07,4.3433,2.5915,48.52,4.2581,2.4603,47.41,3.9122,1.4474,42.59,174.6172,-50.8717,5.4606,3.2936,1.4492,5.8949,SF_LIN_volume_1_50,linear(volume * 1.50),linear,linear_single
270,54,98.18,42.22,3.2337,2.426,44.07,4.3433,2.5915,48.52,4.2581,2.4603,47.41,3.9122,1.4474,42.59,174.6172,-50.8717,5.4606,3.2936,1.4492,5.8949,SF_LIN_volume_2_00,linear(volume * 2.00),linear,linear_single
270,54,98.18,42.22,3.2337,2.426,44.07,4.3433,2.5915,48.52,4.2581,2.4603,47.41,3.9122,1.4474,42.59,174.6172,-50.8717,5.4606,3.2936,1.4492,5.8949,SF_LIN_volume_3_00,linear(volume * 3.00),linear,linear_single
270,54,98.18,42.22,3.2337,2.426,44.07,4.3433,2.5915,48.52,4.2581,2.4603,47.41,3.9122,1.4474,42.59,174.6172,-50.8717,5.4606,3.2936,1.4492,5.8949,SF_LIN_volume_m0_50,linear(volume * -0.50),linear,linear_single
270,54,98.18,42.22,3.2337,2.426,44.07,4.3433,2.5915,48.52,4.2581,2.4603,47.41,3.9122,1.4474,42.59,174.6172,-50.8717,5.4606,3.2936,1.4492,5.8949,SF_LIN_volume_m1_00,linear(volume * -1.00),linear,linear_single
270,54,98.18,42.22,3.2337,2.426,44.07,4.3433,2.5915,48.52,4.2581,2.4603,47.41,3.9122,1.4474,42.59,174.6172,-50.8717,5.4606,3.2936,1.4492,5.8949,SF_LIN_volume_m2_00,linear(volume * -2.00),linear,linear_single
270,54,98.18,40.0,3.905,2.9291,48.89,4.2911,3.1566,51.11,4.506,2.8484,49.26,4.5142,2.1492,45.93,210.8707,-63.7533,6.8908,3.9774,1.3376,5.8862,SF_AND_SF_2h_previous_ma20_distance_pct_gte_65.594714_SF_2h_current_range_pct_gte_14.964243,(2h_previous_ma20_distance_pct >= 65.59 AND 2h_current_range_pct >= 14.96),ast,and_pair
270,54,98.18,40.0,3.905,2.9291,48.89,4.2911,3.1566,51.11,4.506,2.8484,49.26,4.5142,2.1492,45.93,210.8707,-63.7533,6.8908,3.9774,1.3376,5.8862,SF_AND_SF_2h_previous_ma20_distance_pct_gte_65.594714_SR_1h_current_range_pct_5m_compression_15262639999.999996,(2h_previous_ma20_distance_pct >= 65.59 AND 1h_current_range_pct/5m_compression >= 1.526e+10),ast,and_pair
270,54,98.18,39.63,3.8992,2.9291,48.89,4.2165,3.1566,51.11,4.4498,2.7241,48.52,4.3324,1.9779,45.56,210.5589,-63.7533,6.7251,3.9715,1.3225,5.8859,SF_OR_SF_1h_current_ma20_distance_pct_gte_35.705329_SD_1h_current_body_pct_1h_previous_body_pct_gte_18.78308,(1h_current_ma20_distance_pct >= 35.71 OR (1h_current_body_pct - 1h_previous_body_pct) >= 18.78),ast,or_pair
270,54,98.18,39.63,3.8992,2.9291,48.89,4.2165,3.1566,51.11,4.4498,2.7241,48.52,4.3324,1.9779,45.56,210.5589,-63.7533,6.7251,3.9715,1.3225,5.8859,SF_OR_SF_30m_previous_ma20_distance_pct_gte_39.165157_SD_1h_current_body_pct_1h_previous_body_pct_gte_18.78308,(30m_previous_ma20_distance_pct >= 39.17 OR (1h_current_body_pct - 1h_previous_body_pct) >= 18.78),ast,or_pair
270,54,98.18,39.63,3.4974,2.7649,46.67,4.0169,3.0279,50.0,3.9719,2.5675,47.41,4.2541,2.1492,45.93,188.8585,-72.8895,6.0798,3.5622,1.0271,5.8848,SF_ATOM_67,30m_previous_ma20_distance_pct >= 14.6,ast,atom
270,54,98.18,40.0,3.7809,2.8756,48.15,4.1581,3.0746,50.74,4.4442,2.7809,48.89,4.3458,1.9779,45.56,204.1668,-63.7533,6.5874,3.851,1.3075,5.8514,SF_OR_SF_2h_current_body_pct_gte_27.479886_SF_2h_previous_ma20_distance_pct_gte_65.594714,(2h_current_body_pct >= 27.48 OR 2h_previous_ma20_distance_pct >= 65.59),ast,or_pair
270,54,98.18,23.7,2.9056,1.5871,34.81,3.5832,2.0185,39.63,4.4154,1.6869,40.37,4.4744,1.327,37.78,156.9022,-21.2945,7.0372,2.9595,0.9188,5.8502,SF_LIN_15m_current_range_pct_m0_50,linear(15m_current_range_pct * -0.50),linear,linear_single
270,54,98.18,32.59,2.1544,1.6314,36.67,2.135,1.1261,37.78,2.2187,0.7969,39.26,1.8745,0.498,38.15,116.3367,-57.0505,4.0282,2.1943,0.5932,5.8273,SF_LIN_5m_seq_return_sum_6_0_50,linear(5m_seq_return_sum_6 * 0.50),linear,linear_single
270,54,98.18,40.0,3.8069,2.9291,48.89,4.2226,3.2553,51.48,4.4404,2.7809,48.89,4.4567,2.1492,45.93,205.5738,-63.7533,6.5587,3.8775,1.3436,5.8267,SF_OR_SF_30m_current_range_pct_gte_22.8592_SD_1h_current_body_pct_1h_previous_body_pct_gte_18.78308,(30m_current_range_pct >= 22.86 OR (1h_current_body_pct - 1h_previous_body_pct) >= 18.78),ast,or_pair
270,54,98.18,39.63,3.9225,2.9291,48.89,4.2952,3.1566,51.11,4.4641,2.7809,48.89,4.4395,1.9779,45.56,211.8144,-63.7533,6.9268,3.9952,1.339,5.8104,SF_AND_SF_2h_current_range_pct_gte_29.928486_SF_2h_previous_ma20_distance_pct_gte_65.594714,(2h_current_range_pct >= 29.93 AND 2h_previous_ma20_distance_pct >= 65.59),ast,and_pair
270,54,98.18,40.37,3.8428,2.8971,48.52,4.3356,3.1566,51.11,4.5646,2.7809,48.89,4.4028,1.9779,45.56,207.5092,-63.7533,6.6642,3.914,1.3496,5.8075,SF_OR_SF_2h_current_body_pct_gte_27.479886_SD_2h_current_return_pct_1h_current_return_pct_gte_13.61786,(2h_current_body_pct >= 27.48 OR (2h_current_return_pct - 1h_current_return_pct) >= 13.62),ast,or_pair
270,54,98.18,40.37,3.9229,2.8971,48.52,4.2687,3.1566,51.11,4.6416,2.8484,49.26,4.622,2.1492,45.93,211.8379,-63.7533,6.89,3.9956,1.358,5.7895,SF_OR_SF_15m_current_ma20_distance_pct_gte_26.750886_SF_2h_previous_ma20_distance_pct_gte_65.594714,(15m_current_ma20_distance_pct >= 26.75 OR 2h_previous_ma20_distance_pct >= 65.59),ast,or_pair
270,54,98.18,40.37,3.9229,2.8971,48.52,4.2687,3.1566,51.11,4.6416,2.8484,49.26,4.622,2.1492,45.93,211.8379,-63.7533,6.89,3.9956,1.358,5.7895,SF_OR_SF_1h_current_ma20_distance_pct_gte_35.705329_SF_2h_previous_ma20_distance_pct_gte_65.594714,(1h_current_ma20_distance_pct >= 35.71 OR 2h_previous_ma20_distance_pct >= 65.59),ast,or_pair
270,54,98.18,40.37,3.9229,2.8971,48.52,4.2687,3.1566,51.11,4.6416,2.8484,49.26,4.622,2.1492,45.93,211.8379,-63.7533,6.89,3.9956,1.358,5.7895,SF_OR_SF_2h_previous_ma20_distance_pct_gte_65.594714_SF_30m_previous_ma20_distance_pct_gte_39.165157,(2h_previous_ma20_distance_pct >= 65.59 OR 30m_previous_ma20_distance_pct >= 39.17),ast,or_pair
270,54,98.18,39.63,3.8352,2.9291,48.89,4.2343,3.1566,51.11,4.3575,2.7809,48.89,4.2642,1.9779,45.56,207.1001,-63.7533,6.6847,3.9063,1.3395,5.7817,SF_OR_SF_2h_current_body_pct_gte_27.479886_SF_1h_current_ma20_distance_pct_gte_51.022186,(2h_current_body_pct >= 27.48 OR 1h_current_ma20_distance_pct >= 51.02),ast,or_pair
270,54,98.18,40.74,3.6848,2.8971,48.52,4.2641,3.2553,51.48,4.5982,2.8484,49.26,4.6894,2.255,46.3,198.9812,-63.7533,6.2704,3.7531,1.3646,5.7591,SF_OR_SF_2h_current_range_pct_gte_29.928486_SF_2h_previous_ma20_distance_pct_gte_65.594714,(2h_current_range_pct >= 29.93 OR 2h_previous_ma20_distance_pct >= 65.59),ast,or_pair
270,54,98.18,39.63,3.8077,2.9291,48.89,4.1738,3.1566,51.11,4.3287,2.7241,48.52,4.3275,1.9779,45.56,205.6148,-63.7533,6.5602,3.8783,1.3435,5.7535,SF_OR_SF_15m_current_body_pct_gte_13.6371_SD_1h_current_body_pct_1h_previous_body_pct_gte_18.78308,(15m_current_body_pct >= 13.64 OR (1h_current_body_pct - 1h_previous_body_pct) >= 18.78),ast,or_pair
270,54,98.18,39.63,3.8077,2.9291,48.89,4.1738,3.1566,51.11,4.3287,2.7241,48.52,4.3275,1.9779,45.56,205.6148,-63.7533,6.5602,3.8783,1.3435,5.7535,SF_OR_SF_30m_current_body_pct_gte_15.970929_SD_1h_current_body_pct_1h_previous_body_pct_gte_18.78308,(30m_current_body_pct >= 15.97 OR (1h_current_body_pct - 1h_previous_body_pct) >= 18.78),ast,or_pair
270,54,98.18,28.89,1.7697,1.2319,32.96,2.5556,1.5496,37.78,3.178,1.2756,40.0,3.8118,1.5498,41.11,95.5632,-44.1652,3.5447,1.8025,0.5544,5.7124,SF_LIN2_1h_current_volume_ratio_30m_current_body_pct_2.0_0.5,linear(1h_current_volume_ratio*2.0+30m_current_body_pct*0.5),linear,linear_pair
270,54,98.18,40.37,3.7392,2.9508,49.26,4.3403,3.295,51.85,4.5115,2.8484,49.26,4.6078,2.255,46.3,201.9145,-63.7533,6.3649,3.8085,1.3921,5.7119,SF_OR_SF_15m_current_return_pct_gte_10.127714_SF_2h_current_range_pct_gte_29.928486,(15m_current_return_pct >= 10.13 OR 2h_current_range_pct >= 29.93),ast,or_pair
270,54,98.18,40.37,3.7392,2.9508,49.26,4.3403,3.295,51.85,4.5115,2.8484,49.26,4.6078,2.255,46.3,201.9145,-63.7533,6.3649,3.8085,1.3921,5.7119,SF_OR_SF_1h_current_return_pct_gte_8.969214_SF_2h_current_range_pct_gte_29.928486,(1h_current_return_pct >= 8.969 OR 2h_current_range_pct >= 29.93),ast,or_pair
270,54,98.18,40.37,3.7392,2.9508,49.26,4.3403,3.295,51.85,4.5115,2.8484,49.26,4.6078,2.255,46.3,201.9145,-63.7533,6.3649,3.8085,1.3921,5.7119,SF_OR_SF_2h_current_range_pct_gte_29.928486_SF_15m_current_body_pct_gte_9.0914,(2h_current_range_pct >= 29.93 OR 15m_current_body_pct >= 9.091),ast,or_pair
270,54,98.18,28.52,3.25,2.3778,40.37,3.9413,2.7561,47.04,4.2229,2.6252,46.67,4.225,1.6437,41.85,175.4978,-16.283,10.4023,3.3102,1.4845,5.7022,SF_NOT_SF_1h_current_ma20_distance_pct_gte_20.388471,NOT (1h_current_ma20_distance_pct >= 20.39),ast,not
270,54,98.18,40.0,3.7196,2.9291,48.89,4.1616,3.2553,51.48,4.3338,2.7809,48.89,4.2814,2.1492,45.93,200.8596,-63.7533,6.3297,3.7886,1.3682,5.6776,SF_OR_SF_2h_current_body_pct_gte_27.479886_SF_30m_current_range_pct_gte_22.8592,(2h_current_body_pct >= 27.48 OR 30m_current_range_pct >= 22.86),ast,or_pair
270,54,98.18,40.0,3.6661,2.8756,48.15,4.0368,3.0746,50.74,4.3089,2.7241,48.52,4.2337,1.9779,45.56,197.9672,-63.7533,6.2367,3.7341,1.3411,5.649,SF_OR_SF_2h_previous_ma20_distance_pct_gte_65.594714_SF_15m_current_body_pct_gte_9.0914,(2h_previous_ma20_distance_pct >= 65.59 OR 15m_current_body_pct >= 9.091),ast,or_pair
270,54,98.18,40.37,3.728,2.8971,48.52,4.2143,3.1566,51.11,4.4292,2.7241,48.52,4.2908,1.9779,45.56,201.3096,-63.7533,6.3135,3.7971,1.3768,5.6371,SF_OR_SF_2h_current_body_pct_gte_20.609914_SD_2h_current_return_pct_1h_current_return_pct_gte_13.61786,(2h_current_body_pct >= 20.61 OR (2h_current_return_pct - 1h_current_return_pct) >= 13.62),ast,or_pair
270,54,98.18,40.0,3.8741,2.9291,48.89,4.2223,3.1566,51.11,4.4322,2.7809,48.89,4.2779,1.9779,45.56,209.2027,-63.7533,6.7223,3.9459,1.3859,5.6354,SF_OR_SF_2h_current_body_pct_gte_27.479886_SF_1h_current_ma20_distance_pct_gte_35.705329,(2h_current_body_pct >= 27.48 OR 1h_current_ma20_distance_pct >= 35.71),ast,or_pair
270,54,98.18,40.0,3.8741,2.9291,48.89,4.2223,3.1566,51.11,4.4322,2.7809,48.89,4.2779,1.9779,45.56,209.2027,-63.7533,6.7223,3.9459,1.3859,5.6354,SF_OR_SF_2h_current_body_pct_gte_27.479886_SF_30m_previous_ma20_distance_pct_gte_39.165157,(2h_current_body_pct >= 27.48 OR 30m_previous_ma20_distance_pct >= 39.17),ast,or_pair
270,54,98.18,27.04,2.9541,2.1524,38.15,3.686,1.9562,41.48,3.8575,1.7619,44.07,4.5108,1.666,42.22,159.52,-46.6314,6.4506,3.0089,0.7253,5.6346,SF_LIN2_2h_current_volume_ratio_15m_current_return_pct_1.0_1.5,linear(2h_current_volume_ratio*1.0+15m_current_return_pct*1.5),linear,linear_pair
270,54,98.18,40.0,3.9116,2.9508,49.26,4.2448,3.2553,51.48,4.3648,2.7809,48.89,4.1964,1.9779,45.56,211.2278,-53.0274,6.8624,3.9841,1.6192,5.6267,SF_OR_SF_1h_current_ma20_distance_pct_gte_35.705329_SF_15m_current_body_pct_gte_9.0914,(1h_current_ma20_distance_pct >= 35.71 OR 15m_current_body_pct >= 9.091),ast,or_pair
270,54,98.18,40.37,3.6252,2.8756,48.15,3.9713,3.0746,50.74,4.2159,2.6794,48.15,4.2054,1.8015,45.19,195.7624,-63.7533,6.1476,3.6924,1.3605,5.6137,SF_OR_SF_2h_previous_ma20_distance_pct_gte_65.594714_SF_30m_current_body_pct_gte_10.647286,(2h_previous_ma20_distance_pct >= 65.59 OR 30m_current_body_pct >= 10.65),ast,or_pair
270,54,98.18,39.63,3.7204,2.9291,48.89,4.1129,3.1566,51.11,4.2222,2.7241,48.52,4.1521,1.9779,45.56,200.9005,-63.7533,6.3311,3.7894,1.3679,5.6053,SF_AND_SF_2h_current_range_pct_gte_29.928486_SR_1h_current_range_pct_5m_compression_15262639999.999996,(2h_current_range_pct >= 29.93 AND 1h_current_range_pct/5m_compression >= 1.526e+10),ast,and_pair
270,54,98.18,39.63,3.7204,2.9291,48.89,4.1129,3.1566,51.11,4.2222,2.7241,48.52,4.1521,1.9779,45.56,200.9005,-63.7533,6.3311,3.7894,1.3679,5.6053,SF_OR_SD_1h_current_body_pct_1h_previous_body_pct_gte_18.78308_SF_15m_current_body_pct_gte_9.0914,((1h_current_body_pct - 1h_previous_body_pct) >= 18.78 OR 15m_current_body_pct >= 9.091),ast,or_pair
270,54,98.18,39.63,3.7204,2.9291,48.89,4.1129,3.1566,51.11,4.2222,2.7241,48.52,4.1521,1.9779,45.56,200.9005,-63.7533,6.3311,3.7894,1.3679,5.6053,SF_OR_SF_2h_current_body_pct_gte_27.479886_SF_15m_current_body_pct_gte_13.6371,(2h_current_body_pct >= 27.48 OR 15m_current_body_pct >= 13.64),ast,or_pair
270,54,98.18,39.63,3.7204,2.9291,48.89,4.1129,3.1566,51.11,4.2222,2.7241,48.52,4.1521,1.9779,45.56,200.9005,-63.7533,6.3311,3.7894,1.3679,5.6053,SF_OR_SF_2h_current_body_pct_gte_27.479886_SF_15m_current_body_pct_gte_9.0914,(2h_current_body_pct >= 27.48 OR 15m_current_body_pct >= 9.091),ast,or_pair
270,54,98.18,39.63,3.7204,2.9291,48.89,4.1129,3.1566,51.11,4.2222,2.7241,48.52,4.1521,1.9779,45.56,200.9005,-63.7533,6.3311,3.7894,1.3679,5.6053,SF_OR_SF_2h_current_body_pct_gte_27.479886_SF_30m_current_body_pct_gte_15.970929,(2h_current_body_pct >= 27.48 OR 30m_current_body_pct >= 15.97),ast,or_pair
270,54,98.18,41.11,3.3761,2.7196,46.3,4.3935,3.295,51.48,4.4344,2.7241,48.15,4.7471,2.341,47.04,182.3087,-65.5258,5.7065,3.4387,1.2675,5.6047,SF_OR_SF_30m_current_range_pct_gte_12.1684_SF_1h_current_ma20_distance_pct_gte_20.388471,(30m_current_range_pct >= 12.17 OR 1h_current_ma20_distance_pct >= 20.39),ast,or_pair
270,54,98.18,31.85,2.1164,1.506,35.19,2.9836,1.6535,41.11,3.1612,1.3991,40.74,3.8056,1.6109,41.85,114.2849,-51.4748,3.7408,2.1556,0.6594,5.5984,SF_LIN2_1h_current_volume_ratio_30m_current_body_pct_2.0_1.0,linear(1h_current_volume_ratio*2.0+30m_current_body_pct*1.0),linear,linear_pair
270,54,98.18,15.93,2.2117,1.4241,26.3,2.7677,1.561,30.74,3.1301,1.612,31.85,3.1357,1.2848,33.7,119.4329,-18.4749,8.5462,2.2527,0.334,5.592,SF_LIN_1h_previous_range_pct_m0_50,linear(1h_previous_range_pct * -0.50),linear,linear_single
270,54,98.18,41.11,3.4053,2.8157,47.41,4.2035,3.1566,51.11,4.1165,2.6395,47.78,4.3489,2.1492,46.3,183.8849,-67.6841,5.6617,3.4684,1.2756,5.5792,SF_OR_SF_2h_current_body_pct_gte_27.479886_SF_30m_current_range_pct_gte_12.1684,(2h_current_body_pct >= 27.48 OR 30m_current_range_pct >= 12.17),ast,or_pair
270,54,98.18,41.11,3.4053,2.8157,47.41,4.2035,3.1566,51.11,4.1165,2.6395,47.78,4.3489,2.1492,46.3,183.8849,-67.6841,5.6617,3.4684,1.2756,5.5792,SF_OR_SF_2h_current_range_pct_gte_29.928486_SF_30m_current_range_pct_gte_12.1684,(2h_current_range_pct >= 29.93 OR 30m_current_range_pct >= 12.17),ast,or_pair
270,54,98.18,41.11,3.4053,2.8157,47.41,4.2035,3.1566,51.11,4.1165,2.6395,47.78,4.3489,2.1492,46.3,183.8849,-67.6841,5.6617,3.4684,1.2756,5.5792,SF_OR_SF_30m_current_range_pct_gte_12.1684_SD_1h_current_body_pct_1h_previous_body_pct_gte_18.78308,(30m_current_range_pct >= 12.17 OR (1h_current_body_pct - 1h_previous_body_pct) >= 18.78),ast,or_pair
270,54,98.18,40.74,3.7781,2.9508,49.26,4.3283,3.295,51.85,4.5862,2.8484,49.26,4.6214,2.255,46.3,204.0171,-63.7533,6.4034,3.8481,1.441,5.5531,SF_OR_SF_1h_current_ma20_distance_pct_gte_35.705329_SF_2h_current_range_pct_gte_29.928486,(1h_current_ma20_distance_pct >= 35.71 OR 2h_current_range_pct >= 29.93),ast,or_pair
270,54,98.18,37.04,2.8292,1.9967,39.63,3.362,1.8319,41.11,3.5332,1.583,41.48,3.7019,1.4618,40.37,152.7753,-43.2228,4.9776,2.8816,1.2633,5.544,SF_LIN2_range_expansion_1h_current_volume_ratio_1.0_0.5,linear(range_expansion*1.0+1h_current_volume_ratio*0.5),linear,linear_pair
270,54,98.18,37.04,2.8292,1.9967,39.63,3.362,1.8319,41.11,3.5332,1.583,41.48,3.7019,1.4618,40.37,152.7753,-43.2228,4.9776,2.8816,1.2633,5.544,SF_LIN2_range_expansion_1h_current_volume_ratio_2.0_0.5,linear(range_expansion*2.0+1h_current_volume_ratio*0.5),linear,linear_pair
270,54,98.18,37.04,2.8292,1.9967,39.63,3.362,1.8319,41.11,3.5332,1.583,41.48,3.7019,1.4618,40.37,152.7753,-43.2228,4.9776,2.8816,1.2633,5.544,SF_LIN_1h_current_volume_ratio_0_50,linear(1h_current_volume_ratio * 0.50),linear,linear_single
270,54,98.18,40.37,3.7586,2.9291,48.89,4.1497,3.2553,51.48,4.4085,2.7809,48.89,4.2951,2.1492,45.93,202.9622,-63.7533,6.3683,3.8283,1.4162,5.5232,SF_OR_SF_2h_current_body_pct_gte_20.609914_SF_30m_current_range_pct_gte_22.8592,(2h_current_body_pct >= 20.61 OR 30m_current_range_pct >= 22.86),ast,or_pair
270,54,98.18,40.0,3.6733,2.8971,48.52,4.024,3.0746,50.74,4.1049,2.6395,47.78,4.0982,1.7458,44.81,198.3569,-63.7533,6.2308,3.7414,1.3884,5.4887,SF_OR_SF_30m_current_body_pct_gte_10.647286_SD_1h_current_body_pct_1h_previous_body_pct_gte_18.78308,(30m_current_body_pct >= 10.65 OR (1h_current_body_pct - 1h_previous_body_pct) >= 18.78),ast,or_pair
270,54,98.18,39.63,3.8265,2.9508,49.26,4.3652,3.2553,51.48,4.2771,2.6794,48.15,4.144,1.8015,45.19,206.6325,-52.387,6.7254,3.8974,1.6434,5.4702,SF_AND_SF_2h_current_body_pct_gte_13.739943_SF_30m_current_range_pct_gte_12.1684,(2h_current_body_pct >= 13.74 AND 30m_current_range_pct >= 12.17),ast,and_pair
270,54,98.18,39.26,3.8724,2.9291,48.89,4.2699,3.1566,51.11,4.4067,2.7241,48.52,4.3417,2.1492,45.93,209.1072,-68.7622,6.711,3.9442,1.2891,5.47,SF_OR_SD_1h_current_body_pct_1h_previous_body_pct_gte_18.78308_SF_2h_previous_return_pct_gte_26.298514,((1h_current_body_pct - 1h_previous_body_pct) >= 18.78 OR 2h_previous_return_pct >= 26.3),ast,or_pair
270,54,98.18,41.85,3.2824,2.7649,46.67,4.0912,3.0746,50.37,4.2065,2.6794,48.15,4.3762,1.9779,45.93,177.2521,-74.1003,5.4146,3.3432,1.165,5.4537,SF_OR_SF_2h_previous_ma20_distance_pct_gte_65.594714_SF_30m_current_range_pct_gte_12.1684,(2h_previous_ma20_distance_pct >= 65.59 OR 30m_current_range_pct >= 12.17),ast,or_pair
270,54,98.18,40.0,3.7593,2.9291,48.89,4.1009,3.1566,51.11,4.2968,2.7241,48.52,4.1658,1.9779,45.56,203.0031,-63.7533,6.3697,3.829,1.4159,5.451,SF_OR_SF_1h_current_ma20_distance_pct_gte_35.705329_SF_2h_current_body_pct_gte_20.609914,(1h_current_ma20_distance_pct >= 35.71 OR 2h_current_body_pct >= 20.61),ast,or_pair
270,54,98.18,40.0,3.7593,2.9291,48.89,4.1009,3.1566,51.11,4.2968,2.7241,48.52,4.1658,1.9779,45.56,203.0031,-63.7533,6.3697,3.829,1.4159,5.451,SF_OR_SF_1h_current_ma20_distance_pct_gte_51.022186_SF_2h_current_body_pct_gte_20.609914,(1h_current_ma20_distance_pct >= 51.02 OR 2h_current_body_pct >= 20.61),ast,or_pair
270,54,98.18,40.0,3.7593,2.9291,48.89,4.1009,3.1566,51.11,4.2968,2.7241,48.52,4.1658,1.9779,45.56,203.0031,-63.7533,6.3697,3.829,1.4159,5.451,SF_OR_SF_2h_current_body_pct_gte_20.609914_SF_15m_current_body_pct_gte_13.6371,(2h_current_body_pct >= 20.61 OR 15m_current_body_pct >= 13.64),ast,or_pair
270,54,98.18,40.0,3.7593,2.9291,48.89,4.1009,3.1566,51.11,4.2968,2.7241,48.52,4.1658,1.9779,45.56,203.0031,-63.7533,6.3697,3.829,1.4159,5.451,SF_OR_SF_2h_current_body_pct_gte_20.609914_SF_15m_current_body_pct_gte_9.0914,(2h_current_body_pct >= 20.61 OR 15m_current_body_pct >= 9.091),ast,or_pair
270,54,98.18,40.0,3.7593,2.9291,48.89,4.1009,3.1566,51.11,4.2968,2.7241,48.52,4.1658,1.9779,45.56,203.0031,-63.7533,6.3697,3.829,1.4159,5.451,SF_OR_SF_2h_current_body_pct_gte_20.609914_SF_30m_current_body_pct_gte_15.970929,(2h_current_body_pct >= 20.61 OR 30m_current_body_pct >= 15.97),ast,or_pair
270,54,98.18,40.0,3.7593,2.9291,48.89,4.1009,3.1566,51.11,4.2968,2.7241,48.52,4.1658,1.9779,45.56,203.0031,-63.7533,6.3697,3.829,1.4159,5.451,SF_OR_SF_2h_current_body_pct_gte_20.609914_SF_30m_previous_ma20_distance_pct_gte_39.165157,(2h_current_body_pct >= 20.61 OR 30m_previous_ma20_distance_pct >= 39.17),ast,or_pair
270,54,98.18,40.37,2.976,1.9932,39.63,3.745,2.5725,44.81,4.3382,2.6209,47.78,5.3273,1.4296,43.7,160.7018,-51.6448,5.2895,3.0312,1.2561,5.4478,SF_LIN_derived_volume_ratio_m0_50,linear(derived_volume_ratio * -0.50),linear,linear_single
270,54,98.18,40.37,3.7145,2.8756,48.15,4.0629,3.0746,50.74,4.3753,2.7241,48.52,4.3091,1.9779,45.56,200.5852,-63.7533,6.2892,3.7834,1.3996,5.445,SF_OR_SF_2h_current_body_pct_gte_20.609914_SF_2h_previous_ma20_distance_pct_gte_65.594714,(2h_current_body_pct >= 20.61 OR 2h_previous_ma20_distance_pct >= 65.59),ast,or_pair
270,54,98.18,40.0,3.6891,2.7789,47.04,4.0526,3.0746,50.74,4.2896,2.7809,48.89,4.4046,1.9779,46.3,199.2116,-71.3638,6.375,3.7575,1.1883,5.4369,SF_ATOM_53,2h_previous_ma20_distance_pct >= 42.03,ast,atom
270,54,98.18,32.96,3.4566,2.5366,44.07,3.8022,2.7916,48.15,3.7181,2.6794,47.78,4.0831,1.9779,45.19,186.6565,-41.1048,7.4134,3.5207,1.3793,5.436,SF_NOT_SF_30m_current_range_pct_gte_12.1684,NOT (30m_current_range_pct >= 12.17),ast,not
270,54,98.18,41.48,3.4442,2.8157,47.41,4.1915,3.1566,51.11,4.1912,2.6395,47.78,4.3626,2.1492,46.3,185.9876,-67.6841,5.7021,3.508,1.3234,5.4258,SF_OR_SF_2h_current_body_pct_gte_20.609914_SF_30m_current_range_pct_gte_12.1684,(2h_current_body_pct >= 20.61 OR 30m_current_range_pct >= 12.17),ast,or_pair
270,54,98.18,40.0,3.4226,2.8971,48.52,4.0996,3.2553,51.11,4.1518,2.7241,48.52,4.052,1.7295,44.81,184.819,-68.8138,5.6484,3.486,1.2872,5.4134,SF_OR_SF_1h_current_ma20_distance_pct_gte_51.022186_SF_2h_current_body_pct_gte_13.739943,(1h_current_ma20_distance_pct >= 51.02 OR 2h_current_body_pct >= 13.74),ast,or_pair
270,54,98.18,41.48,3.4639,2.8157,47.41,4.29,3.1566,50.74,4.1534,2.6794,48.15,4.2669,1.9779,45.93,187.048,-65.5258,5.9061,3.5281,1.3712,5.4086,SF_OR_SF_30m_current_range_pct_gte_12.1684_SF_2h_previous_return_pct_gte_26.298514,(30m_current_range_pct >= 12.17 OR 2h_previous_return_pct >= 26.3),ast,or_pair
270,54,98.18,39.63,3.8402,2.8971,48.52,4.3427,3.295,51.85,4.5572,2.7241,48.52,4.5153,1.9779,45.56,207.3709,-71.3638,6.6205,3.9114,1.2519,5.3862,SF_OR_SF_15m_current_ma20_distance_pct_gte_17.364729_SD_1h_current_body_pct_1h_previous_body_pct_gte_18.78308,(15m_current_ma20_distance_pct >= 17.36 OR (1h_current_body_pct - 1h_previous_body_pct) >= 18.78),ast,or_pair
270,54,98.18,27.41,2.8433,2.1139,37.04,3.7262,1.9039,41.11,3.8669,1.9122,44.44,4.4893,1.5777,42.59,153.5372,-48.9037,6.3504,2.896,0.6951,5.3771,SF_LIN2_2h_current_volume_ratio_15m_current_return_pct_1.0_1.0,linear(2h_current_volume_ratio*1.0+15m_current_return_pct*1.0),linear,linear_pair
270,54,98.18,41.48,3.0562,2.3627,43.7,4.1377,2.42,46.3,4.1824,2.0797,45.93,3.957,1.1067,41.48,165.0332,-50.8717,5.1942,3.1129,1.4982,5.3747,SF_LIN_1h_current_compression_m0_50,linear(1h_current_compression * -0.50),linear,linear_single
270,54,98.18,41.48,3.0515,2.3627,43.7,4.1423,2.4502,45.93,4.1939,2.0797,45.93,4.0203,1.2089,42.22,164.7836,-50.8717,5.1855,3.1081,1.5008,5.3603,SF_LIN_1h_current_compression_m1_00,linear(1h_current_compression * -1.00),linear,linear_single
270,54,98.18,41.48,3.0515,2.3627,43.7,4.1423,2.4502,45.93,4.1939,2.0797,45.93,4.0203,1.2089,42.22,164.7836,-50.8717,5.1855,3.1081,1.5008,5.3603,SF_LIN_1h_current_compression_m1_50,linear(1h_current_compression * -1.50),linear,linear_single
270,54,98.18,41.48,3.0515,2.3627,43.7,4.1423,2.4502,45.93,4.1939,2.0797,45.93,4.0203,1.2089,42.22,164.7836,-50.8717,5.1855,3.1081,1.5008,5.3603,SF_LIN_1h_current_compression_m2_00,linear(1h_current_compression * -2.00),linear,linear_single
270,54,98.18,41.48,3.0515,2.3627,43.7,4.1423,2.4502,45.93,4.1939,2.0797,45.93,4.0203,1.2089,42.22,164.7836,-50.8717,5.1855,3.1081,1.5008,5.3603,SF_LIN_1h_current_compression_m3_00,linear(1h_current_compression * -3.00),linear,linear_single
270,54,98.18,39.26,3.9751,2.9291,48.89,4.3499,3.1566,51.11,4.5105,2.7809,48.89,4.4307,1.9779,45.56,214.6558,-71.3638,7.0611,4.0488,1.2658,5.3571,SF_AND_SD_1h_current_body_pct_1h_previous_body_pct_gte_18.78308_SD_1h_current_return_pct_15m_current_return_pct_lte_-12.62842,((1h_current_body_pct - 1h_previous_body_pct) >= 18.78 AND (1h_current_return_pct - 15m_current_return_pct) <= -12.63),ast,and_pair
270,54,98.18,39.26,3.9751,2.9291,48.89,4.3499,3.1566,51.11,4.5105,2.7809,48.89,4.4307,1.9779,45.56,214.6558,-71.3638,7.0611,4.0488,1.2658,5.3571,SF_AND_SF_2h_current_body_pct_gte_27.479886_SD_1h_current_body_pct_1h_previous_body_pct_gte_18.78308,(2h_current_body_pct >= 27.48 AND (1h_current_body_pct - 1h_previous_body_pct) >= 18.78),ast,and_pair
270,54,98.18,39.26,3.9751,2.9291,48.89,4.3499,3.1566,51.11,4.5105,2.7809,48.89,4.4307,1.9779,45.56,214.6558,-71.3638,7.0611,4.0488,1.2658,5.3571,SF_AND_SF_2h_previous_ma20_distance_pct_gte_65.594714_SD_1h_current_body_pct_1h_previous_body_pct_gte_18.78308,(2h_previous_ma20_distance_pct >= 65.59 AND (1h_current_body_pct - 1h_previous_body_pct) >= 18.78),ast,and_pair
270,54,98.18,25.93,2.3699,1.5316,33.33,3.2981,1.4888,37.41,3.5057,1.4539,39.63,4.0249,1.487,41.85,127.9762,-47.657,5.3719,2.4138,0.4925,5.3348,SF_LIN2_2h_current_volume_ratio_15m_current_return_pct_2.0_1.0,linear(2h_current_volume_ratio*2.0+15m_current_return_pct*1.0),linear,linear_pair
270,54,98.18,40.0,3.4346,2.8971,48.52,4.141,3.2553,51.11,4.1833,2.7241,48.52,4.0751,1.7458,45.19,185.47,-68.8138,5.6699,3.4983,1.3048,5.329,SF_OR_SF_2h_current_body_pct_gte_13.739943_SF_2h_previous_return_pct_gte_26.298514,(2h_current_body_pct >= 13.74 OR 2h_previous_return_pct >= 26.3),ast,or_pair
270,54,98.18,38.89,2.6404,2.2648,41.85,3.5913,2.1969,44.44,3.7097,2.427,44.81,4.7293,2.1492,44.81,142.5815,-59.5201,4.5178,2.6893,1.1348,5.3141,SF_LIN2_5m_seq_high_break_6_30m_current_body_pct_1.0_1.0,linear(5m_seq_high_break_6*1.0+30m_current_body_pct*1.0),linear,linear_pair
270,54,98.18,38.89,2.6404,2.2648,41.85,3.5913,2.1969,44.44,3.7097,2.427,44.81,4.7293,2.1492,44.81,142.5815,-59.5201,4.5178,2.6893,1.1348,5.3141,SF_LIN2_5m_seq_high_break_6_30m_current_body_pct_2.0_1.0,linear(5m_seq_high_break_6*2.0+30m_current_body_pct*1.0),linear,linear_pair
270,54,98.18,38.89,2.6404,2.2648,41.85,3.5913,2.1969,44.44,3.7097,2.427,44.81,4.7293,2.1492,44.81,142.5815,-59.5201,4.5178,2.6893,1.1348,5.3141,SF_LIN2_range_expansion_30m_current_body_pct_1.0_1.0,linear(range_expansion*1.0+30m_current_body_pct*1.0),linear,linear_pair
270,54,98.18,38.89,2.6404,2.2648,41.85,3.5913,2.1969,44.44,3.7097,2.427,44.81,4.7293,2.1492,44.81,142.5815,-59.5201,4.5178,2.6893,1.1348,5.3141,SF_LIN2_range_expansion_30m_current_body_pct_2.0_1.0,linear(range_expansion*2.0+30m_current_body_pct*1.0),linear,linear_pair
270,54,98.18,38.89,2.6404,2.2648,41.85,3.5913,2.1969,44.44,3.7097,2.427,44.81,4.7293,2.1492,44.81,142.5815,-59.5201,4.5178,2.6893,1.1348,5.3141,SF_LIN_30m_current_body_pct_1_00,linear(30m_current_body_pct * 1.00),linear,linear_single
270,54,98.18,41.48,3.4891,2.855,47.78,4.3112,3.2553,51.11,4.1878,2.7241,48.52,4.3252,1.9779,45.93,188.41,-65.5258,5.9445,3.5538,1.4089,5.3017,SF_OR_SF_1h_current_ma20_distance_pct_gte_51.022186_SF_30m_current_range_pct_gte_12.1684,(1h_current_ma20_distance_pct >= 51.02 OR 30m_current_range_pct >= 12.17),ast,or_pair
270,54,98.18,41.48,3.4891,2.855,47.78,4.3112,3.2553,51.11,4.1878,2.7241,48.52,4.3252,1.9779,45.93,188.41,-65.5258,5.9445,3.5538,1.4089,5.3017,SF_OR_SF_2h_previous_body_pct_gte_34.349857_SF_30m_current_range_pct_gte_12.1684,(2h_previous_body_pct >= 34.35 OR 30m_current_range_pct >= 12.17),ast,or_pair
270,54,98.18,39.26,3.8603,2.9291,48.89,4.2285,3.1566,51.11,4.3751,2.7241,48.52,4.3187,1.9779,45.56,208.4562,-71.3638,6.6876,3.9319,1.2744,5.2797,SF_AND_SD_1h_current_body_pct_1h_previous_body_pct_gte_18.78308_SD_1h_current_range_pct_1h_previous_range_pct_gte_5.76056,((1h_current_body_pct - 1h_previous_body_pct) >= 18.78 AND (1h_current_range_pct - 1h_previous_range_pct) >= 5.761),ast,and_pair
270,54,98.18,39.26,3.8603,2.9291,48.89,4.2285,3.1566,51.11,4.3751,2.7241,48.52,4.3187,1.9779,45.56,208.4562,-71.3638,6.6876,3.9319,1.2744,5.2797,SF_AND_SD_1h_current_body_pct_1h_previous_body_pct_gte_18.78308_SF_2h_current_range_pct_gte_14.964243,((1h_current_body_pct - 1h_previous_body_pct) >= 18.78 AND 2h_current_range_pct >= 14.96),ast,and_pair
270,54,98.18,39.26,3.8603,2.9291,48.89,4.2285,3.1566,51.11,4.3751,2.7241,48.52,4.3187,1.9779,45.56,208.4562,-71.3638,6.6876,3.9319,1.2744,5.2797,SF_AND_SD_1h_current_body_pct_1h_previous_body_pct_gte_18.78308_SR_1h_current_range_pct_5m_compression_30525279999.999992,((1h_current_body_pct - 1h_previous_body_pct) >= 18.78 AND 1h_current_range_pct/5m_compression >= 3.053e+10),ast,and_pair
270,54,98.18,39.26,3.8603,2.9291,48.89,4.2285,3.1566,51.11,4.3751,2.7241,48.52,4.3187,1.9779,45.56,208.4562,-71.3638,6.6876,3.9319,1.2744,5.2797,SF_AND_SF_2h_current_body_pct_gte_13.739943_SD_1h_current_body_pct_1h_previous_body_pct_gte_18.78308,(2h_current_body_pct >= 13.74 AND (1h_current_body_pct - 1h_previous_body_pct) >= 18.78),ast,and_pair
270,54,98.18,39.26,3.8603,2.9291,48.89,4.2285,3.1566,51.11,4.3751,2.7241,48.52,4.3187,1.9779,45.56,208.4562,-71.3638,6.6876,3.9319,1.2744,5.2797,SF_AND_SF_2h_current_body_pct_gte_20.609914_SD_1h_current_body_pct_1h_previous_body_pct_gte_18.78308,(2h_current_body_pct >= 20.61 AND (1h_current_body_pct - 1h_previous_body_pct) >= 18.78),ast,and_pair
270,54,98.18,39.26,3.8603,2.9291,48.89,4.2285,3.1566,51.11,4.3751,2.7241,48.52,4.3187,1.9779,45.56,208.4562,-71.3638,6.6876,3.9319,1.2744,5.2797,SF_AND_SF_2h_current_range_pct_gte_29.928486_SD_1h_current_body_pct_1h_previous_body_pct_gte_18.78308,(2h_current_range_pct >= 29.93 AND (1h_current_body_pct - 1h_previous_body_pct) >= 18.78),ast,and_pair
270,54,98.18,39.26,3.8603,2.9291,48.89,4.2285,3.1566,51.11,4.3751,2.7241,48.52,4.3187,1.9779,45.56,208.4562,-71.3638,6.6876,3.9319,1.2744,5.2797,SF_AND_SF_derived_range_expansion_gte_8.077786_SD_1h_current_body_pct_1h_previous_body_pct_gte_18.78308,(derived_range_expansion >= 8.078 AND (1h_current_body_pct - 1h_previous_body_pct) >= 18.78),ast,and_pair
270,54,98.18,39.26,3.8603,2.9291,48.89,4.2285,3.1566,51.11,4.3751,2.7241,48.52,4.3187,1.9779,45.56,208.4562,-71.3638,6.6876,3.9319,1.2744,5.2797,SF_AND_SR_1h_current_range_pct_5m_compression_15262639999.999996_SD_1h_current_body_pct_1h_previous_body_pct_gte_18.78308,(1h_current_range_pct/5m_compression >= 1.526e+10 AND (1h_current_body_pct - 1h_previous_body_pct) >= 18.78),ast,and_pair
270,54,98.18,39.26,3.8603,2.9291,48.89,4.2285,3.1566,51.11,4.3751,2.7241,48.52,4.3187,1.9779,45.56,208.4562,-71.3638,6.6876,3.9319,1.2744,5.2797,SF_ATOM_27,(1h_current_body_pct - 1h_previous_body_pct) >= 18.78,ast,atom
270,54,98.18,39.26,3.8603,2.9291,48.89,4.2285,3.1566,51.11,4.3751,2.7241,48.52,4.3187,1.9779,45.56,208.4562,-71.3638,6.6876,3.9319,1.2744,5.2797,SF_OR_SD_1h_current_return_pct_15m_current_return_pct_gte_9.24094_SD_1h_current_body_pct_1h_previous_body_pct_gte_18.78308,((1h_current_return_pct - 15m_current_return_pct) >= 9.241 OR (1h_current_body_pct - 1h_previous_body_pct) >= 18.78),ast,or_pair
270,54,98.18,39.26,3.8603,2.9291,48.89,4.2285,3.1566,51.11,4.3751,2.7241,48.52,4.3187,1.9779,45.56,208.4562,-71.3638,6.6876,3.9319,1.2744,5.2797,SF_OR_SF_15m_current_return_pct_gte_10.127714_SD_1h_current_body_pct_1h_previous_body_pct_gte_18.78308,(15m_current_return_pct >= 10.13 OR (1h_current_body_pct - 1h_previous_body_pct) >= 18.78),ast,or_pair
270,54,98.18,39.26,3.8603,2.9291,48.89,4.2285,3.1566,51.11,4.3751,2.7241,48.52,4.3187,1.9779,45.56,208.4562,-71.3638,6.6876,3.9319,1.2744,5.2797,SF_OR_SF_1h_current_return_pct_gte_18.082043_SD_1h_current_body_pct_1h_previous_body_pct_gte_18.78308,(1h_current_return_pct >= 18.08 OR (1h_current_body_pct - 1h_previous_body_pct) >= 18.78),ast,or_pair
270,54,98.18,39.26,3.8603,2.9291,48.89,4.2285,3.1566,51.11,4.3751,2.7241,48.52,4.3187,1.9779,45.56,208.4562,-71.3638,6.6876,3.9319,1.2744,5.2797,SF_OR_SF_1h_current_return_pct_gte_8.969214_SD_1h_current_body_pct_1h_previous_body_pct_gte_18.78308,(1h_current_return_pct >= 8.969 OR (1h_current_body_pct - 1h_previous_body_pct) >= 18.78),ast,or_pair
270,54,98.18,39.26,3.8603,2.9291,48.89,4.2285,3.1566,51.11,4.3751,2.7241,48.52,4.3187,1.9779,45.56,208.4562,-71.3638,6.6876,3.9319,1.2744,5.2797,SF_OR_SF_2h_previous_body_pct_gte_34.349857_SD_1h_current_body_pct_1h_previous_body_pct_gte_18.78308,(2h_previous_body_pct >= 34.35 OR (1h_current_body_pct - 1h_previous_body_pct) >= 18.78),ast,or_pair
270,54,98.18,34.07,1.5207,1.1797,34.44,1.8035,0.6023,36.67,2.416,0.746,39.63,3.6385,0.8923,38.89,82.1197,-57.5782,2.6641,1.5489,0.6342,5.2294,SF_LIN2_1h_current_volume_ratio_5m_range_energy_2.0_0.5,linear(1h_current_volume_ratio*2.0+5m_range_energy*0.5),linear,linear_pair
270,54,98.18,27.41,3.1487,1.9699,35.56,3.9473,1.9423,41.11,4.2534,1.8485,42.96,3.8302,1.5263,40.37,170.0276,-36.7921,6.382,3.2071,0.9278,5.2204,SF_LIN2_1h_current_volume_ratio_15m_current_return_pct_1.0_1.5,linear(1h_current_volume_ratio*1.0+15m_current_return_pct*1.5),linear,linear_pair
270,54,98.18,39.63,3.8472,2.9291,48.89,4.2757,3.1566,51.11,4.3891,2.7809,48.89,4.2872,2.1492,45.93,207.7511,-68.7622,6.7082,3.9185,1.3536,5.2139,SF_OR_SF_2h_current_body_pct_gte_27.479886_SF_2h_previous_return_pct_gte_26.298514,(2h_current_body_pct >= 27.48 OR 2h_previous_return_pct >= 26.3),ast,or_pair
270,54,98.18,27.04,3.0224,1.956,37.04,3.824,1.9799,40.74,3.8731,1.7003,40.74,3.3749,1.3096,39.26,163.2116,-43.1913,6.0805,3.0784,0.8412,5.1976,SF_LIN_15m_current_return_pct_3_00,linear(15m_current_return_pct * 3.00),linear,linear_single
270,54,98.18,37.78,2.9058,1.8926,39.26,3.9326,2.5725,44.81,4.2559,2.6209,47.41,4.548,1.3683,42.96,156.9149,-46.1264,5.5146,2.9597,1.2958,5.1881,SF_LIN_30m_current_volume_ratio_m0_50,linear(30m_current_volume_ratio * -0.50),linear,linear_single
270,54,98.18,40.37,3.3778,2.855,47.78,4.0616,3.1566,50.74,4.2302,2.7241,48.52,4.1953,1.7295,44.81,182.4011,-71.0002,5.5715,3.4404,1.2723,5.1818,SF_OR_SF_2h_current_body_pct_gte_13.739943_SF_2h_previous_ma20_distance_pct_gte_65.594714,(2h_current_body_pct >= 13.74 OR 2h_previous_ma20_distance_pct >= 65.59),ast,or_pair
270,54,98.18,41.85,3.2548,2.62,46.3,3.962,3.0746,50.74,3.8227,2.4909,46.67,4.1338,2.1492,46.3,175.758,-60.8022,5.4387,3.3151,1.4716,5.1682,SF_ATOM_45,30m_current_body_pct >= 5.324,ast,atom
270,54,98.18,41.11,2.5244,2.2908,41.85,3.6731,2.5095,45.56,3.8742,2.4909,46.67,4.449,2.0895,45.56,136.3166,-60.0993,4.1568,2.5712,1.2356,5.1614,SF_LIN2_5m_seq_high_break_6_30m_current_body_pct_1.0_0.5,linear(5m_seq_high_break_6*1.0+30m_current_body_pct*0.5),linear,linear_pair
270,54,98.18,41.11,2.5244,2.2908,41.85,3.6731,2.5095,45.56,3.8742,2.4909,46.67,4.449,2.0895,45.56,136.3166,-60.0993,4.1568,2.5712,1.2356,5.1614,SF_LIN2_5m_seq_high_break_6_30m_current_body_pct_2.0_0.5,linear(5m_seq_high_break_6*2.0+30m_current_body_pct*0.5),linear,linear_pair
270,54,98.18,41.11,2.5244,2.2908,41.85,3.6731,2.5095,45.56,3.8742,2.4909,46.67,4.449,2.0895,45.56,136.3166,-60.0993,4.1568,2.5712,1.2356,5.1614,SF_LIN2_range_expansion_30m_current_body_pct_1.0_0.5,linear(range_expansion*1.0+30m_current_body_pct*0.5),linear,linear_pair
270,54,98.18,41.11,2.5244,2.2908,41.85,3.6731,2.5095,45.56,3.8742,2.4909,46.67,4.449,2.0895,45.56,136.3166,-60.0993,4.1568,2.5712,1.2356,5.1614,SF_LIN2_range_expansion_30m_current_body_pct_2.0_0.5,linear(range_expansion*2.0+30m_current_body_pct*0.5),linear,linear_pair
270,54,98.18,41.11,2.5244,2.2908,41.85,3.6731,2.5095,45.56,3.8742,2.4909,46.67,4.449,2.0895,45.56,136.3166,-60.0993,4.1568,2.5712,1.2356,5.1614,SF_LIN_30m_current_body_pct_0_50,linear(30m_current_body_pct * 0.50),linear,linear_single
270,54,98.18,40.0,3.4226,2.8971,48.52,4.0996,3.2553,51.11,4.1518,2.7241,48.52,4.052,1.7295,44.81,184.819,-71.3638,5.6484,3.486,1.2872,5.1584,SF_OR_SF_2h_previous_body_pct_gte_34.349857_SF_2h_current_body_pct_gte_13.739943,(2h_previous_body_pct >= 34.35 OR 2h_current_body_pct >= 13.74),ast,or_pair
270,54,98.18,27.78,3.0858,1.9967,35.93,3.9269,1.9937,41.48,4.1757,1.7665,42.22,4.4809,1.8216,41.48,166.633,-43.5367,6.3698,3.143,0.835,5.1391,SF_LIN2_1h_current_volume_ratio_15m_current_return_pct_1.0_1.0,linear(1h_current_volume_ratio*1.0+15m_current_return_pct*1.0),linear,linear_pair
270,54,98.18,34.81,3.4952,1.7904,35.93,4.194,2.274,40.74,4.2281,1.8485,41.11,4.4004,1.4991,38.89,188.7396,-39.2042,6.5779,3.56,1.2295,5.1286,SF_LIN_1h_current_compression_0_50,linear(1h_current_compression * 0.50),linear,linear_single
270,54,98.18,40.0,3.905,2.9291,48.89,4.2911,3.1566,51.11,4.506,2.8484,49.26,4.5142,2.1492,45.93,210.8707,-71.3638,6.8908,3.9774,1.3376,5.1251,SF_AND_SF_2h_previous_ma20_distance_pct_gte_65.594714_SD_1h_current_range_pct_1h_previous_range_pct_gte_5.76056,(2h_previous_ma20_distance_pct >= 65.59 AND (1h_current_range_pct - 1h_previous_range_pct) >= 5.761),ast,and_pair
270,54,98.18,39.63,3.8992,2.9291,48.89,4.2165,3.1566,51.11,4.4498,2.7241,48.52,4.3324,1.9779,45.56,210.5589,-71.3638,6.7251,3.9715,1.3225,5.1249,SF_OR_SF_15m_current_ma20_distance_pct_gte_26.750886_SD_1h_current_body_pct_1h_previous_body_pct_gte_18.78308,(15m_current_ma20_distance_pct >= 26.75 OR (1h_current_body_pct - 1h_previous_body_pct) >= 18.78),ast,or_pair
270,54,98.18,40.0,3.8151,2.8971,48.52,4.3485,3.295,51.85,4.5396,2.7809,48.89,4.4608,1.9779,45.56,206.0147,-71.3638,6.6171,3.8858,1.3175,5.1247,SF_OR_SF_2h_current_body_pct_gte_27.479886_SF_15m_current_ma20_distance_pct_gte_17.364729,(2h_current_body_pct >= 27.48 OR 15m_current_ma20_distance_pct >= 17.36),ast,or_pair
270,54,98.18,39.26,3.6568,2.855,47.78,4.1488,3.2553,51.11,4.2154,2.7241,48.15,4.2369,1.7458,45.19,197.4669,-64.917,6.4285,3.7246,1.3815,5.1058,SF_OR_SF_1h_current_ma20_distance_pct_gte_20.388471_SF_30m_current_body_pct_gte_10.647286,(1h_current_ma20_distance_pct >= 20.39 OR 30m_current_body_pct >= 10.65),ast,or_pair
270,54,98.18,40.0,3.8344,2.9291,48.89,4.283,3.2553,51.48,4.4692,2.8484,49.26,4.3935,2.1492,45.93,207.0592,-71.3638,6.6833,3.9055,1.3396,5.0939,SF_OR_SF_2h_current_body_pct_gte_27.479886_SD_1h_current_range_pct_1h_previous_range_pct_gte_21.98114,(2h_current_body_pct >= 27.48 OR (1h_current_range_pct - 1h_previous_range_pct) >= 21.98),ast,or_pair
270,54,98.18,40.0,3.8344,2.9291,48.89,4.283,3.2553,51.48,4.4692,2.8484,49.26,4.3935,2.1492,45.93,207.0592,-71.3638,6.6833,3.9055,1.3396,5.0939,SF_OR_SF_2h_current_body_pct_gte_27.479886_SF_2h_current_range_pct_gte_44.892729,(2h_current_body_pct >= 27.48 OR 2h_current_range_pct >= 44.89),ast,or_pair
270,54,98.18,41.85,3.528,2.855,47.78,4.2992,3.2553,51.11,4.2624,2.7241,48.52,4.3388,1.9779,45.93,190.5127,-65.5258,5.9841,3.5934,1.468,5.0918,SF_OR_SF_1h_current_ma20_distance_pct_gte_35.705329_SF_30m_current_range_pct_gte_12.1684,(1h_current_ma20_distance_pct >= 35.71 OR 30m_current_range_pct >= 12.17),ast,or_pair
270,54,98.18,27.78,3.1578,2.0636,38.15,4.0013,2.0444,41.48,4.0234,1.8485,42.22,3.583,1.3509,39.63,170.5199,-43.1913,6.4009,3.2163,0.9456,5.0862,SF_LIN_15m_current_return_pct_2_00,linear(15m_current_return_pct * 2.00),linear,linear_single
270,54,98.18,40.0,3.8069,2.9291,48.89,4.2226,3.2553,51.48,4.4404,2.7809,48.89,4.4567,2.1492,45.93,205.5738,-71.3638,6.5587,3.8775,1.3436,5.0657,SF_AND_SF_2h_current_range_pct_gte_29.928486_SD_1h_current_range_pct_1h_previous_range_pct_gte_5.76056,(2h_current_range_pct >= 29.93 AND (1h_current_range_pct - 1h_previous_range_pct) >= 5.761),ast,and_pair
270,54,98.18,40.0,3.8069,2.9291,48.89,4.2226,3.2553,51.48,4.4404,2.7809,48.89,4.4567,2.1492,45.93,205.5738,-71.3638,6.5587,3.8775,1.3436,5.0657,SF_AND_SF_2h_current_range_pct_gte_29.928486_SF_derived_range_expansion_gte_8.077786,(2h_current_range_pct >= 29.93 AND derived_range_expansion >= 8.078),ast,and_pair
270,54,98.18,40.0,3.8069,2.9291,48.89,4.2226,3.2553,51.48,4.4404,2.7809,48.89,4.4567,2.1492,45.93,205.5738,-71.3638,6.5587,3.8775,1.3436,5.0657,SF_OR_SD_1h_current_range_pct_1h_previous_range_pct_gte_21.98114_SD_1h_current_body_pct_1h_previous_body_pct_gte_18.78308,((1h_current_range_pct - 1h_previous_range_pct) >= 21.98 OR (1h_current_body_pct - 1h_previous_body_pct) >= 18.78),ast,or_pair
270,54,98.18,40.0,3.8069,2.9291,48.89,4.2226,3.2553,51.48,4.4404,2.7809,48.89,4.4567,2.1492,45.93,205.5738,-71.3638,6.5587,3.8775,1.3436,5.0657,SF_OR_SF_2h_current_range_pct_gte_44.892729_SD_1h_current_body_pct_1h_previous_body_pct_gte_18.78308,(2h_current_range_pct >= 44.89 OR (1h_current_body_pct - 1h_previous_body_pct) >= 18.78),ast,or_pair
270,54,98.18,40.0,3.8069,2.9291,48.89,4.2226,3.2553,51.48,4.4404,2.7809,48.89,4.4567,2.1492,45.93,205.5738,-71.3638,6.5587,3.8775,1.3436,5.0657,SF_OR_SF_derived_range_expansion_gte_19.663914_SD_1h_current_body_pct_1h_previous_body_pct_gte_18.78308,(derived_range_expansion >= 19.66 OR (1h_current_body_pct - 1h_previous_body_pct) >= 18.78),ast,or_pair
270,54,98.18,39.63,3.4655,2.8756,48.15,4.1025,3.1566,51.11,4.082,2.6395,47.78,4.0999,1.7458,45.19,187.1393,-68.8138,5.7633,3.5297,1.3312,5.0583,SF_OR_SF_2h_current_body_pct_gte_13.739943_SD_2h_current_return_pct_1h_current_return_pct_gte_13.61786,(2h_current_body_pct >= 13.74 OR (2h_current_return_pct - 1h_current_return_pct) >= 13.62),ast,or_pair
270,54,98.18,40.0,3.4903,2.8971,48.52,4.1845,3.295,51.85,4.2602,2.7241,48.52,4.2356,1.8015,45.56,188.4776,-68.8138,5.8056,3.555,1.3633,5.0532,SF_OR_SF_2h_current_body_pct_gte_13.739943_SF_30m_current_range_pct_gte_22.8592,(2h_current_body_pct >= 13.74 OR 30m_current_range_pct >= 22.86),ast,or_pair
270,54,98.18,39.63,3.9225,2.9291,48.89,4.2952,3.1566,51.11,4.4641,2.7809,48.89,4.4395,1.9779,45.56,211.8144,-71.3638,6.9268,3.9952,1.339,5.0494,SF_AND_SF_2h_current_body_pct_gte_13.739943_SD_1h_current_return_pct_15m_current_return_pct_lte_-12.62842,(2h_current_body_pct >= 13.74 AND (1h_current_return_pct - 15m_current_return_pct) <= -12.63),ast,and_pair
270,54,98.18,39.63,3.9225,2.9291,48.89,4.2952,3.1566,51.11,4.4641,2.7809,48.89,4.4395,1.9779,45.56,211.8144,-71.3638,6.9268,3.9952,1.339,5.0494,SF_AND_SF_2h_current_body_pct_gte_13.739943_SF_2h_previous_ma20_distance_pct_gte_65.594714,(2h_current_body_pct >= 13.74 AND 2h_previous_ma20_distance_pct >= 65.59),ast,and_pair
270,54,98.18,39.63,3.9225,2.9291,48.89,4.2952,3.1566,51.11,4.4641,2.7809,48.89,4.4395,1.9779,45.56,211.8144,-71.3638,6.9268,3.9952,1.339,5.0494,SF_AND_SF_2h_current_body_pct_gte_20.609914_SD_1h_current_return_pct_15m_current_return_pct_lte_-12.62842,(2h_current_body_pct >= 20.61 AND (1h_current_return_pct - 15m_current_return_pct) <= -12.63),ast,and_pair
270,54,98.18,39.63,3.9225,2.9291,48.89,4.2952,3.1566,51.11,4.4641,2.7809,48.89,4.4395,1.9779,45.56,211.8144,-71.3638,6.9268,3.9952,1.339,5.0494,SF_AND_SF_2h_current_body_pct_gte_20.609914_SF_2h_previous_ma20_distance_pct_gte_65.594714,(2h_current_body_pct >= 20.61 AND 2h_previous_ma20_distance_pct >= 65.59),ast,and_pair
270,54,98.18,39.63,3.9225,2.9291,48.89,4.2952,3.1566,51.11,4.4641,2.7809,48.89,4.4395,1.9779,45.56,211.8144,-71.3638,6.9268,3.9952,1.339,5.0494,SF_AND_SF_2h_current_body_pct_gte_27.479886_SD_1h_current_range_pct_1h_previous_range_pct_gte_5.76056,(2h_current_body_pct >= 27.48 AND (1h_current_range_pct - 1h_previous_range_pct) >= 5.761),ast,and_pair
270,54,98.18,39.63,3.9225,2.9291,48.89,4.2952,3.1566,51.11,4.4641,2.7809,48.89,4.4395,1.9779,45.56,211.8144,-71.3638,6.9268,3.9952,1.339,5.0494,SF_AND_SF_2h_current_body_pct_gte_27.479886_SD_1h_current_return_pct_15m_current_return_pct_lte_-12.62842,(2h_current_body_pct >= 27.48 AND (1h_current_return_pct - 15m_current_return_pct) <= -12.63),ast,and_pair
270,54,98.18,39.63,3.9225,2.9291,48.89,4.2952,3.1566,51.11,4.4641,2.7809,48.89,4.4395,1.9779,45.56,211.8144,-71.3638,6.9268,3.9952,1.339,5.0494,SF_AND_SF_2h_current_body_pct_gte_27.479886_SF_2h_previous_ma20_distance_pct_gte_65.594714,(2h_current_body_pct >= 27.48 AND 2h_previous_ma20_distance_pct >= 65.59),ast,and_pair
270,54,98.18,39.63,3.9225,2.9291,48.89,4.2952,3.1566,51.11,4.4641,2.7809,48.89,4.4395,1.9779,45.56,211.8144,-71.3638,6.9268,3.9952,1.339,5.0494,SF_AND_SF_2h_current_body_pct_gte_27.479886_SF_derived_range_expansion_gte_8.077786,(2h_current_body_pct >= 27.48 AND derived_range_expansion >= 8.078),ast,and_pair
270,54,98.18,39.63,3.9225,2.9291,48.89,4.2952,3.1566,51.11,4.4641,2.7809,48.89,4.4395,1.9779,45.56,211.8144,-71.3638,6.9268,3.9952,1.339,5.0494,SF_AND_SF_2h_current_body_pct_gte_27.479886_SR_1h_current_range_pct_5m_compression_30525279999.999992,(2h_current_body_pct >= 27.48 AND 1h_current_range_pct/5m_compression >= 3.053e+10),ast,and_pair
270,54,98.18,39.63,3.9225,2.9291,48.89,4.2952,3.1566,51.11,4.4641,2.7809,48.89,4.4395,1.9779,45.56,211.8144,-71.3638,6.9268,3.9952,1.339,5.0494,SF_AND_SF_2h_current_range_pct_gte_29.928486_SD_1h_current_return_pct_15m_current_return_pct_lte_-12.62842,(2h_current_range_pct >= 29.93 AND (1h_current_return_pct - 15m_current_return_pct) <= -12.63),ast,and_pair
270,54,98.18,39.63,3.9225,2.9291,48.89,4.2952,3.1566,51.11,4.4641,2.7809,48.89,4.4395,1.9779,45.56,211.8144,-71.3638,6.9268,3.9952,1.339,5.0494,SF_AND_SF_2h_previous_ma20_distance_pct_gte_65.594714_SD_1h_current_return_pct_15m_current_return_pct_lte_-12.62842,(2h_previous_ma20_distance_pct >= 65.59 AND (1h_current_return_pct - 15m_current_return_pct) <= -12.63),ast,and_pair
270,54,98.18,39.63,3.9225,2.9291,48.89,4.2952,3.1566,51.11,4.4641,2.7809,48.89,4.4395,1.9779,45.56,211.8144,-71.3638,6.9268,3.9952,1.339,5.0494,SF_AND_SF_2h_previous_ma20_distance_pct_gte_65.594714_SF_derived_range_expansion_gte_8.077786,(2h_previous_ma20_distance_pct >= 65.59 AND derived_range_expansion >= 8.078),ast,and_pair
270,54,98.18,39.63,3.9225,2.9291,48.89,4.2952,3.1566,51.11,4.4641,2.7809,48.89,4.4395,1.9779,45.56,211.8144,-71.3638,6.9268,3.9952,1.339,5.0494,SF_AND_SF_2h_previous_ma20_distance_pct_gte_65.594714_SR_1h_current_range_pct_5m_compression_30525279999.999992,(2h_previous_ma20_distance_pct >= 65.59 AND 1h_current_range_pct/5m_compression >= 3.053e+10),ast,and_pair
270,54,98.18,39.63,3.9225,2.9291,48.89,4.2952,3.1566,51.11,4.4641,2.7809,48.89,4.4395,1.9779,45.56,211.8144,-71.3638,6.9268,3.9952,1.339,5.0494,SF_AND_SR_1h_current_range_pct_5m_compression_15262639999.999996_SD_1h_current_return_pct_15m_current_return_pct_lte_-12.62842,(1h_current_range_pct/5m_compression >= 1.526e+10 AND (1h_current_return_pct - 15m_current_return_pct) <= -12.63),ast,and_pair
270,54,98.18,39.63,3.9225,2.9291,48.89,4.2952,3.1566,51.11,4.4641,2.7809,48.89,4.4395,1.9779,45.56,211.8144,-71.3638,6.9268,3.9952,1.339,5.0494,SF_AND_SR_1h_current_range_pct_5m_compression_30525279999.999992_SD_1h_current_return_pct_15m_current_return_pct_lte_-12.62842,(1h_current_range_pct/5m_compression >= 3.053e+10 AND (1h_current_return_pct - 15m_current_return_pct) <= -12.63),ast,and_pair
270,54,98.18,40.0,3.586,2.8971,48.52,3.9631,3.0746,50.74,3.9983,2.6395,47.78,3.9229,1.7458,44.81,193.6426,-65.5258,6.0111,3.6525,1.4387,5.0337,SF_OR_SF_2h_current_body_pct_gte_27.479886_SF_30m_current_body_pct_gte_10.647286,(2h_current_body_pct >= 27.48 OR 30m_current_body_pct >= 10.65),ast,or_pair
270,54,98.18,39.63,3.8352,2.9291,48.89,4.2343,3.1566,51.11,4.3575,2.7809,48.89,4.2642,1.9779,45.56,207.1001,-71.3638,6.6847,3.9063,1.3395,5.0207,SF_AND_SF_2h_current_body_pct_gte_27.479886_SF_2h_current_body_pct_gte_13.739943,(2h_current_body_pct >= 27.48 AND 2h_current_body_pct >= 13.74),ast,and_pair
270,54,98.18,39.63,3.8352,2.9291,48.89,4.2343,3.1566,51.11,4.3575,2.7809,48.89,4.2642,1.9779,45.56,207.1001,-71.3638,6.6847,3.9063,1.3395,5.0207,SF_AND_SF_2h_current_body_pct_gte_27.479886_SF_2h_current_body_pct_gte_20.609914,(2h_current_body_pct >= 27.48 AND 2h_current_body_pct >= 20.61),ast,and_pair
270,54,98.18,39.63,3.8352,2.9291,48.89,4.2343,3.1566,51.11,4.3575,2.7809,48.89,4.2642,1.9779,45.56,207.1001,-71.3638,6.6847,3.9063,1.3395,5.0207,SF_AND_SF_2h_current_body_pct_gte_27.479886_SF_2h_current_range_pct_gte_14.964243,(2h_current_body_pct >= 27.48 AND 2h_current_range_pct >= 14.96),ast,and_pair
270,54,98.18,39.63,3.8352,2.9291,48.89,4.2343,3.1566,51.11,4.3575,2.7809,48.89,4.2642,1.9779,45.56,207.1001,-71.3638,6.6847,3.9063,1.3395,5.0207,SF_AND_SF_2h_current_body_pct_gte_27.479886_SF_2h_current_range_pct_gte_29.928486,(2h_current_body_pct >= 27.48 AND 2h_current_range_pct >= 29.93),ast,and_pair
270,54,98.18,39.63,3.8352,2.9291,48.89,4.2343,3.1566,51.11,4.3575,2.7809,48.89,4.2642,1.9779,45.56,207.1001,-71.3638,6.6847,3.9063,1.3395,5.0207,SF_AND_SF_2h_current_body_pct_gte_27.479886_SR_1h_current_range_pct_5m_compression_15262639999.999996,(2h_current_body_pct >= 27.48 AND 1h_current_range_pct/5m_compression >= 1.526e+10),ast,and_pair
270,54,98.18,39.63,3.8352,2.9291,48.89,4.2343,3.1566,51.11,4.3575,2.7809,48.89,4.2642,1.9779,45.56,207.1001,-71.3638,6.6847,3.9063,1.3395,5.0207,SF_ATOM_4,2h_current_body_pct >= 27.48,ast,atom
270,54,98.18,39.63,3.8352,2.9291,48.89,4.2343,3.1566,51.11,4.3575,2.7809,48.89,4.2642,1.9779,45.56,207.1001,-71.3638,6.6847,3.9063,1.3395,5.0207,SF_ORAND_SF_2h_current_body_pct_gte_27.479886,(2h_current_body_pct >= 27.48 OR (15m_current_ma20_distance_pct >= 26.75 AND 2h_current_body_pct >= 27.48)),ast,or_and
270,54,98.18,39.63,3.8352,2.9291,48.89,4.2343,3.1566,51.11,4.3575,2.7809,48.89,4.2642,1.9779,45.56,207.1001,-71.3638,6.6847,3.9063,1.3395,5.0207,SF_OR_SD_1h_current_return_pct_15m_current_return_pct_gte_9.24094_SF_2h_current_body_pct_gte_27.479886,((1h_current_return_pct - 15m_current_return_pct) >= 9.241 OR 2h_current_body_pct >= 27.48),ast,or_pair
270,54,98.18,39.63,3.8352,2.9291,48.89,4.2343,3.1566,51.11,4.3575,2.7809,48.89,4.2642,1.9779,45.56,207.1001,-71.3638,6.6847,3.9063,1.3395,5.0207,SF_OR_SF_15m_current_return_pct_gte_10.127714_SF_2h_current_body_pct_gte_27.479886,(15m_current_return_pct >= 10.13 OR 2h_current_body_pct >= 27.48),ast,or_pair
270,54,98.18,39.63,3.8352,2.9291,48.89,4.2343,3.1566,51.11,4.3575,2.7809,48.89,4.2642,1.9779,45.56,207.1001,-71.3638,6.6847,3.9063,1.3395,5.0207,SF_OR_SF_1h_current_return_pct_gte_18.082043_SF_2h_current_body_pct_gte_27.479886,(1h_current_return_pct >= 18.08 OR 2h_current_body_pct >= 27.48),ast,or_pair
270,54,98.18,39.63,3.8352,2.9291,48.89,4.2343,3.1566,51.11,4.3575,2.7809,48.89,4.2642,1.9779,45.56,207.1001,-71.3638,6.6847,3.9063,1.3395,5.0207,SF_OR_SF_1h_current_return_pct_gte_8.969214_SF_2h_current_body_pct_gte_27.479886,(1h_current_return_pct >= 8.969 OR 2h_current_body_pct >= 27.48),ast,or_pair
270,54,98.18,39.63,3.8352,2.9291,48.89,4.2343,3.1566,51.11,4.3575,2.7809,48.89,4.2642,1.9779,45.56,207.1001,-71.3638,6.6847,3.9063,1.3395,5.0207,SF_OR_SF_2h_current_body_pct_gte_27.479886_SF_2h_previous_body_pct_gte_34.349857,(2h_current_body_pct >= 27.48 OR 2h_previous_body_pct >= 34.35),ast,or_pair
270,54,98.18,31.85,2.2769,1.2005,32.96,3.1064,1.1816,39.63,3.1659,0.8297,40.0,3.3672,0.5677,40.37,122.9522,-50.7507,4.3967,2.3191,0.7138,5.001,SF_LIN2_1h_previous_return_pct_15m_current_return_pct_1.0_0.5,linear(1h_previous_return_pct*1.0+15m_current_return_pct*0.5),linear,linear_pair
270,54,98.18,39.63,3.8077,2.9291,48.89,4.1738,3.1566,51.11,4.3287,2.7241,48.52,4.3275,1.9779,45.56,205.6148,-71.3638,6.5602,3.8783,1.3435,4.9924,SF_AND_SD_1h_current_range_pct_1h_previous_range_pct_gte_5.76056_SR_1h_current_range_pct_5m_compression_30525279999.999992,((1h_current_range_pct - 1h_previous_range_pct) >= 5.761 AND 1h_current_range_pct/5m_compression >= 3.053e+10),ast,and_pair
270,54,98.18,39.63,3.8077,2.9291,48.89,4.1738,3.1566,51.11,4.3287,2.7241,48.52,4.3275,1.9779,45.56,205.6148,-71.3638,6.5602,3.8783,1.3435,4.9924,SF_AND_SF_2h_current_body_pct_gte_13.739943_SR_1h_current_range_pct_5m_compression_30525279999.999992,(2h_current_body_pct >= 13.74 AND 1h_current_range_pct/5m_compression >= 3.053e+10),ast,and_pair
270,54,98.18,39.63,3.8077,2.9291,48.89,4.1738,3.1566,51.11,4.3287,2.7241,48.52,4.3275,1.9779,45.56,205.6148,-71.3638,6.5602,3.8783,1.3435,4.9924,SF_AND_SF_2h_current_body_pct_gte_20.609914_SD_1h_current_range_pct_1h_previous_range_pct_gte_5.76056,(2h_current_body_pct >= 20.61 AND (1h_current_range_pct - 1h_previous_range_pct) >= 5.761),ast,and_pair
270,54,98.18,39.63,3.8077,2.9291,48.89,4.1738,3.1566,51.11,4.3287,2.7241,48.52,4.3275,1.9779,45.56,205.6148,-71.3638,6.5602,3.8783,1.3435,4.9924,SF_AND_SF_2h_current_body_pct_gte_20.609914_SF_derived_range_expansion_gte_8.077786,(2h_current_body_pct >= 20.61 AND derived_range_expansion >= 8.078),ast,and_pair
270,54,98.18,39.63,3.8077,2.9291,48.89,4.1738,3.1566,51.11,4.3287,2.7241,48.52,4.3275,1.9779,45.56,205.6148,-71.3638,6.5602,3.8783,1.3435,4.9924,SF_AND_SF_2h_current_body_pct_gte_20.609914_SR_1h_current_range_pct_5m_compression_30525279999.999992,(2h_current_body_pct >= 20.61 AND 1h_current_range_pct/5m_compression >= 3.053e+10),ast,and_pair
270,54,98.18,39.63,3.8077,2.9291,48.89,4.1738,3.1566,51.11,4.3287,2.7241,48.52,4.3275,1.9779,45.56,205.6148,-71.3638,6.5602,3.8783,1.3435,4.9924,SF_AND_SF_2h_current_range_pct_gte_29.928486_SR_1h_current_range_pct_5m_compression_30525279999.999992,(2h_current_range_pct >= 29.93 AND 1h_current_range_pct/5m_compression >= 3.053e+10),ast,and_pair
270,54,98.18,39.63,3.8077,2.9291,48.89,4.1738,3.1566,51.11,4.3287,2.7241,48.52,4.3275,1.9779,45.56,205.6148,-71.3638,6.5602,3.8783,1.3435,4.9924,SF_AND_SF_derived_range_expansion_gte_8.077786_SR_1h_current_range_pct_5m_compression_30525279999.999992,(derived_range_expansion >= 8.078 AND 1h_current_range_pct/5m_compression >= 3.053e+10),ast,and_pair
270,54,98.18,39.63,3.8077,2.9291,48.89,4.1738,3.1566,51.11,4.3287,2.7241,48.52,4.3275,1.9779,45.56,205.6148,-71.3638,6.5602,3.8783,1.3435,4.9924,SF_AND_SR_1h_current_range_pct_5m_compression_15262639999.999996_SR_1h_current_range_pct_5m_compression_30525279999.999992,(1h_current_range_pct/5m_compression >= 1.526e+10 AND 1h_current_range_pct/5m_compression >= 3.053e+10),ast,and_pair
270,54,98.18,39.63,3.8077,2.9291,48.89,4.1738,3.1566,51.11,4.3287,2.7241,48.52,4.3275,1.9779,45.56,205.6148,-71.3638,6.5602,3.8783,1.3435,4.9924,SF_AND_SR_1h_current_range_pct_5m_compression_30525279999.999992_SF_2h_current_range_pct_gte_14.964243,(1h_current_range_pct/5m_compression >= 3.053e+10 AND 2h_current_range_pct >= 14.96),ast,and_pair
270,54,98.18,39.63,3.8077,2.9291,48.89,4.1738,3.1566,51.11,4.3287,2.7241,48.52,4.3275,1.9779,45.56,205.6148,-71.3638,6.5602,3.8783,1.3435,4.9924,SF_ATOM_32,1h_current_range_pct/5m_compression >= 3.053e+10,ast,atom
270,54,98.18,28.52,3.3184,2.2157,39.63,4.3396,2.2819,42.96,4.2935,2.2654,43.7,3.8721,1.3683,40.37,179.1946,-43.1913,6.7735,3.3799,1.0648,4.9824,SF_LIN2_5m_seq_high_break_6_15m_current_return_pct_1.0_1.5,linear(5m_seq_high_break_6*1.0+15m_current_return_pct*1.5),linear,linear_pair
270,54,98.18,28.52,3.3184,2.2157,39.63,4.3396,2.2819,42.96,4.2935,2.2654,43.7,3.8721,1.3683,40.37,179.1946,-43.1913,6.7735,3.3799,1.0648,4.9824,SF_LIN2_5m_seq_high_break_6_15m_current_return_pct_2.0_1.5,linear(5m_seq_high_break_6*2.0+15m_current_return_pct*1.5),linear,linear_pair
270,54,98.18,28.52,3.3184,2.2157,39.63,4.3396,2.2819,42.96,4.2935,2.2654,43.7,3.8721,1.3683,40.37,179.1946,-43.1913,6.7735,3.3799,1.0648,4.9824,SF_LIN2_range_expansion_15m_current_return_pct_1.0_1.5,linear(range_expansion*1.0+15m_current_return_pct*1.5),linear,linear_pair
270,54,98.18,28.52,3.3184,2.2157,39.63,4.3396,2.2819,42.96,4.2935,2.2654,43.7,3.8721,1.3683,40.37,179.1946,-43.1913,6.7735,3.3799,1.0648,4.9824,SF_LIN2_range_expansion_15m_current_return_pct_2.0_1.5,linear(range_expansion*2.0+15m_current_return_pct*1.5),linear,linear_pair
270,54,98.18,28.52,3.3184,2.2157,39.63,4.3396,2.2819,42.96,4.2935,2.2654,43.7,3.8721,1.3683,40.37,179.1946,-43.1913,6.7735,3.3799,1.0648,4.9824,SF_LIN_15m_current_return_pct_1_50,linear(15m_current_return_pct * 1.50),linear,linear_single
270,54,98.18,39.63,3.4911,2.8971,48.52,4.1358,3.2553,51.48,4.1485,2.6794,48.15,4.1064,1.7458,45.19,188.5186,-68.8138,5.8069,3.5558,1.3628,4.982,SF_OR_SF_15m_current_body_pct_gte_13.6371_SF_2h_current_body_pct_gte_13.739943,(15m_current_body_pct >= 13.64 OR 2h_current_body_pct >= 13.74),ast,or_pair
270,54,98.18,39.63,3.4911,2.8971,48.52,4.1358,3.2553,51.48,4.1485,2.6794,48.15,4.1064,1.7458,45.19,188.5186,-68.8138,5.8069,3.5558,1.3628,4.982,SF_OR_SF_2h_current_body_pct_gte_13.739943_SF_15m_current_body_pct_gte_9.0914,(2h_current_body_pct >= 13.74 OR 15m_current_body_pct >= 9.091),ast,or_pair
270,54,98.18,39.63,3.4911,2.8971,48.52,4.1358,3.2553,51.48,4.1485,2.6794,48.15,4.1064,1.7458,45.19,188.5186,-68.8138,5.8069,3.5558,1.3628,4.982,SF_OR_SF_2h_current_body_pct_gte_13.739943_SF_30m_previous_ma20_distance_pct_gte_39.165157,(2h_current_body_pct >= 13.74 OR 30m_previous_ma20_distance_pct >= 39.17),ast,or_pair
270,54,98.18,39.63,3.4911,2.8971,48.52,4.1358,3.2553,51.48,4.1485,2.6794,48.15,4.1064,1.7458,45.19,188.5186,-68.8138,5.8069,3.5558,1.3628,4.982,SF_OR_SF_30m_current_body_pct_gte_15.970929_SF_2h_current_body_pct_gte_13.739943,(30m_current_body_pct >= 15.97 OR 2h_current_body_pct >= 13.74),ast,or_pair
270,54,98.18,40.0,3.7003,2.8971,48.52,4.2271,3.295,51.85,4.4042,2.7241,48.52,4.3487,1.9779,45.56,199.8151,-71.3638,6.2677,3.7689,1.34,4.9777,SF_OR_SF_2h_current_body_pct_gte_20.609914_SF_15m_current_ma20_distance_pct_gte_17.364729,(2h_current_body_pct >= 20.61 OR 15m_current_ma20_distance_pct >= 17.36),ast,or_pair
270,54,98.18,40.74,3.6048,2.9291,48.89,4.1904,3.2553,51.48,4.2876,2.7241,48.52,4.3785,1.9779,45.56,194.6566,-67.445,6.0441,3.6716,1.4634,4.9459,SF_OR_SF_2h_current_range_pct_gte_29.928486_SF_30m_current_body_pct_gte_10.647286,(2h_current_range_pct >= 29.93 OR 30m_current_body_pct >= 10.65),ast,or_pair
270,54,98.18,41.11,3.5576,2.855,47.78,4.3474,3.2553,51.48,4.1845,2.6794,48.15,4.3795,2.1492,46.3,192.1096,-65.5258,6.1125,3.6235,1.4728,4.9287,SF_ATOM_22,30m_current_range_pct >= 12.17,ast,atom
270,54,98.18,41.11,3.5576,2.855,47.78,4.3474,3.2553,51.48,4.1845,2.6794,48.15,4.3795,2.1492,46.3,192.1096,-65.5258,6.1125,3.6235,1.4728,4.9287,SF_OR_SD_1h_current_range_pct_1h_previous_range_pct_gte_21.98114_SF_30m_current_range_pct_gte_12.1684,((1h_current_range_pct - 1h_previous_range_pct) >= 21.98 OR 30m_current_range_pct >= 12.17),ast,or_pair
270,54,98.18,41.11,3.5576,2.855,47.78,4.3474,3.2553,51.48,4.1845,2.6794,48.15,4.3795,2.1492,46.3,192.1096,-65.5258,6.1125,3.6235,1.4728,4.9287,SF_OR_SD_1h_current_return_pct_15m_current_return_pct_gte_9.24094_SF_30m_current_range_pct_gte_12.1684,((1h_current_return_pct - 15m_current_return_pct) >= 9.241 OR 30m_current_range_pct >= 12.17),ast,or_pair
270,54,98.18,41.11,3.5576,2.855,47.78,4.3474,3.2553,51.48,4.1845,2.6794,48.15,4.3795,2.1492,46.3,192.1096,-65.5258,6.1125,3.6235,1.4728,4.9287,SF_OR_SF_15m_current_body_pct_gte_13.6371_SF_30m_current_range_pct_gte_12.1684,(15m_current_body_pct >= 13.64 OR 30m_current_range_pct >= 12.17),ast,or_pair
270,54,98.18,41.11,3.5576,2.855,47.78,4.3474,3.2553,51.48,4.1845,2.6794,48.15,4.3795,2.1492,46.3,192.1096,-65.5258,6.1125,3.6235,1.4728,4.9287,SF_OR_SF_15m_current_return_pct_gte_10.127714_SF_30m_current_range_pct_gte_12.1684,(15m_current_return_pct >= 10.13 OR 30m_current_range_pct >= 12.17),ast,or_pair
270,54,98.18,41.11,3.5576,2.855,47.78,4.3474,3.2553,51.48,4.1845,2.6794,48.15,4.3795,2.1492,46.3,192.1096,-65.5258,6.1125,3.6235,1.4728,4.9287,SF_OR_SF_1h_current_return_pct_gte_18.082043_SF_30m_current_range_pct_gte_12.1684,(1h_current_return_pct >= 18.08 OR 30m_current_range_pct >= 12.17),ast,or_pair
270,54,98.18,41.11,3.5576,2.855,47.78,4.3474,3.2553,51.48,4.1845,2.6794,48.15,4.3795,2.1492,46.3,192.1096,-65.5258,6.1125,3.6235,1.4728,4.9287,SF_OR_SF_2h_current_range_pct_gte_44.892729_SF_30m_current_range_pct_gte_12.1684,(2h_current_range_pct >= 44.89 OR 30m_current_range_pct >= 12.17),ast,or_pair
270,54,98.18,41.11,3.5576,2.855,47.78,4.3474,3.2553,51.48,4.1845,2.6794,48.15,4.3795,2.1492,46.3,192.1096,-65.5258,6.1125,3.6235,1.4728,4.9287,SF_OR_SF_30m_current_body_pct_gte_15.970929_SF_30m_current_range_pct_gte_12.1684,(30m_current_body_pct >= 15.97 OR 30m_current_range_pct >= 12.17),ast,or_pair
270,54,98.18,41.11,3.5576,2.855,47.78,4.3474,3.2553,51.48,4.1845,2.6794,48.15,4.3795,2.1492,46.3,192.1096,-65.5258,6.1125,3.6235,1.4728,4.9287,SF_OR_SF_30m_current_range_pct_gte_12.1684_SF_15m_current_body_pct_gte_9.0914,(30m_current_range_pct >= 12.17 OR 15m_current_body_pct >= 9.091),ast,or_pair
270,54,98.18,41.11,3.5576,2.855,47.78,4.3474,3.2553,51.48,4.1845,2.6794,48.15,4.3795,2.1492,46.3,192.1096,-65.5258,6.1125,3.6235,1.4728,4.9287,SF_OR_SF_30m_current_range_pct_gte_12.1684_SF_30m_current_body_pct_gte_10.647286,(30m_current_range_pct >= 12.17 OR 30m_current_body_pct >= 10.65),ast,or_pair
270,54,98.18,41.11,3.5576,2.855,47.78,4.3474,3.2553,51.48,4.1845,2.6794,48.15,4.3795,2.1492,46.3,192.1096,-65.5258,6.1125,3.6235,1.4728,4.9287,SF_OR_SF_30m_current_range_pct_gte_22.8592_SF_30m_current_range_pct_gte_12.1684,(30m_current_range_pct >= 22.86 OR 30m_current_range_pct >= 12.17),ast,or_pair
270,54,98.18,41.11,3.5576,2.855,47.78,4.3474,3.2553,51.48,4.1845,2.6794,48.15,4.3795,2.1492,46.3,192.1096,-65.5258,6.1125,3.6235,1.4728,4.9287,SF_OR_SF_derived_range_expansion_gte_19.663914_SF_30m_current_range_pct_gte_12.1684,(derived_range_expansion >= 19.66 OR 30m_current_range_pct >= 12.17),ast,or_pair
270,54,98.18,30.0,3.4518,2.2779,40.74,4.6014,2.4556,44.44,4.5172,2.383,44.81,3.8127,1.7895,42.59,186.3986,-43.5208,6.9563,3.5158,1.1822,4.9205,SF_LIN2_5m_seq_high_break_6_15m_current_return_pct_1.0_1.0,linear(5m_seq_high_break_6*1.0+15m_current_return_pct*1.0),linear,linear_pair
270,54,98.18,30.0,3.4518,2.2779,40.74,4.6014,2.4556,44.44,4.5172,2.383,44.81,3.8127,1.7895,42.59,186.3986,-43.5208,6.9563,3.5158,1.1822,4.9205,SF_LIN2_5m_seq_high_break_6_15m_current_return_pct_2.0_1.0,linear(5m_seq_high_break_6*2.0+15m_current_return_pct*1.0),linear,linear_pair
270,54,98.18,30.0,3.4518,2.2779,40.74,4.6014,2.4556,44.44,4.5172,2.383,44.81,3.8127,1.7895,42.59,186.3986,-43.5208,6.9563,3.5158,1.1822,4.9205,SF_LIN2_range_expansion_15m_current_return_pct_1.0_1.0,linear(range_expansion*1.0+15m_current_return_pct*1.0),linear,linear_pair
270,54,98.18,30.0,3.4518,2.2779,40.74,4.6014,2.4556,44.44,4.5172,2.383,44.81,3.8127,1.7895,42.59,186.3986,-43.5208,6.9563,3.5158,1.1822,4.9205,SF_LIN2_range_expansion_15m_current_return_pct_2.0_1.0,linear(range_expansion*2.0+15m_current_return_pct*1.0),linear,linear_pair
270,54,98.18,30.0,3.4518,2.2779,40.74,4.6014,2.4556,44.44,4.5172,2.383,44.81,3.8127,1.7895,42.59,186.3986,-43.5208,6.9563,3.5158,1.1822,4.9205,SF_LIN_15m_current_return_pct_1_00,linear(15m_current_return_pct * 1.00),linear,linear_single
270,54,98.18,40.0,3.7196,2.9291,48.89,4.1616,3.2553,51.48,4.3338,2.7809,48.89,4.2814,2.1492,45.93,200.8596,-71.3638,6.3297,3.7886,1.3682,4.9165,SF_OR_SF_2h_current_body_pct_gte_27.479886_SF_derived_range_expansion_gte_19.663914,(2h_current_body_pct >= 27.48 OR derived_range_expansion >= 19.66),ast,or_pair
270,54,98.18,41.48,3.0117,2.62,45.93,3.5726,2.9626,49.63,3.4885,2.4963,47.41,3.7056,2.1492,46.3,162.6299,-94.1825,4.9961,3.0675,0.8141,4.8968,SF_ATOM_30,(1h_current_range_pct - 1h_previous_range_pct) >= 5.761,ast,atom
270,54,98.18,40.0,3.7714,2.9291,48.89,4.1423,3.1566,51.11,4.3284,2.7241,48.52,4.1888,2.1492,45.93,203.6541,-68.7622,6.3923,3.8413,1.4312,4.8772,SF_OR_SF_2h_current_body_pct_gte_20.609914_SF_2h_previous_return_pct_gte_26.298514,(2h_current_body_pct >= 20.61 OR 2h_previous_return_pct >= 26.3),ast,or_pair
270,54,98.18,40.0,3.8741,2.9291,48.89,4.2223,3.1566,51.11,4.4322,2.7809,48.89,4.2779,1.9779,45.56,209.2027,-71.3638,6.7223,3.9459,1.3859,4.8744,SF_OR_SF_2h_current_body_pct_gte_27.479886_SF_15m_current_ma20_distance_pct_gte_26.750886,(2h_current_body_pct >= 27.48 OR 15m_current_ma20_distance_pct >= 26.75),ast,or_pair
270,54,98.18,25.19,2.4936,1.6472,34.07,3.2791,1.4167,36.67,3.5042,1.583,40.37,3.7122,1.404,39.63,134.6568,-48.9037,5.6753,2.5398,0.569,4.8647,SF_LIN2_2h_current_volume_ratio_15m_current_return_pct_2.0_1.5,linear(2h_current_volume_ratio*2.0+15m_current_return_pct*1.5),linear,linear_pair
270,54,98.18,39.63,3.7204,2.9291,48.89,4.1129,3.1566,51.11,4.2222,2.7241,48.52,4.1521,1.9779,45.56,200.9005,-71.3638,6.3311,3.7894,1.3679,4.8442,SF_AND_SF_2h_current_body_pct_gte_20.609914_SF_2h_current_range_pct_gte_29.928486,(2h_current_body_pct >= 20.61 AND 2h_current_range_pct >= 29.93),ast,and_pair
270,54,98.18,39.63,3.7204,2.9291,48.89,4.1129,3.1566,51.11,4.2222,2.7241,48.52,4.1521,1.9779,45.56,200.9005,-71.3638,6.3311,3.7894,1.3679,4.8442,SF_AND_SF_2h_current_body_pct_gte_20.609914_SR_1h_current_range_pct_5m_compression_15262639999.999996,(2h_current_body_pct >= 20.61 AND 1h_current_range_pct/5m_compression >= 1.526e+10),ast,and_pair
270,54,98.18,39.63,3.7204,2.9291,48.89,4.1129,3.1566,51.11,4.2222,2.7241,48.52,4.1521,1.9779,45.56,200.9005,-71.3638,6.3311,3.7894,1.3679,4.8442,SF_AND_SF_2h_current_range_pct_gte_29.928486_SF_2h_current_body_pct_gte_13.739943,(2h_current_range_pct >= 29.93 AND 2h_current_body_pct >= 13.74),ast,and_pair
270,54,98.18,39.63,3.7204,2.9291,48.89,4.1129,3.1566,51.11,4.2222,2.7241,48.52,4.1521,1.9779,45.56,200.9005,-71.3638,6.3311,3.7894,1.3679,4.8442,SF_OR_SF_2h_current_body_pct_gte_27.479886_SD_1h_current_body_pct_1h_previous_body_pct_gte_18.78308,(2h_current_body_pct >= 27.48 OR (1h_current_body_pct - 1h_previous_body_pct) >= 18.78),ast,or_pair
270,54,98.18,39.63,3.7162,2.9291,48.89,4.0536,3.0746,50.74,4.198,2.6794,48.15,4.2639,1.8015,45.19,200.6743,-71.3638,6.3289,3.7851,1.3695,4.835,SF_AND_SF_2h_current_body_pct_gte_13.739943_SF_derived_range_expansion_gte_8.077786,(2h_current_body_pct >= 13.74 AND derived_range_expansion >= 8.078),ast,and_pair
270,54,98.18,40.0,3.6839,2.9291,48.89,4.2258,3.1566,51.11,4.2933,2.6794,48.15,4.2802,1.8015,45.19,198.9299,-71.3638,6.2492,3.7522,1.3833,4.8303,SF_AND_SF_2h_current_body_pct_gte_13.739943_SD_1h_current_range_pct_1h_previous_range_pct_gte_5.76056,(2h_current_body_pct >= 13.74 AND (1h_current_range_pct - 1h_previous_range_pct) >= 5.761),ast,and_pair
270,54,98.18,40.37,3.3111,2.8157,47.41,3.6166,2.9626,49.63,3.5136,2.4909,47.04,3.6572,1.7458,44.81,178.8019,-80.534,5.5433,3.3725,1.1339,4.8264,SF_OR_SF_15m_current_body_pct_gte_13.6371_SF_derived_range_expansion_gte_8.077786,(15m_current_body_pct >= 13.64 OR derived_range_expansion >= 8.078),ast,or_pair
270,54,98.18,40.37,3.3111,2.8157,47.41,3.6166,2.9626,49.63,3.5136,2.4909,47.04,3.6572,1.7458,44.81,178.8019,-80.534,5.5433,3.3725,1.1339,4.8264,SF_OR_SF_1h_current_ma20_distance_pct_gte_51.022186_SF_derived_range_expansion_gte_8.077786,(1h_current_ma20_distance_pct >= 51.02 OR derived_range_expansion >= 8.078),ast,or_pair
270,54,98.18,40.37,3.3111,2.8157,47.41,3.6166,2.9626,49.63,3.5136,2.4909,47.04,3.6572,1.7458,44.81,178.8019,-80.534,5.5433,3.3725,1.1339,4.8264,SF_OR_SF_30m_current_body_pct_gte_15.970929_SF_derived_range_expansion_gte_8.077786,(30m_current_body_pct >= 15.97 OR derived_range_expansion >= 8.078),ast,or_pair
270,54,98.18,40.37,3.3111,2.8157,47.41,3.6166,2.9626,49.63,3.5136,2.4909,47.04,3.6572,1.7458,44.81,178.8019,-80.534,5.5433,3.3725,1.1339,4.8264,SF_OR_SF_30m_current_range_pct_gte_22.8592_SF_derived_range_expansion_gte_8.077786,(30m_current_range_pct >= 22.86 OR derived_range_expansion >= 8.078),ast,or_pair
270,54,98.18,40.37,3.3111,2.8157,47.41,3.6166,2.9626,49.63,3.5136,2.4909,47.04,3.6572,1.7458,44.81,178.8019,-80.534,5.5433,3.3725,1.1339,4.8264,SF_OR_SF_derived_range_expansion_gte_8.077786_SF_30m_current_body_pct_gte_10.647286,(derived_range_expansion >= 8.078 OR 30m_current_body_pct >= 10.65),ast,or_pair
270,54,98.18,34.81,1.4347,1.2816,34.44,2.1453,0.5059,38.52,2.5794,0.5369,40.37,3.4957,-0.0781,40.74,77.4748,-58.2996,2.5522,1.4613,0.7286,4.8074,SF_LIN2_5m_seq_high_break_6_5m_range_energy_1.0_1.0,linear(5m_seq_high_break_6*1.0+5m_range_energy*1.0),linear,linear_pair
270,54,98.18,34.81,1.4347,1.2816,34.44,2.1453,0.5059,38.52,2.5794,0.5369,40.37,3.4957,-0.0781,40.74,77.4748,-58.2996,2.5522,1.4613,0.7286,4.8074,SF_LIN2_5m_seq_high_break_6_5m_range_energy_2.0_1.0,linear(5m_seq_high_break_6*2.0+5m_range_energy*1.0),linear,linear_pair
270,54,98.18,34.81,1.4347,1.2816,34.44,2.1453,0.5059,38.52,2.5794,0.5369,40.37,3.4957,-0.0781,40.74,77.4748,-58.2996,2.5522,1.4613,0.7286,4.8074,SF_LIN2_range_expansion_5m_range_energy_1.0_1.0,linear(range_expansion*1.0+5m_range_energy*1.0),linear,linear_pair
270,54,98.18,34.81,1.4347,1.2816,34.44,2.1453,0.5059,38.52,2.5794,0.5369,40.37,3.4957,-0.0781,40.74,77.4748,-58.2996,2.5522,1.4613,0.7286,4.8074,SF_LIN2_range_expansion_5m_range_energy_2.0_1.0,linear(range_expansion*2.0+5m_range_energy*1.0),linear,linear_pair
270,54,98.18,34.81,1.4347,1.2816,34.44,2.1453,0.5059,38.52,2.5794,0.5369,40.37,3.4957,-0.0781,40.74,77.4748,-58.2996,2.5522,1.4613,0.7286,4.8074,SF_LIN_5m_range_energy_1_00,linear(5m_range_energy * 1.00),linear,linear_single
270,54,98.18,41.11,3.2221,2.7789,47.04,4.118,3.2553,51.48,4.0559,2.6794,48.15,4.3418,1.9779,46.3,173.9957,-77.7299,5.2563,3.2818,1.2041,4.8031,SF_OR_SF_2h_current_body_pct_gte_13.739943_SF_30m_current_range_pct_gte_12.1684,(2h_current_body_pct >= 13.74 OR 30m_current_range_pct >= 12.17),ast,or_pair
270,54,98.18,37.04,3.0955,1.8416,38.52,3.8662,1.7793,40.74,3.6664,1.6808,40.74,3.6931,1.5266,40.37,167.1577,-47.5174,5.4663,3.1529,1.2979,4.7994,SF_LIN2_range_expansion_2h_current_compression_1.0_0.5,linear(range_expansion*1.0+2h_current_compression*0.5),linear,linear_pair
270,54,98.18,37.04,3.0955,1.8416,38.52,3.8662,1.7793,40.74,3.6664,1.6808,40.74,3.6931,1.5266,40.37,167.1577,-47.5174,5.4663,3.1529,1.2979,4.7994,SF_LIN2_range_expansion_2h_current_compression_2.0_0.5,linear(range_expansion*2.0+2h_current_compression*0.5),linear,linear_pair
270,54,98.18,37.04,3.0955,1.8416,38.52,3.8662,1.7793,40.74,3.6664,1.6808,40.74,3.6931,1.5266,40.37,167.1577,-47.5174,5.4663,3.1529,1.2979,4.7994,SF_LIN_2h_current_compression_0_50,linear(2h_current_compression * 0.50),linear,linear_single
270,54,98.18,35.19,3.1246,1.8871,39.26,3.4877,2.1394,41.85,4.1396,1.6903,43.33,5.0579,1.4375,41.85,168.728,-40.7409,6.0063,3.1825,1.3909,4.7988,SF_LIN_15m_current_body_pct_m0_50,linear(15m_current_body_pct * -0.50),linear,linear_single
270,54,98.18,40.0,3.4903,2.8971,48.52,4.1845,3.295,51.85,4.2602,2.7241,48.52,4.2356,1.8015,45.56,188.4776,-71.3638,5.8056,3.555,1.3633,4.7982,SF_OR_SD_1h_current_range_pct_1h_previous_range_pct_gte_21.98114_SF_2h_current_body_pct_gte_13.739943,((1h_current_range_pct - 1h_previous_range_pct) >= 21.98 OR 2h_current_body_pct >= 13.74),ast,or_pair
270,54,98.18,40.0,3.4903,2.8971,48.52,4.1845,3.295,51.85,4.2602,2.7241,48.52,4.2356,1.8015,45.56,188.4776,-71.3638,5.8056,3.555,1.3633,4.7982,SF_OR_SF_2h_current_body_pct_gte_13.739943_SF_2h_current_range_pct_gte_44.892729,(2h_current_body_pct >= 13.74 OR 2h_current_range_pct >= 44.89),ast,or_pair
270,54,98.18,40.0,3.4903,2.8971,48.52,4.1845,3.295,51.85,4.2602,2.7241,48.52,4.2356,1.8015,45.56,188.4776,-71.3638,5.8056,3.555,1.3633,4.7982,SF_OR_SF_derived_range_expansion_gte_19.663914_SF_2h_current_body_pct_gte_13.739943,(derived_range_expansion >= 19.66 OR 2h_current_body_pct >= 13.74),ast,or_pair
270,54,98.18,35.56,1.5952,1.1797,34.44,2.157,0.6899,37.78,2.6858,0.746,40.74,3.8626,1.1728,41.11,86.1402,-57.5782,2.7702,1.6248,0.7856,4.7927,SF_LIN2_1h_current_volume_ratio_5m_range_energy_2.0_1.0,linear(1h_current_volume_ratio*2.0+5m_range_energy*1.0),linear,linear_pair
270,54,98.18,40.37,3.7586,2.9291,48.89,4.1497,3.2553,51.48,4.4085,2.7809,48.89,4.2951,2.1492,45.93,202.9622,-71.3638,6.3683,3.8283,1.4162,4.7622,SF_OR_SD_1h_current_range_pct_1h_previous_range_pct_gte_21.98114_SF_2h_current_body_pct_gte_20.609914,((1h_current_range_pct - 1h_previous_range_pct) >= 21.98 OR 2h_current_body_pct >= 20.61),ast,or_pair
270,54,98.18,40.37,3.7586,2.9291,48.89,4.1497,3.2553,51.48,4.4085,2.7809,48.89,4.2951,2.1492,45.93,202.9622,-71.3638,6.3683,3.8283,1.4162,4.7622,SF_OR_SF_2h_current_body_pct_gte_20.609914_SF_2h_current_range_pct_gte_44.892729,(2h_current_body_pct >= 20.61 OR 2h_current_range_pct >= 44.89),ast,or_pair
270,54,98.18,40.37,3.7586,2.9291,48.89,4.1497,3.2553,51.48,4.4085,2.7809,48.89,4.2951,2.1492,45.93,202.9622,-71.3638,6.3683,3.8283,1.4162,4.7622,SF_OR_SF_2h_current_body_pct_gte_20.609914_SF_derived_range_expansion_gte_19.663914,(2h_current_body_pct >= 20.61 OR derived_range_expansion >= 19.66),ast,or_pair
270,54,98.18,41.48,3.5375,2.8157,47.41,4.4616,3.3166,52.22,4.3665,2.6794,48.15,4.5761,2.1492,46.3,191.0242,-67.445,6.0494,3.6031,1.4671,4.7593,SF_OR_SF_15m_current_ma20_distance_pct_gte_17.364729_SF_30m_current_range_pct_gte_12.1684,(15m_current_ma20_distance_pct >= 17.36 OR 30m_current_range_pct >= 12.17),ast,or_pair
270,54,98.18,41.48,3.5965,2.855,47.78,4.3354,3.2553,51.48,4.2592,2.6794,48.15,4.3932,2.1492,46.3,194.2122,-65.5258,6.1517,3.6632,1.527,4.7434,SF_OR_SF_15m_current_ma20_distance_pct_gte_26.750886_SF_30m_current_range_pct_gte_12.1684,(15m_current_ma20_distance_pct >= 26.75 OR 30m_current_range_pct >= 12.17),ast,or_pair
270,54,98.18,41.48,3.5965,2.855,47.78,4.3354,3.2553,51.48,4.2592,2.6794,48.15,4.3932,2.1492,46.3,194.2122,-65.5258,6.1517,3.6632,1.527,4.7434,SF_OR_SF_30m_current_range_pct_gte_12.1684_SF_30m_previous_ma20_distance_pct_gte_39.165157,(30m_current_range_pct >= 12.17 OR 30m_previous_ma20_distance_pct >= 39.17),ast,or_pair
270,54,98.18,36.3,1.8766,1.3256,35.19,2.6488,0.8124,38.52,3.1329,0.9451,40.74,4.0881,0.4061,41.11,101.3345,-53.9578,3.1101,1.9114,0.9448,4.7412,SF_LIN2_5m_seq_high_break_6_5m_range_energy_1.0_0.5,linear(5m_seq_high_break_6*1.0+5m_range_energy*0.5),linear,linear_pair
270,54,98.18,36.3,1.8766,1.3256,35.19,2.6488,0.8124,38.52,3.1329,0.9451,40.74,4.0881,0.4061,41.11,101.3345,-53.9578,3.1101,1.9114,0.9448,4.7412,SF_LIN2_5m_seq_high_break_6_5m_range_energy_2.0_0.5,linear(5m_seq_high_break_6*2.0+5m_range_energy*0.5),linear,linear_pair
270,54,98.18,36.3,1.8766,1.3256,35.19,2.6488,0.8124,38.52,3.1329,0.9451,40.74,4.0881,0.4061,41.11,101.3345,-53.9578,3.1101,1.9114,0.9448,4.7412,SF_LIN2_range_expansion_5m_range_energy_1.0_0.5,linear(range_expansion*1.0+5m_range_energy*0.5),linear,linear_pair
270,54,98.18,36.3,1.8766,1.3256,35.19,2.6488,0.8124,38.52,3.1329,0.9451,40.74,4.0881,0.4061,41.11,101.3345,-53.9578,3.1101,1.9114,0.9448,4.7412,SF_LIN2_range_expansion_5m_range_energy_2.0_0.5,linear(range_expansion*2.0+5m_range_energy*0.5),linear,linear_pair
270,54,98.18,36.3,1.8766,1.3256,35.19,2.6488,0.8124,38.52,3.1329,0.9451,40.74,4.0881,0.4061,41.11,101.3345,-53.9578,3.1101,1.9114,0.9448,4.7412,SF_LIN_5m_range_energy_0_50,linear(5m_range_energy * 0.50),linear,linear_single
270,54,98.18,40.0,3.6042,2.8971,48.52,3.9128,3.0746,50.74,3.9014,2.6395,47.78,3.9773,1.7458,44.81,194.6274,-71.3638,6.0589,3.671,1.3836,4.7309,SF_AND_SF_derived_range_expansion_gte_8.077786_SR_1h_current_range_pct_5m_compression_15262639999.999996,(derived_range_expansion >= 8.078 AND 1h_current_range_pct/5m_compression >= 1.526e+10),ast,and_pair
270,54,98.18,39.63,3.4911,2.8971,48.52,4.1358,3.2553,51.48,4.1485,2.6794,48.15,4.1064,1.7458,45.19,188.5186,-71.3638,5.8069,3.5558,1.3628,4.727,SF_AND_SF_2h_current_body_pct_gte_13.739943_SF_2h_current_range_pct_gte_14.964243,(2h_current_body_pct >= 13.74 AND 2h_current_range_pct >= 14.96),ast,and_pair
270,54,98.18,39.63,3.4911,2.8971,48.52,4.1358,3.2553,51.48,4.1485,2.6794,48.15,4.1064,1.7458,45.19,188.5186,-71.3638,5.8069,3.5558,1.3628,4.727,SF_ATOM_15,2h_current_body_pct >= 13.74,ast,atom
270,54,98.18,39.63,3.4911,2.8971,48.52,4.1358,3.2553,51.48,4.1485,2.6794,48.15,4.1064,1.7458,45.19,188.5186,-71.3638,5.8069,3.5558,1.3628,4.727,SF_OR_SD_1h_current_return_pct_15m_current_return_pct_gte_9.24094_SF_2h_current_body_pct_gte_13.739943,((1h_current_return_pct - 15m_current_return_pct) >= 9.241 OR 2h_current_body_pct >= 13.74),ast,or_pair
270,54,98.18,39.63,3.4911,2.8971,48.52,4.1358,3.2553,51.48,4.1485,2.6794,48.15,4.1064,1.7458,45.19,188.5186,-71.3638,5.8069,3.5558,1.3628,4.727,SF_OR_SF_15m_current_ma20_distance_pct_gte_26.750886_SF_2h_current_body_pct_gte_13.739943,(15m_current_ma20_distance_pct >= 26.75 OR 2h_current_body_pct >= 13.74),ast,or_pair
270,54,98.18,39.63,3.4911,2.8971,48.52,4.1358,3.2553,51.48,4.1485,2.6794,48.15,4.1064,1.7458,45.19,188.5186,-71.3638,5.8069,3.5558,1.3628,4.727,SF_OR_SF_15m_current_return_pct_gte_10.127714_SF_2h_current_body_pct_gte_13.739943,(15m_current_return_pct >= 10.13 OR 2h_current_body_pct >= 13.74),ast,or_pair
270,54,98.18,39.63,3.4911,2.8971,48.52,4.1358,3.2553,51.48,4.1485,2.6794,48.15,4.1064,1.7458,45.19,188.5186,-71.3638,5.8069,3.5558,1.3628,4.727,SF_OR_SF_1h_current_return_pct_gte_18.082043_SF_2h_current_body_pct_gte_13.739943,(1h_current_return_pct >= 18.08 OR 2h_current_body_pct >= 13.74),ast,or_pair
270,54,98.18,39.63,3.4911,2.8971,48.52,4.1358,3.2553,51.48,4.1485,2.6794,48.15,4.1064,1.7458,45.19,188.5186,-71.3638,5.8069,3.5558,1.3628,4.727,SF_OR_SF_1h_current_return_pct_gte_8.969214_SF_2h_current_body_pct_gte_13.739943,(1h_current_return_pct >= 8.969 OR 2h_current_body_pct >= 13.74),ast,or_pair
270,54,98.18,39.63,3.4911,2.8971,48.52,4.1358,3.2553,51.48,4.1485,2.6794,48.15,4.1064,1.7458,45.19,188.5186,-71.3638,5.8069,3.5558,1.3628,4.727,SF_OR_SF_2h_current_body_pct_gte_13.739943_SD_1h_current_body_pct_1h_previous_body_pct_gte_18.78308,(2h_current_body_pct >= 13.74 OR (1h_current_body_pct - 1h_previous_body_pct) >= 18.78),ast,or_pair
270,54,98.18,39.63,3.4911,2.8971,48.52,4.1358,3.2553,51.48,4.1485,2.6794,48.15,4.1064,1.7458,45.19,188.5186,-71.3638,5.8069,3.5558,1.3628,4.727,SF_OR_SF_2h_current_body_pct_gte_20.609914_SF_2h_current_body_pct_gte_13.739943,(2h_current_body_pct >= 20.61 OR 2h_current_body_pct >= 13.74),ast,or_pair
270,54,98.18,39.63,3.4911,2.8971,48.52,4.1358,3.2553,51.48,4.1485,2.6794,48.15,4.1064,1.7458,45.19,188.5186,-71.3638,5.8069,3.5558,1.3628,4.727,SF_OR_SF_2h_current_body_pct_gte_27.479886_SF_2h_current_body_pct_gte_13.739943,(2h_current_body_pct >= 27.48 OR 2h_current_body_pct >= 13.74),ast,or_pair
270,54,98.18,41.11,3.6036,2.8756,48.15,4.3705,3.2553,51.48,4.1973,2.6794,48.15,4.3727,2.1492,45.93,194.5924,-65.5258,6.2088,3.6704,1.5313,4.724,SF_AND_SF_30m_current_range_pct_gte_12.1684_SF_2h_current_range_pct_gte_14.964243,(30m_current_range_pct >= 12.17 AND 2h_current_range_pct >= 14.96),ast,and_pair
270,54,98.18,40.74,3.5544,2.8971,48.52,4.081,3.1566,51.11,4.0387,2.6794,48.15,4.0683,1.8015,45.19,191.9394,-71.3638,5.9489,3.6203,1.415,4.7069,SF_AND_SR_1h_current_range_pct_5m_compression_15262639999.999996_SD_1h_current_range_pct_1h_previous_range_pct_gte_5.76056,(1h_current_range_pct/5m_compression >= 1.526e+10 AND (1h_current_range_pct - 1h_previous_range_pct) >= 5.761),ast,and_pair
270,54,98.18,31.85,2.688,2.4444,42.59,2.8315,2.5915,47.04,2.66,2.4196,45.19,3.4931,1.7295,43.7,145.1513,-42.8132,6.4371,2.7378,1.3438,4.6941,SF_NOT_SF_1h_current_return_pct_gte_8.969214,NOT (1h_current_return_pct >= 8.969),ast,not
270,54,98.18,40.0,3.7593,2.9291,48.89,4.1009,3.1566,51.11,4.2968,2.7241,48.52,4.1658,1.9779,45.56,203.0031,-71.3638,6.3697,3.829,1.4159,4.6899,SF_AND_SF_2h_current_body_pct_gte_20.609914_SF_2h_current_body_pct_gte_13.739943,(2h_current_body_pct >= 20.61 AND 2h_current_body_pct >= 13.74),ast,and_pair
270,54,98.18,40.0,3.7593,2.9291,48.89,4.1009,3.1566,51.11,4.2968,2.7241,48.52,4.1658,1.9779,45.56,203.0031,-71.3638,6.3697,3.829,1.4159,4.6899,SF_AND_SF_2h_current_body_pct_gte_20.609914_SF_2h_current_range_pct_gte_14.964243,(2h_current_body_pct >= 20.61 AND 2h_current_range_pct >= 14.96),ast,and_pair
270,54,98.18,40.0,3.7593,2.9291,48.89,4.1009,3.1566,51.11,4.2968,2.7241,48.52,4.1658,1.9779,45.56,203.0031,-71.3638,6.3697,3.829,1.4159,4.6899,SF_ATOM_9,2h_current_body_pct >= 20.61,ast,atom
270,54,98.18,40.0,3.7593,2.9291,48.89,4.1009,3.1566,51.11,4.2968,2.7241,48.52,4.1658,1.9779,45.56,203.0031,-71.3638,6.3697,3.829,1.4159,4.6899,SF_ORAND_SF_2h_current_body_pct_gte_20.609914,(2h_current_body_pct >= 20.61 OR (2h_previous_body_pct >= 34.35 AND 2h_current_body_pct >= 20.61)),ast,or_and
270,54,98.18,40.0,3.7593,2.9291,48.89,4.1009,3.1566,51.11,4.2968,2.7241,48.52,4.1658,1.9779,45.56,203.0031,-71.3638,6.3697,3.829,1.4159,4.6899,SF_OR_SD_1h_current_return_pct_15m_current_return_pct_gte_9.24094_SF_2h_current_body_pct_gte_20.609914,((1h_current_return_pct - 15m_current_return_pct) >= 9.241 OR 2h_current_body_pct >= 20.61),ast,or_pair
270,54,98.18,40.0,3.7593,2.9291,48.89,4.1009,3.1566,51.11,4.2968,2.7241,48.52,4.1658,1.9779,45.56,203.0031,-71.3638,6.3697,3.829,1.4159,4.6899,SF_OR_SF_15m_current_ma20_distance_pct_gte_26.750886_SF_2h_current_body_pct_gte_20.609914,(15m_current_ma20_distance_pct >= 26.75 OR 2h_current_body_pct >= 20.61),ast,or_pair
270,54,98.18,40.0,3.7593,2.9291,48.89,4.1009,3.1566,51.11,4.2968,2.7241,48.52,4.1658,1.9779,45.56,203.0031,-71.3638,6.3697,3.829,1.4159,4.6899,SF_OR_SF_15m_current_return_pct_gte_10.127714_SF_2h_current_body_pct_gte_20.609914,(15m_current_return_pct >= 10.13 OR 2h_current_body_pct >= 20.61),ast,or_pair
270,54,98.18,40.0,3.7593,2.9291,48.89,4.1009,3.1566,51.11,4.2968,2.7241,48.52,4.1658,1.9779,45.56,203.0031,-71.3638,6.3697,3.829,1.4159,4.6899,SF_OR_SF_1h_current_return_pct_gte_18.082043_SF_2h_current_body_pct_gte_20.609914,(1h_current_return_pct >= 18.08 OR 2h_current_body_pct >= 20.61),ast,or_pair
270,54,98.18,40.0,3.7593,2.9291,48.89,4.1009,3.1566,51.11,4.2968,2.7241,48.52,4.1658,1.9779,45.56,203.0031,-71.3638,6.3697,3.829,1.4159,4.6899,SF_OR_SF_1h_current_return_pct_gte_8.969214_SF_2h_current_body_pct_gte_20.609914,(1h_current_return_pct >= 8.969 OR 2h_current_body_pct >= 20.61),ast,or_pair
270,54,98.18,40.0,3.7593,2.9291,48.89,4.1009,3.1566,51.11,4.2968,2.7241,48.52,4.1658,1.9779,45.56,203.0031,-71.3638,6.3697,3.829,1.4159,4.6899,SF_OR_SF_2h_current_body_pct_gte_20.609914_SD_1h_current_body_pct_1h_previous_body_pct_gte_18.78308,(2h_current_body_pct >= 20.61 OR (1h_current_body_pct - 1h_previous_body_pct) >= 18.78),ast,or_pair
270,54,98.18,40.0,3.7593,2.9291,48.89,4.1009,3.1566,51.11,4.2968,2.7241,48.52,4.1658,1.9779,45.56,203.0031,-71.3638,6.3697,3.829,1.4159,4.6899,SF_OR_SF_2h_current_body_pct_gte_20.609914_SF_2h_previous_body_pct_gte_34.349857,(2h_current_body_pct >= 20.61 OR 2h_previous_body_pct >= 34.35),ast,or_pair
270,54,98.18,40.0,3.7593,2.9291,48.89,4.1009,3.1566,51.11,4.2968,2.7241,48.52,4.1658,1.9779,45.56,203.0031,-71.3638,6.3697,3.829,1.4159,4.6899,SF_OR_SF_2h_current_body_pct_gte_27.479886_SF_2h_current_body_pct_gte_20.609914,(2h_current_body_pct >= 27.48 OR 2h_current_body_pct >= 20.61),ast,or_pair
270,54,98.18,40.37,3.6249,2.8971,48.52,3.9511,3.0746,50.74,4.073,2.6395,47.78,3.9366,1.7458,44.81,195.7452,-67.445,6.0505,3.6921,1.4873,4.6845,SF_OR_SF_2h_current_body_pct_gte_20.609914_SF_30m_current_body_pct_gte_10.647286,(2h_current_body_pct >= 20.61 OR 30m_current_body_pct >= 10.65),ast,or_pair
270,54,98.18,29.63,2.5326,1.6115,34.81,2.8987,1.3087,40.74,2.9934,1.3834,39.26,3.0626,1.0696,39.26,136.7607,-66.6787,5.1337,2.5795,0.4596,4.6819,SF_LIN2_1h_previous_return_pct_15m_current_return_pct_1.0_1.5,linear(1h_previous_return_pct*1.0+15m_current_return_pct*1.5),linear,linear_pair
270,54,98.18,30.37,2.425,1.2816,32.96,3.1878,1.2636,40.74,3.2633,0.9223,40.37,3.8039,0.7266,41.11,130.9519,-52.174,4.8773,2.47,0.6999,4.6766,SF_LIN2_1h_previous_return_pct_15m_current_return_pct_2.0_1.5,linear(1h_previous_return_pct*2.0+15m_current_return_pct*1.5),linear,linear_pair
270,54,98.18,40.74,3.3501,2.8157,47.41,3.6046,2.9626,49.63,3.5883,2.4909,47.04,3.6709,1.7458,44.81,180.9045,-80.534,5.5841,3.4122,1.181,4.6766,SF_OR_SF_derived_range_expansion_gte_8.077786_SF_30m_previous_ma20_distance_pct_gte_39.165157,(derived_range_expansion >= 8.078 OR 30m_previous_ma20_distance_pct >= 39.17),ast,or_pair
270,54,98.18,40.74,3.2434,2.855,47.78,3.7343,3.0112,50.0,3.5847,2.5507,47.41,3.8083,1.8015,45.19,175.1425,-79.6491,5.3703,3.3035,1.2074,4.6751,SF_OR_SF_2h_current_range_pct_gte_29.928486_SF_derived_range_expansion_gte_8.077786,(2h_current_range_pct >= 29.93 OR derived_range_expansion >= 8.078),ast,or_pair
270,54,98.18,26.67,2.892,1.7711,34.07,3.5305,1.8721,38.89,4.0427,1.6958,41.48,4.226,1.4255,40.0,156.1679,-38.6257,6.5052,2.9456,0.8992,4.657,SF_LIN2_1h_current_volume_ratio_15m_current_return_pct_2.0_1.5,linear(1h_current_volume_ratio*2.0+15m_current_return_pct*1.5),linear,linear_pair
270,54,98.18,41.85,3.5907,2.855,47.78,4.482,3.295,51.85,4.4581,2.7241,48.52,4.5247,2.1492,46.3,193.898,-67.445,6.1406,3.6573,1.5209,4.6542,SF_OR_SF_30m_current_range_pct_gte_12.1684_SD_2h_current_return_pct_1h_current_return_pct_gte_13.61786,(30m_current_range_pct >= 12.17 OR (2h_current_return_pct - 1h_current_return_pct) >= 13.62),ast,or_pair
270,54,98.18,33.7,2.5814,1.7812,37.41,3.3553,1.6223,41.11,3.7206,1.9122,43.7,3.7653,1.3509,42.22,139.3979,-55.6324,4.7203,2.6293,0.9641,4.6127,SF_LIN2_15m_current_return_pct_5m_range_energy_2.0_0.5,linear(15m_current_return_pct*2.0+5m_range_energy*0.5),linear,linear_pair
270,54,98.18,34.81,1.4136,1.1789,33.7,2.1498,0.3752,38.52,2.6187,0.5369,40.74,3.6386,0.4061,41.85,76.3362,-58.2996,2.5152,1.4398,0.7401,4.5956,SF_LIN2_5m_seq_high_break_6_5m_range_energy_1.0_1.5,linear(5m_seq_high_break_6*1.0+5m_range_energy*1.5),linear,linear_pair
270,54,98.18,34.81,1.4136,1.1789,33.7,2.1498,0.3752,38.52,2.6187,0.5369,40.74,3.6386,0.4061,41.85,76.3362,-58.2996,2.5152,1.4398,0.7401,4.5956,SF_LIN2_5m_seq_high_break_6_5m_range_energy_2.0_1.5,linear(5m_seq_high_break_6*2.0+5m_range_energy*1.5),linear,linear_pair
270,54,98.18,34.81,1.4136,1.1789,33.7,2.1498,0.3752,38.52,2.6187,0.5369,40.74,3.6386,0.4061,41.85,76.3362,-58.2996,2.5152,1.4398,0.7401,4.5956,SF_LIN2_range_expansion_5m_range_energy_1.0_1.5,linear(range_expansion*1.0+5m_range_energy*1.5),linear,linear_pair
270,54,98.18,34.81,1.4136,1.1789,33.7,2.1498,0.3752,38.52,2.6187,0.5369,40.74,3.6386,0.4061,41.85,76.3362,-58.2996,2.5152,1.4398,0.7401,4.5956,SF_LIN2_range_expansion_5m_range_energy_2.0_1.5,linear(range_expansion*2.0+5m_range_energy*1.5),linear,linear_pair
270,54,98.18,34.81,1.4136,1.1789,33.7,2.1498,0.3752,38.52,2.6187,0.5369,40.74,3.6386,0.4061,41.85,76.3362,-58.2996,2.5152,1.4398,0.7401,4.5956,SF_LIN_5m_range_energy_1_50,linear(5m_range_energy * 1.50),linear,linear_single
270,54,98.18,40.0,3.5966,2.9291,48.89,4.1649,3.1566,51.11,4.1867,2.6794,48.15,4.1049,1.8015,45.19,194.2157,-71.3638,6.0292,3.6633,1.4318,4.5616,SF_AND_SF_2h_current_body_pct_gte_13.739943_SR_1h_current_range_pct_5m_compression_15262639999.999996,(2h_current_body_pct >= 13.74 AND 1h_current_range_pct/5m_compression >= 1.526e+10),ast,and_pair
270,54,98.18,40.37,3.2238,2.8157,47.41,3.5557,2.9626,49.63,3.407,2.4909,47.04,3.4819,1.7458,44.81,174.0876,-80.534,5.337,3.2836,1.1838,4.5507,SF_OR_SF_derived_range_expansion_gte_8.077786_SF_15m_current_body_pct_gte_9.0914,(derived_range_expansion >= 8.078 OR 15m_current_body_pct >= 9.091),ast,or_pair
270,54,98.18,34.07,1.3882,1.0403,33.7,1.8856,0.0693,35.93,2.4187,0.3054,40.37,3.5059,0.3085,40.0,74.9645,-60.2287,2.4567,1.4139,0.681,4.5426,SF_LIN2_2h_current_volume_ratio_5m_range_energy_1.0_1.5,linear(2h_current_volume_ratio*1.0+5m_range_energy*1.5),linear,linear_pair
270,54,98.18,40.0,3.4226,2.8971,48.52,4.0996,3.2553,51.11,4.1518,2.7241,48.52,4.052,1.7295,44.81,184.819,-77.7299,5.6484,3.486,1.2872,4.5218,SF_OR_SF_1h_current_ma20_distance_pct_gte_35.705329_SF_2h_current_body_pct_gte_13.739943,(1h_current_ma20_distance_pct >= 35.71 OR 2h_current_body_pct >= 13.74),ast,or_pair
270,54,98.18,39.63,3.5168,2.8971,48.52,4.1741,3.295,51.85,4.1586,2.6395,47.78,3.8916,1.6536,44.44,189.9068,-71.3638,5.871,3.582,1.4066,4.5157,SF_OR_SF_2h_current_body_pct_gte_13.739943_SF_15m_current_ma20_distance_pct_gte_17.364729,(2h_current_body_pct >= 13.74 OR 15m_current_ma20_distance_pct >= 17.36),ast,or_pair
270,54,98.18,41.11,3.1423,2.7649,46.67,3.667,2.9267,49.26,3.4535,2.4836,46.67,3.5408,1.7458,44.81,169.6816,-80.534,5.1801,3.2006,1.1863,4.5138,SF_OR_SF_derived_range_expansion_gte_8.077786_SR_1h_current_range_pct_5m_compression_15262639999.999996,(derived_range_expansion >= 8.078 OR 1h_current_range_pct/5m_compression >= 1.526e+10),ast,or_pair
270,54,98.18,25.93,1.9113,1.1921,31.11,2.5926,1.3069,35.19,2.933,1.2129,37.41,3.3071,1.2433,39.63,103.2111,-47.6848,4.173,1.9467,0.5445,4.4904,SF_LIN2_2h_current_volume_ratio_15m_current_return_pct_2.0_0.5,linear(2h_current_volume_ratio*2.0+15m_current_return_pct*0.5),linear,linear_pair
270,54,98.18,31.11,3.1928,2.2779,40.74,3.9322,2.3769,43.7,4.0853,2.4848,45.56,3.6153,2.0795,42.22,172.4095,-45.1295,6.2839,3.252,1.2686,4.4719,SF_LIN2_30m_current_body_pct_15m_current_return_pct_1.0_1.5,linear(30m_current_body_pct*1.0+15m_current_return_pct*1.5),linear,linear_pair
270,54,98.18,26.3,2.1475,1.2611,30.74,2.61,1.0135,34.44,2.2614,0.7969,36.3,1.7857,0.4587,34.81,115.9652,-33.4325,4.5909,2.1873,0.8495,4.4615,SF_LIN_30m_current_body_pct_m0_50,linear(30m_current_body_pct * -0.50),linear,linear_single
270,54,98.18,41.11,3.1937,2.7789,47.04,3.8522,2.9626,49.63,3.6833,2.4836,46.67,3.9955,1.8015,45.56,172.4593,-80.534,5.2203,3.2529,1.2311,4.3792,SF_OR_SF_derived_range_expansion_gte_8.077786_SF_30m_current_range_pct_gte_12.1684,(derived_range_expansion >= 8.078 OR 30m_current_range_pct >= 12.17),ast,or_pair
270,54,98.18,35.56,1.4963,0.8731,33.7,2.2062,-0.0275,37.78,2.6462,0.2055,39.63,4.1075,1.104,40.74,80.799,-57.5782,2.5904,1.524,0.8444,4.3211,SF_LIN2_1h_current_volume_ratio_5m_range_energy_2.0_1.5,linear(1h_current_volume_ratio*2.0+5m_range_energy*1.5),linear,linear_pair
270,54,98.18,40.74,3.2631,2.7789,47.04,3.564,2.9626,49.63,3.6247,2.5507,47.41,3.7644,1.8015,45.19,176.2074,-86.9502,5.4624,3.3236,1.1069,4.3054,SF_OR_SF_2h_previous_ma20_distance_pct_gte_65.594714_SF_derived_range_expansion_gte_8.077786,(2h_previous_ma20_distance_pct >= 65.59 OR derived_range_expansion >= 8.078),ast,or_pair
270,54,98.18,33.33,3.0656,1.643,36.67,3.611,1.6223,39.26,3.2745,1.612,39.63,3.3939,1.2903,37.78,165.5409,-34.1284,5.5568,3.1224,1.4406,4.3038,SF_LIN2_range_expansion_2h_current_compression_1.0_1.5,linear(range_expansion*1.0+2h_current_compression*1.5),linear,linear_pair
270,54,98.18,33.33,3.0656,1.643,36.67,3.611,1.6223,39.26,3.2745,1.612,39.63,3.3939,1.2903,37.78,165.5409,-34.1284,5.5568,3.1224,1.4406,4.3038,SF_LIN2_range_expansion_2h_current_compression_2.0_1.5,linear(range_expansion*2.0+2h_current_compression*1.5),linear,linear_pair
270,54,98.18,40.37,3.8055,2.8971,48.52,4.2821,3.295,51.85,4.3549,2.6794,48.15,4.3254,1.7458,44.81,205.4962,-67.445,6.6498,3.876,1.5809,4.2707,SF_OR_SF_15m_current_ma20_distance_pct_gte_17.364729_SF_30m_current_body_pct_gte_10.647286,(15m_current_ma20_distance_pct >= 17.36 OR 30m_current_body_pct >= 10.65),ast,or_pair
270,54,98.18,31.85,3.0137,1.5316,35.19,3.4748,1.5085,37.04,3.2543,1.3937,37.41,3.3565,1.1023,35.56,162.7377,-36.233,5.5475,3.0696,1.2837,4.2703,SF_LIN2_2h_current_compression_5m_seq_high_break_6_2.0_0.5,linear(2h_current_compression*2.0+5m_seq_high_break_6*0.5),linear,linear_pair
270,54,98.18,31.85,3.0137,1.5316,35.19,3.4748,1.5085,37.04,3.2543,1.3937,37.41,3.3565,1.1023,35.56,162.7377,-36.233,5.5475,3.0696,1.2837,4.2703,SF_LIN2_2h_current_compression_5m_seq_high_break_6_2.0_1.0,linear(2h_current_compression*2.0+5m_seq_high_break_6*1.0),linear,linear_pair
270,54,98.18,31.85,3.0137,1.5316,35.19,3.4748,1.5085,37.04,3.2543,1.3937,37.41,3.3565,1.1023,35.56,162.7377,-36.233,5.5475,3.0696,1.2837,4.2703,SF_LIN2_2h_current_compression_5m_seq_high_break_6_2.0_1.5,linear(2h_current_compression*2.0+5m_seq_high_break_6*1.5),linear,linear_pair
270,54,98.18,31.85,3.0137,1.5316,35.19,3.4748,1.5085,37.04,3.2543,1.3937,37.41,3.3565,1.1023,35.56,162.7377,-36.233,5.5475,3.0696,1.2837,4.2703,SF_LIN_2h_current_compression_2_00,linear(2h_current_compression * 2.00),linear,linear_single
270,54,98.18,33.7,2.4096,1.4232,36.3,3.0439,1.9731,40.74,2.9703,1.2879,41.85,3.4284,1.1753,40.0,130.1206,-52.4427,4.5062,2.4543,1.0463,4.2471,SF_LIN_30m_current_volume_ratio_m1_00,linear(30m_current_volume_ratio * -1.00),linear,linear_single
270,54,98.18,40.74,2.5209,2.1524,40.0,3.5804,2.4502,45.19,3.8929,2.6075,48.15,3.4075,1.7717,45.56,136.1296,-53.7361,4.356,2.5676,1.4577,4.2422,SF_ATOM_79,2h_previous_ma20_distance_pct >= 18.46,ast,atom
270,54,98.18,41.11,3.3187,2.7789,47.04,3.718,2.9626,49.63,3.7207,2.4909,47.04,3.7959,1.7458,44.81,179.211,-86.9502,5.53,3.3802,1.1387,4.2371,SF_OR_SF_derived_range_expansion_gte_8.077786_SD_2h_current_return_pct_1h_current_return_pct_gte_13.61786,(derived_range_expansion >= 8.078 OR (2h_current_return_pct - 1h_current_return_pct) >= 13.62),ast,or_pair
270,54,98.18,34.44,2.3937,1.5799,37.78,3.0718,1.2885,39.63,3.2872,1.4068,42.96,4.3814,1.0602,43.33,129.2573,-55.5416,4.1022,2.4381,1.0753,4.2315,SF_LIN2_15m_current_return_pct_5m_range_energy_1.0_1.0,linear(15m_current_return_pct*1.0+5m_range_energy*1.0),linear,linear_pair
270,54,98.18,28.52,2.77,1.7554,35.56,3.5138,1.6535,38.89,3.6596,1.5187,41.11,4.3902,1.666,42.59,149.5818,-47.657,6.0286,2.8213,0.9313,4.2248,SF_LIN2_2h_current_volume_ratio_15m_current_return_pct_1.0_0.5,linear(2h_current_volume_ratio*1.0+15m_current_return_pct*0.5),linear,linear_pair
270,54,98.18,40.74,3.8332,2.8971,48.52,4.2692,3.1566,51.11,4.38,2.6794,48.15,4.2675,1.7458,44.81,206.9906,-67.445,6.6972,3.9043,1.6102,4.2065,SF_OR_SF_30m_current_body_pct_gte_10.647286_SD_2h_current_return_pct_1h_current_return_pct_gte_13.61786,(30m_current_body_pct >= 10.65 OR (2h_current_return_pct - 1h_current_return_pct) >= 13.62),ast,or_pair
270,54,98.18,41.48,3.3125,2.7789,47.04,4.0648,3.0746,50.74,3.9307,2.6395,47.78,4.2772,2.1492,46.3,178.873,-79.9163,5.458,3.3739,1.302,4.1961,SF_OR_SR_1h_current_range_pct_5m_compression_15262639999.999996_SF_30m_current_range_pct_gte_12.1684,(1h_current_range_pct/5m_compression >= 1.526e+10 OR 30m_current_range_pct >= 12.17),ast,or_pair
270,54,98.18,40.37,3.5099,2.9291,48.89,4.3632,3.3166,52.22,4.4379,2.7809,48.89,4.562,1.9779,45.93,189.5325,-77.7299,5.8395,3.575,1.389,4.187,SF_OR_SF_2h_current_range_pct_gte_29.928486_SF_2h_current_body_pct_gte_13.739943,(2h_current_range_pct >= 29.93 OR 2h_current_body_pct >= 13.74),ast,or_pair
270,54,98.18,34.81,1.3955,1.1145,33.33,2.1174,0.3082,38.15,2.578,0.3054,40.37,3.5455,0.3085,41.48,75.3573,-63.1945,2.4828,1.4214,0.7081,4.1867,SF_LIN_5m_range_energy_2_00,linear(5m_range_energy * 2.00),linear,linear_single
270,54,98.18,28.15,1.6621,1.4184,34.07,1.6842,0.8055,35.93,2.2853,0.8297,39.26,1.8503,0.4061,37.41,89.7515,-54.497,3.3434,1.6929,0.6631,4.1774,SF_LIN_5m_seq_return_sum_6_1_00,linear(5m_seq_return_sum_6 * 1.00),linear,linear_single
270,54,98.18,40.37,3.6804,2.8971,48.52,4.2458,3.1566,51.11,4.0952,2.6395,47.78,3.9633,1.7458,44.81,198.7437,-65.5258,6.3532,3.7486,1.6312,4.1735,SF_AND_SR_1h_current_range_pct_5m_compression_15262639999.999996_SF_30m_current_range_pct_gte_12.1684,(1h_current_range_pct/5m_compression >= 1.526e+10 AND 30m_current_range_pct >= 12.17),ast,and_pair
270,54,98.18,40.0,3.7383,2.9291,48.89,4.1069,3.1566,51.11,4.0663,2.6794,48.15,3.9535,1.7458,44.81,201.8673,-65.5258,6.4813,3.8076,1.6376,4.1589,SF_OR_SF_30m_current_body_pct_gte_10.647286_SF_15m_current_body_pct_gte_9.0914,(30m_current_body_pct >= 10.65 OR 15m_current_body_pct >= 9.091),ast,or_pair
270,54,98.18,26.67,1.824,1.2319,30.74,2.4309,1.3189,34.81,2.8735,1.3053,38.15,3.3683,1.404,38.89,98.4946,-49.9109,3.8153,1.8578,0.5762,4.1571,SF_LIN2_range_expansion_1h_current_volume_ratio_1.0_1.5,linear(range_expansion*1.0+1h_current_volume_ratio*1.5),linear,linear_pair
270,54,98.18,26.67,1.824,1.2319,30.74,2.4309,1.3189,34.81,2.8735,1.3053,38.15,3.3683,1.404,38.89,98.4946,-49.9109,3.8153,1.8578,0.5762,4.1571,SF_LIN2_range_expansion_1h_current_volume_ratio_2.0_1.5,linear(range_expansion*2.0+1h_current_volume_ratio*1.5),linear,linear_pair
270,54,98.18,26.67,1.824,1.2319,30.74,2.4309,1.3189,34.81,2.8735,1.3053,38.15,3.3683,1.404,38.89,98.4946,-49.9109,3.8153,1.8578,0.5762,4.1571,SF_LIN_1h_current_volume_ratio_1_50,linear(1h_current_volume_ratio * 1.50),linear,linear_single
270,54,98.18,33.33,2.5475,1.7247,37.41,3.2543,1.2996,40.74,3.4682,1.5187,42.96,4.2621,1.0405,41.85,137.5663,-49.7568,4.4916,2.5947,1.1599,4.1371,SF_LIN2_15m_current_return_pct_5m_range_energy_2.0_1.0,linear(15m_current_return_pct*2.0+5m_range_energy*1.0),linear,linear_pair
270,54,98.18,34.07,2.6277,1.5554,34.44,3.5435,1.8438,39.63,3.7352,1.7531,39.63,4.1531,1.6684,39.26,141.8968,-44.2454,4.6851,2.6764,1.1882,4.1248,SF_LIN2_1h_current_compression_30m_current_body_pct_1.0_0.5,linear(1h_current_compression*1.0+30m_current_body_pct*0.5),linear,linear_pair
270,54,98.18,32.59,1.8991,1.6154,34.81,2.9656,1.675,41.11,3.3098,1.7294,41.48,4.2099,1.8336,42.96,102.553,-68.2252,3.407,1.9343,0.6255,4.0997,SF_LIN2_1h_current_volume_ratio_30m_current_body_pct_2.0_1.5,linear(1h_current_volume_ratio*2.0+30m_current_body_pct*1.5),linear,linear_pair
270,54,98.18,26.67,3.2088,1.9103,37.41,4.2457,2.0444,40.74,4.2476,1.8139,40.74,3.5867,1.404,39.26,173.2752,-37.4329,6.5041,3.2683,1.1897,4.0868,SF_LIN2_2h_current_compression_15m_current_return_pct_1.0_1.0,linear(2h_current_compression*1.0+15m_current_return_pct*1.0),linear,linear_pair
270,54,98.18,33.7,2.1524,1.6314,37.04,3.3162,2.0154,44.07,3.7669,2.2647,44.07,4.7933,2.0895,44.07,116.2306,-66.5315,3.745,2.1923,0.814,4.0706,SF_LIN2_1h_current_volume_ratio_30m_current_body_pct_1.0_1.0,linear(1h_current_volume_ratio*1.0+30m_current_body_pct*1.0),linear,linear_pair
270,54,98.18,31.48,1.976,1.431,33.7,3.0951,1.5627,39.63,3.1924,1.2129,40.74,4.0892,1.4628,42.59,106.7041,-56.2114,3.5732,2.0126,0.7878,4.0687,SF_LIN2_2h_current_volume_ratio_30m_current_body_pct_1.0_0.5,linear(2h_current_volume_ratio*1.0+30m_current_body_pct*0.5),linear,linear_pair
270,54,98.18,40.37,3.321,2.8157,47.41,3.6297,2.9267,49.26,3.5615,2.4909,47.04,3.6586,1.7458,44.81,179.3346,-87.7014,5.5611,3.3826,1.1456,4.0542,SF_OR_SF_derived_range_expansion_gte_8.077786_SF_2h_previous_return_pct_gte_26.298514,(derived_range_expansion >= 8.078 OR 2h_previous_return_pct >= 26.3),ast,or_pair
270,54,98.18,40.74,3.3501,2.8157,47.41,3.6046,2.9626,49.63,3.5883,2.4909,47.04,3.6709,1.7458,44.81,180.9045,-86.9502,5.5841,3.4122,1.181,4.035,SF_OR_SF_1h_current_ma20_distance_pct_gte_35.705329_SF_derived_range_expansion_gte_8.077786,(1h_current_ma20_distance_pct >= 35.71 OR derived_range_expansion >= 8.078),ast,or_pair
270,54,98.18,40.74,3.291,2.7789,47.04,3.7308,3.0556,50.37,3.6957,2.4909,47.04,3.8538,1.7458,44.81,177.7165,-90.303,5.4853,3.352,1.0992,4.017,SF_OR_SF_15m_current_ma20_distance_pct_gte_17.364729_SF_derived_range_expansion_gte_8.077786,(15m_current_ma20_distance_pct >= 17.36 OR derived_range_expansion >= 8.078),ast,or_pair
270,54,98.18,33.7,2.3341,1.6546,36.3,3.4428,1.9139,42.96,3.7026,1.7815,42.22,4.218,1.9448,42.96,126.0394,-67.4284,4.1033,2.3774,0.7912,4.0014,SF_LIN2_1h_current_volume_ratio_30m_current_body_pct_1.0_0.5,linear(1h_current_volume_ratio*1.0+30m_current_body_pct*0.5),linear,linear_pair
270,54,98.18,35.56,2.4296,1.6154,36.67,3.2273,1.9731,41.85,3.4306,1.3897,42.59,4.5646,1.2414,41.48,131.1977,-54.028,4.4817,2.4746,1.1544,4.0001,SF_LIN_derived_volume_ratio_m1_00,linear(derived_volume_ratio * -1.00),linear,linear_single
270,54,98.18,38.89,3.6034,2.8157,47.41,4.1113,3.2553,51.11,4.2462,2.7241,48.15,4.2547,1.8015,45.56,194.5834,-90.0164,6.1777,3.6702,1.0812,3.9334,SF_OR_SF_1h_current_ma20_distance_pct_gte_20.388471_SD_1h_current_body_pct_1h_previous_body_pct_gte_18.78308,(1h_current_ma20_distance_pct >= 20.39 OR (1h_current_body_pct - 1h_previous_body_pct) >= 18.78),ast,or_pair
270,54,98.18,36.3,2.7573,2.2822,42.22,3.8086,2.6773,46.3,4.1525,2.5649,47.04,4.1017,1.9261,44.07,148.8948,-60.2897,4.8378,2.8084,1.3149,3.9277,SF_LIN2_30m_current_body_pct_15m_current_return_pct_1.0_0.5,linear(30m_current_body_pct*1.0+15m_current_return_pct*0.5),linear,linear_pair
270,54,98.18,35.93,1.9234,1.2816,35.56,2.6105,0.8055,38.89,3.0744,0.746,41.48,4.1612,1.1332,41.48,103.8612,-58.2501,3.1567,1.9591,1.0274,3.913,SF_LIN2_1h_current_volume_ratio_5m_range_energy_1.0_0.5,linear(1h_current_volume_ratio*1.0+5m_range_energy*0.5),linear,linear_pair
270,54,98.18,30.0,2.1566,1.0455,31.11,2.7345,0.9687,38.15,2.8235,0.7273,38.15,3.1485,0.3941,38.89,116.4568,-50.1175,4.2662,2.1966,0.7903,3.9057,SF_LIN2_1h_previous_return_pct_15m_current_return_pct_2.0_1.0,linear(1h_previous_return_pct*2.0+15m_current_return_pct*1.0),linear,linear_pair
270,54,98.18,35.19,3.0374,1.6833,36.67,3.8408,1.7793,40.74,3.5456,1.6694,40.0,3.5301,1.3509,38.52,164.0186,-51.0201,5.4657,3.0937,1.2581,3.8907,SF_LIN2_2h_current_compression_5m_seq_high_break_6_1.0_0.5,linear(2h_current_compression*1.0+5m_seq_high_break_6*0.5),linear,linear_pair
270,54,98.18,35.19,3.0374,1.6833,36.67,3.8408,1.7793,40.74,3.5456,1.6694,40.0,3.5301,1.3509,38.52,164.0186,-51.0201,5.4657,3.0937,1.2581,3.8907,SF_LIN2_2h_current_compression_5m_seq_high_break_6_1.0_1.0,linear(2h_current_compression*1.0+5m_seq_high_break_6*1.0),linear,linear_pair
270,54,98.18,35.19,3.0374,1.6833,36.67,3.8408,1.7793,40.74,3.5456,1.6694,40.0,3.5301,1.3509,38.52,164.0186,-51.0201,5.4657,3.0937,1.2581,3.8907,SF_LIN2_2h_current_compression_5m_seq_high_break_6_1.0_1.5,linear(2h_current_compression*1.0+5m_seq_high_break_6*1.5),linear,linear_pair
270,54,98.18,35.19,3.0374,1.6833,36.67,3.8408,1.7793,40.74,3.5456,1.6694,40.0,3.5301,1.3509,38.52,164.0186,-51.0201,5.4657,3.0937,1.2581,3.8907,SF_LIN2_range_expansion_2h_current_compression_1.0_1.0,linear(range_expansion*1.0+2h_current_compression*1.0),linear,linear_pair
270,54,98.18,35.19,3.0374,1.6833,36.67,3.8408,1.7793,40.74,3.5456,1.6694,40.0,3.5301,1.3509,38.52,164.0186,-51.0201,5.4657,3.0937,1.2581,3.8907,SF_LIN2_range_expansion_2h_current_compression_2.0_1.0,linear(range_expansion*2.0+2h_current_compression*1.0),linear,linear_pair
270,54,98.18,35.19,3.0374,1.6833,36.67,3.8408,1.7793,40.74,3.5456,1.6694,40.0,3.5301,1.3509,38.52,164.0186,-51.0201,5.4657,3.0937,1.2581,3.8907,SF_LIN_2h_current_compression_1_00,linear(2h_current_compression * 1.00),linear,linear_single
270,54,98.18,28.15,3.2473,1.9375,38.52,4.1083,1.9423,40.37,4.2369,1.9122,41.85,3.5581,1.3509,40.37,175.3547,-43.5852,6.5359,3.3075,1.2146,3.8767,SF_LIN2_2h_current_compression_15m_current_return_pct_1.0_0.5,linear(2h_current_compression*1.0+15m_current_return_pct*0.5),linear,linear_pair
270,54,98.18,40.37,3.3111,2.8157,47.41,3.6166,2.9626,49.63,3.5136,2.4909,47.04,3.6572,1.7458,44.81,178.8019,-90.303,5.5433,3.3725,1.1339,3.8495,SF_AND_SF_derived_range_expansion_gte_8.077786_SD_1h_current_range_pct_1h_previous_range_pct_gte_5.76056,(derived_range_expansion >= 8.078 AND (1h_current_range_pct - 1h_previous_range_pct) >= 5.761),ast,and_pair
270,54,98.18,40.37,3.3111,2.8157,47.41,3.6166,2.9626,49.63,3.5136,2.4909,47.04,3.6572,1.7458,44.81,178.8019,-90.303,5.5433,3.3725,1.1339,3.8495,SF_ATOM_20,derived_range_expansion >= 8.078,ast,atom
270,54,98.18,40.37,3.3111,2.8157,47.41,3.6166,2.9626,49.63,3.5136,2.4909,47.04,3.6572,1.7458,44.81,178.8019,-90.303,5.5433,3.3725,1.1339,3.8495,SF_OR_SD_1h_current_range_pct_1h_previous_range_pct_gte_21.98114_SF_derived_range_expansion_gte_8.077786,((1h_current_range_pct - 1h_previous_range_pct) >= 21.98 OR derived_range_expansion >= 8.078),ast,or_pair
270,54,98.18,40.37,3.3111,2.8157,47.41,3.6166,2.9626,49.63,3.5136,2.4909,47.04,3.6572,1.7458,44.81,178.8019,-90.303,5.5433,3.3725,1.1339,3.8495,SF_OR_SD_1h_current_return_pct_15m_current_return_pct_gte_9.24094_SF_derived_range_expansion_gte_8.077786,((1h_current_return_pct - 15m_current_return_pct) >= 9.241 OR derived_range_expansion >= 8.078),ast,or_pair
270,54,98.18,40.37,3.3111,2.8157,47.41,3.6166,2.9626,49.63,3.5136,2.4909,47.04,3.6572,1.7458,44.81,178.8019,-90.303,5.5433,3.3725,1.1339,3.8495,SF_OR_SF_15m_current_return_pct_gte_10.127714_SF_derived_range_expansion_gte_8.077786,(15m_current_return_pct >= 10.13 OR derived_range_expansion >= 8.078),ast,or_pair
270,54,98.18,40.37,3.3111,2.8157,47.41,3.6166,2.9626,49.63,3.5136,2.4909,47.04,3.6572,1.7458,44.81,178.8019,-90.303,5.5433,3.3725,1.1339,3.8495,SF_OR_SF_1h_current_return_pct_gte_18.082043_SF_derived_range_expansion_gte_8.077786,(1h_current_return_pct >= 18.08 OR derived_range_expansion >= 8.078),ast,or_pair
270,54,98.18,40.37,3.3111,2.8157,47.41,3.6166,2.9626,49.63,3.5136,2.4909,47.04,3.6572,1.7458,44.81,178.8019,-90.303,5.5433,3.3725,1.1339,3.8495,SF_OR_SF_1h_current_return_pct_gte_8.969214_SF_derived_range_expansion_gte_8.077786,(1h_current_return_pct >= 8.969 OR derived_range_expansion >= 8.078),ast,or_pair
270,54,98.18,40.37,3.3111,2.8157,47.41,3.6166,2.9626,49.63,3.5136,2.4909,47.04,3.6572,1.7458,44.81,178.8019,-90.303,5.5433,3.3725,1.1339,3.8495,SF_OR_SF_2h_current_range_pct_gte_44.892729_SF_derived_range_expansion_gte_8.077786,(2h_current_range_pct >= 44.89 OR derived_range_expansion >= 8.078),ast,or_pair
270,54,98.18,40.37,3.3111,2.8157,47.41,3.6166,2.9626,49.63,3.5136,2.4909,47.04,3.6572,1.7458,44.81,178.8019,-90.303,5.5433,3.3725,1.1339,3.8495,SF_OR_SF_2h_previous_body_pct_gte_34.349857_SF_derived_range_expansion_gte_8.077786,(2h_previous_body_pct >= 34.35 OR derived_range_expansion >= 8.078),ast,or_pair
270,54,98.18,40.37,3.3111,2.8157,47.41,3.6166,2.9626,49.63,3.5136,2.4909,47.04,3.6572,1.7458,44.81,178.8019,-90.303,5.5433,3.3725,1.1339,3.8495,SF_OR_SF_derived_range_expansion_gte_19.663914_SF_derived_range_expansion_gte_8.077786,(derived_range_expansion >= 19.66 OR derived_range_expansion >= 8.078),ast,or_pair
270,54,98.18,40.37,3.3111,2.8157,47.41,3.6166,2.9626,49.63,3.5136,2.4909,47.04,3.6572,1.7458,44.81,178.8019,-90.303,5.5433,3.3725,1.1339,3.8495,SF_OR_SF_derived_range_expansion_gte_8.077786_SD_1h_current_body_pct_1h_previous_body_pct_gte_18.78308,(derived_range_expansion >= 8.078 OR (1h_current_body_pct - 1h_previous_body_pct) >= 18.78),ast,or_pair
270,54,98.18,31.11,3.0547,1.5339,31.85,3.6795,1.725,36.3,3.7049,1.6808,37.41,3.5899,1.1288,35.56,164.953,-44.7536,6.0946,3.1113,1.0378,3.8441,SF_LIN2_1h_current_compression_5m_seq_high_break_6_1.0_0.5,linear(1h_current_compression*1.0+5m_seq_high_break_6*0.5),linear,linear_pair
270,54,98.18,31.11,3.0547,1.5339,31.85,3.6795,1.725,36.3,3.7049,1.6808,37.41,3.5899,1.1288,35.56,164.953,-44.7536,6.0946,3.1113,1.0378,3.8441,SF_LIN2_1h_current_compression_5m_seq_high_break_6_1.0_1.0,linear(1h_current_compression*1.0+5m_seq_high_break_6*1.0),linear,linear_pair
270,54,98.18,31.11,3.0547,1.5339,31.85,3.6795,1.725,36.3,3.7049,1.6808,37.41,3.5899,1.1288,35.56,164.953,-44.7536,6.0946,3.1113,1.0378,3.8441,SF_LIN2_1h_current_compression_5m_seq_high_break_6_1.0_1.5,linear(1h_current_compression*1.0+5m_seq_high_break_6*1.5),linear,linear_pair
270,54,98.18,31.11,3.0547,1.5339,31.85,3.6795,1.725,36.3,3.7049,1.6808,37.41,3.5899,1.1288,35.56,164.953,-44.7536,6.0946,3.1113,1.0378,3.8441,SF_LIN2_1h_current_compression_range_expansion_1.0_0.5,linear(1h_current_compression*1.0+range_expansion*0.5),linear,linear_pair
270,54,98.18,31.11,3.0547,1.5339,31.85,3.6795,1.725,36.3,3.7049,1.6808,37.41,3.5899,1.1288,35.56,164.953,-44.7536,6.0946,3.1113,1.0378,3.8441,SF_LIN2_1h_current_compression_range_expansion_1.0_1.0,linear(1h_current_compression*1.0+range_expansion*1.0),linear,linear_pair
270,54,98.18,31.11,3.0547,1.5339,31.85,3.6795,1.725,36.3,3.7049,1.6808,37.41,3.5899,1.1288,35.56,164.953,-44.7536,6.0946,3.1113,1.0378,3.8441,SF_LIN2_1h_current_compression_range_expansion_1.0_1.5,linear(1h_current_compression*1.0+range_expansion*1.5),linear,linear_pair
270,54,98.18,31.11,3.0547,1.5339,31.85,3.6795,1.725,36.3,3.7049,1.6808,37.41,3.5899,1.1288,35.56,164.953,-44.7536,6.0946,3.1113,1.0378,3.8441,SF_LIN_1h_current_compression_1_00,linear(1h_current_compression * 1.00),linear,linear_single
270,54,98.18,31.11,2.521,1.5316,34.07,3.0866,1.3068,41.11,3.2353,1.1238,40.0,3.8173,1.2397,41.11,136.133,-66.0861,4.9549,2.5677,0.6691,3.8382,SF_LIN2_1h_previous_return_pct_15m_current_return_pct_1.0_1.0,linear(1h_previous_return_pct*1.0+15m_current_return_pct*1.0),linear,linear_pair
270,54,98.18,34.07,1.3506,1.0042,32.59,2.0672,0.2225,37.04,2.5212,0.1774,40.0,3.6427,0.3085,41.48,72.93,-63.1945,2.4019,1.3756,0.7171,3.8322,SF_LIN_5m_range_energy_3_00,linear(5m_range_energy * 3.00),linear,linear_single
270,54,98.18,39.63,3.6481,2.8157,47.41,4.1739,3.2553,51.11,4.3771,2.8439,48.89,4.4502,1.9779,45.93,196.9979,-90.0164,6.3673,3.7157,1.1368,3.8168,SF_OR_SF_2h_previous_ma20_distance_pct_gte_65.594714_SF_1h_current_ma20_distance_pct_gte_20.388471,(2h_previous_ma20_distance_pct >= 65.59 OR 1h_current_ma20_distance_pct >= 20.39),ast,or_pair
270,54,98.18,25.56,1.2929,1.0841,32.96,1.1673,0.5958,34.07,1.2661,0.6802,37.78,1.5149,-0.036,36.67,69.8151,-62.0296,2.6939,1.3169,0.4172,3.8029,SF_LIN_5m_seq_return_sum_6_1_50,linear(5m_seq_return_sum_6 * 1.50),linear,linear_single
270,54,98.18,33.7,2.6391,1.7812,37.78,3.4427,1.3555,40.74,3.5604,1.5545,42.96,4.559,1.05,42.22,142.5116,-55.5416,4.6539,2.688,1.1466,3.8006,SF_LIN2_15m_current_return_pct_5m_range_energy_1.0_0.5,linear(15m_current_return_pct*1.0+5m_range_energy*0.5),linear,linear_pair
270,54,98.18,26.3,3.3025,1.9375,37.04,4.2262,2.106,40.37,4.2221,1.9122,41.11,3.7879,1.404,39.63,178.3349,-37.4329,6.7843,3.3637,1.2245,3.793,SF_LIN2_2h_current_compression_15m_current_return_pct_1.0_1.5,linear(2h_current_compression*1.0+15m_current_return_pct*1.5),linear,linear_pair
270,54,98.18,33.7,2.2875,1.6115,37.04,2.9861,1.3569,39.63,3.1063,1.3214,41.85,3.3584,1.0604,40.74,123.525,-58.905,4.1225,2.3299,1.0334,3.7767,SF_LIN2_1h_previous_range_pct_15m_current_return_pct_1.0_1.5,linear(1h_previous_range_pct*1.0+15m_current_return_pct*1.5),linear,linear_pair
270,54,98.18,35.56,2.5639,2.2962,42.22,3.8283,2.5149,45.93,4.2797,2.5649,47.41,4.2459,1.8015,44.07,138.45,-63.3648,4.5163,2.6114,1.2472,3.7527,SF_LIN2_30m_current_body_pct_15m_current_return_pct_2.0_0.5,linear(30m_current_body_pct*2.0+15m_current_return_pct*0.5),linear,linear_pair
270,54,98.18,40.0,3.403,2.8756,48.15,4.0376,3.2553,51.48,3.9771,2.6395,47.78,3.9343,1.7295,44.81,183.7604,-77.7299,5.6024,3.4661,1.4284,3.7359,SF_OR_SF_2h_current_body_pct_gte_13.739943_SF_30m_current_body_pct_gte_10.647286,(2h_current_body_pct >= 13.74 OR 30m_current_body_pct >= 10.65),ast,or_pair
270,54,98.18,34.07,2.0649,1.6092,37.04,3.1916,1.9116,43.7,3.4014,1.8927,43.7,4.4215,1.9582,43.33,111.5026,-63.4903,3.5583,2.1032,0.9545,3.7199,SF_LIN2_1h_current_volume_ratio_30m_current_body_pct_1.0_1.5,linear(1h_current_volume_ratio*1.0+30m_current_body_pct*1.5),linear,linear_pair
270,54,98.18,40.37,3.0828,2.7789,47.04,3.6851,3.0112,50.0,3.4513,2.4397,46.67,3.4911,1.6536,44.44,166.4696,-90.303,5.0486,3.1399,1.1324,3.7145,SF_OR_SF_2h_current_body_pct_gte_13.739943_SF_derived_range_expansion_gte_8.077786,(2h_current_body_pct >= 13.74 OR derived_range_expansion >= 8.078),ast,or_pair
270,54,98.18,29.63,2.5921,1.4438,31.85,3.1142,1.5087,36.3,3.5298,1.6808,37.04,3.7666,1.1822,36.67,139.973,-36.0508,4.8008,2.6402,1.1524,3.7066,SF_LIN2_1h_current_compression_30m_current_body_pct_2.0_0.5,linear(1h_current_compression*2.0+30m_current_body_pct*0.5),linear,linear_pair
270,54,98.18,40.74,3.3501,2.8157,47.41,3.6046,2.9626,49.63,3.5883,2.4909,47.04,3.6709,1.7458,44.81,180.9045,-90.303,5.5841,3.4122,1.181,3.6997,SF_OR_SF_15m_current_ma20_distance_pct_gte_26.750886_SF_derived_range_expansion_gte_8.077786,(15m_current_ma20_distance_pct >= 26.75 OR derived_range_expansion >= 8.078),ast,or_pair
270,54,98.18,34.81,2.6876,1.8161,37.78,3.9266,2.321,44.07,4.4743,2.1722,45.93,3.5671,0.7319,41.48,145.1295,-44.5942,5.0321,2.7374,1.4343,3.6934,SF_LIN_1h_current_volume_ratio_m0_50,linear(1h_current_volume_ratio * -0.50),linear,linear_single
270,54,98.18,39.26,3.5783,2.8157,47.41,4.1171,3.2553,51.11,4.2286,2.7809,48.52,4.2002,1.8015,45.56,193.2272,-90.0164,6.1718,3.6446,1.1434,3.6889,SF_OR_SF_2h_current_body_pct_gte_27.479886_SF_1h_current_ma20_distance_pct_gte_20.388471,(2h_current_body_pct >= 27.48 OR 1h_current_ma20_distance_pct >= 20.39),ast,or_pair
270,54,98.18,39.63,3.8008,2.8971,48.52,4.1559,3.0556,50.37,4.3155,2.7241,48.52,4.3402,1.8015,45.19,205.2429,-90.303,6.6414,3.8713,1.2104,3.6879,SF_AND_SD_1h_current_range_pct_1h_previous_range_pct_gte_5.76056_SD_1h_current_return_pct_15m_current_return_pct_lte_-12.62842,((1h_current_range_pct - 1h_previous_range_pct) >= 5.761 AND (1h_current_return_pct - 15m_current_return_pct) <= -12.63),ast,and_pair
270,54,98.18,39.63,3.8008,2.8971,48.52,4.1559,3.0556,50.37,4.3155,2.7241,48.52,4.3402,1.8015,45.19,205.2429,-90.303,6.6414,3.8713,1.2104,3.6879,SF_AND_SF_2h_current_range_pct_gte_14.964243_SD_1h_current_return_pct_15m_current_return_pct_lte_-12.62842,(2h_current_range_pct >= 14.96 AND (1h_current_return_pct - 15m_current_return_pct) <= -12.63),ast,and_pair
270,54,98.18,39.63,3.8008,2.8971,48.52,4.1559,3.0556,50.37,4.3155,2.7241,48.52,4.3402,1.8015,45.19,205.2429,-90.303,6.6414,3.8713,1.2104,3.6879,SF_AND_SF_derived_range_expansion_gte_8.077786_SD_1h_current_return_pct_15m_current_return_pct_lte_-12.62842,(derived_range_expansion >= 8.078 AND (1h_current_return_pct - 15m_current_return_pct) <= -12.63),ast,and_pair
270,54,98.18,39.63,3.8008,2.8971,48.52,4.1559,3.0556,50.37,4.3155,2.7241,48.52,4.3402,1.8015,45.19,205.2429,-90.303,6.6414,3.8713,1.2104,3.6879,SF_ATOM_34,(1h_current_return_pct - 15m_current_return_pct) <= -12.63,ast,atom
270,54,98.18,29.63,2.5507,1.4592,34.44,3.1402,1.6297,37.78,3.4321,1.3362,39.63,3.9824,1.4628,39.63,137.7392,-48.6438,4.8072,2.598,1.0057,3.6863,SF_LIN2_1h_current_volume_ratio_5m_seq_high_break_6_1.0_0.5,linear(1h_current_volume_ratio*1.0+5m_seq_high_break_6*0.5),linear,linear_pair
270,54,98.18,29.63,2.5507,1.4592,34.44,3.1402,1.6297,37.78,3.4321,1.3362,39.63,3.9824,1.4628,39.63,137.7392,-48.6438,4.8072,2.598,1.0057,3.6863,SF_LIN2_1h_current_volume_ratio_5m_seq_high_break_6_1.0_1.0,linear(1h_current_volume_ratio*1.0+5m_seq_high_break_6*1.0),linear,linear_pair
270,54,98.18,29.63,2.5507,1.4592,34.44,3.1402,1.6297,37.78,3.4321,1.3362,39.63,3.9824,1.4628,39.63,137.7392,-48.6438,4.8072,2.598,1.0057,3.6863,SF_LIN2_1h_current_volume_ratio_5m_seq_high_break_6_1.0_1.5,linear(1h_current_volume_ratio*1.0+5m_seq_high_break_6*1.5),linear,linear_pair
270,54,98.18,29.63,2.5507,1.4592,34.44,3.1402,1.6297,37.78,3.4321,1.3362,39.63,3.9824,1.4628,39.63,137.7392,-48.6438,4.8072,2.598,1.0057,3.6863,SF_LIN2_range_expansion_1h_current_volume_ratio_1.0_1.0,linear(range_expansion*1.0+1h_current_volume_ratio*1.0),linear,linear_pair
270,54,98.18,29.63,2.5507,1.4592,34.44,3.1402,1.6297,37.78,3.4321,1.3362,39.63,3.9824,1.4628,39.63,137.7392,-48.6438,4.8072,2.598,1.0057,3.6863,SF_LIN2_range_expansion_1h_current_volume_ratio_2.0_1.0,linear(range_expansion*2.0+1h_current_volume_ratio*1.0),linear,linear_pair
270,54,98.18,29.63,2.5507,1.4592,34.44,3.1402,1.6297,37.78,3.4321,1.3362,39.63,3.9824,1.4628,39.63,137.7392,-48.6438,4.8072,2.598,1.0057,3.6863,SF_LIN_1h_current_volume_ratio_1_00,linear(1h_current_volume_ratio * 1.00),linear,linear_single
270,54,98.18,40.37,3.3265,2.8157,47.41,3.9205,3.0556,50.37,3.7903,2.4836,47.04,3.8539,1.6536,44.44,179.6335,-79.9163,5.4617,3.3882,1.38,3.6623,SF_OR_SF_2h_current_body_pct_gte_13.739943_SR_1h_current_range_pct_5m_compression_15262639999.999996,(2h_current_body_pct >= 13.74 OR 1h_current_range_pct/5m_compression >= 1.526e+10),ast,or_pair
270,54,98.18,32.96,1.7793,1.2885,34.44,2.2517,0.5439,37.41,2.9092,0.8864,41.11,4.2731,0.525,41.85,96.083,-58.2996,3.1564,1.8123,0.906,3.6538,SF_LIN2_15m_current_return_pct_5m_range_energy_1.0_1.5,linear(15m_current_return_pct*1.0+5m_range_energy*1.5),linear,linear_pair
270,54,98.18,33.33,2.2915,1.5799,37.04,3.0936,1.2592,39.63,3.3369,1.489,43.33,4.4738,1.0498,42.96,123.7406,-55.5416,3.9898,2.334,1.1125,3.6448,SF_LIN2_15m_current_return_pct_5m_range_energy_2.0_1.5,linear(15m_current_return_pct*2.0+5m_range_energy*1.5),linear,linear_pair
270,54,98.18,41.11,3.4152,2.8157,47.41,4.0775,3.1566,51.11,4.0234,2.5507,47.41,4.0575,1.7458,44.81,184.4217,-79.9163,5.6253,3.4785,1.4185,3.6444,SF_OR_SF_15m_current_ma20_distance_pct_gte_17.364729_SR_1h_current_range_pct_5m_compression_15262639999.999996,(15m_current_ma20_distance_pct >= 17.36 OR 1h_current_range_pct/5m_compression >= 1.526e+10),ast,or_pair
270,54,98.18,23.33,1.7262,1.0798,29.63,2.2036,1.0051,32.96,2.6624,1.2841,35.56,3.1887,1.05,34.81,93.2147,-53.7652,3.6084,1.7582,0.4196,3.6353,SF_LIN2_30m_current_volume_ratio_1h_current_volume_ratio_1.0_0.5,linear(30m_current_volume_ratio*1.0+1h_current_volume_ratio*0.5),linear,linear_pair
270,54,98.18,32.59,1.2646,0.9778,32.22,1.9368,0.3082,37.04,2.3354,0.2231,38.89,3.375,0.1076,39.63,68.291,-58.2996,2.2742,1.288,0.7793,3.6149,SF_LIN2_2h_current_compression_5m_range_energy_1.0_1.5,linear(2h_current_compression*1.0+5m_range_energy*1.5),linear,linear_pair
270,54,98.18,40.74,3.4047,2.8157,47.41,3.9147,3.0556,50.37,3.9104,2.5507,47.41,3.8934,1.7458,44.81,183.8563,-79.9163,5.6348,3.4678,1.4114,3.6028,SF_OR_SF_2h_previous_ma20_distance_pct_gte_65.594714_SR_1h_current_range_pct_5m_compression_15262639999.999996,(2h_previous_ma20_distance_pct >= 65.59 OR 1h_current_range_pct/5m_compression >= 1.526e+10),ast,or_pair
270,54,98.18,41.48,3.4541,2.8756,48.15,4.1906,3.1566,51.11,4.1307,2.6794,48.15,4.3166,1.9779,45.56,186.5211,-79.9163,5.7153,3.5181,1.474,3.6006,SF_OR_SF_2h_current_range_pct_gte_29.928486_SR_1h_current_range_pct_5m_compression_15262639999.999996,(2h_current_range_pct >= 29.93 OR 1h_current_range_pct/5m_compression >= 1.526e+10),ast,or_pair
270,54,98.18,40.37,3.2238,2.8157,47.41,3.5557,2.9626,49.63,3.407,2.4909,47.04,3.4819,1.7458,44.81,174.0876,-90.303,5.337,3.2836,1.1838,3.5738,SF_OR_SF_2h_current_body_pct_gte_27.479886_SF_derived_range_expansion_gte_8.077786,(2h_current_body_pct >= 27.48 OR derived_range_expansion >= 8.078),ast,or_pair
270,54,98.18,34.07,2.2095,1.5523,36.3,3.2209,1.9423,41.48,3.4674,1.7665,41.48,4.4587,1.8015,41.48,119.3113,-61.0084,3.8265,2.2505,1.0131,3.5705,SF_LIN2_2h_current_compression_30m_current_body_pct_1.0_1.5,linear(2h_current_compression*1.0+30m_current_body_pct*1.5),linear,linear_pair
270,54,98.18,41.11,3.4346,2.855,47.78,4.012,3.0746,50.74,3.953,2.6395,47.78,3.9902,1.8015,45.19,185.4662,-79.9163,5.6817,3.4983,1.4495,3.5692,SF_OR_SD_1h_current_range_pct_1h_previous_range_pct_gte_21.98114_SR_1h_current_range_pct_5m_compression_15262639999.999996,((1h_current_range_pct - 1h_previous_range_pct) >= 21.98 OR 1h_current_range_pct/5m_compression >= 1.526e+10),ast,or_pair
270,54,98.18,41.11,3.4346,2.855,47.78,4.012,3.0746,50.74,3.953,2.6395,47.78,3.9902,1.8015,45.19,185.4662,-79.9163,5.6817,3.4983,1.4495,3.5692,SF_OR_SF_2h_current_range_pct_gte_44.892729_SR_1h_current_range_pct_5m_compression_15262639999.999996,(2h_current_range_pct >= 44.89 OR 1h_current_range_pct/5m_compression >= 1.526e+10),ast,or_pair
270,54,98.18,41.11,3.4346,2.855,47.78,4.012,3.0746,50.74,3.953,2.6395,47.78,3.9902,1.8015,45.19,185.4662,-79.9163,5.6817,3.4983,1.4495,3.5692,SF_OR_SF_30m_current_range_pct_gte_22.8592_SR_1h_current_range_pct_5m_compression_15262639999.999996,(30m_current_range_pct >= 22.86 OR 1h_current_range_pct/5m_compression >= 1.526e+10),ast,or_pair
270,54,98.18,41.11,3.4346,2.855,47.78,4.012,3.0746,50.74,3.953,2.6395,47.78,3.9902,1.8015,45.19,185.4662,-79.9163,5.6817,3.4983,1.4495,3.5692,SF_OR_SF_derived_range_expansion_gte_19.663914_SR_1h_current_range_pct_5m_compression_15262639999.999996,(derived_range_expansion >= 19.66 OR 1h_current_range_pct/5m_compression >= 1.526e+10),ast,or_pair
270,54,98.18,32.22,1.3267,0.9781,30.74,1.8989,0.4921,34.07,2.4015,0.8292,39.63,3.1311,1.104,39.63,71.6419,-59.9764,2.4877,1.3513,0.6882,3.5514,SF_LIN2_2h_current_volume_ratio_5m_range_energy_2.0_0.5,linear(2h_current_volume_ratio*2.0+5m_range_energy*0.5),linear,linear_pair
270,54,98.18,40.0,3.4823,2.855,47.78,4.2231,3.3166,51.85,4.3825,2.8439,48.89,4.5438,2.1492,46.3,188.0416,-90.0164,5.87,3.5469,1.2105,3.5466,SF_OR_SF_2h_current_range_pct_gte_29.928486_SF_1h_current_ma20_distance_pct_gte_20.388471,(2h_current_range_pct >= 29.93 OR 1h_current_ma20_distance_pct >= 20.39),ast,or_pair
270,54,98.18,40.74,3.4353,2.855,47.78,3.9633,3.0556,50.37,3.8413,2.5507,47.41,3.861,1.7458,44.81,185.5071,-79.6491,5.683,3.499,1.4488,3.5257,SF_OR_SF_1h_current_return_pct_gte_8.969214_SR_1h_current_range_pct_5m_compression_15262639999.999996,(1h_current_return_pct >= 8.969 OR 1h_current_range_pct/5m_compression >= 1.526e+10),ast,or_pair
270,54,98.18,39.26,3.1045,2.7649,46.67,3.8577,3.0746,50.37,3.8025,2.5675,47.04,3.6372,1.5266,44.07,167.6407,-90.0164,5.0906,3.162,1.1201,3.5152,SF_OR_SF_2h_current_body_pct_gte_13.739943_SF_1h_current_ma20_distance_pct_gte_20.388471,(2h_current_body_pct >= 13.74 OR 1h_current_ma20_distance_pct >= 20.39),ast,or_pair
270,54,98.18,40.74,3.4353,2.855,47.78,3.9633,3.0556,50.37,3.8413,2.5507,47.41,3.861,1.7458,44.81,185.5071,-79.9163,5.683,3.499,1.4488,3.499,SF_AND_SR_1h_current_range_pct_5m_compression_15262639999.999996_SF_2h_current_range_pct_gte_14.964243,(1h_current_range_pct/5m_compression >= 1.526e+10 AND 2h_current_range_pct >= 14.96),ast,and_pair
270,54,98.18,40.74,3.4353,2.855,47.78,3.9633,3.0556,50.37,3.8413,2.5507,47.41,3.861,1.7458,44.81,185.5071,-79.9163,5.683,3.499,1.4488,3.499,SF_ATOM_21,1h_current_range_pct/5m_compression >= 1.526e+10,ast,atom
270,54,98.18,40.74,3.4353,2.855,47.78,3.9633,3.0556,50.37,3.8413,2.5507,47.41,3.861,1.7458,44.81,185.5071,-79.9163,5.683,3.499,1.4488,3.499,SF_OR_SD_1h_current_return_pct_15m_current_return_pct_gte_9.24094_SR_1h_current_range_pct_5m_compression_15262639999.999996,((1h_current_return_pct - 15m_current_return_pct) >= 9.241 OR 1h_current_range_pct/5m_compression >= 1.526e+10),ast,or_pair
270,54,98.18,40.74,3.4353,2.855,47.78,3.9633,3.0556,50.37,3.8413,2.5507,47.41,3.861,1.7458,44.81,185.5071,-79.9163,5.683,3.499,1.4488,3.499,SF_OR_SF_15m_current_body_pct_gte_13.6371_SR_1h_current_range_pct_5m_compression_15262639999.999996,(15m_current_body_pct >= 13.64 OR 1h_current_range_pct/5m_compression >= 1.526e+10),ast,or_pair
270,54,98.18,40.74,3.4353,2.855,47.78,3.9633,3.0556,50.37,3.8413,2.5507,47.41,3.861,1.7458,44.81,185.5071,-79.9163,5.683,3.499,1.4488,3.499,SF_OR_SF_15m_current_return_pct_gte_10.127714_SR_1h_current_range_pct_5m_compression_15262639999.999996,(15m_current_return_pct >= 10.13 OR 1h_current_range_pct/5m_compression >= 1.526e+10),ast,or_pair
270,54,98.18,40.74,3.4353,2.855,47.78,3.9633,3.0556,50.37,3.8413,2.5507,47.41,3.861,1.7458,44.81,185.5071,-79.9163,5.683,3.499,1.4488,3.499,SF_OR_SF_1h_current_ma20_distance_pct_gte_51.022186_SR_1h_current_range_pct_5m_compression_15262639999.999996,(1h_current_ma20_distance_pct >= 51.02 OR 1h_current_range_pct/5m_compression >= 1.526e+10),ast,or_pair
270,54,98.18,40.74,3.4353,2.855,47.78,3.9633,3.0556,50.37,3.8413,2.5507,47.41,3.861,1.7458,44.81,185.5071,-79.9163,5.683,3.499,1.4488,3.499,SF_OR_SF_1h_current_return_pct_gte_18.082043_SR_1h_current_range_pct_5m_compression_15262639999.999996,(1h_current_return_pct >= 18.08 OR 1h_current_range_pct/5m_compression >= 1.526e+10),ast,or_pair
270,54,98.18,40.74,3.4353,2.855,47.78,3.9633,3.0556,50.37,3.8413,2.5507,47.41,3.861,1.7458,44.81,185.5071,-79.9163,5.683,3.499,1.4488,3.499,SF_OR_SF_2h_current_body_pct_gte_27.479886_SR_1h_current_range_pct_5m_compression_15262639999.999996,(2h_current_body_pct >= 27.48 OR 1h_current_range_pct/5m_compression >= 1.526e+10),ast,or_pair
270,54,98.18,40.74,3.4353,2.855,47.78,3.9633,3.0556,50.37,3.8413,2.5507,47.41,3.861,1.7458,44.81,185.5071,-79.9163,5.683,3.499,1.4488,3.499,SF_OR_SF_2h_previous_body_pct_gte_34.349857_SR_1h_current_range_pct_5m_compression_15262639999.999996,(2h_previous_body_pct >= 34.35 OR 1h_current_range_pct/5m_compression >= 1.526e+10),ast,or_pair
270,54,98.18,40.74,3.4353,2.855,47.78,3.9633,3.0556,50.37,3.8413,2.5507,47.41,3.861,1.7458,44.81,185.5071,-79.9163,5.683,3.499,1.4488,3.499,SF_OR_SF_30m_current_body_pct_gte_15.970929_SR_1h_current_range_pct_5m_compression_15262639999.999996,(30m_current_body_pct >= 15.97 OR 1h_current_range_pct/5m_compression >= 1.526e+10),ast,or_pair
270,54,98.18,40.74,3.4353,2.855,47.78,3.9633,3.0556,50.37,3.8413,2.5507,47.41,3.861,1.7458,44.81,185.5071,-79.9163,5.683,3.499,1.4488,3.499,SF_OR_SR_1h_current_range_pct_5m_compression_15262639999.999996_SD_1h_current_body_pct_1h_previous_body_pct_gte_18.78308,(1h_current_range_pct/5m_compression >= 1.526e+10 OR (1h_current_body_pct - 1h_previous_body_pct) >= 18.78),ast,or_pair
270,54,98.18,40.74,3.4353,2.855,47.78,3.9633,3.0556,50.37,3.8413,2.5507,47.41,3.861,1.7458,44.81,185.5071,-79.9163,5.683,3.499,1.4488,3.499,SF_OR_SR_1h_current_range_pct_5m_compression_15262639999.999996_SF_15m_current_body_pct_gte_9.0914,(1h_current_range_pct/5m_compression >= 1.526e+10 OR 15m_current_body_pct >= 9.091),ast,or_pair
270,54,98.18,40.74,3.4353,2.855,47.78,3.9633,3.0556,50.37,3.8413,2.5507,47.41,3.861,1.7458,44.81,185.5071,-79.9163,5.683,3.499,1.4488,3.499,SF_OR_SR_1h_current_range_pct_5m_compression_15262639999.999996_SF_30m_current_body_pct_gte_10.647286,(1h_current_range_pct/5m_compression >= 1.526e+10 OR 30m_current_body_pct >= 10.65),ast,or_pair
270,54,98.18,35.19,1.9805,1.2831,35.56,2.916,1.6052,41.48,3.455,1.3983,42.22,4.1909,1.7458,43.7,106.9454,-60.081,3.3487,2.0172,1.0491,3.4906,SF_LIN2_1h_current_volume_ratio_1h_previous_range_pct_2.0_0.5,linear(1h_current_volume_ratio*2.0+1h_previous_range_pct*0.5),linear,linear_pair
270,54,98.18,42.22,2.5961,2.3995,43.33,3.4481,2.666,47.41,3.6658,2.1722,46.3,3.9052,1.404,43.33,140.1905,-99.649,4.104,2.6442,0.8894,3.4769,SF_ATOM_33,2h_current_range_pct >= 14.96,ast,atom
270,54,98.18,39.63,3.2526,2.7649,46.67,3.8647,2.8392,48.89,3.8742,2.4196,45.93,3.559,1.5798,43.7,175.6428,-92.8754,5.3896,3.3129,1.0972,3.4622,SF_ATOM_65,15m_current_body_pct >= 4.546,ast,atom
270,54,98.18,32.59,2.7732,2.2962,41.11,3.5861,2.321,43.7,3.7796,2.4924,45.93,3.7992,1.9261,42.96,149.7506,-60.2897,5.0882,2.8246,1.2163,3.4615,SF_LIN2_30m_current_body_pct_15m_current_return_pct_2.0_1.5,linear(30m_current_body_pct*2.0+15m_current_return_pct*1.5),linear,linear_pair
270,54,98.18,25.19,1.5999,1.0002,28.89,2.1629,1.3068,33.7,2.8381,1.3053,38.15,3.5273,1.4255,39.26,86.3955,-49.9109,3.3427,1.6296,0.5694,3.4579,SF_LIN2_1h_current_volume_ratio_5m_seq_high_break_6_2.0_0.5,linear(1h_current_volume_ratio*2.0+5m_seq_high_break_6*0.5),linear,linear_pair
270,54,98.18,25.19,1.5999,1.0002,28.89,2.1629,1.3068,33.7,2.8381,1.3053,38.15,3.5273,1.4255,39.26,86.3955,-49.9109,3.3427,1.6296,0.5694,3.4579,SF_LIN2_1h_current_volume_ratio_5m_seq_high_break_6_2.0_1.0,linear(1h_current_volume_ratio*2.0+5m_seq_high_break_6*1.0),linear,linear_pair
270,54,98.18,25.19,1.5999,1.0002,28.89,2.1629,1.3068,33.7,2.8381,1.3053,38.15,3.5273,1.4255,39.26,86.3955,-49.9109,3.3427,1.6296,0.5694,3.4579,SF_LIN2_1h_current_volume_ratio_5m_seq_high_break_6_2.0_1.5,linear(1h_current_volume_ratio*2.0+5m_seq_high_break_6*1.5),linear,linear_pair
270,54,98.18,25.19,1.5999,1.0002,28.89,2.1629,1.3068,33.7,2.8381,1.3053,38.15,3.5273,1.4255,39.26,86.3955,-49.9109,3.3427,1.6296,0.5694,3.4579,SF_LIN_1h_current_volume_ratio_2_00,linear(1h_current_volume_ratio * 2.00),linear,linear_single
270,54,98.18,39.26,3.4635,2.8157,47.41,3.9957,3.2553,51.11,4.0932,2.7241,48.15,4.0881,1.8015,45.56,187.0276,-90.0164,5.837,3.5277,1.1836,3.4534,SF_OR_SF_2h_current_body_pct_gte_20.609914_SF_1h_current_ma20_distance_pct_gte_20.388471,(2h_current_body_pct >= 20.61 OR 1h_current_ma20_distance_pct >= 20.39),ast,or_pair
270,54,98.18,34.44,2.8061,2.3217,41.85,4.1128,2.6773,46.67,4.4193,2.6487,47.78,4.1627,2.0377,44.07,151.5273,-60.2897,5.0995,2.8581,1.3242,3.4499,SF_LIN2_30m_current_body_pct_15m_current_return_pct_2.0_1.0,linear(30m_current_body_pct*2.0+15m_current_return_pct*1.0),linear,linear_pair
270,54,98.18,24.44,1.3878,1.4128,31.85,2.6815,1.9865,38.89,3.007,1.6779,42.22,3.7639,1.1067,40.37,74.9427,-52.0891,3.1001,1.4135,0.6032,3.4494,SF_LIN_1h_previous_return_pct_m0_50,linear(1h_previous_return_pct * -0.50),linear,linear_single
270,54,98.18,41.48,3.4684,2.855,47.78,4.0979,3.0746,50.74,4.1149,2.6395,47.78,4.0061,1.7458,44.81,187.2955,-79.9163,5.7127,3.5327,1.4904,3.4489,SF_OR_SR_1h_current_range_pct_5m_compression_15262639999.999996_SD_2h_current_return_pct_1h_current_return_pct_gte_13.61786,(1h_current_range_pct/5m_compression >= 1.526e+10 OR (2h_current_return_pct - 1h_current_return_pct) >= 13.62),ast,or_pair
270,54,98.18,40.74,3.4474,2.855,47.78,4.0047,3.0556,50.37,3.8729,2.5507,47.41,3.884,1.8015,45.19,186.1581,-79.9163,5.7046,3.5113,1.4639,3.4271,SF_OR_SR_1h_current_range_pct_5m_compression_15262639999.999996_SF_2h_previous_return_pct_gte_26.298514,(1h_current_range_pct/5m_compression >= 1.526e+10 OR 2h_previous_return_pct >= 26.3),ast,or_pair
270,54,98.18,40.74,3.2628,2.8157,47.41,3.5437,2.9626,49.63,3.4817,2.4909,47.04,3.4956,1.7458,44.81,176.1902,-90.303,5.3782,3.3233,1.2313,3.422,SF_OR_SF_2h_current_body_pct_gte_20.609914_SF_derived_range_expansion_gte_8.077786,(2h_current_body_pct >= 20.61 OR derived_range_expansion >= 8.078),ast,or_pair
270,54,98.18,27.04,1.8189,1.1797,31.48,2.2115,1.3017,34.81,2.5623,1.0684,37.41,2.6032,1.104,37.78,98.2185,-59.8132,3.852,1.8526,0.5723,3.4069,SF_LIN2_2h_current_volume_ratio_1h_current_volume_ratio_1.0_0.5,linear(2h_current_volume_ratio*1.0+1h_current_volume_ratio*0.5),linear,linear_pair
270,54,98.18,35.93,2.3953,2.0492,39.63,3.2139,1.8721,42.22,3.4269,1.8635,43.33,4.5664,1.8015,42.59,129.3455,-69.6918,4.1047,2.4397,1.0917,3.4029,SF_LIN2_5m_seq_high_break_6_30m_current_body_pct_1.0_1.5,linear(5m_seq_high_break_6*1.0+30m_current_body_pct*1.5),linear,linear_pair
270,54,98.18,35.93,2.3953,2.0492,39.63,3.2139,1.8721,42.22,3.4269,1.8635,43.33,4.5664,1.8015,42.59,129.3455,-69.6918,4.1047,2.4397,1.0917,3.4029,SF_LIN2_5m_seq_high_break_6_30m_current_body_pct_2.0_1.5,linear(5m_seq_high_break_6*2.0+30m_current_body_pct*1.5),linear,linear_pair
270,54,98.18,35.93,2.3953,2.0492,39.63,3.2139,1.8721,42.22,3.4269,1.8635,43.33,4.5664,1.8015,42.59,129.3455,-69.6918,4.1047,2.4397,1.0917,3.4029,SF_LIN2_range_expansion_30m_current_body_pct_1.0_1.5,linear(range_expansion*1.0+30m_current_body_pct*1.5),linear,linear_pair
270,54,98.18,35.93,2.3953,2.0492,39.63,3.2139,1.8721,42.22,3.4269,1.8635,43.33,4.5664,1.8015,42.59,129.3455,-69.6918,4.1047,2.4397,1.0917,3.4029,SF_LIN2_range_expansion_30m_current_body_pct_2.0_1.5,linear(range_expansion*2.0+30m_current_body_pct*1.5),linear,linear_pair
270,54,98.18,35.93,2.3953,2.0492,39.63,3.2139,1.8721,42.22,3.4269,1.8635,43.33,4.5664,1.8015,42.59,129.3455,-69.6918,4.1047,2.4397,1.0917,3.4029,SF_LIN_30m_current_body_pct_1_50,linear(30m_current_body_pct * 1.50),linear,linear_single
270,54,98.18,32.22,1.2791,0.9778,31.85,1.9502,0.5352,36.67,2.3194,0.717,38.15,3.1522,0.4061,40.0,69.0738,-58.2996,2.3034,1.3028,0.7958,3.3888,SF_LIN2_2h_current_compression_5m_range_energy_1.0_1.0,linear(2h_current_compression*1.0+5m_range_energy*1.0),linear,linear_pair
270,54,98.18,40.74,3.4179,2.8157,47.41,3.7908,3.0556,50.37,3.8805,2.6395,47.78,4.0372,1.8015,45.19,184.5648,-90.303,5.6796,3.4813,1.2497,3.3766,SF_AND_SF_derived_range_expansion_gte_8.077786_SF_2h_current_range_pct_gte_14.964243,(derived_range_expansion >= 8.078 AND 2h_current_range_pct >= 14.96),ast,and_pair
270,54,98.18,26.3,3.0833,1.697,35.56,4.0836,1.9139,39.63,4.118,1.7125,40.0,3.558,1.3509,38.89,166.4977,-37.4329,6.2241,3.1405,1.2355,3.3762,SF_LIN2_2h_current_compression_15m_current_return_pct_2.0_1.0,linear(2h_current_compression*2.0+15m_current_return_pct*1.0),linear,linear_pair
270,54,98.18,32.22,2.3146,1.485,32.59,3.2309,1.7978,38.52,3.5549,1.8139,39.63,4.0437,2.0377,40.0,124.9888,-48.7957,4.1779,2.3575,1.0833,3.3603,SF_LIN2_1h_current_compression_30m_current_body_pct_1.0_1.0,linear(1h_current_compression*1.0+30m_current_body_pct*1.0),linear,linear_pair
270,54,98.18,41.11,3.4743,2.855,47.78,3.9513,3.0556,50.37,3.916,2.5507,47.41,3.8746,1.7458,44.81,187.6097,-79.9163,5.7233,3.5387,1.4981,3.3382,SF_OR_SF_15m_current_ma20_distance_pct_gte_26.750886_SR_1h_current_range_pct_5m_compression_15262639999.999996,(15m_current_ma20_distance_pct >= 26.75 OR 1h_current_range_pct/5m_compression >= 1.526e+10),ast,or_pair
270,54,98.18,41.11,3.4743,2.855,47.78,3.9513,3.0556,50.37,3.916,2.5507,47.41,3.8746,1.7458,44.81,187.6097,-79.9163,5.7233,3.5387,1.4981,3.3382,SF_OR_SF_1h_current_ma20_distance_pct_gte_35.705329_SR_1h_current_range_pct_5m_compression_15262639999.999996,(1h_current_ma20_distance_pct >= 35.71 OR 1h_current_range_pct/5m_compression >= 1.526e+10),ast,or_pair
270,54,98.18,41.11,3.4743,2.855,47.78,3.9513,3.0556,50.37,3.916,2.5507,47.41,3.8746,1.7458,44.81,187.6097,-79.9163,5.7233,3.5387,1.4981,3.3382,SF_OR_SF_2h_current_body_pct_gte_20.609914_SR_1h_current_range_pct_5m_compression_15262639999.999996,(2h_current_body_pct >= 20.61 OR 1h_current_range_pct/5m_compression >= 1.526e+10),ast,or_pair
270,54,98.18,41.11,3.4743,2.855,47.78,3.9513,3.0556,50.37,3.916,2.5507,47.41,3.8746,1.7458,44.81,187.6097,-79.9163,5.7233,3.5387,1.4981,3.3382,SF_OR_SR_1h_current_range_pct_5m_compression_15262639999.999996_SF_30m_previous_ma20_distance_pct_gte_39.165157,(1h_current_range_pct/5m_compression >= 1.526e+10 OR 30m_previous_ma20_distance_pct >= 39.17),ast,or_pair
270,54,98.18,27.41,1.553,0.9781,29.26,1.9828,0.6377,33.33,2.2711,0.7153,35.93,2.2608,1.0602,37.41,83.8611,-53.4632,2.9957,1.5818,0.6241,3.3331,SF_LIN2_2h_current_volume_ratio_1h_previous_return_pct_2.0_0.5,linear(2h_current_volume_ratio*2.0+1h_previous_return_pct*0.5),linear,linear_pair
270,54,98.18,24.44,1.447,0.9209,27.04,1.9016,0.9631,32.22,2.5109,1.2178,36.67,3.3658,1.2903,38.89,78.1356,-50.8093,3.1304,1.4738,0.4728,3.2852,SF_LIN_1h_current_volume_ratio_3_00,linear(1h_current_volume_ratio * 3.00),linear,linear_single
270,54,98.18,31.48,1.263,1.0439,31.11,1.9772,0.5736,35.93,2.3561,0.8757,37.78,3.2357,0.525,38.89,68.2007,-58.2996,2.2757,1.2864,0.7573,3.2804,SF_LIN2_2h_current_compression_5m_range_energy_2.0_1.5,linear(2h_current_compression*2.0+5m_range_energy*1.5),linear,linear_pair
270,54,98.18,26.3,3.4085,1.9375,35.93,4.236,2.0748,39.26,4.4242,1.9794,40.37,3.8839,1.404,38.52,184.058,-43.5852,7.1333,3.4717,1.1672,3.274,SF_LIN2_1h_current_compression_15m_current_return_pct_1.0_0.5,linear(1h_current_compression*1.0+15m_current_return_pct*0.5),linear,linear_pair
270,54,98.18,25.56,1.755,1.1797,30.74,2.437,1.258,34.44,2.8069,1.2129,37.41,3.1914,1.3425,39.63,94.7681,-59.8132,3.7742,1.7875,0.5128,3.2412,SF_LIN2_2h_current_volume_ratio_1h_current_volume_ratio_1.0_1.0,linear(2h_current_volume_ratio*1.0+1h_current_volume_ratio*1.0),linear,linear_pair
270,54,98.18,31.11,1.4193,1.0661,30.74,1.8254,0.6023,33.33,2.4139,1.0149,37.78,3.2001,0.8758,39.26,76.6433,-64.1128,2.5947,1.4456,0.6289,3.24,SF_LIN2_1h_current_compression_5m_range_energy_2.0_1.5,linear(1h_current_compression*2.0+5m_range_energy*1.5),linear,linear_pair
270,54,98.18,34.81,2.2454,1.9103,37.78,3.1843,1.8721,42.59,3.4965,1.8289,43.33,4.7055,1.7458,42.59,121.2524,-69.6918,3.8381,2.287,0.9985,3.2299,SF_LIN_30m_current_body_pct_2_00,linear(30m_current_body_pct * 2.00),linear,linear_single
270,54,98.18,29.63,1.8256,0.7527,31.48,2.4045,0.6377,36.3,2.842,0.746,37.78,3.263,0.498,37.41,98.5807,-61.4713,3.4782,1.8594,0.6798,3.2235,SF_LIN2_1h_previous_return_pct_1h_current_volume_ratio_2.0_1.5,linear(1h_previous_return_pct*2.0+1h_current_volume_ratio*1.5),linear,linear_pair
270,54,98.18,40.0,2.5345,1.6386,39.26,3.6092,2.0126,44.07,3.8845,1.6939,45.56,3.453,1.2089,42.59,136.8626,-50.8717,4.239,2.5815,1.6641,3.2047,SF_LIN_15m_current_compression_m0_50,linear(15m_current_compression * -0.50),linear,linear_single
270,54,98.18,34.81,1.8531,1.6154,38.15,2.055,1.1387,37.04,2.7761,1.3883,43.33,3.3133,1.3316,42.22,100.0689,-63.6792,3.2782,1.8875,1.1158,3.201,SF_LIN_2h_previous_return_pct_0_50,linear(2h_previous_return_pct * 0.50),linear,linear_single
270,54,98.18,35.19,2.3866,1.6323,36.67,3.5006,2.0444,41.85,3.4677,1.7665,40.74,4.4076,1.8773,42.22,128.8781,-61.0084,4.146,2.4308,1.1577,3.1986,SF_LIN2_2h_current_compression_30m_current_body_pct_1.0_1.0,linear(2h_current_compression*1.0+30m_current_body_pct*1.0),linear,linear_pair
270,54,98.18,40.74,2.4581,2.4359,44.07,3.3958,2.7388,47.78,3.88,2.3866,45.93,4.1461,2.1492,46.3,132.7384,-92.9806,4.0504,2.5037,1.0468,3.1674,SF_ATOM_76,rank(1h_current_body_pct) >= 0.9,ast,atom
270,54,98.18,41.48,3.3349,2.8157,47.41,3.8965,3.0746,50.74,3.9442,2.6794,48.15,4.0626,1.9779,45.56,180.0838,-90.303,5.5034,3.3967,1.3164,3.1662,SF_AND_SD_1h_current_range_pct_1h_previous_range_pct_gte_5.76056_SF_2h_current_range_pct_gte_14.964243,((1h_current_range_pct - 1h_previous_range_pct) >= 5.761 AND 2h_current_range_pct >= 14.96),ast,and_pair
270,54,98.18,28.89,2.1492,1.506,34.07,2.4324,1.3069,37.04,2.811,1.2129,39.26,3.5427,1.3425,40.0,116.0569,-60.4258,4.3966,2.189,0.8093,3.1477,SF_LIN2_2h_current_volume_ratio_5m_seq_high_break_6_1.0_0.5,linear(2h_current_volume_ratio*1.0+5m_seq_high_break_6*0.5),linear,linear_pair
270,54,98.18,28.89,2.1492,1.506,34.07,2.4324,1.3069,37.04,2.811,1.2129,39.26,3.5427,1.3425,40.0,116.0569,-60.4258,4.3966,2.189,0.8093,3.1477,SF_LIN2_2h_current_volume_ratio_5m_seq_high_break_6_1.0_1.0,linear(2h_current_volume_ratio*1.0+5m_seq_high_break_6*1.0),linear,linear_pair
270,54,98.18,28.89,2.1492,1.506,34.07,2.4324,1.3069,37.04,2.811,1.2129,39.26,3.5427,1.3425,40.0,116.0569,-60.4258,4.3966,2.189,0.8093,3.1477,SF_LIN2_2h_current_volume_ratio_5m_seq_high_break_6_1.0_1.5,linear(2h_current_volume_ratio*1.0+5m_seq_high_break_6*1.5),linear,linear_pair
270,54,98.18,28.89,2.1492,1.506,34.07,2.4324,1.3069,37.04,2.811,1.2129,39.26,3.5427,1.3425,40.0,116.0569,-60.4258,4.3966,2.189,0.8093,3.1477,SF_LIN2_2h_current_volume_ratio_range_expansion_1.0_0.5,linear(2h_current_volume_ratio*1.0+range_expansion*0.5),linear,linear_pair
270,54,98.18,28.89,2.1492,1.506,34.07,2.4324,1.3069,37.04,2.811,1.2129,39.26,3.5427,1.3425,40.0,116.0569,-60.4258,4.3966,2.189,0.8093,3.1477,SF_LIN2_2h_current_volume_ratio_range_expansion_1.0_1.0,linear(2h_current_volume_ratio*1.0+range_expansion*1.0),linear,linear_pair
270,54,98.18,28.89,2.1492,1.506,34.07,2.4324,1.3069,37.04,2.811,1.2129,39.26,3.5427,1.3425,40.0,116.0569,-60.4258,4.3966,2.189,0.8093,3.1477,SF_LIN2_2h_current_volume_ratio_range_expansion_1.0_1.5,linear(2h_current_volume_ratio*1.0+range_expansion*1.5),linear,linear_pair
270,54,98.18,28.89,2.1492,1.506,34.07,2.4324,1.3069,37.04,2.811,1.2129,39.26,3.5427,1.3425,40.0,116.0569,-60.4258,4.3966,2.189,0.8093,3.1477,SF_LIN_2h_current_volume_ratio_1_00,linear(2h_current_volume_ratio * 1.00),linear,linear_single
270,54,98.18,39.63,3.2537,2.7649,46.67,3.9395,3.0746,50.37,3.868,2.5675,47.04,3.8782,1.7295,45.19,175.6984,-90.0164,5.3865,3.314,1.2339,3.065,SF_OR_SR_1h_current_range_pct_5m_compression_15262639999.999996_SF_1h_current_ma20_distance_pct_gte_20.388471,(1h_current_range_pct/5m_compression >= 1.526e+10 OR 1h_current_ma20_distance_pct >= 20.39),ast,or_pair
270,54,98.18,32.59,1.1969,0.8345,30.74,1.5686,0.0531,33.33,2.2898,0.3054,40.0,3.396,1.0602,40.0,64.6308,-61.8988,2.0951,1.2191,0.7557,3.0567,SF_LIN2_2h_current_volume_ratio_5m_range_energy_2.0_1.0,linear(2h_current_volume_ratio*2.0+5m_range_energy*1.0),linear,linear_pair
270,54,98.18,25.19,2.0458,1.2721,31.48,2.6187,1.2885,34.07,2.9883,1.3337,38.52,3.1538,1.3509,38.52,110.4746,-54.7744,4.4674,2.0837,0.6838,3.0513,SF_LIN2_1h_current_volume_ratio_15m_current_return_pct_2.0_0.5,linear(1h_current_volume_ratio*2.0+15m_current_return_pct*0.5),linear,linear_pair
270,54,98.18,25.93,3.393,1.9028,35.56,4.3167,1.9799,39.63,4.3897,1.8841,40.37,3.9882,1.3683,38.15,183.2198,-37.4329,7.1728,3.4559,1.3048,3.0486,SF_LIN2_1h_current_compression_15m_current_return_pct_1.0_1.0,linear(1h_current_compression*1.0+15m_current_return_pct*1.0),linear,linear_pair
270,54,98.18,25.19,3.1966,1.7067,35.93,4.0732,1.9139,38.89,4.0728,1.7339,40.0,3.7545,1.2542,38.89,172.6162,-37.4329,6.5367,3.2559,1.2792,3.0437,SF_LIN2_2h_current_compression_15m_current_return_pct_2.0_1.5,linear(2h_current_compression*2.0+15m_current_return_pct*1.5),linear,linear_pair
270,54,98.18,31.85,1.2865,1.0354,31.48,1.9821,0.6023,36.3,2.4122,0.8161,38.52,3.3708,0.643,40.0,69.4734,-58.2996,2.316,1.3103,0.8376,3.034,SF_LIN2_1h_current_compression_5m_range_energy_1.0_1.5,linear(1h_current_compression*1.0+5m_range_energy*1.5),linear,linear_pair
270,54,98.18,25.19,3.1793,1.8364,35.19,3.8069,1.7064,38.15,3.904,1.5437,38.15,3.3128,1.3096,38.15,171.6797,-36.7725,6.5671,3.2382,1.2656,3.0245,SF_LIN2_30m_current_volume_ratio_15m_current_return_pct_1.0_1.5,linear(30m_current_volume_ratio*1.0+15m_current_return_pct*1.5),linear,linear_pair
270,54,98.18,24.81,3.1383,1.7852,34.81,3.8057,1.6535,38.52,3.9202,1.6485,38.89,3.3035,1.1822,39.26,169.4673,-39.0448,6.4512,3.1965,1.195,2.986,SF_LIN2_30m_current_volume_ratio_15m_current_return_pct_1.0_1.0,linear(30m_current_volume_ratio*1.0+15m_current_return_pct*1.0),linear,linear_pair
270,54,98.18,28.52,1.6297,0.5847,29.63,1.8873,0.409,33.33,2.2125,0.7273,37.04,2.8269,0.4262,36.67,88.0013,-66.712,3.1373,1.6599,0.4925,2.9852,SF_LIN2_2h_current_volume_ratio_1h_previous_return_pct_1.0_1.5,linear(2h_current_volume_ratio*1.0+1h_previous_return_pct*1.5),linear,linear_pair
270,54,98.18,34.81,2.0434,1.3778,35.93,2.7316,1.3068,40.0,3.0542,1.2198,42.22,3.7571,1.0602,41.48,110.3435,-58.905,3.579,2.0813,1.1785,2.978,SF_LIN2_1h_previous_range_pct_15m_current_return_pct_1.0_1.0,linear(1h_previous_range_pct*1.0+15m_current_return_pct*1.0),linear,linear_pair
270,54,98.18,41.85,2.6537,2.3201,43.7,3.4137,2.3948,46.67,3.5625,2.1374,44.81,3.8407,1.4618,43.33,143.3002,-95.0593,4.2618,2.7029,1.0868,2.9662,SF_ATOM_68,rank(1h_current_range_pct) >= 0.9,ast,atom
270,54,98.18,27.41,3.1436,1.7904,36.67,4.0869,1.8438,39.26,4.1914,1.7665,40.37,3.4507,1.0724,38.15,169.7522,-43.5852,6.4096,3.2019,1.2904,2.9486,SF_LIN2_2h_current_compression_15m_current_return_pct_2.0_0.5,linear(2h_current_compression*2.0+15m_current_return_pct*0.5),linear,linear_pair
270,54,98.18,29.63,1.8927,1.0404,31.11,2.1324,0.9098,34.44,2.3082,0.933,37.78,2.9625,1.0841,37.78,102.2064,-62.375,3.6422,1.9278,0.706,2.9483,SF_LIN2_2h_current_volume_ratio_1h_previous_return_pct_2.0_1.0,linear(2h_current_volume_ratio*2.0+1h_previous_return_pct*1.0),linear,linear_pair
270,54,98.18,23.33,1.5345,0.9647,27.41,1.982,1.0495,31.85,2.4788,1.2178,35.19,3.1558,1.1332,36.3,82.8625,-53.7652,3.3068,1.5629,0.4615,2.9243,SF_LIN2_30m_current_volume_ratio_1h_current_volume_ratio_1.0_1.5,linear(30m_current_volume_ratio*1.0+1h_current_volume_ratio*1.5),linear,linear_pair
270,54,98.18,35.93,1.5248,1.247,35.19,2.421,0.6228,37.78,2.9678,0.8032,40.74,3.6146,0.2814,40.37,82.3396,-66.7254,2.5294,1.5531,1.0185,2.9164,SF_LIN2_1h_previous_range_pct_15m_current_return_pct_2.0_1.0,linear(1h_previous_range_pct*2.0+15m_current_return_pct*1.0),linear,linear_pair
270,54,98.18,8.52,1.1622,0.8188,15.56,1.4159,0.9923,21.48,1.6065,1.0286,25.19,1.6402,0.7337,28.89,62.7578,-12.0628,5.435,1.1837,0.2108,2.9044,SF_LIN_1h_previous_range_pct_m2_00,linear(1h_previous_range_pct * -2.00),linear,linear_single
270,54,98.18,36.3,2.3694,1.5438,35.56,3.6239,2.243,41.48,3.9397,1.8485,41.85,4.0437,1.6183,41.11,127.9462,-61.5131,3.984,2.4133,1.2055,2.904,SF_LIN2_2h_current_compression_30m_current_body_pct_1.0_0.5,linear(2h_current_compression*1.0+30m_current_body_pct*0.5),linear,linear_pair
270,54,98.18,23.7,1.4836,1.0612,28.15,1.9872,1.0628,32.59,2.7392,1.2336,37.04,3.3625,1.3096,38.15,80.1167,-49.9109,3.1746,1.5111,0.5855,2.8965,SF_LIN2_1h_current_volume_ratio_2h_current_compression_2.0_0.5,linear(1h_current_volume_ratio*2.0+2h_current_compression*0.5),linear,linear_pair
270,54,98.18,22.96,1.7024,1.0736,28.52,2.0861,1.145,32.59,2.3955,1.2841,35.93,3.0006,1.0892,35.93,91.9288,-43.2228,3.7917,1.734,0.7182,2.8934,SF_LIN2_2h_current_volume_ratio_30m_current_volume_ratio_1.0_1.5,linear(2h_current_volume_ratio*1.0+30m_current_volume_ratio*1.5),linear,linear_pair
270,54,98.18,10.0,1.5086,0.9589,18.52,1.8999,1.2293,24.07,2.1892,1.3337,28.89,2.2737,0.9682,30.74,81.4657,-13.9662,6.3015,1.5366,0.3831,2.8445,SF_LIN_1h_previous_range_pct_m1_00,linear(1h_previous_range_pct * -1.00),linear,linear_single
270,54,98.18,39.26,3.01,2.5366,45.19,3.4437,2.7388,48.15,3.4105,1.8039,45.56,4.5378,1.6536,44.07,162.5409,-84.6708,4.9954,3.0658,1.2978,2.8369,SF_ATOM_47,(1h_current_body_pct - 1h_previous_body_pct) >= 3.969,ast,atom
270,54,98.18,24.81,1.126,1.0455,32.22,1.1067,0.5736,33.7,1.2378,0.417,36.67,1.5346,-0.0781,35.93,60.8033,-70.9074,2.3348,1.1469,0.3666,2.8201,SF_LIN_5m_seq_return_sum_6_2_00,linear(5m_seq_return_sum_6 * 2.00),linear,linear_single
270,54,98.18,25.56,2.5554,1.4013,28.52,2.744,1.4889,32.22,3.065,1.3799,34.44,2.8367,1.0242,32.96,137.9899,-33.1638,6.013,2.6028,1.0926,2.8032,SF_LIN2_1h_current_compression_5m_seq_high_break_6_2.0_0.5,linear(1h_current_compression*2.0+5m_seq_high_break_6*0.5),linear,linear_pair
270,54,98.18,25.56,2.5554,1.4013,28.52,2.744,1.4889,32.22,3.065,1.3799,34.44,2.8367,1.0242,32.96,137.9899,-33.1638,6.013,2.6028,1.0926,2.8032,SF_LIN2_1h_current_compression_5m_seq_high_break_6_2.0_1.0,linear(1h_current_compression*2.0+5m_seq_high_break_6*1.0),linear,linear_pair
270,54,98.18,25.56,2.5554,1.4013,28.52,2.744,1.4889,32.22,3.065,1.3799,34.44,2.8367,1.0242,32.96,137.9899,-33.1638,6.013,2.6028,1.0926,2.8032,SF_LIN2_1h_current_compression_5m_seq_high_break_6_2.0_1.5,linear(1h_current_compression*2.0+5m_seq_high_break_6*1.5),linear,linear_pair
270,54,98.18,25.56,2.5554,1.4013,28.52,2.744,1.4889,32.22,3.065,1.3799,34.44,2.8367,1.0242,32.96,137.9899,-33.1638,6.013,2.6028,1.0926,2.8032,SF_LIN2_1h_current_compression_range_expansion_2.0_0.5,linear(1h_current_compression*2.0+range_expansion*0.5),linear,linear_pair
270,54,98.18,25.56,2.5554,1.4013,28.52,2.744,1.4889,32.22,3.065,1.3799,34.44,2.8367,1.0242,32.96,137.9899,-33.1638,6.013,2.6028,1.0926,2.8032,SF_LIN2_1h_current_compression_range_expansion_2.0_1.0,linear(1h_current_compression*2.0+range_expansion*1.0),linear,linear_pair
270,54,98.18,25.56,2.5554,1.4013,28.52,2.744,1.4889,32.22,3.065,1.3799,34.44,2.8367,1.0242,32.96,137.9899,-33.1638,6.013,2.6028,1.0926,2.8032,SF_LIN2_1h_current_compression_range_expansion_2.0_1.5,linear(1h_current_compression*2.0+range_expansion*1.5),linear,linear_pair
270,54,98.18,25.56,2.5554,1.4013,28.52,2.744,1.4889,32.22,3.065,1.3799,34.44,2.8367,1.0242,32.96,137.9899,-33.1638,6.013,2.6028,1.0926,2.8032,SF_LIN_1h_current_compression_2_00,linear(1h_current_compression * 2.00),linear,linear_single
270,54,98.18,24.81,1.9257,1.2329,32.22,2.446,1.5496,35.19,2.7778,1.2565,37.78,3.6008,1.4764,39.63,103.9883,-58.9665,4.0944,1.9614,0.6577,2.7986,SF_LIN2_2h_current_volume_ratio_2h_current_compression_1.0_1.0,linear(2h_current_volume_ratio*1.0+2h_current_compression*1.0),linear,linear_pair
270,54,98.18,28.89,1.6966,1.1654,31.48,2.5886,1.4905,37.04,2.8095,1.1038,38.89,3.5969,1.404,42.22,91.6151,-66.316,3.2922,1.7281,0.6354,2.7744,SF_LIN2_2h_current_volume_ratio_30m_current_body_pct_2.0_1.0,linear(2h_current_volume_ratio*2.0+30m_current_body_pct*1.0),linear,linear_pair
270,54,98.18,32.96,1.3162,0.9244,32.96,2.003,0.2225,36.3,2.3355,0.0997,38.52,3.582,0.4061,39.26,71.0747,-69.8478,2.3089,1.3406,0.7642,2.7731,SF_LIN2_30m_current_volume_ratio_5m_range_energy_1.0_1.5,linear(30m_current_volume_ratio*1.0+5m_range_energy*1.5),linear,linear_pair
270,54,98.18,32.96,2.3916,1.5417,35.56,2.7306,1.5627,39.63,2.8584,1.2213,40.74,2.9382,1.2433,39.26,129.1462,-58.9539,4.2543,2.4359,1.1536,2.7581,SF_LIN_2h_current_volume_ratio_0_50,linear(2h_current_volume_ratio * 0.50),linear,linear_single
270,54,98.18,33.33,2.7781,1.887,37.41,4.35,2.2904,43.7,4.7939,1.9898,43.7,4.0758,0.8548,40.0,150.0182,-46.5056,5.2041,2.8296,1.5166,2.7479,SF_LIN_2h_current_volume_ratio_m0_50,linear(2h_current_volume_ratio * -0.50),linear,linear_single
270,54,98.18,22.59,2.5647,1.5417,30.74,3.0567,1.3815,35.19,3.2555,1.4592,35.93,3.2904,1.0996,37.78,138.4914,-39.0448,5.5788,2.6122,0.9586,2.7379,SF_LIN2_30m_current_volume_ratio_15m_current_return_pct_2.0_1.5,linear(30m_current_volume_ratio*2.0+15m_current_return_pct*1.5),linear,linear_pair
270,54,98.18,24.44,1.7259,1.1124,30.37,2.3502,1.145,32.96,2.7219,1.1322,36.67,3.3123,1.404,39.26,93.1974,-59.8132,3.7111,1.7579,0.5523,2.737,SF_LIN2_2h_current_volume_ratio_1h_current_volume_ratio_1.0_1.5,linear(2h_current_volume_ratio*1.0+1h_current_volume_ratio*1.5),linear,linear_pair
270,54,98.18,23.33,1.6501,1.0661,28.52,2.1082,1.145,32.96,2.6606,1.3053,35.93,3.1541,1.104,35.19,89.1076,-53.7652,3.5459,1.6807,0.5508,2.7345,SF_LIN2_30m_current_volume_ratio_1h_current_volume_ratio_1.0_1.0,linear(30m_current_volume_ratio*1.0+1h_current_volume_ratio*1.0),linear,linear_pair
270,54,98.18,38.89,1.4356,1.3849,36.67,2.3249,1.3068,41.48,2.4772,0.933,42.22,2.8717,0.6262,40.37,77.5243,-95.2655,2.2546,1.4622,0.6578,2.7271,SF_LIN2_1h_current_volume_ratio_2h_current_range_pct_1.0_1.5,linear(1h_current_volume_ratio*1.0+2h_current_range_pct*1.5),linear,linear_pair
270,54,98.18,22.96,1.7612,1.2319,30.37,2.338,1.145,34.44,2.426,1.3468,35.93,2.7024,1.05,36.67,95.1026,-50.4418,3.5778,1.7938,0.6858,2.7212,SF_LIN2_30m_current_volume_ratio_30m_current_body_pct_2.0_0.5,linear(30m_current_volume_ratio*2.0+30m_current_body_pct*0.5),linear,linear_pair
270,54,98.18,34.07,2.1577,1.6977,36.67,3.0897,1.8462,41.85,3.3975,1.7665,42.96,4.3193,1.7458,42.59,116.5138,-69.6918,3.6759,2.1977,1.0212,2.7201,SF_LIN_30m_current_body_pct_3_00,linear(30m_current_body_pct * 3.00),linear,linear_single
270,54,98.18,35.56,1.8146,1.3674,37.04,2.6523,1.2828,40.37,3.1473,1.308,41.85,4.2639,1.0602,42.22,97.9861,-74.709,2.9741,1.8482,0.975,2.7185,SF_LIN2_30m_current_body_pct_5m_range_energy_2.0_0.5,linear(30m_current_body_pct*2.0+5m_range_energy*0.5),linear,linear_pair
270,54,98.18,35.19,1.3843,1.1145,33.33,2.0057,0.2225,37.41,2.3763,0.0997,39.26,3.2866,-0.0781,40.37,74.7511,-72.6427,2.373,1.41,0.8279,2.7155,SF_LIN2_30m_current_body_pct_5m_range_energy_1.0_1.5,linear(30m_current_body_pct*1.0+5m_range_energy*1.5),linear,linear_pair
270,54,98.18,34.44,1.6124,0.5682,32.22,2.2251,0.4869,37.78,2.8222,0.746,38.52,2.7723,0.7193,39.63,87.0672,-95.2749,2.8921,1.6423,0.3166,2.7052,SF_LIN2_1h_previous_return_pct_30m_current_body_pct_1.0_0.5,linear(1h_previous_return_pct*1.0+30m_current_body_pct*0.5),linear,linear_pair
270,54,98.18,25.56,3.267,1.7963,34.07,4.1708,1.9283,39.26,4.2911,1.9413,40.37,3.6313,1.3354,38.15,176.4154,-38.1208,6.8698,3.3276,1.2821,2.6835,SF_LIN2_1h_current_compression_15m_current_return_pct_1.0_1.5,linear(1h_current_compression*1.0+15m_current_return_pct*1.5),linear,linear_pair
270,54,98.18,34.81,1.5566,1.1654,34.81,2.208,0.5239,36.67,2.8068,0.66,39.26,4.3448,0.9439,41.11,84.0559,-66.3775,2.6865,1.5855,1.0155,2.6757,SF_LIN2_30m_current_volume_ratio_5m_range_energy_1.0_1.0,linear(30m_current_volume_ratio*1.0+5m_range_energy*1.0),linear,linear_pair
270,54,98.18,23.7,1.934,1.247,30.37,2.1968,1.13,33.7,2.2285,1.1746,33.7,2.3617,0.7417,32.96,104.4357,-53.9071,4.0439,1.9699,0.6657,2.675,SF_LIN2_30m_current_volume_ratio_2h_current_compression_1.0_1.0,linear(30m_current_volume_ratio*1.0+2h_current_compression*1.0),linear,linear_pair
270,54,98.18,34.07,1.5702,0.8731,32.22,1.9528,0.0531,34.07,2.5161,0.2055,40.37,3.5122,0.525,39.26,84.7909,-61.8988,2.6276,1.5993,0.9735,2.6717,SF_LIN2_2h_current_volume_ratio_5m_range_energy_1.0_0.5,linear(2h_current_volume_ratio*1.0+5m_range_energy*0.5),linear,linear_pair
270,54,98.18,31.85,1.369,1.1654,34.44,1.3076,0.5018,32.59,2.0106,0.9294,40.37,2.533,0.793,37.78,73.9257,-70.283,2.5238,1.3944,0.7956,2.6624,SF_LIN_2h_previous_return_pct_1_00,linear(2h_previous_return_pct * 1.00),linear,linear_single
270,54,98.18,29.63,1.858,0.8065,31.11,2.2464,0.409,35.19,2.5588,0.415,35.93,2.8372,0.3799,35.19,100.331,-63.4917,3.5091,1.8924,0.7388,2.6622,SF_LIN2_1h_previous_return_pct_1h_current_volume_ratio_1.0_1.0,linear(1h_previous_return_pct*1.0+1h_current_volume_ratio*1.0),linear,linear_pair
270,54,98.18,39.26,2.4656,1.5601,38.52,3.505,1.8319,42.96,3.6717,1.4836,44.81,3.1484,1.1332,41.11,133.1448,-50.8717,4.1241,2.5113,1.7102,2.6575,SF_LIN_15m_current_compression_m1_00,linear(15m_current_compression * -1.00),linear,linear_single
270,54,98.18,37.78,2.5912,2.1269,39.63,3.4043,2.274,45.19,3.4321,1.8139,43.33,3.0897,1.3096,40.74,139.9229,-81.7123,4.2963,2.6392,1.0897,2.6396,SF_LIN_15m_current_body_pct_0_50,linear(15m_current_body_pct * 0.50),linear,linear_single
270,54,98.18,36.3,1.6358,1.0719,34.81,2.6329,1.2704,40.0,2.7758,0.8864,40.0,3.5255,1.104,40.74,88.331,-77.4843,2.6956,1.6661,0.8723,2.6028,SF_LIN2_1h_current_volume_ratio_1h_previous_range_pct_2.0_1.0,linear(1h_current_volume_ratio*2.0+1h_previous_range_pct*1.0),linear,linear_pair
270,54,98.18,32.22,1.5486,1.1654,32.96,2.3129,1.0507,37.04,2.5341,0.8292,39.26,2.6421,1.1332,40.0,83.625,-74.7523,2.6964,1.5773,0.689,2.5803,SF_LIN2_2h_current_volume_ratio_2h_current_range_pct_2.0_0.5,linear(2h_current_volume_ratio*2.0+2h_current_range_pct*0.5),linear,linear_pair
270,54,98.18,26.3,1.9542,1.2054,32.59,2.3355,1.3069,35.56,2.712,1.2129,37.41,3.4825,1.2433,38.15,105.5247,-58.9665,4.1206,1.9904,0.7786,2.5746,SF_LIN2_2h_current_volume_ratio_2h_current_compression_1.0_0.5,linear(2h_current_volume_ratio*1.0+2h_current_compression*0.5),linear,linear_pair
270,54,98.18,35.56,1.6147,1.3256,36.3,2.4854,0.6001,39.63,2.9182,1.0452,42.22,3.6502,0.498,41.85,87.1916,-74.709,2.6164,1.6446,0.9632,2.5695,SF_LIN2_30m_current_body_pct_5m_range_energy_2.0_1.0,linear(30m_current_body_pct*2.0+5m_range_energy*1.0),linear,linear_pair
270,54,98.18,35.56,1.4936,1.2831,35.56,2.1031,0.408,38.52,2.456,0.933,41.11,3.2024,-0.2461,40.74,80.6549,-72.6427,2.5369,1.5213,0.9752,2.5318,SF_LIN2_30m_current_body_pct_5m_range_energy_2.0_1.5,linear(30m_current_body_pct*2.0+5m_range_energy*1.5),linear,linear_pair
270,54,98.18,41.48,1.7456,1.6775,39.63,2.7939,1.8462,44.07,2.762,1.7619,45.56,3.1033,1.1119,43.7,94.2641,-95.2859,2.726,1.778,0.9399,2.5176,SF_LIN2_5m_seq_high_break_6_2h_current_range_pct_1.0_0.5,linear(5m_seq_high_break_6*1.0+2h_current_range_pct*0.5),linear,linear_pair
270,54,98.18,41.48,1.7456,1.6775,39.63,2.7939,1.8462,44.07,2.762,1.7619,45.56,3.1033,1.1119,43.7,94.2641,-95.2859,2.726,1.778,0.9399,2.5176,SF_LIN2_5m_seq_high_break_6_2h_current_range_pct_2.0_0.5,linear(5m_seq_high_break_6*2.0+2h_current_range_pct*0.5),linear,linear_pair
270,54,98.18,41.48,1.7456,1.6775,39.63,2.7939,1.8462,44.07,2.762,1.7619,45.56,3.1033,1.1119,43.7,94.2641,-95.2859,2.726,1.778,0.9399,2.5176,SF_LIN2_range_expansion_2h_current_range_pct_1.0_0.5,linear(range_expansion*1.0+2h_current_range_pct*0.5),linear,linear_pair
270,54,98.18,41.48,1.7456,1.6775,39.63,2.7939,1.8462,44.07,2.762,1.7619,45.56,3.1033,1.1119,43.7,94.2641,-95.2859,2.726,1.778,0.9399,2.5176,SF_LIN2_range_expansion_2h_current_range_pct_2.0_0.5,linear(range_expansion*2.0+2h_current_range_pct*0.5),linear,linear_pair
270,54,98.18,41.48,1.7456,1.6775,39.63,2.7939,1.8462,44.07,2.762,1.7619,45.56,3.1033,1.1119,43.7,94.2641,-95.2859,2.726,1.778,0.9399,2.5176,SF_LIN_2h_current_range_pct_0_50,linear(2h_current_range_pct * 0.50),linear,linear_single
270,54,98.18,33.33,1.6956,1.1409,31.85,2.5198,0.8124,35.93,2.9266,1.0292,37.78,4.0045,0.8049,40.37,91.5649,-53.2523,2.8414,1.727,1.1426,2.5065,SF_LIN2_2h_current_compression_5m_range_energy_1.0_0.5,linear(2h_current_compression*1.0+5m_range_energy*0.5),linear,linear_pair
270,54,98.18,31.48,1.6749,0.4561,30.37,2.2116,0.3082,35.56,2.6316,0.7303,37.04,2.8299,0.3941,38.52,90.4453,-69.7694,3.18,1.7059,0.6787,2.502,SF_LIN2_1h_previous_return_pct_30m_current_body_pct_2.0_0.5,linear(1h_previous_return_pct*2.0+30m_current_body_pct*0.5),linear,linear_pair
270,54,98.18,31.85,1.3792,1.1297,31.48,2.1474,0.8801,35.93,2.597,1.2198,38.89,3.4994,1.0147,40.74,74.4757,-67.9522,2.4954,1.4048,0.7573,2.498,SF_LIN2_1h_current_compression_5m_range_energy_1.0_1.0,linear(1h_current_compression*1.0+5m_range_energy*1.0),linear,linear_pair
270,54,98.18,38.52,2.4942,1.7554,40.0,3.4154,1.9026,43.7,3.6135,1.5794,45.19,3.4156,1.3425,42.96,134.6865,-55.3446,4.1869,2.5404,1.6864,2.4858,SF_LIN_15m_previous_compression_m0_50,linear(15m_previous_compression * -0.50),linear,linear_single
270,54,98.18,29.26,2.785,1.3254,30.74,3.4177,1.3815,34.07,3.665,1.3971,35.93,3.7058,1.0149,34.81,150.3881,-45.7896,5.6095,2.8366,1.1567,2.473,SF_LIN2_1h_current_compression_2h_current_compression_1.0_0.5,linear(1h_current_compression*1.0+2h_current_compression*0.5),linear,linear_pair
270,54,98.18,32.96,1.2284,0.763,31.48,1.9422,0.1446,34.81,2.519,0.3054,40.74,3.5804,0.7958,40.0,66.3356,-60.2287,2.13,1.2512,0.9575,2.4462,SF_LIN2_2h_current_volume_ratio_5m_range_energy_2.0_1.5,linear(2h_current_volume_ratio*2.0+5m_range_energy*1.5),linear,linear_pair
270,54,98.18,32.22,2.0207,1.6546,35.19,3.1215,1.9116,40.74,3.634,1.8008,40.37,4.9008,1.7458,41.48,109.1153,-70.3403,3.5423,2.0582,0.9242,2.4332,SF_LIN2_30m_current_volume_ratio_30m_current_body_pct_1.0_1.5,linear(30m_current_volume_ratio*1.0+30m_current_body_pct*1.5),linear,linear_pair
270,54,98.18,21.85,1.8801,1.179,26.67,2.1822,1.0964,30.0,2.4529,1.2853,32.59,2.6875,1.0149,31.48,101.5246,-41.8303,4.2009,1.915,0.7308,2.431,SF_LIN2_1h_current_compression_1h_current_volume_ratio_2.0_1.0,linear(1h_current_compression*2.0+1h_current_volume_ratio*1.0),linear,linear_pair
270,54,98.18,24.07,1.9296,1.2054,30.74,2.1913,1.0507,33.7,2.2644,1.0855,33.7,2.4262,0.8049,33.33,104.1965,-55.2903,4.0302,1.9654,0.7166,2.4288,SF_LIN2_30m_current_volume_ratio_2h_current_compression_1.0_0.5,linear(30m_current_volume_ratio*1.0+2h_current_compression*0.5),linear,linear_pair
270,54,98.18,24.07,1.7644,1.1082,29.63,2.2835,1.3068,33.7,2.59,1.308,36.67,3.2985,1.2433,37.41,95.2803,-52.5351,3.8502,1.7971,0.718,2.4258,SF_LIN2_2h_current_volume_ratio_30m_current_volume_ratio_1.0_1.0,linear(2h_current_volume_ratio*1.0+30m_current_volume_ratio*1.0),linear,linear_pair
270,54,98.18,36.3,1.7111,1.4184,36.3,2.5056,0.6001,39.63,2.9365,1.0452,41.85,3.784,0.498,42.22,92.4005,-72.6427,2.7845,1.7428,1.0701,2.4186,SF_LIN2_30m_current_body_pct_5m_range_energy_1.0_0.5,linear(30m_current_body_pct*1.0+5m_range_energy*0.5),linear,linear_pair
270,54,98.18,22.22,1.6712,1.1654,27.41,1.9618,1.2403,32.22,2.3814,1.3337,34.44,3.1615,1.1822,35.56,90.2422,-49.4261,3.6747,1.7022,0.6148,2.4108,SF_LIN2_1h_current_compression_1h_current_volume_ratio_1.0_1.5,linear(1h_current_compression*1.0+1h_current_volume_ratio*1.5),linear,linear_pair
270,54,98.18,24.81,1.4343,0.8419,26.3,1.6316,0.5949,31.48,2.0206,0.7289,32.59,2.8978,0.8049,35.56,77.4536,-58.637,2.998,1.4609,0.4786,2.3956,SF_LIN2_30m_current_volume_ratio_1h_previous_return_pct_2.0_1.0,linear(30m_current_volume_ratio*2.0+1h_previous_return_pct*1.0),linear,linear_pair
270,54,98.18,30.37,2.0941,1.2864,31.11,2.9113,1.5433,37.78,3.407,1.7531,38.89,3.9923,2.0377,39.63,113.0833,-52.2448,3.7783,2.1329,1.0635,2.3823,SF_LIN2_1h_current_compression_30m_current_body_pct_2.0_1.5,linear(1h_current_compression*2.0+30m_current_body_pct*1.5),linear,linear_pair
270,54,98.18,21.48,1.9965,1.2047,27.41,2.1327,1.0385,30.74,2.4417,1.2841,32.96,2.5144,0.9047,31.85,107.8117,-42.0084,4.3463,2.0335,0.7595,2.3786,SF_LIN2_30m_current_volume_ratio_1h_current_compression_1.0_1.0,linear(30m_current_volume_ratio*1.0+1h_current_compression*1.0),linear,linear_pair
270,54,98.18,36.67,1.6947,1.3256,35.56,2.2863,1.561,40.0,2.7527,1.2653,41.85,3.1847,1.404,40.74,91.5135,-86.745,2.7789,1.7261,0.7806,2.3769,SF_LIN2_1h_current_volume_ratio_2h_current_range_pct_2.0_0.5,linear(1h_current_volume_ratio*2.0+2h_current_range_pct*0.5),linear,linear_pair
270,54,98.18,26.67,1.7584,1.2713,31.48,2.68,1.2952,35.93,2.984,1.4337,35.93,3.2931,1.1288,38.89,94.9525,-55.4775,3.4611,1.791,0.8489,2.3653,SF_LIN2_30m_current_volume_ratio_30m_current_body_pct_2.0_1.0,linear(30m_current_volume_ratio*2.0+30m_current_body_pct*1.0),linear,linear_pair
270,54,98.18,24.07,1.9556,1.1654,27.78,2.3354,1.1769,31.85,2.6591,1.3223,34.44,3.3044,1.2361,34.44,105.6016,-50.5899,4.1681,1.9919,0.7075,2.3602,SF_LIN2_1h_current_compression_1h_current_volume_ratio_1.0_1.0,linear(1h_current_compression*1.0+1h_current_volume_ratio*1.0),linear,linear_pair
270,54,98.18,40.74,2.047,1.6323,39.26,3.0476,1.7929,42.96,3.3762,2.4471,45.93,4.216,1.8015,44.07,110.5383,-86.9896,3.2723,2.0849,1.1131,2.3496,SF_LIN2_30m_current_body_pct_2h_current_range_pct_2.0_0.5,linear(30m_current_body_pct*2.0+2h_current_range_pct*0.5),linear,linear_pair
270,54,98.18,32.59,1.7937,1.1626,31.48,2.2375,0.8678,33.33,2.9059,1.2178,38.15,3.7241,1.0147,38.89,96.8602,-53.786,3.0724,1.827,1.125,2.3485,SF_LIN2_1h_current_compression_5m_range_energy_1.0_0.5,linear(1h_current_compression*1.0+5m_range_energy*0.5),linear,linear_pair
270,54,98.18,23.33,2.6552,1.549,32.96,3.0587,1.5123,35.93,3.3971,1.5223,36.67,3.5051,1.3509,39.26,143.3825,-37.6288,5.8348,2.7044,1.1911,2.3362,SF_LIN2_30m_current_volume_ratio_15m_current_return_pct_1.0_0.5,linear(30m_current_volume_ratio*1.0+15m_current_return_pct*0.5),linear,linear_pair
270,54,98.18,30.74,1.5186,1.0827,30.37,1.9785,0.8678,33.7,2.6276,1.1746,38.89,3.3684,1.0147,38.89,82.0025,-64.1128,2.7784,1.5468,0.7879,2.3268,SF_LIN2_1h_current_compression_5m_range_energy_2.0_1.0,linear(1h_current_compression*2.0+5m_range_energy*1.0),linear,linear_pair
270,54,98.18,23.33,1.7969,1.0391,30.37,2.7858,1.0135,35.19,2.3005,0.8175,33.7,3.376,0.4294,37.04,97.0332,-38.6567,4.5115,1.8302,1.0188,2.3194,SF_LIN_2h_previous_return_pct_m0_50,linear(2h_previous_return_pct * -0.50),linear,linear_single
270,54,98.18,29.63,1.77,0.5659,29.63,2.3046,0.3814,36.3,2.6594,0.6271,37.04,3.07,0.4817,37.41,95.5775,-66.6027,3.3772,1.8028,0.6808,2.3187,SF_LIN2_1h_previous_return_pct_1h_current_volume_ratio_2.0_1.0,linear(1h_previous_return_pct*2.0+1h_current_volume_ratio*1.0),linear,linear_pair
270,54,98.18,40.37,2.2231,2.1269,39.26,2.9871,2.0806,42.96,3.5722,1.7755,44.44,4.3279,1.3425,43.33,120.0467,-115.4925,3.5491,2.2643,0.5461,2.3132,SF_ATOM_77,15m_previous_range_pct >= 4.075,ast,atom
270,54,98.18,24.44,1.9948,1.3538,30.74,2.4029,1.5627,35.93,2.7943,1.3918,38.89,3.2099,1.404,38.52,107.7175,-58.9665,4.3237,2.0318,0.6858,2.3088,SF_LIN2_2h_current_volume_ratio_1h_current_compression_1.0_0.5,linear(2h_current_volume_ratio*1.0+1h_current_compression*0.5),linear,linear_pair
270,54,98.18,21.85,2.0035,1.2641,30.74,2.1863,1.2314,31.85,2.3684,1.3053,34.07,2.7141,0.9609,35.19,108.1889,-51.3433,4.218,2.0406,0.7354,2.3077,SF_LIN2_30m_current_volume_ratio_15m_current_return_pct_2.0_0.5,linear(30m_current_volume_ratio*2.0+15m_current_return_pct*0.5),linear,linear_pair
270,54,98.18,37.04,1.5336,1.0403,34.44,2.5759,0.6001,39.26,2.5794,0.8032,40.74,3.2008,0.2814,39.63,82.8158,-78.096,2.4712,1.562,0.9333,2.28,SF_LIN2_1h_current_volume_ratio_1h_previous_range_pct_1.0_1.5,linear(1h_current_volume_ratio*1.0+1h_previous_range_pct*1.5),linear,linear_pair
270,54,98.18,29.26,2.03,1.247,29.26,2.7674,1.435,35.93,3.224,1.6485,36.67,3.775,1.2553,37.41,109.6217,-47.2355,3.7109,2.0676,1.0657,2.261,SF_LIN2_1h_current_compression_30m_current_body_pct_2.0_1.0,linear(1h_current_compression*2.0+30m_current_body_pct*1.0),linear,linear_pair
270,54,98.18,20.37,1.6668,1.0631,25.93,1.8862,1.0964,30.37,2.1132,1.2841,32.96,2.7621,0.9899,31.85,90.0056,-41.8303,3.798,1.6977,0.6642,2.256,SF_LIN2_1h_current_compression_1h_current_volume_ratio_2.0_1.5,linear(1h_current_compression*2.0+1h_current_volume_ratio*1.5),linear,linear_pair
270,54,98.18,25.56,1.8516,1.1797,31.48,2.1541,1.2893,33.7,2.4446,1.2178,37.04,2.8919,1.1332,37.41,99.9879,-59.8132,3.8989,1.8859,0.7482,2.2412,SF_LIN2_2h_current_volume_ratio_30m_current_volume_ratio_1.0_0.5,linear(2h_current_volume_ratio*1.0+30m_current_volume_ratio*0.5),linear,linear_pair
270,54,98.18,22.59,1.5869,1.0631,28.52,2.019,1.0507,31.85,2.6731,1.2336,36.3,3.313,1.2903,37.04,85.6949,-51.5404,3.4313,1.6163,0.6612,2.238,SF_LIN2_1h_current_volume_ratio_2h_current_compression_2.0_1.0,linear(1h_current_volume_ratio*2.0+2h_current_compression*1.0),linear,linear_pair
270,54,98.18,34.44,1.5449,1.0261,33.7,2.2123,0.4904,35.93,2.8071,0.7199,39.63,4.1535,0.8049,40.0,83.4227,-66.3775,2.6676,1.5735,1.0465,2.2212,SF_LIN2_30m_current_volume_ratio_5m_range_energy_2.0_1.5,linear(30m_current_volume_ratio*2.0+5m_range_energy*1.5),linear,linear_pair
270,54,98.18,38.15,1.5174,1.2831,36.67,2.2872,1.0715,39.63,2.5383,1.0684,41.11,2.5709,0.498,39.26,81.9383,-91.6908,2.3654,1.5455,0.8061,2.2196,SF_LIN2_30m_current_volume_ratio_2h_current_range_pct_1.0_1.5,linear(30m_current_volume_ratio*1.0+2h_current_range_pct*1.5),linear,linear_pair
270,54,98.18,40.0,1.6184,1.4382,37.04,2.5541,1.4167,42.59,2.9384,1.2198,43.33,3.6948,1.1917,41.85,87.3963,-98.0788,2.541,1.6484,0.7764,2.2036,SF_LIN2_1h_current_volume_ratio_2h_current_range_pct_1.0_1.0,linear(1h_current_volume_ratio*1.0+2h_current_range_pct*1.0),linear,linear_pair
270,54,98.18,14.81,1.534,0.9128,21.48,2.0272,1.2132,28.15,2.143,1.0465,31.48,2.5616,0.7145,31.11,82.8355,-24.0474,5.6071,1.5624,0.6277,2.175,SF_LIN_15m_current_range_pct_m1_00,linear(15m_current_range_pct * -1.00),linear,linear_single
270,54,98.18,27.78,2.9034,1.3254,31.11,3.3601,1.2996,33.33,3.5154,1.288,34.44,3.8631,1.0724,35.19,156.7841,-34.1284,6.0229,2.9572,1.4252,2.1102,SF_LIN2_1h_current_compression_2h_current_compression_1.0_1.0,linear(1h_current_compression*1.0+2h_current_compression*1.0),linear,linear_pair
270,54,98.18,23.7,1.8939,1.1924,30.74,2.3752,1.5264,35.19,2.7599,1.2565,37.41,3.3632,1.4628,39.26,102.2712,-60.0487,4.0563,1.929,0.6684,2.1093,SF_LIN2_2h_current_volume_ratio_2h_current_compression_1.0_1.5,linear(2h_current_volume_ratio*1.0+2h_current_compression*1.5),linear,linear_pair
270,54,98.18,24.07,2.3547,1.3067,27.78,2.6364,1.2956,32.96,2.7164,1.288,32.22,2.7836,1.1822,32.96,127.1561,-32.8817,5.3112,2.3983,1.1384,2.0962,SF_LIN2_1h_current_compression_1h_current_volume_ratio_2.0_0.5,linear(1h_current_compression*2.0+1h_current_volume_ratio*0.5),linear,linear_pair
270,54,98.18,27.04,2.8769,1.2864,30.74,3.2803,1.2651,33.33,3.4772,1.288,34.07,3.672,1.0149,34.81,155.3546,-34.1284,5.992,2.9302,1.3841,2.0857,SF_LIN2_1h_current_compression_2h_current_compression_1.0_1.5,linear(1h_current_compression*1.0+2h_current_compression*1.5),linear,linear_pair
270,54,98.18,30.37,1.8984,1.0162,32.22,2.2328,0.8124,35.19,2.5193,0.8405,38.15,3.1319,0.7292,38.89,102.5117,-76.7315,3.5373,1.9336,0.6671,2.0789,SF_LIN2_2h_current_volume_ratio_1h_previous_return_pct_1.0_1.0,linear(2h_current_volume_ratio*1.0+1h_previous_return_pct*1.0),linear,linear_pair
270,54,98.18,24.07,1.6158,1.1019,28.89,2.3005,1.3158,33.33,2.3781,1.2361,37.04,3.1122,0.906,37.04,87.2545,-37.4848,3.9146,1.6458,1.0499,2.0788,SF_LIN_15m_current_body_pct_m1_00,linear(15m_current_body_pct * -1.00),linear,linear_single
270,54,98.18,31.85,1.9996,1.617,34.81,3.1265,1.724,40.0,3.5145,1.6694,39.63,4.4393,1.3509,41.11,107.978,-70.3403,3.5192,2.0367,0.9657,2.0694,SF_LIN2_30m_current_volume_ratio_30m_current_body_pct_1.0_1.0,linear(30m_current_volume_ratio*1.0+30m_current_body_pct*1.0),linear,linear_pair
270,54,98.18,34.44,1.4431,0.9827,33.33,2.0327,0.1446,35.56,2.3944,0.3054,40.0,3.4063,0.2771,39.63,77.9268,-60.7741,2.4352,1.4699,1.1731,2.044,SF_LIN2_2h_current_volume_ratio_5m_range_energy_1.0_1.0,linear(2h_current_volume_ratio*1.0+5m_range_energy*1.0),linear,linear_pair
270,54,98.18,40.0,1.5867,1.5449,37.78,2.5465,1.3068,41.85,2.7615,1.3214,43.7,3.4615,0.9439,41.11,85.6833,-91.259,2.4785,1.6161,0.9729,2.0416,SF_LIN2_30m_current_body_pct_2h_current_range_pct_1.0_1.0,linear(30m_current_body_pct*1.0+2h_current_range_pct*1.0),linear,linear_pair
270,54,98.18,21.48,2.4022,1.4505,31.11,2.6167,1.3189,33.7,2.6872,1.4165,34.81,2.8715,1.0696,36.3,129.7176,-37.6288,5.3432,2.4467,1.0938,2.0068,SF_LIN2_30m_current_volume_ratio_15m_current_return_pct_2.0_1.0,linear(30m_current_volume_ratio*2.0+15m_current_return_pct*1.0),linear,linear_pair
270,54,98.18,29.63,1.9034,0.9316,31.85,2.0469,0.5757,34.44,2.3689,0.5502,37.04,2.81,0.6916,35.56,102.7816,-65.7056,3.5855,1.9387,0.8674,1.9595,SF_LIN2_1h_previous_return_pct_1h_current_volume_ratio_1.0_1.5,linear(1h_previous_return_pct*1.0+1h_current_volume_ratio*1.5),linear,linear_pair
270,54,98.18,39.26,1.4799,1.2606,35.93,2.32,1.2704,40.74,2.7177,0.933,41.48,3.2431,1.0405,40.0,79.9158,-109.5927,2.3459,1.5073,0.513,1.9577,SF_LIN2_1h_current_volume_ratio_2h_current_range_pct_2.0_1.5,linear(1h_current_volume_ratio*2.0+2h_current_range_pct*1.5),linear,linear_pair
270,54,98.18,27.04,1.7591,1.0736,31.11,2.2782,1.258,34.81,2.6252,0.8864,37.41,3.1997,1.2433,40.37,94.9902,-66.232,3.5823,1.7917,0.7167,1.951,SF_LIN2_2h_current_volume_ratio_30m_current_body_pct_2.0_0.5,linear(2h_current_volume_ratio*2.0+30m_current_body_pct*0.5),linear,linear_pair
270,54,98.18,23.7,1.54,1.0373,28.89,1.7611,0.8488,32.22,2.1412,0.9563,35.93,2.848,1.1332,38.15,83.1594,-59.8132,3.3613,1.5685,0.6128,1.9347,SF_LIN2_2h_current_volume_ratio_1h_current_volume_ratio_2.0_1.0,linear(2h_current_volume_ratio*2.0+1h_current_volume_ratio*1.0),linear,linear_pair
270,54,98.18,39.26,1.7113,1.3256,35.56,2.7128,1.3555,39.63,3.2105,1.3214,42.22,3.4333,1.2903,41.85,92.4095,-97.186,2.7882,1.743,0.7697,1.9103,SF_LIN2_2h_current_volume_ratio_2h_current_range_pct_1.0_0.5,linear(2h_current_volume_ratio*1.0+2h_current_range_pct*0.5),linear,linear_pair
270,54,98.18,32.59,2.0603,1.4013,32.59,3.0219,1.7793,38.52,3.5961,1.8571,39.63,4.5283,1.9094,40.37,111.2554,-66.7851,3.65,2.0985,1.0147,1.9021,SF_LIN2_1h_current_compression_30m_current_body_pct_1.0_1.5,linear(1h_current_compression*1.0+30m_current_body_pct*1.5),linear,linear_pair
270,54,98.18,12.96,1.1761,0.563,19.26,1.6954,0.8787,25.19,1.9603,0.9174,31.11,2.8173,0.6811,31.85,63.5117,-19.6585,5.0881,1.1979,0.5863,1.8995,SF_LIN_15m_current_range_pct_m2_00,linear(15m_current_range_pct * -2.00),linear,linear_single
270,54,98.18,32.59,3.1532,2.3401,42.22,3.8031,2.4502,44.81,4.1406,2.6098,47.04,3.7678,2.1476,44.07,170.2709,-58.8972,5.7603,3.2117,1.6239,1.8987,SF_LIN2_30m_current_body_pct_15m_current_return_pct_1.0_1.0,linear(30m_current_body_pct*1.0+15m_current_return_pct*1.0),linear,linear_pair
270,54,98.18,40.0,1.8066,1.506,37.41,2.6868,1.6052,42.59,3.0874,1.2178,42.22,3.5095,1.2903,41.85,97.5563,-95.8924,2.8642,1.8401,0.9087,1.8912,SF_LIN2_1h_current_volume_ratio_2h_current_range_pct_1.0_0.5,linear(1h_current_volume_ratio*1.0+2h_current_range_pct*0.5),linear,linear_pair
270,54,98.18,30.0,1.5076,1.0806,31.11,2.3044,1.3069,36.3,2.5671,1.1593,38.52,3.4721,1.404,42.22,81.4086,-74.4896,2.8816,1.5355,0.6673,1.8888,SF_LIN2_2h_current_volume_ratio_30m_current_body_pct_2.0_1.5,linear(2h_current_volume_ratio*2.0+30m_current_body_pct*1.5),linear,linear_pair
270,54,98.18,31.85,2.0869,1.5417,33.7,2.7228,1.4748,38.52,2.8137,1.6133,38.89,2.7586,0.688,38.52,112.6904,-66.7213,3.4672,2.1256,1.0383,1.8724,SF_LIN_15m_current_body_pct_1_50,linear(15m_current_body_pct * 1.50),linear,linear_single
270,54,98.18,10.0,1.0602,0.732,15.19,1.1237,0.833,21.11,1.247,0.6689,25.19,1.9492,0.5369,24.81,57.2502,-20.3655,4.808,1.0799,0.2964,1.8375,SF_LIN2_30m_current_volume_ratio_15m_current_compression_1.0_1.0,linear(30m_current_volume_ratio*1.0+15m_current_compression*1.0),linear,linear_pair
270,54,98.18,38.52,1.4178,1.2831,36.3,2.179,1.2704,40.74,2.4258,1.0452,42.96,2.943,0.498,41.85,76.5623,-93.7745,2.1973,1.4441,0.835,1.8369,SF_LIN2_2h_current_range_pct_5m_range_energy_1.0_0.5,linear(2h_current_range_pct*1.0+5m_range_energy*0.5),linear,linear_pair
270,54,98.18,24.81,1.3599,0.6416,27.41,1.5071,0.3487,32.59,1.7536,0.3054,32.96,2.6929,0.498,34.81,73.4362,-57.8134,2.8344,1.3851,0.6471,1.8351,SF_LIN2_30m_current_volume_ratio_1h_previous_return_pct_2.0_1.5,linear(30m_current_volume_ratio*2.0+1h_previous_return_pct*1.5),linear,linear_pair
270,54,98.18,28.89,1.7346,0.6578,30.74,2.4545,0.8055,37.04,2.6597,0.7273,37.78,2.8481,0.2284,38.15,93.6706,-70.6822,3.3057,1.7668,0.7096,1.8302,SF_LIN2_1h_previous_return_pct_15m_current_return_pct_2.0_0.5,linear(1h_previous_return_pct*2.0+15m_current_return_pct*0.5),linear,linear_pair
270,54,98.18,28.15,2.3914,1.5339,31.11,2.7245,1.4889,35.19,2.7758,1.44,34.81,3.1098,1.2361,34.81,129.1333,-50.7634,4.9529,2.4357,1.1336,1.8251,SF_LIN2_1h_current_compression_1h_current_volume_ratio_1.0_0.5,linear(1h_current_compression*1.0+1h_current_volume_ratio*0.5),linear,linear_pair
270,54,98.18,36.3,1.2146,1.1145,33.7,2.0737,-0.0275,37.78,2.8181,0.7199,41.11,3.6523,0.3085,42.59,65.5881,-89.4549,1.9726,1.2371,0.7226,1.8059,SF_LIN2_1h_previous_range_pct_5m_range_energy_1.0_0.5,linear(1h_previous_range_pct*1.0+5m_range_energy*0.5),linear,linear_pair
270,54,98.18,27.04,1.2646,0.2588,27.04,1.7027,0.0,32.22,1.8683,0.0657,33.33,2.7234,-0.0603,35.56,68.2904,-71.6242,2.47,1.288,0.4458,1.804,SF_LIN2_1h_previous_return_pct_2h_current_compression_2.0_0.5,linear(1h_previous_return_pct*2.0+2h_current_compression*0.5),linear,linear_pair
270,54,98.18,23.33,1.5381,0.9827,28.52,1.9873,0.9621,31.85,2.4277,1.2129,35.93,3.3623,1.3368,39.26,83.0587,-59.8132,3.347,1.5666,0.6122,1.7891,SF_LIN2_2h_current_volume_ratio_1h_current_volume_ratio_2.0_1.5,linear(2h_current_volume_ratio*2.0+1h_current_volume_ratio*1.5),linear,linear_pair
270,54,98.18,35.93,1.584,1.1789,34.44,2.2913,0.3082,37.41,2.5625,0.1774,39.63,3.2449,-0.2461,40.37,85.5385,-72.6427,2.5786,1.6134,1.0992,1.7889,SF_LIN2_30m_current_body_pct_5m_range_energy_1.0_1.0,linear(30m_current_body_pct*1.0+5m_range_energy*1.0),linear,linear_pair
270,54,98.18,35.19,1.8893,1.247,35.56,2.5225,0.882,38.15,3.0703,0.8864,41.48,3.854,0.6262,41.11,102.0235,-62.0527,3.2385,1.9243,1.3461,1.781,SF_LIN2_1h_previous_range_pct_15m_current_return_pct_2.0_1.5,linear(1h_previous_range_pct*2.0+15m_current_return_pct*1.5),linear,linear_pair
270,54,98.18,22.22,1.5365,1.0736,27.78,1.9924,1.0507,31.85,2.6986,1.3053,36.3,3.2561,1.2433,36.3,82.9688,-52.8668,3.3167,1.565,0.6789,1.7798,SF_LIN2_1h_current_volume_ratio_2h_current_compression_2.0_1.5,linear(1h_current_volume_ratio*2.0+2h_current_compression*1.5),linear,linear_pair
270,54,98.18,36.67,1.5614,1.3674,35.93,2.5768,1.2996,40.37,3.1963,1.3439,44.44,3.3503,0.6262,42.22,84.3166,-81.4582,2.5708,1.5903,1.0133,1.7761,SF_LIN2_range_expansion_1h_previous_range_pct_1.0_0.5,linear(range_expansion*1.0+1h_previous_range_pct*0.5),linear,linear_pair
270,54,98.18,36.67,1.5614,1.3674,35.93,2.5768,1.2996,40.37,3.1963,1.3439,44.44,3.3503,0.6262,42.22,84.3166,-81.4582,2.5708,1.5903,1.0133,1.7761,SF_LIN2_range_expansion_1h_previous_range_pct_2.0_0.5,linear(range_expansion*2.0+1h_previous_range_pct*0.5),linear,linear_pair
270,54,98.18,36.67,1.5614,1.3674,35.93,2.5768,1.2996,40.37,3.1963,1.3439,44.44,3.3503,0.6262,42.22,84.3166,-81.4582,2.5708,1.5903,1.0133,1.7761,SF_LIN_1h_previous_range_pct_0_50,linear(1h_previous_range_pct * 0.50),linear,linear_single
270,54,98.18,22.96,1.7828,1.0798,29.63,2.1364,0.98,32.96,2.3854,1.1746,34.44,2.8297,0.8894,34.81,96.2717,-52.3344,3.7066,1.8158,0.8141,1.7489,SF_LIN_30m_current_volume_ratio_1_50,linear(30m_current_volume_ratio * 1.50),linear,linear_single
270,54,98.18,24.44,1.081,1.0113,31.48,1.1201,0.5239,32.59,1.4204,0.6458,37.04,1.6681,0.2077,36.3,58.3723,-71.7779,2.2707,1.101,0.5169,1.746,SF_LIN_5m_seq_return_sum_6_3_00,linear(5m_seq_return_sum_6 * 3.00),linear,linear_single
270,54,98.18,34.44,1.9016,1.2885,34.44,2.3678,0.6607,35.93,2.7441,0.9064,38.89,3.5585,0.8049,39.26,102.6844,-73.3136,3.1382,1.9369,1.054,1.7451,SF_LIN2_30m_current_volume_ratio_5m_range_energy_1.0_0.5,linear(30m_current_volume_ratio*1.0+5m_range_energy*0.5),linear,linear_pair
270,54,98.18,32.96,1.5609,1.2611,32.96,1.9152,0.5352,34.81,2.3337,0.66,37.04,2.8655,0.525,37.41,84.2864,-74.9226,2.7237,1.5898,0.8852,1.734,SF_LIN2_30m_current_volume_ratio_5m_range_energy_2.0_1.0,linear(30m_current_volume_ratio*2.0+5m_range_energy*1.0),linear,linear_pair
270,54,98.18,17.78,1.8708,1.2195,28.15,2.4075,1.2373,32.96,2.6929,1.0968,33.33,3.1148,0.7213,33.33,101.0217,-38.3436,5.1902,1.9055,0.8369,1.7284,SF_LIN_30m_current_range_pct_m0_50,linear(30m_current_range_pct * -0.50),linear,linear_single
270,54,98.18,23.7,1.474,0.9078,27.04,1.5263,0.7208,31.11,1.7564,0.9244,32.22,2.3854,1.0381,35.19,79.5961,-69.5534,3.171,1.5013,0.3815,1.7274,SF_LIN2_30m_current_volume_ratio_1h_previous_return_pct_2.0_0.5,linear(30m_current_volume_ratio*2.0+1h_previous_return_pct*0.5),linear,linear_pair
270,54,98.18,23.33,1.8658,1.2054,29.63,2.1675,1.0628,33.33,2.3438,1.2213,34.07,2.5685,0.9602,33.7,100.752,-53.9071,3.926,1.9004,0.812,1.701,SF_LIN2_30m_current_volume_ratio_2h_current_compression_1.0_1.5,linear(30m_current_volume_ratio*1.0+2h_current_compression*1.5),linear,linear_pair
270,54,98.18,37.78,1.5212,1.3083,36.3,2.3974,1.2704,40.37,2.5932,0.933,41.48,2.7836,0.9439,40.0,82.1461,-98.0538,2.3779,1.5494,0.7548,1.693,SF_LIN2_30m_current_volume_ratio_2h_current_range_pct_1.0_1.0,linear(30m_current_volume_ratio*1.0+2h_current_range_pct*1.0),linear,linear_pair
270,54,98.18,8.15,0.7598,0.5516,13.7,0.7639,0.5949,19.63,1.0018,0.4848,23.33,2.0796,0.3857,24.44,41.0313,-22.7207,3.6348,0.7739,0.1284,1.6839,SF_LIN2_15m_previous_compression_1h_previous_return_pct_2.0_0.5,linear(15m_previous_compression*2.0+1h_previous_return_pct*0.5),linear,linear_pair
270,54,98.18,31.11,2.1571,1.122,33.7,2.6762,1.2636,37.41,3.0599,1.0149,39.26,3.3894,1.1728,38.52,116.4821,-76.4718,4.0362,2.1971,0.8559,1.6825,SF_LIN2_2h_current_volume_ratio_1h_previous_return_pct_1.0_0.5,linear(2h_current_volume_ratio*1.0+1h_previous_return_pct*0.5),linear,linear_pair
270,54,98.18,32.59,2.6531,1.5316,34.07,3.0402,1.675,38.52,2.764,1.3971,35.93,2.5942,1.1332,36.67,143.2667,-52.0525,4.7469,2.7023,1.4484,1.6807,SF_LIN_30m_current_volume_ratio_0_50,linear(30m_current_volume_ratio * 0.50),linear,linear_single
270,54,98.18,40.74,1.8578,1.6323,38.89,2.8041,1.675,42.59,3.1993,2.0786,45.19,3.6794,1.4362,43.33,100.3207,-86.7232,2.9263,1.8922,1.2331,1.6455,SF_LIN2_30m_current_body_pct_2h_current_range_pct_2.0_1.0,linear(30m_current_body_pct*2.0+2h_current_range_pct*1.0),linear,linear_pair
270,54,98.18,40.37,1.8358,1.8868,39.63,2.6831,1.6535,42.96,3.0927,1.9066,44.81,3.8158,1.4362,44.07,99.1338,-95.3312,2.8869,1.8698,1.0772,1.6316,SF_LIN2_30m_current_body_pct_2h_current_range_pct_1.0_0.5,linear(30m_current_body_pct*1.0+2h_current_range_pct*0.5),linear,linear_pair
270,54,98.18,23.7,1.6233,1.0615,30.37,1.7437,0.8488,31.85,2.0481,0.8864,35.56,2.7156,1.0604,38.52,87.6593,-59.8132,3.5444,1.6534,0.7393,1.6232,SF_LIN2_2h_current_volume_ratio_30m_current_volume_ratio_2.0_0.5,linear(2h_current_volume_ratio*2.0+30m_current_volume_ratio*0.5),linear,linear_pair
270,54,98.18,30.74,1.6808,1.2611,31.48,2.5518,1.2239,36.3,2.9812,1.3883,40.74,3.1928,0.2401,37.78,90.7617,-52.5148,3.6646,1.712,1.216,1.6168,SF_LIN_1h_current_volume_ratio_m1_00,linear(1h_current_volume_ratio * -1.00),linear,linear_single
270,54,98.18,27.78,1.7044,0.8171,28.15,2.5296,0.9496,34.44,2.3792,0.7595,37.04,2.7547,0.3111,37.04,92.0362,-45.3552,3.4451,1.736,1.1116,1.6038,SF_LIN_30m_current_volume_ratio_m2_00,linear(30m_current_volume_ratio * -2.00),linear,linear_single
270,54,98.18,31.11,1.6983,0.997,31.48,2.161,0.5958,33.7,2.6672,0.9461,36.67,3.5692,0.6899,38.15,91.7084,-58.1661,2.9119,1.7298,1.1218,1.6019,SF_LIN2_2h_current_compression_5m_range_energy_2.0_0.5,linear(2h_current_compression*2.0+5m_range_energy*0.5),linear,linear_pair
270,54,98.18,26.3,2.3459,1.247,31.48,2.6885,1.378,35.19,2.8806,1.2841,35.56,3.5247,1.2433,37.04,126.678,-50.2844,4.4775,2.3894,1.1293,1.5848,SF_LIN2_1h_current_volume_ratio_2h_current_compression_1.0_0.5,linear(1h_current_volume_ratio*1.0+2h_current_compression*0.5),linear,linear_pair
270,54,98.18,23.7,3.1727,1.697,31.85,3.9412,1.8744,36.67,4.005,1.71,37.78,3.4568,1.247,35.93,171.3278,-37.4329,6.883,3.2315,1.3527,1.555,SF_LIN2_1h_current_compression_15m_current_return_pct_2.0_1.5,linear(1h_current_compression*2.0+15m_current_return_pct*1.5),linear,linear_pair
270,54,98.18,38.89,1.651,1.2831,36.67,2.5701,1.3068,39.63,2.774,1.3214,41.48,2.913,1.0405,40.74,89.1518,-95.053,2.6006,1.6816,0.9095,1.5545,SF_LIN2_2h_current_compression_2h_current_range_pct_1.0_0.5,linear(2h_current_compression*1.0+2h_current_range_pct*0.5),linear,linear_pair
270,54,98.18,21.48,1.4133,0.7245,27.04,2.4593,0.6441,31.48,2.2639,0.7056,32.96,3.2107,0.3941,35.93,76.3176,-35.8449,3.8553,1.4395,0.9979,1.554,SF_LIN_2h_previous_return_pct_m1_00,linear(2h_previous_return_pct * -1.00),linear,linear_single
270,54,98.18,34.81,1.6338,1.1782,34.44,2.8004,1.2996,38.15,3.2838,1.2441,40.74,3.5055,0.9183,40.74,88.2242,-81.4582,2.7065,1.6641,0.9282,1.5533,SF_LIN2_2h_current_compression_1h_previous_range_pct_1.0_0.5,linear(2h_current_compression*1.0+1h_previous_range_pct*0.5),linear,linear_pair
270,54,98.18,34.07,1.5058,1.0115,31.85,2.291,0.9956,36.67,2.604,0.9451,39.63,2.7812,0.6676,38.89,81.3137,-72.0518,2.4874,1.5337,0.9767,1.5471,SF_LIN2_2h_current_volume_ratio_1h_previous_range_pct_1.0_0.5,linear(2h_current_volume_ratio*1.0+1h_previous_range_pct*0.5),linear,linear_pair
270,54,98.18,38.15,1.6407,1.2831,34.81,2.5236,1.3555,39.63,2.8031,1.3214,41.85,3.0497,1.2089,41.11,88.6,-96.2089,2.6854,1.6711,0.7845,1.5408,SF_LIN2_2h_current_volume_ratio_2h_current_range_pct_2.0_1.0,linear(2h_current_volume_ratio*2.0+2h_current_range_pct*1.0),linear,linear_pair
270,54,98.18,38.52,1.4197,1.2347,35.93,2.3453,0.9742,40.0,2.5061,1.1541,42.22,2.7204,0.9439,41.85,76.662,-95.3366,2.2362,1.446,0.8592,1.4863,SF_LIN2_2h_current_volume_ratio_2h_current_range_pct_1.0_1.5,linear(2h_current_volume_ratio*1.0+2h_current_range_pct*1.5),linear,linear_pair
270,54,98.18,33.7,2.2728,1.355,34.81,3.3071,1.6804,39.26,3.3353,1.686,38.89,4.0793,1.404,40.37,122.733,-68.4082,3.9495,2.3149,1.2124,1.481,SF_LIN2_2h_current_compression_30m_current_body_pct_2.0_1.0,linear(2h_current_compression*2.0+30m_current_body_pct*1.0),linear,linear_pair
270,54,98.18,38.15,1.5461,1.2831,37.41,2.5107,1.2704,40.74,2.8032,1.4047,42.59,2.7213,0.9439,41.11,83.4897,-91.6908,2.4276,1.5748,0.9859,1.4772,SF_LIN2_2h_current_compression_2h_current_range_pct_1.0_1.0,linear(2h_current_compression*1.0+2h_current_range_pct*1.0),linear,linear_pair
270,54,98.18,37.78,1.5566,1.2606,35.93,2.4974,1.2704,40.0,2.7894,1.0684,41.11,2.7432,1.0405,40.37,84.0557,-100.1868,2.4413,1.5855,0.7437,1.4718,SF_LIN2_30m_current_volume_ratio_2h_current_range_pct_2.0_1.5,linear(30m_current_volume_ratio*2.0+2h_current_range_pct*1.5),linear,linear_pair
270,54,98.18,33.7,1.9419,1.5656,34.81,2.7607,1.3069,39.26,3.0969,1.2178,40.0,3.8547,1.2903,41.48,104.8625,-84.5086,3.3232,1.9779,0.8773,1.4472,SF_LIN2_2h_current_volume_ratio_30m_current_body_pct_1.0_1.5,linear(2h_current_volume_ratio*1.0+30m_current_body_pct*1.5),linear,linear_pair
270,54,98.18,30.37,2.0613,1.5316,33.33,2.7106,1.3087,37.41,2.7683,1.5242,38.15,2.596,0.4294,37.41,111.3075,-66.7213,3.4223,2.0995,1.0481,1.4458,SF_LIN_15m_current_body_pct_2_00,linear(15m_current_body_pct * 2.00),linear,linear_single
270,54,98.18,37.41,1.5842,1.1797,34.81,2.5082,1.137,40.0,2.6804,1.0684,40.37,3.1958,1.2261,41.48,85.5485,-89.7401,2.5642,1.6136,0.9023,1.4338,SF_LIN2_1h_current_volume_ratio_1h_previous_range_pct_1.0_0.5,linear(1h_current_volume_ratio*1.0+1h_previous_range_pct*0.5),linear,linear_pair
270,54,98.18,24.44,2.3458,1.2265,26.67,2.6536,1.2885,30.74,2.935,1.2662,32.96,2.9086,0.9702,32.59,126.6716,-34.1284,5.5618,2.3893,1.2163,1.4314,SF_LIN2_1h_current_compression_2h_current_compression_2.0_0.5,linear(1h_current_compression*2.0+2h_current_compression*0.5),linear,linear_pair
270,54,98.18,33.33,1.5467,0.5526,31.48,2.2501,0.4869,37.41,3.0137,0.789,38.89,3.0778,0.498,40.0,83.5191,-95.9301,2.7857,1.5754,0.4813,1.4265,SF_LIN2_1h_previous_return_pct_30m_current_body_pct_2.0_1.0,linear(1h_previous_return_pct*2.0+30m_current_body_pct*1.0),linear,linear_pair
270,54,98.18,38.15,2.2396,1.3256,37.41,3.173,1.6458,42.22,3.4026,1.5242,44.44,3.3419,1.2903,41.85,120.9373,-50.8717,3.8276,2.2811,1.8575,1.4092,SF_LIN_15m_current_compression_m1_50,linear(15m_current_compression * -1.50),linear,linear_single
270,54,98.18,38.15,2.2396,1.3256,37.41,3.173,1.6458,42.22,3.4026,1.5242,44.44,3.3419,1.2903,41.85,120.9373,-50.8717,3.8276,2.2811,1.8575,1.4092,SF_LIN_15m_current_compression_m2_00,linear(15m_current_compression * -2.00),linear,linear_single
270,54,98.18,29.26,1.7714,0.9181,31.11,1.9604,0.6377,33.33,2.3207,0.8405,37.78,3.1616,0.9416,38.89,95.6567,-73.909,3.358,1.8042,0.7629,1.4,SF_LIN2_2h_current_volume_ratio_1h_previous_return_pct_2.0_1.5,linear(2h_current_volume_ratio*2.0+1h_previous_return_pct*1.5),linear,linear_pair
270,54,98.18,38.15,2.2308,1.3256,37.04,3.1662,1.6458,41.85,3.4072,1.5242,44.44,3.3608,1.2903,41.85,120.4658,-50.8717,3.8133,2.2722,1.8456,1.3921,SF_LIN_15m_current_compression_m3_00,linear(15m_current_compression * -3.00),linear,linear_single
270,54,98.18,39.26,1.6865,1.4382,36.3,2.6833,1.5019,41.85,3.1558,1.2213,42.22,3.7228,1.3425,42.22,91.0698,-98.0788,2.678,1.7178,0.8863,1.3786,SF_LIN2_1h_current_volume_ratio_2h_current_range_pct_2.0_1.0,linear(1h_current_volume_ratio*2.0+2h_current_range_pct*1.0),linear,linear_pair
270,54,98.18,35.93,0.8438,0.8979,33.33,1.7036,0.2225,37.04,2.3995,0.8032,41.48,2.6823,0.2814,42.22,45.5637,-87.6224,1.3581,0.8594,0.7947,1.3694,SF_LIN2_1h_previous_range_pct_30m_current_body_pct_2.0_1.0,linear(1h_previous_range_pct*2.0+30m_current_body_pct*1.0),linear,linear_pair
270,54,98.18,33.7,2.1723,1.6647,35.93,2.7337,1.675,40.74,2.7663,1.6758,40.0,2.3818,0.7339,39.26,117.3054,-78.3501,3.5676,2.2126,1.0751,1.3672,SF_LIN_15m_current_body_pct_1_00,linear(15m_current_body_pct * 1.00),linear,linear_single
270,54,98.18,32.59,2.1122,1.406,34.07,3.1026,1.725,39.63,3.3322,1.686,39.63,4.1333,1.2449,39.63,114.0565,-67.1366,3.6632,2.1514,1.18,1.352,SF_LIN2_2h_current_compression_30m_current_body_pct_2.0_1.5,linear(2h_current_compression*2.0+30m_current_body_pct*1.5),linear,linear_pair
270,54,98.18,25.93,1.2432,0.162,26.67,1.5096,-0.0111,31.11,1.6288,0.0657,32.22,2.6311,-0.0937,34.81,67.1343,-71.6242,2.4292,1.2662,0.48,1.3305,SF_LIN2_1h_previous_return_pct_2h_current_compression_2.0_1.0,linear(1h_previous_return_pct*2.0+2h_current_compression*1.0),linear,linear_pair
270,54,98.18,37.41,2.272,1.5803,38.89,3.1647,1.6458,42.96,3.3547,1.4539,44.44,3.1941,1.2414,42.22,122.6876,-55.3446,3.8578,2.3141,1.8158,1.3281,SF_LIN_15m_previous_compression_m1_00,linear(15m_previous_compression * -1.00),linear,linear_single
270,54,98.18,37.04,1.6034,1.1654,34.07,2.7131,0.9064,39.63,2.7965,0.8864,40.74,3.3804,0.3498,39.26,86.5842,-87.3712,2.5913,1.6331,0.9297,1.3174,SF_LIN2_1h_current_volume_ratio_1h_previous_range_pct_1.0_1.0,linear(1h_current_volume_ratio*1.0+1h_previous_range_pct*1.0),linear,linear_pair
270,54,98.18,38.52,1.4111,1.1789,35.56,2.3724,0.9064,39.63,2.6082,1.1541,41.48,2.5632,1.0629,41.11,76.2015,-95.3366,2.2274,1.4373,0.879,1.3107,SF_LIN2_2h_current_volume_ratio_2h_current_range_pct_1.0_1.0,linear(2h_current_volume_ratio*1.0+2h_current_range_pct*1.0),linear,linear_pair
270,54,98.18,25.93,2.0078,1.2319,31.48,2.5053,1.2314,36.3,2.6727,1.2357,36.3,2.9379,1.05,35.19,108.4211,-65.8327,4.0498,2.045,0.8382,1.3101,SF_LIN2_30m_current_volume_ratio_5m_seq_high_break_6_1.0_0.5,linear(30m_current_volume_ratio*1.0+5m_seq_high_break_6*0.5),linear,linear_pair
270,54,98.18,25.93,2.0078,1.2319,31.48,2.5053,1.2314,36.3,2.6727,1.2357,36.3,2.9379,1.05,35.19,108.4211,-65.8327,4.0498,2.045,0.8382,1.3101,SF_LIN2_30m_current_volume_ratio_5m_seq_high_break_6_1.0_1.0,linear(30m_current_volume_ratio*1.0+5m_seq_high_break_6*1.0),linear,linear_pair
270,54,98.18,25.93,2.0078,1.2319,31.48,2.5053,1.2314,36.3,2.6727,1.2357,36.3,2.9379,1.05,35.19,108.4211,-65.8327,4.0498,2.045,0.8382,1.3101,SF_LIN2_30m_current_volume_ratio_5m_seq_high_break_6_1.0_1.5,linear(30m_current_volume_ratio*1.0+5m_seq_high_break_6*1.5),linear,linear_pair
270,54,98.18,25.93,2.0078,1.2319,31.48,2.5053,1.2314,36.3,2.6727,1.2357,36.3,2.9379,1.05,35.19,108.4211,-65.8327,4.0498,2.045,0.8382,1.3101,SF_LIN2_30m_current_volume_ratio_range_expansion_1.0_0.5,linear(30m_current_volume_ratio*1.0+range_expansion*0.5),linear,linear_pair
270,54,98.18,25.93,2.0078,1.2319,31.48,2.5053,1.2314,36.3,2.6727,1.2357,36.3,2.9379,1.05,35.19,108.4211,-65.8327,4.0498,2.045,0.8382,1.3101,SF_LIN2_30m_current_volume_ratio_range_expansion_1.0_1.0,linear(30m_current_volume_ratio*1.0+range_expansion*1.0),linear,linear_pair
270,54,98.18,25.93,2.0078,1.2319,31.48,2.5053,1.2314,36.3,2.6727,1.2357,36.3,2.9379,1.05,35.19,108.4211,-65.8327,4.0498,2.045,0.8382,1.3101,SF_LIN2_30m_current_volume_ratio_range_expansion_1.0_1.5,linear(30m_current_volume_ratio*1.0+range_expansion*1.5),linear,linear_pair
270,54,98.18,25.93,2.0078,1.2319,31.48,2.5053,1.2314,36.3,2.6727,1.2357,36.3,2.9379,1.05,35.19,108.4211,-65.8327,4.0498,2.045,0.8382,1.3101,SF_LIN_30m_current_volume_ratio_1_00,linear(30m_current_volume_ratio * 1.00),linear,linear_single
270,54,98.18,30.74,1.2789,1.0439,31.48,1.981,0.5736,34.44,2.3857,0.8757,37.41,3.3911,0.7057,39.63,69.0595,-70.6277,2.3234,1.3026,0.895,1.2899,SF_LIN2_2h_current_compression_5m_range_energy_2.0_1.0,linear(2h_current_compression*2.0+5m_range_energy*1.0),linear,linear_pair
270,54,98.18,40.0,3.2216,2.7196,46.3,3.6966,2.9626,49.63,3.7735,2.4836,46.67,4.0328,1.7295,45.19,173.9643,-117.9183,5.3449,3.2813,1.0303,1.2832,SF_OR_SF_derived_range_expansion_gte_8.077786_SF_1h_current_ma20_distance_pct_gte_20.388471,(derived_range_expansion >= 8.078 OR 1h_current_ma20_distance_pct >= 20.39),ast,or_pair
270,54,98.18,38.89,1.4178,1.0403,35.19,2.3109,1.137,39.26,2.6584,1.2653,42.59,3.3678,1.2089,41.85,76.5592,-96.2089,2.2438,1.4441,0.8681,1.28,SF_LIN2_2h_current_volume_ratio_2h_current_range_pct_2.0_1.5,linear(2h_current_volume_ratio*2.0+2h_current_range_pct*1.5),linear,linear_pair
270,54,98.18,37.78,1.5518,1.1551,35.93,2.4629,0.9862,38.89,2.6996,1.2198,40.74,2.7288,0.9439,40.0,83.7986,-91.6908,2.4418,1.5806,0.9581,1.248,SF_LIN2_2h_current_compression_2h_current_range_pct_2.0_1.0,linear(2h_current_compression*2.0+2h_current_range_pct*1.0),linear,linear_pair
270,54,98.18,22.22,1.5151,1.0115,27.78,1.6966,1.0507,31.11,1.9866,1.2178,35.19,2.4698,1.3368,37.41,81.8133,-64.7727,3.3448,1.5432,0.5477,1.2388,SF_LIN2_2h_current_volume_ratio_1h_current_compression_2.0_0.5,linear(2h_current_volume_ratio*2.0+1h_current_compression*0.5),linear,linear_pair
270,54,98.18,38.15,1.5945,1.2191,37.04,2.4674,1.2704,39.26,2.9762,1.4047,41.85,2.8596,0.9439,40.74,86.1019,-95.2655,2.4806,1.6241,0.9527,1.2263,SF_LIN2_2h_current_compression_2h_current_range_pct_2.0_1.5,linear(2h_current_compression*2.0+2h_current_range_pct*1.5),linear,linear_pair
270,54,98.18,35.56,1.2985,0.8371,33.33,1.9951,-0.0275,37.04,2.5734,0.1378,39.26,4.0999,0.9439,41.48,70.1171,-99.3734,2.1977,1.3226,0.6023,1.2187,SF_LIN2_1h_current_volume_ratio_5m_range_energy_1.0_1.5,linear(1h_current_volume_ratio*1.0+5m_range_energy*1.5),linear,linear_pair
270,54,98.18,26.67,1.8172,1.0328,28.89,1.9933,0.6668,33.33,2.1894,0.9461,32.96,2.8559,0.7533,35.56,98.1281,-68.1971,3.5288,1.8509,0.7239,1.218,SF_LIN2_30m_current_volume_ratio_1h_previous_return_pct_1.0_0.5,linear(30m_current_volume_ratio*1.0+1h_previous_return_pct*0.5),linear,linear_pair
270,54,98.18,24.81,1.7484,1.0798,30.74,1.747,0.9956,32.96,2.0752,0.9683,36.3,2.407,1.104,38.52,94.4156,-66.232,3.7184,1.7808,0.7607,1.2078,SF_LIN_2h_current_volume_ratio_1_50,linear(2h_current_volume_ratio * 1.50),linear,linear_single
270,54,98.18,24.07,1.4803,0.9166,28.89,1.6192,0.8085,31.48,1.7916,0.7515,34.81,2.1848,0.9609,37.78,79.9366,-66.232,3.2294,1.5077,0.6423,1.2014,SF_LIN2_2h_current_volume_ratio_5m_seq_high_break_6_2.0_0.5,linear(2h_current_volume_ratio*2.0+5m_seq_high_break_6*0.5),linear,linear_pair
270,54,98.18,24.07,1.4803,0.9166,28.89,1.6192,0.8085,31.48,1.7916,0.7515,34.81,2.1848,0.9609,37.78,79.9366,-66.232,3.2294,1.5077,0.6423,1.2014,SF_LIN2_2h_current_volume_ratio_5m_seq_high_break_6_2.0_1.0,linear(2h_current_volume_ratio*2.0+5m_seq_high_break_6*1.0),linear,linear_pair
270,54,98.18,24.07,1.4803,0.9166,28.89,1.6192,0.8085,31.48,1.7916,0.7515,34.81,2.1848,0.9609,37.78,79.9366,-66.232,3.2294,1.5077,0.6423,1.2014,SF_LIN2_2h_current_volume_ratio_5m_seq_high_break_6_2.0_1.5,linear(2h_current_volume_ratio*2.0+5m_seq_high_break_6*1.5),linear,linear_pair
270,54,98.18,24.07,1.4803,0.9166,28.89,1.6192,0.8085,31.48,1.7916,0.7515,34.81,2.1848,0.9609,37.78,79.9366,-66.232,3.2294,1.5077,0.6423,1.2014,SF_LIN2_2h_current_volume_ratio_range_expansion_2.0_0.5,linear(2h_current_volume_ratio*2.0+range_expansion*0.5),linear,linear_pair
270,54,98.18,24.07,1.4803,0.9166,28.89,1.6192,0.8085,31.48,1.7916,0.7515,34.81,2.1848,0.9609,37.78,79.9366,-66.232,3.2294,1.5077,0.6423,1.2014,SF_LIN2_2h_current_volume_ratio_range_expansion_2.0_1.0,linear(2h_current_volume_ratio*2.0+range_expansion*1.0),linear,linear_pair
270,54,98.18,24.07,1.4803,0.9166,28.89,1.6192,0.8085,31.48,1.7916,0.7515,34.81,2.1848,0.9609,37.78,79.9366,-66.232,3.2294,1.5077,0.6423,1.2014,SF_LIN2_2h_current_volume_ratio_range_expansion_2.0_1.5,linear(2h_current_volume_ratio*2.0+range_expansion*1.5),linear,linear_pair
270,54,98.18,24.07,1.4803,0.9166,28.89,1.6192,0.8085,31.48,1.7916,0.7515,34.81,2.1848,0.9609,37.78,79.9366,-66.232,3.2294,1.5077,0.6423,1.2014,SF_LIN_2h_current_volume_ratio_2_00,linear(2h_current_volume_ratio * 2.00),linear,linear_single
270,54,98.18,41.48,2.0994,1.7554,38.15,3.093,2.106,42.96,3.3731,2.1554,45.19,3.8827,1.2089,42.59,113.3668,-98.6934,3.3234,2.1383,1.1,1.1865,SF_LIN_30m_current_range_pct_0_50,linear(30m_current_range_pct * 0.50),linear,linear_single
270,54,98.18,34.44,0.9031,0.5847,32.59,1.7151,0.4864,36.67,2.1154,0.5489,39.63,2.3026,-0.2499,40.0,48.7662,-81.3436,1.5313,0.9198,0.8714,1.1856,SF_LIN2_1h_previous_range_pct_15m_current_return_pct_2.0_0.5,linear(1h_previous_range_pct*2.0+15m_current_return_pct*0.5),linear,linear_pair
270,54,98.18,37.04,2.1429,1.4232,37.41,2.9369,1.3918,41.85,3.2482,1.4354,44.07,3.2349,1.2775,42.59,115.7148,-55.3446,3.6537,2.1826,1.7712,1.1424,SF_LIN_15m_previous_compression_m1_50,linear(15m_previous_compression * -1.50),linear,linear_single
270,54,98.18,29.26,1.7867,1.1156,29.63,1.7844,0.6523,31.11,2.1317,1.0684,35.56,2.9215,0.5387,35.93,96.4797,-55.2634,3.1191,1.8198,1.133,1.1227,SF_LIN2_1h_current_compression_5m_range_energy_2.0_0.5,linear(1h_current_compression*2.0+5m_range_energy*0.5),linear,linear_pair
270,54,98.18,26.67,1.2202,0.2588,26.67,1.6711,0.1431,32.22,1.7228,-0.0913,33.7,2.4045,-0.1472,36.3,65.8924,-68.2281,2.3969,1.2428,0.6203,1.1098,SF_LIN_1h_previous_return_pct_3_00,linear(1h_previous_return_pct * 3.00),linear,linear_single
270,54,98.18,22.59,1.8294,1.1654,27.78,2.1531,1.0051,31.85,2.3907,1.2357,32.96,2.4095,0.8628,32.59,98.7858,-53.9071,3.8798,1.8633,0.8255,1.1046,SF_LIN2_30m_current_volume_ratio_1h_current_compression_1.0_0.5,linear(30m_current_volume_ratio*1.0+1h_current_compression*0.5),linear,linear_pair
270,54,98.18,35.19,0.8426,0.5559,32.96,1.748,0.5678,37.41,1.9674,0.4885,40.74,2.0947,-0.2499,41.11,45.4982,-79.1864,1.3786,0.8582,0.972,1.1041,SF_LIN2_range_expansion_1h_previous_range_pct_1.0_1.5,linear(range_expansion*1.0+1h_previous_range_pct*1.5),linear,linear_pair
270,54,98.18,35.19,0.8426,0.5559,32.96,1.748,0.5678,37.41,1.9674,0.4885,40.74,2.0947,-0.2499,41.11,45.4982,-79.1864,1.3786,0.8582,0.972,1.1041,SF_LIN2_range_expansion_1h_previous_range_pct_2.0_1.5,linear(range_expansion*2.0+1h_previous_range_pct*1.5),linear,linear_pair
270,54,98.18,35.19,0.8426,0.5559,32.96,1.748,0.5678,37.41,1.9674,0.4885,40.74,2.0947,-0.2499,41.11,45.4982,-79.1864,1.3786,0.8582,0.972,1.1041,SF_LIN_1h_previous_range_pct_1_50,linear(1h_previous_range_pct * 1.50),linear,linear_single
270,54,98.18,28.89,1.6119,0.4809,30.0,2.0876,0.2564,35.19,2.2348,0.2598,35.56,2.7416,0.1557,37.04,87.0399,-71.2132,3.0749,1.6418,0.8083,1.0987,SF_LIN2_1h_previous_return_pct_1h_current_volume_ratio_2.0_0.5,linear(1h_previous_return_pct*2.0+1h_current_volume_ratio*0.5),linear,linear_pair
270,54,98.18,23.7,2.3681,1.1993,26.67,2.6406,1.2651,30.37,2.8688,1.2357,32.22,2.8256,0.7708,31.85,127.88,-34.1284,5.6328,2.412,1.2573,1.0851,SF_LIN2_1h_current_compression_2h_current_compression_2.0_1.0,linear(1h_current_compression*2.0+2h_current_compression*1.0),linear,linear_pair
270,54,98.18,9.63,0.8949,0.6512,14.07,0.9909,0.7837,20.37,1.0802,0.6019,24.44,1.7684,0.4235,24.07,48.3219,-21.3885,4.0977,0.9115,0.3597,1.0711,SF_LIN2_30m_current_volume_ratio_15m_current_compression_2.0_1.5,linear(30m_current_volume_ratio*2.0+15m_current_compression*1.5),linear,linear_pair
270,54,98.18,35.56,1.0519,0.6974,31.85,1.9247,-0.0809,36.67,2.6153,0.0997,39.63,3.5031,-0.3533,41.85,56.8009,-89.4549,1.7041,1.0714,0.7631,1.0366,SF_LIN2_1h_previous_range_pct_5m_range_energy_2.0_1.0,linear(1h_previous_range_pct*2.0+5m_range_energy*1.0),linear,linear_pair
270,54,98.18,38.52,1.6104,1.4184,37.78,2.4573,1.3555,40.0,2.8736,1.4047,41.85,2.93,1.2084,41.48,86.9595,-104.7736,2.5051,1.6403,0.8476,1.0278,SF_LIN2_1h_current_compression_2h_current_range_pct_1.0_1.5,linear(1h_current_compression*1.0+2h_current_range_pct*1.5),linear,linear_pair
270,54,98.18,8.89,0.6556,0.5013,14.07,0.6897,0.5055,18.52,0.7963,0.3101,22.59,2.1219,0.3412,25.19,35.4004,-27.7814,2.872,0.6678,0.1967,1.027,SF_LIN2_15m_previous_compression_1h_previous_return_pct_2.0_1.5,linear(15m_previous_compression*2.0+1h_previous_return_pct*1.5),linear,linear_pair
270,54,98.18,30.37,1.3881,1.0736,30.37,1.9341,1.258,36.3,2.3776,1.0684,40.0,2.9675,0.9858,39.63,74.9588,-81.398,2.5656,1.4138,0.6818,1.0156,SF_LIN2_2h_current_volume_ratio_1h_previous_range_pct_2.0_0.5,linear(2h_current_volume_ratio*2.0+1h_previous_range_pct*0.5),linear,linear_pair
270,54,98.18,21.48,1.4133,0.9209,25.93,1.7504,0.8911,30.37,2.1431,1.0465,33.33,2.8975,0.8894,34.81,76.3196,-59.3503,3.2082,1.4395,0.592,1.011,SF_LIN2_30m_current_volume_ratio_1h_current_volume_ratio_2.0_1.0,linear(30m_current_volume_ratio*2.0+1h_current_volume_ratio*1.0),linear,linear_pair
270,54,98.18,12.22,0.7624,0.7992,15.56,0.9786,0.9923,21.85,1.0548,0.9503,25.19,1.8569,0.6916,28.52,41.1701,-26.7831,3.7128,0.7765,0.4226,0.9934,SF_LIN_5m_range_energy_m1_00,linear(5m_range_energy * -1.00),linear,linear_single
270,54,98.18,22.59,1.4696,0.9375,28.89,1.5024,0.6569,31.48,1.7124,0.7515,34.07,2.0713,0.7145,35.56,79.3571,-64.7727,3.2205,1.4968,0.6558,0.9806,SF_LIN2_2h_current_volume_ratio_2h_current_compression_2.0_0.5,linear(2h_current_volume_ratio*2.0+2h_current_compression*0.5),linear,linear_pair
270,54,98.18,29.63,1.9903,1.4382,33.33,2.7678,1.5264,37.78,3.0065,1.3195,37.41,3.1204,1.1822,39.26,107.4764,-75.4419,3.5816,2.0272,0.9351,0.9694,SF_LIN2_30m_current_volume_ratio_30m_current_body_pct_1.0_0.5,linear(30m_current_volume_ratio*1.0+30m_current_body_pct*0.5),linear,linear_pair
270,54,98.18,35.19,1.008,0.8371,34.07,1.7997,0.5121,37.41,2.0788,0.8864,41.48,2.2987,0.2814,41.11,54.4323,-78.096,1.6412,1.0267,1.0792,0.9488,SF_LIN2_1h_previous_range_pct_5m_seq_high_break_6_1.0_0.5,linear(1h_previous_range_pct*1.0+5m_seq_high_break_6*0.5),linear,linear_pair
270,54,98.18,35.19,1.008,0.8371,34.07,1.7997,0.5121,37.41,2.0788,0.8864,41.48,2.2987,0.2814,41.11,54.4323,-78.096,1.6412,1.0267,1.0792,0.9488,SF_LIN2_1h_previous_range_pct_5m_seq_high_break_6_1.0_1.0,linear(1h_previous_range_pct*1.0+5m_seq_high_break_6*1.0),linear,linear_pair
270,54,98.18,35.19,1.008,0.8371,34.07,1.7997,0.5121,37.41,2.0788,0.8864,41.48,2.2987,0.2814,41.11,54.4323,-78.096,1.6412,1.0267,1.0792,0.9488,SF_LIN2_1h_previous_range_pct_5m_seq_high_break_6_1.0_1.5,linear(1h_previous_range_pct*1.0+5m_seq_high_break_6*1.5),linear,linear_pair
270,54,98.18,35.19,1.008,0.8371,34.07,1.7997,0.5121,37.41,2.0788,0.8864,41.48,2.2987,0.2814,41.11,54.4323,-78.096,1.6412,1.0267,1.0792,0.9488,SF_LIN2_range_expansion_1h_previous_range_pct_1.0_1.0,linear(range_expansion*1.0+1h_previous_range_pct*1.0),linear,linear_pair
270,54,98.18,35.19,1.008,0.8371,34.07,1.7997,0.5121,37.41,2.0788,0.8864,41.48,2.2987,0.2814,41.11,54.4323,-78.096,1.6412,1.0267,1.0792,0.9488,SF_LIN2_range_expansion_1h_previous_range_pct_2.0_1.0,linear(range_expansion*2.0+1h_previous_range_pct*1.0),linear,linear_pair
270,54,98.18,35.19,1.008,0.8371,34.07,1.7997,0.5121,37.41,2.0788,0.8864,41.48,2.2987,0.2814,41.11,54.4323,-78.096,1.6412,1.0267,1.0792,0.9488,SF_LIN_1h_previous_range_pct_1_00,linear(1h_previous_range_pct * 1.00),linear,linear_single
270,54,98.18,35.19,1.3694,0.9244,33.7,2.059,0.2225,37.78,2.5538,0.1378,39.63,4.115,1.0602,41.48,73.9497,-99.3734,2.3043,1.3948,0.6616,0.9435,SF_LIN2_1h_current_volume_ratio_5m_range_energy_1.0_1.0,linear(1h_current_volume_ratio*1.0+5m_range_energy*1.0),linear,linear_pair
270,54,98.18,15.56,1.5036,1.0849,21.11,2.1431,1.435,28.89,2.4247,1.3337,31.85,2.9492,1.1822,34.81,81.1926,-27.4151,5.865,1.5315,0.8203,0.9421,SF_LIN_5m_range_energy_m0_50,linear(5m_range_energy * -0.50),linear,linear_single
270,54,98.18,41.11,1.9991,1.6467,37.41,2.9568,1.8462,42.22,3.0636,1.7842,44.44,3.3659,0.6978,41.85,107.9517,-95.3312,3.1589,2.0362,1.1669,0.9361,SF_LIN_30m_current_range_pct_1_00,linear(30m_current_range_pct * 1.00),linear,linear_single
270,54,98.18,40.0,2.7818,2.2865,42.22,3.4693,2.42,45.93,3.5083,2.0046,45.56,4.5305,1.4618,43.7,150.2178,-98.971,4.525,2.8334,1.2905,0.9289,SF_ATOM_63,2h_current_body_pct >= 6.87,ast,atom
270,54,98.18,23.7,1.5394,0.9428,29.63,1.6685,0.8488,31.85,1.9945,0.9683,35.56,2.629,1.104,37.78,83.1294,-66.232,3.3401,1.5679,0.7167,0.9211,SF_LIN2_2h_current_volume_ratio_1h_current_volume_ratio_2.0_0.5,linear(2h_current_volume_ratio*2.0+1h_current_volume_ratio*0.5),linear,linear_pair
270,54,98.18,27.04,1.4625,0.4655,28.52,1.7578,0.365,33.33,2.0848,0.2598,34.44,2.8033,0.4496,37.04,78.9744,-70.3154,2.7533,1.4896,0.7231,0.9037,SF_LIN2_1h_previous_return_pct_2h_current_compression_1.0_1.0,linear(1h_previous_return_pct*1.0+2h_current_compression*1.0),linear,linear_pair
270,54,98.18,23.7,2.3335,1.1551,26.3,2.6216,1.2211,30.37,2.8525,1.2213,31.85,2.7918,0.7417,31.48,126.0113,-34.1284,5.5439,2.3768,1.279,0.8922,SF_LIN2_1h_current_compression_2h_current_compression_2.0_1.5,linear(1h_current_compression*2.0+2h_current_compression*1.5),linear,linear_pair
270,54,98.18,29.26,1.6989,1.4003,32.96,2.3812,1.2885,37.04,2.5782,1.5242,38.52,2.5844,0.4061,37.78,91.7413,-66.7213,2.9737,1.7304,1.0806,0.8785,SF_LIN_15m_current_body_pct_3_00,linear(15m_current_body_pct * 3.00),linear,linear_single
270,54,98.18,31.85,1.7702,1.1431,31.48,2.7884,1.3346,38.52,2.7694,0.7792,40.0,4.4275,0.6973,40.37,95.5892,-60.1248,3.4366,1.803,1.2613,0.8781,SF_LIN_derived_volume_ratio_m2_00,linear(derived_volume_ratio * -2.00),linear,linear_single
270,54,98.18,36.67,2.1314,1.3721,37.04,2.9432,1.3918,41.85,3.1956,1.3883,43.7,3.1589,1.2035,42.22,115.0964,-57.7246,3.6194,2.1709,1.747,0.874,SF_LIN_15m_previous_compression_m2_00,linear(15m_previous_compression * -2.00),linear,linear_single
270,54,98.18,25.19,2.2628,1.2319,31.11,2.5869,1.378,34.44,2.8692,1.308,35.93,3.6443,1.2433,36.67,122.1928,-50.8093,4.4146,2.3047,1.1998,0.8589,SF_LIN2_1h_current_volume_ratio_2h_current_compression_1.0_1.0,linear(1h_current_volume_ratio*1.0+2h_current_compression*1.0),linear,linear_pair
270,54,98.18,22.22,3.0743,1.5796,30.37,3.7936,1.8222,36.3,3.8895,1.6937,37.04,3.5584,1.1822,35.56,166.0136,-37.4329,6.6896,3.1313,1.3706,0.844,SF_LIN2_1h_current_compression_15m_current_return_pct_2.0_1.0,linear(1h_current_compression*2.0+15m_current_return_pct*1.0),linear,linear_pair
270,54,98.18,39.63,1.5234,1.485,38.52,2.4891,1.5019,42.59,2.6375,1.4704,44.07,2.6416,0.7958,42.59,82.265,-104.7736,2.3616,1.5516,0.9537,0.8412,SF_LIN2_5m_seq_high_break_6_2h_current_range_pct_1.0_1.0,linear(5m_seq_high_break_6*1.0+2h_current_range_pct*1.0),linear,linear_pair
270,54,98.18,39.63,1.5234,1.485,38.52,2.4891,1.5019,42.59,2.6375,1.4704,44.07,2.6416,0.7958,42.59,82.265,-104.7736,2.3616,1.5516,0.9537,0.8412,SF_LIN2_5m_seq_high_break_6_2h_current_range_pct_2.0_1.0,linear(5m_seq_high_break_6*2.0+2h_current_range_pct*1.0),linear,linear_pair
270,54,98.18,39.63,1.5234,1.485,38.52,2.4891,1.5019,42.59,2.6375,1.4704,44.07,2.6416,0.7958,42.59,82.265,-104.7736,2.3616,1.5516,0.9537,0.8412,SF_LIN2_range_expansion_2h_current_range_pct_1.0_1.0,linear(range_expansion*1.0+2h_current_range_pct*1.0),linear,linear_pair
270,54,98.18,39.63,1.5234,1.485,38.52,2.4891,1.5019,42.59,2.6375,1.4704,44.07,2.6416,0.7958,42.59,82.265,-104.7736,2.3616,1.5516,0.9537,0.8412,SF_LIN2_range_expansion_2h_current_range_pct_2.0_1.0,linear(range_expansion*2.0+2h_current_range_pct*1.0),linear,linear_pair
270,54,98.18,39.63,1.5234,1.485,38.52,2.4891,1.5019,42.59,2.6375,1.4704,44.07,2.6416,0.7958,42.59,82.265,-104.7736,2.3616,1.5516,0.9537,0.8412,SF_LIN_2h_current_range_pct_1_00,linear(2h_current_range_pct * 1.00),linear,linear_single
270,54,98.18,32.22,1.6147,1.1815,32.22,2.2696,0.9631,35.19,2.4767,1.3811,39.26,2.9431,1.0724,38.52,87.1919,-89.6712,2.6504,1.6446,0.713,0.8403,SF_LIN2_15m_current_compression_2h_current_range_pct_1.0_1.5,linear(15m_current_compression*1.0+2h_current_range_pct*1.5),linear,linear_pair
270,54,98.18,21.48,1.3011,0.9078,24.81,1.5628,0.876,30.0,1.9448,1.0292,32.59,2.856,0.9609,34.44,70.2586,-59.3503,2.973,1.3252,0.5798,0.8143,SF_LIN2_30m_current_volume_ratio_1h_current_volume_ratio_2.0_1.5,linear(30m_current_volume_ratio*2.0+1h_current_volume_ratio*1.5),linear,linear_pair
270,54,98.18,39.63,1.5927,1.436,37.41,2.5133,1.5253,42.22,2.6205,1.3214,43.33,2.705,0.6262,41.48,86.0036,-96.9157,2.4786,1.6222,1.0814,0.7872,SF_LIN2_2h_current_range_pct_15m_current_return_pct_2.0_1.0,linear(2h_current_range_pct*2.0+15m_current_return_pct*1.0),linear,linear_pair
270,54,98.18,36.67,1.3287,1.1145,34.07,2.0859,0.4389,37.78,2.7359,0.3054,41.11,3.4499,-0.4328,40.37,71.7524,-99.3734,2.0797,1.3533,0.765,0.7843,SF_LIN2_2h_current_range_pct_5m_range_energy_1.0_1.5,linear(2h_current_range_pct*1.0+5m_range_energy*1.5),linear,linear_pair
270,54,98.18,24.44,1.4821,0.9078,27.04,1.6628,0.9697,32.59,1.8636,0.9546,34.44,2.9394,0.9183,35.93,80.0328,-63.4787,3.0064,1.5096,0.726,0.7628,SF_LIN2_1h_current_compression_1h_previous_return_pct_1.0_1.0,linear(1h_current_compression*1.0+1h_previous_return_pct*1.0),linear,linear_pair
270,54,98.18,8.15,0.6606,0.4653,13.33,0.648,0.5055,18.89,0.7608,0.3101,22.59,1.579,0.272,24.44,35.6748,-27.5351,3.2793,0.6728,0.1956,0.7627,SF_LIN2_15m_previous_compression_1h_previous_return_pct_2.0_1.0,linear(15m_previous_compression*2.0+1h_previous_return_pct*1.0),linear,linear_pair
270,54,98.18,8.89,0.8764,0.6217,13.33,0.8852,0.713,19.63,1.0225,0.5676,23.7,1.7981,0.4294,23.33,47.3273,-20.8463,4.2414,0.8926,0.3731,0.7568,SF_LIN2_30m_current_volume_ratio_15m_current_compression_1.0_1.5,linear(30m_current_volume_ratio*1.0+15m_current_compression*1.5),linear,linear_pair
270,54,98.18,38.89,1.6469,1.5741,37.41,2.4826,1.4167,42.22,2.5787,1.2653,42.96,2.6213,0.6262,41.48,88.934,-94.7293,2.5669,1.6774,1.1058,0.7521,SF_LIN2_2h_current_range_pct_15m_current_return_pct_1.0_0.5,linear(2h_current_range_pct*1.0+15m_current_return_pct*0.5),linear,linear_pair
270,54,98.18,19.26,1.6251,1.0231,24.07,1.5601,0.9363,28.15,1.9663,1.155,30.0,2.328,0.7533,30.74,87.753,-41.7857,3.6457,1.6552,0.8454,0.748,SF_LIN2_30m_current_volume_ratio_1h_current_compression_1.0_1.5,linear(30m_current_volume_ratio*1.0+1h_current_compression*1.5),linear,linear_pair
270,54,98.18,36.67,1.1063,0.8979,34.81,1.6591,-0.0275,37.78,1.896,0.1774,41.11,2.0536,-0.7308,39.63,59.7419,-91.9237,1.7408,1.1268,0.9383,0.744,SF_LIN2_1h_previous_range_pct_2h_current_range_pct_2.0_1.5,linear(1h_previous_range_pct*2.0+2h_current_range_pct*1.5),linear,linear_pair
270,54,98.18,33.33,1.4681,1.1082,33.33,2.6077,1.0507,38.52,2.8438,1.0684,39.63,2.9084,0.8049,40.0,79.2766,-71.8932,2.5647,1.4953,1.1679,0.7436,SF_LIN2_30m_current_volume_ratio_1h_previous_range_pct_2.0_1.0,linear(30m_current_volume_ratio*2.0+1h_previous_range_pct*1.0),linear,linear_pair
270,54,98.18,36.67,1.632,1.3083,35.93,2.5966,1.137,39.26,3.3061,1.0452,42.22,3.9137,0.8451,42.22,88.1286,-83.0163,2.662,1.6623,1.2076,0.67,SF_LIN2_1h_previous_range_pct_15m_current_return_pct_1.0_0.5,linear(1h_previous_range_pct*1.0+15m_current_return_pct*0.5),linear,linear_pair
270,54,98.18,40.74,2.2132,1.5437,37.41,3.224,1.675,41.85,3.3127,1.3059,43.33,3.526,0.498,40.0,119.5125,-95.8683,3.5426,2.2542,1.2075,0.6696,SF_LIN_15m_current_range_pct_0_50,linear(15m_current_range_pct * 0.50),linear,linear_single
270,54,98.18,34.07,0.7463,0.5682,31.85,1.6463,0.5294,36.3,1.8772,0.7342,39.63,2.1914,-0.0781,40.37,40.2982,-79.1864,1.2325,0.7601,0.9694,0.6422,SF_LIN2_2h_current_compression_1h_previous_range_pct_1.0_1.5,linear(2h_current_compression*1.0+1h_previous_range_pct*1.5),linear,linear_pair
270,54,98.18,33.33,0.9022,0.5847,31.11,1.8155,0.6834,35.19,2.1756,0.9451,38.52,2.3098,0.4021,39.63,48.7169,-79.1864,1.5037,0.9189,0.9214,0.633,SF_LIN2_2h_current_compression_1h_previous_range_pct_2.0_1.5,linear(2h_current_compression*2.0+1h_previous_range_pct*1.5),linear,linear_pair
270,54,98.18,37.04,1.426,1.2347,34.81,2.2103,0.6899,39.63,2.8038,0.7199,41.85,3.5952,0.1556,41.85,77.0015,-89.4549,2.2289,1.4524,1.0466,0.6193,SF_LIN2_2h_current_range_pct_5m_range_energy_1.0_1.0,linear(2h_current_range_pct*1.0+5m_range_energy*1.0),linear,linear_pair
270,54,98.18,36.67,1.1985,1.0719,31.11,2.4844,1.3068,36.67,3.1622,1.4539,43.33,3.5992,1.2261,42.59,64.7176,-82.3317,2.0134,1.2207,1.018,0.5924,SF_LIN_2h_previous_ma20_distance_pct_0_50,linear(2h_previous_ma20_distance_pct * 0.50),linear,linear_single
270,54,98.18,22.59,1.6412,1.0661,28.89,1.8551,1.0504,31.11,2.2518,1.1322,35.56,2.7875,1.0156,37.04,88.6246,-59.8132,3.6159,1.6716,0.8446,0.584,SF_LIN2_2h_current_volume_ratio_30m_current_volume_ratio_2.0_1.0,linear(2h_current_volume_ratio*2.0+30m_current_volume_ratio*1.0),linear,linear_pair
270,54,98.18,24.44,1.8762,0.9788,26.3,2.0858,1.0001,30.0,2.5491,1.1379,33.33,2.5999,0.9063,32.22,101.3157,-52.4394,3.7652,1.911,0.9767,0.5834,SF_LIN2_1h_current_compression_1h_previous_return_pct_2.0_0.5,linear(1h_current_compression*2.0+1h_previous_return_pct*0.5),linear,linear_pair
270,54,98.18,37.78,1.293,1.2347,35.93,2.0134,0.8408,40.37,2.2836,0.933,42.96,2.5865,0.498,41.85,69.8202,-106.449,1.9954,1.317,0.7826,0.572,SF_LIN2_2h_current_range_pct_5m_range_energy_2.0_1.0,linear(2h_current_range_pct*2.0+5m_range_energy*1.0),linear,linear_pair
270,54,98.18,32.96,1.517,1.0439,32.96,2.3793,0.9479,35.56,2.8412,1.0684,37.78,3.3805,0.9183,38.89,81.9167,-81.4582,2.5824,1.5451,0.9845,0.5708,SF_LIN2_2h_current_compression_1h_previous_range_pct_2.0_0.5,linear(2h_current_compression*2.0+1h_previous_range_pct*0.5),linear,linear_pair
270,54,98.18,22.59,1.7387,1.1654,27.04,2.0382,1.2941,31.85,2.3468,1.3223,35.56,3.0566,1.3509,36.67,93.8879,-57.7748,3.981,1.7709,0.8209,0.5656,SF_LIN2_2h_current_volume_ratio_1h_current_compression_1.0_1.0,linear(2h_current_volume_ratio*1.0+1h_current_compression*1.0),linear,linear_pair
270,54,98.18,37.41,1.7897,1.573,35.93,2.6472,1.6052,40.37,2.7721,1.3329,41.11,3.1537,1.1551,40.74,96.6452,-98.0538,2.8818,1.8229,0.9678,0.5605,SF_LIN2_30m_current_volume_ratio_2h_current_range_pct_1.0_0.5,linear(30m_current_volume_ratio*1.0+2h_current_range_pct*0.5),linear,linear_pair
270,54,98.18,39.63,1.7586,1.6092,38.15,2.5142,1.453,42.96,2.4531,1.2653,42.59,2.5841,0.6262,41.48,94.9629,-94.7293,2.7558,1.7912,1.2107,0.5572,SF_LIN2_2h_current_range_pct_15m_current_return_pct_2.0_1.5,linear(2h_current_range_pct*2.0+15m_current_return_pct*1.5),linear,linear_pair
270,54,98.18,24.81,1.2185,0.2212,25.93,1.6085,0.1431,31.11,1.6493,0.0997,32.22,2.63,-0.0887,34.81,65.7999,-72.4847,2.3978,1.2411,0.5435,0.5476,SF_LIN2_1h_previous_return_pct_2h_current_compression_2.0_1.5,linear(1h_previous_return_pct*2.0+2h_current_compression*1.5),linear,linear_pair
270,54,98.18,38.89,1.3264,1.2606,37.04,2.0285,0.6899,41.11,2.2647,0.933,42.22,2.4144,0.498,41.48,71.6276,-106.449,2.0393,1.351,0.8787,0.5455,SF_LIN2_2h_current_range_pct_5m_range_energy_2.0_0.5,linear(2h_current_range_pct*2.0+5m_range_energy*0.5),linear,linear_pair
270,54,98.18,24.81,2.2647,1.2054,30.0,2.608,1.378,34.44,2.8991,1.3115,35.56,3.5953,1.2903,36.3,122.2941,-49.4261,4.4359,2.3067,1.2311,0.5433,SF_LIN2_1h_current_volume_ratio_2h_current_compression_1.0_1.5,linear(1h_current_volume_ratio*1.0+2h_current_compression*1.5),linear,linear_pair
270,54,98.18,32.59,1.806,1.506,34.81,2.8369,1.4889,40.37,3.2444,1.2178,41.11,4.1585,1.3425,42.22,97.5242,-97.6608,3.2129,1.8395,0.7427,0.5422,SF_LIN2_2h_current_volume_ratio_30m_current_body_pct_1.0_1.0,linear(2h_current_volume_ratio*1.0+30m_current_body_pct*1.0),linear,linear_pair
270,54,98.18,10.0,1.0436,0.6217,15.19,1.0044,0.6023,20.74,1.2514,0.5676,24.44,2.244,0.5864,26.67,56.3551,-26.189,4.2241,1.0629,0.4421,0.5217,SF_LIN2_1h_previous_return_pct_15m_current_compression_1.0_1.5,linear(1h_previous_return_pct*1.0+15m_current_compression*1.5),linear,linear_pair
270,54,98.18,38.89,1.9084,1.5741,37.78,2.6795,1.6223,42.96,2.7294,1.6133,44.07,2.7619,1.0604,42.96,103.0528,-98.9059,3.0092,1.9438,1.1019,0.5064,SF_LIN2_2h_current_range_pct_15m_current_return_pct_1.0_1.0,linear(2h_current_range_pct*1.0+15m_current_return_pct*1.0),linear,linear_pair
270,54,98.18,35.19,1.0018,0.5847,33.7,1.7998,0.3574,37.04,2.0328,0.1774,40.37,2.1012,-0.5251,40.37,54.0946,-89.1169,1.5913,1.0204,0.9334,0.4999,SF_LIN2_1h_previous_range_pct_2h_current_range_pct_2.0_0.5,linear(1h_previous_range_pct*2.0+2h_current_range_pct*0.5),linear,linear_pair
270,54,98.18,29.26,2.4055,1.4013,33.33,3.0018,1.0507,34.81,2.9067,1.3834,33.33,3.0462,0.8203,34.81,129.8946,-64.6509,4.5173,2.4501,1.2558,0.4956,SF_LIN_derived_volume_ratio_0_50,linear(derived_volume_ratio * 0.50),linear,linear_single
270,54,98.18,41.85,2.0494,1.6092,37.41,3.0312,1.8462,42.22,3.2317,1.7842,44.44,3.7205,0.6978,42.22,110.6689,-95.3312,3.2227,2.0874,1.2892,0.4877,SF_LIN_30m_current_range_pct_1_50,linear(30m_current_range_pct * 1.50),linear,linear_single
270,54,98.18,26.67,1.9593,0.9788,28.89,2.0921,0.9292,31.85,2.4827,1.0855,34.44,3.0644,1.1288,35.56,105.8029,-65.0027,3.6819,1.9956,0.9467,0.466,SF_LIN2_1h_current_compression_1h_previous_return_pct_1.0_0.5,linear(1h_current_compression*1.0+1h_previous_return_pct*0.5),linear,linear_pair
270,54,98.18,39.26,1.376,1.2831,36.3,2.3368,1.3555,41.85,2.396,1.3214,43.7,2.4234,0.7958,41.85,74.3063,-107.5619,2.148,1.4015,0.8624,0.4566,SF_LIN2_30m_current_body_pct_2h_current_range_pct_1.0_1.5,linear(30m_current_body_pct*1.0+2h_current_range_pct*1.5),linear,linear_pair
270,54,98.18,35.93,1.9045,1.3072,36.3,2.6285,1.2996,41.11,2.9468,1.3439,43.33,3.3175,1.2035,42.22,102.8444,-57.7246,3.3305,1.9398,1.7651,0.4194,SF_LIN_15m_previous_compression_m3_00,linear(15m_previous_compression * -3.00),linear,linear_single
270,54,98.18,35.93,1.2187,1.0042,33.33,2.0301,0.2225,38.15,2.5457,0.1774,41.11,3.5422,0.081,41.85,65.81,-99.3734,1.9522,1.2413,0.7748,0.4063,SF_LIN2_1h_previous_range_pct_5m_range_energy_1.0_1.5,linear(1h_previous_range_pct*1.0+5m_range_energy*1.5),linear,linear_pair
270,54,98.18,30.74,1.835,1.2811,31.11,2.5461,1.4558,36.3,2.8412,1.3329,38.52,3.2428,1.404,38.52,99.0902,-64.8953,3.3192,1.869,1.2066,0.398,SF_LIN2_1h_current_compression_1h_previous_range_pct_2.0_0.5,linear(1h_current_compression*2.0+1h_previous_range_pct*0.5),linear,linear_pair
270,54,98.18,37.04,1.4487,1.3083,35.56,2.1944,0.882,39.26,2.7185,1.2198,43.33,3.0983,0.643,43.33,78.228,-90.4292,2.2788,1.4756,1.1043,0.3902,SF_LIN2_1h_previous_range_pct_30m_current_body_pct_1.0_1.0,linear(1h_previous_range_pct*1.0+30m_current_body_pct*1.0),linear,linear_pair
270,54,98.18,8.52,0.6784,0.5461,14.07,0.7505,0.5055,18.89,0.9888,0.3595,23.33,2.4712,0.3857,24.81,36.6357,-36.5576,3.0316,0.691,0.1366,0.3828,SF_LIN2_15m_previous_compression_1h_previous_return_pct_1.0_0.5,linear(15m_previous_compression*1.0+1h_previous_return_pct*0.5),linear,linear_pair
270,54,98.18,35.93,1.3706,0.9827,32.59,2.3215,0.6001,38.89,2.4086,0.8032,40.0,3.0839,0.9439,40.37,74.0125,-98.1442,2.2285,1.396,0.7843,0.3793,SF_LIN2_1h_current_volume_ratio_1h_previous_range_pct_2.0_1.5,linear(1h_current_volume_ratio*2.0+1h_previous_range_pct*1.5),linear,linear_pair
270,54,98.18,40.37,1.8156,1.5437,35.93,2.5896,1.5768,40.74,2.8487,1.2441,42.96,3.3942,0.6619,41.85,98.0442,-98.3798,2.8422,1.8493,1.1211,0.3612,SF_LIN_30m_current_range_pct_3_00,linear(30m_current_range_pct * 3.00),linear,linear_single
270,54,98.18,21.48,1.429,0.9128,28.15,1.6093,0.818,30.74,1.7945,0.8636,33.7,2.2077,0.8451,35.56,77.1653,-64.7727,3.1504,1.4555,0.7038,0.3584,SF_LIN2_2h_current_volume_ratio_2h_current_compression_2.0_1.0,linear(2h_current_volume_ratio*2.0+2h_current_compression*1.0),linear,linear_pair
270,54,98.18,41.48,1.9699,1.5741,37.04,2.9031,1.675,41.85,3.1498,1.7842,44.07,3.6541,0.7958,42.59,106.3745,-97.9387,3.0858,2.0064,1.2304,0.3491,SF_LIN_30m_current_range_pct_2_00,linear(30m_current_range_pct * 2.00),linear,linear_single
270,54,98.18,36.67,1.2792,0.8979,33.33,2.0463,0.2225,38.15,2.5941,0.1774,40.37,3.7146,0.081,42.59,69.079,-99.3734,2.0255,1.3029,0.823,0.3314,SF_LIN2_1h_previous_range_pct_5m_range_energy_2.0_1.5,linear(1h_previous_range_pct*2.0+5m_range_energy*1.5),linear,linear_pair
270,54,98.18,32.59,1.2467,0.635,32.96,1.6083,-0.1001,35.93,2.1445,0.0193,38.15,3.058,-0.1769,40.0,67.3203,-97.6866,2.0666,1.2698,0.6773,0.3289,SF_LIN2_1h_previous_return_pct_5m_range_energy_1.0_1.5,linear(1h_previous_return_pct*1.0+5m_range_energy*1.5),linear,linear_pair
270,54,98.18,28.52,1.7591,1.247,31.48,2.6789,1.3068,37.41,3.0752,1.5425,36.67,3.144,1.1551,39.63,94.9936,-75.4419,3.2306,1.7917,0.9318,0.3245,SF_LIN2_30m_current_volume_ratio_30m_current_body_pct_2.0_1.5,linear(30m_current_volume_ratio*2.0+30m_current_body_pct*1.5),linear,linear_pair
270,54,98.18,38.15,1.3354,1.2191,35.93,2.0847,0.8408,39.26,2.3012,0.8864,42.22,2.0028,-0.2437,40.0,72.1128,-95.2859,2.0902,1.3602,1.0744,0.316,SF_LIN2_1h_previous_range_pct_2h_current_range_pct_1.0_1.0,linear(1h_previous_range_pct*1.0+2h_current_range_pct*1.0),linear,linear_pair
270,54,98.18,34.81,0.6496,0.5165,32.59,1.6195,-0.0275,36.3,2.2069,0.0997,40.0,2.8001,-0.2437,41.48,35.0783,-87.6041,1.0733,0.6616,0.9216,0.3065,SF_LIN2_1h_previous_range_pct_30m_current_body_pct_2.0_0.5,linear(1h_previous_range_pct*2.0+30m_current_body_pct*0.5),linear,linear_pair
270,54,98.18,8.52,0.9049,0.5846,17.04,1.1107,0.5686,20.0,1.3443,0.6438,23.33,2.1688,0.3857,27.04,48.8648,-19.0905,5.306,0.9217,0.6361,0.2939,SF_LIN_30m_current_range_pct_m1_00,linear(30m_current_range_pct * -1.00),linear,linear_single
270,54,98.18,36.67,1.3604,1.1145,33.7,2.119,0.2225,38.15,2.7049,0.3054,41.11,3.8124,0.4355,42.22,73.463,-99.3734,2.159,1.3856,0.8531,0.2793,SF_LIN2_1h_previous_range_pct_5m_range_energy_1.0_1.0,linear(1h_previous_range_pct*1.0+5m_range_energy*1.0),linear,linear_pair
270,54,98.18,35.93,1.7166,1.1551,34.81,2.5019,0.8963,37.78,2.3664,1.0684,38.89,2.3923,0.7533,38.52,92.6961,-95.5759,2.7312,1.7484,0.9685,0.2629,SF_LIN2_2h_current_compression_2h_current_range_pct_2.0_0.5,linear(2h_current_compression*2.0+2h_current_range_pct*0.5),linear,linear_pair
270,54,98.18,35.93,1.446,1.1654,33.7,2.5563,0.6377,38.52,2.9055,0.9451,40.0,3.4244,0.4457,40.0,78.0856,-87.3712,2.4085,1.4728,1.0724,0.2607,SF_LIN2_30m_current_volume_ratio_1h_previous_range_pct_1.0_1.0,linear(30m_current_volume_ratio*1.0+1h_previous_range_pct*1.0),linear,linear_pair
270,54,98.18,38.15,1.6091,1.3081,36.67,2.5001,1.3068,39.26,2.7356,1.3962,41.48,2.7039,1.2622,41.11,86.8904,-104.7736,2.5368,1.6389,0.9435,0.2519,SF_LIN2_1h_current_compression_2h_current_range_pct_1.0_1.0,linear(1h_current_compression*1.0+2h_current_range_pct*1.0),linear,linear_pair
270,54,98.18,38.15,2.2004,2.0002,39.26,2.9529,1.9562,43.33,2.8922,1.6133,44.07,2.8059,1.0604,42.59,118.8237,-100.3814,3.5762,2.2412,1.174,0.234,SF_LIN2_2h_current_range_pct_15m_current_return_pct_1.0_1.5,linear(2h_current_range_pct*1.0+15m_current_return_pct*1.5),linear,linear_pair
270,54,98.18,28.15,1.2363,0.3918,28.52,1.7721,0.1947,33.7,1.9803,0.0657,34.81,2.9505,0.0625,37.78,66.7602,-98.0077,2.3169,1.2592,0.3395,0.2066,SF_LIN2_1h_previous_return_pct_5m_seq_high_break_6_2.0_0.5,linear(1h_previous_return_pct*2.0+5m_seq_high_break_6*0.5),linear,linear_pair
270,54,98.18,28.15,1.2363,0.3918,28.52,1.7721,0.1947,33.7,1.9803,0.0657,34.81,2.9505,0.0625,37.78,66.7602,-98.0077,2.3169,1.2592,0.3395,0.2066,SF_LIN2_1h_previous_return_pct_5m_seq_high_break_6_2.0_1.0,linear(1h_previous_return_pct*2.0+5m_seq_high_break_6*1.0),linear,linear_pair
270,54,98.18,28.15,1.2363,0.3918,28.52,1.7721,0.1947,33.7,1.9803,0.0657,34.81,2.9505,0.0625,37.78,66.7602,-98.0077,2.3169,1.2592,0.3395,0.2066,SF_LIN2_1h_previous_return_pct_5m_seq_high_break_6_2.0_1.5,linear(1h_previous_return_pct*2.0+5m_seq_high_break_6*1.5),linear,linear_pair
270,54,98.18,28.15,1.2363,0.3918,28.52,1.7721,0.1947,33.7,1.9803,0.0657,34.81,2.9505,0.0625,37.78,66.7602,-98.0077,2.3169,1.2592,0.3395,0.2066,SF_LIN2_1h_previous_return_pct_range_expansion_2.0_0.5,linear(1h_previous_return_pct*2.0+range_expansion*0.5),linear,linear_pair
270,54,98.18,28.15,1.2363,0.3918,28.52,1.7721,0.1947,33.7,1.9803,0.0657,34.81,2.9505,0.0625,37.78,66.7602,-98.0077,2.3169,1.2592,0.3395,0.2066,SF_LIN2_1h_previous_return_pct_range_expansion_2.0_1.0,linear(1h_previous_return_pct*2.0+range_expansion*1.0),linear,linear_pair
270,54,98.18,28.15,1.2363,0.3918,28.52,1.7721,0.1947,33.7,1.9803,0.0657,34.81,2.9505,0.0625,37.78,66.7602,-98.0077,2.3169,1.2592,0.3395,0.2066,SF_LIN2_1h_previous_return_pct_range_expansion_2.0_1.5,linear(1h_previous_return_pct*2.0+range_expansion*1.5),linear,linear_pair
270,54,98.18,28.15,1.2363,0.3918,28.52,1.7721,0.1947,33.7,1.9803,0.0657,34.81,2.9505,0.0625,37.78,66.7602,-98.0077,2.3169,1.2592,0.3395,0.2066,SF_LIN_1h_previous_return_pct_2_00,linear(1h_previous_return_pct * 2.00),linear,linear_single
270,54,98.18,28.89,2.1208,1.2864,30.74,2.9725,1.1334,35.93,3.3894,0.9223,37.41,3.2784,0.4294,37.41,114.5237,-46.0035,4.308,2.1601,1.555,0.1869,SF_LIN_2h_current_volume_ratio_m1_00,linear(2h_current_volume_ratio * -1.00),linear,linear_single
270,54,98.18,22.22,2.9504,1.5437,30.37,3.5889,1.5433,34.81,3.9791,1.6694,35.93,3.6465,1.1822,36.3,159.321,-43.5852,6.5556,3.0051,1.3745,0.1721,SF_LIN2_1h_current_compression_15m_current_return_pct_2.0_0.5,linear(1h_current_compression*2.0+15m_current_return_pct*0.5),linear,linear_pair
270,54,98.18,39.26,1.4846,1.4184,37.78,2.4136,1.4167,41.85,2.7351,1.4704,43.7,2.7103,0.7958,42.59,80.1669,-104.7736,2.2883,1.5121,1.041,0.171,SF_LIN2_5m_seq_high_break_6_2h_current_range_pct_1.0_1.5,linear(5m_seq_high_break_6*1.0+2h_current_range_pct*1.5),linear,linear_pair
270,54,98.18,39.26,1.4846,1.4184,37.78,2.4136,1.4167,41.85,2.7351,1.4704,43.7,2.7103,0.7958,42.59,80.1669,-104.7736,2.2883,1.5121,1.041,0.171,SF_LIN2_5m_seq_high_break_6_2h_current_range_pct_2.0_1.5,linear(5m_seq_high_break_6*2.0+2h_current_range_pct*1.5),linear,linear_pair
270,54,98.18,39.26,1.4846,1.4184,37.78,2.4136,1.4167,41.85,2.7351,1.4704,43.7,2.7103,0.7958,42.59,80.1669,-104.7736,2.2883,1.5121,1.041,0.171,SF_LIN2_range_expansion_2h_current_range_pct_1.0_1.5,linear(range_expansion*1.0+2h_current_range_pct*1.5),linear,linear_pair
270,54,98.18,39.26,1.4846,1.4184,37.78,2.4136,1.4167,41.85,2.7351,1.4704,43.7,2.7103,0.7958,42.59,80.1669,-104.7736,2.2883,1.5121,1.041,0.171,SF_LIN2_range_expansion_2h_current_range_pct_2.0_1.5,linear(range_expansion*2.0+2h_current_range_pct*1.5),linear,linear_pair
270,54,98.18,39.26,1.4846,1.4184,37.78,2.4136,1.4167,41.85,2.7351,1.4704,43.7,2.7103,0.7958,42.59,80.1669,-104.7736,2.2883,1.5121,1.041,0.171,SF_LIN_2h_current_range_pct_1_50,linear(2h_current_range_pct * 1.50),linear,linear_single
270,54,98.18,38.89,1.7713,1.3072,32.96,2.7982,1.258,38.89,2.79,1.0059,39.26,2.9959,0.2401,39.26,95.6488,-94.3738,2.8351,1.8041,1.0621,0.1535,SF_LIN_15m_current_range_pct_1_00,linear(15m_current_range_pct * 1.00),linear,linear_single
270,54,98.18,32.22,1.0599,0.8065,29.26,1.8979,0.6023,35.56,2.3347,0.758,38.52,2.7688,0.9439,40.0,57.2343,-73.7989,1.8494,1.0795,1.0177,0.1456,SF_LIN2_2h_current_volume_ratio_1h_previous_range_pct_2.0_1.0,linear(2h_current_volume_ratio*2.0+1h_previous_range_pct*1.0),linear,linear_pair
270,54,98.18,14.44,0.2236,0.1552,14.44,0.4807,0.1265,18.89,0.6368,0.1008,24.81,1.6359,-0.1019,27.78,12.0729,-37.3418,0.8288,0.2277,0.3929,0.1444,SF_LIN_30m_current_body_pct_m2_00,linear(30m_current_body_pct * -2.00),linear,linear_single
270,54,98.18,25.19,1.3616,0.5282,27.41,1.5748,0.365,31.85,1.8886,0.4409,34.07,2.7484,0.5219,36.3,73.5245,-73.0014,2.6079,1.3868,0.6987,0.1348,SF_LIN2_1h_previous_return_pct_2h_current_compression_1.0_1.5,linear(1h_previous_return_pct*1.0+2h_current_compression*1.5),linear,linear_pair
270,54,98.18,33.7,0.9828,0.744,32.22,1.8274,0.5736,36.3,2.1549,0.9451,40.74,2.6533,0.4322,41.11,53.0698,-78.096,1.6252,1.001,1.1092,0.1232,SF_LIN2_2h_current_compression_1h_previous_range_pct_1.0_1.0,linear(2h_current_compression*1.0+1h_previous_range_pct*1.0),linear,linear_pair
270,54,98.18,34.44,1.478,1.1162,32.59,2.4663,1.2636,37.78,2.8684,1.3995,41.48,3.0299,1.1498,41.11,79.8094,-78.096,2.4546,1.5054,1.193,0.0748,SF_LIN2_1h_current_compression_1h_previous_range_pct_1.0_1.0,linear(1h_current_compression*1.0+1h_previous_range_pct*1.0),linear,linear_pair
270,54,98.18,20.74,1.3316,0.8178,27.04,1.5589,0.7128,30.74,1.7785,0.8636,33.7,2.0128,0.919,35.56,71.904,-65.8549,2.9637,1.3563,0.6594,0.073,SF_LIN2_2h_current_volume_ratio_2h_current_compression_2.0_1.5,linear(2h_current_volume_ratio*2.0+2h_current_compression*1.5),linear,linear_pair
270,54,98.18,37.41,1.4376,1.2831,35.19,2.2106,0.6899,40.0,2.7177,0.8032,42.59,3.4946,0.1556,42.22,77.6329,-99.3734,2.2408,1.4642,0.991,0.0589,SF_LIN2_2h_current_range_pct_5m_range_energy_2.0_1.5,linear(2h_current_range_pct*2.0+5m_range_energy*1.5),linear,linear_pair
270,54,98.18,32.59,2.5476,1.4082,34.81,3.7637,1.6223,38.89,3.9467,1.612,38.89,4.3472,1.3509,39.26,137.5697,-63.575,4.4155,2.5948,1.5737,0.0183,SF_LIN2_2h_current_compression_30m_current_body_pct_2.0_0.5,linear(2h_current_compression*2.0+30m_current_body_pct*0.5),linear,linear_pair
270,54,98.18,30.0,1.0968,0.9827,32.22,1.0003,0.1446,31.11,1.5405,0.4409,39.26,2.0142,0.4852,36.67,59.2281,-83.0737,2.0417,1.1171,0.8897,0.0172,SF_LIN_2h_previous_return_pct_1_50,linear(2h_previous_return_pct * 1.50),linear,linear_single
270,54,98.18,34.81,1.3041,0.8979,31.85,2.2856,0.4254,36.3,2.4849,0.6696,40.0,3.1637,0.2401,40.0,70.4198,-75.7424,2.1888,1.3283,1.2278,0.01,SF_LIN2_2h_current_volume_ratio_1h_previous_range_pct_1.0_1.0,linear(2h_current_volume_ratio*1.0+1h_previous_range_pct*1.0),linear,linear_pair
270,54,98.18,24.07,1.7245,0.9375,27.04,1.7275,0.9016,31.85,1.9105,0.9546,32.96,2.9993,1.0498,34.81,93.1244,-61.561,3.5532,1.7565,0.916,0.0033,SF_LIN2_1h_current_compression_1h_previous_return_pct_2.0_1.0,linear(1h_current_compression*2.0+1h_previous_return_pct*1.0),linear,linear_pair
270,54,98.18,20.37,0.7614,1.0707,27.78,1.7269,1.3577,33.33,1.9165,0.8725,36.3,2.6519,0.3731,35.56,41.1172,-60.8223,1.8273,0.7755,0.7559,-0.0033,SF_LIN_1h_previous_return_pct_m1_00,linear(1h_previous_return_pct * -1.00),linear,linear_single
270,54,98.18,32.22,1.6716,1.1258,33.33,2.3555,0.916,34.81,2.6354,1.3811,38.52,3.3013,1.1023,37.78,90.266,-87.4848,2.696,1.7026,0.9749,-0.0115,SF_LIN2_15m_previous_compression_2h_current_range_pct_1.0_1.5,linear(15m_previous_compression*1.0+2h_current_range_pct*1.5),linear,linear_pair
270,54,98.18,30.0,1.4323,0.5282,30.74,2.0414,0.3082,35.19,2.5316,0.6271,37.04,2.9999,0.7292,40.0,77.3418,-99.7225,2.5936,1.4589,0.525,-0.0196,SF_LIN2_1h_previous_return_pct_5m_seq_high_break_6_1.0_0.5,linear(1h_previous_return_pct*1.0+5m_seq_high_break_6*0.5),linear,linear_pair
270,54,98.18,30.0,1.4323,0.5282,30.74,2.0414,0.3082,35.19,2.5316,0.6271,37.04,2.9999,0.7292,40.0,77.3418,-99.7225,2.5936,1.4589,0.525,-0.0196,SF_LIN2_1h_previous_return_pct_5m_seq_high_break_6_1.0_1.0,linear(1h_previous_return_pct*1.0+5m_seq_high_break_6*1.0),linear,linear_pair
270,54,98.18,30.0,1.4323,0.5282,30.74,2.0414,0.3082,35.19,2.5316,0.6271,37.04,2.9999,0.7292,40.0,77.3418,-99.7225,2.5936,1.4589,0.525,-0.0196,SF_LIN2_1h_previous_return_pct_5m_seq_high_break_6_1.0_1.5,linear(1h_previous_return_pct*1.0+5m_seq_high_break_6*1.5),linear,linear_pair
270,54,98.18,30.0,1.4323,0.5282,30.74,2.0414,0.3082,35.19,2.5316,0.6271,37.04,2.9999,0.7292,40.0,77.3418,-99.7225,2.5936,1.4589,0.525,-0.0196,SF_LIN2_1h_previous_return_pct_range_expansion_1.0_0.5,linear(1h_previous_return_pct*1.0+range_expansion*0.5),linear,linear_pair
270,54,98.18,30.0,1.4323,0.5282,30.74,2.0414,0.3082,35.19,2.5316,0.6271,37.04,2.9999,0.7292,40.0,77.3418,-99.7225,2.5936,1.4589,0.525,-0.0196,SF_LIN2_1h_previous_return_pct_range_expansion_1.0_1.0,linear(1h_previous_return_pct*1.0+range_expansion*1.0),linear,linear_pair
270,54,98.18,30.0,1.4323,0.5282,30.74,2.0414,0.3082,35.19,2.5316,0.6271,37.04,2.9999,0.7292,40.0,77.3418,-99.7225,2.5936,1.4589,0.525,-0.0196,SF_LIN2_1h_previous_return_pct_range_expansion_1.0_1.5,linear(1h_previous_return_pct*1.0+range_expansion*1.5),linear,linear_pair
270,54,98.18,30.0,1.4323,0.5282,30.74,2.0414,0.3082,35.19,2.5316,0.6271,37.04,2.9999,0.7292,40.0,77.3418,-99.7225,2.5936,1.4589,0.525,-0.0196,SF_LIN_1h_previous_return_pct_1_00,linear(1h_previous_return_pct * 1.00),linear,linear_single
270,54,98.18,23.7,1.4473,0.6217,25.93,1.6928,0.8291,32.59,1.9655,0.9089,33.7,3.0079,0.67,34.81,78.1548,-65.5158,2.9292,1.4741,0.7683,-0.0329,SF_LIN2_1h_current_compression_1h_previous_return_pct_2.0_1.5,linear(1h_current_compression*2.0+1h_previous_return_pct*1.5),linear,linear_pair
270,54,98.18,38.52,1.3815,1.2606,36.3,2.3477,1.137,40.74,2.4293,1.0452,42.22,2.5215,0.3498,40.74,74.5996,-104.7736,2.1411,1.4071,0.9874,-0.0359,SF_LIN2_2h_current_range_pct_15m_current_return_pct_2.0_0.5,linear(2h_current_range_pct*2.0+15m_current_return_pct*0.5),linear,linear_pair
270,54,98.18,35.93,1.2313,1.2347,34.81,1.9005,0.2225,37.41,2.4638,0.8864,41.85,2.8805,0.525,42.59,66.492,-90.4292,1.9369,1.2541,1.1046,-0.0485,SF_LIN2_1h_previous_range_pct_30m_current_body_pct_2.0_1.5,linear(1h_previous_range_pct*2.0+30m_current_body_pct*1.5),linear,linear_pair
270,54,98.18,33.7,0.7194,0.4809,31.85,1.6361,0.029,37.04,1.8313,0.0997,40.74,2.0582,-0.6393,40.74,38.8498,-79.1864,1.1796,0.7327,1.0932,-0.0588,SF_LIN2_1h_previous_range_pct_5m_seq_high_break_6_2.0_0.5,linear(1h_previous_range_pct*2.0+5m_seq_high_break_6*0.5),linear,linear_pair
270,54,98.18,33.7,0.7194,0.4809,31.85,1.6361,0.029,37.04,1.8313,0.0997,40.74,2.0582,-0.6393,40.74,38.8498,-79.1864,1.1796,0.7327,1.0932,-0.0588,SF_LIN2_1h_previous_range_pct_5m_seq_high_break_6_2.0_1.0,linear(1h_previous_range_pct*2.0+5m_seq_high_break_6*1.0),linear,linear_pair
270,54,98.18,33.7,0.7194,0.4809,31.85,1.6361,0.029,37.04,1.8313,0.0997,40.74,2.0582,-0.6393,40.74,38.8498,-79.1864,1.1796,0.7327,1.0932,-0.0588,SF_LIN2_1h_previous_range_pct_5m_seq_high_break_6_2.0_1.5,linear(1h_previous_range_pct*2.0+5m_seq_high_break_6*1.5),linear,linear_pair
270,54,98.18,33.7,0.7194,0.4809,31.85,1.6361,0.029,37.04,1.8313,0.0997,40.74,2.0582,-0.6393,40.74,38.8498,-79.1864,1.1796,0.7327,1.0932,-0.0588,SF_LIN_1h_previous_range_pct_2_00,linear(1h_previous_range_pct * 2.00),linear,linear_single
270,54,98.18,36.67,1.3109,1.1145,35.56,2.091,0.8408,38.89,2.5158,0.5489,41.85,2.5741,-0.6393,40.74,70.7896,-91.9237,2.0492,1.3352,1.1426,-0.0661,SF_LIN2_1h_previous_range_pct_2h_current_range_pct_1.0_0.5,linear(1h_previous_range_pct*1.0+2h_current_range_pct*0.5),linear,linear_pair
270,54,98.18,32.59,1.0343,0.8371,31.11,1.8887,0.7125,34.81,2.1114,1.0149,38.52,2.5,0.3184,38.15,55.8511,-78.096,1.715,1.0535,1.0622,-0.0703,SF_LIN2_2h_current_compression_1h_previous_range_pct_2.0_1.0,linear(2h_current_compression*2.0+1h_previous_range_pct*1.0),linear,linear_pair
270,54,98.18,34.07,1.6184,1.2206,32.22,2.6664,1.3555,37.78,3.0447,1.3115,39.26,3.5294,1.3096,40.37,87.3957,-81.4582,2.7775,1.6484,1.1359,-0.0818,SF_LIN2_1h_current_compression_1h_previous_range_pct_1.0_0.5,linear(1h_current_compression*1.0+1h_previous_range_pct*0.5),linear,linear_pair
270,54,98.18,19.63,1.5265,1.0409,26.67,1.7548,0.8811,28.89,1.9829,0.9521,30.37,2.4609,0.7211,32.59,82.4287,-60.0854,3.3809,1.5548,0.761,-0.0956,SF_LIN2_30m_current_volume_ratio_2h_current_compression_2.0_0.5,linear(30m_current_volume_ratio*2.0+2h_current_compression*0.5),linear,linear_pair
270,54,98.18,37.41,1.3184,1.1789,35.19,1.9699,0.8408,39.63,2.1015,0.5489,41.85,1.9096,-0.5251,38.89,71.1943,-92.5753,2.0604,1.3428,1.1584,-0.134,SF_LIN2_1h_previous_range_pct_2h_current_range_pct_1.0_1.5,linear(1h_previous_range_pct*1.0+2h_current_range_pct*1.5),linear,linear_pair
270,54,98.18,23.33,1.2402,0.8595,27.04,1.371,0.7128,31.48,1.6417,0.7776,35.19,2.3701,1.1728,38.52,66.9731,-66.232,2.8309,1.2632,0.7926,-0.1401,SF_LIN_2h_current_volume_ratio_3_00,linear(2h_current_volume_ratio * 3.00),linear,linear_single
270,54,98.18,35.93,1.9389,1.3256,35.56,2.8372,1.4167,38.89,2.9179,1.1574,40.0,2.9501,1.0604,40.74,104.7027,-88.884,3.145,1.9748,1.2268,-0.1427,SF_LIN2_30m_current_volume_ratio_1h_previous_range_pct_1.0_0.5,linear(30m_current_volume_ratio*1.0+1h_previous_range_pct*0.5),linear,linear_pair
270,54,98.18,38.52,1.4381,1.2606,37.41,2.3758,1.2704,40.74,2.7761,1.3214,42.59,2.6513,0.498,41.11,77.6551,-104.7736,2.2192,1.4648,1.0588,-0.1539,SF_LIN2_2h_current_compression_2h_current_range_pct_1.0_1.5,linear(2h_current_compression*1.0+2h_current_range_pct*1.5),linear,linear_pair
270,54,98.18,22.59,1.3987,0.5649,22.96,1.6039,0.5728,30.0,1.8739,0.4333,34.07,2.4883,0.4203,34.07,75.5308,-61.9783,2.7799,1.4246,0.698,-0.1582,SF_LIN2_1h_previous_return_pct_15m_current_compression_2.0_0.5,linear(1h_previous_return_pct*2.0+15m_current_compression*0.5),linear,linear_pair
270,54,98.18,37.04,1.3346,1.2831,34.81,2.11,0.6001,38.15,2.8171,0.9451,42.59,3.1278,0.3498,41.48,72.0658,-86.1096,2.0795,1.3593,1.2731,-0.2061,SF_LIN2_1h_previous_range_pct_30m_current_body_pct_1.0_0.5,linear(1h_previous_range_pct*1.0+30m_current_body_pct*0.5),linear,linear_pair
270,54,98.18,38.89,1.3021,1.2191,36.3,2.1284,0.8408,40.37,2.4905,1.1574,42.59,2.3839,-0.1317,41.11,70.3122,-104.7736,2.003,1.3262,1.0338,-0.2177,SF_LIN_2h_current_range_pct_3_00,linear(2h_current_range_pct * 3.00),linear,linear_single
270,54,98.18,20.74,1.4778,1.0798,25.56,1.6416,1.1443,30.0,1.9791,1.3115,34.44,3.0933,1.2361,35.93,79.7997,-58.1332,3.5501,1.5052,0.8255,-0.2375,SF_LIN2_2h_current_volume_ratio_1h_current_compression_1.0_1.5,linear(2h_current_volume_ratio*1.0+1h_current_compression*1.5),linear,linear_pair
270,54,98.18,29.63,1.264,1.0719,30.37,1.6269,0.6001,34.07,1.9157,1.0059,36.3,2.4502,0.7185,35.93,68.2547,-94.3474,2.3791,1.2874,0.6372,-0.2415,SF_LIN2_30m_current_volume_ratio_5m_range_energy_2.0_0.5,linear(30m_current_volume_ratio*2.0+5m_range_energy*0.5),linear,linear_pair
270,54,98.18,39.63,1.455,1.2831,37.04,2.3529,0.8408,40.37,2.6711,1.3214,42.96,3.4802,0.7958,41.48,78.5717,-107.5619,2.2632,1.482,1.0516,-0.2437,SF_LIN2_30m_current_body_pct_2h_current_range_pct_2.0_1.5,linear(30m_current_body_pct*2.0+2h_current_range_pct*1.5),linear,linear_pair
270,54,98.18,34.07,0.7533,0.4809,31.48,1.6803,0.029,36.67,1.8182,0.1403,40.37,2.0659,-0.6393,40.74,40.6788,-79.1864,1.2396,0.7673,1.1324,-0.2447,SF_LIN_1h_previous_range_pct_3_00,linear(1h_previous_range_pct * 3.00),linear,linear_single
270,54,98.18,36.67,1.8497,1.2885,34.07,2.6654,1.4701,38.52,2.9356,1.6591,40.0,3.065,1.4618,40.37,99.8821,-95.2859,2.9657,1.884,1.0877,-0.2642,SF_LIN2_1h_current_compression_2h_current_range_pct_1.0_0.5,linear(1h_current_compression*1.0+2h_current_range_pct*0.5),linear,linear_pair
270,54,98.18,21.48,1.5498,1.0642,28.89,1.6647,1.145,32.22,2.024,1.2213,35.56,2.7794,1.1332,37.41,83.6879,-59.8132,3.5692,1.5785,0.9657,-0.2709,SF_LIN2_2h_current_volume_ratio_30m_current_volume_ratio_2.0_1.5,linear(2h_current_volume_ratio*2.0+30m_current_volume_ratio*1.5),linear,linear_pair
270,54,98.18,32.59,1.3385,0.7575,32.96,1.6149,-0.164,36.3,2.133,-0.0275,37.04,3.4398,-0.0781,40.0,72.2778,-112.3609,2.2322,1.3633,0.5114,-0.2815,SF_LIN2_1h_previous_return_pct_5m_range_energy_1.0_1.0,linear(1h_previous_return_pct*1.0+5m_range_energy*1.0),linear,linear_pair
270,54,98.18,32.22,1.1595,0.9375,30.37,2.1091,1.0263,35.56,2.2613,1.2357,38.15,2.5548,0.7402,38.89,62.6141,-78.096,1.9622,1.181,1.0679,-0.2832,SF_LIN2_1h_current_compression_1h_previous_range_pct_2.0_1.5,linear(1h_current_compression*2.0+1h_previous_range_pct*1.5),linear,linear_pair
270,54,98.18,15.93,0.6283,0.6119,21.11,1.0817,0.7125,27.41,1.2534,0.7153,33.33,2.0281,0.2609,32.59,33.9271,-42.7108,2.111,0.6399,0.7219,-0.2841,SF_LIN_15m_current_body_pct_m2_00,linear(15m_current_body_pct * -2.00),linear,linear_single
270,54,98.18,39.26,1.3995,1.2831,37.04,2.3252,1.2704,41.48,2.6115,1.2793,42.96,2.6146,0.6262,42.22,75.575,-104.7736,2.1543,1.4254,1.0977,-0.286,SF_LIN_2h_current_range_pct_2_00,linear(2h_current_range_pct * 2.00),linear,linear_single
270,54,98.18,32.96,0.9306,0.8371,30.74,1.791,0.5958,34.81,1.9998,1.0149,38.15,2.0025,0.3746,38.89,50.2507,-78.096,1.5423,0.9479,1.1005,-0.2929,SF_LIN2_1h_current_compression_1h_previous_range_pct_1.0_1.5,linear(1h_current_compression*1.0+1h_previous_range_pct*1.5),linear,linear_pair
270,54,98.18,25.93,1.6108,0.6995,28.52,1.8295,0.3814,32.96,2.046,0.5051,33.33,2.7664,0.498,35.19,86.9818,-76.9995,3.15,1.6407,0.8045,-0.3492,SF_LIN2_30m_current_volume_ratio_1h_previous_return_pct_1.0_1.0,linear(30m_current_volume_ratio*1.0+1h_previous_return_pct*1.0),linear,linear_pair
270,54,98.18,37.41,1.8084,1.2204,33.33,2.7328,0.9742,38.52,2.6821,0.9323,38.89,2.9233,0.2401,39.26,97.6534,-94.1172,2.9042,1.8419,1.1287,-0.3647,SF_LIN_15m_current_range_pct_1_50,linear(15m_current_range_pct * 1.50),linear,linear_single
270,54,98.18,19.63,1.5086,0.9391,27.04,1.7807,0.876,30.37,2.007,0.9064,31.48,2.5256,0.7118,32.96,81.4638,-60.0854,3.3333,1.5366,0.8316,-0.38,SF_LIN2_30m_current_volume_ratio_5m_seq_high_break_6_2.0_0.5,linear(30m_current_volume_ratio*2.0+5m_seq_high_break_6*0.5),linear,linear_pair
270,54,98.18,19.63,1.5086,0.9391,27.04,1.7807,0.876,30.37,2.007,0.9064,31.48,2.5256,0.7118,32.96,81.4638,-60.0854,3.3333,1.5366,0.8316,-0.38,SF_LIN2_30m_current_volume_ratio_5m_seq_high_break_6_2.0_1.0,linear(30m_current_volume_ratio*2.0+5m_seq_high_break_6*1.0),linear,linear_pair
270,54,98.18,19.63,1.5086,0.9391,27.04,1.7807,0.876,30.37,2.007,0.9064,31.48,2.5256,0.7118,32.96,81.4638,-60.0854,3.3333,1.5366,0.8316,-0.38,SF_LIN2_30m_current_volume_ratio_5m_seq_high_break_6_2.0_1.5,linear(30m_current_volume_ratio*2.0+5m_seq_high_break_6*1.5),linear,linear_pair
270,54,98.18,19.63,1.5086,0.9391,27.04,1.7807,0.876,30.37,2.007,0.9064,31.48,2.5256,0.7118,32.96,81.4638,-60.0854,3.3333,1.5366,0.8316,-0.38,SF_LIN2_30m_current_volume_ratio_range_expansion_2.0_0.5,linear(30m_current_volume_ratio*2.0+range_expansion*0.5),linear,linear_pair
270,54,98.18,19.63,1.5086,0.9391,27.04,1.7807,0.876,30.37,2.007,0.9064,31.48,2.5256,0.7118,32.96,81.4638,-60.0854,3.3333,1.5366,0.8316,-0.38,SF_LIN2_30m_current_volume_ratio_range_expansion_2.0_1.0,linear(30m_current_volume_ratio*2.0+range_expansion*1.0),linear,linear_pair
270,54,98.18,19.63,1.5086,0.9391,27.04,1.7807,0.876,30.37,2.007,0.9064,31.48,2.5256,0.7118,32.96,81.4638,-60.0854,3.3333,1.5366,0.8316,-0.38,SF_LIN2_30m_current_volume_ratio_range_expansion_2.0_1.5,linear(30m_current_volume_ratio*2.0+range_expansion*1.5),linear,linear_pair
270,54,98.18,19.63,1.5086,0.9391,27.04,1.7807,0.876,30.37,2.007,0.9064,31.48,2.5256,0.7118,32.96,81.4638,-60.0854,3.3333,1.5366,0.8316,-0.38,SF_LIN_30m_current_volume_ratio_2_00,linear(30m_current_volume_ratio * 2.00),linear,linear_single
270,54,98.18,36.67,1.6351,1.2816,35.56,2.421,1.2704,38.15,2.7112,1.5228,40.74,3.2737,1.404,41.85,88.2942,-104.7736,2.561,1.6654,0.9765,-0.4233,SF_LIN2_1h_current_compression_2h_current_range_pct_2.0_1.5,linear(1h_current_compression*2.0+2h_current_range_pct*1.5),linear,linear_pair
270,54,98.18,32.59,1.5169,0.5526,31.85,2.0784,0.4192,36.67,2.5576,0.789,38.89,2.6653,0.7292,41.48,81.9135,-105.8149,2.6751,1.545,0.6391,-0.4339,SF_LIN2_1h_previous_return_pct_2h_current_range_pct_2.0_0.5,linear(1h_previous_return_pct*2.0+2h_current_range_pct*0.5),linear,linear_pair
270,54,98.18,30.0,1.6395,1.0373,31.11,2.0927,0.9929,35.19,2.3177,0.964,35.19,2.7821,0.8894,36.67,88.5346,-71.67,2.8651,1.6699,1.1982,-0.4441,SF_LIN2_30m_current_volume_ratio_1h_previous_range_pct_2.0_0.5,linear(30m_current_volume_ratio*2.0+1h_previous_range_pct*0.5),linear,linear_pair
270,54,98.18,22.22,1.8969,1.0612,28.52,2.0073,0.9068,29.63,2.6071,1.2853,32.22,2.2703,0.7211,31.85,102.435,-56.0185,3.811,1.9321,1.113,-0.4498,SF_LIN_derived_volume_ratio_1_00,linear(derived_volume_ratio * 1.00),linear,linear_single
270,54,98.18,32.59,1.7359,0.5537,32.22,2.301,0.5736,36.67,2.6359,0.7048,37.78,2.575,0.6111,38.89,93.7369,-106.4443,3.0636,1.7681,0.6672,-0.4977,SF_LIN_1h_previous_return_pct_0_50,linear(1h_previous_return_pct * 0.50),linear,linear_single
270,54,98.18,20.37,1.1428,0.9297,24.44,1.1066,0.8945,28.52,1.1106,1.1322,32.59,2.1606,1.2433,36.67,61.7127,-63.581,2.806,1.164,0.6906,-0.5063,SF_LIN2_2h_current_volume_ratio_1h_current_compression_2.0_1.0,linear(2h_current_volume_ratio*2.0+1h_current_compression*1.0),linear,linear_pair
270,54,98.18,33.7,2.0684,1.3068,32.96,3.446,1.5976,38.89,3.2746,1.5187,41.48,3.7907,0.9037,38.89,111.6932,-78.6152,3.7802,2.1067,1.3228,-0.523,SF_LIN_5m_seq_return_sum_6_m0_50,linear(5m_seq_return_sum_6 * -0.50),linear,linear_single
270,54,98.18,10.37,0.2828,0.4237,11.85,0.5443,0.6377,19.63,0.5916,0.6764,21.85,1.1452,0.424,26.67,15.2699,-31.4602,1.3127,0.288,0.3839,-0.5367,SF_LIN_5m_range_energy_m2_00,linear(5m_range_energy * -2.00),linear,linear_single
270,54,98.18,30.74,0.6145,-0.1512,25.56,0.7323,-0.2305,29.63,1.3168,-0.1031,32.22,2.159,-0.755,34.44,33.184,-96.5212,1.1062,0.6259,0.4674,-0.5448,SF_LIN_15m_current_return_pct_m0_50,linear(15m_current_return_pct * -0.50),linear,linear_single
270,54,98.18,35.56,1.2622,0.8979,32.59,2.1846,0.3522,37.04,2.5915,0.6726,40.74,3.0958,0.081,39.63,68.1597,-87.3712,2.1006,1.2856,1.1652,-0.5545,SF_LIN2_2h_current_volume_ratio_1h_previous_range_pct_1.0_1.5,linear(2h_current_volume_ratio*1.0+1h_previous_range_pct*1.5),linear,linear_pair
270,54,98.18,31.11,1.3696,0.9788,30.74,2.2267,1.2152,36.3,2.2623,1.2198,38.15,2.6794,0.9183,38.52,73.9587,-78.096,2.3092,1.395,1.1055,-0.5562,SF_LIN2_1h_current_compression_1h_previous_range_pct_2.0_1.0,linear(1h_current_compression*2.0+1h_previous_range_pct*1.0),linear,linear_pair
270,54,98.18,35.19,0.9402,0.8371,29.63,2.17,1.0409,35.56,2.8933,1.2793,41.48,3.2786,0.8451,41.11,50.7691,-89.4182,1.5929,0.9576,0.975,-0.5708,SF_LIN_2h_previous_ma20_distance_pct_1_00,linear(2h_previous_ma20_distance_pct * 1.00),linear,linear_single
270,54,98.18,29.26,1.2766,0.4809,29.63,1.6542,0.0628,34.07,2.0548,0.0657,36.67,2.1904,0.2197,37.78,68.9377,-103.2133,2.2118,1.3003,0.4891,-0.6059,SF_LIN2_1h_previous_return_pct_1h_previous_range_pct_1.0_0.5,linear(1h_previous_return_pct*1.0+1h_previous_range_pct*0.5),linear,linear_pair
270,54,98.18,19.63,1.5247,0.6055,21.11,1.4996,0.5728,26.67,1.862,0.3947,29.26,2.0957,0.4086,28.89,82.3345,-61.8482,3.1953,1.553,0.6062,-0.6104,SF_LIN2_1h_previous_return_pct_15m_current_compression_1.0_0.5,linear(1h_previous_return_pct*1.0+15m_current_compression*0.5),linear,linear_pair
270,54,98.18,6.3,0.83,0.6169,13.33,0.8902,0.7465,18.15,0.8684,0.6353,20.74,0.5868,0.3568,23.7,44.8211,-19.274,5.1739,0.8454,0.5793,-0.6489,SF_LIN_2h_current_range_pct_m0_50,linear(2h_current_range_pct * -0.50),linear,linear_single
270,54,98.18,18.89,1.4538,1.0409,26.67,1.6909,0.876,28.52,1.9597,0.9521,30.37,2.5493,0.7211,32.59,78.5045,-60.3317,3.2405,1.4807,0.8438,-0.704,SF_LIN2_30m_current_volume_ratio_2h_current_compression_2.0_1.0,linear(30m_current_volume_ratio*2.0+2h_current_compression*1.0),linear,linear_pair
270,54,98.18,26.67,1.6301,0.5847,29.63,2.0186,0.4573,33.7,2.1046,0.2231,34.07,2.5957,0.255,35.19,88.0267,-83.3448,3.1471,1.6603,0.8266,-0.7184,SF_LIN2_30m_current_volume_ratio_1h_previous_return_pct_1.0_1.5,linear(30m_current_volume_ratio*1.0+1h_previous_return_pct*1.5),linear,linear_pair
270,54,98.18,28.52,1.3178,0.4998,29.26,1.8324,0.2564,34.81,2.2673,0.3202,35.19,2.8277,0.4436,38.89,71.163,-99.6132,2.4055,1.3422,0.5447,-0.7335,SF_LIN2_1h_previous_return_pct_2h_current_compression_1.0_0.5,linear(1h_previous_return_pct*1.0+2h_current_compression*0.5),linear,linear_pair
270,54,98.18,37.04,1.7101,1.5316,35.56,2.4343,1.3068,39.63,2.9103,1.3188,41.11,3.0863,1.0827,40.0,92.3444,-111.4284,2.7312,1.7418,0.9264,-0.7418,SF_LIN2_30m_current_volume_ratio_2h_current_range_pct_2.0_1.0,linear(30m_current_volume_ratio*2.0+2h_current_range_pct*1.0),linear,linear_pair
270,54,98.18,28.89,0.9677,0.9021,31.48,0.924,0.0771,30.0,1.566,0.3273,38.89,2.0421,0.453,36.67,52.2578,-83.0737,1.816,0.9856,0.9685,-0.7856,SF_LIN_2h_previous_return_pct_2_00,linear(2h_previous_return_pct * 2.00),linear,linear_single
270,54,98.18,34.81,0.7704,0.5537,31.85,1.6094,-0.164,35.93,2.3097,0.0574,39.63,3.3649,-0.3533,42.22,41.5998,-89.4549,1.2742,0.7847,1.0812,-0.7884,SF_LIN2_1h_previous_range_pct_5m_range_energy_2.0_0.5,linear(1h_previous_range_pct*2.0+5m_range_energy*0.5),linear,linear_pair
270,54,98.18,37.04,1.6121,1.3083,36.3,2.3807,0.882,39.63,3.0738,1.4365,44.07,3.1437,1.0827,42.59,87.0522,-95.3312,2.5472,1.642,1.2823,-0.793,SF_LIN2_1h_previous_range_pct_30m_current_body_pct_1.0_1.5,linear(1h_previous_range_pct*1.0+30m_current_body_pct*1.5),linear,linear_pair
270,54,98.18,21.48,1.4763,0.9391,26.67,1.7381,0.876,30.37,2.0904,1.0939,32.59,2.9148,0.8049,34.44,79.7191,-64.2377,3.2737,1.5037,0.8909,-0.8054,SF_LIN2_30m_current_volume_ratio_1h_current_volume_ratio_2.0_0.5,linear(30m_current_volume_ratio*2.0+1h_current_volume_ratio*0.5),linear,linear_pair
270,54,98.18,32.96,1.3555,0.6273,33.33,1.466,0.1947,36.67,2.0102,0.0657,37.78,2.6739,0.2284,39.26,73.1948,-117.2629,2.2738,1.3806,0.553,-0.8266,SF_LIN2_1h_previous_return_pct_5m_range_energy_1.0_0.5,linear(1h_previous_return_pct*1.0+5m_range_energy*0.5),linear,linear_pair
270,54,98.18,34.81,0.9127,0.8371,29.26,2.1291,0.9742,35.19,2.8675,1.2213,41.11,3.2575,0.8451,40.74,49.2854,-89.4182,1.548,0.9296,0.9952,-0.83,SF_LIN_2h_previous_ma20_distance_pct_1_50,linear(2h_previous_ma20_distance_pct * 1.50),linear,linear_single
270,54,98.18,34.81,0.9127,0.8371,29.26,2.1291,0.9742,35.19,2.8675,1.2213,41.11,3.2575,0.8451,40.74,49.2854,-89.4182,1.548,0.9296,0.9952,-0.83,SF_LIN_2h_previous_ma20_distance_pct_2_00,linear(2h_previous_ma20_distance_pct * 2.00),linear,linear_single
270,54,98.18,30.37,1.6782,0.5538,30.0,2.3139,0.3814,35.56,2.6776,0.6271,36.67,2.8898,0.498,36.67,90.6202,-105.4329,3.0656,1.7093,0.5759,-0.8453,SF_LIN2_1h_previous_return_pct_1h_current_volume_ratio_1.0_0.5,linear(1h_previous_return_pct*1.0+1h_current_volume_ratio*0.5),linear,linear_pair
270,54,98.18,34.44,0.9535,0.8731,29.63,2.1687,0.9943,35.19,2.976,1.3065,41.48,3.4363,1.1332,41.48,51.488,-89.4182,1.6196,0.9712,1.0012,-0.8478,SF_LIN_2h_previous_ma20_distance_pct_3_00,linear(2h_previous_ma20_distance_pct * 3.00),linear,linear_single
270,54,98.18,34.81,1.28,0.8371,32.96,2.3806,0.4864,38.15,2.4766,0.3054,39.63,2.8891,-0.3927,38.52,69.1227,-85.0286,2.0686,1.3037,1.2667,-0.8984,SF_LIN2_30m_current_volume_ratio_1h_previous_range_pct_1.0_1.5,linear(30m_current_volume_ratio*1.0+1h_previous_range_pct*1.5),linear,linear_pair
270,54,98.18,34.44,1.8065,1.2864,32.96,2.3392,1.3068,35.56,2.4491,1.5476,37.78,2.9912,1.3509,38.52,97.5535,-85.1122,2.9736,1.84,1.2829,-0.9038,SF_LIN2_1h_current_compression_2h_current_range_pct_2.0_0.5,linear(1h_current_compression*2.0+2h_current_range_pct*0.5),linear,linear_pair
270,54,98.18,29.63,1.1756,0.3666,30.0,1.6147,-0.0275,34.07,2.073,-0.0913,36.67,2.0253,-0.1109,37.04,63.4801,-100.853,2.0424,1.1974,0.6246,-0.9296,SF_LIN2_1h_previous_return_pct_1h_previous_range_pct_2.0_1.5,linear(1h_previous_return_pct*2.0+1h_previous_range_pct*1.5),linear,linear_pair
270,54,98.18,34.81,1.8211,1.1773,34.81,2.2329,0.365,37.41,2.8833,1.0149,39.26,3.6834,0.9439,40.0,98.3395,-105.146,3.1893,1.8549,0.9803,-0.9458,SF_LIN2_1h_previous_return_pct_30m_current_body_pct_1.0_1.5,linear(1h_previous_return_pct*1.0+30m_current_body_pct*1.5),linear,linear_pair
270,54,98.18,36.67,1.0781,0.705,34.07,1.6649,-0.0275,37.04,2.0288,0.0997,40.0,2.4352,-0.5251,40.37,58.2149,-102.2948,1.6768,1.0981,1.0381,-0.9485,SF_LIN2_1h_previous_range_pct_2h_current_range_pct_2.0_1.0,linear(1h_previous_range_pct*2.0+2h_current_range_pct*1.0),linear,linear_pair
270,54,98.18,37.04,1.6827,1.1003,33.33,2.5805,0.6377,37.78,2.6495,0.9323,38.52,2.7496,0.2401,38.89,90.8634,-98.6016,2.6816,1.7139,1.1362,-0.9624,SF_LIN_15m_current_range_pct_3_00,linear(15m_current_range_pct * 3.00),linear,linear_single
270,54,98.18,19.26,1.1233,0.9209,23.33,0.9701,0.8719,27.04,0.9043,0.9872,31.48,1.9703,1.1236,34.81,60.657,-63.581,2.7806,1.1441,0.6968,-0.9871,SF_LIN2_2h_current_volume_ratio_1h_current_compression_2.0_1.5,linear(2h_current_volume_ratio*2.0+1h_current_compression*1.5),linear,linear_pair
270,54,98.18,34.44,1.492,0.8884,32.96,2.0015,0.6539,37.04,2.4498,0.746,39.26,2.2293,0.498,39.63,80.5667,-127.7588,2.5649,1.5197,0.4324,-1.0103,SF_LIN2_1h_previous_return_pct_2h_current_range_pct_1.0_0.5,linear(1h_previous_return_pct*1.0+2h_current_range_pct*0.5),linear,linear_pair
270,54,98.18,17.04,1.3223,0.9209,24.44,1.249,0.767,26.3,1.8496,1.1746,29.26,1.206,0.5927,28.89,71.4028,-57.5436,3.1124,1.3468,0.7921,-1.0222,SF_LIN_derived_volume_ratio_2_00,linear(derived_volume_ratio * 2.00),linear,linear_single
270,54,98.18,18.15,0.5547,0.9166,25.56,1.5902,0.8857,30.37,1.7232,0.6352,34.07,2.4937,0.3417,35.19,29.956,-69.3212,1.434,0.565,0.6022,-1.0347,SF_LIN_1h_previous_return_pct_m2_00,linear(1h_previous_return_pct * -2.00),linear,linear_single
270,54,98.18,11.85,1.6484,0.9394,18.15,1.9966,1.1443,24.07,2.441,1.2565,29.63,2.989,0.975,28.52,89.0148,-41.4071,5.4536,1.679,0.6778,-1.0352,SF_LIN2_15m_current_compression_15m_current_return_pct_1.0_1.5,linear(15m_current_compression*1.0+15m_current_return_pct*1.5),linear,linear_pair
270,54,98.18,28.52,1.2253,0.4245,29.26,1.7368,0.2564,34.44,1.9925,0.3054,35.93,2.9718,0.3597,39.26,66.1685,-100.1045,2.2432,1.248,0.6057,-1.1154,SF_LIN_1h_previous_return_pct_1_50,linear(1h_previous_return_pct * 1.50),linear,linear_single
270,54,98.18,33.7,1.3253,0.4904,31.11,2.0509,0.3082,36.67,2.8258,0.717,37.78,3.5439,0.7292,40.0,71.5665,-127.8144,2.3585,1.3499,0.3394,-1.1189,SF_LIN2_1h_previous_return_pct_30m_current_body_pct_2.0_1.5,linear(1h_previous_return_pct*2.0+30m_current_body_pct*1.5),linear,linear_pair
270,54,98.18,10.74,0.849,0.6512,14.44,0.9463,0.8222,20.0,1.315,0.7138,25.19,2.3544,0.4478,25.56,45.8439,-46.5255,3.5404,0.8647,0.3524,-1.1239,SF_LIN2_15m_previous_compression_1h_current_volume_ratio_1.0_0.5,linear(15m_previous_compression*1.0+1h_current_volume_ratio*0.5),linear,linear_pair
270,54,98.18,18.52,1.3332,1.0055,26.3,1.594,0.876,28.52,2.0267,1.0292,30.74,2.6608,0.7417,32.96,71.9941,-60.7105,3.0772,1.3579,0.8865,-1.1396,SF_LIN2_30m_current_volume_ratio_2h_current_compression_2.0_1.5,linear(30m_current_volume_ratio*2.0+2h_current_compression*1.5),linear,linear_pair
270,54,98.18,37.04,1.7457,1.2204,33.33,2.6209,0.9034,38.52,2.5494,0.8995,38.52,2.764,0.1626,38.89,94.2699,-98.6016,2.7867,1.7781,1.1764,-1.1444,SF_LIN_15m_current_range_pct_2_00,linear(15m_current_range_pct * 2.00),linear,linear_single
270,54,98.18,7.04,0.951,0.732,13.33,1.0675,0.8688,19.63,1.3498,0.7138,25.19,1.7619,0.7312,25.93,51.3542,-29.3572,5.3383,0.9686,0.5266,-1.2094,SF_LIN2_15m_current_compression_5m_seq_high_break_6_2.0_0.5,linear(15m_current_compression*2.0+5m_seq_high_break_6*0.5),linear,linear_pair
270,54,98.18,7.04,0.951,0.732,13.33,1.0675,0.8688,19.63,1.3498,0.7138,25.19,1.7619,0.7312,25.93,51.3542,-29.3572,5.3383,0.9686,0.5266,-1.2094,SF_LIN2_15m_current_compression_5m_seq_high_break_6_2.0_1.0,linear(15m_current_compression*2.0+5m_seq_high_break_6*1.0),linear,linear_pair
270,54,98.18,7.04,0.951,0.732,13.33,1.0675,0.8688,19.63,1.3498,0.7138,25.19,1.7619,0.7312,25.93,51.3542,-29.3572,5.3383,0.9686,0.5266,-1.2094,SF_LIN2_15m_current_compression_5m_seq_high_break_6_2.0_1.5,linear(15m_current_compression*2.0+5m_seq_high_break_6*1.5),linear,linear_pair
270,54,98.18,7.04,0.951,0.732,13.33,1.0675,0.8688,19.63,1.3498,0.7138,25.19,1.7619,0.7312,25.93,51.3542,-29.3572,5.3383,0.9686,0.5266,-1.2094,SF_LIN_15m_current_compression_2_00,linear(15m_current_compression * 2.00),linear,linear_single
270,54,98.18,8.52,0.9477,0.732,13.7,1.1608,0.8812,20.37,1.4485,0.9064,25.56,2.1472,0.502,25.19,51.1772,-39.0496,4.3626,0.9653,0.4116,-1.2346,SF_LIN2_15m_previous_compression_15m_current_return_pct_2.0_1.5,linear(15m_previous_compression*2.0+15m_current_return_pct*1.5),linear,linear_pair
270,54,98.18,10.0,0.7676,0.6055,14.07,0.7732,0.6485,19.26,1.1408,0.6019,24.44,1.921,0.4294,24.81,41.4489,-46.5255,3.22,0.7818,0.3325,-1.2708,SF_LIN2_15m_previous_compression_1h_current_volume_ratio_2.0_1.0,linear(15m_previous_compression*2.0+1h_current_volume_ratio*1.0),linear,linear_pair
270,54,98.18,18.89,1.4181,0.9647,26.3,1.4559,0.8386,27.78,2.1492,1.2321,30.0,1.5279,0.5001,28.89,76.5753,-57.5436,3.2427,1.4444,1.0004,-1.2929,SF_LIN_derived_volume_ratio_1_50,linear(derived_volume_ratio * 1.50),linear,linear_single
270,54,98.18,31.11,1.1429,0.5572,30.74,1.3369,0.1431,34.81,1.8603,0.0333,37.04,2.78,-0.0781,38.89,61.7193,-117.2629,1.9409,1.1641,0.4632,-1.3294,SF_LIN2_1h_previous_return_pct_5m_range_energy_2.0_1.0,linear(1h_previous_return_pct*2.0+5m_range_energy*1.0),linear,linear_pair
270,54,98.18,8.89,0.8141,0.6323,13.33,0.9625,0.7837,18.89,1.3087,0.6764,24.44,2.1166,0.5399,25.19,43.959,-41.5524,3.932,0.8292,0.3804,-1.369,SF_LIN2_15m_previous_compression_15m_current_return_pct_2.0_0.5,linear(15m_previous_compression*2.0+15m_current_return_pct*0.5),linear,linear_pair
270,54,98.18,9.63,0.766,0.6055,13.7,0.7832,0.6485,18.52,1.0308,0.4848,23.33,1.739,0.3359,24.07,41.3649,-44.3844,3.1311,0.7802,0.3659,-1.3721,SF_LIN2_30m_current_volume_ratio_15m_previous_compression_1.0_1.5,linear(30m_current_volume_ratio*1.0+15m_previous_compression*1.5),linear,linear_pair
270,54,98.18,28.52,0.9704,0.4561,28.89,1.2277,-0.0328,33.33,1.9809,0.0657,36.67,2.821,0.3799,38.89,52.4002,-103.8427,1.7069,0.9884,0.5541,-1.3816,SF_LIN2_1h_previous_return_pct_5m_range_energy_2.0_0.5,linear(1h_previous_return_pct*2.0+5m_range_energy*0.5),linear,linear_pair
270,54,98.18,20.74,1.4692,0.7831,23.33,1.741,0.98,28.15,2.17,0.9521,30.74,3.3944,0.7708,31.85,79.3348,-55.769,2.8555,1.4964,1.0189,-1.4166,SF_LIN2_15m_current_compression_2h_current_range_pct_2.0_1.5,linear(15m_current_compression*2.0+2h_current_range_pct*1.5),linear,linear_pair
270,54,98.18,18.15,1.0517,0.5708,23.7,2.1401,0.5352,29.63,1.7395,0.3899,31.85,2.2981,0.3018,34.81,56.7901,-43.123,3.0288,1.0712,1.1606,-1.4298,SF_LIN_2h_previous_return_pct_m2_00,linear(2h_previous_return_pct * -2.00),linear,linear_single
270,54,98.18,16.3,1.2692,0.9302,23.7,1.3159,0.8811,26.3,1.9611,1.2662,30.0,1.5331,0.7118,30.0,68.5354,-57.5436,3.1835,1.2927,0.8134,-1.4406,SF_LIN_derived_volume_ratio_3_00,linear(derived_volume_ratio * 3.00),linear,linear_single
270,54,98.18,6.67,0.8374,0.6323,12.59,0.933,0.6584,19.26,1.1624,0.7138,24.81,1.5196,0.7091,25.56,45.2219,-31.6789,5.1752,0.8529,0.4787,-1.4582,SF_LIN2_15m_current_compression_2h_current_compression_2.0_0.5,linear(15m_current_compression*2.0+2h_current_compression*0.5),linear,linear_pair
270,54,98.18,11.48,1.0262,0.6323,15.19,0.9316,0.7376,20.0,1.3398,0.7138,25.93,2.0375,0.5369,26.3,55.4148,-46.5255,3.6256,1.0452,0.4912,-1.4667,SF_LIN2_15m_previous_compression_1h_current_volume_ratio_1.0_1.0,linear(15m_previous_compression*1.0+1h_current_volume_ratio*1.0),linear,linear_pair
270,54,98.18,12.59,0.9297,0.6323,18.89,0.732,0.6491,22.22,1.1369,0.5281,26.3,1.8195,0.4294,27.04,50.2042,-43.2228,2.5457,0.9469,0.7582,-1.5384,SF_LIN2_30m_current_volume_ratio_15m_previous_compression_2.0_0.5,linear(30m_current_volume_ratio*2.0+15m_previous_compression*0.5),linear,linear_pair
270,54,98.18,8.15,0.8907,0.6947,13.7,1.1075,0.8487,20.37,1.3738,0.7303,25.19,1.9486,0.502,25.19,48.1,-39.0496,4.2474,0.9072,0.4605,-1.5702,SF_LIN2_15m_previous_compression_15m_current_return_pct_2.0_1.0,linear(15m_previous_compression*2.0+15m_current_return_pct*1.0),linear,linear_pair
270,54,98.18,6.67,0.8372,0.6512,12.59,0.9421,0.6584,19.26,1.1649,0.6764,24.81,1.474,0.643,25.19,45.2069,-32.5402,5.1672,0.8527,0.4849,-1.5754,SF_LIN2_15m_current_compression_2h_current_compression_2.0_1.0,linear(15m_current_compression*2.0+2h_current_compression*1.0),linear,linear_pair
270,54,98.18,11.85,0.64,0.5559,20.0,0.7624,0.4691,24.44,0.4701,0.1936,25.19,0.0857,-0.04,28.89,34.5601,-49.6281,2.2658,0.6519,0.6389,-1.5953,SF_LIN_2h_previous_ma20_distance_pct_m0_50,linear(2h_previous_ma20_distance_pct * -0.50),linear,linear_single
270,54,98.18,6.67,0.7431,0.6157,12.22,0.92,0.7359,18.89,1.3288,0.6438,24.81,1.7922,0.643,25.93,40.1292,-38.4329,3.7443,0.7569,0.3678,-1.6814,SF_LIN2_15m_previous_compression_15m_current_compression_2.0_0.5,linear(15m_previous_compression*2.0+15m_current_compression*0.5),linear,linear_pair
270,54,98.18,17.41,0.4341,0.2377,18.89,0.7714,0.2865,23.7,0.6746,0.1621,27.78,1.2121,-0.0339,29.63,23.4406,-57.6779,1.3788,0.4421,0.6702,-1.7286,SF_LIN_30m_current_body_pct_m1_00,linear(30m_current_body_pct * -1.00),linear,linear_single
270,54,98.18,17.04,0.8863,0.5497,18.89,0.7564,0.4503,24.44,1.0659,0.3595,28.52,1.8595,0.4294,28.15,47.8626,-64.1035,2.321,0.9027,0.5559,-1.738,SF_LIN2_1h_previous_return_pct_15m_current_compression_2.0_1.0,linear(1h_previous_return_pct*2.0+15m_current_compression*1.0),linear,linear_pair
270,54,98.18,7.78,0.6964,0.5868,12.59,0.8921,0.6377,18.89,1.2874,0.6764,24.07,1.6465,0.5369,25.19,37.6031,-38.4329,3.3381,0.7093,0.437,-1.7454,SF_LIN2_15m_previous_compression_1h_current_compression_2.0_0.5,linear(15m_previous_compression*2.0+1h_current_compression*0.5),linear,linear_pair
270,54,98.18,8.52,0.6053,0.5631,12.96,0.6382,0.6377,19.26,0.7808,0.4848,22.96,1.2937,0.3412,24.44,32.6847,-46.5255,2.6612,0.6165,0.3153,-1.7515,SF_LIN2_15m_previous_compression_30m_current_body_pct_2.0_0.5,linear(15m_previous_compression*2.0+30m_current_body_pct*0.5),linear,linear_pair
270,54,98.18,10.0,0.8167,0.6157,14.07,0.7883,0.6377,18.89,0.9933,0.4848,23.7,1.7866,0.3568,24.44,44.1032,-46.4378,3.2795,0.8318,0.4383,-1.7763,SF_LIN2_30m_current_volume_ratio_15m_previous_compression_1.0_1.0,linear(30m_current_volume_ratio*1.0+15m_previous_compression*1.0),linear,linear_pair
270,54,98.18,34.81,1.5489,0.71,32.59,2.1251,0.3082,37.04,3.1119,0.789,38.52,4.0578,1.0381,41.48,83.6391,-124.3538,2.7184,1.5776,0.6584,-1.7827,SF_LIN2_1h_previous_return_pct_30m_current_body_pct_1.0_1.0,linear(1h_previous_return_pct*1.0+30m_current_body_pct*1.0),linear,linear_pair
270,54,98.18,11.11,0.9872,0.732,14.81,1.0823,0.8812,20.74,1.335,0.7431,25.56,2.1736,0.643,25.19,53.3111,-47.7215,4.2226,1.0055,0.5006,-1.795,SF_LIN2_15m_current_compression_1h_current_volume_ratio_1.0_0.5,linear(15m_current_compression*1.0+1h_current_volume_ratio*0.5),linear,linear_pair
270,54,98.18,10.0,0.698,0.6157,14.07,0.7093,0.6485,20.0,1.0197,0.6073,23.7,1.8879,0.3726,25.56,37.691,-46.5255,2.5307,0.7109,0.4372,-1.8152,SF_LIN2_15m_previous_compression_30m_current_body_pct_2.0_1.0,linear(15m_previous_compression*2.0+30m_current_body_pct*1.0),linear,linear_pair
270,54,98.18,9.63,1.1651,0.8529,15.93,1.3785,0.98,22.59,1.6804,0.9682,27.04,2.6103,0.7533,27.04,62.9136,-47.0982,5.1683,1.1867,0.514,-1.8183,SF_LIN2_15m_current_compression_15m_current_return_pct_2.0_1.5,linear(15m_current_compression*2.0+15m_current_return_pct*1.5),linear,linear_pair
270,54,98.18,10.37,1.1945,0.8425,16.3,1.4433,0.9384,21.85,1.833,1.0286,27.41,2.4076,0.6309,27.04,64.5037,-37.108,4.36,1.2166,0.7615,-1.826,SF_LIN2_15m_previous_compression_15m_current_return_pct_1.0_1.0,linear(15m_previous_compression*1.0+15m_current_return_pct*1.0),linear,linear_pair
270,54,98.18,33.33,1.2875,0.5309,31.48,1.7554,0.2564,36.3,2.2567,0.5369,39.26,2.1248,0.498,40.0,69.5236,-127.7588,2.2127,1.3114,0.4807,-1.8311,SF_LIN2_1h_previous_return_pct_2h_current_range_pct_2.0_1.0,linear(1h_previous_return_pct*2.0+2h_current_range_pct*1.0),linear,linear_pair
270,54,98.18,4.07,0.4521,0.3886,9.26,0.7118,0.6023,16.3,0.8242,0.5835,20.0,0.9631,0.396,25.56,24.4131,-23.8123,3.3718,0.4605,0.4538,-1.8486,SF_LIN_2h_current_range_pct_m1_00,linear(2h_current_range_pct * -1.00),linear,linear_single
270,54,98.18,35.56,1.0001,0.5682,33.33,1.4658,0.2564,36.3,1.9645,0.3054,39.26,1.4264,0.4817,38.89,54.0068,-124.3966,1.6441,1.0186,0.6975,-1.8491,SF_LIN2_1h_previous_return_pct_2h_current_range_pct_2.0_1.5,linear(1h_previous_return_pct*2.0+2h_current_range_pct*1.5),linear,linear_pair
270,54,98.18,7.78,0.7262,0.6217,12.59,0.9123,0.6584,19.63,1.2769,0.6438,24.07,1.6767,0.5844,24.81,39.2174,-38.4329,3.4817,0.7397,0.4603,-1.8529,SF_LIN2_15m_previous_compression_5m_seq_high_break_6_2.0_0.5,linear(15m_previous_compression*2.0+5m_seq_high_break_6*0.5),linear,linear_pair
270,54,98.18,7.78,0.7262,0.6217,12.59,0.9123,0.6584,19.63,1.2769,0.6438,24.07,1.6767,0.5844,24.81,39.2174,-38.4329,3.4817,0.7397,0.4603,-1.8529,SF_LIN2_15m_previous_compression_5m_seq_high_break_6_2.0_1.0,linear(15m_previous_compression*2.0+5m_seq_high_break_6*1.0),linear,linear_pair
270,54,98.18,7.78,0.7262,0.6217,12.59,0.9123,0.6584,19.63,1.2769,0.6438,24.07,1.6767,0.5844,24.81,39.2174,-38.4329,3.4817,0.7397,0.4603,-1.8529,SF_LIN2_15m_previous_compression_5m_seq_high_break_6_2.0_1.5,linear(15m_previous_compression*2.0+5m_seq_high_break_6*1.5),linear,linear_pair
270,54,98.18,7.78,0.7262,0.6217,12.59,0.9123,0.6584,19.63,1.2769,0.6438,24.07,1.6767,0.5844,24.81,39.2174,-38.4329,3.4817,0.7397,0.4603,-1.8529,SF_LIN2_15m_previous_compression_range_expansion_2.0_0.5,linear(15m_previous_compression*2.0+range_expansion*0.5),linear,linear_pair
270,54,98.18,7.78,0.7262,0.6217,12.59,0.9123,0.6584,19.63,1.2769,0.6438,24.07,1.6767,0.5844,24.81,39.2174,-38.4329,3.4817,0.7397,0.4603,-1.8529,SF_LIN2_15m_previous_compression_range_expansion_2.0_1.0,linear(15m_previous_compression*2.0+range_expansion*1.0),linear,linear_pair
270,54,98.18,7.78,0.7262,0.6217,12.59,0.9123,0.6584,19.63,1.2769,0.6438,24.07,1.6767,0.5844,24.81,39.2174,-38.4329,3.4817,0.7397,0.4603,-1.8529,SF_LIN2_15m_previous_compression_range_expansion_2.0_1.5,linear(15m_previous_compression*2.0+range_expansion*1.5),linear,linear_pair
270,54,98.18,7.78,0.7262,0.6217,12.59,0.9123,0.6584,19.63,1.2769,0.6438,24.07,1.6767,0.5844,24.81,39.2174,-38.4329,3.4817,0.7397,0.4603,-1.8529,SF_LIN_15m_previous_compression_2_00,linear(15m_previous_compression * 2.00),linear,linear_single
270,54,98.18,26.3,1.1984,0.8371,26.3,2.3987,1.0141,33.7,2.5385,1.0196,37.04,2.7963,0.7611,36.3,64.7162,-66.8551,2.5274,1.2206,1.2105,-1.8585,SF_LIN_5m_seq_return_sum_6_m1_00,linear(5m_seq_return_sum_6 * -1.00),linear,linear_single
270,54,98.18,31.85,1.2728,0.5572,31.85,1.5849,0.1947,35.93,2.3001,0.0657,38.15,3.3491,-0.1769,39.26,68.7301,-117.2629,2.1328,1.2964,0.6512,-1.8604,SF_LIN2_1h_previous_return_pct_5m_range_energy_2.0_1.5,linear(1h_previous_return_pct*2.0+5m_range_energy*1.5),linear,linear_pair
270,54,98.18,7.78,0.7294,0.6157,12.59,0.9348,0.7376,18.52,1.3201,0.7445,24.07,1.5645,0.5369,25.19,39.3859,-38.4329,3.514,0.7429,0.4632,-1.8665,SF_LIN2_15m_previous_compression_1h_current_compression_2.0_1.0,linear(15m_previous_compression*2.0+1h_current_compression*1.0),linear,linear_pair
270,54,98.18,7.78,0.7294,0.6157,12.59,0.9348,0.7376,18.52,1.3201,0.7445,24.07,1.5645,0.5369,25.19,39.3859,-38.4329,3.514,0.7429,0.4632,-1.8665,SF_LIN2_15m_previous_compression_1h_current_compression_2.0_1.5,linear(15m_previous_compression*2.0+1h_current_compression*1.5),linear,linear_pair
270,54,98.18,14.81,1.1179,0.8855,21.48,1.0531,0.8078,26.3,1.6762,0.9521,28.52,2.6331,0.7342,30.74,60.3662,-40.4471,2.8423,1.1386,1.0835,-1.8688,SF_LIN2_30m_current_volume_ratio_1h_current_compression_2.0_1.5,linear(30m_current_volume_ratio*2.0+1h_current_compression*1.5),linear,linear_pair
270,54,98.18,9.26,1.1531,0.8037,15.93,1.3519,0.9384,22.22,1.6991,0.9149,27.04,2.5723,0.7312,26.67,62.2687,-47.0982,5.1149,1.1745,0.5107,-1.8794,SF_LIN2_15m_current_compression_15m_current_return_pct_2.0_1.0,linear(15m_current_compression*2.0+15m_current_return_pct*1.0),linear,linear_pair
270,54,98.18,5.93,0.4114,0.2304,11.11,0.5363,0.313,13.7,0.706,0.1703,20.0,1.4332,0.2111,27.04,22.2136,-25.2516,2.6273,0.419,0.5784,-1.8857,SF_LIN_30m_current_range_pct_m2_00,linear(30m_current_range_pct * -2.00),linear,linear_single
270,54,98.18,28.15,1.2652,0.3666,28.89,1.7992,0.0628,33.7,2.1713,0.1403,34.81,2.5163,0.2284,38.89,68.3227,-107.0134,2.2789,1.2887,0.5989,-1.9083,SF_LIN2_1h_previous_return_pct_1h_previous_range_pct_2.0_0.5,linear(1h_previous_return_pct*2.0+1h_previous_range_pct*0.5),linear,linear_pair
270,54,98.18,8.89,1.0287,0.7711,14.81,1.1552,0.9016,21.11,1.4613,0.8816,26.3,2.4591,0.7312,26.67,55.5478,-43.9787,4.828,1.0478,0.5162,-1.9303,SF_LIN2_15m_current_compression_15m_current_return_pct_2.0_0.5,linear(15m_current_compression*2.0+15m_current_return_pct*0.5),linear,linear_pair
270,54,98.18,6.67,0.8272,0.6323,12.59,0.9312,0.6485,18.89,1.1698,0.6764,24.81,1.4423,0.6309,25.19,44.6714,-35.2178,5.1074,0.8425,0.5023,-1.9331,SF_LIN2_15m_current_compression_2h_current_compression_2.0_1.5,linear(15m_current_compression*2.0+2h_current_compression*1.5),linear,linear_pair
270,54,98.18,31.11,1.1787,0.5187,30.74,1.8991,0.365,35.93,2.5009,0.7199,38.89,2.6365,0.2284,39.26,63.6478,-117.2759,2.0111,1.2006,0.5989,-1.9985,SF_LIN2_1h_previous_return_pct_1h_previous_range_pct_1.0_1.0,linear(1h_previous_return_pct*1.0+1h_previous_range_pct*1.0),linear,linear_pair
270,54,98.18,38.15,1.1737,1.0067,34.81,1.731,0.408,38.15,2.204,0.746,40.0,1.6515,0.4817,39.63,63.3789,-129.8798,1.8913,1.1955,0.7938,-2.0129,SF_LIN2_1h_previous_return_pct_2h_current_range_pct_1.0_1.0,linear(1h_previous_return_pct*1.0+2h_current_range_pct*1.0),linear,linear_pair
270,54,98.18,14.07,0.9068,0.5552,17.78,0.7459,0.5055,23.33,0.9755,0.3537,25.93,1.2488,0.3857,26.67,48.9653,-62.0943,2.746,0.9236,0.4933,-2.0339,SF_LIN2_1h_previous_return_pct_15m_current_compression_2.0_1.5,linear(1h_previous_return_pct*2.0+15m_current_compression*1.5),linear,linear_pair
270,54,98.18,7.41,0.6914,0.5868,12.59,0.8178,0.6194,19.26,1.1533,0.6241,23.7,1.5758,0.5369,24.81,37.3369,-38.4329,3.3042,0.7042,0.4885,-2.0784,SF_LIN2_15m_previous_compression_2h_current_compression_2.0_0.5,linear(15m_previous_compression*2.0+2h_current_compression*0.5),linear,linear_pair
270,54,98.18,32.22,0.9479,0.5847,28.52,1.8849,0.5736,35.19,2.3027,0.7289,38.89,2.9662,0.3184,40.37,51.1882,-89.6705,1.6443,0.9655,1.1093,-2.0812,SF_LIN2_2h_current_volume_ratio_1h_previous_range_pct_2.0_1.5,linear(2h_current_volume_ratio*2.0+1h_previous_range_pct*1.5),linear,linear_pair
270,54,98.18,11.48,1.0512,0.6947,14.81,1.0139,0.8812,20.74,1.35,0.7431,25.93,2.2384,0.6794,26.3,56.7667,-49.7749,3.8174,1.0707,0.5392,-2.1001,SF_LIN2_15m_current_compression_1h_current_volume_ratio_1.0_1.0,linear(15m_current_compression*1.0+1h_current_volume_ratio*1.0),linear,linear_pair
270,54,98.18,27.41,0.8992,0.9341,31.11,0.6847,0.0771,30.0,1.3428,0.2366,38.15,1.981,0.453,37.04,48.555,-100.4125,1.6896,0.9159,0.8095,-2.115,SF_LIN_2h_previous_return_pct_3_00,linear(2h_previous_return_pct * 3.00),linear,linear_single
270,54,98.18,10.0,0.8299,0.6512,13.7,0.9499,0.8783,20.37,1.3474,0.7138,25.19,2.1474,0.5864,25.19,44.8152,-46.6554,3.6054,0.8453,0.4936,-2.1446,SF_LIN2_15m_current_compression_1h_current_volume_ratio_2.0_1.0,linear(15m_current_compression*2.0+1h_current_volume_ratio*1.0),linear,linear_pair
270,54,98.18,11.85,0.9561,0.5072,17.41,1.118,0.5352,22.59,1.3458,0.3537,24.07,2.511,0.4294,25.93,51.6313,-63.8968,2.8672,0.9738,0.3805,-2.1533,SF_LIN2_15m_previous_compression_1h_previous_return_pct_1.0_1.0,linear(15m_previous_compression*1.0+1h_previous_return_pct*1.0),linear,linear_pair
270,54,98.18,10.37,0.7654,0.6055,14.81,0.8446,0.6668,20.74,1.1327,0.6241,23.7,1.9834,0.3726,25.56,41.3306,-46.5255,2.6879,0.7796,0.5542,-2.1579,SF_LIN2_15m_previous_compression_30m_current_body_pct_2.0_1.5,linear(15m_previous_compression*2.0+30m_current_body_pct*1.5),linear,linear_pair
270,54,98.18,16.3,1.1632,0.7711,20.37,1.5062,0.9292,26.67,2.0461,1.0053,29.26,3.196,0.7708,30.74,62.8144,-50.3216,2.5287,1.1848,0.9635,-2.1667,SF_LIN2_15m_current_compression_2h_current_range_pct_1.0_0.5,linear(15m_current_compression*1.0+2h_current_range_pct*0.5),linear,linear_pair
270,54,98.18,8.89,0.7365,0.5868,13.33,0.7434,0.6377,18.89,1.0475,0.6019,24.07,1.7912,0.4478,24.44,39.7697,-46.5255,3.1494,0.7502,0.4367,-2.1711,SF_LIN2_15m_previous_compression_1h_current_volume_ratio_2.0_0.5,linear(15m_previous_compression*2.0+1h_current_volume_ratio*0.5),linear,linear_pair
270,54,98.18,15.56,1.211,0.7368,20.0,1.659,0.9292,25.93,2.4139,1.0286,29.26,3.6593,0.7708,30.74,65.3959,-54.3235,2.8061,1.2334,0.8431,-2.1725,SF_LIN2_15m_current_compression_2h_current_range_pct_2.0_1.0,linear(15m_current_compression*2.0+2h_current_range_pct*1.0),linear,linear_pair
270,54,98.18,6.67,0.6647,0.5631,12.59,0.7585,0.6077,19.26,1.1739,0.6241,23.7,1.568,0.5369,25.19,35.896,-38.4329,3.1982,0.677,0.4783,-2.1834,SF_LIN2_15m_previous_compression_2h_current_compression_2.0_1.0,linear(15m_previous_compression*2.0+2h_current_compression*1.0),linear,linear_pair
270,54,98.18,32.59,1.1004,0.4561,30.37,1.8987,0.1947,35.93,2.5061,0.0997,39.63,2.9338,0.159,40.0,59.4232,-111.4636,1.8092,1.1208,0.7946,-2.1972,SF_LIN2_1h_previous_return_pct_1h_previous_range_pct_1.0_1.5,linear(1h_previous_return_pct*1.0+1h_previous_range_pct*1.5),linear,linear_pair
270,54,98.18,10.0,0.7814,0.6055,14.07,0.7702,0.6215,18.89,0.959,0.3572,23.33,1.6636,0.3037,24.07,42.1932,-46.4378,3.1738,0.7959,0.5321,-2.2559,SF_LIN2_30m_current_volume_ratio_15m_previous_compression_2.0_1.5,linear(30m_current_volume_ratio*2.0+15m_previous_compression*1.5),linear,linear_pair
270,54,98.18,11.48,1.3941,0.9079,18.15,1.7102,0.9793,22.96,2.0593,1.1761,28.52,2.6454,0.7091,28.15,75.2817,-37.108,4.7034,1.4199,0.9788,-2.2606,SF_LIN2_15m_previous_compression_15m_current_return_pct_1.0_1.5,linear(15m_previous_compression*1.0+15m_current_return_pct*1.5),linear,linear_pair
270,54,98.18,7.78,0.7141,0.6169,12.59,0.8957,0.8487,19.63,1.2315,0.7303,25.19,1.6842,0.7091,25.56,38.559,-38.4329,3.1488,0.7273,0.549,-2.3001,SF_LIN2_15m_previous_compression_15m_current_compression_1.0_0.5,linear(15m_previous_compression*1.0+15m_current_compression*0.5),linear,linear_pair
270,54,98.18,24.81,1.2341,0.6104,26.67,1.4765,0.6249,31.85,1.7782,0.7303,34.07,2.8684,0.7533,37.04,66.6429,-100.1045,2.3997,1.257,0.5913,-2.3007,SF_LIN2_1h_current_compression_1h_previous_return_pct_1.0_1.5,linear(1h_current_compression*1.0+1h_previous_return_pct*1.5),linear,linear_pair
270,54,98.18,31.85,1.5288,1.1082,32.59,1.8166,0.9929,35.56,2.2164,1.2841,37.04,2.6895,1.0604,37.41,82.5549,-100.0252,2.48,1.5571,1.1293,-2.3024,SF_LIN2_30m_current_volume_ratio_2h_current_range_pct_2.0_0.5,linear(30m_current_volume_ratio*2.0+2h_current_range_pct*0.5),linear,linear_pair
270,54,98.18,17.41,1.2582,1.0657,25.19,1.2032,0.8911,28.15,1.5988,1.0855,30.37,2.3799,0.7342,32.22,67.9412,-60.3317,3.0467,1.2815,1.0438,-2.3547,SF_LIN2_30m_current_volume_ratio_1h_current_compression_2.0_0.5,linear(30m_current_volume_ratio*2.0+1h_current_compression*0.5),linear,linear_pair
270,54,98.18,15.93,0.8468,0.6217,19.63,0.3573,0.5757,22.96,0.2224,0.6019,28.15,1.5381,0.7211,29.26,45.7298,-59.8066,2.1919,0.8625,0.751,-2.3696,SF_LIN2_2h_current_volume_ratio_15m_previous_compression_2.0_0.5,linear(2h_current_volume_ratio*2.0+15m_previous_compression*0.5),linear,linear_pair
270,54,98.18,18.15,1.1643,0.8991,24.81,1.2032,0.8235,28.89,1.479,0.9064,30.37,2.1608,0.6498,31.48,62.8709,-66.0132,2.7355,1.1859,0.9435,-2.3775,SF_LIN_30m_current_volume_ratio_3_00,linear(30m_current_volume_ratio * 3.00),linear,linear_single
270,54,98.18,10.0,1.1979,0.8847,16.3,1.3254,1.0051,23.33,1.6219,1.0855,27.78,2.4721,0.7708,27.04,64.6869,-43.3454,4.7099,1.2201,0.7388,-2.4092,SF_LIN2_15m_current_compression_15m_current_return_pct_1.0_1.0,linear(15m_current_compression*1.0+15m_current_return_pct*1.0),linear,linear_pair
270,54,98.18,24.44,1.38,0.75,25.56,1.8997,0.4318,30.37,2.0893,0.2659,32.96,3.3038,0.1996,35.19,74.5226,-57.3991,3.4332,1.4056,1.4431,-2.5414,SF_LIN_2h_current_volume_ratio_m2_00,linear(2h_current_volume_ratio * -2.00),linear,linear_single
270,54,98.18,15.19,1.0874,0.6947,18.15,1.1945,0.8876,24.07,1.2548,0.7289,26.3,1.7998,0.5398,28.52,58.7194,-49.5496,2.5629,1.1076,0.9232,-2.5767,SF_LIN2_15m_current_compression_30m_current_body_pct_1.0_1.5,linear(15m_current_compression*1.0+30m_current_body_pct*1.5),linear,linear_pair
270,54,98.18,10.37,0.7507,0.6217,14.44,0.9212,0.6668,20.37,1.0668,0.6438,24.07,2.1683,0.5369,24.81,40.5384,-45.8446,2.9644,0.7646,0.645,-2.6222,SF_LIN_15m_previous_compression_0_50,linear(15m_previous_compression * 0.50),linear,linear_single
270,54,98.18,10.0,1.0995,0.8529,16.3,1.202,0.9923,22.96,1.4281,0.9682,27.04,2.3124,0.7118,26.3,59.3751,-45.4999,4.4219,1.1199,0.7337,-2.6286,SF_LIN2_15m_current_compression_15m_current_return_pct_1.0_0.5,linear(15m_current_compression*1.0+15m_current_return_pct*0.5),linear,linear_pair
270,54,98.18,21.85,0.6192,0.6157,22.22,1.1239,0.6269,29.63,1.8442,1.322,35.19,3.686,0.982,35.56,33.4389,-82.4633,1.3085,0.6307,0.678,-2.6366,SF_LIN2_15m_current_compression_1h_previous_range_pct_1.0_1.5,linear(15m_current_compression*1.0+1h_previous_range_pct*1.5),linear,linear_pair
270,54,98.18,15.56,1.1163,0.9078,22.59,1.0225,0.8078,27.04,1.589,1.0059,29.26,2.5418,0.7533,31.48,60.2786,-53.6182,2.7491,1.137,1.05,-2.6469,SF_LIN2_30m_current_volume_ratio_1h_current_compression_2.0_1.0,linear(30m_current_volume_ratio*2.0+1h_current_compression*1.0),linear,linear_pair
270,54,98.18,10.74,0.9686,0.7445,15.19,0.9423,0.8783,21.48,1.3071,0.7289,25.19,2.0112,0.5826,26.67,52.302,-47.5533,3.3364,0.9866,0.678,-2.6687,SF_LIN2_15m_current_compression_30m_current_body_pct_1.0_0.5,linear(15m_current_compression*1.0+30m_current_body_pct*0.5),linear,linear_pair
270,54,98.18,21.85,0.5177,0.4063,22.22,0.9897,0.4143,27.41,1.7475,0.7303,33.7,3.4848,0.7127,32.96,27.9584,-79.3659,1.0615,0.5273,0.7429,-2.6818,SF_LIN2_15m_previous_compression_1h_previous_range_pct_1.0_1.5,linear(15m_previous_compression*1.0+1h_previous_range_pct*1.5),linear,linear_pair
270,54,98.18,33.33,1.1105,0.7229,32.59,2.0556,0.3926,35.93,2.6,0.415,38.52,3.3113,0.6096,39.63,59.9655,-98.1442,1.8732,1.1311,1.2801,-2.6978,SF_LIN2_30m_current_volume_ratio_1h_previous_range_pct_2.0_1.5,linear(30m_current_volume_ratio*2.0+1h_previous_range_pct*1.5),linear,linear_pair
270,54,98.18,34.81,1.7348,1.2465,33.33,2.3452,1.2152,36.67,2.5652,1.3329,38.52,3.0755,1.3509,39.63,93.6779,-104.7736,2.7932,1.767,1.2833,-2.7454,SF_LIN2_1h_current_compression_2h_current_range_pct_2.0_1.0,linear(1h_current_compression*2.0+2h_current_range_pct*1.0),linear,linear_pair
270,54,98.18,3.7,0.2675,0.1983,8.15,0.5025,0.5352,13.7,0.5363,0.2642,17.78,0.5671,0.2432,24.81,14.4429,-29.3915,2.3271,0.2725,0.4535,-2.7564,SF_LIN_2h_current_range_pct_m2_00,linear(2h_current_range_pct * -2.00),linear,linear_single
270,54,98.18,26.67,1.8279,0.9621,29.26,2.0012,0.8582,30.37,2.2945,1.0149,33.7,2.878,0.982,32.96,98.7046,-75.051,3.1316,1.8618,1.4043,-2.7922,SF_LIN2_15m_previous_compression_2h_current_range_pct_1.0_1.0,linear(15m_previous_compression*1.0+2h_current_range_pct*1.0),linear,linear_pair
270,54,98.18,40.0,1.2091,0.8979,34.44,1.9028,0.5069,39.26,2.3837,0.933,42.22,1.8214,0.498,40.37,65.2893,-135.6485,1.9124,1.2315,0.8957,-2.7926,SF_LIN2_1h_previous_return_pct_2h_current_range_pct_1.0_1.5,linear(1h_previous_return_pct*1.0+2h_current_range_pct*1.5),linear,linear_pair
270,54,98.18,12.22,1.1917,0.6947,17.41,1.1302,0.7376,21.48,1.4015,0.7138,27.04,2.3087,0.5369,27.41,64.3526,-47.0037,4.01,1.2138,0.8776,-2.8049,SF_LIN2_15m_previous_compression_1h_current_volume_ratio_1.0_1.5,linear(15m_previous_compression*1.0+1h_current_volume_ratio*1.5),linear,linear_pair
270,54,98.18,10.74,0.8457,0.6157,14.07,0.7949,0.6584,19.26,1.1646,0.6019,24.81,1.6516,0.4478,25.19,45.6655,-55.3229,3.1341,0.8614,0.5005,-2.8191,SF_LIN2_15m_previous_compression_1h_current_volume_ratio_2.0_1.5,linear(15m_previous_compression*2.0+1h_current_volume_ratio*1.5),linear,linear_pair
270,54,98.18,14.81,0.8656,0.45,17.78,0.8005,0.4503,22.96,1.0197,0.2598,25.56,1.462,0.3752,26.67,46.7411,-67.137,2.4643,0.8816,0.5832,-2.852,SF_LIN2_15m_previous_compression_1h_previous_return_pct_1.0_1.5,linear(15m_previous_compression*1.0+1h_previous_return_pct*1.5),linear,linear_pair
270,54,98.18,9.26,0.8487,0.6512,14.07,0.9755,0.8222,20.37,1.148,0.7273,24.81,2.1787,0.4294,25.19,45.8315,-44.0227,3.4791,0.8644,0.6852,-2.9077,SF_LIN2_15m_previous_compression_15m_current_return_pct_1.0_0.5,linear(15m_previous_compression*1.0+15m_current_return_pct*0.5),linear,linear_pair
270,54,98.18,11.11,1.0006,0.6157,15.56,0.9388,0.6584,20.0,1.1302,0.6019,24.07,1.6628,0.3726,24.81,54.0334,-46.4378,3.4593,1.0191,0.7892,-2.9556,SF_LIN2_30m_current_volume_ratio_15m_previous_compression_2.0_1.0,linear(30m_current_volume_ratio*2.0+15m_previous_compression*1.0),linear,linear_pair
270,54,98.18,24.81,1.1098,0.8132,27.04,1.4857,0.6302,31.11,1.8966,0.8199,36.67,2.6965,0.2284,35.19,59.9299,-74.8538,2.6144,1.1304,1.2366,-2.9654,SF_LIN_1h_current_volume_ratio_m2_00,linear(1h_current_volume_ratio * -2.00),linear,linear_single
270,54,98.18,11.11,0.9433,0.6947,15.56,1.0451,0.8783,21.85,1.2793,0.7138,24.44,2.1306,0.5369,25.93,50.9387,-51.3635,3.2338,0.9608,0.69,-2.9694,SF_LIN2_15m_current_compression_30m_current_body_pct_2.0_1.5,linear(15m_current_compression*2.0+30m_current_body_pct*1.5),linear,linear_pair
270,54,98.18,11.85,1.0071,0.7899,18.52,0.8074,0.8424,23.33,1.2098,0.7138,25.93,1.6998,0.643,27.78,54.3818,-45.2527,2.7988,1.0258,0.968,-2.9891,SF_LIN2_30m_current_volume_ratio_15m_current_compression_2.0_0.5,linear(30m_current_volume_ratio*2.0+15m_current_compression*0.5),linear,linear_pair
270,54,98.18,8.89,0.6883,0.5631,13.33,0.6718,0.6194,18.89,0.8899,0.6241,22.96,1.2728,0.4294,24.81,37.168,-46.5255,2.9647,0.7011,0.6058,-3.0311,SF_LIN2_15m_previous_compression_1h_current_compression_1.0_0.5,linear(15m_previous_compression*1.0+1h_current_compression*0.5),linear,linear_pair
270,54,98.18,8.89,0.7346,0.6055,13.7,0.7071,0.6584,19.26,0.9207,0.6764,23.33,1.2135,0.4478,25.19,39.6675,-46.5255,3.1643,0.7482,0.6234,-3.0312,SF_LIN2_15m_previous_compression_1h_current_compression_1.0_1.5,linear(15m_previous_compression*1.0+1h_current_compression*1.5),linear,linear_pair
270,54,98.18,13.33,1.1023,0.6947,17.78,1.2389,0.8582,23.33,1.4166,0.7138,25.56,2.651,0.5008,28.15,59.5256,-46.5255,2.8562,1.1227,0.9871,-3.0354,SF_LIN2_15m_previous_compression_30m_current_body_pct_1.0_1.0,linear(15m_previous_compression*1.0+30m_current_body_pct*1.0),linear,linear_pair
270,54,98.18,8.15,0.7935,0.732,13.33,0.8641,0.8688,20.74,1.1085,0.7289,24.81,1.4844,0.5369,25.19,42.847,-46.6554,3.431,0.8082,0.5829,-3.046,SF_LIN2_15m_current_compression_30m_current_body_pct_2.0_0.5,linear(15m_current_compression*2.0+30m_current_body_pct*0.5),linear,linear_pair
270,54,98.18,9.26,0.7768,0.7146,14.07,0.8273,0.8783,21.11,1.1353,0.7138,24.44,1.588,0.4478,25.56,41.9479,-45.4999,2.8249,0.7912,0.6815,-3.0584,SF_LIN2_15m_current_compression_30m_current_body_pct_2.0_1.0,linear(15m_current_compression*2.0+30m_current_body_pct*1.0),linear,linear_pair
270,54,98.18,11.85,0.9423,0.5538,16.3,0.9377,0.5949,23.33,1.097,0.3595,25.19,1.848,0.4478,26.3,50.8831,-61.3627,3.0401,0.9598,0.5731,-3.0891,SF_LIN2_1h_previous_return_pct_15m_current_compression_1.0_1.0,linear(1h_previous_return_pct*1.0+15m_current_compression*1.0),linear,linear_pair
270,54,98.18,11.11,0.9447,0.6217,17.04,0.8152,0.6485,21.48,1.2546,0.5091,25.19,2.0815,0.4478,26.67,51.0136,-43.935,2.643,0.9622,0.9219,-3.0896,SF_LIN2_30m_current_volume_ratio_15m_previous_compression_1.0_0.5,linear(30m_current_volume_ratio*1.0+15m_previous_compression*0.5),linear,linear_pair
270,54,98.18,10.37,1.0502,0.7368,15.56,1.0466,0.8688,21.85,1.1436,0.7138,24.81,1.623,0.4235,25.19,56.7131,-46.4378,3.6885,1.0697,0.791,-3.0977,SF_LIN2_30m_current_volume_ratio_15m_current_compression_2.0_1.0,linear(30m_current_volume_ratio*2.0+15m_current_compression*1.0),linear,linear_pair
270,54,98.18,8.89,0.7099,0.5868,13.33,0.6878,0.6584,18.52,0.9172,0.6764,22.96,1.1923,0.4478,24.81,38.3362,-46.5255,3.0692,0.7231,0.6242,-3.1166,SF_LIN2_15m_previous_compression_1h_current_compression_1.0_1.0,linear(15m_previous_compression*1.0+1h_current_compression*1.0),linear,linear_pair
270,54,98.18,12.59,1.2974,0.7711,17.41,1.6888,0.9016,24.44,2.2252,1.0286,28.52,2.8604,0.7091,27.78,70.0577,-54.9989,3.5418,1.3215,0.8041,-3.1312,SF_LIN2_15m_current_compression_2h_current_range_pct_2.0_0.5,linear(15m_current_compression*2.0+2h_current_range_pct*0.5),linear,linear_pair
270,54,98.18,8.89,0.7401,0.6217,13.7,0.7487,0.6584,20.0,0.9417,0.6241,23.33,1.3352,0.5008,24.44,39.9634,-46.5255,3.1865,0.7538,0.6659,-3.242,SF_LIN2_15m_previous_compression_5m_seq_high_break_6_1.0_0.5,linear(15m_previous_compression*1.0+5m_seq_high_break_6*0.5),linear,linear_pair
270,54,98.18,8.89,0.7401,0.6217,13.7,0.7487,0.6584,20.0,0.9417,0.6241,23.33,1.3352,0.5008,24.44,39.9634,-46.5255,3.1865,0.7538,0.6659,-3.242,SF_LIN2_15m_previous_compression_5m_seq_high_break_6_1.0_1.0,linear(15m_previous_compression*1.0+5m_seq_high_break_6*1.0),linear,linear_pair
270,54,98.18,8.89,0.7401,0.6217,13.7,0.7487,0.6584,20.0,0.9417,0.6241,23.33,1.3352,0.5008,24.44,39.9634,-46.5255,3.1865,0.7538,0.6659,-3.242,SF_LIN2_15m_previous_compression_5m_seq_high_break_6_1.0_1.5,linear(15m_previous_compression*1.0+5m_seq_high_break_6*1.5),linear,linear_pair
270,54,98.18,8.89,0.7401,0.6217,13.7,0.7487,0.6584,20.0,0.9417,0.6241,23.33,1.3352,0.5008,24.44,39.9634,-46.5255,3.1865,0.7538,0.6659,-3.242,SF_LIN2_15m_previous_compression_range_expansion_1.0_0.5,linear(15m_previous_compression*1.0+range_expansion*0.5),linear,linear_pair
270,54,98.18,8.89,0.7401,0.6217,13.7,0.7487,0.6584,20.0,0.9417,0.6241,23.33,1.3352,0.5008,24.44,39.9634,-46.5255,3.1865,0.7538,0.6659,-3.242,SF_LIN2_15m_previous_compression_range_expansion_1.0_1.0,linear(15m_previous_compression*1.0+range_expansion*1.0),linear,linear_pair
270,54,98.18,8.89,0.7401,0.6217,13.7,0.7487,0.6584,20.0,0.9417,0.6241,23.33,1.3352,0.5008,24.44,39.9634,-46.5255,3.1865,0.7538,0.6659,-3.242,SF_LIN2_15m_previous_compression_range_expansion_1.0_1.5,linear(15m_previous_compression*1.0+range_expansion*1.5),linear,linear_pair
270,54,98.18,8.89,0.7401,0.6217,13.7,0.7487,0.6584,20.0,0.9417,0.6241,23.33,1.3352,0.5008,24.44,39.9634,-46.5255,3.1865,0.7538,0.6659,-3.242,SF_LIN_15m_previous_compression_1_00,linear(15m_previous_compression * 1.00),linear,linear_single
270,54,98.18,12.22,0.9934,0.732,16.3,1.0656,0.8812,22.59,1.3034,0.7289,25.56,1.9375,0.6309,27.41,53.6442,-45.4999,2.6151,1.0118,0.961,-3.353,SF_LIN2_15m_current_compression_30m_current_body_pct_1.0_1.0,linear(15m_current_compression*1.0+30m_current_body_pct*1.0),linear,linear_pair
270,54,98.18,27.41,1.8417,1.1815,28.52,2.087,1.1635,31.48,2.3313,1.3786,35.56,2.8637,0.982,33.7,99.451,-81.5954,3.2338,1.8758,1.3966,-3.404,SF_LIN2_15m_current_compression_2h_current_range_pct_1.0_1.0,linear(15m_current_compression*1.0+2h_current_range_pct*1.0),linear,linear_pair
270,54,98.18,9.63,0.9889,0.7445,14.81,0.9738,0.8876,21.11,1.3788,0.9064,25.93,1.955,0.7091,26.3,53.4003,-46.9005,3.974,1.0072,0.7799,-3.4049,SF_LIN2_1h_current_compression_15m_current_compression_1.0_1.0,linear(1h_current_compression*1.0+15m_current_compression*1.0),linear,linear_pair
270,54,98.18,8.52,0.7038,0.5868,13.7,0.6633,0.6194,19.63,0.8613,0.6438,23.33,1.2662,0.4478,24.81,38.006,-46.5255,3.0227,0.7168,0.6843,-3.4189,SF_LIN2_15m_previous_compression_2h_current_compression_1.0_0.5,linear(15m_previous_compression*1.0+2h_current_compression*0.5),linear,linear_pair
270,54,98.18,8.52,0.6968,0.5868,13.7,0.6665,0.6194,19.63,0.855,0.6241,23.33,1.2479,0.4294,24.81,37.6293,-46.5255,2.9901,0.7097,0.6851,-3.425,SF_LIN2_15m_previous_compression_2h_current_compression_1.0_1.0,linear(15m_previous_compression*1.0+2h_current_compression*1.0),linear,linear_pair
270,54,98.18,11.85,0.9758,0.6217,15.56,1.1434,0.6485,21.48,1.4898,0.6241,25.56,2.308,0.4294,25.93,52.6943,-52.1739,2.766,0.9939,0.8016,-3.4507,SF_LIN2_15m_previous_compression_2h_current_range_pct_2.0_0.5,linear(15m_previous_compression*2.0+2h_current_range_pct*0.5),linear,linear_pair
270,54,98.18,9.63,1.0224,0.7831,15.19,1.0427,0.9016,21.85,1.4323,0.8816,26.67,2.1091,0.7154,25.93,55.2078,-47.0488,4.1065,1.0414,0.8039,-3.4537,SF_LIN2_15m_current_compression_5m_seq_high_break_6_1.0_0.5,linear(15m_current_compression*1.0+5m_seq_high_break_6*0.5),linear,linear_pair
270,54,98.18,9.63,1.0224,0.7831,15.19,1.0427,0.9016,21.85,1.4323,0.8816,26.67,2.1091,0.7154,25.93,55.2078,-47.0488,4.1065,1.0414,0.8039,-3.4537,SF_LIN2_15m_current_compression_5m_seq_high_break_6_1.0_1.0,linear(15m_current_compression*1.0+5m_seq_high_break_6*1.0),linear,linear_pair
270,54,98.18,9.63,1.0224,0.7831,15.19,1.0427,0.9016,21.85,1.4323,0.8816,26.67,2.1091,0.7154,25.93,55.2078,-47.0488,4.1065,1.0414,0.8039,-3.4537,SF_LIN2_15m_current_compression_5m_seq_high_break_6_1.0_1.5,linear(15m_current_compression*1.0+5m_seq_high_break_6*1.5),linear,linear_pair
270,54,98.18,9.63,1.0224,0.7831,15.19,1.0427,0.9016,21.85,1.4323,0.8816,26.67,2.1091,0.7154,25.93,55.2078,-47.0488,4.1065,1.0414,0.8039,-3.4537,SF_LIN2_range_expansion_15m_current_compression_1.0_1.0,linear(range_expansion*1.0+15m_current_compression*1.0),linear,linear_pair
270,54,98.18,9.63,1.0224,0.7831,15.19,1.0427,0.9016,21.85,1.4323,0.8816,26.67,2.1091,0.7154,25.93,55.2078,-47.0488,4.1065,1.0414,0.8039,-3.4537,SF_LIN2_range_expansion_15m_current_compression_2.0_1.0,linear(range_expansion*2.0+15m_current_compression*1.0),linear,linear_pair
270,54,98.18,9.63,1.0224,0.7831,15.19,1.0427,0.9016,21.85,1.4323,0.8816,26.67,2.1091,0.7154,25.93,55.2078,-47.0488,4.1065,1.0414,0.8039,-3.4537,SF_LIN_15m_current_compression_1_00,linear(15m_current_compression * 1.00),linear,linear_single
270,54,98.18,9.63,0.9501,0.732,14.44,0.9355,0.7682,20.37,1.3295,0.8214,25.56,1.901,0.6794,25.93,51.306,-46.9005,3.8186,0.9677,0.7822,-3.502,SF_LIN2_1h_current_compression_15m_current_compression_2.0_1.0,linear(1h_current_compression*2.0+15m_current_compression*1.0),linear,linear_pair
270,54,98.18,12.96,0.9154,0.6947,19.63,0.5373,0.6668,23.33,0.6417,0.8145,27.78,1.7397,0.7402,30.0,49.4333,-62.9602,2.5991,0.9324,0.8007,-3.5069,SF_LIN2_2h_current_volume_ratio_15m_previous_compression_1.0_0.5,linear(2h_current_volume_ratio*1.0+15m_previous_compression*0.5),linear,linear_pair
270,54,98.18,10.37,1.0516,0.7368,16.3,0.8918,0.7837,21.85,1.2452,0.6689,25.19,1.838,0.5864,27.04,56.7889,-46.4378,3.0978,1.0711,0.9122,-3.5553,SF_LIN2_30m_current_volume_ratio_15m_current_compression_1.0_0.5,linear(30m_current_volume_ratio*1.0+15m_current_compression*0.5),linear,linear_pair
270,54,98.18,21.85,0.9296,0.7545,23.7,1.0331,0.5055,27.41,1.4012,0.7289,33.33,2.4683,0.4086,32.59,50.1985,-81.4263,2.0011,0.9468,0.9623,-3.5653,SF_LIN2_15m_current_compression_5m_range_energy_1.0_1.0,linear(15m_current_compression*1.0+5m_range_energy*1.0),linear,linear_pair
270,54,98.18,12.22,0.6186,0.5541,17.04,0.7583,0.6668,21.85,1.2457,0.7273,25.93,2.4865,0.502,26.67,33.4018,-59.1341,1.9146,0.6301,0.7399,-3.5753,SF_LIN2_15m_previous_compression_1h_previous_range_pct_1.0_0.5,linear(15m_previous_compression*1.0+1h_previous_range_pct*0.5),linear,linear_pair
270,54,98.18,15.56,1.2103,0.6947,19.26,1.3458,0.8812,23.7,1.5221,0.7273,26.67,2.3478,0.5369,28.15,65.3577,-63.8999,2.8266,1.2327,0.9027,-3.5764,SF_LIN2_15m_previous_compression_30m_current_body_pct_1.0_1.5,linear(15m_previous_compression*1.0+30m_current_body_pct*1.5),linear,linear_pair
270,54,98.18,10.37,0.7196,0.6217,14.81,0.7299,0.6584,20.74,1.0236,0.5676,24.07,1.9447,0.3412,26.3,38.8585,-49.7046,2.4049,0.7329,0.7764,-3.6006,SF_LIN2_15m_previous_compression_30m_current_body_pct_1.0_0.5,linear(15m_previous_compression*1.0+30m_current_body_pct*0.5),linear,linear_pair
270,54,98.18,20.74,0.7346,0.6217,23.7,0.7367,0.3999,25.93,1.1137,0.6019,32.22,2.165,0.3518,32.22,39.6694,-84.6614,1.6262,0.7482,0.8509,-3.6123,SF_LIN2_15m_previous_compression_5m_range_energy_1.0_1.0,linear(15m_previous_compression*1.0+5m_range_energy*1.0),linear,linear_pair
270,54,98.18,20.0,0.8618,0.7545,22.59,0.8478,0.5928,27.41,1.0582,0.6019,31.48,2.262,0.4294,31.11,46.5366,-75.639,1.9643,0.8778,0.9685,-3.6299,SF_LIN2_15m_current_compression_5m_range_energy_2.0_1.5,linear(15m_current_compression*2.0+5m_range_energy*1.5),linear,linear_pair
270,54,98.18,27.78,1.0732,0.4245,28.15,1.4658,-0.0111,34.07,1.7915,0.0333,35.56,1.9793,0.0116,37.41,57.9511,-124.4936,1.8809,1.0931,0.5389,-3.6359,SF_LIN2_1h_previous_return_pct_1h_previous_range_pct_2.0_1.0,linear(1h_previous_return_pct*2.0+1h_previous_range_pct*1.0),linear,linear_pair
270,54,98.18,10.0,0.8482,0.6217,13.33,0.7883,0.7359,19.63,1.1565,0.6689,24.81,1.8109,0.5864,25.56,45.8025,-55.5752,3.2325,0.8639,0.6009,-3.6416,SF_LIN2_15m_current_compression_1h_current_volume_ratio_2.0_1.5,linear(15m_current_compression*2.0+1h_current_volume_ratio*1.5),linear,linear_pair
270,54,98.18,10.37,0.9005,0.7368,14.81,0.9838,0.833,21.11,1.2047,0.746,24.44,1.9897,0.5814,25.93,48.6263,-52.0713,3.4337,0.9172,0.7536,-3.669,SF_LIN2_1h_current_compression_15m_current_compression_1.0_0.5,linear(1h_current_compression*1.0+15m_current_compression*0.5),linear,linear_pair
270,54,98.18,11.11,1.1031,0.8178,16.3,1.2036,0.9016,23.33,1.4896,0.8115,26.67,2.3634,0.7118,26.67,59.5673,-52.0713,3.9009,1.1235,0.8559,-3.6737,SF_LIN2_range_expansion_15m_current_compression_1.0_0.5,linear(range_expansion*1.0+15m_current_compression*0.5),linear,linear_pair
270,54,98.18,11.11,1.1031,0.8178,16.3,1.2036,0.9016,23.33,1.4896,0.8115,26.67,2.3634,0.7118,26.67,59.5673,-52.0713,3.9009,1.1235,0.8559,-3.6737,SF_LIN2_range_expansion_15m_current_compression_2.0_0.5,linear(range_expansion*2.0+15m_current_compression*0.5),linear,linear_pair
270,54,98.18,11.11,1.1031,0.8178,16.3,1.2036,0.9016,23.33,1.4896,0.8115,26.67,2.3634,0.7118,26.67,59.5673,-52.0713,3.9009,1.1235,0.8559,-3.6737,SF_LIN_15m_current_compression_0_50,linear(15m_current_compression * 0.50),linear,linear_single
270,54,98.18,18.52,1.0485,0.6947,21.48,1.2041,0.8425,28.15,1.7533,1.0855,32.96,3.2855,1.05,33.33,56.6211,-68.6563,2.6273,1.0679,1.0261,-3.6816,SF_LIN2_15m_current_compression_1h_previous_range_pct_1.0_1.0,linear(15m_current_compression*1.0+1h_previous_range_pct*1.0),linear,linear_pair
270,54,98.18,14.81,0.6649,0.6416,18.89,0.326,0.6552,23.7,0.2538,0.6353,28.15,1.6813,0.8451,30.74,35.9054,-67.2015,1.8126,0.6772,0.7833,-3.6972,SF_LIN2_2h_current_volume_ratio_15m_current_compression_2.0_0.5,linear(2h_current_volume_ratio*2.0+15m_current_compression*0.5),linear,linear_pair
270,54,98.18,10.37,0.8795,0.7611,15.19,0.9452,0.6975,21.11,1.1686,0.7289,24.81,1.9974,0.5814,26.67,47.4905,-52.0713,3.3258,0.8958,0.7823,-3.7428,SF_LIN2_1h_current_compression_15m_current_compression_2.0_0.5,linear(1h_current_compression*2.0+15m_current_compression*0.5),linear,linear_pair
270,54,98.18,10.0,0.9168,0.6512,13.7,0.8284,0.8688,19.63,1.1864,0.7431,25.56,1.7138,0.643,25.56,49.5052,-57.7827,3.4421,0.9338,0.6252,-3.8892,SF_LIN2_2h_current_volume_ratio_15m_current_compression_1.0_1.5,linear(2h_current_volume_ratio*1.0+15m_current_compression*1.5),linear,linear_pair
270,54,98.18,8.89,0.8368,0.732,14.07,0.8397,0.8688,21.11,1.1807,0.8115,25.93,1.6969,0.6794,25.56,45.1854,-49.3705,3.6724,0.8523,0.7617,-3.9025,SF_LIN2_15m_current_compression_2h_current_compression_1.0_0.5,linear(15m_current_compression*1.0+2h_current_compression*0.5),linear,linear_pair
270,54,98.18,6.3,0.6458,0.5631,11.85,0.8144,0.7359,18.52,1.0745,0.6438,22.96,1.2841,0.6309,24.44,34.8747,-49.8071,3.3971,0.6578,0.5515,-3.9145,SF_LIN2_15m_previous_compression_15m_current_compression_1.0_1.0,linear(15m_previous_compression*1.0+15m_current_compression*1.0),linear,linear_pair
270,54,98.18,10.74,0.8596,0.6169,14.81,0.8157,0.7359,20.74,1.0977,0.7431,26.3,1.5687,0.5864,26.3,46.421,-58.7611,3.1187,0.8755,0.6814,-3.9152,SF_LIN2_2h_current_volume_ratio_15m_current_compression_1.0_1.0,linear(2h_current_volume_ratio*1.0+15m_current_compression*1.0),linear,linear_pair
270,54,98.18,14.44,0.8988,0.6217,17.41,1.2491,0.8582,24.44,1.7855,0.7303,27.78,3.0204,0.6794,29.63,48.5351,-61.6739,2.0676,0.9155,0.889,-3.9728,SF_LIN2_15m_previous_compression_2h_current_range_pct_2.0_1.0,linear(15m_previous_compression*2.0+2h_current_range_pct*1.0),linear,linear_pair
270,54,98.18,5.93,0.5679,0.5072,11.11,0.7294,0.6377,17.41,1.0558,0.6241,22.96,1.3707,0.643,24.81,30.6663,-49.8071,3.0189,0.5784,0.515,-3.9773,SF_LIN2_15m_previous_compression_15m_current_compression_2.0_1.5,linear(15m_previous_compression*2.0+15m_current_compression*1.5),linear,linear_pair
270,54,98.18,8.15,0.7988,0.6803,13.33,0.9064,0.8688,19.26,1.2751,0.7431,25.19,1.9198,0.6794,25.56,43.1343,-53.0455,3.6578,0.8136,0.6528,-4.0329,SF_LIN2_15m_current_compression_1h_current_volume_ratio_2.0_0.5,linear(15m_current_compression*2.0+1h_current_volume_ratio*0.5),linear,linear_pair
270,54,98.18,15.56,1.2984,0.6947,20.37,1.6902,0.8876,25.93,2.2247,0.9521,29.26,3.1766,0.7091,30.37,70.1126,-63.3445,2.7646,1.3225,1.0569,-4.0434,SF_LIN2_15m_previous_compression_2h_current_range_pct_1.0_0.5,linear(15m_previous_compression*1.0+2h_current_range_pct*0.5),linear,linear_pair
270,54,98.18,10.0,0.8533,0.5644,14.44,0.7277,0.6194,18.52,0.9259,0.5676,25.19,1.3969,0.4294,25.19,46.0763,-61.9677,3.1098,0.8691,0.6047,-4.0763,SF_LIN2_2h_current_volume_ratio_15m_previous_compression_1.0_1.5,linear(2h_current_volume_ratio*1.0+15m_previous_compression*1.5),linear,linear_pair
270,54,98.18,8.15,0.9239,0.7368,14.07,0.991,0.8783,20.37,1.22,0.7289,25.19,1.6357,0.7312,25.93,49.8902,-53.0455,4.3964,0.941,0.7044,-4.1054,SF_LIN2_range_expansion_15m_current_compression_1.0_1.5,linear(range_expansion*1.0+15m_current_compression*1.5),linear,linear_pair
270,54,98.18,8.15,0.9239,0.7368,14.07,0.991,0.8783,20.37,1.22,0.7289,25.19,1.6357,0.7312,25.93,49.8902,-53.0455,4.3964,0.941,0.7044,-4.1054,SF_LIN2_range_expansion_15m_current_compression_2.0_1.5,linear(range_expansion*2.0+15m_current_compression*1.5),linear,linear_pair
270,54,98.18,6.3,0.6155,0.5509,11.48,0.771,0.6584,17.78,1.1037,0.6438,23.33,1.3995,0.6794,25.19,33.2362,-51.3623,3.2499,0.6269,0.542,-4.1056,SF_LIN2_15m_previous_compression_15m_current_compression_2.0_1.0,linear(15m_previous_compression*2.0+15m_current_compression*1.0),linear,linear_pair
270,54,98.18,11.85,1.1255,0.7368,16.67,1.097,0.8876,22.22,1.2951,0.9064,27.04,1.9686,0.6794,27.04,60.7762,-58.8932,3.9201,1.1464,0.8635,-4.1652,SF_LIN2_15m_current_compression_1h_current_volume_ratio_1.0_1.5,linear(15m_current_compression*1.0+1h_current_volume_ratio*1.5),linear,linear_pair
270,54,98.18,22.22,0.5848,0.3942,23.33,1.5206,0.5282,30.74,2.0063,0.7031,34.81,2.8862,0.2348,33.7,31.5794,-86.2453,1.3548,0.5956,0.9763,-4.2206,SF_LIN_5m_seq_return_sum_6_m2_00,linear(5m_seq_return_sum_6 * -2.00),linear,linear_single
270,54,98.18,8.15,0.908,0.7146,14.07,0.9766,0.833,20.0,1.2275,0.8115,24.81,1.5135,0.7118,26.3,49.0317,-55.0708,4.3228,0.9248,0.7024,-4.3027,SF_LIN2_1h_current_compression_15m_current_compression_2.0_1.5,linear(1h_current_compression*2.0+15m_current_compression*1.5),linear,linear_pair
270,54,98.18,6.3,0.6945,0.6055,12.22,0.8396,0.833,19.26,1.1075,0.6764,23.7,1.3671,0.6794,25.19,37.505,-53.2754,3.667,0.7074,0.5799,-4.3147,SF_LIN2_15m_previous_compression_15m_current_compression_1.0_1.5,linear(15m_previous_compression*1.0+15m_current_compression*1.5),linear,linear_pair
270,54,98.18,9.63,0.3448,0.246,18.52,0.4042,0.2197,22.22,0.0416,0.0644,22.96,-0.3663,-0.0979,27.04,18.6203,-62.247,1.2605,0.3512,0.7683,-4.3328,SF_LIN_2h_previous_ma20_distance_pct_m1_00,linear(2h_previous_ma20_distance_pct * -1.00),linear,linear_single
270,54,98.18,18.15,0.7123,0.5867,21.11,0.6909,0.3999,24.81,0.933,0.3153,29.26,1.8018,0.272,28.52,38.4643,-78.8741,1.6156,0.7255,0.9037,-4.3402,SF_LIN2_15m_previous_compression_5m_range_energy_2.0_1.5,linear(15m_previous_compression*2.0+5m_range_energy*1.5),linear,linear_pair
270,54,98.18,8.15,0.9066,0.6803,14.07,0.9695,0.8688,19.63,1.2254,0.8115,24.44,1.5056,0.7118,25.93,48.9542,-55.9404,4.3156,0.9234,0.6994,-4.3751,SF_LIN2_1h_current_compression_15m_current_compression_1.0_1.5,linear(1h_current_compression*1.0+15m_current_compression*1.5),linear,linear_pair
270,54,98.18,14.44,0.6256,0.6104,19.63,0.5324,0.5352,24.07,0.7519,0.3508,27.78,2.3068,0.3518,27.78,33.7837,-71.1888,1.7171,0.6372,0.8593,-4.4137,SF_LIN2_15m_previous_compression_5m_range_energy_2.0_1.0,linear(15m_previous_compression*2.0+5m_range_energy*1.0),linear,linear_pair
270,54,98.18,6.3,0.5899,0.5461,12.22,0.6496,0.5949,18.52,0.9962,0.6019,23.33,1.1547,0.4478,24.81,31.8565,-53.898,2.9366,0.6008,0.5872,-4.4448,SF_LIN2_15m_previous_compression_2h_current_compression_2.0_1.5,linear(15m_previous_compression*2.0+2h_current_compression*1.5),linear,linear_pair
270,54,98.18,20.37,1.2523,0.6512,22.96,1.5218,0.6668,25.93,2.0621,0.7303,30.0,3.0341,0.7154,31.11,67.6222,-82.2899,2.3932,1.2755,1.0574,-4.4743,SF_LIN2_15m_previous_compression_2h_current_range_pct_2.0_1.5,linear(15m_previous_compression*2.0+2h_current_range_pct*1.5),linear,linear_pair
270,54,98.18,15.19,0.5642,0.6217,19.63,0.409,0.5728,24.07,0.6386,0.3595,27.41,2.07,0.3857,28.15,30.4653,-72.6782,1.5171,0.5747,0.8866,-4.5676,SF_LIN2_15m_previous_compression_5m_range_energy_1.0_0.5,linear(15m_previous_compression*1.0+5m_range_energy*0.5),linear,linear_pair
270,54,98.18,8.52,0.6493,0.5644,13.33,0.9581,0.6668,20.0,1.0781,0.6764,24.81,2.1708,0.502,25.93,35.0618,-64.3989,2.8787,0.6613,0.5575,-4.6626,SF_LIN2_15m_previous_compression_1h_previous_range_pct_2.0_0.5,linear(15m_previous_compression*2.0+1h_previous_range_pct*0.5),linear,linear_pair
270,54,98.18,8.89,0.2475,0.2181,17.41,0.3319,0.0669,21.11,0.0585,0.0333,22.22,-0.3142,-0.3951,27.04,13.3663,-57.268,0.9164,0.2521,0.8848,-4.8166,SF_LIN_2h_previous_ma20_distance_pct_m2_00,linear(2h_previous_ma20_distance_pct * -2.00),linear,linear_single
270,54,98.18,13.33,1.0392,0.7779,18.89,0.8472,0.833,24.07,0.9108,0.7138,28.15,1.8716,0.7708,30.0,56.1186,-68.8707,3.0375,1.0585,0.9382,-4.8223,SF_LIN2_2h_current_volume_ratio_15m_current_compression_1.0_0.5,linear(2h_current_volume_ratio*1.0+15m_current_compression*0.5),linear,linear_pair
270,54,98.18,9.26,0.6758,0.6803,14.44,0.7319,0.713,21.11,0.707,0.6438,24.81,1.8203,0.5826,25.56,36.4909,-65.1682,2.6259,0.6883,0.6804,-4.9761,SF_LIN2_15m_current_compression_1h_previous_range_pct_2.0_0.5,linear(15m_current_compression*2.0+1h_previous_range_pct*0.5),linear,linear_pair
270,54,98.18,16.3,0.5791,0.7545,20.0,0.5582,0.6269,26.3,0.7288,0.6438,30.37,2.2404,0.4828,29.26,31.271,-77.2198,1.5258,0.5898,0.939,-4.9832,SF_LIN2_15m_current_compression_5m_range_energy_1.0_0.5,linear(15m_current_compression*1.0+5m_range_energy*0.5),linear,linear_pair
270,54,98.18,11.48,0.6499,0.5738,17.04,0.3751,0.5352,20.74,0.4938,0.4848,27.04,1.4127,0.7118,28.52,35.0934,-69.4318,1.9601,0.6619,0.8566,-5.3272,SF_LIN2_2h_current_volume_ratio_15m_previous_compression_2.0_1.0,linear(2h_current_volume_ratio*2.0+15m_previous_compression*1.0),linear,linear_pair
270,54,98.18,12.59,0.8796,0.7445,17.41,1.1728,0.98,24.07,1.5318,1.0053,28.89,2.7485,0.7118,28.89,47.4961,-72.3391,2.6899,0.8959,0.9242,-5.591,SF_LIN2_15m_current_compression_1h_previous_range_pct_1.0_0.5,linear(15m_current_compression*1.0+1h_previous_range_pct*0.5),linear,linear_pair
270,54,98.18,8.15,0.622,0.5509,13.33,0.5576,0.6023,18.89,0.6774,0.6019,22.96,0.8346,0.4032,24.44,33.5898,-62.2971,2.7414,0.6335,0.8007,-5.7506,SF_LIN2_15m_previous_compression_2h_current_compression_1.0_1.5,linear(15m_previous_compression*1.0+2h_current_compression*1.5),linear,linear_pair
270,54,98.18,11.85,0.4686,0.5071,15.56,0.7532,0.6377,21.85,1.2753,0.7138,25.56,2.2846,0.4478,26.3,25.3054,-73.8605,1.4792,0.4773,0.8019,-5.773,SF_LIN2_15m_previous_compression_1h_previous_range_pct_2.0_1.0,linear(15m_previous_compression*2.0+1h_previous_range_pct*1.0),linear,linear_pair
270,54,98.18,17.41,0.7663,0.543,20.37,0.6867,0.5352,25.19,1.2089,0.6689,30.0,2.9795,0.7145,30.74,41.3798,-81.5754,1.9301,0.7805,1.0964,-5.8537,SF_LIN2_15m_previous_compression_1h_previous_range_pct_1.0_1.0,linear(15m_previous_compression*1.0+1h_previous_range_pct*1.0),linear,linear_pair
270,54,98.18,10.37,0.5008,0.6217,15.19,0.7189,0.8783,22.22,0.7983,0.8115,26.67,2.2955,0.502,26.67,27.0416,-77.6685,1.7616,0.5101,0.7569,-6.2891,SF_LIN2_15m_current_compression_1h_previous_range_pct_2.0_1.0,linear(15m_current_compression*2.0+1h_previous_range_pct*1.0),linear,linear_pair
270,54,98.18,10.37,0.8355,0.6055,15.56,0.8083,0.6194,20.0,0.9846,0.6689,26.67,1.6093,0.4478,27.04,45.1164,-76.0109,2.9519,0.851,0.8271,-6.2999,SF_LIN2_2h_current_volume_ratio_15m_previous_compression_2.0_1.5,linear(2h_current_volume_ratio*2.0+15m_previous_compression*1.5),linear,linear_pair
270,54,98.18,15.56,0.5738,0.6947,19.63,0.5903,0.6023,25.93,0.6965,0.6241,30.0,2.1461,0.4478,28.89,30.9829,-87.2744,1.5576,0.5844,0.9686,-6.3603,SF_LIN2_15m_current_compression_5m_range_energy_2.0_1.0,linear(15m_current_compression*2.0+5m_range_energy*1.0),linear,linear_pair
270,54,98.18,10.0,0.7883,0.5516,14.81,0.8207,0.6485,19.26,0.9701,0.6019,25.93,1.4497,0.4294,26.3,42.5669,-76.2729,2.841,0.8029,0.79,-6.3788,SF_LIN2_2h_current_volume_ratio_15m_previous_compression_1.0_1.0,linear(2h_current_volume_ratio*1.0+15m_previous_compression*1.0),linear,linear_pair
270,54,98.18,11.48,0.7452,0.7604,16.3,0.684,0.8848,22.96,0.7039,0.7289,27.04,1.8071,0.643,27.41,40.2385,-65.8754,2.2874,0.759,1.1221,-6.4185,SF_LIN2_15m_current_compression_5m_range_energy_2.0_0.5,linear(15m_current_compression*2.0+5m_range_energy*0.5),linear,linear_pair
270,54,98.18,8.15,0.7576,0.7146,13.7,0.6684,0.7359,20.74,0.8627,0.7138,25.19,1.2206,0.6309,25.19,40.9107,-66.8902,3.4072,0.7716,0.8683,-6.4332,SF_LIN2_15m_current_compression_2h_current_compression_1.0_1.0,linear(15m_current_compression*1.0+2h_current_compression*1.0),linear,linear_pair
270,54,98.18,10.37,0.8356,0.6055,15.56,0.8294,0.833,21.48,0.8822,0.8115,26.3,1.6186,0.643,27.41,45.121,-77.2941,2.9335,0.8511,0.86,-6.5927,SF_LIN2_2h_current_volume_ratio_15m_current_compression_2.0_1.5,linear(2h_current_volume_ratio*2.0+15m_current_compression*1.5),linear,linear_pair
270,54,98.18,11.48,0.7593,0.6169,16.3,0.6615,0.6584,21.85,0.6691,0.6241,27.04,1.6575,0.7708,29.26,41.0023,-76.1315,2.3456,0.7734,0.9676,-6.6674,SF_LIN2_2h_current_volume_ratio_15m_current_compression_2.0_1.0,linear(2h_current_volume_ratio*2.0+15m_current_compression*1.0),linear,linear_pair
270,54,98.18,14.81,0.8893,0.7368,18.52,0.9352,0.9631,25.19,1.2029,1.0252,28.89,2.3786,0.7154,30.0,48.0243,-82.3657,2.4792,0.9058,1.1025,-6.8163,SF_LIN2_15m_current_compression_1h_previous_range_pct_2.0_1.5,linear(15m_current_compression*2.0+1h_previous_range_pct*1.5),linear,linear_pair
270,54,98.18,24.81,1.0816,0.7711,25.19,1.1597,0.5055,29.26,1.4804,0.8161,35.93,2.4817,0.4086,34.44,58.4086,-112.1973,2.0781,1.1017,1.1844,-6.8172,SF_LIN2_15m_current_compression_5m_range_energy_1.0_1.5,linear(15m_current_compression*1.0+5m_range_energy*1.5),linear,linear_pair
270,54,98.18,13.7,0.4671,0.4653,17.04,0.7563,0.6023,22.22,1.1681,0.6241,26.67,2.6609,0.5399,27.78,25.2257,-88.1436,1.373,0.4758,0.8668,-6.8602,SF_LIN2_15m_previous_compression_1h_previous_range_pct_2.0_1.5,linear(15m_previous_compression*2.0+1h_previous_range_pct*1.5),linear,linear_pair
270,54,98.18,8.15,0.7454,0.6803,13.7,0.6758,0.7359,20.74,0.8799,0.7289,25.56,1.208,0.5826,25.93,40.2491,-71.1933,3.3543,0.7592,0.8841,-6.9462,SF_LIN2_15m_current_compression_2h_current_compression_1.0_1.5,linear(15m_current_compression*1.0+2h_current_compression*1.5),linear,linear_pair
270,54,98.18,24.07,0.9366,0.6512,25.19,1.0948,0.5055,30.0,1.4601,0.7289,34.81,2.2984,0.3518,33.7,50.5774,-112.9111,1.856,0.954,1.1718,-7.0171,SF_LIN2_15m_previous_compression_5m_range_energy_1.0_1.5,linear(15m_previous_compression*1.0+5m_range_energy*1.5),linear,linear_pair
270,54,98.18,11.85,0.6591,0.6217,15.56,0.5038,0.6377,21.11,0.6582,0.6019,25.56,1.9664,0.5369,27.04,35.5927,-80.1462,2.0054,0.6713,1.0966,-7.8179,SF_LIN2_15m_previous_compression_5m_range_energy_2.0_0.5,linear(15m_previous_compression*2.0+5m_range_energy*0.5),linear,linear_pair
270,54,98.18,22.59,-0.7847,-0.7321,15.93,-0.5836,-0.8948,20.74,-0.5008,-1.1595,24.81,0.397,-1.3194,30.0,-42.3731,-236.3495,-1.7915,-0.7992,0.5443,-18.8879,SF_LIN_15m_current_return_pct_m1_00,linear(15m_current_return_pct * -1.00),linear,linear_single
270,54,98.18,20.74,-0.8976,-0.96,13.33,-0.7754,-0.9067,19.26,-0.7221,-1.2056,22.59,-0.0142,-1.3834,28.89,-48.4705,-268.2286,-2.1317,-0.9142,0.6713,-23.6346,SF_LIN_15m_current_return_pct_m2_00,linear(15m_current_return_pct * -2.00),linear,linear_single
270,54,98.18,15.19,-2.9177,-2.0987,9.26,-2.7893,-1.8599,15.19,-2.509,-2.138,22.22,-2.0357,-2.715,24.81,-157.5537,-792.8536,-7.4191,-2.9718,0.9675,-80.1082,SF_LIN_1h_current_return_pct_m0_50,linear(1h_current_return_pct * -0.50),linear,linear_single
270,54,98.18,13.33,-3.1481,-2.1832,7.41,-2.8083,-2.0741,14.07,-2.6251,-2.171,20.37,-2.3172,-2.4693,23.7,-169.9994,-851.3861,-8.9492,-3.2065,1.0619,-87.2445,SF_LIN_1h_current_return_pct_m1_00,linear(1h_current_return_pct * -1.00),linear,linear_single
270,54,98.18,12.59,-3.3534,-2.3759,5.19,-2.9047,-2.147,11.85,-2.423,-2.263,18.89,-1.6077,-2.3015,24.07,-181.0852,-914.0183,-9.7067,-3.4156,1.0298,-94.0008,SF_LIN_1h_current_return_pct_m2_00,linear(1h_current_return_pct * -2.00),linear,linear_single
