scan_time_kst,symbol,direction,live_pattern,stage,final_result,reject_tier,failed_conditions,freshness_score,rule_pass,entry_score
2026-06-01 00:00:00,币安人生USDT,long,LONG_BREAKOUT,rule,Rule_Reject,impossible_reject,1,1.0,False,
2026-06-01 00:00:00,ALLOUSDT,long,LONG_BREAKOUT,rule,Rule_Reject,impossible_reject,1,1.0,False,
2026-06-01 00:00:00,INUSDT,long,LONG_REVERSAL,rule,Rule_Reject,impossible_reject,1,1.0,False,
2026-06-01 00:00:00,FORMUSDT,long,LONG_REVERSAL,rule,Rule_Reject,impossible_reject,1,1.0,False,
2026-06-01 00:00:00,BILLUSDT,long,LONG_REVERSAL,rule,Rule_Reject,impossible_reject,1,0.5462,False,
2026-06-01 00:00:00,AIAUSDT,short,SHORT_CONTINUATION,rule,PASS,pass,0,1.0,True,
2026-06-01 00:00:00,GUAUSDT,short,UNLABELED,rule,Pattern_Reject,impossible_reject,1,0.7605,False,
2026-06-01 00:00:00,COAIUSDT,short,SHORT_REVERSAL,rule,Rule_Reject,impossible_reject,1,0.2324,False,
2026-06-01 00:00:00,PLAYUSDT,short,UNLABELED,rule,Pattern_Reject,impossible_reject,1,1.0,False,
2026-06-01 00:00:00,MUSDT,short,UNLABELED,rule,Pattern_Reject,impossible_reject,1,0.4975,False,
2026-06-01 00:00:00,AIAUSDT,short,SHORT_CONTINUATION,portfolio,PASS,,,,True,71.67
2026-06-01 02:00:00,STGUSDT,long,SHORT_REVERSAL,rule,PASS,pass,0,1.0,True,
2026-06-01 02:00:00,币安人生USDT,long,LONG_REVERSAL,rule,Rule_Reject,impossible_reject,1,1.0,False,
2026-06-01 02:00:00,LABUSDT,long,LONG_REVERSAL,rule,Rule_Reject,impossible_reject,1,1.0,False,
2026-06-01 02:00:00,GUAUSDT,long,LONG_BREAKOUT,rule,Rule_Reject,impossible_reject,1,1.0,False,
2026-06-01 02:00:00,UBUSDT,long,UNLABELED,rule,Pattern_Reject,impossible_reject,2,0.6279,False,
2026-06-01 02:00:00,ALLOUSDT,short,SHORT_BREAKDOWN,rule,Rule_Reject,impossible_reject,1,0.9095,False,
2026-06-01 02:00:00,TAUSDT,short,SHORT_REVERSAL,rule,Rule_Reject,impossible_reject,1,0.2931,False,
2026-06-01 02:00:00,GWEIUSDT,short,UNLABELED,rule,Pattern_Reject,impossible_reject,1,0.3637,False,
2026-06-01 02:00:00,AIAUSDT,short,LONG_REVERSAL,rule,Rule_Reject,impossible_reject,1,0.6996,False,
2026-06-01 02:00:00,NILUSDT,short,SHORT_BREAKDOWN,rule,Rule_Reject,impossible_reject,1,0.3533,False,
2026-06-01 02:00:00,STGUSDT,long,SHORT_REVERSAL,portfolio,PASS,,,,True,65.61
2026-06-01 04:00:00,STGUSDT,long,LONG_BREAKOUT,rule,Rule_Reject,impossible_reject,1,1.0,False,
2026-06-01 04:00:00,LABUSDT,long,LONG_REVERSAL,rule,Rule_Reject,impossible_reject,1,0.4966,False,
2026-06-01 04:00:00,ALLOUSDT,long,LONG_REVERSAL,rule,Rule_Reject,impossible_reject,1,1.0,False,
2026-06-01 04:00:00,币安人生USDT,long,UNLABELED,rule,Pattern_Reject,impossible_reject,2,1.0,False,
2026-06-01 04:00:00,UBUSDT,long,SHORT_REVERSAL,rule,Rule_Reject,impossible_reject,1,0.9229,False,
2026-06-01 04:00:00,ACEUSDT,short,SHORT_REVERSAL,rule,Rule_Reject,impossible_reject,1,0.7925,False,
2026-06-01 04:00:00,XLMUSDT,short,SHORT_REVERSAL,rule,Rule_Reject,impossible_reject,1,0.4994,False,
2026-06-01 04:00:00,GUAUSDT,short,UNLABELED,rule,Pattern_Reject,impossible_reject,1,0.2775,False,
2026-06-01 04:00:00,INUSDT,short,SHORT_REVERSAL,rule,Rule_Reject,impossible_reject,1,0.9106,False,
2026-06-01 04:00:00,EPICUSDT,short,SHORT_CONTINUATION,rule,Rule_Reject,impossible_reject,1,0.3337,False,
2026-06-01 06:00:00,STGUSDT,long,LONG_BREAKOUT,rule,Rule_Reject,impossible_reject,1,0.8785,False,
2026-06-01 06:00:00,LABUSDT,long,LONG_REVERSAL,rule,Rule_Reject,impossible_reject,1,0.4203,False,
2026-06-01 06:00:00,MYXUSDT,long,LONG_REVERSAL,rule,Rule_Reject,impossible_reject,1,0.7727,False,
2026-06-01 06:00:00,LQTYUSDT,long,UNLABELED,rule,Pattern_Reject,impossible_reject,2,0.7588,False,
2026-06-01 06:00:00,HYPEUSDT,long,LONG_BREAKOUT,rule,Rule_Reject,impossible_reject,1,0.6573,False,
2026-06-01 06:00:00,FETUSDT,short,SHORT_REVERSAL,rule,Rule_Reject,impossible_reject,1,0.7173,False,
2026-06-01 06:00:00,INITUSDT,short,SHORT_REVERSAL,rule,Rule_Reject,impossible_reject,1,0.5858,False,
2026-06-01 06:00:00,ALLOUSDT,short,SHORT_BREAKDOWN,rule,Rule_Reject,impossible_reject,1,0.6908,False,
2026-06-01 06:00:00,UBUSDT,short,SHORT_REVERSAL,rule,Rule_Reject,impossible_reject,1,0.349,False,
2026-06-01 06:00:00,BSBUSDT,short,SHORT_BREAKDOWN,rule,Rule_Reject,impossible_reject,1,0.6077,False,
2026-06-01 08:00:00,LABUSDT,long,LONG_BREAKOUT,rule,Rule_Reject,impossible_reject,1,0.4691,False,
2026-06-01 08:00:00,AIAUSDT,long,LONG_BREAKOUT,rule,Rule_Reject,impossible_reject,1,0.3549,False,
2026-06-01 08:00:00,SYRUPUSDT,long,UNLABELED,rule,Pattern_Reject,impossible_reject,2,0.2994,False,
2026-06-01 08:00:00,HUSDT,long,SHORT_REVERSAL,rule,Rule_Reject,impossible_reject,1,1.0,False,
2026-06-01 08:00:00,ACUUSDT,long,LONG_BREAKOUT,rule,Rule_Reject,impossible_reject,1,1.0,False,
2026-06-01 08:00:00,LITUSDT,short,SHORT_REVERSAL,rule,Rule_Reject,impossible_reject,1,0.9414,False,
2026-06-01 08:00:00,STGUSDT,short,LONG_REVERSAL,rule,Rule_Reject,impossible_reject,1,0.89,False,
2026-06-01 08:00:00,GRASSUSDT,short,SHORT_REVERSAL,rule,Rule_Reject,impossible_reject,1,1.0,False,
2026-06-01 08:00:00,BSBUSDT,short,SHORT_BREAKDOWN,rule,Rule_Reject,impossible_reject,1,0.4564,False,
2026-06-01 08:00:00,SKYAIUSDT,short,SHORT_BREAKDOWN,rule,Rule_Reject,impossible_reject,1,0.4601,False,
2026-06-01 10:00:00,HUSDT,long,LONG_BREAKOUT,rule,PASS,pass,0,1.0,True,
2026-06-01 10:00:00,FFUSDT,long,LONG_BREAKOUT,rule,Rule_Reject,medium_reject,1,0.6707,False,
2026-06-01 10:00:00,PLAYUSDT,long,LONG_BREAKOUT,rule,Rule_Reject,impossible_reject,1,0.7992,False,
2026-06-01 10:00:00,STARUSDT,long,SHORT_REVERSAL,rule,Rule_Reject,impossible_reject,1,1.0,False,
2026-06-01 10:00:00,COLLECTUSDT,long,LONG_BREAKOUT,rule,Rule_Reject,impossible_reject,1,0.5431,False,
2026-06-01 10:00:00,LABUSDT,short,SHORT_CONTINUATION,rule,PASS,pass,0,1.0,True,
2026-06-01 10:00:00,UBUSDT,short,SHORT_BREAKDOWN,rule,Rule_Reject,medium_reject,1,1.0,False,
2026-06-01 10:00:00,STGUSDT,short,SHORT_BREAKDOWN,rule,Rule_Reject,medium_reject,1,1.0,False,
2026-06-01 10:00:00,PUNDIXUSDT,short,SHORT_REVERSAL,rule,Rule_Reject,impossible_reject,1,0.9597,False,
2026-06-01 10:00:00,ALLOUSDT,short,SHORT_REVERSAL,rule,Rule_Reject,impossible_reject,1,0.8142,False,
2026-06-01 10:00:00,HUSDT,long,LONG_BREAKOUT,portfolio,PASS,,,,True,75.41
2026-06-01 10:00:00,LABUSDT,short,SHORT_CONTINUATION,portfolio,PASS,,,,True,81.04
2026-06-01 12:00:00,CLOUSDT,long,LONG_CONTINUATION,rule,Rule_Reject,impossible_reject,1,0.3705,False,
2026-06-01 12:00:00,STGUSDT,long,LONG_BREAKOUT,rule,Rule_Reject,impossible_reject,1,0.2655,False,
2026-06-01 12:00:00,WLDUSDT,long,LONG_REVERSAL,rule,Rule_Reject,impossible_reject,1,1.0,False,
2026-06-01 12:00:00,USELESSUSDT,long,LONG_REVERSAL,rule,Rule_Reject,impossible_reject,1,0.6401,False,
2026-06-01 12:00:00,ORDIUSDT,long,LONG_BREAKOUT,rule,Rule_Reject,impossible_reject,1,0.7437,False,
2026-06-01 12:00:00,PLAYUSDT,short,SHORT_REVERSAL,rule,Rule_Reject,impossible_reject,1,1.0,False,
2026-06-01 12:00:00,HUSDT,short,UNLABELED,rule,Pattern_Reject,impossible_reject,1,1.0,False,
2026-06-01 12:00:00,ICNTUSDT,short,SHORT_REVERSAL,rule,Rule_Reject,impossible_reject,1,0.4306,False,
2026-06-01 12:00:00,FFUSDT,short,LONG_REVERSAL,rule,Rule_Reject,impossible_reject,1,1.0,False,
2026-06-01 12:00:00,COLLECTUSDT,short,SHORT_REVERSAL,rule,Rule_Reject,impossible_reject,1,0.8148,False,
2026-06-01 14:00:00,EPICUSDT,long,LONG_REVERSAL,rule,Rule_Reject,impossible_reject,1,0.8656,False,
2026-06-01 14:00:00,GUAUSDT,long,LONG_REVERSAL,rule,Rule_Reject,impossible_reject,1,0.4023,False,
2026-06-01 14:00:00,PLAYUSDT,long,LONG_REVERSAL,rule,Rule_Reject,impossible_reject,1,1.0,False,
2026-06-01 14:00:00,BANUSDT,long,LONG_REVERSAL,rule,Rule_Reject,impossible_reject,1,0.8014,False,
2026-06-01 14:00:00,LABUSDT,long,UNLABELED,rule,Pattern_Reject,impossible_reject,2,0.2992,False,
2026-06-01 14:00:00,HUSDT,short,SHORT_REVERSAL,rule,Rule_Reject,impossible_reject,1,1.0,False,
2026-06-01 14:00:00,AIAUSDT,short,SHORT_REVERSAL,rule,Rule_Reject,impossible_reject,1,1.0,False,
2026-06-01 14:00:00,BEATUSDT,short,SHORT_REVERSAL,rule,Rule_Reject,impossible_reject,1,1.0,False,
2026-06-01 14:00:00,SPORTFUNUSDT,short,SHORT_REVERSAL,rule,Rule_Reject,impossible_reject,1,0.4818,False,
2026-06-01 14:00:00,EDENUSDT,short,SHORT_CONTINUATION,rule,Rule_Reject,impossible_reject,1,0.4255,False,
2026-06-01 16:00:00,AERGOUSDT,long,LONG_BREAKOUT,rule,Rule_Reject,medium_reject,1,0.7829,False,
2026-06-01 16:00:00,LABUSDT,long,LONG_BREAKOUT,rule,Rule_Reject,impossible_reject,1,1.0,False,
2026-06-01 16:00:00,EPICUSDT,long,LONG_BREAKOUT,rule,Rule_Reject,impossible_reject,1,1.0,False,
2026-06-01 16:00:00,MYXUSDT,long,LONG_REVERSAL,rule,Rule_Reject,impossible_reject,1,0.5915,False,
2026-06-01 16:00:00,币安人生USDT,long,LONG_CONTINUATION,rule,Rule_Reject,impossible_reject,1,0.3842,False,
2026-06-01 16:00:00,VICUSDT,short,UNLABELED,rule,Pattern_Reject,impossible_reject,1,1.0,False,
2026-06-01 16:00:00,ACUUSDT,short,UNLABELED,rule,Pattern_Reject,impossible_reject,1,0.3317,False,
2026-06-01 16:00:00,WALUSDT,short,SHORT_REVERSAL,rule,Rule_Reject,impossible_reject,1,1.0,False,
2026-06-01 16:00:00,XLMUSDT,short,SHORT_REVERSAL,rule,Rule_Reject,impossible_reject,1,0.7795,False,
2026-06-01 16:00:00,HUSDT,short,UNLABELED,rule,Pattern_Reject,impossible_reject,1,1.0,False,
2026-06-01 18:00:00,LABUSDT,long,LONG_BREAKOUT,rule,PASS,pass,0,0.8988,True,
2026-06-01 18:00:00,CLOUSDT,long,LONG_BREAKOUT,rule,Rule_Reject,impossible_reject,1,1.0,False,
2026-06-01 18:00:00,EPICUSDT,long,LONG_REVERSAL,rule,Rule_Reject,impossible_reject,1,0.8903,False,
2026-06-01 18:00:00,HUSDT,long,LONG_BREAKOUT,rule,Rule_Reject,impossible_reject,1,1.0,False,
2026-06-01 18:00:00,JTOUSDT,long,LONG_REVERSAL,rule,Rule_Reject,impossible_reject,1,0.4007,False,
2026-06-01 18:00:00,币安人生USDT,short,UNLABELED,rule,Pattern_Reject,impossible_reject,1,1.0,False,
2026-06-01 18:00:00,BANUSDT,short,UNLABELED,rule,Pattern_Reject,impossible_reject,1,0.6444,False,
2026-06-01 18:00:00,PHAROSUSDT,short,SHORT_REVERSAL,rule,Rule_Reject,impossible_reject,1,0.4539,False,
2026-06-01 18:00:00,AIOTUSDT,short,SHORT_REVERSAL,rule,Rule_Reject,impossible_reject,1,0.7546,False,
2026-06-01 18:00:00,INITUSDT,short,UNLABELED,rule,Pattern_Reject,impossible_reject,1,1.0,False,
2026-06-01 18:00:00,LABUSDT,long,LONG_BREAKOUT,portfolio,PASS,,,,True,71.02
2026-06-01 20:00:00,MYXUSDT,long,LONG_CONTINUATION,rule,Rule_Reject,impossible_reject,1,0.3006,False,
2026-06-01 20:00:00,SIRENUSDT,long,LONG_REVERSAL,rule,Rule_Reject,impossible_reject,1,0.3181,False,
2026-06-01 20:00:00,币安人生USDT,long,LONG_REVERSAL,rule,Rule_Reject,impossible_reject,1,1.0,False,
2026-06-01 20:00:00,BUSDT,long,LONG_BREAKOUT,rule,Rule_Reject,impossible_reject,1,0.3009,False,
2026-06-01 20:00:00,AERGOUSDT,long,UNLABELED,rule,Pattern_Reject,impossible_reject,2,0.6515,False,
2026-06-01 20:00:00,HEIUSDT,short,SHORT_REVERSAL,rule,Rule_Reject,impossible_reject,1,1.0,False,
2026-06-01 20:00:00,LABUSDT,short,UNLABELED,rule,Pattern_Reject,impossible_reject,1,1.0,False,
2026-06-01 20:00:00,FFUSDT,short,SHORT_CONTINUATION,rule,Rule_Reject,impossible_reject,1,0.506,False,
2026-06-01 20:00:00,INITUSDT,short,SHORT_BREAKDOWN,rule,Rule_Reject,impossible_reject,1,1.0,False,
2026-06-01 20:00:00,MOVRUSDT,short,SHORT_BREAKDOWN,rule,Rule_Reject,impossible_reject,1,1.0,False,
2026-06-01 22:00:00,SIRENUSDT,long,LONG_REVERSAL,rule,Rule_Reject,impossible_reject,1,0.4789,False,
2026-06-01 22:00:00,EPICUSDT,long,UNLABELED,rule,Pattern_Reject,impossible_reject,2,1.0,False,
2026-06-01 22:00:00,SKYAIUSDT,long,LONG_BREAKOUT,rule,Rule_Reject,impossible_reject,1,0.6404,False,
2026-06-01 22:00:00,HEIUSDT,long,LONG_REVERSAL,rule,Rule_Reject,impossible_reject,1,1.0,False,
2026-06-01 22:00:00,BANUSDT,long,LONG_CONTINUATION,rule,Rule_Reject,impossible_reject,1,0.2558,False,
2026-06-01 22:00:00,VICUSDT,short,SHORT_REVERSAL,rule,PASS,pass,0,1.0,True,
2026-06-01 22:00:00,CLOUSDT,short,SHORT_REVERSAL,rule,Rule_Reject,impossible_reject,1,0.9832,False,
2026-06-01 22:00:00,LABUSDT,short,SHORT_REVERSAL,rule,Rule_Reject,impossible_reject,1,1.0,False,
2026-06-01 22:00:00,XLMUSDT,short,SHORT_REVERSAL,rule,Rule_Reject,impossible_reject,1,0.557,False,
2026-06-01 22:00:00,ACUUSDT,short,SHORT_REVERSAL,rule,Rule_Reject,impossible_reject,1,0.3311,False,
2026-06-01 22:00:00,VICUSDT,short,SHORT_REVERSAL,portfolio,PASS,,,,True,61.37
2026-06-02 00:00:00,TONUSDT,long,LONG_REVERSAL,rule,Rule_Reject,impossible_reject,1,0.4874,False,
2026-06-02 00:00:00,PIEVERSEUSDT,long,LONG_BREAKOUT,rule,Rule_Reject,impossible_reject,1,1.0,False,
2026-06-02 00:00:00,PARTIUSDT,long,LONG_BREAKOUT,rule,Rule_Reject,impossible_reject,1,0.5983,False,
2026-06-02 00:00:00,JTOUSDT,long,LONG_CONTINUATION,rule,Rule_Reject,impossible_reject,1,0.3468,False,
2026-06-02 00:00:00,LABUSDT,long,LONG_BREAKOUT,rule,Rule_Reject,impossible_reject,1,1.0,False,
2026-06-02 00:00:00,HUSDT,short,SHORT_BREAKDOWN,rule,PASS,pass,0,1.0,True,
2026-06-02 00:00:00,VICUSDT,short,SHORT_CONTINUATION,rule,Rule_Reject,impossible_reject,1,0.4462,False,
2026-06-02 00:00:00,ARCUSDT,short,SHORT_BREAKDOWN,rule,Rule_Reject,impossible_reject,1,0.7769,False,
2026-06-02 00:00:00,AERGOUSDT,short,SHORT_REVERSAL,rule,Rule_Reject,impossible_reject,1,0.8249,False,
2026-06-02 00:00:00,HOMEUSDT,short,UNLABELED,rule,Pattern_Reject,impossible_reject,1,1.0,False,
2026-06-02 00:00:00,HUSDT,short,SHORT_BREAKDOWN,portfolio,Replacement,,,,True,69.54
2026-06-02 02:00:00,VICUSDT,long,LONG_REVERSAL,rule,Rule_Reject,impossible_reject,1,1.0,False,
2026-06-02 02:00:00,MUSDT,long,LONG_BREAKOUT,rule,Rule_Reject,impossible_reject,1,0.6687,False,
2026-06-02 02:00:00,STGUSDT,long,LONG_CONTINUATION,rule,Rule_Reject,impossible_reject,1,0.6893,False,
2026-06-02 02:00:00,BILLUSDT,long,LONG_REVERSAL,rule,Rule_Reject,impossible_reject,1,0.4201,False,
2026-06-02 02:00:00,OPGUSDT,long,LONG_BREAKOUT,rule,Rule_Reject,impossible_reject,1,0.9165,False,
2026-06-02 02:00:00,GUAUSDT,short,SHORT_BREAKDOWN,rule,PASS,pass,0,1.0,True,
2026-06-02 02:00:00,TONUSDT,short,SHORT_REVERSAL,rule,Rule_Reject,impossible_reject,1,1.0,False,
2026-06-02 02:00:00,SKYAIUSDT,short,SHORT_CONTINUATION,rule,Rule_Reject,impossible_reject,1,0.8907,False,
2026-06-02 02:00:00,PIEVERSEUSDT,short,UNLABELED,rule,Pattern_Reject,impossible_reject,1,1.0,False,
2026-06-02 02:00:00,TAUSDT,short,UNLABELED,rule,Pattern_Reject,impossible_reject,1,1.0,False,
2026-06-02 02:00:00,GUAUSDT,short,SHORT_BREAKDOWN,portfolio,Low_Score,,,,True,72.68
2026-06-02 04:00:00,ESPORTSUSDT,long,LONG_REVERSAL,rule,Rule_Reject,medium_reject,1,1.0,False,
2026-06-02 04:00:00,PLAYUSDT,long,LONG_BREAKOUT,rule,Rule_Reject,impossible_reject,1,0.8834,False,
2026-06-02 04:00:00,RIFUSDT,long,LONG_CONTINUATION,rule,Rule_Reject,impossible_reject,1,0.7857,False,
2026-06-02 04:00:00,PIEVERSEUSDT,long,LONG_REVERSAL,rule,Rule_Reject,impossible_reject,1,0.8297,False,
2026-06-02 04:00:00,RENDERUSDT,long,LONG_REVERSAL,rule,Rule_Reject,impossible_reject,1,0.6759,False,
2026-06-02 04:00:00,VICUSDT,short,SHORT_BREAKDOWN,rule,Rule_Reject,impossible_reject,1,0.9062,False,
2026-06-02 04:00:00,SIRENUSDT,short,SHORT_BREAKDOWN,rule,Rule_Reject,impossible_reject,1,0.3602,False,
2026-06-02 04:00:00,STGUSDT,short,UNLABELED,rule,Pattern_Reject,impossible_reject,1,0.2802,False,
2026-06-02 04:00:00,JELLYJELLYUSDT,short,SHORT_CONTINUATION,rule,Rule_Reject,impossible_reject,1,0.4002,False,
2026-06-02 04:00:00,LQTYUSDT,short,SHORT_REVERSAL,rule,Rule_Reject,impossible_reject,1,0.7209,False,
2026-06-02 06:00:00,LABUSDT,long,LONG_REVERSAL,rule,Rule_Reject,impossible_reject,1,0.4331,False,
2026-06-02 06:00:00,MYXUSDT,long,LONG_CONTINUATION,rule,Rule_Reject,impossible_reject,1,0.2871,False,
2026-06-02 06:00:00,EPICUSDT,long,LONG_BREAKOUT,rule,Rule_Reject,impossible_reject,1,0.3343,False,
2026-06-02 06:00:00,PARTIUSDT,long,LONG_REVERSAL,rule,Rule_Reject,impossible_reject,1,0.6001,False,
2026-06-02 06:00:00,WLDUSDT,long,LONG_REVERSAL,rule,Rule_Reject,impossible_reject,1,0.5305,False,
2026-06-02 06:00:00,ESPORTSUSDT,short,SHORT_BREAKDOWN,rule,Rule_Reject,impossible_reject,1,0.4033,False,
2026-06-02 06:00:00,PENDLEUSDT,short,SHORT_REVERSAL,rule,Rule_Reject,impossible_reject,1,0.5428,False,
2026-06-02 06:00:00,PIEVERSEUSDT,short,SHORT_REVERSAL,rule,Rule_Reject,impossible_reject,1,1.0,False,
2026-06-02 06:00:00,INJUSDT,short,SHORT_BREAKDOWN,rule,Rule_Reject,impossible_reject,1,0.8801,False,
2026-06-02 06:00:00,VICUSDT,short,SHORT_REVERSAL,rule,Rule_Reject,impossible_reject,1,0.2205,False,
2026-06-02 08:00:00,ESPORTSUSDT,long,UNLABELED,rule,Pattern_Reject,impossible_reject,2,0.5499,False,
2026-06-02 08:00:00,ORDIUSDT,long,LONG_BREAKOUT,rule,Rule_Reject,impossible_reject,1,0.7083,False,
2026-06-02 08:00:00,PLAYUSDT,long,LONG_REVERSAL,rule,Rule_Reject,impossible_reject,1,1.0,False,
2026-06-02 08:00:00,ONUSDT,long,LONG_BREAKOUT,rule,Rule_Reject,impossible_reject,1,0.5066,False,
2026-06-02 08:00:00,AIAUSDT,long,LONG_REVERSAL,rule,Rule_Reject,impossible_reject,1,0.1826,False,
2026-06-02 08:00:00,HOMEUSDT,short,SHORT_CONTINUATION,rule,Rule_Reject,impossible_reject,1,0.5588,False,
2026-06-02 08:00:00,VICUSDT,short,SHORT_REVERSAL,rule,Rule_Reject,impossible_reject,1,0.5347,False,
2026-06-02 08:00:00,EPICUSDT,short,SHORT_REVERSAL,rule,Rule_Reject,impossible_reject,1,0.9035,False,
2026-06-02 08:00:00,ALLOUSDT,short,SHORT_REVERSAL,rule,Rule_Reject,impossible_reject,1,0.3686,False,
2026-06-02 08:00:00,MYXUSDT,short,SHORT_REVERSAL,rule,Rule_Reject,impossible_reject,1,1.0,False,
2026-06-02 10:00:00,HIVEUSDT,long,LONG_REVERSAL,rule,Rule_Reject,impossible_reject,1,1.0,False,
2026-06-02 10:00:00,SKYAIUSDT,long,UNLABELED,rule,Pattern_Reject,impossible_reject,2,0.4247,False,
2026-06-02 10:00:00,CLOUSDT,long,LONG_REVERSAL,rule,Rule_Reject,impossible_reject,1,0.5911,False,
2026-06-02 10:00:00,TRADOORUSDT,long,LONG_CONTINUATION,rule,Rule_Reject,impossible_reject,1,0.4634,False,
2026-06-02 10:00:00,TAUSDT,long,LONG_BREAKOUT,rule,Rule_Reject,impossible_reject,1,0.5887,False,
2026-06-02 10:00:00,ESPORTSUSDT,short,SHORT_REVERSAL,rule,PASS,pass,0,1.0,True,
2026-06-02 10:00:00,STGUSDT,short,SHORT_REVERSAL,rule,Rule_Reject,medium_reject,1,1.0,False,
2026-06-02 10:00:00,MYXUSDT,short,UNLABELED,rule,Pattern_Reject,medium_reject,1,1.0,False,
2026-06-02 10:00:00,OPNUSDT,short,SHORT_BREAKDOWN,rule,Rule_Reject,impossible_reject,1,0.8479,False,
2026-06-02 10:00:00,BUSDT,short,SHORT_CONTINUATION,rule,Rule_Reject,impossible_reject,1,0.627,False,
2026-06-02 10:00:00,ESPORTSUSDT,short,SHORT_REVERSAL,portfolio,Low_Score,,,,True,70.72
2026-06-02 12:00:00,SKYAIUSDT,long,LONG_BREAKOUT,rule,Rule_Reject,near_pass,1,1.0,False,
2026-06-02 12:00:00,LABUSDT,long,LONG_BREAKOUT,rule,Rule_Reject,impossible_reject,1,1.0,False,
2026-06-02 12:00:00,LITUSDT,long,LONG_BREAKOUT,rule,Rule_Reject,impossible_reject,1,0.9203,False,
2026-06-02 12:00:00,WLDUSDT,long,LONG_CONTINUATION,rule,Rule_Reject,impossible_reject,1,0.3661,False,
2026-06-02 12:00:00,RIFUSDT,long,LONG_REVERSAL,rule,Rule_Reject,impossible_reject,1,0.7725,False,
2026-06-02 12:00:00,VICUSDT,short,SHORT_BREAKDOWN,rule,Rule_Reject,impossible_reject,1,0.7576,False,
2026-06-02 12:00:00,PIEVERSEUSDT,short,SHORT_REVERSAL,rule,Rule_Reject,impossible_reject,1,1.0,False,
2026-06-02 12:00:00,HIVEUSDT,short,SHORT_REVERSAL,rule,Rule_Reject,impossible_reject,1,0.438,False,
2026-06-02 12:00:00,AERGOUSDT,short,SHORT_CONTINUATION,rule,Rule_Reject,impossible_reject,1,0.3939,False,
2026-06-02 12:00:00,HUSDT,short,SHORT_REVERSAL,rule,Rule_Reject,impossible_reject,1,1.0,False,
2026-06-02 14:00:00,SKYAIUSDT,long,LONG_REVERSAL,rule,Rule_Reject,medium_reject,1,1.0,False,
2026-06-02 14:00:00,CLOUSDT,long,LONG_BREAKOUT,rule,Rule_Reject,impossible_reject,1,0.9835,False,
2026-06-02 14:00:00,EPICUSDT,long,LONG_REVERSAL,rule,Rule_Reject,impossible_reject,1,1.0,False,
2026-06-02 14:00:00,AIAUSDT,long,LONG_REVERSAL,rule,Rule_Reject,impossible_reject,1,0.4182,False,
2026-06-02 14:00:00,PRLUSDT,long,LONG_BREAKOUT,rule,Rule_Reject,impossible_reject,1,0.7947,False,
2026-06-02 14:00:00,STGUSDT,short,SHORT_CONTINUATION,rule,Rule_Reject,impossible_reject,1,1.0,False,
2026-06-02 14:00:00,ESPORTSUSDT,short,SHORT_CONTINUATION,rule,Rule_Reject,impossible_reject,1,1.0,False,
2026-06-02 14:00:00,PARTIUSDT,short,UNLABELED,rule,Pattern_Reject,impossible_reject,1,1.0,False,
2026-06-02 14:00:00,ICNTUSDT,short,SHORT_REVERSAL,rule,Rule_Reject,impossible_reject,1,0.4185,False,
2026-06-02 14:00:00,NEARUSDT,short,SHORT_BREAKDOWN,rule,Rule_Reject,impossible_reject,1,0.8699,False,
2026-06-02 16:00:00,NILUSDT,long,UNLABELED,rule,Pattern_Reject,impossible_reject,2,0.3051,False,
2026-06-02 16:00:00,JTOUSDT,long,LONG_CONTINUATION,rule,Rule_Reject,impossible_reject,1,0.2755,False,
2026-06-02 16:00:00,USELESSUSDT,long,UNLABELED,rule,Pattern_Reject,impossible_reject,2,0.3976,False,
2026-06-02 16:00:00,RIFUSDT,long,LONG_BREAKOUT,rule,Rule_Reject,impossible_reject,1,0.3882,False,
2026-06-02 16:00:00,GUAUSDT,long,LONG_REVERSAL,rule,Rule_Reject,impossible_reject,1,1.0,False,
2026-06-02 16:00:00,SKYAIUSDT,short,SHORT_REVERSAL,rule,PASS,pass,0,1.0,True,
2026-06-02 16:00:00,WLDUSDT,short,SHORT_BREAKDOWN,rule,Rule_Reject,impossible_reject,1,0.271,False,
2026-06-02 16:00:00,HUSDT,short,UNLABELED,rule,Pattern_Reject,impossible_reject,1,0.6839,False,
2026-06-02 16:00:00,PARTIUSDT,short,SHORT_CONTINUATION,rule,Rule_Reject,impossible_reject,1,1.0,False,
2026-06-02 16:00:00,OPGUSDT,short,SHORT_REVERSAL,rule,Rule_Reject,impossible_reject,1,0.4,False,
2026-06-02 16:00:00,SKYAIUSDT,short,SHORT_REVERSAL,portfolio,Low_Score,,,,True,73.13
2026-06-02 18:00:00,EPICUSDT,long,LONG_BREAKOUT,rule,Rule_Reject,impossible_reject,1,1.0,False,
2026-06-02 18:00:00,PARTIUSDT,long,LONG_REVERSAL,rule,Rule_Reject,impossible_reject,1,0.5826,False,
2026-06-02 18:00:00,LABUSDT,long,LONG_BREAKOUT,rule,Rule_Reject,impossible_reject,1,0.3399,False,
2026-06-02 18:00:00,PIEVERSEUSDT,long,LONG_REVERSAL,rule,Rule_Reject,impossible_reject,1,1.0,False,
2026-06-02 18:00:00,AIOUSDT,long,LONG_BREAKOUT,rule,Rule_Reject,impossible_reject,1,0.5581,False,
2026-06-02 18:00:00,SKYAIUSDT,short,SHORT_BREAKDOWN,rule,PASS,pass,0,1.0,True,
2026-06-02 18:00:00,BSBUSDT,short,SHORT_REVERSAL,rule,Rule_Reject,medium_reject,1,0.3749,False,
2026-06-02 18:00:00,CLOUSDT,short,SHORT_REVERSAL,rule,Rule_Reject,impossible_reject,1,0.7186,False,
2026-06-02 18:00:00,JTOUSDT,short,SHORT_REVERSAL,rule,Rule_Reject,impossible_reject,1,1.0,False,
2026-06-02 18:00:00,NILUSDT,short,SHORT_REVERSAL,rule,Rule_Reject,impossible_reject,1,0.6583,False,
2026-06-02 18:00:00,SKYAIUSDT,short,SHORT_BREAKDOWN,portfolio,Replacement,,,,True,81.6
2026-06-02 20:00:00,MYXUSDT,long,LONG_BREAKOUT,rule,Rule_Reject,impossible_reject,1,0.7268,False,
2026-06-02 20:00:00,EPICUSDT,long,LONG_BREAKOUT,rule,Rule_Reject,impossible_reject,1,1.0,False,
2026-06-02 20:00:00,QNTUSDT,long,LONG_BREAKOUT,rule,Rule_Reject,impossible_reject,1,0.4229,False,
2026-06-02 20:00:00,USELESSUSDT,long,LONG_BREAKOUT,rule,Rule_Reject,impossible_reject,1,0.1734,False,
2026-06-02 20:00:00,TRADOORUSDT,long,LONG_CONTINUATION,rule,Rule_Reject,impossible_reject,1,0.3613,False,
2026-06-02 20:00:00,HUSDT,short,UNLABELED,rule,Pattern_Reject,medium_reject,1,1.0,False,
2026-06-02 20:00:00,ESPORTSUSDT,short,SHORT_REVERSAL,rule,Rule_Reject,impossible_reject,1,0.3301,False,
2026-06-02 20:00:00,UBUSDT,short,SHORT_REVERSAL,rule,Rule_Reject,impossible_reject,1,0.3923,False,
2026-06-02 20:00:00,BSBUSDT,short,SHORT_REVERSAL,rule,Rule_Reject,impossible_reject,1,0.4642,False,
2026-06-02 20:00:00,AIOUSDT,short,LONG_REVERSAL,rule,Rule_Reject,impossible_reject,1,1.0,False,
2026-06-02 22:00:00,CLOUSDT,long,LONG_REVERSAL,rule,Rule_Reject,impossible_reject,1,0.7412,False,
2026-06-02 22:00:00,SLXUSDT,long,LONG_REVERSAL,rule,Rule_Reject,impossible_reject,1,1.0,False,
2026-06-02 22:00:00,AINUSDT,long,LONG_REVERSAL,rule,Rule_Reject,impossible_reject,1,0.5734,False,
2026-06-02 22:00:00,CYSUSDT,long,LONG_BREAKOUT,rule,Rule_Reject,impossible_reject,1,0.4159,False,
2026-06-02 22:00:00,RIFUSDT,long,LONG_REVERSAL,rule,Rule_Reject,impossible_reject,1,1.0,False,
2026-06-02 22:00:00,BILLUSDT,short,SHORT_BREAKDOWN,rule,Rule_Reject,impossible_reject,1,1.0,False,
2026-06-02 22:00:00,PIEVERSEUSDT,short,SHORT_REVERSAL,rule,Rule_Reject,impossible_reject,1,1.0,False,
2026-06-02 22:00:00,AIAUSDT,short,SHORT_BREAKDOWN,rule,Rule_Reject,impossible_reject,1,0.6746,False,
2026-06-02 22:00:00,UAIUSDT,short,SHORT_CONTINUATION,rule,Rule_Reject,impossible_reject,1,0.7524,False,
2026-06-02 22:00:00,OPGUSDT,short,SHORT_BREAKDOWN,rule,Rule_Reject,impossible_reject,1,0.7593,False,
2026-06-03 00:00:00,ALLOUSDT,long,SHORT_REVERSAL,rule,PASS,pass,0,0.7299,True,
2026-06-03 00:00:00,APRUSDT,long,LONG_BREAKOUT,rule,Rule_Reject,near_pass,1,0.7976,False,
2026-06-03 00:00:00,HOMEUSDT,long,LONG_BREAKOUT,rule,Rule_Reject,impossible_reject,1,1.0,False,
2026-06-03 00:00:00,PIEVERSEUSDT,long,LONG_REVERSAL,rule,Rule_Reject,impossible_reject,1,0.2843,False,
2026-06-03 00:00:00,CROSSUSDT,long,LONG_REVERSAL,rule,Rule_Reject,impossible_reject,1,0.3068,False,
2026-06-03 00:00:00,UBUSDT,short,SHORT_BREAKDOWN,rule,PASS,pass,0,0.9312,True,
2026-06-03 00:00:00,NEARUSDT,short,SHORT_BREAKDOWN,rule,Rule_Reject,impossible_reject,1,0.9294,False,
2026-06-03 00:00:00,EPICUSDT,short,LONG_REVERSAL,rule,Rule_Reject,impossible_reject,1,0.4006,False,
2026-06-03 00:00:00,FETUSDT,short,SHORT_REVERSAL,rule,Rule_Reject,impossible_reject,1,0.3958,False,
2026-06-03 00:00:00,1000LUNCUSDT,short,SHORT_BREAKDOWN,rule,Rule_Reject,impossible_reject,1,0.8025,False,
2026-06-03 00:00:00,ALLOUSDT,long,SHORT_REVERSAL,portfolio,Low_Score,,,,True,66.58
2026-06-03 00:00:00,UBUSDT,short,SHORT_BREAKDOWN,portfolio,Low_Score,,,,True,70.24
2026-06-03 02:00:00,LITUSDT,long,LONG_BREAKOUT,rule,Rule_Reject,medium_reject,1,1.0,False,
2026-06-03 02:00:00,ENAUSDT,long,LONG_REVERSAL,rule,Rule_Reject,impossible_reject,1,1.0,False,
2026-06-03 02:00:00,ONDOUSDT,long,LONG_REVERSAL,rule,Rule_Reject,impossible_reject,1,0.7833,False,
2026-06-03 02:00:00,PIEVERSEUSDT,long,LONG_BREAKOUT,rule,Rule_Reject,impossible_reject,1,1.0,False,
2026-06-03 02:00:00,GENIUSUSDT,long,LONG_BREAKOUT,rule,Rule_Reject,impossible_reject,1,1.0,False,
2026-06-03 02:00:00,EPICUSDT,short,SHORT_REVERSAL,rule,Rule_Reject,impossible_reject,1,0.994,False,
2026-06-03 02:00:00,BEATUSDT,short,SHORT_BREAKDOWN,rule,Rule_Reject,impossible_reject,1,0.7341,False,
2026-06-03 02:00:00,SLXUSDT,short,SHORT_CONTINUATION,rule,Rule_Reject,impossible_reject,1,0.2779,False,
2026-06-03 02:00:00,CLOUSDT,short,SHORT_REVERSAL,rule,Rule_Reject,impossible_reject,1,1.0,False,
2026-06-03 02:00:00,ALLOUSDT,short,SHORT_BREAKDOWN,rule,Rule_Reject,medium_reject,1,1.0,False,
2026-06-03 04:00:00,GENIUSUSDT,long,LONG_REVERSAL,rule,Rule_Reject,impossible_reject,1,1.0,False,
2026-06-03 04:00:00,LABUSDT,long,UNLABELED,rule,Pattern_Reject,impossible_reject,2,1.0,False,
2026-06-03 04:00:00,APRUSDT,long,LONG_BREAKOUT,rule,Rule_Reject,impossible_reject,1,1.0,False,
2026-06-03 04:00:00,ESPORTSUSDT,long,LONG_BREAKOUT,rule,Rule_Reject,impossible_reject,1,0.9051,False,
2026-06-03 04:00:00,CLOUSDT,long,LONG_CONTINUATION,rule,Rule_Reject,impossible_reject,1,0.8956,False,
2026-06-03 04:00:00,PIEVERSEUSDT,short,SHORT_BREAKDOWN,rule,Rule_Reject,impossible_reject,1,0.5952,False,
2026-06-03 04:00:00,ALLOUSDT,short,SHORT_CONTINUATION,rule,Rule_Reject,impossible_reject,1,0.5493,False,
2026-06-03 04:00:00,SYRUPUSDT,short,SHORT_BREAKDOWN,rule,Rule_Reject,impossible_reject,1,0.553,False,
2026-06-03 04:00:00,HYPERUSDT,short,SHORT_CONTINUATION,rule,Rule_Reject,impossible_reject,1,0.4168,False,
2026-06-03 04:00:00,ICNTUSDT,short,SHORT_CONTINUATION,rule,Rule_Reject,impossible_reject,1,0.6556,False,
2026-06-03 06:00:00,GENIUSUSDT,long,LONG_BREAKOUT,rule,Rule_Reject,impossible_reject,1,0.6481,False,
2026-06-03 06:00:00,CLOUSDT,long,UNLABELED,rule,Pattern_Reject,impossible_reject,2,0.441,False,
2026-06-03 06:00:00,CFGUSDT,long,LONG_BREAKOUT,rule,Rule_Reject,impossible_reject,1,0.4078,False,
2026-06-03 06:00:00,AIAUSDT,long,LONG_BREAKOUT,rule,Rule_Reject,impossible_reject,1,0.3218,False,
2026-06-03 06:00:00,币安人生USDT,long,LONG_CONTINUATION,rule,Rule_Reject,impossible_reject,1,0.6372,False,
2026-06-03 06:00:00,LABUSDT,short,UNLABELED,rule,Pattern_Reject,pass,0,0.6817,True,
2026-06-03 06:00:00,ESPORTSUSDT,short,SHORT_REVERSAL,rule,Rule_Reject,impossible_reject,1,0.2886,False,
2026-06-03 06:00:00,APRUSDT,short,UNLABELED,rule,Pattern_Reject,impossible_reject,1,1.0,False,
2026-06-03 06:00:00,STARUSDT,short,SHORT_BREAKDOWN,rule,Rule_Reject,impossible_reject,1,0.4138,False,
2026-06-03 06:00:00,PIEVERSEUSDT,short,SHORT_BREAKDOWN,rule,Rule_Reject,impossible_reject,1,1.0,False,
2026-06-03 06:00:00,LABUSDT,short,UNLABELED,portfolio,Already_Occupied,,,,True,69.87
2026-06-03 06:00:00,LABUSDT,short,UNLABELED,portfolio,Low_Score,,,,True,69.87
2026-06-03 08:00:00,ESPORTSUSDT,long,LONG_REVERSAL,rule,Rule_Reject,medium_reject,1,1.0,False,
2026-06-03 08:00:00,币安人生USDT,long,LONG_CONTINUATION,rule,Rule_Reject,impossible_reject,1,0.3656,False,
2026-06-03 08:00:00,ENAUSDT,long,LONG_REVERSAL,rule,Rule_Reject,impossible_reject,1,0.2814,False,
2026-06-03 08:00:00,B2USDT,long,LONG_REVERSAL,rule,Rule_Reject,impossible_reject,1,0.4956,False,
2026-06-03 08:00:00,LITUSDT,long,LONG_BREAKOUT,rule,Rule_Reject,impossible_reject,1,0.3769,False,
2026-06-03 08:00:00,EDGEUSDT,short,SHORT_BREAKDOWN,rule,Rule_Reject,impossible_reject,1,0.4316,False,
2026-06-03 08:00:00,BSBUSDT,short,LONG_REVERSAL,rule,Rule_Reject,impossible_reject,1,0.9189,False,
2026-06-03 08:00:00,FARTCOINUSDT,short,LONG_REVERSAL,rule,Rule_Reject,impossible_reject,1,0.5954,False,
2026-06-03 08:00:00,OPNUSDT,short,SHORT_BREAKDOWN,rule,Rule_Reject,impossible_reject,1,1.0,False,
2026-06-03 08:00:00,HUSDT,short,SHORT_REVERSAL,rule,Rule_Reject,impossible_reject,1,0.9049,False,
2026-06-03 10:00:00,DEXEUSDT,long,LONG_REVERSAL,rule,PASS,pass,0,0.7298,True,
2026-06-03 10:00:00,GENIUSUSDT,long,LONG_BREAKOUT,rule,Rule_Reject,impossible_reject,1,0.5836,False,
2026-06-03 10:00:00,APRUSDT,long,LONG_REVERSAL,rule,Rule_Reject,impossible_reject,1,0.7578,False,
2026-06-03 10:00:00,SUSHIUSDT,long,LONG_BREAKOUT,rule,Rule_Reject,impossible_reject,1,0.7056,False,
2026-06-03 10:00:00,OPGUSDT,long,LONG_REVERSAL,rule,Rule_Reject,impossible_reject,1,0.2131,False,
2026-06-03 10:00:00,MYXUSDT,short,SHORT_CONTINUATION,rule,Rule_Reject,medium_reject,1,1.0,False,
2026-06-03 10:00:00,SPORTFUNUSDT,short,SHORT_CONTINUATION,rule,Rule_Reject,impossible_reject,1,0.968,False,
2026-06-03 10:00:00,ZKCUSDT,short,SHORT_REVERSAL,rule,Rule_Reject,impossible_reject,1,0.814,False,
2026-06-03 10:00:00,HUSDT,short,SHORT_CONTINUATION,rule,Rule_Reject,impossible_reject,1,0.4736,False,
2026-06-03 10:00:00,ALLOUSDT,short,SHORT_REVERSAL,rule,Rule_Reject,impossible_reject,1,0.4841,False,
2026-06-03 10:00:00,DEXEUSDT,long,LONG_REVERSAL,portfolio,Replacement,,,,True,71.63
2026-06-03 12:00:00,MYXUSDT,long,LONG_BREAKOUT,rule,Rule_Reject,impossible_reject,1,0.7652,False,
2026-06-03 12:00:00,CLOUSDT,long,LONG_BREAKOUT,rule,Rule_Reject,impossible_reject,1,1.0,False,
2026-06-03 12:00:00,AIAUSDT,long,LONG_BREAKOUT,rule,Rule_Reject,impossible_reject,1,0.6633,False,
2026-06-03 12:00:00,SKYAIUSDT,long,LONG_BREAKOUT,rule,Rule_Reject,impossible_reject,1,0.3247,False,
2026-06-03 12:00:00,SLXUSDT,long,LONG_REVERSAL,rule,Rule_Reject,impossible_reject,1,0.3035,False,
2026-06-03 12:00:00,APRUSDT,short,SHORT_REVERSAL,rule,Rule_Reject,impossible_reject,1,1.0,False,
2026-06-03 12:00:00,NXPCUSDT,short,SHORT_BREAKDOWN,rule,Rule_Reject,impossible_reject,1,0.6335,False,
2026-06-03 12:00:00,DEXEUSDT,short,SHORT_CONTINUATION,rule,Rule_Reject,impossible_reject,1,0.3479,False,
2026-06-03 12:00:00,LITUSDT,short,UNLABELED,rule,Pattern_Reject,impossible_reject,1,0.3524,False,
2026-06-03 12:00:00,GUAUSDT,short,UNLABELED,rule,Pattern_Reject,impossible_reject,1,1.0,False,
2026-06-03 14:00:00,CLOUSDT,long,LONG_BREAKOUT,rule,Rule_Reject,impossible_reject,1,1.0,False,
2026-06-03 14:00:00,GENIUSUSDT,long,LONG_REVERSAL,rule,Rule_Reject,impossible_reject,1,1.0,False,
2026-06-03 14:00:00,EIGENUSDT,long,LONG_BREAKOUT,rule,Rule_Reject,impossible_reject,1,0.7996,False,
2026-06-03 14:00:00,ONDOUSDT,long,LONG_BREAKOUT,rule,Rule_Reject,impossible_reject,1,0.9798,False,
2026-06-03 14:00:00,INUSDT,long,LONG_BREAKOUT,rule,Rule_Reject,impossible_reject,1,1.0,False,
2026-06-03 14:00:00,SKYAIUSDT,short,UNLABELED,rule,Pattern_Reject,pass,0,1.0,True,
2026-06-03 14:00:00,APRUSDT,short,SHORT_REVERSAL,rule,Rule_Reject,impossible_reject,1,1.0,False,
2026-06-03 14:00:00,EPICUSDT,short,SHORT_REVERSAL,rule,Rule_Reject,impossible_reject,1,1.0,False,
2026-06-03 14:00:00,ICPUSDT,short,UNLABELED,rule,Pattern_Reject,impossible_reject,1,0.2969,False,
2026-06-03 14:00:00,DEXEUSDT,short,UNLABELED,rule,Pattern_Reject,impossible_reject,1,0.5141,False,
2026-06-03 14:00:00,SKYAIUSDT,short,UNLABELED,portfolio,Already_Occupied,,,,True,72.41
2026-06-03 14:00:00,SKYAIUSDT,short,UNLABELED,portfolio,Low_Score,,,,True,72.41
2026-06-03 16:00:00,MAGMAUSDT,long,SHORT_REVERSAL,rule,PASS,pass,0,1.0,True,
2026-06-03 16:00:00,PLAYUSDT,long,UNLABELED,rule,Pattern_Reject,impossible_reject,2,0.6097,False,
2026-06-03 16:00:00,WLDUSDT,long,LONG_REVERSAL,rule,Rule_Reject,impossible_reject,1,1.0,False,
2026-06-03 16:00:00,CROSSUSDT,long,SHORT_REVERSAL,rule,Rule_Reject,impossible_reject,1,0.7669,False,
2026-06-03 16:00:00,ARKMUSDT,long,LONG_REVERSAL,rule,Rule_Reject,impossible_reject,1,0.387,False,
2026-06-03 16:00:00,SKYAIUSDT,short,SHORT_REVERSAL,rule,Rule_Reject,medium_reject,1,1.0,False,
2026-06-03 16:00:00,CLOUSDT,short,SHORT_REVERSAL,rule,Rule_Reject,medium_reject,1,0.6148,False,
2026-06-03 16:00:00,AIAUSDT,short,UNLABELED,rule,Pattern_Reject,impossible_reject,1,1.0,False,
2026-06-03 16:00:00,MYXUSDT,short,SHORT_REVERSAL,rule,Rule_Reject,impossible_reject,1,0.5493,False,
2026-06-03 16:00:00,BEATUSDT,short,UNLABELED,rule,Pattern_Reject,impossible_reject,1,0.7602,False,
2026-06-03 16:00:00,MAGMAUSDT,long,SHORT_REVERSAL,portfolio,Low_Score,,,,True,61.66
2026-06-03 18:00:00,VICUSDT,long,LONG_REVERSAL,rule,PASS,pass,0,0.668,True,
2026-06-03 18:00:00,BRUSDT,long,UNLABELED,rule,Pattern_Reject,impossible_reject,2,0.7885,False,
2026-06-03 18:00:00,GUAUSDT,long,LONG_REVERSAL,rule,Rule_Reject,impossible_reject,1,0.5444,False,
2026-06-03 18:00:00,EPICUSDT,long,LONG_BREAKOUT,rule,Rule_Reject,impossible_reject,1,1.0,False,
2026-06-03 18:00:00,CFGUSDT,long,LONG_BREAKOUT,rule,Rule_Reject,impossible_reject,1,0.4211,False,
2026-06-03 18:00:00,CLOUSDT,short,SHORT_REVERSAL,rule,Rule_Reject,impossible_reject,1,1.0,False,
2026-06-03 18:00:00,GENIUSUSDT,short,UNLABELED,rule,Pattern_Reject,impossible_reject,1,0.3729,False,
2026-06-03 18:00:00,PLAYUSDT,short,SHORT_CONTINUATION,rule,Rule_Reject,medium_reject,1,1.0,False,
2026-06-03 18:00:00,ICNTUSDT,short,SHORT_BREAKDOWN,rule,Rule_Reject,impossible_reject,1,0.5818,False,
2026-06-03 18:00:00,BSBUSDT,short,SHORT_REVERSAL,rule,Rule_Reject,impossible_reject,1,0.471,False,
2026-06-03 18:00:00,VICUSDT,long,LONG_REVERSAL,portfolio,Low_Score,,,,True,65.45
2026-06-03 20:00:00,PROMUSDT,long,LONG_REVERSAL,rule,Rule_Reject,medium_reject,1,1.0,False,
2026-06-03 20:00:00,RAVEUSDT,long,LONG_REVERSAL,rule,Rule_Reject,impossible_reject,1,0.9548,False,
2026-06-03 20:00:00,ARUSDT,long,LONG_BREAKOUT,rule,Rule_Reject,impossible_reject,1,0.7595,False,
2026-06-03 20:00:00,HEIUSDT,long,LONG_BREAKOUT,rule,Rule_Reject,impossible_reject,1,1.0,False,
2026-06-03 20:00:00,FILUSDT,long,LONG_BREAKOUT,rule,Rule_Reject,impossible_reject,1,1.0,False,
2026-06-03 20:00:00,EPICUSDT,short,SHORT_REVERSAL,rule,PASS,pass,0,1.0,True,
2026-06-03 20:00:00,VICUSDT,short,SHORT_REVERSAL,rule,Rule_Reject,impossible_reject,1,1.0,False,
2026-06-03 20:00:00,CLOUSDT,short,SHORT_REVERSAL,rule,Rule_Reject,impossible_reject,1,0.7829,False,
2026-06-03 20:00:00,WLDUSDT,short,UNLABELED,rule,Pattern_Reject,impossible_reject,1,1.0,False,
2026-06-03 20:00:00,MYXUSDT,short,LONG_REVERSAL,rule,Rule_Reject,impossible_reject,1,0.7699,False,
2026-06-03 20:00:00,EPICUSDT,short,SHORT_REVERSAL,portfolio,Low_Score,,,,True,69.58
2026-06-03 22:00:00,GRASSUSDT,long,LONG_BREAKOUT,rule,Rule_Reject,impossible_reject,1,0.9928,False,
2026-06-03 22:00:00,WLDUSDT,long,LONG_BREAKOUT,rule,Rule_Reject,impossible_reject,1,0.7025,False,
2026-06-03 22:00:00,USELESSUSDT,long,LONG_REVERSAL,rule,Rule_Reject,impossible_reject,1,0.4784,False,
2026-06-03 22:00:00,ENAUSDT,long,LONG_BREAKOUT,rule,Rule_Reject,impossible_reject,1,1.0,False,
2026-06-03 22:00:00,GUAUSDT,long,LONG_BREAKOUT,rule,Rule_Reject,impossible_reject,1,0.5466,False,
2026-06-03 22:00:00,PLAYUSDT,short,SHORT_CONTINUATION,rule,PASS,pass,0,0.7311,True,
2026-06-03 22:00:00,VICUSDT,short,SHORT_REVERSAL,rule,Rule_Reject,impossible_reject,1,0.3851,False,
2026-06-03 22:00:00,HEIUSDT,short,SHORT_REVERSAL,rule,Rule_Reject,impossible_reject,1,0.9985,False,
2026-06-03 22:00:00,CUSDT,short,SHORT_BREAKDOWN,rule,Rule_Reject,impossible_reject,1,0.6406,False,
2026-06-03 22:00:00,CROSSUSDT,short,SHORT_BREAKDOWN,rule,Rule_Reject,impossible_reject,1,0.3419,False,
2026-06-03 22:00:00,PLAYUSDT,short,SHORT_CONTINUATION,portfolio,Low_Score,,,,True,73.06
2026-06-04 00:00:00,OPNUSDT,long,LONG_BREAKOUT,rule,PASS,pass,0,1.0,True,
2026-06-04 00:00:00,XPLUSDT,long,LONG_BREAKOUT,rule,Rule_Reject,impossible_reject,1,0.6425,False,
2026-06-04 00:00:00,MAGMAUSDT,long,LONG_BREAKOUT,rule,Rule_Reject,impossible_reject,1,0.9144,False,
2026-06-04 00:00:00,CLOUSDT,long,LONG_CONTINUATION,rule,Rule_Reject,impossible_reject,1,0.5758,False,
2026-06-04 00:00:00,ICNTUSDT,long,LONG_REVERSAL,rule,Rule_Reject,impossible_reject,1,0.3292,False,
2026-06-04 00:00:00,EPICUSDT,short,SHORT_BREAKDOWN,rule,Rule_Reject,impossible_reject,1,1.0,False,
2026-06-04 00:00:00,EDGEUSDT,short,UNLABELED,rule,Pattern_Reject,impossible_reject,1,1.0,False,
2026-06-04 00:00:00,GRASSUSDT,short,SHORT_REVERSAL,rule,Rule_Reject,impossible_reject,1,1.0,False,
2026-06-04 00:00:00,LITUSDT,short,LONG_REVERSAL,rule,Rule_Reject,impossible_reject,1,0.3093,False,
2026-06-04 00:00:00,VVVUSDT,short,SHORT_REVERSAL,rule,Rule_Reject,impossible_reject,1,0.5635,False,
2026-06-04 00:00:00,OPNUSDT,long,LONG_BREAKOUT,portfolio,Low_Score,,,,True,73.77
2026-06-04 02:00:00,OPNUSDT,long,SHORT_REVERSAL,rule,PASS,pass,0,1.0,True,
2026-06-04 02:00:00,STOUSDT,long,LONG_BREAKOUT,rule,Rule_Reject,medium_reject,1,1.0,False,
2026-06-04 02:00:00,XPLUSDT,long,UNLABELED,rule,Pattern_Reject,impossible_reject,2,0.7363,False,
2026-06-04 02:00:00,PARTIUSDT,long,LONG_BREAKOUT,rule,Rule_Reject,impossible_reject,1,0.9436,False,
2026-06-04 02:00:00,APRUSDT,long,LONG_REVERSAL,rule,Rule_Reject,impossible_reject,1,0.2489,False,
2026-06-04 02:00:00,EDENUSDT,short,UNLABELED,rule,Pattern_Reject,impossible_reject,1,1.0,False,
2026-06-04 02:00:00,EPICUSDT,short,SHORT_REVERSAL,rule,Rule_Reject,impossible_reject,1,0.4847,False,
2026-06-04 02:00:00,WLDUSDT,short,SHORT_REVERSAL,rule,Rule_Reject,impossible_reject,1,1.0,False,
2026-06-04 02:00:00,CLOUSDT,short,LONG_REVERSAL,rule,Rule_Reject,impossible_reject,1,1.0,False,
2026-06-04 02:00:00,IOUSDT,short,SHORT_CONTINUATION,rule,Rule_Reject,impossible_reject,1,0.5404,False,
2026-06-04 02:00:00,OPNUSDT,long,SHORT_REVERSAL,portfolio,Low_Score,,,,True,68.03
2026-06-04 04:00:00,STOUSDT,long,LONG_BREAKOUT,rule,Rule_Reject,impossible_reject,1,1.0,False,
2026-06-04 04:00:00,GWEIUSDT,long,LONG_BREAKOUT,rule,Rule_Reject,impossible_reject,1,0.5904,False,
2026-06-04 04:00:00,PARTIUSDT,long,LONG_BREAKOUT,rule,Rule_Reject,impossible_reject,1,1.0,False,
2026-06-04 04:00:00,BEATUSDT,long,LONG_BREAKOUT,rule,Rule_Reject,impossible_reject,1,0.4019,False,
2026-06-04 04:00:00,RAVEUSDT,long,UNLABELED,rule,Pattern_Reject,impossible_reject,2,0.3019,False,
2026-06-04 04:00:00,LABUSDT,short,LONG_REVERSAL,rule,Rule_Reject,medium_reject,1,1.0,False,
2026-06-04 04:00:00,ALLOUSDT,short,SHORT_CONTINUATION,rule,Rule_Reject,impossible_reject,1,0.6925,False,
2026-06-04 04:00:00,AIAUSDT,short,SHORT_REVERSAL,rule,Rule_Reject,impossible_reject,1,0.5179,False,
2026-06-04 04:00:00,UBUSDT,short,SHORT_REVERSAL,rule,Rule_Reject,impossible_reject,1,0.458,False,
2026-06-04 04:00:00,USELESSUSDT,short,SHORT_REVERSAL,rule,Rule_Reject,impossible_reject,1,0.5135,False,
2026-06-04 06:00:00,OPNUSDT,long,LONG_REVERSAL,rule,Rule_Reject,impossible_reject,1,1.0,False,
2026-06-04 06:00:00,WLDUSDT,long,LONG_REVERSAL,rule,Rule_Reject,impossible_reject,1,1.0,False,
2026-06-04 06:00:00,SUSHIUSDT,long,LONG_CONTINUATION,rule,Rule_Reject,impossible_reject,1,1.0,False,
2026-06-04 06:00:00,IOUSDT,long,LONG_REVERSAL,rule,Rule_Reject,impossible_reject,1,0.8083,False,
2026-06-04 06:00:00,WIFUSDT,long,LONG_REVERSAL,rule,Rule_Reject,impossible_reject,1,0.6725,False,
2026-06-04 06:00:00,STOUSDT,short,SHORT_REVERSAL,rule,PASS,pass,0,0.5444,True,
2026-06-04 06:00:00,BEATUSDT,short,UNLABELED,rule,Pattern_Reject,impossible_reject,1,0.606,False,
2026-06-04 06:00:00,EPICUSDT,short,SHORT_CONTINUATION,rule,Rule_Reject,impossible_reject,1,1.0,False,
2026-06-04 06:00:00,GWEIUSDT,short,SHORT_REVERSAL,rule,Rule_Reject,impossible_reject,1,1.0,False,
2026-06-04 06:00:00,PARTIUSDT,short,SHORT_CONTINUATION,rule,Rule_Reject,impossible_reject,1,0.3439,False,
2026-06-04 06:00:00,STOUSDT,short,SHORT_REVERSAL,portfolio,Low_Score,,,,True,57.85
2026-06-04 08:00:00,CLOUSDT,long,LONG_REVERSAL,rule,Rule_Reject,impossible_reject,1,0.1897,False,
2026-06-04 08:00:00,TAUSDT,long,LONG_REVERSAL,rule,Rule_Reject,impossible_reject,1,0.4757,False,
2026-06-04 08:00:00,OPGUSDT,long,LONG_REVERSAL,rule,Rule_Reject,impossible_reject,1,0.5918,False,
2026-06-04 08:00:00,VVVUSDT,long,LONG_REVERSAL,rule,Rule_Reject,impossible_reject,1,0.4699,False,
2026-06-04 08:00:00,BSBUSDT,long,LONG_REVERSAL,rule,Rule_Reject,impossible_reject,1,1.0,False,
2026-06-04 08:00:00,BRUSDT,short,SHORT_BREAKDOWN,rule,Rule_Reject,impossible_reject,1,0.8957,False,
2026-06-04 08:00:00,JELLYJELLYUSDT,short,SHORT_CONTINUATION,rule,Rule_Reject,impossible_reject,1,0.57,False,
2026-06-04 08:00:00,OPNUSDT,short,SHORT_BREAKDOWN,rule,Rule_Reject,medium_reject,1,1.0,False,
2026-06-04 08:00:00,NILUSDT,short,SHORT_BREAKDOWN,rule,Rule_Reject,impossible_reject,1,0.6716,False,
2026-06-04 08:00:00,FETUSDT,short,SHORT_BREAKDOWN,rule,Rule_Reject,impossible_reject,1,0.3296,False,
2026-06-04 10:00:00,币安人生USDT,long,UNLABELED,rule,Pattern_Reject,impossible_reject,2,0.7395,False,
2026-06-04 10:00:00,MAGMAUSDT,long,LONG_REVERSAL,rule,Rule_Reject,impossible_reject,1,0.2455,False,
2026-06-04 10:00:00,EPICUSDT,long,SHORT_REVERSAL,rule,Rule_Reject,impossible_reject,1,0.4871,False,
2026-06-04 10:00:00,STARUSDT,long,LONG_REVERSAL,rule,Rule_Reject,impossible_reject,1,1.0,False,
2026-06-04 10:00:00,OPNUSDT,long,UNLABELED,rule,Pattern_Reject,impossible_reject,2,1.0,False,
2026-06-04 10:00:00,BASEDUSDT,short,SHORT_BREAKDOWN,rule,Rule_Reject,medium_reject,1,1.0,False,
2026-06-04 10:00:00,BSBUSDT,short,SHORT_BREAKDOWN,rule,Rule_Reject,impossible_reject,1,1.0,False,
2026-06-04 10:00:00,XPLUSDT,short,SHORT_CONTINUATION,rule,Rule_Reject,impossible_reject,1,0.9733,False,
2026-06-04 10:00:00,ICPUSDT,short,SHORT_BREAKDOWN,rule,Rule_Reject,impossible_reject,1,0.8686,False,
2026-06-04 10:00:00,POWERUSDT,short,SHORT_CONTINUATION,rule,Rule_Reject,impossible_reject,1,0.8001,False,
2026-06-04 12:00:00,AIAUSDT,long,LONG_BREAKOUT,rule,Rule_Reject,medium_reject,1,1.0,False,
2026-06-04 12:00:00,WLDUSDT,long,LONG_BREAKOUT,rule,Rule_Reject,impossible_reject,1,1.0,False,
2026-06-04 12:00:00,SIRENUSDT,long,SHORT_REVERSAL,rule,Rule_Reject,impossible_reject,1,1.0,False,
2026-06-04 12:00:00,SPORTFUNUSDT,long,LONG_BREAKOUT,rule,Rule_Reject,impossible_reject,1,1.0,False,
2026-06-04 12:00:00,ENAUSDT,long,LONG_REVERSAL,rule,Rule_Reject,impossible_reject,1,0.7557,False,
2026-06-04 12:00:00,STARUSDT,short,SHORT_REVERSAL,rule,Rule_Reject,impossible_reject,1,1.0,False,
2026-06-04 12:00:00,BANUSDT,short,SHORT_REVERSAL,rule,Rule_Reject,impossible_reject,1,0.7608,False,
2026-06-04 12:00:00,BEATUSDT,short,SHORT_REVERSAL,rule,Rule_Reject,impossible_reject,1,0.6568,False,
2026-06-04 12:00:00,HEIUSDT,short,SHORT_REVERSAL,rule,Rule_Reject,impossible_reject,1,1.0,False,
2026-06-04 12:00:00,MYXUSDT,short,SHORT_CONTINUATION,rule,Rule_Reject,impossible_reject,1,1.0,False,
2026-06-04 14:00:00,HEIUSDT,long,UNLABELED,rule,Pattern_Reject,pass,0,0.8145,True,
2026-06-04 14:00:00,EPICUSDT,long,LONG_REVERSAL,rule,Rule_Reject,impossible_reject,1,1.0,False,
2026-06-04 14:00:00,UBUSDT,long,LONG_REVERSAL,rule,Rule_Reject,impossible_reject,1,0.9751,False,
2026-06-04 14:00:00,SIRENUSDT,long,LONG_BREAKOUT,rule,Rule_Reject,impossible_reject,1,0.8128,False,
2026-06-04 14:00:00,APRUSDT,long,LONG_BREAKOUT,rule,Rule_Reject,impossible_reject,1,0.3769,False,
2026-06-04 14:00:00,MAGMAUSDT,short,SHORT_BREAKDOWN,rule,Rule_Reject,impossible_reject,1,0.6895,False,
2026-06-04 14:00:00,USELESSUSDT,short,SHORT_BREAKDOWN,rule,Rule_Reject,medium_reject,1,1.0,False,
2026-06-04 14:00:00,STOUSDT,short,SHORT_BREAKDOWN,rule,Rule_Reject,impossible_reject,1,1.0,False,
2026-06-04 14:00:00,ENAUSDT,short,SHORT_BREAKDOWN,rule,Rule_Reject,impossible_reject,1,1.0,False,
2026-06-04 14:00:00,JTOUSDT,short,SHORT_BREAKDOWN,rule,Rule_Reject,impossible_reject,1,1.0,False,
2026-06-04 14:00:00,HEIUSDT,long,UNLABELED,portfolio,Low_Score,,,,True,76.45
2026-06-04 16:00:00,SPORTFUNUSDT,long,LONG_REVERSAL,rule,Rule_Reject,impossible_reject,1,0.4606,False,
2026-06-04 16:00:00,HEIUSDT,long,LONG_REVERSAL,rule,Rule_Reject,impossible_reject,1,1.0,False,
2026-06-04 16:00:00,SKYAIUSDT,long,LONG_REVERSAL,rule,Rule_Reject,impossible_reject,1,0.8097,False,
2026-06-04 16:00:00,MYXUSDT,long,UNLABELED,rule,Pattern_Reject,impossible_reject,2,0.1466,False,
2026-06-04 16:00:00,POWERUSDT,long,LONG_REVERSAL,rule,Rule_Reject,impossible_reject,1,0.93,False,
2026-06-04 16:00:00,EPICUSDT,short,SHORT_CONTINUATION,rule,Rule_Reject,impossible_reject,1,0.2299,False,
2026-06-04 16:00:00,SUSHIUSDT,short,SHORT_BREAKDOWN,rule,Rule_Reject,impossible_reject,1,0.5795,False,
2026-06-04 16:00:00,SYRUPUSDT,short,SHORT_REVERSAL,rule,Rule_Reject,impossible_reject,1,1.0,False,
2026-06-04 16:00:00,BANUSDT,short,SHORT_CONTINUATION,rule,Rule_Reject,impossible_reject,1,0.2847,False,
2026-06-04 16:00:00,COLLECTUSDT,short,SHORT_BREAKDOWN,rule,Rule_Reject,impossible_reject,1,1.0,False,
2026-06-04 18:00:00,EPICUSDT,long,UNLABELED,rule,Pattern_Reject,impossible_reject,2,0.8499,False,
2026-06-04 18:00:00,币安人生USDT,long,LONG_CONTINUATION,rule,Rule_Reject,impossible_reject,1,0.4176,False,
2026-06-04 18:00:00,KGENUSDT,long,LONG_REVERSAL,rule,Rule_Reject,impossible_reject,1,0.2454,False,
2026-06-04 18:00:00,BANUSDT,long,SHORT_REVERSAL,rule,Rule_Reject,impossible_reject,1,0.1853,False,
2026-06-04 18:00:00,FORMUSDT,long,SHORT_REVERSAL,rule,Rule_Reject,impossible_reject,1,0.8129,False,
2026-06-04 18:00:00,BILLUSDT,short,SHORT_REVERSAL,rule,Rule_Reject,impossible_reject,1,0.6378,False,
2026-06-04 18:00:00,HEIUSDT,short,SHORT_BREAKDOWN,rule,Rule_Reject,impossible_reject,1,1.0,False,
2026-06-04 18:00:00,NILUSDT,short,SHORT_BREAKDOWN,rule,Rule_Reject,impossible_reject,1,0.566,False,
2026-06-04 18:00:00,UAIUSDT,short,SHORT_BREAKDOWN,rule,Rule_Reject,impossible_reject,1,0.4045,False,
2026-06-04 18:00:00,YBUSDT,short,SHORT_BREAKDOWN,rule,Rule_Reject,impossible_reject,1,0.3078,False,
2026-06-04 20:00:00,BEATUSDT,long,LONG_REVERSAL,rule,Rule_Reject,impossible_reject,1,0.9493,False,
2026-06-04 20:00:00,HEIUSDT,long,UNLABELED,rule,Pattern_Reject,impossible_reject,2,1.0,False,
2026-06-04 20:00:00,COLLECTUSDT,long,LONG_BREAKOUT,rule,Rule_Reject,impossible_reject,1,0.3703,False,
2026-06-04 20:00:00,ZBTUSDT,long,LONG_REVERSAL,rule,Rule_Reject,impossible_reject,1,0.3098,False,
2026-06-04 20:00:00,PLAYUSDT,long,LONG_REVERSAL,rule,Rule_Reject,impossible_reject,1,1.0,False,
2026-06-04 20:00:00,CUSDT,short,SHORT_REVERSAL,rule,Rule_Reject,medium_reject,1,0.5092,False,
2026-06-04 20:00:00,SPORTFUNUSDT,short,SHORT_BREAKDOWN,rule,Rule_Reject,impossible_reject,1,0.6888,False,
2026-06-04 20:00:00,AIOUSDT,short,UNLABELED,rule,Pattern_Reject,impossible_reject,1,0.871,False,
2026-06-04 20:00:00,LABUSDT,short,SHORT_REVERSAL,rule,Rule_Reject,impossible_reject,1,1.0,False,
2026-06-04 20:00:00,MANTAUSDT,short,SHORT_BREAKDOWN,rule,Rule_Reject,impossible_reject,1,0.3756,False,
2026-06-04 22:00:00,FORMUSDT,long,LONG_REVERSAL,rule,Rule_Reject,impossible_reject,1,0.6159,False,
2026-06-04 22:00:00,HEIUSDT,long,LONG_CONTINUATION,rule,Rule_Reject,impossible_reject,1,0.3449,False,
2026-06-04 22:00:00,EPICUSDT,long,LONG_BREAKOUT,rule,Rule_Reject,impossible_reject,1,0.8708,False,
2026-06-04 22:00:00,SKYAIUSDT,long,SHORT_REVERSAL,rule,Rule_Reject,impossible_reject,1,0.7934,False,
2026-06-04 22:00:00,OPGUSDT,long,LONG_REVERSAL,rule,Rule_Reject,impossible_reject,1,0.2996,False,
2026-06-04 22:00:00,PLAYUSDT,short,SHORT_REVERSAL,rule,PASS,pass,0,1.0,True,
2026-06-04 22:00:00,MYXUSDT,short,SHORT_CONTINUATION,rule,Rule_Reject,medium_reject,1,0.6569,False,
2026-06-04 22:00:00,OPNUSDT,short,SHORT_REVERSAL,rule,Rule_Reject,impossible_reject,1,1.0,False,
2026-06-04 22:00:00,ZBTUSDT,short,SHORT_REVERSAL,rule,Rule_Reject,impossible_reject,1,1.0,False,
2026-06-04 22:00:00,BEATUSDT,short,SHORT_CONTINUATION,rule,Rule_Reject,impossible_reject,1,1.0,False,
2026-06-04 22:00:00,PLAYUSDT,short,SHORT_REVERSAL,portfolio,Low_Score,,,,True,72.22
2026-06-05 00:00:00,VELVETUSDT,long,LONG_REVERSAL,rule,Rule_Reject,medium_reject,1,0.9172,False,
2026-06-05 00:00:00,WLDUSDT,long,LONG_BREAKOUT,rule,Rule_Reject,medium_reject,1,1.0,False,
2026-06-05 00:00:00,EPICUSDT,long,LONG_REVERSAL,rule,Rule_Reject,impossible_reject,1,1.0,False,
2026-06-05 00:00:00,ARKMUSDT,long,LONG_BREAKOUT,rule,Rule_Reject,impossible_reject,1,0.646,False,
2026-06-05 00:00:00,ONUSDT,long,LONG_CONTINUATION,rule,Rule_Reject,impossible_reject,1,0.3313,False,
2026-06-05 00:00:00,GUAUSDT,short,SHORT_BREAKDOWN,rule,Rule_Reject,impossible_reject,1,0.7429,False,
2026-06-05 00:00:00,HEIUSDT,short,SHORT_REVERSAL,rule,Rule_Reject,impossible_reject,1,0.4216,False,
2026-06-05 00:00:00,SPORTFUNUSDT,short,SHORT_CONTINUATION,rule,Rule_Reject,impossible_reject,1,0.1791,False,
2026-06-05 00:00:00,SKYAIUSDT,short,SHORT_REVERSAL,rule,Rule_Reject,impossible_reject,1,0.3337,False,
2026-06-05 00:00:00,FORMUSDT,short,SHORT_REVERSAL,rule,Rule_Reject,impossible_reject,1,0.3879,False,
2026-06-05 02:00:00,UBUSDT,long,LONG_REVERSAL,rule,Rule_Reject,impossible_reject,1,0.4203,False,
2026-06-05 02:00:00,SUSHIUSDT,long,LONG_REVERSAL,rule,Rule_Reject,impossible_reject,1,0.5878,False,
2026-06-05 02:00:00,KITEUSDT,long,LONG_BREAKOUT,rule,Rule_Reject,impossible_reject,1,0.6582,False,
2026-06-05 02:00:00,EPICUSDT,long,LONG_REVERSAL,rule,Rule_Reject,impossible_reject,1,0.4428,False,
2026-06-05 02:00:00,VELVETUSDT,long,LONG_REVERSAL,rule,Rule_Reject,impossible_reject,1,0.4797,False,
2026-06-05 02:00:00,WLDUSDT,short,LONG_REVERSAL,rule,Rule_Reject,impossible_reject,1,1.0,False,
2026-06-05 02:00:00,SKYAIUSDT,short,SHORT_REVERSAL,rule,Rule_Reject,impossible_reject,1,0.7327,False,
2026-06-05 02:00:00,BUSDT,short,SHORT_BREAKDOWN,rule,Rule_Reject,impossible_reject,1,0.7655,False,
2026-06-05 02:00:00,ICPUSDT,short,SHORT_REVERSAL,rule,Rule_Reject,impossible_reject,1,0.3837,False,
2026-06-05 02:00:00,GUAUSDT,short,SHORT_BREAKDOWN,rule,Rule_Reject,medium_reject,1,1.0,False,
2026-06-05 04:00:00,OPNUSDT,long,SHORT_REVERSAL,rule,Rule_Reject,impossible_reject,1,0.915,False,
2026-06-05 04:00:00,币安人生USDT,long,LONG_REVERSAL,rule,Rule_Reject,impossible_reject,1,0.3542,False,
2026-06-05 04:00:00,HEIUSDT,long,LONG_REVERSAL,rule,Rule_Reject,impossible_reject,1,0.2835,False,
2026-06-05 04:00:00,BILLUSDT,long,LONG_REVERSAL,rule,Rule_Reject,impossible_reject,1,0.3758,False,
2026-06-05 04:00:00,ONUSDT,long,SHORT_REVERSAL,rule,Rule_Reject,impossible_reject,1,0.9342,False,
2026-06-05 04:00:00,SIRENUSDT,short,SHORT_REVERSAL,rule,Rule_Reject,impossible_reject,1,0.7338,False,
2026-06-05 04:00:00,WLDUSDT,short,SHORT_CONTINUATION,rule,Rule_Reject,impossible_reject,1,1.0,False,
2026-06-05 04:00:00,USELESSUSDT,short,SHORT_REVERSAL,rule,Rule_Reject,impossible_reject,1,1.0,False,
2026-06-05 04:00:00,POWERUSDT,short,SHORT_REVERSAL,rule,Rule_Reject,impossible_reject,1,0.861,False,
2026-06-05 04:00:00,ONUSDT,short,SHORT_REVERSAL,rule,Rule_Reject,impossible_reject,1,0.9639,False,
2026-06-05 06:00:00,RIFUSDT,long,LONG_BREAKOUT,rule,Rule_Reject,impossible_reject,1,0.9976,False,
2026-06-05 06:00:00,XMRUSDT,long,LONG_BREAKOUT,rule,Rule_Reject,impossible_reject,1,1.0,False,
2026-06-05 06:00:00,HEIUSDT,long,LONG_REVERSAL,rule,Rule_Reject,impossible_reject,1,0.5945,False,
2026-06-05 06:00:00,EPICUSDT,long,LONG_REVERSAL,rule,Rule_Reject,impossible_reject,1,0.1911,False,
2026-06-05 06:00:00,BSBUSDT,long,SHORT_REVERSAL,rule,Rule_Reject,impossible_reject,1,0.1779,False,
2026-06-05 06:00:00,OPNUSDT,short,SHORT_REVERSAL,rule,Rule_Reject,impossible_reject,1,1.0,False,
2026-06-05 06:00:00,XPLUSDT,short,SHORT_REVERSAL,rule,Rule_Reject,impossible_reject,1,0.2135,False,
2026-06-05 06:00:00,FILUSDT,short,UNLABELED,rule,Pattern_Reject,impossible_reject,1,0.2133,False,
2026-06-05 06:00:00,WLDUSDT,short,LONG_REVERSAL,rule,Rule_Reject,impossible_reject,1,0.852,False,
2026-06-05 06:00:00,ICPUSDT,short,UNLABELED,rule,Pattern_Reject,impossible_reject,1,0.2041,False,
2026-06-05 08:00:00,BSBUSDT,long,LONG_REVERSAL,rule,Rule_Reject,impossible_reject,1,0.3394,False,
2026-06-05 08:00:00,SKYAIUSDT,long,LONG_REVERSAL,rule,Rule_Reject,impossible_reject,1,0.7007,False,
2026-06-05 08:00:00,HEIUSDT,long,LONG_BREAKOUT,rule,Rule_Reject,impossible_reject,1,0.9463,False,
2026-06-05 08:00:00,APEUSDT,long,LONG_BREAKOUT,rule,Rule_Reject,impossible_reject,1,0.3576,False,
2026-06-05 08:00:00,FARTCOINUSDT,long,LONG_BREAKOUT,rule,Rule_Reject,impossible_reject,1,0.3134,False,
2026-06-05 08:00:00,SPORTFUNUSDT,short,SHORT_BREAKDOWN,rule,Rule_Reject,impossible_reject,1,0.8291,False,
2026-06-05 08:00:00,INUSDT,short,SHORT_BREAKDOWN,rule,Rule_Reject,impossible_reject,1,0.6943,False,
2026-06-05 08:00:00,AIAUSDT,short,SHORT_REVERSAL,rule,Rule_Reject,impossible_reject,1,0.5097,False,
2026-06-05 08:00:00,BEATUSDT,short,UNLABELED,rule,Pattern_Reject,impossible_reject,1,1.0,False,
2026-06-05 08:00:00,EPICUSDT,short,SHORT_REVERSAL,rule,Rule_Reject,impossible_reject,1,0.9948,False,
2026-06-05 10:00:00,BEATUSDT,long,LONG_CONTINUATION,rule,Rule_Reject,impossible_reject,1,0.607,False,
2026-06-05 10:00:00,STGUSDT,long,LONG_REVERSAL,rule,Rule_Reject,impossible_reject,1,0.382,False,
2026-06-05 10:00:00,HEIUSDT,long,UNLABELED,rule,Pattern_Reject,impossible_reject,2,0.7405,False,
2026-06-05 10:00:00,AIAUSDT,long,LONG_REVERSAL,rule,Rule_Reject,impossible_reject,1,0.6381,False,
2026-06-05 10:00:00,OPGUSDT,long,LONG_REVERSAL,rule,Rule_Reject,impossible_reject,1,0.4193,False,
2026-06-05 10:00:00,XMRUSDT,short,SHORT_BREAKDOWN,rule,Rule_Reject,impossible_reject,1,1.0,False,
2026-06-05 10:00:00,ESPUSDT,short,SHORT_BREAKDOWN,rule,Rule_Reject,impossible_reject,1,0.4323,False,
2026-06-05 10:00:00,BUSDT,short,SHORT_CONTINUATION,rule,Rule_Reject,impossible_reject,1,0.5257,False,
2026-06-05 10:00:00,IOUSDT,short,SHORT_BREAKDOWN,rule,Rule_Reject,impossible_reject,1,0.2922,False,
2026-06-05 10:00:00,BSBUSDT,short,SHORT_BREAKDOWN,rule,Rule_Reject,impossible_reject,1,0.5067,False,
2026-06-05 12:00:00,CLOUSDT,long,LONG_REVERSAL,rule,Rule_Reject,impossible_reject,1,1.0,False,
2026-06-05 12:00:00,BEATUSDT,long,UNLABELED,rule,Pattern_Reject,impossible_reject,2,0.2218,False,
2026-06-05 12:00:00,KGENUSDT,long,UNLABELED,rule,Pattern_Reject,impossible_reject,2,0.467,False,
2026-06-05 12:00:00,EPICUSDT,long,LONG_CONTINUATION,rule,Rule_Reject,impossible_reject,1,0.1768,False,
2026-06-05 12:00:00,CYSUSDT,long,LONG_REVERSAL,rule,Rule_Reject,impossible_reject,1,0.4646,False,
2026-06-05 12:00:00,HEIUSDT,short,SHORT_CONTINUATION,rule,Rule_Reject,impossible_reject,1,1.0,False,
2026-06-05 12:00:00,UBUSDT,short,SHORT_BREAKDOWN,rule,Rule_Reject,impossible_reject,1,0.9562,False,
2026-06-05 12:00:00,MANTAUSDT,short,SHORT_BREAKDOWN,rule,Rule_Reject,impossible_reject,1,0.7844,False,
2026-06-05 12:00:00,GENIUSUSDT,short,SHORT_BREAKDOWN,rule,Rule_Reject,impossible_reject,1,0.542,False,
2026-06-05 12:00:00,STGUSDT,short,SHORT_BREAKDOWN,rule,Rule_Reject,impossible_reject,1,1.0,False,
2026-06-05 14:00:00,CLOUSDT,long,LONG_REVERSAL,rule,Rule_Reject,impossible_reject,1,1.0,False,
2026-06-05 14:00:00,BEATUSDT,long,LONG_REVERSAL,rule,Rule_Reject,impossible_reject,1,0.3932,False,
2026-06-05 14:00:00,OPNUSDT,long,SHORT_CONTINUATION,rule,Rule_Reject,impossible_reject,1,1.0,False,
2026-06-05 14:00:00,UBUSDT,long,SHORT_REVERSAL,rule,Rule_Reject,impossible_reject,1,0.7021,False,
2026-06-05 14:00:00,HEIUSDT,long,UNLABELED,rule,Pattern_Reject,impossible_reject,2,1.0,False,
2026-06-05 14:00:00,MYXUSDT,short,SHORT_CONTINUATION,rule,Rule_Reject,impossible_reject,1,0.6973,False,
2026-06-05 14:00:00,XPLUSDT,short,SHORT_REVERSAL,rule,Rule_Reject,impossible_reject,1,0.2566,False,
2026-06-05 14:00:00,LIGHTUSDT,short,SHORT_REVERSAL,rule,Rule_Reject,impossible_reject,1,0.3061,False,
2026-06-05 14:00:00,DYDXUSDT,short,SHORT_REVERSAL,rule,Rule_Reject,impossible_reject,1,0.396,False,
2026-06-05 14:00:00,KGENUSDT,short,SHORT_REVERSAL,rule,Rule_Reject,impossible_reject,1,0.6119,False,
2026-06-05 16:00:00,OPNUSDT,long,LONG_BREAKOUT,rule,Rule_Reject,near_pass,1,1.0,False,
2026-06-05 16:00:00,STGUSDT,long,UNLABELED,rule,Pattern_Reject,impossible_reject,2,0.4394,False,
2026-06-05 16:00:00,APRUSDT,long,LONG_REVERSAL,rule,Rule_Reject,impossible_reject,1,1.0,False,
2026-06-05 16:00:00,TAUSDT,long,LONG_REVERSAL,rule,Rule_Reject,impossible_reject,1,1.0,False,
2026-06-05 16:00:00,SOONUSDT,long,UNLABELED,rule,Pattern_Reject,impossible_reject,2,0.3311,False,
2026-06-05 16:00:00,ONUSDT,short,SHORT_BREAKDOWN,rule,Rule_Reject,impossible_reject,1,1.0,False,
2026-06-05 16:00:00,AIOUSDT,short,SHORT_CONTINUATION,rule,Rule_Reject,impossible_reject,1,0.8367,False,
2026-06-05 16:00:00,CUSDT,short,SHORT_CONTINUATION,rule,Rule_Reject,impossible_reject,1,0.3765,False,
2026-06-05 16:00:00,BANUSDT,short,SHORT_REVERSAL,rule,Rule_Reject,impossible_reject,1,0.4062,False,
2026-06-05 16:00:00,HEIUSDT,short,SHORT_REVERSAL,rule,Rule_Reject,impossible_reject,1,0.7607,False,
2026-06-05 18:00:00,HUSDT,long,LONG_REVERSAL,rule,Rule_Reject,impossible_reject,1,0.8266,False,
2026-06-05 18:00:00,BEATUSDT,long,LONG_REVERSAL,rule,Rule_Reject,impossible_reject,1,1.0,False,
2026-06-05 18:00:00,CUSDT,long,LONG_CONTINUATION,rule,Rule_Reject,impossible_reject,1,0.4174,False,
2026-06-05 18:00:00,SKYAIUSDT,long,LONG_REVERSAL,rule,Rule_Reject,impossible_reject,1,0.4071,False,
2026-06-05 18:00:00,WLDUSDT,long,LONG_BREAKOUT,rule,Rule_Reject,impossible_reject,1,0.3154,False,
2026-06-05 18:00:00,AIAUSDT,short,SHORT_BREAKDOWN,rule,Rule_Reject,impossible_reject,1,1.0,False,
2026-06-05 18:00:00,ESPUSDT,short,UNLABELED,rule,Pattern_Reject,impossible_reject,1,0.8524,False,
2026-06-05 18:00:00,MUSDT,short,SHORT_BREAKDOWN,rule,Rule_Reject,impossible_reject,1,0.8422,False,
2026-06-05 18:00:00,UBUSDT,short,UNLABELED,rule,Pattern_Reject,impossible_reject,1,0.9038,False,
2026-06-05 18:00:00,APRUSDT,short,SHORT_CONTINUATION,rule,Rule_Reject,impossible_reject,1,0.1377,False,
2026-06-05 20:00:00,APRUSDT,long,LONG_REVERSAL,rule,Rule_Reject,impossible_reject,1,0.3097,False,
2026-06-05 20:00:00,ARCUSDT,long,LONG_REVERSAL,rule,Rule_Reject,impossible_reject,1,0.3512,False,
2026-06-05 20:00:00,HEIUSDT,long,UNLABELED,rule,Pattern_Reject,impossible_reject,2,0.4837,False,
2026-06-05 20:00:00,SKYAIUSDT,long,LONG_REVERSAL,rule,Rule_Reject,impossible_reject,1,0.4345,False,
2026-06-05 20:00:00,AIOUSDT,long,LONG_REVERSAL,rule,Rule_Reject,impossible_reject,1,0.2932,False,
2026-06-05 20:00:00,HOLOUSDT,short,SHORT_BREAKDOWN,rule,Rule_Reject,impossible_reject,1,0.6556,False,
2026-06-05 20:00:00,AINUSDT,short,SHORT_CONTINUATION,rule,Rule_Reject,impossible_reject,1,0.7079,False,
2026-06-05 20:00:00,EPICUSDT,short,SHORT_REVERSAL,rule,Rule_Reject,impossible_reject,1,0.4831,False,
2026-06-05 20:00:00,WLDUSDT,short,SHORT_BREAKDOWN,rule,Rule_Reject,impossible_reject,1,0.7482,False,
2026-06-05 20:00:00,OPNUSDT,short,LONG_REVERSAL,rule,Rule_Reject,impossible_reject,1,1.0,False,
2026-06-05 22:00:00,BEATUSDT,long,LONG_BREAKOUT,rule,Rule_Reject,impossible_reject,1,0.4997,False,
2026-06-05 22:00:00,CLOUSDT,long,LONG_REVERSAL,rule,Rule_Reject,impossible_reject,1,0.5469,False,
2026-06-05 22:00:00,ESPUSDT,long,LONG_BREAKOUT,rule,Rule_Reject,impossible_reject,1,0.7179,False,
2026-06-05 22:00:00,GLMUSDT,long,LONG_REVERSAL,rule,Rule_Reject,impossible_reject,1,0.438,False,
2026-06-05 22:00:00,ENAUSDT,long,LONG_BREAKOUT,rule,Rule_Reject,impossible_reject,1,0.4717,False,
2026-06-05 22:00:00,LAUSDT,short,SHORT_REVERSAL,rule,Rule_Reject,impossible_reject,1,1.0,False,
2026-06-05 22:00:00,EPICUSDT,short,SHORT_CONTINUATION,rule,Rule_Reject,impossible_reject,1,0.2575,False,
2026-06-05 22:00:00,USELESSUSDT,short,SHORT_REVERSAL,rule,Rule_Reject,impossible_reject,1,1.0,False,
2026-06-05 22:00:00,AINUSDT,short,SHORT_BREAKDOWN,rule,Rule_Reject,impossible_reject,1,0.8085,False,
2026-06-05 22:00:00,EVAAUSDT,short,SHORT_REVERSAL,rule,Rule_Reject,impossible_reject,1,0.8198,False,
2026-06-06 00:00:00,AIOUSDT,long,LONG_BREAKOUT,rule,Rule_Reject,impossible_reject,1,0.3694,False,
2026-06-06 00:00:00,KGENUSDT,long,LONG_BREAKOUT,rule,Rule_Reject,impossible_reject,1,0.5048,False,
2026-06-06 00:00:00,APRUSDT,long,UNLABELED,rule,Pattern_Reject,impossible_reject,2,0.3592,False,
2026-06-06 00:00:00,ALLOUSDT,long,LONG_REVERSAL,rule,Rule_Reject,impossible_reject,1,0.4067,False,
2026-06-06 00:00:00,BEATUSDT,long,UNLABELED,rule,Pattern_Reject,impossible_reject,2,0.5448,False,
2026-06-06 00:00:00,XPLUSDT,short,SHORT_BREAKDOWN,rule,Rule_Reject,impossible_reject,1,0.9038,False,
2026-06-06 00:00:00,LITUSDT,short,SHORT_BREAKDOWN,rule,Rule_Reject,impossible_reject,1,0.8917,False,
2026-06-06 00:00:00,USELESSUSDT,short,SHORT_BREAKDOWN,rule,Rule_Reject,impossible_reject,1,0.591,False,
2026-06-06 00:00:00,ENAUSDT,short,SHORT_REVERSAL,rule,Rule_Reject,impossible_reject,1,0.3395,False,
2026-06-06 00:00:00,BSBUSDT,short,SHORT_BREAKDOWN,rule,Rule_Reject,impossible_reject,1,0.7468,False,
2026-06-06 02:00:00,VELVETUSDT,long,LONG_BREAKOUT,rule,Rule_Reject,impossible_reject,1,0.4225,False,
2026-06-06 02:00:00,ENAUSDT,long,LONG_BREAKOUT,rule,Rule_Reject,impossible_reject,1,1.0,False,
2026-06-06 02:00:00,ALLOUSDT,long,UNLABELED,rule,Pattern_Reject,impossible_reject,2,0.8815,False,
2026-06-06 02:00:00,XLMUSDT,long,LONG_BREAKOUT,rule,Rule_Reject,impossible_reject,1,0.36,False,
2026-06-06 02:00:00,TAUSDT,long,UNLABELED,rule,Pattern_Reject,impossible_reject,2,0.2827,False,
2026-06-06 02:00:00,LABUSDT,short,UNLABELED,rule,Pattern_Reject,impossible_reject,1,0.6413,False,
2026-06-06 02:00:00,SKYAIUSDT,short,SHORT_REVERSAL,rule,Rule_Reject,impossible_reject,1,0.3866,False,
2026-06-06 02:00:00,ZBTUSDT,short,SHORT_REVERSAL,rule,Rule_Reject,impossible_reject,1,0.3361,False,
2026-06-06 02:00:00,BASEDUSDT,short,SHORT_REVERSAL,rule,Rule_Reject,impossible_reject,1,0.3071,False,
2026-06-06 02:00:00,BRUSDT,short,SHORT_REVERSAL,rule,Rule_Reject,impossible_reject,1,0.9684,False,
2026-06-06 04:00:00,BTWUSDT,long,LONG_BREAKOUT,rule,Rule_Reject,impossible_reject,1,0.6957,False,
2026-06-06 04:00:00,ALLOUSDT,long,UNLABELED,rule,Pattern_Reject,impossible_reject,2,0.5508,False,
2026-06-06 04:00:00,ZECUSDT,long,UNLABELED,rule,Pattern_Reject,impossible_reject,2,1.0,False,
2026-06-06 04:00:00,AIOUSDT,long,UNLABELED,rule,Pattern_Reject,impossible_reject,2,0.5582,False,
2026-06-06 04:00:00,SKYAIUSDT,long,LONG_REVERSAL,rule,Rule_Reject,impossible_reject,1,0.454,False,
2026-06-06 04:00:00,LABUSDT,short,SHORT_BREAKDOWN,rule,Rule_Reject,impossible_reject,1,1.0,False,
2026-06-06 04:00:00,RIFUSDT,short,SHORT_REVERSAL,rule,Rule_Reject,impossible_reject,1,0.4383,False,
2026-06-06 04:00:00,STGUSDT,short,SHORT_BREAKDOWN,rule,Rule_Reject,impossible_reject,1,0.4297,False,
2026-06-06 04:00:00,币安人生USDT,short,LONG_REVERSAL,rule,Rule_Reject,impossible_reject,1,0.697,False,
2026-06-06 04:00:00,ZBTUSDT,short,SHORT_BREAKDOWN,rule,Rule_Reject,impossible_reject,1,1.0,False,
2026-06-06 06:00:00,ENAUSDT,long,LONG_BREAKOUT,rule,Rule_Reject,impossible_reject,1,0.6514,False,
2026-06-06 06:00:00,ZESTUSDT,long,LONG_REVERSAL,rule,Rule_Reject,impossible_reject,1,0.9229,False,
2026-06-06 06:00:00,VELVETUSDT,long,LONG_BREAKOUT,rule,Rule_Reject,impossible_reject,1,0.8737,False,
2026-06-06 06:00:00,SIRENUSDT,long,LONG_CONTINUATION,rule,Rule_Reject,impossible_reject,1,0.1731,False,
2026-06-06 06:00:00,ZECUSDT,long,LONG_BREAKOUT,rule,Rule_Reject,impossible_reject,1,1.0,False,
2026-06-06 06:00:00,BTWUSDT,short,SHORT_REVERSAL,rule,Rule_Reject,medium_reject,1,0.5153,False,
2026-06-06 06:00:00,CLOUSDT,short,SHORT_REVERSAL,rule,Rule_Reject,impossible_reject,1,1.0,False,
2026-06-06 06:00:00,LITUSDT,short,SHORT_REVERSAL,rule,Rule_Reject,impossible_reject,1,0.5639,False,
2026-06-06 06:00:00,EPICUSDT,short,SHORT_BREAKDOWN,rule,Rule_Reject,impossible_reject,1,0.904,False,
2026-06-06 06:00:00,RIFUSDT,short,UNLABELED,rule,Pattern_Reject,impossible_reject,1,0.5681,False,
2026-06-06 08:00:00,GUAUSDT,long,UNLABELED,rule,Pattern_Reject,impossible_reject,2,1.0,False,
2026-06-06 08:00:00,BTWUSDT,long,LONG_BREAKOUT,rule,Rule_Reject,impossible_reject,1,0.8859,False,
2026-06-06 08:00:00,INUSDT,long,LONG_REVERSAL,rule,Rule_Reject,impossible_reject,1,1.0,False,
2026-06-06 08:00:00,ZECUSDT,long,UNLABELED,rule,Pattern_Reject,impossible_reject,2,0.9916,False,
2026-06-06 08:00:00,HEIUSDT,long,LONG_REVERSAL,rule,Rule_Reject,impossible_reject,1,0.2245,False,
2026-06-06 08:00:00,BEATUSDT,short,LONG_REVERSAL,rule,Rule_Reject,medium_reject,1,0.2965,False,
2026-06-06 08:00:00,ALLOUSDT,short,SHORT_REVERSAL,rule,Rule_Reject,impossible_reject,1,0.3606,False,
2026-06-06 08:00:00,WLDUSDT,short,SHORT_REVERSAL,rule,Rule_Reject,impossible_reject,1,0.2865,False,
2026-06-06 08:00:00,币安人生USDT,short,SHORT_REVERSAL,rule,Rule_Reject,impossible_reject,1,0.3842,False,
2026-06-06 08:00:00,CFGUSDT,short,SHORT_CONTINUATION,rule,Rule_Reject,impossible_reject,1,0.3523,False,
2026-06-06 10:00:00,BEATUSDT,long,LONG_REVERSAL,rule,Rule_Reject,impossible_reject,1,0.2986,False,
2026-06-06 10:00:00,CLOUSDT,long,SHORT_REVERSAL,rule,Rule_Reject,impossible_reject,1,1.0,False,
2026-06-06 10:00:00,OPNUSDT,long,LONG_REVERSAL,rule,Rule_Reject,impossible_reject,1,0.429,False,
2026-06-06 10:00:00,MYXUSDT,long,UNLABELED,rule,Pattern_Reject,impossible_reject,2,0.495,False,
2026-06-06 10:00:00,ZBTUSDT,long,LONG_BREAKOUT,rule,Rule_Reject,impossible_reject,1,0.8297,False,
2026-06-06 10:00:00,SLXUSDT,short,SHORT_REVERSAL,rule,Rule_Reject,impossible_reject,1,1.0,False,
2026-06-06 10:00:00,WLDUSDT,short,SHORT_CONTINUATION,rule,Rule_Reject,impossible_reject,1,0.6662,False,
2026-06-06 10:00:00,GUAUSDT,short,SHORT_BREAKDOWN,rule,Rule_Reject,impossible_reject,1,1.0,False,
2026-06-06 10:00:00,LAUSDT,short,SHORT_BREAKDOWN,rule,Rule_Reject,impossible_reject,1,0.6091,False,
2026-06-06 10:00:00,INUSDT,short,SHORT_BREAKDOWN,rule,Rule_Reject,impossible_reject,1,0.7402,False,
2026-06-06 12:00:00,HOMEUSDT,long,LONG_BREAKOUT,rule,Rule_Reject,impossible_reject,1,0.6634,False,
2026-06-06 12:00:00,BSBUSDT,long,LONG_REVERSAL,rule,Rule_Reject,impossible_reject,1,0.3175,False,
2026-06-06 12:00:00,OPNUSDT,long,LONG_REVERSAL,rule,Rule_Reject,impossible_reject,1,0.2725,False,
2026-06-06 12:00:00,EPICUSDT,long,UNLABELED,rule,Pattern_Reject,impossible_reject,2,0.8105,False,
2026-06-06 12:00:00,FOLKSUSDT,long,LONG_BREAKOUT,rule,Rule_Reject,impossible_reject,1,1.0,False,
2026-06-06 12:00:00,API3USDT,short,SHORT_REVERSAL,rule,Rule_Reject,impossible_reject,1,1.0,False,
2026-06-06 12:00:00,CLOUSDT,short,SHORT_REVERSAL,rule,Rule_Reject,impossible_reject,1,1.0,False,
2026-06-06 12:00:00,TAUSDT,short,SHORT_BREAKDOWN,rule,Rule_Reject,impossible_reject,1,0.3108,False,
2026-06-06 12:00:00,ZECUSDT,short,SHORT_BREAKDOWN,rule,Rule_Reject,impossible_reject,1,0.4043,False,
2026-06-06 12:00:00,HEIUSDT,short,SHORT_REVERSAL,rule,Rule_Reject,impossible_reject,1,0.9086,False,
2026-06-06 14:00:00,BANUSDT,long,LONG_REVERSAL,rule,Rule_Reject,impossible_reject,1,1.0,False,
2026-06-06 14:00:00,EPICUSDT,long,LONG_BREAKOUT,rule,Rule_Reject,impossible_reject,1,0.6842,False,
2026-06-06 14:00:00,OPNUSDT,long,LONG_REVERSAL,rule,Rule_Reject,impossible_reject,1,0.252,False,
2026-06-06 14:00:00,ZESTUSDT,long,LONG_CONTINUATION,rule,Rule_Reject,impossible_reject,1,0.6103,False,
2026-06-06 14:00:00,ALLOUSDT,long,SHORT_REVERSAL,rule,Rule_Reject,impossible_reject,1,0.9809,False,
2026-06-06 14:00:00,HEIUSDT,short,SHORT_REVERSAL,rule,Rule_Reject,impossible_reject,1,1.0,False,
2026-06-06 14:00:00,TAUSDT,short,UNLABELED,rule,Pattern_Reject,impossible_reject,1,1.0,False,
2026-06-06 14:00:00,B2USDT,short,SHORT_BREAKDOWN,rule,Rule_Reject,impossible_reject,1,0.3591,False,
2026-06-06 14:00:00,ALLOUSDT,short,SHORT_REVERSAL,rule,Rule_Reject,impossible_reject,1,0.8901,False,
2026-06-06 14:00:00,BANUSDT,short,LONG_REVERSAL,rule,Rule_Reject,impossible_reject,1,1.0,False,
2026-06-06 16:00:00,ASRUSDT,long,LONG_REVERSAL,rule,Rule_Reject,medium_reject,1,0.9885,False,
2026-06-06 16:00:00,PLAYUSDT,long,LONG_REVERSAL,rule,Rule_Reject,impossible_reject,1,0.9119,False,
2026-06-06 16:00:00,UAIUSDT,long,LONG_REVERSAL,rule,Rule_Reject,impossible_reject,1,0.7897,False,
2026-06-06 16:00:00,UBUSDT,long,LONG_REVERSAL,rule,Rule_Reject,impossible_reject,1,0.314,False,
2026-06-06 16:00:00,XLMUSDT,long,LONG_REVERSAL,rule,Rule_Reject,impossible_reject,1,0.3984,False,
2026-06-06 16:00:00,BANUSDT,short,SHORT_BREAKDOWN,rule,Rule_Reject,impossible_reject,1,1.0,False,
2026-06-06 16:00:00,HEIUSDT,short,SHORT_REVERSAL,rule,Rule_Reject,impossible_reject,1,0.8157,False,
2026-06-06 16:00:00,AIOUSDT,short,SHORT_BREAKDOWN,rule,Rule_Reject,impossible_reject,1,0.9492,False,
2026-06-06 16:00:00,EPICUSDT,short,SHORT_REVERSAL,rule,Rule_Reject,impossible_reject,1,0.5256,False,
2026-06-06 16:00:00,ENAUSDT,short,SHORT_REVERSAL,rule,Rule_Reject,impossible_reject,1,0.4744,False,
2026-06-06 18:00:00,ALLOUSDT,long,LONG_BREAKOUT,rule,PASS,pass,0,1.0,True,
2026-06-06 18:00:00,ASRUSDT,long,LONG_BREAKOUT,rule,Rule_Reject,impossible_reject,1,1.0,False,
2026-06-06 18:00:00,SANTOSUSDT,long,LONG_BREAKOUT,rule,Rule_Reject,impossible_reject,1,1.0,False,
2026-06-06 18:00:00,JELLYJELLYUSDT,long,LONG_REVERSAL,rule,Rule_Reject,impossible_reject,1,0.8283,False,
2026-06-06 18:00:00,BANUSDT,long,UNLABELED,rule,Pattern_Reject,impossible_reject,2,0.4042,False,
2026-06-06 18:00:00,OPNUSDT,short,SHORT_BREAKDOWN,rule,Rule_Reject,impossible_reject,1,0.7236,False,
2026-06-06 18:00:00,RIFUSDT,short,SHORT_BREAKDOWN,rule,Rule_Reject,impossible_reject,1,1.0,False,
2026-06-06 18:00:00,USELESSUSDT,short,SHORT_CONTINUATION,rule,Rule_Reject,impossible_reject,1,0.2522,False,
2026-06-06 18:00:00,ENAUSDT,short,UNLABELED,rule,Pattern_Reject,impossible_reject,1,0.607,False,
2026-06-06 18:00:00,XLMUSDT,short,SHORT_REVERSAL,rule,Rule_Reject,impossible_reject,1,0.3941,False,
2026-06-06 18:00:00,ALLOUSDT,long,LONG_BREAKOUT,portfolio,Low_Score,,,,True,73.9
2026-06-06 20:00:00,VELVETUSDT,long,LONG_REVERSAL,rule,Rule_Reject,impossible_reject,1,0.9735,False,
2026-06-06 20:00:00,CLOUSDT,long,LONG_REVERSAL,rule,Rule_Reject,impossible_reject,1,1.0,False,
2026-06-06 20:00:00,FORMUSDT,long,LONG_BREAKOUT,rule,Rule_Reject,impossible_reject,1,0.6027,False,
2026-06-06 20:00:00,BEATUSDT,long,LONG_REVERSAL,rule,Rule_Reject,impossible_reject,1,0.3463,False,
2026-06-06 20:00:00,ALLOUSDT,long,LONG_BREAKOUT,rule,Rule_Reject,impossible_reject,1,1.0,False,
2026-06-06 20:00:00,HEIUSDT,short,SHORT_CONTINUATION,rule,Rule_Reject,medium_reject,1,1.0,False,
2026-06-06 20:00:00,AIOUSDT,short,SHORT_REVERSAL,rule,Rule_Reject,impossible_reject,1,1.0,False,
2026-06-06 20:00:00,ICNTUSDT,short,SHORT_REVERSAL,rule,Rule_Reject,impossible_reject,1,0.5615,False,
2026-06-06 20:00:00,SANTOSUSDT,short,SHORT_REVERSAL,rule,Rule_Reject,impossible_reject,1,0.4324,False,
2026-06-06 20:00:00,ZESTUSDT,short,SHORT_BREAKDOWN,rule,Rule_Reject,impossible_reject,1,1.0,False,
2026-06-06 22:00:00,HEIUSDT,long,LONG_BREAKOUT,rule,PASS,pass,0,1.0,True,
2026-06-06 22:00:00,SKYAIUSDT,long,LONG_BREAKOUT,rule,Rule_Reject,medium_reject,1,0.7646,False,
2026-06-06 22:00:00,TAUSDT,long,LONG_REVERSAL,rule,Rule_Reject,impossible_reject,1,1.0,False,
2026-06-06 22:00:00,SOONUSDT,long,LONG_CONTINUATION,rule,Rule_Reject,impossible_reject,1,0.7304,False,
2026-06-06 22:00:00,BILLUSDT,long,LONG_BREAKOUT,rule,Rule_Reject,impossible_reject,1,0.6193,False,
2026-06-06 22:00:00,SKYUSDT,short,SHORT_REVERSAL,rule,Rule_Reject,impossible_reject,1,0.5968,False,
2026-06-06 22:00:00,ESPORTSUSDT,short,UNLABELED,rule,Pattern_Reject,impossible_reject,1,1.0,False,
2026-06-06 22:00:00,ALLOUSDT,short,UNLABELED,rule,Pattern_Reject,impossible_reject,1,0.8771,False,
2026-06-06 22:00:00,USELESSUSDT,short,SHORT_REVERSAL,rule,Rule_Reject,impossible_reject,1,0.2881,False,
2026-06-06 22:00:00,币安人生USDT,short,SHORT_REVERSAL,rule,Rule_Reject,impossible_reject,1,0.6007,False,
2026-06-06 22:00:00,HEIUSDT,long,LONG_BREAKOUT,portfolio,Low_Score,,,,True,74.65
2026-06-07 00:00:00,SKYAIUSDT,long,LONG_REVERSAL,rule,Rule_Reject,medium_reject,1,1.0,False,
2026-06-07 00:00:00,GWEIUSDT,long,LONG_CONTINUATION,rule,Rule_Reject,impossible_reject,1,0.7586,False,
2026-06-07 00:00:00,ALLOUSDT,long,LONG_BREAKOUT,rule,Rule_Reject,impossible_reject,1,0.3498,False,
2026-06-07 00:00:00,VELVETUSDT,long,UNLABELED,rule,Pattern_Reject,impossible_reject,2,0.9211,False,
2026-06-07 00:00:00,LAUSDT,long,LONG_REVERSAL,rule,Rule_Reject,impossible_reject,1,0.5111,False,
2026-06-07 00:00:00,HEIUSDT,short,SHORT_REVERSAL,rule,Rule_Reject,impossible_reject,1,1.0,False,
2026-06-07 00:00:00,HUSDT,short,SHORT_BREAKDOWN,rule,Rule_Reject,impossible_reject,1,1.0,False,
2026-06-07 00:00:00,EDGEUSDT,short,SHORT_BREAKDOWN,rule,Rule_Reject,impossible_reject,1,0.5051,False,
2026-06-07 00:00:00,KGENUSDT,short,SHORT_BREAKDOWN,rule,Rule_Reject,impossible_reject,1,0.3384,False,
2026-06-07 00:00:00,MEUSDT,short,SHORT_REVERSAL,rule,Rule_Reject,impossible_reject,1,0.3786,False,
2026-06-07 02:00:00,SKYAIUSDT,long,LONG_BREAKOUT,rule,Rule_Reject,medium_reject,1,0.9606,False,
2026-06-07 02:00:00,SIRENUSDT,long,LONG_REVERSAL,rule,Rule_Reject,impossible_reject,1,0.6648,False,
2026-06-07 02:00:00,CUSDT,long,UNLABELED,rule,Pattern_Reject,impossible_reject,2,0.3512,False,
2026-06-07 02:00:00,ALLOUSDT,long,SHORT_REVERSAL,rule,Rule_Reject,impossible_reject,1,1.0,False,
2026-06-07 02:00:00,ESPORTSUSDT,long,UNLABELED,rule,Pattern_Reject,impossible_reject,2,0.4243,False,
2026-06-07 02:00:00,ZESTUSDT,short,SHORT_REVERSAL,rule,Rule_Reject,medium_reject,1,0.7786,False,
2026-06-07 02:00:00,HEIUSDT,short,UNLABELED,rule,Pattern_Reject,impossible_reject,1,1.0,False,
2026-06-07 02:00:00,HUSDT,short,SHORT_BREAKDOWN,rule,Rule_Reject,impossible_reject,1,0.4047,False,
2026-06-07 02:00:00,ASRUSDT,short,SHORT_REVERSAL,rule,Rule_Reject,impossible_reject,1,0.3608,False,
2026-06-07 02:00:00,KGENUSDT,short,SHORT_REVERSAL,rule,Rule_Reject,impossible_reject,1,1.0,False,
2026-06-07 04:00:00,BTWUSDT,long,LONG_REVERSAL,rule,PASS,pass,0,0.7802,True,
2026-06-07 04:00:00,LABUSDT,long,LONG_BREAKOUT,rule,Rule_Reject,near_pass,1,1.0,False,
2026-06-07 04:00:00,SKYAIUSDT,long,LONG_REVERSAL,rule,Rule_Reject,impossible_reject,1,1.0,False,
2026-06-07 04:00:00,币安人生USDT,long,LONG_BREAKOUT,rule,Rule_Reject,impossible_reject,1,0.765,False,
2026-06-07 04:00:00,MANTAUSDT,long,LONG_CONTINUATION,rule,Rule_Reject,impossible_reject,1,0.5786,False,
2026-06-07 04:00:00,HEIUSDT,short,SHORT_REVERSAL,rule,PASS,pass,0,1.0,True,
2026-06-07 04:00:00,HOMEUSDT,short,SHORT_REVERSAL,rule,Rule_Reject,medium_reject,1,1.0,False,
2026-06-07 04:00:00,VELVETUSDT,short,SHORT_REVERSAL,rule,Rule_Reject,impossible_reject,1,0.3475,False,
2026-06-07 04:00:00,CROSSUSDT,short,SHORT_BREAKDOWN,rule,Rule_Reject,impossible_reject,1,0.5874,False,
2026-06-07 04:00:00,ALLOUSDT,short,SHORT_REVERSAL,rule,Rule_Reject,impossible_reject,1,0.6583,False,
2026-06-07 04:00:00,BTWUSDT,long,LONG_REVERSAL,portfolio,Low_Score,,,,True,61.16
2026-06-07 04:00:00,HEIUSDT,short,SHORT_REVERSAL,portfolio,Low_Score,,,,True,66.51
2026-06-07 06:00:00,MAGMAUSDT,long,LONG_REVERSAL,rule,Rule_Reject,impossible_reject,1,0.7108,False,
2026-06-07 06:00:00,CCUSDT,long,LONG_BREAKOUT,rule,Rule_Reject,impossible_reject,1,0.4895,False,
2026-06-07 06:00:00,QNTUSDT,long,LONG_CONTINUATION,rule,Rule_Reject,impossible_reject,1,0.6369,False,
2026-06-07 06:00:00,GUAUSDT,long,UNLABELED,rule,Pattern_Reject,impossible_reject,2,0.5401,False,
2026-06-07 06:00:00,OPGUSDT,long,LONG_CONTINUATION,rule,Rule_Reject,impossible_reject,1,0.1282,False,
2026-06-07 06:00:00,BTWUSDT,short,SHORT_REVERSAL,rule,Rule_Reject,medium_reject,1,0.6325,False,
2026-06-07 06:00:00,LABUSDT,short,UNLABELED,rule,Pattern_Reject,impossible_reject,1,1.0,False,
2026-06-07 06:00:00,ESPORTSUSDT,short,SHORT_CONTINUATION,rule,Rule_Reject,medium_reject,1,0.6353,False,
2026-06-07 06:00:00,ALLOUSDT,short,SHORT_REVERSAL,rule,Rule_Reject,impossible_reject,1,1.0,False,
2026-06-07 06:00:00,HEIUSDT,short,LONG_REVERSAL,rule,Rule_Reject,medium_reject,1,1.0,False,
2026-06-07 08:00:00,ALLOUSDT,long,UNLABELED,rule,Pattern_Reject,impossible_reject,2,0.7027,False,
2026-06-07 08:00:00,SLXUSDT,long,LONG_REVERSAL,rule,Rule_Reject,impossible_reject,1,0.3183,False,
2026-06-07 08:00:00,GWEIUSDT,long,SHORT_REVERSAL,rule,Rule_Reject,impossible_reject,1,0.837,False,
2026-06-07 08:00:00,BSBUSDT,long,UNLABELED,rule,Pattern_Reject,impossible_reject,2,0.2436,False,
2026-06-07 08:00:00,RIFUSDT,long,LONG_CONTINUATION,rule,Rule_Reject,impossible_reject,1,0.3429,False,
2026-06-07 08:00:00,SKYAIUSDT,short,SHORT_REVERSAL,rule,Rule_Reject,impossible_reject,1,0.8704,False,
2026-06-07 08:00:00,BTWUSDT,short,UNLABELED,rule,Pattern_Reject,impossible_reject,1,1.0,False,
2026-06-07 08:00:00,PARTIUSDT,short,UNLABELED,rule,Pattern_Reject,impossible_reject,1,0.8234,False,
2026-06-07 08:00:00,WLDUSDT,short,UNLABELED,rule,Pattern_Reject,impossible_reject,1,0.3185,False,
2026-06-07 08:00:00,VELVETUSDT,short,SHORT_REVERSAL,rule,Rule_Reject,impossible_reject,1,0.1934,False,
2026-06-07 10:00:00,CLOUSDT,long,LONG_CONTINUATION,rule,PASS,pass,0,0.9023,True,
2026-06-07 10:00:00,GIGGLEUSDT,long,LONG_BREAKOUT,rule,Rule_Reject,medium_reject,1,0.6923,False,
2026-06-07 10:00:00,1000LUNCUSDT,long,LONG_REVERSAL,rule,Rule_Reject,impossible_reject,1,0.7138,False,
2026-06-07 10:00:00,WLDUSDT,long,LONG_BREAKOUT,rule,Rule_Reject,medium_reject,1,1.0,False,
2026-06-07 10:00:00,TONUSDT,long,LONG_REVERSAL,rule,Rule_Reject,impossible_reject,1,0.6692,False,
2026-06-07 10:00:00,GUAUSDT,short,UNLABELED,rule,Pattern_Reject,impossible_reject,1,0.4016,False,
2026-06-07 10:00:00,INUSDT,short,UNLABELED,rule,Pattern_Reject,impossible_reject,1,1.0,False,
2026-06-07 10:00:00,MIRAUSDT,short,LONG_REVERSAL,rule,Rule_Reject,impossible_reject,1,1.0,False,
2026-06-07 10:00:00,OPGUSDT,short,UNLABELED,rule,Pattern_Reject,impossible_reject,1,0.622,False,
2026-06-07 10:00:00,CLOUSDT,short,LONG_CONTINUATION,rule,PASS,pass,0,0.7357,True,
2026-06-07 10:00:00,CLOUSDT,long,LONG_CONTINUATION,portfolio,Low_Score,,,,True,72.86
2026-06-07 10:00:00,CLOUSDT,short,LONG_CONTINUATION,portfolio,Low_Score,,,,True,71.21
2026-06-07 12:00:00,UBUSDT,long,LONG_REVERSAL,rule,Rule_Reject,impossible_reject,1,0.3533,False,
2026-06-07 12:00:00,ZESTUSDT,long,LONG_REVERSAL,rule,Rule_Reject,impossible_reject,1,0.6023,False,
2026-06-07 12:00:00,INUSDT,long,LONG_BREAKOUT,rule,Rule_Reject,impossible_reject,1,1.0,False,
2026-06-07 12:00:00,EDGEUSDT,long,LONG_BREAKOUT,rule,Rule_Reject,impossible_reject,1,0.2965,False,
2026-06-07 12:00:00,AIAUSDT,long,LONG_BREAKOUT,rule,Rule_Reject,impossible_reject,1,0.7828,False,
2026-06-07 12:00:00,SKYAIUSDT,short,SHORT_BREAKDOWN,rule,PASS,pass,0,1.0,True,
2026-06-07 12:00:00,ALLOUSDT,short,LONG_REVERSAL,rule,Rule_Reject,near_pass,1,0.7034,False,
2026-06-07 12:00:00,BSBUSDT,short,SHORT_REVERSAL,rule,Rule_Reject,medium_reject,1,1.0,False,
2026-06-07 12:00:00,LABUSDT,short,SHORT_BREAKDOWN,rule,Rule_Reject,impossible_reject,1,0.4364,False,
2026-06-07 12:00:00,MAGMAUSDT,short,SHORT_REVERSAL,rule,Rule_Reject,impossible_reject,1,0.4306,False,
2026-06-07 12:00:00,SKYAIUSDT,short,SHORT_BREAKDOWN,portfolio,Already_Occupied,,,,True,76.09
2026-06-07 12:00:00,SKYAIUSDT,short,SHORT_BREAKDOWN,portfolio,Low_Score,,,,True,76.09
2026-06-07 14:00:00,BSBUSDT,long,LONG_REVERSAL,rule,Rule_Reject,impossible_reject,1,0.9783,False,
2026-06-07 14:00:00,GUAUSDT,long,LONG_REVERSAL,rule,Rule_Reject,impossible_reject,1,0.632,False,
2026-06-07 14:00:00,CLOUSDT,long,UNLABELED,rule,Pattern_Reject,impossible_reject,2,1.0,False,
2026-06-07 14:00:00,GWEIUSDT,long,LONG_REVERSAL,rule,Rule_Reject,impossible_reject,1,1.0,False,
2026-06-07 14:00:00,AIOUSDT,long,LONG_REVERSAL,rule,Rule_Reject,impossible_reject,1,0.5798,False,
2026-06-07 14:00:00,BEATUSDT,short,SHORT_REVERSAL,rule,Rule_Reject,impossible_reject,1,0.7827,False,
2026-06-07 14:00:00,ACUUSDT,short,SHORT_REVERSAL,rule,Rule_Reject,impossible_reject,1,1.0,False,
2026-06-07 14:00:00,BTWUSDT,short,SHORT_BREAKDOWN,rule,Rule_Reject,impossible_reject,1,1.0,False,
2026-06-07 14:00:00,WLDUSDT,short,SHORT_REVERSAL,rule,Rule_Reject,impossible_reject,1,0.8574,False,
2026-06-07 14:00:00,STGUSDT,short,SHORT_REVERSAL,rule,Rule_Reject,impossible_reject,1,1.0,False,
2026-06-07 16:00:00,BTWUSDT,long,LONG_BREAKOUT,rule,Rule_Reject,impossible_reject,1,0.7671,False,
2026-06-07 16:00:00,HUSDT,long,LONG_REVERSAL,rule,Rule_Reject,impossible_reject,1,0.6356,False,
2026-06-07 16:00:00,JTOUSDT,long,LONG_BREAKOUT,rule,Rule_Reject,impossible_reject,1,0.8128,False,
2026-06-07 16:00:00,UBUSDT,long,LONG_REVERSAL,rule,Rule_Reject,impossible_reject,1,0.2872,False,
2026-06-07 16:00:00,HOMEUSDT,long,LONG_REVERSAL,rule,Rule_Reject,impossible_reject,1,0.5325,False,
2026-06-07 16:00:00,HEIUSDT,short,SHORT_BREAKDOWN,rule,Rule_Reject,impossible_reject,1,0.6059,False,
2026-06-07 16:00:00,APRUSDT,short,SHORT_BREAKDOWN,rule,Rule_Reject,impossible_reject,1,1.0,False,
2026-06-07 16:00:00,INUSDT,short,UNLABELED,rule,Pattern_Reject,impossible_reject,1,0.6456,False,
2026-06-07 16:00:00,ZESTUSDT,short,SHORT_REVERSAL,rule,Rule_Reject,impossible_reject,1,0.6551,False,
2026-06-07 16:00:00,ASRUSDT,short,SHORT_REVERSAL,rule,Rule_Reject,impossible_reject,1,1.0,False,
2026-06-07 18:00:00,EDENUSDT,long,LONG_REVERSAL,rule,Rule_Reject,impossible_reject,1,0.5593,False,
2026-06-07 18:00:00,JTOUSDT,long,LONG_REVERSAL,rule,Rule_Reject,impossible_reject,1,0.7918,False,
2026-06-07 18:00:00,BUSDT,long,LONG_BREAKOUT,rule,Rule_Reject,impossible_reject,1,1.0,False,
2026-06-07 18:00:00,OPGUSDT,long,LONG_BREAKOUT,rule,Rule_Reject,impossible_reject,1,1.0,False,
2026-06-07 18:00:00,ZESTUSDT,long,LONG_BREAKOUT,rule,Rule_Reject,impossible_reject,1,0.4547,False,
2026-06-07 18:00:00,HOMEUSDT,short,SHORT_REVERSAL,rule,PASS,pass,0,0.9049,True,
2026-06-07 18:00:00,BTWUSDT,short,SHORT_REVERSAL,rule,PASS,pass,0,1.0,True,
2026-06-07 18:00:00,SPXUSDT,short,SHORT_REVERSAL,rule,Rule_Reject,impossible_reject,1,1.0,False,
2026-06-07 18:00:00,WLDUSDT,short,SHORT_REVERSAL,rule,Rule_Reject,impossible_reject,1,0.4334,False,
2026-06-07 18:00:00,BSBUSDT,short,SHORT_CONTINUATION,rule,Rule_Reject,impossible_reject,1,1.0,False,
2026-06-07 18:00:00,HOMEUSDT,short,SHORT_REVERSAL,portfolio,Replacement,,,,True,79.6
2026-06-07 18:00:00,BTWUSDT,short,SHORT_REVERSAL,portfolio,Low_Score,,,,True,74.36
2026-06-07 20:00:00,SIRENUSDT,long,LONG_BREAKOUT,rule,PASS,pass,0,1.0,True,
2026-06-07 20:00:00,HUSDT,long,LONG_REVERSAL,rule,Rule_Reject,impossible_reject,1,0.3282,False,
2026-06-07 20:00:00,BSBUSDT,long,LONG_REVERSAL,rule,Rule_Reject,impossible_reject,1,0.42,False,
2026-06-07 20:00:00,AIOTUSDT,long,LONG_REVERSAL,rule,Rule_Reject,impossible_reject,1,0.8817,False,
2026-06-07 20:00:00,AIOUSDT,long,LONG_REVERSAL,rule,Rule_Reject,impossible_reject,1,0.9079,False,
2026-06-07 20:00:00,ESPORTSUSDT,short,SHORT_BREAKDOWN,rule,Rule_Reject,impossible_reject,1,1.0,False,
2026-06-07 20:00:00,PARTIUSDT,short,SHORT_BREAKDOWN,rule,Rule_Reject,impossible_reject,1,0.8106,False,
2026-06-07 20:00:00,EDENUSDT,short,SHORT_BREAKDOWN,rule,Rule_Reject,impossible_reject,1,0.5238,False,
2026-06-07 20:00:00,GWEIUSDT,short,SHORT_REVERSAL,rule,Rule_Reject,impossible_reject,1,0.6443,False,
2026-06-07 20:00:00,VELVETUSDT,short,SHORT_REVERSAL,rule,Rule_Reject,impossible_reject,1,1.0,False,
2026-06-07 20:00:00,SIRENUSDT,long,LONG_BREAKOUT,portfolio,Replacement,,,,True,78.73
2026-06-07 22:00:00,POWERUSDT,long,LONG_REVERSAL,rule,Rule_Reject,impossible_reject,1,0.6876,False,
2026-06-07 22:00:00,OGUSDT,long,LONG_BREAKOUT,rule,Rule_Reject,impossible_reject,1,0.5032,False,
2026-06-07 22:00:00,UAIUSDT,long,LONG_BREAKOUT,rule,Rule_Reject,impossible_reject,1,0.7965,False,
2026-06-07 22:00:00,BSBUSDT,long,LONG_BREAKOUT,rule,Rule_Reject,impossible_reject,1,0.2806,False,
2026-06-07 22:00:00,BRUSDT,long,LONG_REVERSAL,rule,Rule_Reject,impossible_reject,1,0.7402,False,
2026-06-07 22:00:00,EPICUSDT,short,SHORT_BREAKDOWN,rule,Rule_Reject,impossible_reject,1,1.0,False,
2026-06-07 22:00:00,BTWUSDT,short,SHORT_BREAKDOWN,rule,Rule_Reject,impossible_reject,1,1.0,False,
2026-06-07 22:00:00,GWEIUSDT,short,SHORT_CONTINUATION,rule,Rule_Reject,impossible_reject,1,0.3644,False,
2026-06-07 22:00:00,LABUSDT,short,SHORT_REVERSAL,rule,Rule_Reject,impossible_reject,1,0.4195,False,
2026-06-07 22:00:00,OPGUSDT,short,SHORT_CONTINUATION,rule,Rule_Reject,impossible_reject,1,0.7536,False,
2026-06-08 00:00:00,BSBUSDT,long,LONG_BREAKOUT,rule,PASS,pass,0,1.0,True,
2026-06-08 00:00:00,BTWUSDT,long,LONG_REVERSAL,rule,Rule_Reject,medium_reject,1,1.0,False,
2026-06-08 00:00:00,BEATUSDT,long,LONG_CONTINUATION,rule,Rule_Reject,impossible_reject,1,0.4807,False,
2026-06-08 00:00:00,WLDUSDT,long,LONG_BREAKOUT,rule,Rule_Reject,impossible_reject,1,1.0,False,
2026-06-08 00:00:00,ZESTUSDT,long,LONG_CONTINUATION,rule,Rule_Reject,impossible_reject,1,0.6662,False,
2026-06-08 00:00:00,JTOUSDT,short,SHORT_BREAKDOWN,rule,Rule_Reject,impossible_reject,1,0.5889,False,
2026-06-08 00:00:00,UBUSDT,short,UNLABELED,rule,Pattern_Reject,impossible_reject,1,1.0,False,
2026-06-08 00:00:00,BRUSDT,short,SHORT_BREAKDOWN,rule,Rule_Reject,impossible_reject,1,0.697,False,
2026-06-08 00:00:00,TAUSDT,short,SHORT_REVERSAL,rule,Rule_Reject,impossible_reject,1,0.6455,False,
2026-06-08 00:00:00,PLAYUSDT,short,SHORT_REVERSAL,rule,Rule_Reject,impossible_reject,1,0.2722,False,
2026-06-08 00:00:00,BSBUSDT,long,LONG_BREAKOUT,portfolio,Low_Score,,,,True,74.37
2026-06-08 02:00:00,ESPORTSUSDT,long,LONG_CONTINUATION,rule,Rule_Reject,medium_reject,1,0.7071,False,
2026-06-08 02:00:00,STGUSDT,long,LONG_BREAKOUT,rule,Rule_Reject,impossible_reject,1,0.82,False,
2026-06-08 02:00:00,EPICUSDT,long,LONG_BREAKOUT,rule,Rule_Reject,impossible_reject,1,1.0,False,
2026-06-08 02:00:00,MYXUSDT,long,SHORT_REVERSAL,rule,Rule_Reject,impossible_reject,1,0.655,False,
2026-06-08 02:00:00,BTWUSDT,long,UNLABELED,rule,Pattern_Reject,impossible_reject,2,0.2097,False,
2026-06-08 02:00:00,BSBUSDT,short,SHORT_BREAKDOWN,rule,PASS,pass,0,1.0,True,
2026-06-08 02:00:00,VELVETUSDT,short,SHORT_CONTINUATION,rule,Rule_Reject,medium_reject,1,1.0,False,
2026-06-08 02:00:00,LABUSDT,short,UNLABELED,rule,Pattern_Reject,impossible_reject,1,1.0,False,
2026-06-08 02:00:00,UBUSDT,short,SHORT_BREAKDOWN,rule,Rule_Reject,impossible_reject,1,1.0,False,
2026-06-08 02:00:00,SIRENUSDT,short,UNLABELED,rule,Pattern_Reject,impossible_reject,1,0.2943,False,
2026-06-08 02:00:00,BSBUSDT,short,SHORT_BREAKDOWN,portfolio,Low_Score,,,,True,60.17
2026-06-08 04:00:00,ESPORTSUSDT,long,LONG_REVERSAL,rule,Rule_Reject,impossible_reject,1,0.967,False,
2026-06-08 04:00:00,SIRENUSDT,long,LONG_BREAKOUT,rule,Rule_Reject,impossible_reject,1,1.0,False,
2026-06-08 04:00:00,ALLOUSDT,long,LONG_REVERSAL,rule,Rule_Reject,impossible_reject,1,0.4621,False,
2026-06-08 04:00:00,BEATUSDT,long,LONG_BREAKOUT,rule,Rule_Reject,impossible_reject,1,0.4445,False,
2026-06-08 04:00:00,VELVETUSDT,long,UNLABELED,rule,Pattern_Reject,impossible_reject,2,0.1982,False,
2026-06-08 04:00:00,HUSDT,short,SHORT_BREAKDOWN,rule,Rule_Reject,impossible_reject,1,0.7348,False,
2026-06-08 04:00:00,OPNUSDT,short,SHORT_BREAKDOWN,rule,PASS,pass,0,0.6007,True,
2026-06-08 04:00:00,STGUSDT,short,SHORT_BREAKDOWN,rule,Rule_Reject,impossible_reject,1,1.0,False,
2026-06-08 04:00:00,YBUSDT,short,SHORT_BREAKDOWN,rule,Rule_Reject,impossible_reject,1,0.3267,False,
2026-06-08 04:00:00,VVVUSDT,short,SHORT_BREAKDOWN,rule,Rule_Reject,impossible_reject,1,0.6888,False,
2026-06-08 04:00:00,OPNUSDT,short,SHORT_BREAKDOWN,portfolio,Low_Score,,,,True,56.92
2026-06-08 06:00:00,GENIUSUSDT,long,LONG_BREAKOUT,rule,Rule_Reject,impossible_reject,1,1.0,False,
2026-06-08 06:00:00,BANUSDT,long,LONG_CONTINUATION,rule,Rule_Reject,impossible_reject,1,0.6255,False,
2026-06-08 06:00:00,BTWUSDT,long,LONG_BREAKOUT,rule,Rule_Reject,impossible_reject,1,0.7186,False,
2026-06-08 06:00:00,SIRENUSDT,long,LONG_REVERSAL,rule,Rule_Reject,impossible_reject,1,0.9749,False,
2026-06-08 06:00:00,NXPCUSDT,long,LONG_BREAKOUT,rule,Rule_Reject,impossible_reject,1,0.6933,False,
2026-06-08 06:00:00,ESPORTSUSDT,short,UNLABELED,rule,Pattern_Reject,impossible_reject,1,1.0,False,
2026-06-08 06:00:00,EDENUSDT,short,UNLABELED,rule,Pattern_Reject,impossible_reject,1,0.3967,False,
2026-06-08 06:00:00,BEATUSDT,short,UNLABELED,rule,Pattern_Reject,impossible_reject,1,1.0,False,
2026-06-08 06:00:00,ZESTUSDT,short,SHORT_REVERSAL,rule,Rule_Reject,impossible_reject,1,0.2226,False,
2026-06-08 06:00:00,APRUSDT,short,SHORT_BREAKDOWN,rule,Rule_Reject,impossible_reject,1,0.3246,False,
2026-06-08 08:00:00,BSBUSDT,long,UNLABELED,rule,Pattern_Reject,impossible_reject,2,0.8377,False,
2026-06-08 08:00:00,NXPCUSDT,long,LONG_REVERSAL,rule,Rule_Reject,impossible_reject,1,0.316,False,
2026-06-08 08:00:00,OGUSDT,long,LONG_CONTINUATION,rule,Rule_Reject,impossible_reject,1,0.3322,False,
2026-06-08 08:00:00,AIAUSDT,long,LONG_CONTINUATION,rule,Rule_Reject,impossible_reject,1,0.335,False,
2026-06-08 08:00:00,ALLOUSDT,long,UNLABELED,rule,Pattern_Reject,impossible_reject,2,1.0,False,
2026-06-08 08:00:00,BTWUSDT,short,UNLABELED,rule,Pattern_Reject,pass,0,1.0,True,
2026-06-08 08:00:00,BEATUSDT,short,UNLABELED,rule,Pattern_Reject,impossible_reject,1,0.3606,False,
2026-06-08 08:00:00,ESPORTSUSDT,short,SHORT_CONTINUATION,rule,Rule_Reject,impossible_reject,1,1.0,False,
2026-06-08 08:00:00,GWEIUSDT,short,SHORT_BREAKDOWN,rule,Rule_Reject,impossible_reject,1,0.8023,False,
2026-06-08 08:00:00,DYDXUSDT,short,SHORT_REVERSAL,rule,Rule_Reject,impossible_reject,1,0.5831,False,
2026-06-08 08:00:00,BTWUSDT,short,UNLABELED,portfolio,Low_Score,,,,True,69.64
2026-06-08 10:00:00,EPICUSDT,long,LONG_REVERSAL,rule,Rule_Reject,impossible_reject,1,0.4448,False,
2026-06-08 10:00:00,ESPORTSUSDT,long,LONG_BREAKOUT,rule,Rule_Reject,impossible_reject,1,1.0,False,
2026-06-08 10:00:00,ALLOUSDT,long,UNLABELED,rule,Pattern_Reject,impossible_reject,2,1.0,False,
2026-06-08 10:00:00,BEATUSDT,long,SHORT_REVERSAL,rule,Rule_Reject,impossible_reject,1,1.0,False,
2026-06-08 10:00:00,MYXUSDT,long,UNLABELED,rule,Pattern_Reject,impossible_reject,2,0.8406,False,
2026-06-08 10:00:00,BTWUSDT,short,SHORT_BREAKDOWN,rule,Rule_Reject,near_pass,1,1.0,False,
2026-06-08 10:00:00,HYPERUSDT,short,SHORT_REVERSAL,rule,Rule_Reject,impossible_reject,1,1.0,False,
2026-06-08 10:00:00,JTOUSDT,short,SHORT_REVERSAL,rule,Rule_Reject,impossible_reject,1,0.9138,False,
2026-06-08 10:00:00,USELESSUSDT,short,SHORT_REVERSAL,rule,Rule_Reject,impossible_reject,1,1.0,False,
2026-06-08 10:00:00,ARUSDT,short,SHORT_REVERSAL,rule,Rule_Reject,impossible_reject,1,0.7215,False,
2026-06-08 12:00:00,HEIUSDT,long,UNLABELED,rule,Pattern_Reject,impossible_reject,2,0.707,False,
2026-06-08 12:00:00,RAVEUSDT,long,LONG_CONTINUATION,rule,Rule_Reject,impossible_reject,1,0.38,False,
2026-06-08 12:00:00,BEATUSDT,long,LONG_REVERSAL,rule,Rule_Reject,impossible_reject,1,1.0,False,
2026-06-08 12:00:00,GUAUSDT,long,LONG_REVERSAL,rule,Rule_Reject,impossible_reject,1,0.3297,False,
2026-06-08 12:00:00,AIOUSDT,long,LONG_BREAKOUT,rule,Rule_Reject,impossible_reject,1,0.527,False,
2026-06-08 12:00:00,CLOUSDT,short,SHORT_BREAKDOWN,rule,Rule_Reject,medium_reject,1,1.0,False,
2026-06-08 12:00:00,ESPORTSUSDT,short,UNLABELED,rule,Pattern_Reject,pass,0,1.0,True,
2026-06-08 12:00:00,MYXUSDT,short,SHORT_BREAKDOWN,rule,Rule_Reject,impossible_reject,1,0.7954,False,
2026-06-08 12:00:00,BANUSDT,short,SHORT_REVERSAL,rule,Rule_Reject,impossible_reject,1,0.2857,False,
2026-06-08 12:00:00,币安人生USDT,short,UNLABELED,rule,Pattern_Reject,impossible_reject,1,0.5434,False,
2026-06-08 12:00:00,ESPORTSUSDT,short,UNLABELED,portfolio,Low_Score,,,,True,69.65
2026-06-08 14:00:00,BEATUSDT,long,LONG_BREAKOUT,rule,Rule_Reject,impossible_reject,1,1.0,False,
2026-06-08 14:00:00,PROVEUSDT,long,LONG_BREAKOUT,rule,Rule_Reject,impossible_reject,1,0.4242,False,
2026-06-08 14:00:00,GWEIUSDT,long,LONG_CONTINUATION,rule,Rule_Reject,impossible_reject,1,0.6262,False,
2026-06-08 14:00:00,DEXEUSDT,long,LONG_BREAKOUT,rule,Rule_Reject,impossible_reject,1,0.808,False,
2026-06-08 14:00:00,PLAYUSDT,long,LONG_BREAKOUT,rule,Rule_Reject,impossible_reject,1,0.2137,False,
2026-06-08 14:00:00,UBUSDT,short,SHORT_BREAKDOWN,rule,Rule_Reject,medium_reject,1,1.0,False,
2026-06-08 14:00:00,SIRENUSDT,short,SHORT_REVERSAL,rule,Rule_Reject,impossible_reject,1,0.5337,False,
2026-06-08 14:00:00,BILLUSDT,short,SHORT_REVERSAL,rule,Rule_Reject,impossible_reject,1,0.4399,False,
2026-06-08 14:00:00,INUSDT,short,SHORT_CONTINUATION,rule,Rule_Reject,impossible_reject,1,0.2091,False,
2026-06-08 14:00:00,EIGENUSDT,short,SHORT_BREAKDOWN,rule,Rule_Reject,impossible_reject,1,0.6535,False,
2026-06-08 16:00:00,ESPORTSUSDT,long,LONG_BREAKOUT,rule,Rule_Reject,near_pass,1,1.0,False,
2026-06-08 16:00:00,SKYAIUSDT,long,LONG_BREAKOUT,rule,Rule_Reject,medium_reject,1,1.0,False,
2026-06-08 16:00:00,ALLOUSDT,long,LONG_BREAKOUT,rule,Rule_Reject,near_pass,1,1.0,False,
2026-06-08 16:00:00,HEIUSDT,long,LONG_REVERSAL,rule,Rule_Reject,impossible_reject,1,0.824,False,
2026-06-08 16:00:00,VVVUSDT,long,LONG_REVERSAL,rule,Rule_Reject,impossible_reject,1,0.7977,False,
2026-06-08 16:00:00,GWEIUSDT,short,SHORT_REVERSAL,rule,Rule_Reject,impossible_reject,1,0.2601,False,
2026-06-08 16:00:00,ICNTUSDT,short,SHORT_CONTINUATION,rule,Rule_Reject,impossible_reject,1,0.5111,False,
2026-06-08 16:00:00,AIOUSDT,short,SHORT_REVERSAL,rule,Rule_Reject,impossible_reject,1,0.5627,False,
2026-06-08 16:00:00,LABUSDT,short,UNLABELED,rule,Pattern_Reject,impossible_reject,1,0.7884,False,
2026-06-08 16:00:00,WLDUSDT,short,UNLABELED,rule,Pattern_Reject,impossible_reject,1,0.4024,False,
2026-06-08 18:00:00,VELVETUSDT,long,LONG_REVERSAL,rule,Rule_Reject,impossible_reject,1,0.3741,False,
2026-06-08 18:00:00,MYXUSDT,long,LONG_REVERSAL,rule,Rule_Reject,impossible_reject,1,0.3462,False,
2026-06-08 18:00:00,AIOTUSDT,long,LONG_BREAKOUT,rule,Rule_Reject,impossible_reject,1,1.0,False,
2026-06-08 18:00:00,EVAAUSDT,long,LONG_CONTINUATION,rule,Rule_Reject,impossible_reject,1,0.6963,False,
2026-06-08 18:00:00,ZBTUSDT,long,LONG_BREAKOUT,rule,Rule_Reject,impossible_reject,1,1.0,False,
2026-06-08 18:00:00,ESPORTSUSDT,short,SHORT_BREAKDOWN,rule,PASS,pass,0,0.6465,True,
2026-06-08 18:00:00,SKYAIUSDT,short,SHORT_REVERSAL,rule,Rule_Reject,impossible_reject,1,0.8071,False,
2026-06-08 18:00:00,STGUSDT,short,SHORT_BREAKDOWN,rule,Rule_Reject,medium_reject,1,1.0,False,
2026-06-08 18:00:00,FORMUSDT,short,SHORT_CONTINUATION,rule,Rule_Reject,impossible_reject,1,0.6013,False,
2026-06-08 18:00:00,LABUSDT,short,SHORT_REVERSAL,rule,Rule_Reject,impossible_reject,1,0.5317,False,
2026-06-08 18:00:00,ESPORTSUSDT,short,SHORT_BREAKDOWN,portfolio,Low_Score,,,,True,72.44
2026-06-08 20:00:00,BTWUSDT,long,UNLABELED,rule,Pattern_Reject,impossible_reject,2,0.8159,False,
2026-06-08 20:00:00,BEATUSDT,long,LONG_BREAKOUT,rule,Rule_Reject,impossible_reject,1,0.6253,False,
2026-06-08 20:00:00,VELVETUSDT,long,LONG_BREAKOUT,rule,Rule_Reject,impossible_reject,1,1.0,False,
2026-06-08 20:00:00,STGUSDT,long,LONG_REVERSAL,rule,Rule_Reject,impossible_reject,1,0.209,False,
2026-06-08 20:00:00,DEXEUSDT,long,LONG_CONTINUATION,rule,Rule_Reject,impossible_reject,1,0.2838,False,
2026-06-08 20:00:00,ALLOUSDT,short,UNLABELED,rule,Pattern_Reject,pass,0,1.0,True,
2026-06-08 20:00:00,MYXUSDT,short,LONG_REVERSAL,rule,Rule_Reject,impossible_reject,1,1.0,False,
2026-06-08 20:00:00,LITUSDT,short,SHORT_BREAKDOWN,rule,Rule_Reject,impossible_reject,1,0.7752,False,
2026-06-08 20:00:00,AIOTUSDT,short,SHORT_REVERSAL,rule,Rule_Reject,impossible_reject,1,0.4078,False,
2026-06-08 20:00:00,ZESTUSDT,short,SHORT_REVERSAL,rule,Rule_Reject,impossible_reject,1,0.4009,False,
2026-06-08 20:00:00,ALLOUSDT,short,UNLABELED,portfolio,Low_Score,,,,True,69.82
2026-06-08 22:00:00,ALLOUSDT,long,LONG_CONTINUATION,rule,Rule_Reject,near_pass,1,0.6709,False,
2026-06-08 22:00:00,BTWUSDT,long,LONG_REVERSAL,rule,Rule_Reject,medium_reject,1,1.0,False,
2026-06-08 22:00:00,VELVETUSDT,long,LONG_REVERSAL,rule,Rule_Reject,impossible_reject,1,0.4817,False,
2026-06-08 22:00:00,MUSDT,long,LONG_BREAKOUT,rule,Rule_Reject,impossible_reject,1,0.7525,False,
2026-06-08 22:00:00,POWERUSDT,long,LONG_REVERSAL,rule,Rule_Reject,impossible_reject,1,0.7014,False,
2026-06-08 22:00:00,SKYAIUSDT,short,SHORT_REVERSAL,rule,Rule_Reject,medium_reject,1,0.8419,False,
2026-06-08 22:00:00,GWEIUSDT,short,SHORT_REVERSAL,rule,Rule_Reject,impossible_reject,1,1.0,False,
2026-06-08 22:00:00,ZBTUSDT,short,SHORT_REVERSAL,rule,Rule_Reject,impossible_reject,1,0.5923,False,
2026-06-08 22:00:00,MYXUSDT,short,SHORT_REVERSAL,rule,Rule_Reject,impossible_reject,1,0.6135,False,
2026-06-08 22:00:00,AKTUSDT,short,SHORT_REVERSAL,rule,Rule_Reject,impossible_reject,1,0.8726,False,
2026-06-09 00:00:00,POWERUSDT,long,LONG_REVERSAL,rule,Rule_Reject,impossible_reject,1,0.6485,False,
2026-06-09 00:00:00,EDGEUSDT,long,LONG_BREAKOUT,rule,Rule_Reject,impossible_reject,1,1.0,False,
2026-06-09 00:00:00,BERAUSDT,long,LONG_BREAKOUT,rule,Rule_Reject,impossible_reject,1,0.3513,False,
2026-06-09 00:00:00,TONUSDT,long,LONG_CONTINUATION,rule,Rule_Reject,impossible_reject,1,0.418,False,
2026-06-09 00:00:00,ORCAUSDT,long,LONG_REVERSAL,rule,Rule_Reject,impossible_reject,1,0.4634,False,
2026-06-09 00:00:00,AIOTUSDT,short,UNLABELED,rule,Pattern_Reject,impossible_reject,1,0.7234,False,
2026-06-09 00:00:00,MORPHOUSDT,short,SHORT_REVERSAL,rule,Rule_Reject,impossible_reject,1,1.0,False,
2026-06-09 00:00:00,JTOUSDT,short,SHORT_REVERSAL,rule,Rule_Reject,impossible_reject,1,0.9502,False,
2026-06-09 00:00:00,ALLOUSDT,short,UNLABELED,rule,Pattern_Reject,impossible_reject,1,1.0,False,
2026-06-09 00:00:00,VVVUSDT,short,SHORT_REVERSAL,rule,Rule_Reject,impossible_reject,1,0.3572,False,
2026-06-09 02:00:00,WLDUSDT,long,UNLABELED,rule,Pattern_Reject,impossible_reject,2,0.8542,False,
2026-06-09 02:00:00,BSBUSDT,long,LONG_REVERSAL,rule,Rule_Reject,impossible_reject,1,0.6468,False,
2026-06-09 02:00:00,ENSOUSDT,long,LONG_BREAKOUT,rule,Rule_Reject,impossible_reject,1,0.5983,False,
2026-06-09 02:00:00,GWEIUSDT,long,LONG_BREAKOUT,rule,Rule_Reject,impossible_reject,1,0.8262,False,
2026-06-09 02:00:00,LIGHTUSDT,long,UNLABELED,rule,Pattern_Reject,impossible_reject,2,0.5832,False,
2026-06-09 02:00:00,VELVETUSDT,short,UNLABELED,rule,Pattern_Reject,impossible_reject,1,0.5943,False,
2026-06-09 02:00:00,POWERUSDT,short,SHORT_REVERSAL,rule,Rule_Reject,impossible_reject,1,0.5016,False,
2026-06-09 02:00:00,LAYERUSDT,short,UNLABELED,rule,Pattern_Reject,impossible_reject,1,1.0,False,
2026-06-09 02:00:00,STGUSDT,short,SHORT_REVERSAL,rule,Rule_Reject,impossible_reject,1,0.1789,False,
2026-06-09 02:00:00,COMPUSDT,short,SHORT_REVERSAL,rule,Rule_Reject,impossible_reject,1,1.0,False,
2026-06-09 04:00:00,CUSDT,long,LONG_BREAKOUT,rule,Rule_Reject,impossible_reject,1,0.5236,False,
2026-06-09 04:00:00,HEIUSDT,long,LONG_REVERSAL,rule,Rule_Reject,impossible_reject,1,0.6204,False,
2026-06-09 04:00:00,SIRENUSDT,long,LONG_REVERSAL,rule,Rule_Reject,impossible_reject,1,0.4978,False,
2026-06-09 04:00:00,COMPUSDT,long,LONG_CONTINUATION,rule,Rule_Reject,impossible_reject,1,0.4389,False,
2026-06-09 04:00:00,UBUSDT,long,LONG_BREAKOUT,rule,Rule_Reject,impossible_reject,1,0.5747,False,
2026-06-09 04:00:00,WLDUSDT,short,SHORT_REVERSAL,rule,Rule_Reject,impossible_reject,1,1.0,False,
2026-06-09 04:00:00,VVVUSDT,short,SHORT_REVERSAL,rule,Rule_Reject,impossible_reject,1,0.3466,False,
2026-06-09 04:00:00,USELESSUSDT,short,SHORT_CONTINUATION,rule,Rule_Reject,impossible_reject,1,0.5558,False,
2026-06-09 04:00:00,STARUSDT,short,SHORT_REVERSAL,rule,Rule_Reject,impossible_reject,1,0.7082,False,
2026-06-09 04:00:00,INJUSDT,short,SHORT_REVERSAL,rule,Rule_Reject,impossible_reject,1,0.6662,False,
2026-06-09 06:00:00,CCUSDT,long,LONG_CONTINUATION,rule,Rule_Reject,impossible_reject,1,0.3439,False,
2026-06-09 06:00:00,MYXUSDT,long,LONG_REVERSAL,rule,Rule_Reject,impossible_reject,1,0.9938,False,
2026-06-09 06:00:00,FOLKSUSDT,long,LONG_REVERSAL,rule,Rule_Reject,impossible_reject,1,0.9055,False,
2026-06-09 06:00:00,GWEIUSDT,long,SHORT_BREAKDOWN,rule,Rule_Reject,impossible_reject,1,0.8352,False,
2026-06-09 06:00:00,WLDUSDT,long,UNLABELED,rule,Pattern_Reject,impossible_reject,2,0.2214,False,
2026-06-09 06:00:00,WLDUSDT,short,UNLABELED,rule,Pattern_Reject,impossible_reject,1,0.3257,False,
2026-06-09 06:00:00,BSBUSDT,short,SHORT_REVERSAL,rule,Rule_Reject,impossible_reject,1,0.6055,False,
2026-06-09 06:00:00,GUAUSDT,short,UNLABELED,rule,Pattern_Reject,impossible_reject,1,0.4065,False,
2026-06-09 06:00:00,GWEIUSDT,short,SHORT_BREAKDOWN,rule,Rule_Reject,impossible_reject,1,0.8832,False,
2026-06-09 06:00:00,LAYERUSDT,short,LONG_REVERSAL,rule,Rule_Reject,impossible_reject,1,0.1483,False,
2026-06-09 08:00:00,ESPORTSUSDT,long,LONG_REVERSAL,rule,Rule_Reject,impossible_reject,1,1.0,False,
2026-06-09 08:00:00,POWERUSDT,long,LONG_REVERSAL,rule,Rule_Reject,impossible_reject,1,0.7787,False,
2026-06-09 08:00:00,ZESTUSDT,long,UNLABELED,rule,Pattern_Reject,impossible_reject,2,0.5333,False,
2026-06-09 08:00:00,GUAUSDT,long,SHORT_REVERSAL,rule,Rule_Reject,impossible_reject,1,0.4567,False,
2026-06-09 08:00:00,LIGHTUSDT,long,UNLABELED,rule,Pattern_Reject,impossible_reject,2,0.371,False,
2026-06-09 08:00:00,GUAUSDT,short,SHORT_REVERSAL,rule,Rule_Reject,impossible_reject,1,0.5169,False,
2026-06-09 08:00:00,EPICUSDT,short,SHORT_BREAKDOWN,rule,Rule_Reject,impossible_reject,1,0.8083,False,
2026-06-09 08:00:00,BTWUSDT,short,SHORT_REVERSAL,rule,Rule_Reject,impossible_reject,1,0.3447,False,
2026-06-09 08:00:00,MANTAUSDT,short,SHORT_REVERSAL,rule,Rule_Reject,impossible_reject,1,0.7885,False,
2026-06-09 08:00:00,LAYERUSDT,short,SHORT_REVERSAL,rule,Rule_Reject,impossible_reject,1,0.3983,False,
2026-06-09 10:00:00,ALLOUSDT,long,UNLABELED,rule,Pattern_Reject,impossible_reject,2,0.8178,False,
2026-06-09 10:00:00,MEUSDT,long,LONG_BREAKOUT,rule,Rule_Reject,impossible_reject,1,0.9796,False,
2026-06-09 10:00:00,SLXUSDT,long,LONG_REVERSAL,rule,Rule_Reject,impossible_reject,1,1.0,False,
2026-06-09 10:00:00,ZESTUSDT,long,LONG_BREAKOUT,rule,Rule_Reject,impossible_reject,1,0.7679,False,
2026-06-09 10:00:00,GUAUSDT,long,UNLABELED,rule,Pattern_Reject,impossible_reject,2,0.1884,False,
2026-06-09 10:00:00,ESPORTSUSDT,short,LONG_REVERSAL,rule,Rule_Reject,impossible_reject,1,0.9929,False,
2026-06-09 10:00:00,UBUSDT,short,SHORT_REVERSAL,rule,Rule_Reject,impossible_reject,1,0.6769,False,
2026-06-09 10:00:00,LAYERUSDT,short,SHORT_BREAKDOWN,rule,Rule_Reject,impossible_reject,1,1.0,False,
2026-06-09 10:00:00,INUSDT,short,SHORT_BREAKDOWN,rule,Rule_Reject,impossible_reject,1,1.0,False,
2026-06-09 10:00:00,GWEIUSDT,short,LONG_REVERSAL,rule,Rule_Reject,impossible_reject,1,0.4737,False,
2026-06-09 12:00:00,ESPORTSUSDT,long,LONG_BREAKOUT,rule,Rule_Reject,medium_reject,1,1.0,False,
2026-06-09 12:00:00,PLAYUSDT,long,LONG_CONTINUATION,rule,Rule_Reject,impossible_reject,1,0.3171,False,
2026-06-09 12:00:00,LIGHTUSDT,long,LONG_REVERSAL,rule,Rule_Reject,impossible_reject,1,0.4883,False,
2026-06-09 12:00:00,GUAUSDT,long,LONG_REVERSAL,rule,Rule_Reject,impossible_reject,1,0.8538,False,
2026-06-09 12:00:00,BSBUSDT,long,LONG_REVERSAL,rule,Rule_Reject,impossible_reject,1,1.0,False,
2026-06-09 12:00:00,BEATUSDT,short,SHORT_REVERSAL,rule,Rule_Reject,impossible_reject,1,0.9098,False,
2026-06-09 12:00:00,BTWUSDT,short,SHORT_REVERSAL,rule,Rule_Reject,impossible_reject,1,0.9965,False,
2026-06-09 12:00:00,AIOUSDT,short,SHORT_BREAKDOWN,rule,Rule_Reject,impossible_reject,1,0.6406,False,
2026-06-09 12:00:00,HEIUSDT,short,SHORT_BREAKDOWN,rule,Rule_Reject,impossible_reject,1,0.5263,False,
2026-06-09 12:00:00,SLXUSDT,short,UNLABELED,rule,Pattern_Reject,impossible_reject,1,0.6077,False,
2026-06-09 14:00:00,SLXUSDT,long,LONG_BREAKOUT,rule,Rule_Reject,impossible_reject,1,0.8413,False,
2026-06-09 14:00:00,GWEIUSDT,long,LONG_BREAKOUT,rule,Rule_Reject,impossible_reject,1,1.0,False,
2026-06-09 14:00:00,AIOTUSDT,long,LONG_REVERSAL,rule,Rule_Reject,impossible_reject,1,0.9692,False,
2026-06-09 14:00:00,SIRENUSDT,long,LONG_REVERSAL,rule,Rule_Reject,medium_reject,1,1.0,False,
2026-06-09 14:00:00,ZESTUSDT,long,LONG_BREAKOUT,rule,Rule_Reject,impossible_reject,1,1.0,False,
2026-06-09 14:00:00,ALLOUSDT,short,SHORT_REVERSAL,rule,Rule_Reject,impossible_reject,1,0.4616,False,
2026-06-09 14:00:00,ESPORTSUSDT,short,SHORT_REVERSAL,rule,Rule_Reject,impossible_reject,1,1.0,False,
2026-06-09 14:00:00,BSBUSDT,short,LONG_REVERSAL,rule,Rule_Reject,impossible_reject,1,0.3601,False,
2026-06-09 14:00:00,STARUSDT,short,SHORT_REVERSAL,rule,Rule_Reject,impossible_reject,1,0.3672,False,
2026-06-09 14:00:00,SKYAIUSDT,short,LONG_REVERSAL,rule,Rule_Reject,impossible_reject,1,1.0,False,
2026-06-09 16:00:00,SLXUSDT,long,LONG_CONTINUATION,rule,PASS,pass,0,1.0,True,
2026-06-09 16:00:00,HEIUSDT,long,LONG_BREAKOUT,rule,Rule_Reject,medium_reject,1,0.8802,False,
2026-06-09 16:00:00,ESPORTSUSDT,long,LONG_REVERSAL,rule,Rule_Reject,impossible_reject,1,1.0,False,
2026-06-09 16:00:00,OPGUSDT,long,LONG_REVERSAL,rule,Rule_Reject,impossible_reject,1,0.4177,False,
2026-06-09 16:00:00,STARUSDT,long,LONG_BREAKOUT,rule,Rule_Reject,impossible_reject,1,1.0,False,
2026-06-09 16:00:00,VELVETUSDT,short,UNLABELED,rule,Pattern_Reject,medium_reject,1,1.0,False,
2026-06-09 16:00:00,ZESTUSDT,short,LONG_REVERSAL,rule,Rule_Reject,impossible_reject,1,1.0,False,
2026-06-09 16:00:00,AIOTUSDT,short,SHORT_CONTINUATION,rule,Rule_Reject,impossible_reject,1,0.207,False,
2026-06-09 16:00:00,GWEIUSDT,short,UNLABELED,rule,Pattern_Reject,impossible_reject,1,0.3278,False,
2026-06-09 16:00:00,POWERUSDT,short,SHORT_REVERSAL,rule,Rule_Reject,impossible_reject,1,0.5974,False,
2026-06-09 16:00:00,SLXUSDT,long,LONG_CONTINUATION,portfolio,Low_Score,,,,True,71.14
2026-06-09 18:00:00,VELVETUSDT,long,LONG_BREAKOUT,rule,Rule_Reject,impossible_reject,1,1.0,False,
2026-06-09 18:00:00,CUSDT,long,LONG_BREAKOUT,rule,Rule_Reject,impossible_reject,1,1.0,False,
2026-06-09 18:00:00,ALLOUSDT,long,LONG_BREAKOUT,rule,Rule_Reject,impossible_reject,1,0.5,False,
2026-06-09 18:00:00,AIOTUSDT,long,LONG_BREAKOUT,rule,Rule_Reject,impossible_reject,1,0.8416,False,
2026-06-09 18:00:00,NMRUSDT,long,LONG_REVERSAL,rule,Rule_Reject,impossible_reject,1,0.3911,False,
2026-06-09 18:00:00,SLXUSDT,short,SHORT_REVERSAL,rule,Rule_Reject,impossible_reject,1,0.6141,False,
2026-06-09 18:00:00,OPGUSDT,short,SHORT_REVERSAL,rule,Rule_Reject,impossible_reject,1,0.5079,False,
2026-06-09 18:00:00,ZESTUSDT,short,SHORT_REVERSAL,rule,Rule_Reject,impossible_reject,1,0.1856,False,
2026-06-09 18:00:00,FOLKSUSDT,short,SHORT_BREAKDOWN,rule,Rule_Reject,impossible_reject,1,0.9081,False,
2026-06-09 18:00:00,STGUSDT,short,SHORT_REVERSAL,rule,Rule_Reject,impossible_reject,1,0.5209,False,
2026-06-09 20:00:00,BTWUSDT,long,LONG_BREAKOUT,rule,Rule_Reject,impossible_reject,1,1.0,False,
2026-06-09 20:00:00,PLAYUSDT,long,LONG_BREAKOUT,rule,Rule_Reject,impossible_reject,1,1.0,False,
2026-06-09 20:00:00,BSBUSDT,long,LONG_BREAKOUT,rule,Rule_Reject,impossible_reject,1,0.6319,False,
2026-06-09 20:00:00,POWERUSDT,long,LONG_REVERSAL,rule,Rule_Reject,impossible_reject,1,1.0,False,
2026-06-09 20:00:00,VELVETUSDT,long,LONG_BREAKOUT,rule,Rule_Reject,impossible_reject,1,0.7058,False,
2026-06-09 20:00:00,HUSDT,short,UNLABELED,rule,Pattern_Reject,impossible_reject,1,1.0,False,
2026-06-09 20:00:00,BEATUSDT,short,SHORT_REVERSAL,rule,Rule_Reject,impossible_reject,1,1.0,False,
2026-06-09 20:00:00,EPICUSDT,short,SHORT_REVERSAL,rule,Rule_Reject,impossible_reject,1,1.0,False,
2026-06-09 20:00:00,ESPORTSUSDT,short,SHORT_BREAKDOWN,rule,Rule_Reject,impossible_reject,1,0.3471,False,
2026-06-09 20:00:00,LIGHTUSDT,short,SHORT_REVERSAL,rule,Rule_Reject,impossible_reject,1,0.2508,False,
2026-06-09 22:00:00,BSBUSDT,long,LONG_REVERSAL,rule,Rule_Reject,impossible_reject,1,0.7685,False,
2026-06-09 22:00:00,BTWUSDT,long,LONG_CONTINUATION,rule,Rule_Reject,impossible_reject,1,0.6257,False,
2026-06-09 22:00:00,EVAAUSDT,long,LONG_BREAKOUT,rule,Rule_Reject,impossible_reject,1,1.0,False,
2026-06-09 22:00:00,STGUSDT,long,LONG_BREAKOUT,rule,Rule_Reject,impossible_reject,1,1.0,False,
2026-06-09 22:00:00,BEATUSDT,long,LONG_REVERSAL,rule,Rule_Reject,impossible_reject,1,1.0,False,
2026-06-09 22:00:00,HUSDT,short,SHORT_BREAKDOWN,rule,PASS,pass,0,1.0,True,
2026-06-09 22:00:00,POWERUSDT,short,UNLABELED,rule,Pattern_Reject,impossible_reject,1,1.0,False,
2026-06-09 22:00:00,MORPHOUSDT,short,SHORT_REVERSAL,rule,Rule_Reject,impossible_reject,1,0.4328,False,
2026-06-09 22:00:00,ESPORTSUSDT,short,SHORT_BREAKDOWN,rule,Rule_Reject,impossible_reject,1,1.0,False,
2026-06-09 22:00:00,OGUSDT,short,SHORT_REVERSAL,rule,Rule_Reject,impossible_reject,1,1.0,False,
2026-06-09 22:00:00,HUSDT,short,SHORT_BREAKDOWN,portfolio,Low_Score,,,,True,61.51
2026-06-10 00:00:00,POWERUSDT,long,LONG_REVERSAL,rule,Rule_Reject,impossible_reject,1,0.4711,False,
2026-06-10 00:00:00,BASEDUSDT,long,LONG_CONTINUATION,rule,Rule_Reject,impossible_reject,1,0.4807,False,
2026-06-10 00:00:00,ATOMUSDT,long,LONG_REVERSAL,rule,Rule_Reject,impossible_reject,1,0.4076,False,
2026-06-10 00:00:00,BTWUSDT,long,LONG_BREAKOUT,rule,Rule_Reject,impossible_reject,1,0.8283,False,
2026-06-10 00:00:00,INITUSDT,long,LONG_REVERSAL,rule,Rule_Reject,impossible_reject,1,0.5453,False,
2026-06-10 00:00:00,CUSDT,short,SHORT_BREAKDOWN,rule,Rule_Reject,medium_reject,1,1.0,False,
2026-06-10 00:00:00,VELVETUSDT,short,LONG_REVERSAL,rule,Rule_Reject,impossible_reject,1,0.894,False,
2026-06-10 00:00:00,WLDUSDT,short,UNLABELED,rule,Pattern_Reject,impossible_reject,1,0.6086,False,
2026-06-10 00:00:00,STGUSDT,short,SHORT_REVERSAL,rule,Rule_Reject,impossible_reject,1,0.8604,False,
2026-06-10 00:00:00,BSBUSDT,short,SHORT_BREAKDOWN,rule,Rule_Reject,impossible_reject,1,1.0,False,
2026-06-10 02:00:00,BTWUSDT,long,LONG_BREAKOUT,rule,Rule_Reject,impossible_reject,1,0.5258,False,
2026-06-10 02:00:00,STGUSDT,long,LONG_REVERSAL,rule,Rule_Reject,impossible_reject,1,0.8263,False,
2026-06-10 02:00:00,PLAYUSDT,long,LONG_REVERSAL,rule,Rule_Reject,impossible_reject,1,1.0,False,
2026-06-10 02:00:00,ENAUSDT,long,LONG_REVERSAL,rule,Rule_Reject,impossible_reject,1,0.4691,False,
2026-06-10 02:00:00,CRVUSDT,long,LONG_CONTINUATION,rule,Rule_Reject,impossible_reject,1,0.2627,False,
2026-06-10 02:00:00,VELVETUSDT,short,SHORT_REVERSAL,rule,Rule_Reject,medium_reject,1,0.677,False,
2026-06-10 02:00:00,POWERUSDT,short,SHORT_BREAKDOWN,rule,Rule_Reject,medium_reject,1,1.0,False,
2026-06-10 02:00:00,SLXUSDT,short,SHORT_REVERSAL,rule,Rule_Reject,impossible_reject,1,1.0,False,
2026-06-10 02:00:00,BEATUSDT,short,SHORT_REVERSAL,rule,Rule_Reject,impossible_reject,1,1.0,False,
2026-06-10 02:00:00,PARTIUSDT,short,UNLABELED,rule,Pattern_Reject,impossible_reject,1,1.0,False,
2026-06-10 04:00:00,OPNUSDT,long,LONG_CONTINUATION,rule,Rule_Reject,impossible_reject,1,1.0,False,
2026-06-10 04:00:00,BTWUSDT,long,LONG_BREAKOUT,rule,Rule_Reject,impossible_reject,1,1.0,False,
2026-06-10 04:00:00,STGUSDT,long,LONG_BREAKOUT,rule,Rule_Reject,impossible_reject,1,0.4589,False,
2026-06-10 04:00:00,MORPHOUSDT,long,LONG_CONTINUATION,rule,Rule_Reject,impossible_reject,1,0.274,False,
2026-06-10 04:00:00,RIFUSDT,long,LONG_REVERSAL,rule,Rule_Reject,impossible_reject,1,0.1752,False,
2026-06-10 04:00:00,ESPORTSUSDT,short,UNLABELED,rule,Pattern_Reject,impossible_reject,1,1.0,False,
2026-06-10 04:00:00,SLXUSDT,short,LONG_REVERSAL,rule,Rule_Reject,impossible_reject,1,0.2213,False,
2026-06-10 04:00:00,GUAUSDT,short,UNLABELED,rule,Pattern_Reject,impossible_reject,1,0.8559,False,
2026-06-10 04:00:00,IMXUSDT,short,SHORT_REVERSAL,rule,Rule_Reject,impossible_reject,1,0.4307,False,
2026-06-10 04:00:00,ASRUSDT,short,SHORT_CONTINUATION,rule,Rule_Reject,impossible_reject,1,1.0,False,
2026-06-10 06:00:00,BTWUSDT,long,LONG_REVERSAL,rule,Rule_Reject,impossible_reject,1,1.0,False,
2026-06-10 06:00:00,UBUSDT,long,LONG_BREAKOUT,rule,Rule_Reject,impossible_reject,1,0.7498,False,
2026-06-10 06:00:00,INUSDT,long,LONG_CONTINUATION,rule,Rule_Reject,impossible_reject,1,0.3408,False,
2026-06-10 06:00:00,EVAAUSDT,long,LONG_BREAKOUT,rule,Rule_Reject,impossible_reject,1,1.0,False,
2026-06-10 06:00:00,UAIUSDT,long,UNLABELED,rule,Pattern_Reject,impossible_reject,2,0.3769,False,
2026-06-10 06:00:00,ESPORTSUSDT,short,SHORT_REVERSAL,rule,Rule_Reject,impossible_reject,1,1.0,False,
2026-06-10 06:00:00,POWERUSDT,short,SHORT_REVERSAL,rule,Rule_Reject,impossible_reject,1,0.5475,False,
2026-06-10 06:00:00,WLDUSDT,short,SHORT_REVERSAL,rule,Rule_Reject,impossible_reject,1,0.87,False,
2026-06-10 06:00:00,NEARUSDT,short,UNLABELED,rule,Pattern_Reject,impossible_reject,1,0.3225,False,
2026-06-10 06:00:00,ONUSDT,short,UNLABELED,rule,Pattern_Reject,impossible_reject,1,0.498,False,
2026-06-10 08:00:00,BTWUSDT,long,LONG_BREAKOUT,rule,Rule_Reject,medium_reject,1,0.6884,False,
2026-06-10 08:00:00,STGUSDT,long,LONG_REVERSAL,rule,Rule_Reject,impossible_reject,1,0.7886,False,
2026-06-10 08:00:00,EVAAUSDT,long,LONG_CONTINUATION,rule,Rule_Reject,impossible_reject,1,0.3722,False,
2026-06-10 08:00:00,OPENUSDT,long,LONG_REVERSAL,rule,Rule_Reject,impossible_reject,1,0.2603,False,
2026-06-10 08:00:00,SAPIENUSDT,long,LONG_REVERSAL,rule,Rule_Reject,impossible_reject,1,0.3534,False,
2026-06-10 08:00:00,EPICUSDT,short,SHORT_REVERSAL,rule,Rule_Reject,impossible_reject,1,0.5439,False,
2026-06-10 08:00:00,LITUSDT,short,LONG_REVERSAL,rule,Rule_Reject,impossible_reject,1,0.1662,False,
2026-06-10 08:00:00,DUSKUSDT,short,SHORT_CONTINUATION,rule,Rule_Reject,impossible_reject,1,0.4521,False,
2026-06-10 08:00:00,XPLUSDT,short,SHORT_BREAKDOWN,rule,Rule_Reject,impossible_reject,1,0.4093,False,
2026-06-10 08:00:00,BTWUSDT,short,LONG_BREAKOUT,rule,Rule_Reject,medium_reject,1,0.5217,False,
2026-06-10 10:00:00,BTWUSDT,long,LONG_BREAKOUT,rule,PASS,pass,0,1.0,True,
2026-06-10 10:00:00,STGUSDT,long,LONG_BREAKOUT,rule,Rule_Reject,impossible_reject,1,0.855,False,
2026-06-10 10:00:00,STARUSDT,long,LONG_BREAKOUT,rule,Rule_Reject,impossible_reject,1,0.4213,False,
2026-06-10 10:00:00,POWERUSDT,long,SHORT_REVERSAL,rule,Rule_Reject,impossible_reject,1,0.7468,False,
2026-06-10 10:00:00,CLOUSDT,long,LONG_CONTINUATION,rule,Rule_Reject,impossible_reject,1,1.0,False,
2026-06-10 10:00:00,HUSDT,short,SHORT_BREAKDOWN,rule,PASS,pass,0,1.0,True,
2026-06-10 10:00:00,OPGUSDT,short,SHORT_REVERSAL,rule,Rule_Reject,impossible_reject,1,0.4324,False,
2026-06-10 10:00:00,ASRUSDT,short,SHORT_CONTINUATION,rule,Rule_Reject,impossible_reject,1,0.4601,False,
2026-06-10 10:00:00,EDGEUSDT,short,SHORT_REVERSAL,rule,Rule_Reject,impossible_reject,1,0.5216,False,
2026-06-10 10:00:00,PLAYUSDT,short,SHORT_REVERSAL,rule,Rule_Reject,impossible_reject,1,1.0,False,
2026-06-10 10:00:00,BTWUSDT,long,LONG_BREAKOUT,portfolio,Replacement,,,,True,77.77
2026-06-10 10:00:00,HUSDT,short,SHORT_BREAKDOWN,portfolio,Low_Score,,,,True,68.16
2026-06-10 12:00:00,OPNUSDT,long,LONG_BREAKOUT,rule,Rule_Reject,impossible_reject,1,0.7177,False,
2026-06-10 12:00:00,CUSDT,long,LONG_BREAKOUT,rule,Rule_Reject,impossible_reject,1,0.9803,False,
2026-06-10 12:00:00,CLOUSDT,long,LONG_BREAKOUT,rule,Rule_Reject,impossible_reject,1,1.0,False,
2026-06-10 12:00:00,ONUSDT,long,LONG_BREAKOUT,rule,Rule_Reject,impossible_reject,1,0.3625,False,
2026-06-10 12:00:00,PRLUSDT,long,LONG_BREAKOUT,rule,Rule_Reject,impossible_reject,1,0.2213,False,
2026-06-10 12:00:00,HUSDT,short,UNLABELED,rule,Pattern_Reject,impossible_reject,1,1.0,False,
2026-06-10 12:00:00,BTWUSDT,short,SHORT_BREAKDOWN,rule,PASS,pass,0,1.0,True,
2026-06-10 12:00:00,IOUSDT,short,SHORT_BREAKDOWN,rule,Rule_Reject,impossible_reject,1,0.3068,False,
2026-06-10 12:00:00,EVAAUSDT,short,SHORT_BREAKDOWN,rule,Rule_Reject,impossible_reject,1,0.6959,False,
2026-06-10 12:00:00,STGUSDT,short,SHORT_BREAKDOWN,rule,Rule_Reject,medium_reject,1,1.0,False,
2026-06-10 12:00:00,BTWUSDT,short,SHORT_BREAKDOWN,portfolio,Low_Score,,,,True,64.62
2026-06-10 14:00:00,STGUSDT,long,LONG_BREAKOUT,rule,Rule_Reject,medium_reject,1,1.0,False,
2026-06-10 14:00:00,BTWUSDT,long,LONG_REVERSAL,rule,Rule_Reject,impossible_reject,1,0.7968,False,
2026-06-10 14:00:00,HUSDT,long,LONG_REVERSAL,rule,Rule_Reject,impossible_reject,1,0.2475,False,
2026-06-10 14:00:00,UBUSDT,long,LONG_CONTINUATION,rule,Rule_Reject,impossible_reject,1,1.0,False,
2026-06-10 14:00:00,HEIUSDT,long,LONG_REVERSAL,rule,Rule_Reject,impossible_reject,1,0.1978,False,
2026-06-10 14:00:00,PLAYUSDT,short,SHORT_BREAKDOWN,rule,Rule_Reject,impossible_reject,1,0.9042,False,
2026-06-10 14:00:00,MAGMAUSDT,short,SHORT_REVERSAL,rule,Rule_Reject,impossible_reject,1,1.0,False,
2026-06-10 14:00:00,UAIUSDT,short,SHORT_REVERSAL,rule,Rule_Reject,impossible_reject,1,0.5451,False,
2026-06-10 14:00:00,BEATUSDT,short,SHORT_REVERSAL,rule,Rule_Reject,impossible_reject,1,0.5518,False,
2026-06-10 14:00:00,PARTIUSDT,short,SHORT_BREAKDOWN,rule,Rule_Reject,impossible_reject,1,1.0,False,
2026-06-10 16:00:00,ESPORTSUSDT,long,LONG_BREAKOUT,rule,PASS,pass,0,0.6195,True,
2026-06-10 16:00:00,IOUSDT,long,LONG_BREAKOUT,rule,Rule_Reject,impossible_reject,1,1.0,False,
2026-06-10 16:00:00,EPICUSDT,long,LONG_BREAKOUT,rule,Rule_Reject,impossible_reject,1,0.4464,False,
2026-06-10 16:00:00,WLFIUSDT,long,LONG_BREAKOUT,rule,Rule_Reject,impossible_reject,1,0.7961,False,
2026-06-10 16:00:00,UAIUSDT,long,LONG_BREAKOUT,rule,Rule_Reject,impossible_reject,1,1.0,False,
2026-06-10 16:00:00,BEATUSDT,short,SHORT_CONTINUATION,rule,Rule_Reject,impossible_reject,1,1.0,False,
2026-06-10 16:00:00,AVNTUSDT,short,SHORT_REVERSAL,rule,Rule_Reject,impossible_reject,1,0.369,False,
2026-06-10 16:00:00,GWEIUSDT,short,SHORT_REVERSAL,rule,Rule_Reject,impossible_reject,1,0.5609,False,
2026-06-10 16:00:00,VELVETUSDT,short,UNLABELED,rule,Pattern_Reject,impossible_reject,1,0.2257,False,
2026-06-10 16:00:00,ESPORTSUSDT,short,LONG_BREAKOUT,rule,PASS,pass,0,0.4528,True,
2026-06-10 16:00:00,ESPORTSUSDT,long,LONG_BREAKOUT,portfolio,Replacement,,,,True,84.06
2026-06-10 16:00:00,ESPORTSUSDT,short,LONG_BREAKOUT,portfolio,Low_Score,,,,True,79.17
2026-06-10 18:00:00,GENIUSUSDT,long,LONG_CONTINUATION,rule,Rule_Reject,impossible_reject,1,0.5791,False,
2026-06-10 18:00:00,AVNTUSDT,long,LONG_REVERSAL,rule,Rule_Reject,impossible_reject,1,0.6039,False,
2026-06-10 18:00:00,UAIUSDT,long,UNLABELED,rule,Pattern_Reject,impossible_reject,2,0.586,False,
2026-06-10 18:00:00,HYPERUSDT,long,LONG_CONTINUATION,rule,Rule_Reject,impossible_reject,1,0.6063,False,
2026-06-10 18:00:00,USELESSUSDT,long,UNLABELED,rule,Pattern_Reject,impossible_reject,2,0.6733,False,
2026-06-10 18:00:00,VELVETUSDT,short,SHORT_REVERSAL,rule,Rule_Reject,medium_reject,1,1.0,False,
2026-06-10 18:00:00,UBUSDT,short,UNLABELED,rule,Pattern_Reject,impossible_reject,1,0.3813,False,
2026-06-10 18:00:00,ESPORTSUSDT,short,UNLABELED,rule,Pattern_Reject,impossible_reject,1,1.0,False,
2026-06-10 18:00:00,HEIUSDT,short,SHORT_REVERSAL,rule,Rule_Reject,impossible_reject,1,0.3695,False,
2026-06-10 18:00:00,IOUSDT,short,SHORT_REVERSAL,rule,Rule_Reject,impossible_reject,1,0.3733,False,
2026-06-10 20:00:00,ESPORTSUSDT,long,LONG_CONTINUATION,rule,Rule_Reject,impossible_reject,1,0.7119,False,
2026-06-10 20:00:00,MAGMAUSDT,long,LONG_BREAKOUT,rule,Rule_Reject,impossible_reject,1,1.0,False,
2026-06-10 20:00:00,STGUSDT,long,LONG_REVERSAL,rule,Rule_Reject,impossible_reject,1,0.5495,False,
2026-06-10 20:00:00,MELANIAUSDT,long,UNLABELED,rule,Pattern_Reject,impossible_reject,2,0.7671,False,
2026-06-10 20:00:00,GUAUSDT,long,UNLABELED,rule,Pattern_Reject,impossible_reject,2,0.4168,False,
2026-06-10 20:00:00,EVAAUSDT,short,SHORT_REVERSAL,rule,Rule_Reject,medium_reject,1,1.0,False,
2026-06-10 20:00:00,ALLOUSDT,short,SHORT_CONTINUATION,rule,Rule_Reject,impossible_reject,1,0.8403,False,
2026-06-10 20:00:00,ICNTUSDT,short,SHORT_BREAKDOWN,rule,Rule_Reject,impossible_reject,1,1.0,False,
2026-06-10 20:00:00,JTOUSDT,short,SHORT_REVERSAL,rule,Rule_Reject,impossible_reject,1,0.7109,False,
2026-06-10 20:00:00,IOUSDT,short,SHORT_REVERSAL,rule,Rule_Reject,impossible_reject,1,0.8407,False,
2026-06-10 22:00:00,FOLKSUSDT,long,LONG_BREAKOUT,rule,Rule_Reject,medium_reject,1,0.7619,False,
2026-06-10 22:00:00,ZESTUSDT,long,LONG_REVERSAL,rule,Rule_Reject,impossible_reject,1,0.2956,False,
2026-06-10 22:00:00,ESPORTSUSDT,long,LONG_REVERSAL,rule,Rule_Reject,impossible_reject,1,0.7849,False,
2026-06-10 22:00:00,WLFIUSDT,long,LONG_REVERSAL,rule,Rule_Reject,impossible_reject,1,0.5742,False,
2026-06-10 22:00:00,BANUSDT,long,LONG_BREAKOUT,rule,Rule_Reject,impossible_reject,1,1.0,False,
2026-06-10 22:00:00,SKYAIUSDT,short,SHORT_BREAKDOWN,rule,Rule_Reject,impossible_reject,1,0.5011,False,
2026-06-10 22:00:00,BTWUSDT,short,SHORT_REVERSAL,rule,Rule_Reject,impossible_reject,1,1.0,False,
2026-06-10 22:00:00,STGUSDT,short,SHORT_BREAKDOWN,rule,Rule_Reject,impossible_reject,1,1.0,False,
2026-06-10 22:00:00,ATOMUSDT,short,SHORT_REVERSAL,rule,Rule_Reject,impossible_reject,1,0.5088,False,
2026-06-10 22:00:00,RIFUSDT,short,SHORT_REVERSAL,rule,Rule_Reject,impossible_reject,1,0.6013,False,
2026-06-11 00:00:00,OPNUSDT,long,LONG_BREAKOUT,rule,PASS,pass,0,0.924,True,
2026-06-11 00:00:00,HUSDT,long,LONG_BREAKOUT,rule,Rule_Reject,impossible_reject,1,0.7717,False,
2026-06-11 00:00:00,ORDIUSDT,long,LONG_BREAKOUT,rule,Rule_Reject,impossible_reject,1,0.5246,False,
2026-06-11 00:00:00,BSBUSDT,long,UNLABELED,rule,Pattern_Reject,impossible_reject,2,0.5523,False,
2026-06-11 00:00:00,UBUSDT,long,UNLABELED,rule,Pattern_Reject,impossible_reject,2,1.0,False,
2026-06-11 00:00:00,STGUSDT,short,SHORT_REVERSAL,rule,Rule_Reject,impossible_reject,1,0.6981,False,
2026-06-11 00:00:00,BEATUSDT,short,SHORT_REVERSAL,rule,Rule_Reject,impossible_reject,1,1.0,False,
2026-06-11 00:00:00,BTWUSDT,short,UNLABELED,rule,Pattern_Reject,impossible_reject,1,1.0,False,
2026-06-11 00:00:00,OPENUSDT,short,SHORT_CONTINUATION,rule,Rule_Reject,impossible_reject,1,0.408,False,
2026-06-11 00:00:00,ESPORTSUSDT,short,UNLABELED,rule,Pattern_Reject,impossible_reject,1,0.4785,False,
2026-06-11 00:00:00,OPNUSDT,long,LONG_BREAKOUT,portfolio,Low_Score,,,,True,70.29
2026-06-11 02:00:00,AIOUSDT,long,LONG_REVERSAL,rule,Rule_Reject,impossible_reject,1,0.3715,False,
2026-06-11 02:00:00,BSBUSDT,long,LONG_REVERSAL,rule,Rule_Reject,impossible_reject,1,1.0,False,
2026-06-11 02:00:00,BTWUSDT,long,LONG_BREAKOUT,rule,Rule_Reject,impossible_reject,1,0.6304,False,
2026-06-11 02:00:00,FOLKSUSDT,long,LONG_BREAKOUT,rule,Rule_Reject,impossible_reject,1,1.0,False,
2026-06-11 02:00:00,IOUSDT,long,LONG_BREAKOUT,rule,Rule_Reject,impossible_reject,1,0.6671,False,
2026-06-11 02:00:00,BIRBUSDT,short,SHORT_REVERSAL,rule,Rule_Reject,medium_reject,1,1.0,False,
2026-06-11 02:00:00,GUAUSDT,short,SHORT_BREAKDOWN,rule,PASS,pass,0,1.0,True,
2026-06-11 02:00:00,STGUSDT,short,SHORT_REVERSAL,rule,Rule_Reject,impossible_reject,1,0.7948,False,
2026-06-11 02:00:00,BRUSDT,short,SHORT_REVERSAL,rule,Rule_Reject,impossible_reject,1,1.0,False,
2026-06-11 02:00:00,HUSDT,short,SHORT_REVERSAL,rule,Rule_Reject,impossible_reject,1,0.4941,False,
2026-06-11 02:00:00,GUAUSDT,short,SHORT_BREAKDOWN,portfolio,Low_Score,,,,True,59.88
2026-06-11 04:00:00,VELVETUSDT,long,LONG_BREAKOUT,rule,PASS,pass,0,1.0,True,
2026-06-11 04:00:00,ZESTUSDT,long,LONG_BREAKOUT,rule,Rule_Reject,impossible_reject,1,1.0,False,
2026-06-11 04:00:00,BSBUSDT,long,LONG_REVERSAL,rule,Rule_Reject,impossible_reject,1,0.2608,False,
2026-06-11 04:00:00,AIOUSDT,long,LONG_BREAKOUT,rule,Rule_Reject,impossible_reject,1,0.6649,False,
2026-06-11 04:00:00,SKYAIUSDT,long,UNLABELED,rule,Pattern_Reject,impossible_reject,2,0.2998,False,
2026-06-11 04:00:00,HUSDT,short,SHORT_REVERSAL,rule,Rule_Reject,impossible_reject,1,1.0,False,
2026-06-11 04:00:00,ORDIUSDT,short,SHORT_BREAKDOWN,rule,Rule_Reject,impossible_reject,1,0.3046,False,
2026-06-11 04:00:00,LITUSDT,short,SHORT_REVERSAL,rule,Rule_Reject,impossible_reject,1,0.6025,False,
2026-06-11 04:00:00,OPNUSDT,short,SHORT_REVERSAL,rule,Rule_Reject,impossible_reject,1,0.8864,False,
2026-06-11 04:00:00,STOUSDT,short,SHORT_CONTINUATION,rule,Rule_Reject,impossible_reject,1,0.5754,False,
2026-06-11 04:00:00,VELVETUSDT,long,LONG_BREAKOUT,portfolio,Low_Score,,,,True,76.18
2026-06-11 06:00:00,BEATUSDT,long,LONG_BREAKOUT,rule,Rule_Reject,impossible_reject,1,1.0,False,
2026-06-11 06:00:00,FOLKSUSDT,long,LONG_REVERSAL,rule,Rule_Reject,impossible_reject,1,0.9271,False,
2026-06-11 06:00:00,AIOUSDT,long,UNLABELED,rule,Pattern_Reject,impossible_reject,2,1.0,False,
2026-06-11 06:00:00,MYXUSDT,long,UNLABELED,rule,Pattern_Reject,impossible_reject,2,0.2196,False,
2026-06-11 06:00:00,CUSDT,long,UNLABELED,rule,Pattern_Reject,impossible_reject,2,0.5456,False,
2026-06-11 06:00:00,VELVETUSDT,short,UNLABELED,rule,Pattern_Reject,pass,0,1.0,True,
2026-06-11 06:00:00,BTWUSDT,short,LONG_REVERSAL,rule,Rule_Reject,medium_reject,1,1.0,False,
2026-06-11 06:00:00,ESPORTSUSDT,short,SHORT_REVERSAL,rule,Rule_Reject,medium_reject,1,0.5374,False,
2026-06-11 06:00:00,SKYAIUSDT,short,SHORT_REVERSAL,rule,Rule_Reject,impossible_reject,1,1.0,False,
2026-06-11 06:00:00,BIRBUSDT,short,SHORT_REVERSAL,rule,Rule_Reject,impossible_reject,1,1.0,False,
2026-06-11 06:00:00,VELVETUSDT,short,UNLABELED,portfolio,Low_Score,,,,True,70.67
2026-06-11 08:00:00,VELVETUSDT,long,LONG_BREAKOUT,rule,Rule_Reject,impossible_reject,1,1.0,False,
2026-06-11 08:00:00,UAIUSDT,long,LONG_CONTINUATION,rule,Rule_Reject,impossible_reject,1,0.1897,False,
2026-06-11 08:00:00,PARTIUSDT,long,LONG_BREAKOUT,rule,Rule_Reject,impossible_reject,1,0.9627,False,
2026-06-11 08:00:00,COLLECTUSDT,long,LONG_CONTINUATION,rule,Rule_Reject,impossible_reject,1,0.3959,False,
2026-06-11 08:00:00,SKYAIUSDT,long,LONG_REVERSAL,rule,Rule_Reject,impossible_reject,1,1.0,False,
2026-06-11 08:00:00,BEATUSDT,short,SHORT_REVERSAL,rule,Rule_Reject,impossible_reject,1,1.0,False,
2026-06-11 08:00:00,FOLKSUSDT,short,UNLABELED,rule,Pattern_Reject,impossible_reject,1,1.0,False,
2026-06-11 08:00:00,CUSDT,short,SHORT_REVERSAL,rule,Rule_Reject,impossible_reject,1,0.3874,False,
2026-06-11 08:00:00,ESPORTSUSDT,short,UNLABELED,rule,Pattern_Reject,impossible_reject,1,0.8481,False,
2026-06-11 08:00:00,CLOUSDT,short,SHORT_REVERSAL,rule,Rule_Reject,impossible_reject,1,0.3969,False,
2026-06-11 10:00:00,AIOUSDT,long,LONG_REVERSAL,rule,PASS,pass,0,1.0,True,
2026-06-11 10:00:00,CLOUSDT,long,LONG_BREAKOUT,rule,PASS,pass,0,0.6986,True,
2026-06-11 10:00:00,FOLKSUSDT,long,LONG_BREAKOUT,rule,Rule_Reject,impossible_reject,1,0.8328,False,
2026-06-11 10:00:00,OPNUSDT,long,LONG_REVERSAL,rule,Rule_Reject,impossible_reject,1,1.0,False,
2026-06-11 10:00:00,IOUSDT,long,LONG_BREAKOUT,rule,Rule_Reject,impossible_reject,1,0.4675,False,
2026-06-11 10:00:00,UAIUSDT,short,UNLABELED,rule,Pattern_Reject,medium_reject,1,1.0,False,
2026-06-11 10:00:00,STGUSDT,short,SHORT_REVERSAL,rule,Rule_Reject,impossible_reject,1,0.3289,False,
2026-06-11 10:00:00,HUSDT,short,SHORT_REVERSAL,rule,Rule_Reject,impossible_reject,1,1.0,False,
2026-06-11 10:00:00,ZESTUSDT,short,UNLABELED,rule,Pattern_Reject,impossible_reject,1,0.6599,False,
2026-06-11 10:00:00,UBUSDT,short,SHORT_REVERSAL,rule,Rule_Reject,impossible_reject,1,0.4613,False,
2026-06-11 10:00:00,AIOUSDT,long,LONG_REVERSAL,portfolio,Low_Score,,,,True,76.06
2026-06-11 10:00:00,CLOUSDT,long,LONG_BREAKOUT,portfolio,Low_Score,,,,True,70.87
2026-06-11 12:00:00,AINUSDT,long,SHORT_REVERSAL,rule,PASS,pass,0,0.7649,True,
2026-06-11 12:00:00,VELVETUSDT,long,LONG_REVERSAL,rule,Rule_Reject,impossible_reject,1,1.0,False,
2026-06-11 12:00:00,BEATUSDT,long,UNLABELED,rule,Pattern_Reject,impossible_reject,2,1.0,False,
2026-06-11 12:00:00,CRVUSDT,long,LONG_BREAKOUT,rule,Rule_Reject,impossible_reject,1,0.7074,False,
2026-06-11 12:00:00,CLOUSDT,long,LONG_REVERSAL,rule,Rule_Reject,impossible_reject,1,1.0,False,
2026-06-11 12:00:00,AIOUSDT,short,SHORT_REVERSAL,rule,PASS,pass,0,1.0,True,
2026-06-11 12:00:00,COLLECTUSDT,short,LONG_REVERSAL,rule,Rule_Reject,medium_reject,1,0.7582,False,
2026-06-11 12:00:00,FOLKSUSDT,short,UNLABELED,rule,Pattern_Reject,impossible_reject,1,1.0,False,
2026-06-11 12:00:00,BTWUSDT,short,UNLABELED,rule,Pattern_Reject,impossible_reject,1,0.7505,False,
2026-06-11 12:00:00,HIVEUSDT,short,SHORT_REVERSAL,rule,Rule_Reject,impossible_reject,1,1.0,False,
2026-06-11 12:00:00,AINUSDT,long,SHORT_REVERSAL,portfolio,Low_Score,,,,True,59.65
2026-06-11 12:00:00,AIOUSDT,short,SHORT_REVERSAL,portfolio,Low_Score,,,,True,65.04
2026-06-11 14:00:00,VELVETUSDT,long,LONG_BREAKOUT,rule,PASS,pass,0,0.3982,True,
2026-06-11 14:00:00,GUAUSDT,long,LONG_REVERSAL,rule,Rule_Reject,medium_reject,1,0.6391,False,
2026-06-11 14:00:00,HUSDT,long,LONG_BREAKOUT,rule,Rule_Reject,impossible_reject,1,0.7201,False,
2026-06-11 14:00:00,AIOUSDT,long,LONG_BREAKOUT,rule,Rule_Reject,impossible_reject,1,1.0,False,
2026-06-11 14:00:00,BEATUSDT,long,UNLABELED,rule,Pattern_Reject,impossible_reject,2,1.0,False,
2026-06-11 14:00:00,CUSDT,short,SHORT_CONTINUATION,rule,Rule_Reject,impossible_reject,1,0.4588,False,
2026-06-11 14:00:00,AVNTUSDT,short,SHORT_CONTINUATION,rule,Rule_Reject,impossible_reject,1,1.0,False,
2026-06-11 14:00:00,PARTIUSDT,short,UNLABELED,rule,Pattern_Reject,impossible_reject,1,0.3769,False,
2026-06-11 14:00:00,PHAROSUSDT,short,SHORT_REVERSAL,rule,Rule_Reject,impossible_reject,1,0.7323,False,
2026-06-11 14:00:00,BSBUSDT,short,SHORT_REVERSAL,rule,Rule_Reject,impossible_reject,1,0.5413,False,
2026-06-11 14:00:00,VELVETUSDT,long,LONG_BREAKOUT,portfolio,Low_Score,,,,True,71.04
2026-06-11 16:00:00,ALLOUSDT,long,LONG_REVERSAL,rule,Rule_Reject,medium_reject,1,0.9069,False,
2026-06-11 16:00:00,BTWUSDT,long,LONG_REVERSAL,rule,Rule_Reject,impossible_reject,1,0.6416,False,
2026-06-11 16:00:00,WLDUSDT,long,LONG_CONTINUATION,rule,Rule_Reject,impossible_reject,1,0.3739,False,
2026-06-11 16:00:00,BASEDUSDT,long,LONG_BREAKOUT,rule,Rule_Reject,impossible_reject,1,0.7577,False,
2026-06-11 16:00:00,ZESTUSDT,long,LONG_CONTINUATION,rule,Rule_Reject,impossible_reject,1,0.3172,False,
2026-06-11 16:00:00,PHAROSUSDT,short,SHORT_CONTINUATION,rule,Rule_Reject,impossible_reject,1,0.4943,False,
2026-06-11 16:00:00,GUAUSDT,short,UNLABELED,rule,Pattern_Reject,medium_reject,1,0.9578,False,
2026-06-11 16:00:00,VELVETUSDT,short,SHORT_REVERSAL,rule,Rule_Reject,impossible_reject,1,1.0,False,
2026-06-11 16:00:00,STGUSDT,short,UNLABELED,rule,Pattern_Reject,impossible_reject,1,1.0,False,
2026-06-11 16:00:00,HUSDT,short,SHORT_REVERSAL,rule,Rule_Reject,impossible_reject,1,1.0,False,
2026-06-11 18:00:00,EVAAUSDT,long,LONG_BREAKOUT,rule,Rule_Reject,impossible_reject,1,0.8104,False,
2026-06-11 18:00:00,BRUSDT,long,LONG_BREAKOUT,rule,Rule_Reject,impossible_reject,1,1.0,False,
2026-06-11 18:00:00,SKYAIUSDT,long,SHORT_REVERSAL,rule,Rule_Reject,impossible_reject,1,1.0,False,
2026-06-11 18:00:00,EPICUSDT,long,LONG_BREAKOUT,rule,Rule_Reject,impossible_reject,1,0.8722,False,
2026-06-11 18:00:00,AIOUSDT,long,LONG_BREAKOUT,rule,Rule_Reject,impossible_reject,1,0.2465,False,
2026-06-11 18:00:00,VELVETUSDT,short,UNLABELED,rule,Pattern_Reject,impossible_reject,1,1.0,False,
2026-06-11 18:00:00,BEATUSDT,short,LONG_REVERSAL,rule,Rule_Reject,impossible_reject,1,0.7215,False,
2026-06-11 18:00:00,PARTIUSDT,short,SHORT_BREAKDOWN,rule,Rule_Reject,impossible_reject,1,0.4597,False,
2026-06-11 18:00:00,NEARUSDT,short,SHORT_BREAKDOWN,rule,Rule_Reject,impossible_reject,1,0.4083,False,
2026-06-11 18:00:00,OPNUSDT,short,SHORT_CONTINUATION,rule,Rule_Reject,impossible_reject,1,0.2475,False,
2026-06-11 20:00:00,BTWUSDT,long,LONG_REVERSAL,rule,Rule_Reject,impossible_reject,1,1.0,False,
2026-06-11 20:00:00,BEATUSDT,long,LONG_BREAKOUT,rule,Rule_Reject,impossible_reject,1,0.6599,False,
2026-06-11 20:00:00,HUSDT,long,SHORT_REVERSAL,rule,Rule_Reject,impossible_reject,1,1.0,False,
2026-06-11 20:00:00,ESPORTSUSDT,long,LONG_CONTINUATION,rule,Rule_Reject,impossible_reject,1,0.711,False,
2026-06-11 20:00:00,COLLECTUSDT,long,LONG_REVERSAL,rule,Rule_Reject,impossible_reject,1,1.0,False,
2026-06-11 20:00:00,ZESTUSDT,short,UNLABELED,rule,Pattern_Reject,impossible_reject,1,0.5224,False,
2026-06-11 20:00:00,IOUSDT,short,UNLABELED,rule,Pattern_Reject,impossible_reject,1,0.1708,False,
2026-06-11 20:00:00,EPICUSDT,short,SHORT_REVERSAL,rule,Rule_Reject,impossible_reject,1,0.8778,False,
2026-06-11 20:00:00,OPNUSDT,short,UNLABELED,rule,Pattern_Reject,impossible_reject,1,0.4096,False,
2026-06-11 20:00:00,GUAUSDT,short,SHORT_CONTINUATION,rule,Rule_Reject,impossible_reject,1,0.7567,False,
2026-06-11 22:00:00,HUSDT,long,LONG_BREAKOUT,rule,Rule_Reject,medium_reject,1,0.5112,False,
2026-06-11 22:00:00,BEATUSDT,long,LONG_CONTINUATION,rule,Rule_Reject,impossible_reject,1,0.7262,False,
2026-06-11 22:00:00,EPICUSDT,long,LONG_BREAKOUT,rule,Rule_Reject,impossible_reject,1,0.5671,False,
2026-06-11 22:00:00,CLOUSDT,long,LONG_REVERSAL,rule,Rule_Reject,impossible_reject,1,0.5219,False,
2026-06-11 22:00:00,LITUSDT,long,LONG_REVERSAL,rule,Rule_Reject,impossible_reject,1,0.4706,False,
2026-06-11 22:00:00,LABUSDT,short,UNLABELED,rule,Pattern_Reject,impossible_reject,1,1.0,False,
2026-06-11 22:00:00,BTWUSDT,short,UNLABELED,rule,Pattern_Reject,impossible_reject,1,1.0,False,
2026-06-11 22:00:00,ZESTUSDT,short,SHORT_BREAKDOWN,rule,Rule_Reject,impossible_reject,1,0.7242,False,
2026-06-11 22:00:00,BANUSDT,short,SHORT_BREAKDOWN,rule,Rule_Reject,impossible_reject,1,0.6162,False,
2026-06-11 22:00:00,PRLUSDT,short,SHORT_CONTINUATION,rule,Rule_Reject,impossible_reject,1,0.4079,False,
2026-06-12 00:00:00,AIOUSDT,long,SHORT_REVERSAL,rule,Rule_Reject,impossible_reject,1,1.0,False,
2026-06-12 00:00:00,LABUSDT,long,LONG_REVERSAL,rule,Rule_Reject,impossible_reject,1,0.4443,False,
2026-06-12 00:00:00,KITEUSDT,long,LONG_REVERSAL,rule,Rule_Reject,impossible_reject,1,0.4139,False,
2026-06-12 00:00:00,POWERUSDT,long,UNLABELED,rule,Pattern_Reject,impossible_reject,2,1.0,False,
2026-06-12 00:00:00,HUSDT,long,UNLABELED,rule,Pattern_Reject,impossible_reject,2,1.0,False,
2026-06-12 00:00:00,VELVETUSDT,short,SHORT_REVERSAL,rule,Rule_Reject,medium_reject,1,1.0,False,
2026-06-12 00:00:00,CATIUSDT,short,SHORT_CONTINUATION,rule,Rule_Reject,impossible_reject,1,0.3319,False,
2026-06-12 00:00:00,STGUSDT,short,UNLABELED,rule,Pattern_Reject,impossible_reject,1,1.0,False,
2026-06-12 00:00:00,BTWUSDT,short,SHORT_REVERSAL,rule,Rule_Reject,impossible_reject,1,0.5141,False,
2026-06-12 00:00:00,GUAUSDT,short,SHORT_BREAKDOWN,rule,Rule_Reject,impossible_reject,1,0.5041,False,
2026-06-12 02:00:00,ESPORTSUSDT,long,LONG_REVERSAL,rule,PASS,pass,0,1.0,True,
2026-06-12 02:00:00,VELVETUSDT,long,LONG_CONTINUATION,rule,PASS,pass,0,1.0,True,
2026-06-12 02:00:00,HUSDT,long,LONG_REVERSAL,rule,Rule_Reject,impossible_reject,1,0.5383,False,
2026-06-12 02:00:00,AUSDT,long,LONG_REVERSAL,rule,Rule_Reject,impossible_reject,1,0.5657,False,
2026-06-12 02:00:00,CATIUSDT,long,LONG_BREAKOUT,rule,Rule_Reject,impossible_reject,1,1.0,False,
2026-06-12 02:00:00,BTWUSDT,short,SHORT_REVERSAL,rule,Rule_Reject,medium_reject,1,0.6589,False,
2026-06-12 02:00:00,LABUSDT,short,SHORT_BREAKDOWN,rule,Rule_Reject,impossible_reject,1,0.2452,False,
2026-06-12 02:00:00,BILLUSDT,short,SHORT_CONTINUATION,rule,Rule_Reject,impossible_reject,1,1.0,False,
2026-06-12 02:00:00,KITEUSDT,short,SHORT_REVERSAL,rule,Rule_Reject,impossible_reject,1,0.3755,False,
2026-06-12 02:00:00,BEATUSDT,short,SHORT_BREAKDOWN,rule,Rule_Reject,impossible_reject,1,0.2885,False,
2026-06-12 02:00:00,ESPORTSUSDT,long,LONG_REVERSAL,portfolio,Already_Occupied,,,,True,74.29
2026-06-12 02:00:00,ESPORTSUSDT,long,LONG_REVERSAL,portfolio,Low_Score,,,,True,74.29
2026-06-12 02:00:00,VELVETUSDT,long,LONG_CONTINUATION,portfolio,Low_Score,,,,True,74.58
2026-06-12 04:00:00,LUMIAUSDT,long,LONG_BREAKOUT,rule,PASS,pass,0,1.0,True,
2026-06-12 04:00:00,AINUSDT,long,LONG_BREAKOUT,rule,Rule_Reject,medium_reject,1,1.0,False,
2026-06-12 04:00:00,UBUSDT,long,LONG_BREAKOUT,rule,Rule_Reject,impossible_reject,1,0.5565,False,
2026-06-12 04:00:00,ESPORTSUSDT,long,LONG_BREAKOUT,rule,Rule_Reject,impossible_reject,1,1.0,False,
2026-06-12 04:00:00,STGUSDT,long,LONG_REVERSAL,rule,Rule_Reject,impossible_reject,1,0.8466,False,
2026-06-12 04:00:00,EPICUSDT,short,SHORT_CONTINUATION,rule,Rule_Reject,impossible_reject,1,0.2634,False,
2026-06-12 04:00:00,VELVETUSDT,short,SHORT_REVERSAL,rule,Rule_Reject,impossible_reject,1,1.0,False,
2026-06-12 04:00:00,AIOUSDT,short,SHORT_REVERSAL,rule,Rule_Reject,impossible_reject,1,1.0,False,
2026-06-12 04:00:00,SKYAIUSDT,short,SHORT_REVERSAL,rule,Rule_Reject,impossible_reject,1,0.5823,False,
2026-06-12 04:00:00,GWEIUSDT,short,SHORT_REVERSAL,rule,Rule_Reject,impossible_reject,1,0.1935,False,
2026-06-12 04:00:00,LUMIAUSDT,long,LONG_BREAKOUT,portfolio,Low_Score,,,,True,73.11
2026-06-12 06:00:00,STGUSDT,long,LONG_BREAKOUT,rule,Rule_Reject,medium_reject,1,1.0,False,
2026-06-12 06:00:00,XPLUSDT,long,LONG_BREAKOUT,rule,Rule_Reject,impossible_reject,1,1.0,False,
2026-06-12 06:00:00,HUSDT,long,LONG_CONTINUATION,rule,Rule_Reject,impossible_reject,1,0.3169,False,
2026-06-12 06:00:00,SLXUSDT,long,LONG_BREAKOUT,rule,Rule_Reject,impossible_reject,1,0.3757,False,
2026-06-12 06:00:00,GRASSUSDT,long,LONG_CONTINUATION,rule,Rule_Reject,impossible_reject,1,0.5134,False,
2026-06-12 06:00:00,VELVETUSDT,short,SHORT_BREAKDOWN,rule,PASS,pass,0,1.0,True,
2026-06-12 06:00:00,FOLKSUSDT,short,SHORT_REVERSAL,rule,Rule_Reject,impossible_reject,1,0.9049,False,
2026-06-12 06:00:00,BTWUSDT,short,SHORT_REVERSAL,rule,Rule_Reject,impossible_reject,1,1.0,False,
2026-06-12 06:00:00,CLOUSDT,short,LONG_REVERSAL,rule,Rule_Reject,impossible_reject,1,1.0,False,
2026-06-12 06:00:00,LUMIAUSDT,short,SHORT_BREAKDOWN,rule,Rule_Reject,impossible_reject,1,1.0,False,
2026-06-12 06:00:00,VELVETUSDT,short,SHORT_BREAKDOWN,portfolio,Low_Score,,,,True,69.22
2026-06-12 08:00:00,GENIUSUSDT,long,LONG_REVERSAL,rule,Rule_Reject,impossible_reject,1,0.3229,False,
2026-06-12 08:00:00,AINUSDT,long,UNLABELED,rule,Pattern_Reject,impossible_reject,2,0.2329,False,
2026-06-12 08:00:00,XPLUSDT,long,LONG_REVERSAL,rule,Rule_Reject,impossible_reject,1,0.94,False,
2026-06-12 08:00:00,COLLECTUSDT,long,LONG_REVERSAL,rule,Rule_Reject,impossible_reject,1,1.0,False,
2026-06-12 08:00:00,CFGUSDT,long,LONG_BREAKOUT,rule,Rule_Reject,impossible_reject,1,0.4541,False,
2026-06-12 08:00:00,ESPORTSUSDT,short,SHORT_REVERSAL,rule,PASS,pass,0,1.0,True,
2026-06-12 08:00:00,BEATUSDT,short,SHORT_REVERSAL,rule,PASS,pass,0,0.7719,True,
2026-06-12 08:00:00,CLOUSDT,short,SHORT_REVERSAL,rule,Rule_Reject,impossible_reject,1,0.7683,False,
2026-06-12 08:00:00,VELVETUSDT,short,SHORT_REVERSAL,rule,Rule_Reject,impossible_reject,1,1.0,False,
2026-06-12 08:00:00,POWERUSDT,short,SHORT_BREAKDOWN,rule,Rule_Reject,impossible_reject,1,0.3396,False,
2026-06-12 08:00:00,ESPORTSUSDT,short,SHORT_REVERSAL,portfolio,Low_Score,,,,True,74.2
2026-06-12 08:00:00,BEATUSDT,short,SHORT_REVERSAL,portfolio,Low_Score,,,,True,68.18
2026-06-12 10:00:00,LABUSDT,long,UNLABELED,rule,Pattern_Reject,impossible_reject,2,0.5915,False,
2026-06-12 10:00:00,SKYAIUSDT,long,LONG_BREAKOUT,rule,Rule_Reject,impossible_reject,1,0.4469,False,
2026-06-12 10:00:00,VELVETUSDT,long,SHORT_REVERSAL,rule,Rule_Reject,impossible_reject,1,1.0,False,
2026-06-12 10:00:00,SOONUSDT,long,LONG_CONTINUATION,rule,Rule_Reject,impossible_reject,1,0.478,False,
2026-06-12 10:00:00,SOMIUSDT,long,LONG_BREAKOUT,rule,Rule_Reject,impossible_reject,1,0.8572,False,
2026-06-12 10:00:00,ESPORTSUSDT,short,SHORT_BREAKDOWN,rule,PASS,pass,0,1.0,True,
2026-06-12 10:00:00,UBUSDT,short,UNLABELED,rule,Pattern_Reject,pass,0,0.7645,True,
2026-06-12 10:00:00,COAIUSDT,short,SHORT_BREAKDOWN,rule,Rule_Reject,impossible_reject,1,1.0,False,
2026-06-12 10:00:00,SIRENUSDT,short,UNLABELED,rule,Pattern_Reject,impossible_reject,1,1.0,False,
2026-06-12 10:00:00,HUSDT,short,UNLABELED,rule,Pattern_Reject,impossible_reject,1,1.0,False,
2026-06-12 10:00:00,ESPORTSUSDT,short,SHORT_BREAKDOWN,portfolio,Low_Score,,,,True,82.11
2026-06-12 10:00:00,UBUSDT,short,UNLABELED,portfolio,Low_Score,,,,True,67.28
2026-06-12 12:00:00,VELVETUSDT,long,LONG_REVERSAL,rule,Rule_Reject,medium_reject,1,1.0,False,
2026-06-12 12:00:00,STGUSDT,long,LONG_BREAKOUT,rule,Rule_Reject,impossible_reject,1,1.0,False,
2026-06-12 12:00:00,HUSDT,long,UNLABELED,rule,Pattern_Reject,impossible_reject,2,0.6657,False,
2026-06-12 12:00:00,LABUSDT,long,UNLABELED,rule,Pattern_Reject,impossible_reject,2,0.5744,False,
2026-06-12 12:00:00,XPLUSDT,long,LONG_REVERSAL,rule,Rule_Reject,impossible_reject,1,0.6283,False,
2026-06-12 12:00:00,MAGMAUSDT,short,UNLABELED,rule,Pattern_Reject,impossible_reject,1,1.0,False,
2026-06-12 12:00:00,UAIUSDT,short,SHORT_CONTINUATION,rule,Rule_Reject,impossible_reject,1,0.2656,False,
2026-06-12 12:00:00,MYXUSDT,short,SHORT_REVERSAL,rule,Rule_Reject,impossible_reject,1,0.4811,False,
2026-06-12 12:00:00,ESPORTSUSDT,short,SHORT_BREAKDOWN,rule,Rule_Reject,impossible_reject,1,1.0,False,
2026-06-12 12:00:00,XMRUSDT,short,SHORT_BREAKDOWN,rule,Rule_Reject,impossible_reject,1,1.0,False,
2026-06-12 14:00:00,HUSDT,long,LONG_BREAKOUT,rule,Rule_Reject,near_pass,1,0.6138,False,
2026-06-12 14:00:00,DEXEUSDT,long,LONG_REVERSAL,rule,Rule_Reject,impossible_reject,1,1.0,False,
2026-06-12 14:00:00,LABUSDT,long,LONG_REVERSAL,rule,Rule_Reject,impossible_reject,1,0.6084,False,
2026-06-12 14:00:00,XMRUSDT,long,UNLABELED,rule,Pattern_Reject,impossible_reject,2,0.3111,False,
2026-06-12 14:00:00,SKYAIUSDT,long,LONG_BREAKOUT,rule,Rule_Reject,impossible_reject,1,0.5409,False,
2026-06-12 14:00:00,LUMIAUSDT,short,SHORT_REVERSAL,rule,PASS,pass,0,1.0,True,
2026-06-12 14:00:00,AIOUSDT,short,UNLABELED,rule,Pattern_Reject,medium_reject,1,0.8066,False,
2026-06-12 14:00:00,MAGMAUSDT,short,SHORT_CONTINUATION,rule,Rule_Reject,impossible_reject,1,0.3018,False,
2026-06-12 14:00:00,CRVUSDT,short,SHORT_CONTINUATION,rule,Rule_Reject,impossible_reject,1,0.3702,False,
2026-06-12 14:00:00,XPLUSDT,short,SHORT_REVERSAL,rule,Rule_Reject,impossible_reject,1,1.0,False,
2026-06-12 14:00:00,LUMIAUSDT,short,SHORT_REVERSAL,portfolio,Low_Score,,,,True,61.26
2026-06-12 16:00:00,VELVETUSDT,long,LONG_BREAKOUT,rule,Rule_Reject,impossible_reject,1,1.0,False,
2026-06-12 16:00:00,XPLUSDT,long,LONG_BREAKOUT,rule,Rule_Reject,impossible_reject,1,0.9909,False,
2026-06-12 16:00:00,LABUSDT,long,LONG_REVERSAL,rule,Rule_Reject,impossible_reject,1,0.7086,False,
2026-06-12 16:00:00,ZESTUSDT,long,LONG_CONTINUATION,rule,Rule_Reject,impossible_reject,1,0.6088,False,
2026-06-12 16:00:00,GLMUSDT,long,LONG_BREAKOUT,rule,Rule_Reject,impossible_reject,1,0.4095,False,
2026-06-12 16:00:00,COLLECTUSDT,short,UNLABELED,rule,Pattern_Reject,impossible_reject,1,0.7443,False,
2026-06-12 16:00:00,AINUSDT,short,SHORT_CONTINUATION,rule,Rule_Reject,medium_reject,1,0.4235,False,
2026-06-12 16:00:00,UAIUSDT,short,LONG_REVERSAL,rule,Rule_Reject,impossible_reject,1,1.0,False,
2026-06-12 16:00:00,BTWUSDT,short,SHORT_REVERSAL,rule,Rule_Reject,impossible_reject,1,0.3391,False,
2026-06-12 16:00:00,POWERUSDT,short,SHORT_REVERSAL,rule,Rule_Reject,impossible_reject,1,0.981,False,
2026-06-12 18:00:00,ESPORTSUSDT,long,SHORT_REVERSAL,rule,PASS,pass,0,1.0,True,
2026-06-12 18:00:00,NAORISUSDT,long,LONG_BREAKOUT,rule,Rule_Reject,impossible_reject,1,0.6509,False,
2026-06-12 18:00:00,TRUMPUSDT,long,LONG_REVERSAL,rule,Rule_Reject,impossible_reject,1,1.0,False,
2026-06-12 18:00:00,BTWUSDT,long,LONG_CONTINUATION,rule,Rule_Reject,impossible_reject,1,1.0,False,
2026-06-12 18:00:00,SKYAIUSDT,long,LONG_BREAKOUT,rule,Rule_Reject,impossible_reject,1,1.0,False,
2026-06-12 18:00:00,UAIUSDT,short,SHORT_REVERSAL,rule,Rule_Reject,impossible_reject,1,0.9887,False,
2026-06-12 18:00:00,TAUSDT,short,SHORT_BREAKDOWN,rule,Rule_Reject,impossible_reject,1,0.6604,False,
2026-06-12 18:00:00,STGUSDT,short,LONG_REVERSAL,rule,Rule_Reject,impossible_reject,1,1.0,False,
2026-06-12 18:00:00,EVAAUSDT,short,SHORT_REVERSAL,rule,Rule_Reject,impossible_reject,1,1.0,False,
2026-06-12 18:00:00,GENIUSUSDT,short,SHORT_REVERSAL,rule,Rule_Reject,impossible_reject,1,0.3426,False,
2026-06-12 18:00:00,ESPORTSUSDT,long,SHORT_REVERSAL,portfolio,Already_Occupied,,,,True,71.56
2026-06-12 18:00:00,ESPORTSUSDT,long,SHORT_REVERSAL,portfolio,Low_Score,,,,True,71.56
2026-06-12 20:00:00,ARCUSDT,long,LONG_CONTINUATION,rule,Rule_Reject,medium_reject,1,0.6933,False,
2026-06-12 20:00:00,SKYAIUSDT,long,LONG_BREAKOUT,rule,Rule_Reject,medium_reject,1,1.0,False,
2026-06-12 20:00:00,ESPORTSUSDT,long,LONG_REVERSAL,rule,Rule_Reject,impossible_reject,1,1.0,False,
2026-06-12 20:00:00,MOVRUSDT,long,LONG_BREAKOUT,rule,Rule_Reject,impossible_reject,1,1.0,False,
2026-06-12 20:00:00,TRUMPUSDT,long,LONG_CONTINUATION,rule,Rule_Reject,impossible_reject,1,1.0,False,
2026-06-12 20:00:00,UBUSDT,short,SHORT_REVERSAL,rule,PASS,pass,0,0.4457,True,
2026-06-12 20:00:00,STGUSDT,short,SHORT_REVERSAL,rule,Rule_Reject,impossible_reject,1,1.0,False,
2026-06-12 20:00:00,BANUSDT,short,UNLABELED,rule,Pattern_Reject,impossible_reject,1,0.4844,False,
2026-06-12 20:00:00,PARTIUSDT,short,SHORT_CONTINUATION,rule,Rule_Reject,impossible_reject,1,0.2369,False,
2026-06-12 20:00:00,APRUSDT,short,SHORT_REVERSAL,rule,Rule_Reject,impossible_reject,1,0.3254,False,
2026-06-12 20:00:00,UBUSDT,short,SHORT_REVERSAL,portfolio,Low_Score,,,,True,57.07
2026-06-12 22:00:00,GWEIUSDT,long,LONG_REVERSAL,rule,Rule_Reject,impossible_reject,1,0.6209,False,
2026-06-12 22:00:00,ATUSDT,long,LONG_CONTINUATION,rule,Rule_Reject,impossible_reject,1,0.2655,False,
2026-06-12 22:00:00,BEATUSDT,long,LONG_REVERSAL,rule,Rule_Reject,impossible_reject,1,1.0,False,
2026-06-12 22:00:00,COAIUSDT,long,UNLABELED,rule,Pattern_Reject,impossible_reject,2,0.8134,False,
2026-06-12 22:00:00,MOVRUSDT,long,LONG_REVERSAL,rule,Rule_Reject,impossible_reject,1,0.3566,False,
2026-06-12 22:00:00,MYXUSDT,short,LONG_REVERSAL,rule,Rule_Reject,impossible_reject,1,1.0,False,
2026-06-12 22:00:00,DUSKUSDT,short,SHORT_REVERSAL,rule,Rule_Reject,impossible_reject,1,0.2768,False,
2026-06-12 22:00:00,AINUSDT,short,SHORT_CONTINUATION,rule,Rule_Reject,impossible_reject,1,1.0,False,
2026-06-12 22:00:00,LUMIAUSDT,short,SHORT_REVERSAL,rule,Rule_Reject,impossible_reject,1,0.2293,False,
2026-06-12 22:00:00,MMTUSDT,short,SHORT_REVERSAL,rule,Rule_Reject,impossible_reject,1,0.201,False,
2026-06-13 00:00:00,ALLOUSDT,long,SHORT_REVERSAL,rule,Rule_Reject,impossible_reject,1,1.0,False,
2026-06-13 00:00:00,BEATUSDT,long,SHORT_REVERSAL,rule,Rule_Reject,impossible_reject,1,1.0,False,
2026-06-13 00:00:00,ALCHUSDT,long,LONG_BREAKOUT,rule,Rule_Reject,impossible_reject,1,0.658,False,
2026-06-13 00:00:00,JUPUSDT,long,UNLABELED,rule,Pattern_Reject,impossible_reject,2,0.5332,False,
2026-06-13 00:00:00,OPGUSDT,long,UNLABELED,rule,Pattern_Reject,impossible_reject,2,1.0,False,
2026-06-13 00:00:00,BTWUSDT,short,SHORT_REVERSAL,rule,Rule_Reject,impossible_reject,1,0.6035,False,
2026-06-13 00:00:00,COAIUSDT,short,SHORT_REVERSAL,rule,Rule_Reject,impossible_reject,1,0.2652,False,
2026-06-13 00:00:00,DEXEUSDT,short,SHORT_REVERSAL,rule,Rule_Reject,impossible_reject,1,0.6412,False,
2026-06-13 00:00:00,AINUSDT,short,SHORT_BREAKDOWN,rule,Rule_Reject,impossible_reject,1,1.0,False,
2026-06-13 00:00:00,LUMIAUSDT,short,SHORT_REVERSAL,rule,Rule_Reject,impossible_reject,1,0.3646,False,
2026-06-13 02:00:00,HUSDT,long,LONG_CONTINUATION,rule,Rule_Reject,medium_reject,1,0.6329,False,
2026-06-13 02:00:00,RAVEUSDT,long,LONG_BREAKOUT,rule,Rule_Reject,impossible_reject,1,0.6978,False,
2026-06-13 02:00:00,HYPEUSDT,long,LONG_CONTINUATION,rule,Rule_Reject,impossible_reject,1,0.6687,False,
2026-06-13 02:00:00,GWEIUSDT,long,LONG_BREAKOUT,rule,Rule_Reject,impossible_reject,1,0.2748,False,
2026-06-13 02:00:00,MOVRUSDT,long,LONG_BREAKOUT,rule,Rule_Reject,impossible_reject,1,0.8718,False,
2026-06-13 02:00:00,BEATUSDT,short,SHORT_REVERSAL,rule,PASS,pass,0,1.0,True,
2026-06-13 02:00:00,BTWUSDT,short,SHORT_REVERSAL,rule,Rule_Reject,impossible_reject,1,1.0,False,
2026-06-13 02:00:00,COAIUSDT,short,LONG_REVERSAL,rule,Rule_Reject,impossible_reject,1,1.0,False,
2026-06-13 02:00:00,HEIUSDT,short,SHORT_BREAKDOWN,rule,Rule_Reject,impossible_reject,1,0.4693,False,
2026-06-13 02:00:00,ALLOUSDT,short,UNLABELED,rule,Pattern_Reject,impossible_reject,1,0.8832,False,
2026-06-13 02:00:00,BEATUSDT,short,SHORT_REVERSAL,portfolio,Low_Score,,,,True,61.37
2026-06-13 04:00:00,ORCAUSDT,long,LONG_BREAKOUT,rule,Rule_Reject,impossible_reject,1,1.0,False,
2026-06-13 04:00:00,COAIUSDT,long,LONG_BREAKOUT,rule,Rule_Reject,impossible_reject,1,0.6501,False,
2026-06-13 04:00:00,PIEVERSEUSDT,long,LONG_REVERSAL,rule,Rule_Reject,impossible_reject,1,0.3816,False,
2026-06-13 04:00:00,ATUSDT,long,LONG_REVERSAL,rule,Rule_Reject,impossible_reject,1,0.5896,False,
2026-06-13 04:00:00,GUAUSDT,long,LONG_REVERSAL,rule,Rule_Reject,impossible_reject,1,0.4022,False,
2026-06-13 04:00:00,ARCUSDT,short,SHORT_BREAKDOWN,rule,Rule_Reject,impossible_reject,1,0.8451,False,
2026-06-13 04:00:00,BEATUSDT,short,SHORT_BREAKDOWN,rule,Rule_Reject,impossible_reject,1,1.0,False,
2026-06-13 04:00:00,HUSDT,short,SHORT_REVERSAL,rule,Rule_Reject,impossible_reject,1,1.0,False,
2026-06-13 04:00:00,GWEIUSDT,short,SHORT_BREAKDOWN,rule,Rule_Reject,impossible_reject,1,0.2472,False,
2026-06-13 04:00:00,BTWUSDT,short,SHORT_REVERSAL,rule,Rule_Reject,impossible_reject,1,0.3696,False,
2026-06-13 06:00:00,OPNUSDT,long,LONG_REVERSAL,rule,Rule_Reject,impossible_reject,1,0.1656,False,
2026-06-13 06:00:00,ATUSDT,long,SHORT_REVERSAL,rule,Rule_Reject,impossible_reject,1,0.2165,False,
2026-06-13 06:00:00,HUSDT,long,UNLABELED,rule,Pattern_Reject,impossible_reject,2,0.7159,False,
2026-06-13 06:00:00,AINUSDT,long,SHORT_REVERSAL,rule,Rule_Reject,impossible_reject,1,0.3908,False,
2026-06-13 06:00:00,POWERUSDT,long,SHORT_BREAKDOWN,rule,Rule_Reject,impossible_reject,1,0.5573,False,
2026-06-13 06:00:00,COAIUSDT,short,SHORT_REVERSAL,rule,Rule_Reject,impossible_reject,1,0.3504,False,
2026-06-13 06:00:00,ORCAUSDT,short,SHORT_REVERSAL,rule,Rule_Reject,impossible_reject,1,0.7038,False,
2026-06-13 06:00:00,CLOUSDT,short,SHORT_REVERSAL,rule,Rule_Reject,impossible_reject,1,1.0,False,
2026-06-13 06:00:00,PIEVERSEUSDT,short,SHORT_REVERSAL,rule,Rule_Reject,impossible_reject,1,0.2785,False,
2026-06-13 06:00:00,ATUSDT,short,SHORT_REVERSAL,rule,Rule_Reject,impossible_reject,1,0.2434,False,
2026-06-13 08:00:00,INUSDT,long,LONG_CONTINUATION,rule,Rule_Reject,impossible_reject,1,0.5376,False,
2026-06-13 08:00:00,HUSDT,long,LONG_BREAKOUT,rule,Rule_Reject,impossible_reject,1,0.6133,False,
2026-06-13 08:00:00,COAIUSDT,long,LONG_BREAKOUT,rule,Rule_Reject,impossible_reject,1,0.1894,False,
2026-06-13 08:00:00,PHAROSUSDT,long,LONG_REVERSAL,rule,Rule_Reject,impossible_reject,1,0.4656,False,
2026-06-13 08:00:00,HEIUSDT,long,LONG_REVERSAL,rule,Rule_Reject,impossible_reject,1,0.5996,False,
2026-06-13 08:00:00,ALLOUSDT,short,UNLABELED,rule,Pattern_Reject,impossible_reject,1,0.3912,False,
2026-06-13 08:00:00,GUAUSDT,short,SHORT_REVERSAL,rule,Rule_Reject,impossible_reject,1,0.4932,False,
2026-06-13 08:00:00,AINUSDT,short,UNLABELED,rule,Pattern_Reject,impossible_reject,1,0.304,False,
2026-06-13 08:00:00,EDGEUSDT,short,SHORT_BREAKDOWN,rule,Rule_Reject,impossible_reject,1,0.1741,False,
2026-06-13 08:00:00,ORCAUSDT,short,UNLABELED,rule,Pattern_Reject,impossible_reject,1,0.8394,False,
2026-06-13 10:00:00,EDGEUSDT,long,LONG_BREAKOUT,rule,Rule_Reject,impossible_reject,1,0.5361,False,
2026-06-13 10:00:00,MELANIAUSDT,long,LONG_CONTINUATION,rule,Rule_Reject,impossible_reject,1,0.5137,False,
2026-06-13 10:00:00,MIRAUSDT,long,LONG_REVERSAL,rule,Rule_Reject,impossible_reject,1,0.4355,False,
2026-06-13 10:00:00,JELLYJELLYUSDT,long,LONG_REVERSAL,rule,Rule_Reject,impossible_reject,1,0.542,False,
2026-06-13 10:00:00,PIEVERSEUSDT,long,LONG_REVERSAL,rule,Rule_Reject,impossible_reject,1,0.6562,False,
2026-06-13 10:00:00,ENSOUSDT,short,SHORT_REVERSAL,rule,Rule_Reject,impossible_reject,1,0.598,False,
2026-06-13 10:00:00,ORCAUSDT,short,SHORT_REVERSAL,rule,Rule_Reject,impossible_reject,1,0.2192,False,
2026-06-13 10:00:00,ESPUSDT,short,LONG_REVERSAL,rule,Rule_Reject,impossible_reject,1,0.7877,False,
2026-06-13 10:00:00,HUSDT,short,SHORT_REVERSAL,rule,Rule_Reject,impossible_reject,1,0.7473,False,
2026-06-13 10:00:00,INUSDT,short,UNLABELED,rule,Pattern_Reject,impossible_reject,1,0.9882,False,
2026-06-13 12:00:00,ORCAUSDT,long,UNLABELED,rule,Pattern_Reject,impossible_reject,2,0.6839,False,
2026-06-13 12:00:00,MELANIAUSDT,long,SHORT_CONTINUATION,rule,Rule_Reject,impossible_reject,1,0.1228,False,
2026-06-13 12:00:00,MELANIAUSDT,short,SHORT_CONTINUATION,rule,Rule_Reject,impossible_reject,1,0.135,False,
2026-06-13 12:00:00,ORCAUSDT,short,UNLABELED,rule,Pattern_Reject,impossible_reject,1,0.6881,False,
2026-06-13 14:00:00,EDGEUSDT,long,LONG_CONTINUATION,rule,Rule_Reject,impossible_reject,1,0.3672,False,
2026-06-13 14:00:00,EPICUSDT,long,LONG_REVERSAL,rule,Rule_Reject,impossible_reject,1,1.0,False,
2026-06-13 14:00:00,PARTIUSDT,long,LONG_REVERSAL,rule,Rule_Reject,impossible_reject,1,0.3405,False,
2026-06-13 14:00:00,GUAUSDT,long,SHORT_REVERSAL,rule,Rule_Reject,impossible_reject,1,1.0,False,
2026-06-13 14:00:00,BEATUSDT,long,SHORT_CONTINUATION,rule,Rule_Reject,impossible_reject,1,0.45,False,
2026-06-13 14:00:00,HEIUSDT,short,LONG_REVERSAL,rule,Rule_Reject,impossible_reject,1,0.3174,False,
2026-06-13 14:00:00,CROSSUSDT,short,SHORT_REVERSAL,rule,Rule_Reject,impossible_reject,1,0.5754,False,
2026-06-13 14:00:00,OPNUSDT,short,SHORT_CONTINUATION,rule,Rule_Reject,impossible_reject,1,0.6819,False,
2026-06-13 14:00:00,BEATUSDT,short,SHORT_CONTINUATION,rule,Rule_Reject,impossible_reject,1,0.4832,False,
2026-06-13 14:00:00,INUSDT,short,SHORT_CONTINUATION,rule,Rule_Reject,impossible_reject,1,0.435,False,
2026-06-13 16:00:00,BEATUSDT,long,LONG_BREAKOUT,rule,Rule_Reject,impossible_reject,1,0.6543,False,
2026-06-13 16:00:00,GWEIUSDT,long,LONG_BREAKOUT,rule,Rule_Reject,impossible_reject,1,0.9834,False,
2026-06-13 16:00:00,OPUSDT,long,LONG_CONTINUATION,rule,Rule_Reject,impossible_reject,1,0.5907,False,
2026-06-13 16:00:00,OPENUSDT,long,LONG_REVERSAL,rule,Rule_Reject,impossible_reject,1,0.1535,False,
2026-06-13 16:00:00,COWUSDT,long,LONG_CONTINUATION,rule,Rule_Reject,impossible_reject,1,0.5527,False,
2026-06-13 16:00:00,GUAUSDT,short,SHORT_REVERSAL,rule,Rule_Reject,impossible_reject,1,1.0,False,
2026-06-13 16:00:00,OPENUSDT,short,LONG_REVERSAL,rule,Rule_Reject,impossible_reject,1,0.1288,False,
2026-06-13 16:00:00,GWEIUSDT,short,LONG_BREAKOUT,rule,Rule_Reject,impossible_reject,1,0.952,False,
2026-06-13 16:00:00,BEATUSDT,short,LONG_BREAKOUT,rule,Rule_Reject,impossible_reject,1,0.6209,False,
2026-06-13 16:00:00,OPUSDT,short,LONG_CONTINUATION,rule,Rule_Reject,impossible_reject,1,0.5618,False,
2026-06-13 18:00:00,BTWUSDT,long,LONG_REVERSAL,rule,Rule_Reject,impossible_reject,1,0.7759,False,
2026-06-13 18:00:00,COAIUSDT,long,LONG_BREAKOUT,rule,Rule_Reject,impossible_reject,1,1.0,False,
2026-06-13 18:00:00,BEATUSDT,long,LONG_REVERSAL,rule,Rule_Reject,impossible_reject,1,0.4848,False,
2026-06-13 18:00:00,FOLKSUSDT,long,LONG_BREAKOUT,rule,Rule_Reject,impossible_reject,1,0.2268,False,
2026-06-13 18:00:00,CYSUSDT,long,LONG_CONTINUATION,rule,Rule_Reject,impossible_reject,1,0.3679,False,
2026-06-13 18:00:00,EDGEUSDT,short,SHORT_BREAKDOWN,rule,Rule_Reject,impossible_reject,1,0.9963,False,
2026-06-13 18:00:00,FFUSDT,short,SHORT_BREAKDOWN,rule,Rule_Reject,impossible_reject,1,0.4961,False,
2026-06-13 18:00:00,MEUSDT,short,SHORT_REVERSAL,rule,Rule_Reject,impossible_reject,1,0.3471,False,
2026-06-13 18:00:00,BTWUSDT,short,LONG_REVERSAL,rule,Rule_Reject,impossible_reject,1,0.6092,False,
2026-06-13 18:00:00,FOLKSUSDT,short,LONG_BREAKOUT,rule,Rule_Reject,impossible_reject,1,0.173,False,
2026-06-13 20:00:00,EPICUSDT,long,LONG_REVERSAL,rule,Rule_Reject,impossible_reject,1,0.5566,False,
2026-06-13 20:00:00,AIOTUSDT,long,LONG_BREAKOUT,rule,Rule_Reject,impossible_reject,1,0.4927,False,
2026-06-13 20:00:00,0GUSDT,long,LONG_REVERSAL,rule,Rule_Reject,impossible_reject,1,0.5395,False,
2026-06-13 20:00:00,ESPUSDT,long,LONG_BREAKOUT,rule,Rule_Reject,impossible_reject,1,0.5698,False,
2026-06-13 20:00:00,FLUIDUSDT,long,LONG_CONTINUATION,rule,Rule_Reject,impossible_reject,1,0.1251,False,
2026-06-13 20:00:00,BEATUSDT,short,UNLABELED,rule,Pattern_Reject,impossible_reject,1,0.3614,False,
2026-06-13 20:00:00,BTWUSDT,short,SHORT_REVERSAL,rule,Rule_Reject,impossible_reject,1,1.0,False,
2026-06-13 20:00:00,LABUSDT,short,UNLABELED,rule,Pattern_Reject,impossible_reject,1,0.8,False,
2026-06-13 20:00:00,COAIUSDT,short,LONG_REVERSAL,rule,Rule_Reject,impossible_reject,1,0.6354,False,
2026-06-13 20:00:00,MANTAUSDT,short,SHORT_CONTINUATION,rule,Rule_Reject,impossible_reject,1,0.6015,False,
2026-06-13 22:00:00,COAIUSDT,long,LONG_BREAKOUT,rule,PASS,pass,0,0.6252,True,
2026-06-13 22:00:00,AIOTUSDT,long,LONG_BREAKOUT,rule,Rule_Reject,impossible_reject,1,0.7442,False,
2026-06-13 22:00:00,BTWUSDT,long,LONG_REVERSAL,rule,Rule_Reject,impossible_reject,1,0.9575,False,
2026-06-13 22:00:00,FETUSDT,long,LONG_BREAKOUT,rule,Rule_Reject,impossible_reject,1,0.4066,False,
2026-06-13 22:00:00,OPGUSDT,long,SHORT_REVERSAL,rule,Rule_Reject,impossible_reject,1,0.7867,False,
2026-06-13 22:00:00,GWEIUSDT,short,SHORT_BREAKDOWN,rule,Rule_Reject,medium_reject,1,1.0,False,
2026-06-13 22:00:00,HEIUSDT,short,SHORT_CONTINUATION,rule,Rule_Reject,impossible_reject,1,0.5607,False,
2026-06-13 22:00:00,APRUSDT,short,SHORT_CONTINUATION,rule,Rule_Reject,impossible_reject,1,0.6525,False,
2026-06-13 22:00:00,GUAUSDT,short,SHORT_REVERSAL,rule,Rule_Reject,impossible_reject,1,0.7198,False,
2026-06-13 22:00:00,MAGMAUSDT,short,UNLABELED,rule,Pattern_Reject,impossible_reject,1,0.3452,False,
2026-06-13 22:00:00,COAIUSDT,long,LONG_BREAKOUT,portfolio,Low_Score,,,,True,74.62
2026-06-14 00:00:00,AIAUSDT,long,LONG_CONTINUATION,rule,PASS,pass,0,0.6061,True,
2026-06-14 00:00:00,COAIUSDT,long,LONG_BREAKOUT,rule,Rule_Reject,impossible_reject,1,1.0,False,
2026-06-14 00:00:00,BTWUSDT,long,LONG_REVERSAL,rule,Rule_Reject,impossible_reject,1,1.0,False,
2026-06-14 00:00:00,ALCHUSDT,long,LONG_REVERSAL,rule,Rule_Reject,impossible_reject,1,0.9849,False,
2026-06-14 00:00:00,MMTUSDT,long,LONG_CONTINUATION,rule,Rule_Reject,impossible_reject,1,0.4898,False,
2026-06-14 00:00:00,AINUSDT,short,LONG_REVERSAL,rule,Rule_Reject,impossible_reject,1,0.2244,False,
2026-06-14 00:00:00,OPGUSDT,short,SHORT_BREAKDOWN,rule,Rule_Reject,impossible_reject,1,0.6088,False,
2026-06-14 00:00:00,ENAUSDT,short,SHORT_REVERSAL,rule,Rule_Reject,impossible_reject,1,0.4138,False,
2026-06-14 00:00:00,GRASSUSDT,short,UNLABELED,rule,Pattern_Reject,impossible_reject,1,0.9464,False,
2026-06-14 00:00:00,AIAUSDT,short,LONG_CONTINUATION,rule,PASS,pass,0,0.4395,True,
2026-06-14 00:00:00,AIAUSDT,long,LONG_CONTINUATION,portfolio,Low_Score,,,,True,68.54
2026-06-14 00:00:00,AIAUSDT,short,LONG_CONTINUATION,portfolio,Low_Score,,,,True,61.57
2026-06-14 02:00:00,ATUSDT,long,LONG_BREAKOUT,rule,Rule_Reject,impossible_reject,1,1.0,False,
2026-06-14 02:00:00,COAIUSDT,long,SHORT_REVERSAL,rule,Rule_Reject,impossible_reject,1,1.0,False,
2026-06-14 02:00:00,AIOUSDT,long,LONG_CONTINUATION,rule,Rule_Reject,impossible_reject,1,0.4868,False,
2026-06-14 02:00:00,MMTUSDT,long,UNLABELED,rule,Pattern_Reject,impossible_reject,2,0.7129,False,
2026-06-14 02:00:00,BTWUSDT,long,LONG_BREAKOUT,rule,Rule_Reject,impossible_reject,1,0.4996,False,
2026-06-14 02:00:00,HUSDT,short,SHORT_CONTINUATION,rule,Rule_Reject,impossible_reject,1,1.0,False,
2026-06-14 02:00:00,OPGUSDT,short,SHORT_REVERSAL,rule,Rule_Reject,impossible_reject,1,0.9846,False,
2026-06-14 02:00:00,LITUSDT,short,SHORT_REVERSAL,rule,Rule_Reject,impossible_reject,1,0.2079,False,
2026-06-14 02:00:00,HYPEUSDT,short,SHORT_REVERSAL,rule,Rule_Reject,impossible_reject,1,0.3832,False,
2026-06-14 02:00:00,NEARUSDT,short,SHORT_CONTINUATION,rule,Rule_Reject,impossible_reject,1,0.5669,False,
2026-06-14 04:00:00,COAIUSDT,long,LONG_BREAKOUT,rule,Rule_Reject,medium_reject,1,0.8594,False,
2026-06-14 04:00:00,BTWUSDT,long,SHORT_REVERSAL,rule,Rule_Reject,impossible_reject,1,1.0,False,
2026-06-14 04:00:00,ATUSDT,long,LONG_REVERSAL,rule,Rule_Reject,impossible_reject,1,0.5087,False,
2026-06-14 04:00:00,AIOTUSDT,long,LONG_BREAKOUT,rule,Rule_Reject,impossible_reject,1,0.2815,False,
2026-06-14 04:00:00,OPGUSDT,long,LONG_REVERSAL,rule,Rule_Reject,impossible_reject,1,0.4298,False,
2026-06-14 04:00:00,HUSDT,short,UNLABELED,rule,Pattern_Reject,impossible_reject,1,1.0,False,
2026-06-14 04:00:00,LIGHTUSDT,short,SHORT_REVERSAL,rule,Rule_Reject,impossible_reject,1,0.4705,False,
2026-06-14 04:00:00,ICNTUSDT,short,UNLABELED,rule,Pattern_Reject,impossible_reject,1,0.6211,False,
2026-06-14 04:00:00,ICPUSDT,short,SHORT_REVERSAL,rule,Rule_Reject,impossible_reject,1,0.8545,False,
2026-06-14 04:00:00,AIAUSDT,short,SHORT_REVERSAL,rule,Rule_Reject,impossible_reject,1,0.8413,False,
2026-06-14 06:00:00,HUSDT,long,LONG_CONTINUATION,rule,Rule_Reject,impossible_reject,1,1.0,False,
2026-06-14 06:00:00,COAIUSDT,long,UNLABELED,rule,Pattern_Reject,impossible_reject,2,1.0,False,
2026-06-14 06:00:00,AIAUSDT,long,UNLABELED,rule,Pattern_Reject,impossible_reject,2,0.6134,False,
2026-06-14 06:00:00,BTWUSDT,long,LONG_BREAKOUT,rule,Rule_Reject,impossible_reject,1,0.9817,False,
2026-06-14 06:00:00,BSBUSDT,long,SHORT_REVERSAL,rule,Rule_Reject,impossible_reject,1,0.9027,False,
2026-06-14 06:00:00,ATUSDT,short,SHORT_BREAKDOWN,rule,Rule_Reject,impossible_reject,1,1.0,False,
2026-06-14 06:00:00,BSBUSDT,short,SHORT_REVERSAL,rule,Rule_Reject,impossible_reject,1,0.9341,False,
2026-06-14 06:00:00,AIOTUSDT,short,SHORT_REVERSAL,rule,Rule_Reject,impossible_reject,1,1.0,False,
2026-06-14 06:00:00,EDGEUSDT,short,SHORT_REVERSAL,rule,Rule_Reject,impossible_reject,1,0.5563,False,
2026-06-14 06:00:00,HUSDT,short,LONG_CONTINUATION,rule,Rule_Reject,impossible_reject,1,1.0,False,
2026-06-14 08:00:00,HUSDT,long,LONG_REVERSAL,rule,Rule_Reject,medium_reject,1,0.74,False,
2026-06-14 08:00:00,PRLUSDT,long,LONG_REVERSAL,rule,Rule_Reject,impossible_reject,1,0.4213,False,
2026-06-14 08:00:00,AINUSDT,long,LONG_REVERSAL,rule,Rule_Reject,impossible_reject,1,0.7493,False,
2026-06-14 08:00:00,MAGMAUSDT,long,LONG_REVERSAL,rule,Rule_Reject,impossible_reject,1,0.3489,False,
2026-06-14 08:00:00,OPGUSDT,long,LONG_REVERSAL,rule,Rule_Reject,impossible_reject,1,0.1596,False,
2026-06-14 08:00:00,COAIUSDT,short,SHORT_REVERSAL,rule,PASS,pass,0,1.0,True,
2026-06-14 08:00:00,BTWUSDT,short,SHORT_REVERSAL,rule,Rule_Reject,impossible_reject,1,0.5313,False,
2026-06-14 08:00:00,BILLUSDT,short,SHORT_REVERSAL,rule,Rule_Reject,impossible_reject,1,0.5155,False,
2026-06-14 08:00:00,CUSDT,short,SHORT_REVERSAL,rule,Rule_Reject,impossible_reject,1,1.0,False,
2026-06-14 08:00:00,KAITOUSDT,short,UNLABELED,rule,Pattern_Reject,impossible_reject,1,0.5002,False,
2026-06-14 08:00:00,COAIUSDT,short,SHORT_REVERSAL,portfolio,Low_Score,,,,True,62.93
2026-06-14 10:00:00,HUSDT,long,LONG_BREAKOUT,rule,Rule_Reject,medium_reject,1,0.9339,False,
2026-06-14 10:00:00,AIAUSDT,long,LONG_REVERSAL,rule,Rule_Reject,impossible_reject,1,0.5645,False,
2026-06-14 10:00:00,INUSDT,long,LONG_REVERSAL,rule,Rule_Reject,impossible_reject,1,0.2336,False,
2026-06-14 10:00:00,NEWTUSDT,long,LONG_CONTINUATION,rule,Rule_Reject,impossible_reject,1,0.4423,False,
2026-06-14 10:00:00,AIOTUSDT,long,SHORT_REVERSAL,rule,Rule_Reject,impossible_reject,1,0.1886,False,
2026-06-14 10:00:00,BEATUSDT,short,SHORT_BREAKDOWN,rule,Rule_Reject,impossible_reject,1,1.0,False,
2026-06-14 10:00:00,BTWUSDT,short,SHORT_REVERSAL,rule,Rule_Reject,impossible_reject,1,1.0,False,
2026-06-14 10:00:00,OPGUSDT,short,SHORT_REVERSAL,rule,Rule_Reject,impossible_reject,1,0.2403,False,
2026-06-14 10:00:00,GUAUSDT,short,SHORT_REVERSAL,rule,Rule_Reject,impossible_reject,1,0.3696,False,
2026-06-14 10:00:00,ENSOUSDT,short,LONG_REVERSAL,rule,Rule_Reject,impossible_reject,1,0.3391,False,
2026-06-14 12:00:00,HUSDT,long,LONG_CONTINUATION,rule,PASS,pass,0,0.4541,True,
2026-06-14 12:00:00,BTWUSDT,long,LONG_BREAKOUT,rule,Rule_Reject,medium_reject,1,0.7556,False,
2026-06-14 12:00:00,AINUSDT,long,LONG_BREAKOUT,rule,Rule_Reject,impossible_reject,1,0.535,False,
2026-06-14 12:00:00,GIGGLEUSDT,long,LONG_REVERSAL,rule,Rule_Reject,impossible_reject,1,0.4779,False,
2026-06-14 12:00:00,ENSOUSDT,long,LONG_REVERSAL,rule,Rule_Reject,impossible_reject,1,0.3963,False,
2026-06-14 12:00:00,CLOUSDT,short,SHORT_REVERSAL,rule,Rule_Reject,impossible_reject,1,1.0,False,
2026-06-14 12:00:00,B2USDT,short,SHORT_REVERSAL,rule,Rule_Reject,impossible_reject,1,0.3058,False,
2026-06-14 12:00:00,BILLUSDT,short,SHORT_CONTINUATION,rule,Rule_Reject,impossible_reject,1,0.455,False,
2026-06-14 12:00:00,BRUSDT,short,SHORT_REVERSAL,rule,Rule_Reject,impossible_reject,1,0.3922,False,
2026-06-14 12:00:00,ALLOUSDT,short,SHORT_REVERSAL,rule,Rule_Reject,impossible_reject,1,0.3537,False,
2026-06-14 12:00:00,HUSDT,long,LONG_CONTINUATION,portfolio,Low_Score,,,,True,70.94
2026-06-14 14:00:00,HUSDT,long,LONG_REVERSAL,rule,Rule_Reject,medium_reject,1,0.7494,False,
2026-06-14 14:00:00,CLOUSDT,long,LONG_BREAKOUT,rule,Rule_Reject,impossible_reject,1,1.0,False,
2026-06-14 14:00:00,JELLYJELLYUSDT,long,UNLABELED,rule,Pattern_Reject,impossible_reject,2,0.4146,False,
2026-06-14 14:00:00,AINUSDT,long,LONG_BREAKOUT,rule,Rule_Reject,impossible_reject,1,0.5565,False,
2026-06-14 14:00:00,LAUSDT,long,LONG_CONTINUATION,rule,Rule_Reject,impossible_reject,1,0.2857,False,
2026-06-14 14:00:00,ARCUSDT,short,SHORT_BREAKDOWN,rule,Rule_Reject,impossible_reject,1,0.5823,False,
2026-06-14 14:00:00,AIOUSDT,short,SHORT_REVERSAL,rule,Rule_Reject,impossible_reject,1,1.0,False,
2026-06-14 14:00:00,DEXEUSDT,short,SHORT_CONTINUATION,rule,Rule_Reject,impossible_reject,1,0.3243,False,
2026-06-14 14:00:00,OPGUSDT,short,SHORT_REVERSAL,rule,Rule_Reject,impossible_reject,1,0.4946,False,
2026-06-14 14:00:00,AIOTUSDT,short,SHORT_REVERSAL,rule,Rule_Reject,impossible_reject,1,0.467,False,
2026-06-14 16:00:00,JELLYJELLYUSDT,long,LONG_BREAKOUT,rule,Rule_Reject,impossible_reject,1,0.7976,False,
2026-06-14 16:00:00,HUSDT,long,LONG_REVERSAL,rule,Rule_Reject,medium_reject,1,0.9101,False,
2026-06-14 16:00:00,ARCUSDT,long,LONG_REVERSAL,rule,Rule_Reject,impossible_reject,1,0.4659,False,
2026-06-14 16:00:00,OPENUSDT,long,LONG_CONTINUATION,rule,Rule_Reject,impossible_reject,1,0.2173,False,
2026-06-14 16:00:00,BIRBUSDT,long,LONG_REVERSAL,rule,Rule_Reject,impossible_reject,1,0.2878,False,
2026-06-14 16:00:00,FFUSDT,short,SHORT_CONTINUATION,rule,Rule_Reject,impossible_reject,1,0.5129,False,
2026-06-14 16:00:00,AKTUSDT,short,SHORT_BREAKDOWN,rule,Rule_Reject,impossible_reject,1,0.4707,False,
2026-06-14 16:00:00,MMTUSDT,short,SHORT_REVERSAL,rule,Rule_Reject,impossible_reject,1,1.0,False,
2026-06-14 16:00:00,FOLKSUSDT,short,SHORT_REVERSAL,rule,Rule_Reject,impossible_reject,1,0.362,False,
2026-06-14 16:00:00,AINUSDT,short,SHORT_CONTINUATION,rule,Rule_Reject,impossible_reject,1,0.4657,False,
2026-06-14 18:00:00,OPGUSDT,long,UNLABELED,rule,Pattern_Reject,impossible_reject,2,0.2954,False,
2026-06-14 18:00:00,ONUSDT,long,LONG_BREAKOUT,rule,Rule_Reject,impossible_reject,1,1.0,False,
2026-06-14 18:00:00,EVAAUSDT,long,SHORT_REVERSAL,rule,Rule_Reject,impossible_reject,1,0.3722,False,
2026-06-14 18:00:00,BILLUSDT,long,LONG_BREAKOUT,rule,Rule_Reject,impossible_reject,1,0.7438,False,
2026-06-14 18:00:00,ASRUSDT,long,UNLABELED,rule,Pattern_Reject,impossible_reject,2,0.5931,False,
2026-06-14 18:00:00,COAIUSDT,short,SHORT_REVERSAL,rule,Rule_Reject,medium_reject,1,1.0,False,
2026-06-14 18:00:00,AIOTUSDT,short,SHORT_REVERSAL,rule,Rule_Reject,impossible_reject,1,1.0,False,
2026-06-14 18:00:00,JELLYJELLYUSDT,short,UNLABELED,rule,Pattern_Reject,impossible_reject,1,0.9517,False,
2026-06-14 18:00:00,LAUSDT,short,SHORT_REVERSAL,rule,Rule_Reject,impossible_reject,1,0.4448,False,
2026-06-14 18:00:00,AIOUSDT,short,SHORT_REVERSAL,rule,Rule_Reject,impossible_reject,1,0.2617,False,
2026-06-14 20:00:00,OPGUSDT,long,LONG_REVERSAL,rule,Rule_Reject,impossible_reject,1,1.0,False,
2026-06-14 20:00:00,EVAAUSDT,long,UNLABELED,rule,Pattern_Reject,impossible_reject,2,0.5782,False,
2026-06-14 20:00:00,MIRAUSDT,long,LONG_CONTINUATION,rule,Rule_Reject,impossible_reject,1,0.5237,False,
2026-06-14 20:00:00,INUSDT,long,LONG_REVERSAL,rule,Rule_Reject,impossible_reject,1,0.5578,False,
2026-06-14 20:00:00,JELLYJELLYUSDT,long,LONG_BREAKOUT,rule,Rule_Reject,impossible_reject,1,0.6979,False,
2026-06-14 20:00:00,AIOUSDT,short,SHORT_CONTINUATION,rule,Rule_Reject,impossible_reject,1,0.6315,False,
2026-06-14 20:00:00,BILLUSDT,short,SHORT_REVERSAL,rule,Rule_Reject,impossible_reject,1,0.6066,False,
2026-06-14 20:00:00,HUSDT,short,LONG_REVERSAL,rule,Rule_Reject,impossible_reject,1,0.8751,False,
2026-06-14 20:00:00,BSBUSDT,short,LONG_REVERSAL,rule,Rule_Reject,impossible_reject,1,0.3613,False,
2026-06-14 20:00:00,LABUSDT,short,UNLABELED,rule,Pattern_Reject,impossible_reject,1,0.1926,False,
2026-06-14 22:00:00,BSBUSDT,long,LONG_REVERSAL,rule,Rule_Reject,impossible_reject,1,0.3762,False,
2026-06-14 22:00:00,CLOUSDT,long,LONG_REVERSAL,rule,Rule_Reject,impossible_reject,1,1.0,False,
2026-06-14 22:00:00,OPGUSDT,long,LONG_REVERSAL,rule,Rule_Reject,impossible_reject,1,0.3831,False,
2026-06-14 22:00:00,METISUSDT,long,LONG_CONTINUATION,rule,Rule_Reject,impossible_reject,1,0.6351,False,
2026-06-14 22:00:00,ONUSDT,long,LONG_REVERSAL,rule,Rule_Reject,impossible_reject,1,0.4805,False,
2026-06-14 22:00:00,HUSDT,short,SHORT_BREAKDOWN,rule,PASS,pass,0,1.0,True,
2026-06-14 22:00:00,OPNUSDT,short,SHORT_CONTINUATION,rule,Rule_Reject,impossible_reject,1,0.7391,False,
2026-06-14 22:00:00,MIRAUSDT,short,LONG_REVERSAL,rule,Rule_Reject,impossible_reject,1,0.6172,False,
2026-06-14 22:00:00,JELLYJELLYUSDT,short,SHORT_REVERSAL,rule,Rule_Reject,impossible_reject,1,0.7185,False,
2026-06-14 22:00:00,OPENUSDT,short,UNLABELED,rule,Pattern_Reject,impossible_reject,1,0.328,False,
2026-06-14 22:00:00,HUSDT,short,SHORT_BREAKDOWN,portfolio,Replacement,,,,True,89.37
2026-06-15 00:00:00,EVAAUSDT,long,LONG_BREAKOUT,rule,Rule_Reject,medium_reject,1,1.0,False,
2026-06-15 00:00:00,CLOUSDT,long,LONG_REVERSAL,rule,Rule_Reject,impossible_reject,1,1.0,False,
2026-06-15 00:00:00,BSBUSDT,long,LONG_REVERSAL,rule,Rule_Reject,impossible_reject,1,0.6761,False,
2026-06-15 00:00:00,GWEIUSDT,long,LONG_REVERSAL,rule,Rule_Reject,impossible_reject,1,0.3361,False,
2026-06-15 00:00:00,HEIUSDT,long,LONG_CONTINUATION,rule,Rule_Reject,impossible_reject,1,0.6017,False,
2026-06-15 00:00:00,ALLOUSDT,short,SHORT_REVERSAL,rule,Rule_Reject,impossible_reject,1,0.5274,False,
2026-06-15 00:00:00,ALICEUSDT,short,SHORT_BREAKDOWN,rule,Rule_Reject,impossible_reject,1,1.0,False,
2026-06-15 00:00:00,GUAUSDT,short,UNLABELED,rule,Pattern_Reject,impossible_reject,1,1.0,False,
2026-06-15 00:00:00,AIOTUSDT,short,UNLABELED,rule,Pattern_Reject,impossible_reject,1,0.7375,False,
2026-06-15 00:00:00,ONUSDT,short,SHORT_BREAKDOWN,rule,Rule_Reject,impossible_reject,1,1.0,False,
2026-06-15 02:00:00,BTWUSDT,long,SHORT_REVERSAL,rule,Rule_Reject,impossible_reject,1,0.2637,False,
2026-06-15 02:00:00,EVAAUSDT,long,LONG_BREAKOUT,rule,Rule_Reject,impossible_reject,1,0.7443,False,
2026-06-15 02:00:00,JELLYJELLYUSDT,long,LONG_REVERSAL,rule,Rule_Reject,impossible_reject,1,0.1079,False,
2026-06-15 02:00:00,ASRUSDT,long,LONG_BREAKOUT,rule,Rule_Reject,impossible_reject,1,0.4033,False,
2026-06-15 02:00:00,ALLOUSDT,long,LONG_REVERSAL,rule,Rule_Reject,impossible_reject,1,0.2896,False,
2026-06-15 02:00:00,OPGUSDT,short,SHORT_CONTINUATION,rule,Rule_Reject,impossible_reject,1,0.8157,False,
2026-06-15 02:00:00,CLOUSDT,short,SHORT_REVERSAL,rule,Rule_Reject,impossible_reject,1,1.0,False,
2026-06-15 02:00:00,BSBUSDT,short,SHORT_REVERSAL,rule,Rule_Reject,impossible_reject,1,0.8795,False,
2026-06-15 02:00:00,EULUSDT,short,UNLABELED,rule,Pattern_Reject,impossible_reject,1,0.365,False,
2026-06-15 02:00:00,BANUSDT,short,UNLABELED,rule,Pattern_Reject,impossible_reject,1,0.6063,False,
2026-06-15 04:00:00,EVAAUSDT,long,LONG_BREAKOUT,rule,Rule_Reject,impossible_reject,1,1.0,False,
2026-06-15 04:00:00,JELLYJELLYUSDT,long,LONG_CONTINUATION,rule,Rule_Reject,impossible_reject,1,0.3502,False,
2026-06-15 04:00:00,OPGUSDT,long,LONG_BREAKOUT,rule,Rule_Reject,impossible_reject,1,0.7751,False,
2026-06-15 04:00:00,REDUSDT,long,LONG_REVERSAL,rule,Rule_Reject,impossible_reject,1,0.4024,False,
2026-06-15 04:00:00,BREVUSDT,long,LONG_CONTINUATION,rule,Rule_Reject,impossible_reject,1,0.4252,False,
2026-06-15 04:00:00,ASRUSDT,short,SHORT_BREAKDOWN,rule,Rule_Reject,impossible_reject,1,0.7448,False,
2026-06-15 04:00:00,AIOTUSDT,short,SHORT_BREAKDOWN,rule,Rule_Reject,impossible_reject,1,1.0,False,
2026-06-15 04:00:00,LAUSDT,short,SHORT_REVERSAL,rule,Rule_Reject,impossible_reject,1,0.4588,False,
2026-06-15 04:00:00,BASEDUSDT,short,SHORT_REVERSAL,rule,Rule_Reject,impossible_reject,1,0.6513,False,
2026-06-15 04:00:00,MUSDT,short,SHORT_REVERSAL,rule,Rule_Reject,impossible_reject,1,0.4121,False,
2026-06-15 06:00:00,OPGUSDT,long,LONG_BREAKOUT,rule,PASS,pass,0,1.0,True,
2026-06-15 06:00:00,OPENUSDT,long,LONG_CONTINUATION,rule,Rule_Reject,impossible_reject,1,0.5839,False,
2026-06-15 06:00:00,PENDLEUSDT,long,LONG_REVERSAL,rule,Rule_Reject,impossible_reject,1,0.594,False,
2026-06-15 06:00:00,INUSDT,long,LONG_CONTINUATION,rule,Rule_Reject,impossible_reject,1,0.3352,False,
2026-06-15 06:00:00,EIGENUSDT,long,LONG_REVERSAL,rule,Rule_Reject,impossible_reject,1,0.5165,False,
2026-06-15 06:00:00,EVAAUSDT,short,SHORT_REVERSAL,rule,PASS,pass,0,1.0,True,
2026-06-15 06:00:00,ALICEUSDT,short,SHORT_REVERSAL,rule,Rule_Reject,impossible_reject,1,0.3121,False,
2026-06-15 06:00:00,OPGUSDT,short,LONG_BREAKOUT,rule,PASS,pass,0,1.0,True,
2026-06-15 06:00:00,JELLYJELLYUSDT,short,UNLABELED,rule,Pattern_Reject,impossible_reject,1,0.2365,False,
2026-06-15 06:00:00,GENIUSUSDT,short,UNLABELED,rule,Pattern_Reject,impossible_reject,1,0.5067,False,
2026-06-15 06:00:00,OPGUSDT,long,LONG_BREAKOUT,portfolio,Low_Score,,,,True,79.55
2026-06-15 06:00:00,EVAAUSDT,short,SHORT_REVERSAL,portfolio,Low_Score,,,,True,61.62
2026-06-15 06:00:00,OPGUSDT,short,LONG_BREAKOUT,portfolio,Low_Score,,,,True,75.55
2026-06-15 08:00:00,BTWUSDT,long,UNLABELED,rule,Pattern_Reject,impossible_reject,2,0.5625,False,
2026-06-15 08:00:00,AKTUSDT,long,LONG_REVERSAL,rule,Rule_Reject,impossible_reject,1,0.4243,False,
2026-06-15 08:00:00,ICPUSDT,long,LONG_CONTINUATION,rule,Rule_Reject,impossible_reject,1,0.4622,False,
2026-06-15 08:00:00,OPGUSDT,long,LONG_REVERSAL,rule,Rule_Reject,impossible_reject,1,1.0,False,
2026-06-15 08:00:00,JELLYJELLYUSDT,long,UNLABELED,rule,Pattern_Reject,impossible_reject,2,0.9365,False,
2026-06-15 08:00:00,LABUSDT,short,SHORT_REVERSAL,rule,Rule_Reject,impossible_reject,1,1.0,False,
2026-06-15 08:00:00,OPGUSDT,short,LONG_REVERSAL,rule,Rule_Reject,impossible_reject,1,1.0,False,
2026-06-15 08:00:00,OPNUSDT,short,SHORT_REVERSAL,rule,Rule_Reject,impossible_reject,1,0.2997,False,
2026-06-15 08:00:00,BASEDUSDT,short,SHORT_REVERSAL,rule,Rule_Reject,impossible_reject,1,0.5301,False,
2026-06-15 08:00:00,JELLYJELLYUSDT,short,UNLABELED,rule,Pattern_Reject,impossible_reject,1,0.9539,False,
2026-06-15 10:00:00,PIEVERSEUSDT,long,LONG_REVERSAL,rule,Rule_Reject,impossible_reject,1,0.8151,False,
2026-06-15 10:00:00,AKTUSDT,long,LONG_CONTINUATION,rule,Rule_Reject,impossible_reject,1,0.5547,False,
2026-06-15 10:00:00,EVAAUSDT,long,LONG_REVERSAL,rule,Rule_Reject,impossible_reject,1,1.0,False,
2026-06-15 10:00:00,GRASSUSDT,long,LONG_CONTINUATION,rule,Rule_Reject,impossible_reject,1,0.1994,False,
2026-06-15 10:00:00,ALLOUSDT,long,LONG_CONTINUATION,rule,Rule_Reject,impossible_reject,1,0.2351,False,
2026-06-15 10:00:00,OPGUSDT,short,LONG_REVERSAL,rule,Rule_Reject,medium_reject,1,0.7566,False,
2026-06-15 10:00:00,HUSDT,short,SHORT_REVERSAL,rule,Rule_Reject,impossible_reject,1,1.0,False,
2026-06-15 10:00:00,LABUSDT,short,SHORT_REVERSAL,rule,Rule_Reject,impossible_reject,1,1.0,False,
2026-06-15 10:00:00,FOLKSUSDT,short,SHORT_REVERSAL,rule,Rule_Reject,impossible_reject,1,0.6119,False,
2026-06-15 10:00:00,JELLYJELLYUSDT,short,SHORT_REVERSAL,rule,Rule_Reject,impossible_reject,1,0.5129,False,
2026-06-15 12:00:00,EVAAUSDT,long,SHORT_REVERSAL,rule,PASS,pass,0,0.9815,True,
2026-06-15 12:00:00,HUSDT,long,LONG_BREAKOUT,rule,Rule_Reject,impossible_reject,1,0.2715,False,
2026-06-15 12:00:00,BARDUSDT,long,LONG_CONTINUATION,rule,Rule_Reject,impossible_reject,1,0.5499,False,
2026-06-15 12:00:00,CLANKERUSDT,long,LONG_BREAKOUT,rule,Rule_Reject,impossible_reject,1,0.4565,False,
2026-06-15 12:00:00,JUPUSDT,long,LONG_REVERSAL,rule,Rule_Reject,impossible_reject,1,0.9537,False,
2026-06-15 12:00:00,OPGUSDT,short,LONG_REVERSAL,rule,Rule_Reject,impossible_reject,1,0.9391,False,
2026-06-15 12:00:00,LABUSDT,short,SHORT_REVERSAL,rule,Rule_Reject,impossible_reject,1,0.7404,False,
2026-06-15 12:00:00,BEATUSDT,short,UNLABELED,rule,Pattern_Reject,impossible_reject,1,0.7033,False,
2026-06-15 12:00:00,CLOUSDT,short,SHORT_REVERSAL,rule,Rule_Reject,impossible_reject,1,1.0,False,
2026-06-15 12:00:00,AIOUSDT,short,UNLABELED,rule,Pattern_Reject,impossible_reject,1,0.983,False,
2026-06-15 12:00:00,EVAAUSDT,long,SHORT_REVERSAL,portfolio,Low_Score,,,,True,67.07
2026-06-15 14:00:00,GRASSUSDT,long,LONG_REVERSAL,rule,Rule_Reject,impossible_reject,1,1.0,False,
2026-06-15 14:00:00,ARCUSDT,long,LONG_BREAKOUT,rule,Rule_Reject,impossible_reject,1,1.0,False,
2026-06-15 14:00:00,ENAUSDT,long,LONG_CONTINUATION,rule,Rule_Reject,impossible_reject,1,0.3517,False,
2026-06-15 14:00:00,BEATUSDT,long,LONG_BREAKOUT,rule,Rule_Reject,impossible_reject,1,1.0,False,
2026-06-15 14:00:00,LUMIAUSDT,long,LONG_REVERSAL,rule,Rule_Reject,impossible_reject,1,0.3041,False,
2026-06-15 14:00:00,HUSDT,short,SHORT_BREAKDOWN,rule,Rule_Reject,medium_reject,1,1.0,False,
2026-06-15 14:00:00,EVAAUSDT,short,UNLABELED,rule,Pattern_Reject,impossible_reject,1,1.0,False,
2026-06-15 14:00:00,AKTUSDT,short,SHORT_REVERSAL,rule,Rule_Reject,impossible_reject,1,0.3383,False,
2026-06-15 14:00:00,AIOTUSDT,short,SHORT_CONTINUATION,rule,Rule_Reject,impossible_reject,1,0.1952,False,
2026-06-15 14:00:00,OPENUSDT,short,SHORT_REVERSAL,rule,Rule_Reject,impossible_reject,1,0.3805,False,
2026-06-15 16:00:00,EVAAUSDT,long,LONG_REVERSAL,rule,Rule_Reject,medium_reject,1,1.0,False,
2026-06-15 16:00:00,METUSDT,long,LONG_CONTINUATION,rule,Rule_Reject,impossible_reject,1,0.8222,False,
2026-06-15 16:00:00,CLOUSDT,long,LONG_REVERSAL,rule,Rule_Reject,impossible_reject,1,1.0,False,
2026-06-15 16:00:00,DUSKUSDT,long,LONG_CONTINUATION,rule,Rule_Reject,impossible_reject,1,0.426,False,
2026-06-15 16:00:00,PARTIUSDT,long,LONG_CONTINUATION,rule,Rule_Reject,impossible_reject,1,0.3477,False,
2026-06-15 16:00:00,JELLYJELLYUSDT,short,SHORT_REVERSAL,rule,PASS,pass,0,1.0,True,
2026-06-15 16:00:00,GWEIUSDT,short,SHORT_BREAKDOWN,rule,PASS,pass,0,1.0,True,
2026-06-15 16:00:00,BEATUSDT,short,SHORT_CONTINUATION,rule,PASS,pass,0,0.9443,True,
2026-06-15 16:00:00,BSBUSDT,short,SHORT_REVERSAL,rule,Rule_Reject,impossible_reject,1,0.4067,False,
2026-06-15 16:00:00,JTOUSDT,short,UNLABELED,rule,Pattern_Reject,impossible_reject,1,0.537,False,
2026-06-15 16:00:00,JELLYJELLYUSDT,short,SHORT_REVERSAL,portfolio,Low_Score,,,,True,83.82
2026-06-15 16:00:00,GWEIUSDT,short,SHORT_BREAKDOWN,portfolio,Low_Score,,,,True,64.01
2026-06-15 16:00:00,BEATUSDT,short,SHORT_CONTINUATION,portfolio,Low_Score,,,,True,68.6
2026-06-15 18:00:00,MAGMAUSDT,long,LONG_REVERSAL,rule,Rule_Reject,impossible_reject,1,1.0,False,
2026-06-15 18:00:00,CLOUSDT,long,LONG_REVERSAL,rule,Rule_Reject,impossible_reject,1,1.0,False,
2026-06-15 18:00:00,HUSDT,long,SHORT_REVERSAL,rule,PASS,pass,0,1.0,True,
2026-06-15 18:00:00,KAITOUSDT,long,LONG_REVERSAL,rule,Rule_Reject,impossible_reject,1,0.6397,False,
2026-06-15 18:00:00,BILLUSDT,long,LONG_REVERSAL,rule,Rule_Reject,impossible_reject,1,0.883,False,
2026-06-15 18:00:00,AIOUSDT,short,SHORT_BREAKDOWN,rule,Rule_Reject,impossible_reject,1,0.3576,False,
2026-06-15 18:00:00,GRASSUSDT,short,SHORT_BREAKDOWN,rule,Rule_Reject,impossible_reject,1,0.6862,False,
2026-06-15 18:00:00,AKTUSDT,short,SHORT_REVERSAL,rule,Rule_Reject,impossible_reject,1,0.6843,False,
2026-06-15 18:00:00,DASHUSDT,short,SHORT_REVERSAL,rule,Rule_Reject,impossible_reject,1,0.4656,False,
2026-06-15 18:00:00,PARTIUSDT,short,UNLABELED,rule,Pattern_Reject,impossible_reject,1,0.5494,False,
2026-06-15 18:00:00,HUSDT,long,SHORT_REVERSAL,portfolio,Low_Score,,,,True,59.92
2026-06-15 20:00:00,BSBUSDT,long,LONG_REVERSAL,rule,Rule_Reject,impossible_reject,1,1.0,False,
2026-06-15 20:00:00,GRASSUSDT,long,LONG_REVERSAL,rule,Rule_Reject,impossible_reject,1,0.608,False,
2026-06-15 20:00:00,AEROUSDT,long,LONG_BREAKOUT,rule,Rule_Reject,impossible_reject,1,1.0,False,
2026-06-15 20:00:00,CROSSUSDT,long,LONG_REVERSAL,rule,Rule_Reject,impossible_reject,1,0.2942,False,
2026-06-15 20:00:00,AVNTUSDT,long,LONG_BREAKOUT,rule,Rule_Reject,impossible_reject,1,0.4436,False,
2026-06-15 20:00:00,HUSDT,short,SHORT_BREAKDOWN,rule,PASS,pass,0,1.0,True,
2026-06-15 20:00:00,EVAAUSDT,short,SHORT_REVERSAL,rule,Rule_Reject,near_pass,1,1.0,False,
2026-06-15 20:00:00,AIOUSDT,short,SHORT_REVERSAL,rule,Rule_Reject,medium_reject,1,0.3238,False,
2026-06-15 20:00:00,MAGMAUSDT,short,SHORT_REVERSAL,rule,Rule_Reject,medium_reject,1,1.0,False,
2026-06-15 20:00:00,BTWUSDT,short,SHORT_BREAKDOWN,rule,Rule_Reject,impossible_reject,1,0.329,False,
2026-06-15 20:00:00,HUSDT,short,SHORT_BREAKDOWN,portfolio,Already_Occupied,,,,True,79.84
2026-06-15 20:00:00,HUSDT,short,SHORT_BREAKDOWN,portfolio,Low_Score,,,,True,79.84
2026-06-15 22:00:00,GUAUSDT,long,SHORT_REVERSAL,rule,Rule_Reject,impossible_reject,1,1.0,False,
2026-06-15 22:00:00,ALLOUSDT,long,LONG_REVERSAL,rule,Rule_Reject,impossible_reject,1,0.4145,False,
2026-06-15 22:00:00,ALCHUSDT,long,LONG_CONTINUATION,rule,Rule_Reject,impossible_reject,1,0.448,False,
2026-06-15 22:00:00,OPNUSDT,long,LONG_REVERSAL,rule,Rule_Reject,impossible_reject,1,0.6781,False,
2026-06-15 22:00:00,BASEDUSDT,long,LONG_BREAKOUT,rule,Rule_Reject,impossible_reject,1,1.0,False,
2026-06-15 22:00:00,EVAAUSDT,short,UNLABELED,rule,Pattern_Reject,impossible_reject,1,1.0,False,
2026-06-15 22:00:00,BSBUSDT,short,UNLABELED,rule,Pattern_Reject,impossible_reject,1,1.0,False,
2026-06-15 22:00:00,BTWUSDT,short,SHORT_REVERSAL,rule,Rule_Reject,impossible_reject,1,0.5363,False,
2026-06-15 22:00:00,CLOUSDT,short,UNLABELED,rule,Pattern_Reject,impossible_reject,1,0.4432,False,
2026-06-15 22:00:00,ARCUSDT,short,SHORT_REVERSAL,rule,Rule_Reject,impossible_reject,1,0.9177,False,
