signal_id,direction,scan_time_kst,symbol,engine,lifecycle_label,peak_time_min,peak_return_pct,mfe_full,mae_full,return_2h,return_6h,return_12h,return_at_end,peak_fraction,track_hours,success_2h,success_6h,return_shift_2h_to_6h,evaluation_shift
long_2026-06-01T000000_币安人生USDT,long,2026-06-01 00:00:00,币安人生USDT,LONG_CONTINUATION,Slow Trend,300,18.9849,20.1621,-4.7925,-1.743,15.5512,12.266,12.266,0.4167,12.0,False,True,17.2942,loser_2h_runner_6h
long_2026-06-01T000000_ALLOUSDT,long,2026-06-01 00:00:00,ALLOUSDT,LONG_CONTINUATION,Fake Breakout,15,13.3232,30.4742,-5.203,-0.7837,-1.0341,-2.1842,-2.1842,0.0208,12.0,False,False,-0.2504,underperformer
long_2026-06-01T000000_INUSDT,long,2026-06-01 00:00:00,INUSDT,LONG_CONTINUATION,Unclassified,60,6.4151,8.393,-0.2138,4.0308,2.3415,2.9295,2.9295,0.0833,12.0,True,False,-1.6893,winner_2h_fade_6h
long_2026-06-01T000000_FORMUSDT,long,2026-06-01 00:00:00,FORMUSDT,LONG_CONTINUATION,Immediate Explosion,45,3.5149,5.0599,-0.2317,1.6995,1.854,2.7424,2.7424,0.0625,12.0,False,False,0.1545,underperformer
long_2026-06-01T000000_BILLUSDT,long,2026-06-01 00:00:00,BILLUSDT,LONG_CONTINUATION,Late Runner,720,8.0687,8.4071,-0.8329,5.0625,4.3077,8.0687,8.0687,1.0,12.0,True,True,-0.7548,sustained_winner
long_2026-06-01T020000_STGUSDT,long,2026-06-01 02:00:00,STGUSDT,LONG_CONTINUATION,Slow Trend,330,39.6863,45.9257,-1.9775,32.1855,35.9359,20.2864,20.2864,0.4583,12.0,True,True,3.7504,sustained_winner
long_2026-06-01T020000_币安人生USDT,long,2026-06-01 02:00:00,币安人生USDT,LONG_CONTINUATION,Slow Trend,180,22.3395,23.5499,-0.4867,9.726,15.7939,15.4455,15.4455,0.25,12.0,True,True,6.0679,sustained_winner
long_2026-06-01T020000_LABUSDT,long,2026-06-01 02:00:00,LABUSDT,LONG_CONTINUATION,Continuous Trend,450,28.2249,43.8485,-1.6572,6.9586,17.6385,18.2225,18.2225,0.625,12.0,True,True,10.6799,sustained_winner
long_2026-06-01T020000_GUAUSDT,long,2026-06-01 02:00:00,GUAUSDT,LONG_CONTINUATION,Immediate Explosion,30,7.2688,9.1457,-6.4953,4.3112,1.9565,2.4457,2.4457,0.0417,12.0,True,False,-2.3547,winner_2h_fade_6h
long_2026-06-01T020000_UBUSDT,long,2026-06-01 02:00:00,UBUSDT,LONG_CONTINUATION,Fake Breakout,165,16.3133,17.7601,-5.8751,10.8423,12.7753,-5.0023,-5.0023,0.2292,12.0,True,True,1.933,sustained_winner
long_2026-06-01T040000_STGUSDT,long,2026-06-01 04:00:00,STGUSDT,LONG_CONTINUATION,Fake Breakout,210,16.4582,21.66,-7.9022,9.9204,0.3127,-0.1706,-0.1706,0.2917,12.0,True,False,-9.6077,winner_2h_fade_6h
long_2026-06-01T040000_LABUSDT,long,2026-06-01 04:00:00,LABUSDT,LONG_CONTINUATION,Late Runner,720,28.679,37.1464,-6.2391,7.202,7.3743,28.679,28.679,1.0,12.0,True,True,0.1723,sustained_winner
long_2026-06-01T040000_ALLOUSDT,long,2026-06-01 04:00:00,ALLOUSDT,LONG_CONTINUATION,Fake Breakout,30,9.3473,12.4643,-31.8687,2.4335,4.2286,-28.4588,-28.4588,0.0417,12.0,False,True,1.7951,loser_2h_runner_6h
long_2026-06-01T040000_币安人生USDT,long,2026-06-01 04:00:00,币安人生USDT,LONG_CONTINUATION,Unclassified,60,10.666,11.7609,-1.5919,7.4724,2.2125,9.9578,9.9578,0.0833,12.0,True,False,-5.2599,winner_2h_fade_6h
long_2026-06-01T040000_UBUSDT,long,2026-06-01 04:00:00,UBUSDT,LONG_CONTINUATION,Fake Breakout,45,3.8437,5.1354,-17.3727,1.9193,-12.4882,-12.0437,-12.0437,0.0625,12.0,False,False,-14.4075,underperformer
long_2026-06-01T060000_STGUSDT,long,2026-06-01 06:00:00,STGUSDT,LONG_CONTINUATION,Fake Breakout,90,6.5263,11.2845,-24.545,3.6661,-6.4743,-23.791,-23.791,0.125,12.0,True,False,-10.1404,winner_2h_fade_6h
long_2026-06-01T060000_LABUSDT,long,2026-06-01 06:00:00,LABUSDT,LONG_CONTINUATION,Late Runner,720,45.9876,48.345,-10.7081,6.8117,6.8323,45.9876,45.9876,1.0,12.0,True,True,0.0206,sustained_winner
long_2026-06-01T060000_MYXUSDT,long,2026-06-01 06:00:00,MYXUSDT,LONG_CONTINUATION,Slow Trend,210,5.941,6.1993,-2.5461,1.7343,0.5904,3.3948,3.3948,0.2917,12.0,False,False,-1.1439,underperformer
long_2026-06-01T060000_LQTYUSDT,long,2026-06-01 06:00:00,LQTYUSDT,LONG_CONTINUATION,Fake Breakout,120,3.4244,4.3352,-2.9872,3.4244,-2.0401,0.5464,0.5464,0.1667,12.0,True,False,-5.4645,winner_2h_fade_6h
long_2026-06-01T060000_HYPEUSDT,long,2026-06-01 06:00:00,HYPEUSDT,LONG_CONTINUATION,Slow Trend,210,5.1772,6.0524,-0.4091,3.0718,3.7332,4.0112,4.0112,0.2917,12.0,True,True,0.6614,sustained_winner
long_2026-06-01T080000_LABUSDT,long,2026-06-01 08:00:00,LABUSDT,LONG_CONTINUATION,Late Runner,690,71.4194,77.1189,-14.9392,-2.589,2.2555,52.3933,52.3933,0.9583,12.0,False,False,4.8445,underperformer
long_2026-06-01T080000_AIAUSDT,long,2026-06-01 08:00:00,AIAUSDT,LONG_CONTINUATION,Fake Breakout,105,9.5476,11.0871,-15.422,4.8481,-6.4011,-8.4808,-8.4808,0.1458,12.0,True,False,-11.2492,winner_2h_fade_6h
long_2026-06-01T080000_SYRUPUSDT,long,2026-06-01 08:00:00,SYRUPUSDT,LONG_CONTINUATION,Fake Breakout,225,3.6029,4.1537,-3.1234,3.1493,2.1967,-0.3888,-0.3888,0.3125,12.0,True,False,-0.9526,winner_2h_fade_6h
long_2026-06-01T080000_HUSDT,long,2026-06-01 08:00:00,HUSDT,LONG_CONTINUATION,Late Runner,660,70.7542,76.9852,-3.8091,31.9035,34.9897,65.1726,65.1726,0.9167,12.0,True,True,3.0862,sustained_winner
long_2026-06-01T080000_ACUUSDT,long,2026-06-01 08:00:00,ACUUSDT,LONG_CONTINUATION,Late Runner,600,8.275,9.3135,-0.6559,3.0826,2.394,6.9086,6.9086,0.8333,12.0,True,False,-0.6886,winner_2h_fade_6h
long_2026-06-01T100000_HUSDT,long,2026-06-01 10:00:00,HUSDT,LONG_CONTINUATION,Late Runner,690,56.096,59.3556,-0.3685,24.7543,31.644,53.8605,53.8605,0.9583,12.0,True,True,6.8897,sustained_winner
long_2026-06-01T100000_FFUSDT,long,2026-06-01 10:00:00,FFUSDT,LONG_CONTINUATION,Slow Trend,135,15.8117,16.8534,-0.0983,14.544,12.9815,10.3872,10.3872,0.1875,12.0,True,True,-1.5625,sustained_winner
long_2026-06-01T100000_PLAYUSDT,long,2026-06-01 10:00:00,PLAYUSDT,LONG_CONTINUATION,Fake Breakout,15,6.1026,13.1469,-18.5123,-8.6576,-8.1466,-15.9063,-15.9063,0.0208,12.0,False,False,0.511,underperformer
long_2026-06-01T100000_STARUSDT,long,2026-06-01 10:00:00,STARUSDT,LONG_CONTINUATION,Fake Breakout,330,5.1631,7.7418,-4.9736,1.8263,3.9054,-1.0165,-1.0165,0.4583,12.0,False,True,2.0791,loser_2h_runner_6h
long_2026-06-01T100000_COLLECTUSDT,long,2026-06-01 10:00:00,COLLECTUSDT,LONG_CONTINUATION,Late Runner,720,7.5967,8.2712,-0.6035,3.4434,1.2957,7.5967,7.5967,1.0,12.0,True,False,-2.1477,winner_2h_fade_6h
long_2026-06-01T120000_CLOUSDT,long,2026-06-01 12:00:00,CLOUSDT,LONG_CONTINUATION,Continuous Trend,480,30.1817,31.4052,-0.2019,11.7829,17.0923,23.2807,23.2807,0.6667,12.0,True,True,5.3094,sustained_winner
long_2026-06-01T120000_STGUSDT,long,2026-06-01 12:00:00,STGUSDT,LONG_CONTINUATION,Fake Breakout,75,6.8131,9.0653,-21.9032,-0.6757,-17.4831,-11.4865,-11.4865,0.1042,12.0,False,False,-16.8074,underperformer
long_2026-06-01T120000_WLDUSDT,long,2026-06-01 12:00:00,WLDUSDT,LONG_CONTINUATION,Fake Breakout,150,4.7142,7.2952,-4.0295,2.976,0.1053,-1.2905,-1.2905,0.2083,12.0,False,False,-2.8707,underperformer
long_2026-06-01T120000_USELESSUSDT,long,2026-06-01 12:00:00,USELESSUSDT,LONG_CONTINUATION,Fake Breakout,15,2.5658,3.9141,-3.8356,-0.5629,1.008,-2.3825,-2.3825,0.0208,12.0,False,False,1.5709,underperformer
long_2026-06-01T120000_ORDIUSDT,long,2026-06-01 12:00:00,ORDIUSDT,LONG_CONTINUATION,Fake Breakout,30,3.0868,4.0323,-3.1424,-0.1669,0.9177,0.8343,0.8343,0.0417,12.0,False,False,1.0846,underperformer
long_2026-06-01T140000_EPICUSDT,long,2026-06-01 14:00:00,EPICUSDT,LONG_CONTINUATION,Late Runner,690,39.4716,48.6402,-0.3885,15.7731,23.1546,34.1492,34.1492,0.9583,12.0,True,True,7.3815,sustained_winner
long_2026-06-01T140000_GUAUSDT,long,2026-06-01 14:00:00,GUAUSDT,LONG_CONTINUATION,Fake Breakout,645,13.443,15.3715,-8.3381,7.6574,9.5179,-6.1713,-6.1713,0.8958,12.0,True,True,1.8605,sustained_winner
long_2026-06-01T140000_PLAYUSDT,long,2026-06-01 14:00:00,PLAYUSDT,LONG_CONTINUATION,Fake Breakout,75,9.126,12.9712,-6.2799,5.6418,-2.9972,0.4114,0.4114,0.1042,12.0,True,False,-8.639,winner_2h_fade_6h
long_2026-06-01T140000_BANUSDT,long,2026-06-01 14:00:00,BANUSDT,LONG_CONTINUATION,Fake Breakout,135,7.4838,7.8614,-1.3484,6.6208,-0.1753,0.1618,0.1618,0.1875,12.0,True,False,-6.7961,winner_2h_fade_6h
long_2026-06-01T140000_LABUSDT,long,2026-06-01 14:00:00,LABUSDT,LONG_CONTINUATION,Late Runner,615,68.347,73.8878,-2.0556,13.0757,47.6114,61.7239,61.7239,0.8542,12.0,True,True,34.5357,sustained_winner
long_2026-06-01T160000_AERGOUSDT,long,2026-06-01 16:00:00,AERGOUSDT,LONG_CONTINUATION,Slow Trend,150,24.5303,35.5288,-1.5622,19.7382,17.6694,8.6553,8.6553,0.2083,12.0,True,True,-2.0688,sustained_winner
long_2026-06-01T160000_LABUSDT,long,2026-06-01 16:00:00,LABUSDT,LONG_CONTINUATION,Late Runner,660,52.7158,59.9426,-1.4383,22.045,36.3768,46.0263,46.0263,0.9167,12.0,True,True,14.3318,sustained_winner
long_2026-06-01T160000_EPICUSDT,long,2026-06-01 16:00:00,EPICUSDT,LONG_CONTINUATION,Late Runner,570,30.7832,39.3807,-0.7286,9.5446,8.2696,25.2823,25.2823,0.7917,12.0,True,True,-1.275,sustained_winner
long_2026-06-01T160000_MYXUSDT,long,2026-06-01 16:00:00,MYXUSDT,LONG_CONTINUATION,Late Runner,675,15.7143,16.5568,-0.3663,2.6374,11.1722,11.9048,11.9048,0.9375,12.0,False,True,8.5348,loser_2h_runner_6h
long_2026-06-01T160000_币安人生USDT,long,2026-06-01 16:00:00,币安人生USDT,LONG_CONTINUATION,Fake Breakout,150,4.85,7.5241,-7.6147,3.2615,-3.2977,-5.232,-5.232,0.2083,12.0,True,False,-6.5592,winner_2h_fade_6h
long_2026-06-01T180000_LABUSDT,long,2026-06-01 18:00:00,LABUSDT,LONG_CONTINUATION,Late Runner,540,30.6752,36.859,-1.0845,14.4357,29.9806,25.6301,25.6301,0.75,12.0,True,True,15.5449,sustained_winner
long_2026-06-01T180000_CLOUSDT,long,2026-06-01 18:00:00,CLOUSDT,LONG_CONTINUATION,Slow Trend,120,12.7224,13.7818,-1.2445,12.7224,6.7469,8.8656,8.8656,0.1667,12.0,True,True,-5.9755,sustained_winner
long_2026-06-01T180000_EPICUSDT,long,2026-06-01 18:00:00,EPICUSDT,LONG_CONTINUATION,Continuous Trend,450,24.0069,32.1589,-0.5527,9.4991,14.0587,22.2798,22.2798,0.625,12.0,True,True,4.5596,sustained_winner
long_2026-06-01T180000_HUSDT,long,2026-06-01 18:00:00,HUSDT,LONG_CONTINUATION,Fake Breakout,270,17.8846,22.8359,-26.5764,8.3355,3.7092,-3.3118,-3.3118,0.375,12.0,True,True,-4.6263,sustained_winner
long_2026-06-01T180000_JTOUSDT,long,2026-06-01 18:00:00,JTOUSDT,LONG_CONTINUATION,Continuous Trend,510,16.7957,17.1053,0.0,6.1339,7.6238,9.7136,9.7136,0.7083,12.0,True,True,1.4899,sustained_winner
long_2026-06-01T200000_MYXUSDT,long,2026-06-01 20:00:00,MYXUSDT,LONG_CONTINUATION,Late Runner,705,25.1618,26.0604,-0.7189,9.0942,9.2739,21.9267,21.9267,0.9792,12.0,True,True,0.1797,sustained_winner
long_2026-06-01T200000_SIRENUSDT,long,2026-06-01 20:00:00,SIRENUSDT,LONG_CONTINUATION,Slow Trend,345,19.9069,20.6409,-0.8056,4.5292,18.9939,7.1608,7.1608,0.4792,12.0,True,True,14.4647,sustained_winner
long_2026-06-01T200000_币安人生USDT,long,2026-06-01 20:00:00,币安人生USDT,LONG_CONTINUATION,Fake Breakout,105,7.8717,8.4292,-7.1449,3.1986,5.0388,-4.0253,-4.0253,0.1458,12.0,True,True,1.8402,sustained_winner
long_2026-06-01T200000_BUSDT,long,2026-06-01 20:00:00,BUSDT,LONG_CONTINUATION,Unclassified,30,2.1645,2.4793,-6.1393,-1.5348,-5.1555,-1.4168,-1.4168,0.0417,12.0,False,False,-3.6207,underperformer
long_2026-06-01T200000_AERGOUSDT,long,2026-06-01 20:00:00,AERGOUSDT,LONG_CONTINUATION,Fake Breakout,60,3.3974,4.4221,-9.2935,0.1977,-7.6577,-5.0333,-5.0333,0.0833,12.0,False,False,-7.8554,underperformer
long_2026-06-01T220000_SIRENUSDT,long,2026-06-01 22:00:00,SIRENUSDT,LONG_CONTINUATION,Slow Trend,225,17.9433,18.6653,0.0,10.8646,12.6959,5.177,5.177,0.3125,12.0,True,True,1.8313,sustained_winner
long_2026-06-01T220000_EPICUSDT,long,2026-06-01 22:00:00,EPICUSDT,LONG_CONTINUATION,Late Runner,585,24.6195,26.6049,-3.3091,9.2654,13.7988,10.4236,10.4236,0.8125,12.0,True,True,4.5334,sustained_winner
long_2026-06-01T220000_SKYAIUSDT,long,2026-06-01 22:00:00,SKYAIUSDT,LONG_CONTINUATION,Slow Trend,210,22.448,23.3298,-0.0701,13.1687,14.0972,15.4286,15.4286,0.2917,12.0,True,True,0.9285,sustained_winner
long_2026-06-01T220000_HEIUSDT,long,2026-06-01 22:00:00,HEIUSDT,LONG_CONTINUATION,Fake Breakout,30,5.4656,7.6386,-10.8093,1.8847,-4.6452,-10.4878,-10.4878,0.0417,12.0,False,False,-6.5299,underperformer
long_2026-06-01T220000_BANUSDT,long,2026-06-01 22:00:00,BANUSDT,LONG_CONTINUATION,Unclassified,495,1.5215,1.9254,-3.3392,-0.3905,-0.4578,-2.9756,-2.9756,0.6875,12.0,False,False,-0.0673,underperformer
long_2026-06-02T000000_TONUSDT,long,2026-06-02 00:00:00,TONUSDT,LONG_CONTINUATION,Unclassified,105,15.8478,17.5388,-0.1444,11.8833,9.9036,7.9755,7.9755,0.1458,12.0,True,True,-1.9797,sustained_winner
long_2026-06-02T000000_PIEVERSEUSDT,long,2026-06-02 00:00:00,PIEVERSEUSDT,LONG_CONTINUATION,Late Runner,705,22.0656,22.6221,-2.6098,14.3352,11.6265,18.726,18.726,0.9792,12.0,True,True,-2.7087,sustained_winner
long_2026-06-02T000000_PARTIUSDT,long,2026-06-02 00:00:00,PARTIUSDT,LONG_CONTINUATION,Late Runner,630,8.7727,9.9876,-0.1442,3.3567,3.0684,4.8188,4.8188,0.875,12.0,True,True,-0.2883,sustained_winner
long_2026-06-02T000000_JTOUSDT,long,2026-06-02 00:00:00,JTOUSDT,LONG_CONTINUATION,Slow Trend,150,9.9053,10.1966,-1.2017,8.6307,3.2411,5.1529,5.1529,0.2083,12.0,True,True,-5.3896,sustained_winner
long_2026-06-02T000000_LABUSDT,long,2026-06-02 00:00:00,LABUSDT,LONG_CONTINUATION,Late Runner,720,21.9157,23.4824,-4.9647,1.9453,2.1516,21.9157,21.9157,1.0,12.0,False,False,0.2063,underperformer
long_2026-06-02T020000_VICUSDT,long,2026-06-02 02:00:00,VICUSDT,LONG_CONTINUATION,Fake Breakout,60,11.0442,13.0741,-15.3621,3.905,1.4622,-13.8483,-13.8483,0.0833,12.0,True,False,-2.4428,winner_2h_fade_6h
long_2026-06-02T020000_MUSDT,long,2026-06-02 02:00:00,MUSDT,LONG_CONTINUATION,Late Runner,555,11.4888,14.413,-0.2871,8.162,7.8418,9.9442,9.9442,0.7708,12.0,True,True,-0.3202,sustained_winner
long_2026-06-02T020000_STGUSDT,long,2026-06-02 02:00:00,STGUSDT,LONG_CONTINUATION,Late Runner,690,15.2063,15.4603,-1.0794,6.6667,1.619,14.5714,14.5714,0.9583,12.0,True,False,-5.0477,winner_2h_fade_6h
long_2026-06-02T020000_BILLUSDT,long,2026-06-02 02:00:00,BILLUSDT,LONG_CONTINUATION,Late Runner,630,6.4668,8.092,-1.4994,3.056,4.7041,1.8198,1.8198,0.875,12.0,True,True,1.6481,sustained_winner
long_2026-06-02T020000_OPGUSDT,long,2026-06-02 02:00:00,OPGUSDT,LONG_CONTINUATION,Late Runner,690,13.6364,17.0012,-0.4132,0.1181,6.7296,12.5738,12.5738,0.9583,12.0,False,True,6.6115,loser_2h_runner_6h
long_2026-06-02T040000_ESPORTSUSDT,long,2026-06-02 04:00:00,ESPORTSUSDT,LONG_CONTINUATION,Slow Trend,345,45.4728,52.3139,-3.4205,11.0664,43.0584,7.8471,7.8471,0.4792,12.0,True,True,31.992,sustained_winner
long_2026-06-02T040000_PLAYUSDT,long,2026-06-02 04:00:00,PLAYUSDT,LONG_CONTINUATION,Fake Breakout,105,8.2398,8.7692,-11.5026,5.0087,-3.2391,-10.1912,-10.1912,0.1458,12.0,True,False,-8.2478,winner_2h_fade_6h
long_2026-06-02T040000_RIFUSDT,long,2026-06-02 04:00:00,RIFUSDT,LONG_CONTINUATION,Continuous Trend,510,8.9677,11.083,-2.2166,2.1279,3.2679,6.2951,6.2951,0.7083,12.0,False,True,1.14,loser_2h_runner_6h
long_2026-06-02T040000_PIEVERSEUSDT,long,2026-06-02 04:00:00,PIEVERSEUSDT,LONG_CONTINUATION,Continuous Trend,465,13.9213,14.4407,-1.8585,4.1787,4.2941,10.4121,10.4121,0.6458,12.0,True,True,0.1154,sustained_winner
long_2026-06-02T040000_RENDERUSDT,long,2026-06-02 04:00:00,RENDERUSDT,LONG_CONTINUATION,Slow Trend,525,5.2908,5.9581,-2.4786,1.7159,0.6673,2.3356,2.3356,0.7292,12.0,False,False,-1.0486,underperformer
long_2026-06-02T060000_LABUSDT,long,2026-06-02 06:00:00,LABUSDT,LONG_CONTINUATION,Late Runner,600,30.1934,34.5682,-1.1006,8.9055,25.386,23.2906,23.2906,0.8333,12.0,True,True,16.4805,sustained_winner
long_2026-06-02T060000_MYXUSDT,long,2026-06-02 06:00:00,MYXUSDT,LONG_CONTINUATION,Fake Breakout,105,11.7458,12.5481,-11.3928,8.8575,-3.9795,-3.7869,-3.7869,0.1458,12.0,True,False,-12.837,winner_2h_fade_6h
long_2026-06-02T060000_EPICUSDT,long,2026-06-02 06:00:00,EPICUSDT,LONG_CONTINUATION,Late Runner,720,39.2537,43.7663,-7.4053,7.3185,-5.2068,39.2537,39.2537,1.0,12.0,True,False,-12.5253,winner_2h_fade_6h
long_2026-06-02T060000_PARTIUSDT,long,2026-06-02 06:00:00,PARTIUSDT,LONG_CONTINUATION,Late Runner,570,15.3137,15.7647,-0.2665,5.0431,4.346,7.7901,7.7901,0.7917,12.0,True,True,-0.6971,sustained_winner
long_2026-06-02T060000_WLDUSDT,long,2026-06-02 06:00:00,WLDUSDT,LONG_CONTINUATION,Fake Breakout,480,11.4239,13.4412,-4.8088,0.4926,5.1138,-3.6829,-3.6829,0.6667,12.0,False,True,4.6212,loser_2h_runner_6h
long_2026-06-02T080000_ESPORTSUSDT,long,2026-06-02 08:00:00,ESPORTSUSDT,LONG_CONTINUATION,Fake Breakout,105,35.9023,42.2932,-9.7744,33.6466,-0.7519,-1.1278,-1.1278,0.1458,12.0,True,False,-34.3985,winner_2h_fade_6h
long_2026-06-02T080000_ORDIUSDT,long,2026-06-02 08:00:00,ORDIUSDT,LONG_CONTINUATION,Fake Breakout,60,4.9781,5.6745,-8.228,-1.5734,-3.74,-2.5535,-2.5535,0.0833,12.0,False,False,-2.1666,underperformer
long_2026-06-02T080000_PLAYUSDT,long,2026-06-02 08:00:00,PLAYUSDT,LONG_CONTINUATION,Fake Breakout,60,4.5921,6.1838,-19.1405,-2.5229,-7.5288,-14.0629,-14.0629,0.0833,12.0,False,False,-5.0059,underperformer
long_2026-06-02T080000_ONUSDT,long,2026-06-02 08:00:00,ONUSDT,LONG_CONTINUATION,Slow Trend,405,4.098,4.881,-0.5695,2.5727,3.9455,2.4812,2.4812,0.5625,12.0,False,True,1.3728,loser_2h_runner_6h
long_2026-06-02T080000_AIAUSDT,long,2026-06-02 08:00:00,AIAUSDT,LONG_CONTINUATION,Fake Breakout,60,2.1777,4.1526,-9.3737,-0.7575,-5.0994,-3.2734,-3.2734,0.0833,12.0,False,False,-4.3419,underperformer
long_2026-06-02T100000_HIVEUSDT,long,2026-06-02 10:00:00,HIVEUSDT,LONG_CONTINUATION,Fake Breakout,60,7.3951,10.7537,-3.7055,4.3204,-1.1668,-3.2797,-3.2797,0.0833,12.0,True,False,-5.4872,winner_2h_fade_6h
long_2026-06-02T100000_SKYAIUSDT,long,2026-06-02 10:00:00,SKYAIUSDT,LONG_CONTINUATION,Fake Breakout,345,60.3247,60.8475,-24.7311,7.5349,36.9508,-23.7609,-23.7609,0.4792,12.0,True,True,29.4159,sustained_winner
long_2026-06-02T100000_CLOUSDT,long,2026-06-02 10:00:00,CLOUSDT,LONG_CONTINUATION,Late Runner,720,25.0673,25.8097,-1.2622,1.3735,19.2019,25.0673,25.0673,1.0,12.0,False,True,17.8284,loser_2h_runner_6h
long_2026-06-02T100000_TRADOORUSDT,long,2026-06-02 10:00:00,TRADOORUSDT,LONG_CONTINUATION,Slow Trend,315,6.9772,8.3942,-0.1073,5.131,5.0666,4.5942,4.5942,0.4375,12.0,True,True,-0.0644,sustained_winner
long_2026-06-02T100000_TAUSDT,long,2026-06-02 10:00:00,TAUSDT,LONG_CONTINUATION,Late Runner,615,8.2181,8.4576,-3.0369,0.1633,0.098,2.5362,2.5362,0.8542,12.0,False,False,-0.0653,underperformer
long_2026-06-02T120000_SKYAIUSDT,long,2026-06-02 12:00:00,SKYAIUSDT,LONG_CONTINUATION,Fake Breakout,225,50.7396,51.2312,-31.1782,27.4021,4.4851,-31.1073,-31.1073,0.3125,12.0,True,True,-22.917,sustained_winner
long_2026-06-02T120000_LABUSDT,long,2026-06-02 12:00:00,LABUSDT,LONG_CONTINUATION,Late Runner,585,11.4165,19.0289,-7.492,4.5052,2.434,7.1594,7.1594,0.8125,12.0,True,False,-2.0712,winner_2h_fade_6h
long_2026-06-02T120000_LITUSDT,long,2026-06-02 12:00:00,LITUSDT,LONG_CONTINUATION,Fake Breakout,30,5.9969,6.861,-6.158,2.3578,1.3693,-4.9279,-4.9279,0.0417,12.0,False,False,-0.9885,underperformer
long_2026-06-02T120000_WLDUSDT,long,2026-06-02 12:00:00,WLDUSDT,LONG_CONTINUATION,Fake Breakout,120,7.93,9.8841,-9.407,7.93,-6.703,-7.521,-7.521,0.1667,12.0,True,False,-14.633,winner_2h_fade_6h
long_2026-06-02T120000_RIFUSDT,long,2026-06-02 12:00:00,RIFUSDT,LONG_CONTINUATION,V-Reversal,495,9.7722,9.8457,-3.5513,-0.2572,3.9677,8.2048,8.2048,0.6875,12.0,False,True,4.2249,loser_2h_runner_6h
long_2026-06-02T140000_SKYAIUSDT,long,2026-06-02 14:00:00,SKYAIUSDT,LONG_CONTINUATION,Fake Breakout,105,27.7845,28.2011,-42.484,9.1546,-27.2556,-37.0192,-37.0192,0.1458,12.0,True,False,-36.4102,winner_2h_fade_6h
long_2026-06-02T140000_CLOUSDT,long,2026-06-02 14:00:00,CLOUSDT,LONG_CONTINUATION,Slow Trend,525,14.4379,16.9617,-4.4657,5.2442,0.4916,13.1678,13.1678,0.7292,12.0,True,False,-4.7526,winner_2h_fade_6h
long_2026-06-02T140000_EPICUSDT,long,2026-06-02 14:00:00,EPICUSDT,LONG_CONTINUATION,Slow Trend,240,38.8921,43.5372,-3.6065,1.76,27.4668,9.4634,9.4634,0.3333,12.0,False,True,25.7068,loser_2h_runner_6h
long_2026-06-02T140000_AIAUSDT,long,2026-06-02 14:00:00,AIAUSDT,LONG_CONTINUATION,Fake Breakout,225,8.8889,10.2542,-4.1394,4.7059,3.8635,-2.9194,-2.9194,0.3125,12.0,True,True,-0.8424,sustained_winner
long_2026-06-02T140000_PRLUSDT,long,2026-06-02 14:00:00,PRLUSDT,LONG_CONTINUATION,Fake Breakout,270,5.8766,7.0908,-2.4769,3.4968,2.8169,-1.9427,-1.9427,0.375,12.0,True,False,-0.6799,winner_2h_fade_6h
long_2026-06-02T160000_NILUSDT,long,2026-06-02 16:00:00,NILUSDT,LONG_CONTINUATION,Fake Breakout,45,7.9329,10.6026,-5.9191,3.5545,-3.3715,-5.4005,-5.4005,0.0625,12.0,True,False,-6.926,winner_2h_fade_6h
long_2026-06-02T160000_JTOUSDT,long,2026-06-02 16:00:00,JTOUSDT,LONG_CONTINUATION,Fake Breakout,105,13.8676,15.5304,-4.8387,10.2428,1.7626,-4.3898,-4.3898,0.1458,12.0,True,False,-8.4802,winner_2h_fade_6h
long_2026-06-02T160000_USELESSUSDT,long,2026-06-02 16:00:00,USELESSUSDT,LONG_CONTINUATION,Slow Trend,420,22.2869,23.6692,-2.2069,11.0586,19.11,14.0415,14.0415,0.5833,12.0,True,True,8.0514,sustained_winner
long_2026-06-02T160000_RIFUSDT,long,2026-06-02 16:00:00,RIFUSDT,LONG_CONTINUATION,Delayed Breakout,255,8.287,8.3595,-1.9087,2.561,4.4938,3.8536,3.8536,0.3542,12.0,False,True,1.9328,loser_2h_runner_6h
long_2026-06-02T160000_GUAUSDT,long,2026-06-02 16:00:00,GUAUSDT,LONG_CONTINUATION,Slow Trend,330,9.4596,11.6744,-0.2001,3.936,6.6311,6.9113,6.9113,0.4583,12.0,True,True,2.6951,sustained_winner
long_2026-06-02T180000_EPICUSDT,long,2026-06-02 18:00:00,EPICUSDT,LONG_CONTINUATION,Immediate Explosion,0,23.3094,27.4334,-6.4293,13.166,6.5574,1.5625,1.5625,0.0,12.0,True,True,-6.6086,sustained_winner
long_2026-06-02T180000_PARTIUSDT,long,2026-06-02 18:00:00,PARTIUSDT,LONG_CONTINUATION,Fake Breakout,210,11.3592,12.5539,-1.8606,8.8327,3.9757,-0.2154,-0.2154,0.2917,12.0,True,True,-4.857,sustained_winner
long_2026-06-02T180000_LABUSDT,long,2026-06-02 18:00:00,LABUSDT,LONG_CONTINUATION,Late Runner,720,36.5441,38.4223,-2.4701,6.4586,6.5976,36.5441,36.5441,1.0,12.0,True,True,0.139,sustained_winner
long_2026-06-02T180000_PIEVERSEUSDT,long,2026-06-02 18:00:00,PIEVERSEUSDT,LONG_CONTINUATION,Late Runner,570,32.4779,34.3142,-0.0774,11.781,17.9093,18.4403,18.4403,0.7917,12.0,True,True,6.1283,sustained_winner
long_2026-06-02T180000_AIOUSDT,long,2026-06-02 18:00:00,AIOUSDT,LONG_CONTINUATION,Fake Breakout,45,3.4967,5.0922,-10.3181,-3.9744,-7.5093,-6.1909,-6.1909,0.0625,12.0,False,False,-3.5349,underperformer
long_2026-06-02T200000_MYXUSDT,long,2026-06-02 20:00:00,MYXUSDT,LONG_CONTINUATION,Slow Trend,210,9.9876,11.4499,-0.4356,5.3516,9.023,9.1164,9.1164,0.2917,12.0,True,True,3.6714,sustained_winner
long_2026-06-02T200000_EPICUSDT,long,2026-06-02 20:00:00,EPICUSDT,LONG_CONTINUATION,Fake Breakout,30,8.2736,10.6078,-15.5766,-4.2986,-12.318,-8.9901,-8.9901,0.0417,12.0,False,False,-8.0194,underperformer
long_2026-06-02T200000_QNTUSDT,long,2026-06-02 20:00:00,QNTUSDT,LONG_CONTINUATION,Late Runner,615,4.3087,4.9223,-2.6861,3.0134,0.3681,1.3771,1.3771,0.8542,12.0,True,False,-2.6453,winner_2h_fade_6h
long_2026-06-02T200000_USELESSUSDT,long,2026-06-02 20:00:00,USELESSUSDT,LONG_CONTINUATION,Slow Trend,180,8.9564,10.188,-2.1608,6.1258,6.3094,2.8306,2.8306,0.25,12.0,True,True,0.1836,sustained_winner
long_2026-06-02T200000_TRADOORUSDT,long,2026-06-02 20:00:00,TRADOORUSDT,LONG_CONTINUATION,Fake Breakout,45,3.2345,4.0224,-6.3031,1.016,-1.8661,-3.9602,-3.9602,0.0625,12.0,False,False,-2.8821,underperformer
long_2026-06-02T220000_CLOUSDT,long,2026-06-02 22:00:00,CLOUSDT,LONG_CONTINUATION,Late Runner,660,7.99,8.7747,-5.6662,-3.8856,2.0371,7.2582,7.2582,0.9167,12.0,False,False,5.9227,underperformer
long_2026-06-02T220000_SLXUSDT,long,2026-06-02 22:00:00,SLXUSDT,LONG_CONTINUATION,Fake Breakout,120,16.0086,17.784,-5.2988,16.0086,3.66,-1.132,-1.132,0.1667,12.0,True,True,-12.3486,sustained_winner
long_2026-06-02T220000_AINUSDT,long,2026-06-02 22:00:00,AINUSDT,LONG_CONTINUATION,Fake Breakout,30,6.7041,7.7461,-6.1969,-0.3839,-3.8799,-3.6743,-3.6743,0.0417,12.0,False,False,-3.496,underperformer
long_2026-06-02T220000_CYSUSDT,long,2026-06-02 22:00:00,CYSUSDT,LONG_CONTINUATION,Late Runner,660,5.322,5.9258,-0.0894,1.9007,3.22,5.076,5.076,0.9167,12.0,False,True,1.3193,loser_2h_runner_6h
long_2026-06-02T220000_RIFUSDT,long,2026-06-02 22:00:00,RIFUSDT,LONG_CONTINUATION,Fake Breakout,195,3.7444,4.6689,-0.9829,3.3934,0.5968,0.7489,0.7489,0.2708,12.0,True,False,-2.7966,winner_2h_fade_6h
long_2026-06-03T000000_ALLOUSDT,long,2026-06-03 00:00:00,ALLOUSDT,LONG_CONTINUATION,Fake Breakout,45,20.9962,26.5074,-3.7402,3.1751,-1.672,0.0,0.0,0.0625,12.0,True,False,-4.8471,winner_2h_fade_6h
long_2026-06-03T000000_APRUSDT,long,2026-06-03 00:00:00,APRUSDT,LONG_CONTINUATION,Late Runner,705,48.2439,51.1211,-0.4383,26.9851,37.6904,45.8106,45.8106,0.9792,12.0,True,True,10.7053,sustained_winner
long_2026-06-03T000000_HOMEUSDT,long,2026-06-03 00:00:00,HOMEUSDT,LONG_CONTINUATION,Fake Breakout,45,2.7864,4.0416,-11.5183,-4.7348,-7.1562,-5.8818,-5.8818,0.0625,12.0,False,False,-2.4214,underperformer
long_2026-06-03T000000_PIEVERSEUSDT,long,2026-06-03 00:00:00,PIEVERSEUSDT,LONG_CONTINUATION,Fake Breakout,210,15.2758,16.8736,-9.6448,13.6394,3.0609,-2.7433,-2.7433,0.2917,12.0,True,True,-10.5785,sustained_winner
long_2026-06-03T000000_CROSSUSDT,long,2026-06-03 00:00:00,CROSSUSDT,LONG_CONTINUATION,Slow Trend,375,5.284,7.0288,0.0,2.5974,4.947,2.4784,2.4784,0.5208,12.0,False,True,2.3496,loser_2h_runner_6h
long_2026-06-03T020000_LITUSDT,long,2026-06-03 02:00:00,LITUSDT,LONG_CONTINUATION,Late Runner,720,13.1003,14.7543,-0.1176,7.6955,11.91,13.1003,13.1003,1.0,12.0,True,True,4.2145,sustained_winner
long_2026-06-03T020000_ENAUSDT,long,2026-06-03 02:00:00,ENAUSDT,LONG_CONTINUATION,Unclassified,60,7.326,11.8895,-1.4696,4.3315,2.2431,6.2099,6.2099,0.0833,12.0,True,False,-2.0884,winner_2h_fade_6h
long_2026-06-03T020000_ONDOUSDT,long,2026-06-03 02:00:00,ONDOUSDT,LONG_CONTINUATION,Slow Trend,255,9.2001,10.0191,-0.1092,2.8665,6.1698,9.1728,9.1728,0.3542,12.0,False,True,3.3033,loser_2h_runner_6h
long_2026-06-03T020000_PIEVERSEUSDT,long,2026-06-03 02:00:00,PIEVERSEUSDT,LONG_CONTINUATION,Fake Breakout,90,4.933,6.3875,-17.7517,-1.84,-5.0031,-8.5166,-8.5166,0.125,12.0,False,False,-3.1631,underperformer
long_2026-06-03T020000_GENIUSUSDT,long,2026-06-03 02:00:00,GENIUSUSDT,LONG_CONTINUATION,Late Runner,555,19.9957,21.1352,-0.946,2.1071,7.0952,19.7377,19.7377,0.7708,12.0,False,True,4.9881,loser_2h_runner_6h
long_2026-06-03T040000_GENIUSUSDT,long,2026-06-03 04:00:00,GENIUSUSDT,LONG_CONTINUATION,Late Runner,660,23.3248,24.9893,-0.128,8.7495,14.2979,20.8493,20.8493,0.9167,12.0,True,True,5.5484,sustained_winner
long_2026-06-03T040000_LABUSDT,long,2026-06-03 04:00:00,LABUSDT,LONG_CONTINUATION,Fake Breakout,120,13.9442,15.5376,-72.732,13.9442,-28.3704,-32.9237,-32.9237,0.1667,12.0,True,False,-42.3146,winner_2h_fade_6h
long_2026-06-03T040000_APRUSDT,long,2026-06-03 04:00:00,APRUSDT,LONG_CONTINUATION,Slow Trend,465,15.4284,17.6687,-5.5614,7.211,1.3171,7.7711,7.7711,0.6458,12.0,True,False,-5.8939,winner_2h_fade_6h
long_2026-06-03T040000_ESPORTSUSDT,long,2026-06-03 04:00:00,ESPORTSUSDT,LONG_CONTINUATION,Fake Breakout,285,11.4232,13.1086,-7.8652,1.4981,-0.1873,-3.1835,-3.1835,0.3958,12.0,False,False,-1.6854,underperformer
long_2026-06-03T040000_CLOUSDT,long,2026-06-03 04:00:00,CLOUSDT,LONG_CONTINUATION,Late Runner,705,39.4717,40.5208,-1.1756,0.5878,5.7738,34.5833,34.5833,0.9792,12.0,False,True,5.186,loser_2h_runner_6h
long_2026-06-03T060000_GENIUSUSDT,long,2026-06-03 06:00:00,GENIUSUSDT,LONG_CONTINUATION,V-Reversal,540,16.0908,17.959,-3.2543,0.0603,10.004,15.6489,15.6489,0.75,12.0,False,True,9.9437,loser_2h_runner_6h
long_2026-06-03T060000_CLOUSDT,long,2026-06-03 06:00:00,CLOUSDT,LONG_CONTINUATION,Late Runner,705,42.9152,45.4344,-1.182,2.4897,15.8762,41.615,41.615,0.9792,12.0,False,True,13.3865,loser_2h_runner_6h
long_2026-06-03T060000_CFGUSDT,long,2026-06-03 06:00:00,CFGUSDT,LONG_CONTINUATION,Delayed Breakout,720,7.0654,8.1092,-3.6532,-0.9635,1.2043,7.0654,7.0654,1.0,12.0,False,False,2.1678,underperformer
long_2026-06-03T060000_AIAUSDT,long,2026-06-03 06:00:00,AIAUSDT,LONG_CONTINUATION,Delayed Breakout,615,38.0795,41.2373,-0.9186,0.8468,6.8466,8.5977,8.5977,0.8542,12.0,False,True,5.9998,loser_2h_runner_6h
long_2026-06-03T060000_币安人生USDT,long,2026-06-03 06:00:00,币安人生USDT,LONG_CONTINUATION,Delayed Breakout,360,11.6426,12.5475,-1.9859,2.7034,11.6426,1.7936,1.7936,0.5,12.0,False,True,8.9392,loser_2h_runner_6h
long_2026-06-03T080000_ESPORTSUSDT,long,2026-06-03 08:00:00,ESPORTSUSDT,LONG_CONTINUATION,Immediate Explosion,45,18.7625,20.5589,-1.7964,6.3872,9.3812,2.3952,2.3952,0.0625,12.0,True,True,2.994,sustained_winner
long_2026-06-03T080000_币安人生USDT,long,2026-06-03 08:00:00,币安人生USDT,LONG_CONTINUATION,Slow Trend,240,10.5281,11.424,-0.3871,6.9126,5.8072,2.2029,2.2029,0.3333,12.0,True,True,-1.1054,sustained_winner
long_2026-06-03T080000_ENAUSDT,long,2026-06-03 08:00:00,ENAUSDT,LONG_CONTINUATION,Late Runner,720,16.5391,17.4574,-2.5251,0.1421,5.0721,16.5391,16.5391,1.0,12.0,False,True,4.93,loser_2h_runner_6h
long_2026-06-03T080000_B2USDT,long,2026-06-03 08:00:00,B2USDT,LONG_CONTINUATION,Fake Breakout,90,4.2869,4.8878,-5.008,1.8229,1.242,0.8413,0.8413,0.125,12.0,False,False,-0.5809,underperformer
long_2026-06-03T080000_LITUSDT,long,2026-06-03 08:00:00,LITUSDT,LONG_CONTINUATION,Late Runner,705,9.2278,9.6392,-2.1456,-0.1962,3.4367,8.1203,8.1203,0.9792,12.0,False,True,3.6329,loser_2h_runner_6h
long_2026-06-03T100000_DEXEUSDT,long,2026-06-03 10:00:00,DEXEUSDT,LONG_CONTINUATION,Immediate Explosion,0,31.8199,35.7857,-0.0276,21.4803,21.53,17.2107,17.2107,0.0,12.0,True,True,0.0497,sustained_winner
long_2026-06-03T100000_GENIUSUSDT,long,2026-06-03 10:00:00,GENIUSUSDT,LONG_CONTINUATION,Fake Breakout,300,8.0591,9.7981,-7.8347,2.3934,5.8901,-5.2169,-5.2169,0.4167,12.0,False,True,3.4967,loser_2h_runner_6h
long_2026-06-03T100000_APRUSDT,long,2026-06-03 10:00:00,APRUSDT,LONG_CONTINUATION,Unclassified,105,13.9771,16.1892,-1.9227,12.1063,6.4161,5.8846,5.8846,0.1458,12.0,True,True,-5.6902,sustained_winner
long_2026-06-03T100000_SUSHIUSDT,long,2026-06-03 10:00:00,SUSHIUSDT,LONG_CONTINUATION,Delayed Breakout,435,10.1911,11.318,-1.8618,-0.098,8.0353,7.5453,7.5453,0.6042,12.0,False,True,8.1333,loser_2h_runner_6h
long_2026-06-03T100000_OPGUSDT,long,2026-06-03 10:00:00,OPGUSDT,LONG_CONTINUATION,Fake Breakout,330,3.2596,3.8417,-3.8999,0.1746,1.8626,-0.5821,-0.5821,0.4583,12.0,False,False,1.688,underperformer
long_2026-06-03T120000_MYXUSDT,long,2026-06-03 12:00:00,MYXUSDT,LONG_CONTINUATION,Slow Trend,180,14.8496,19.4314,-3.4226,12.4758,10.4057,1.1593,1.1593,0.25,12.0,True,True,-2.0701,sustained_winner
long_2026-06-03T120000_CLOUSDT,long,2026-06-03 12:00:00,CLOUSDT,LONG_CONTINUATION,Slow Trend,465,26.3494,28.3962,-4.3324,16.8453,23.7668,18.1108,18.1108,0.6458,12.0,True,True,6.9215,sustained_winner
long_2026-06-03T120000_AIAUSDT,long,2026-06-03 12:00:00,AIAUSDT,LONG_CONTINUATION,Slow Trend,255,31.0091,34.0052,-3.1595,-1.3618,3.0369,10.4181,10.4181,0.3542,12.0,False,True,4.3987,loser_2h_runner_6h
long_2026-06-03T120000_SKYAIUSDT,long,2026-06-03 12:00:00,SKYAIUSDT,LONG_CONTINUATION,Slow Trend,150,28.8305,36.0667,-15.7788,15.4744,-8.0606,7.4264,7.4264,0.2083,12.0,True,False,-23.535,winner_2h_fade_6h
long_2026-06-03T120000_SLXUSDT,long,2026-06-03 12:00:00,SLXUSDT,LONG_CONTINUATION,Fake Breakout,165,5.4847,6.6454,-20.6549,0.1083,3.6715,-11.4265,-11.4265,0.2292,12.0,False,True,3.5632,loser_2h_runner_6h
long_2026-06-03T140000_CLOUSDT,long,2026-06-03 14:00:00,CLOUSDT,LONG_CONTINUATION,Fake Breakout,345,15.4377,17.3077,-6.601,6.7013,11.2848,0.6607,0.6607,0.4792,12.0,True,True,4.5835,sustained_winner
long_2026-06-03T140000_GENIUSUSDT,long,2026-06-03 14:00:00,GENIUSUSDT,LONG_CONTINUATION,Fake Breakout,60,8.5054,10.2516,-7.792,6.3275,-1.5584,-6.7968,-6.7968,0.0833,12.0,True,False,-7.8859,winner_2h_fade_6h
long_2026-06-03T140000_EIGENUSDT,long,2026-06-03 14:00:00,EIGENUSDT,LONG_CONTINUATION,Late Runner,615,9.7561,10.5027,-0.1493,3.783,6.4211,5.1767,5.1767,0.8542,12.0,True,True,2.6381,sustained_winner
long_2026-06-03T140000_ONDOUSDT,long,2026-06-03 14:00:00,ONDOUSDT,LONG_CONTINUATION,Late Runner,615,9.0033,9.9163,-0.0507,5.7063,8.7497,6.0107,6.0107,0.8542,12.0,True,True,3.0434,sustained_winner
long_2026-06-03T140000_INUSDT,long,2026-06-03 14:00:00,INUSDT,LONG_CONTINUATION,Late Runner,705,30.749,31.9776,-0.5964,10.7467,20.551,29.2581,29.2581,0.9792,12.0,True,True,9.8043,sustained_winner
long_2026-06-03T160000_MAGMAUSDT,long,2026-06-03 16:00:00,MAGMAUSDT,LONG_CONTINUATION,Late Runner,705,50.0349,52.7114,-1.6425,10.7591,29.5342,48.4523,48.4523,0.9792,12.0,True,True,18.7751,sustained_winner
long_2026-06-03T160000_PLAYUSDT,long,2026-06-03 16:00:00,PLAYUSDT,LONG_CONTINUATION,Fake Breakout,135,36.2983,38.5272,-7.8742,34.9547,11.3113,-1.6561,-1.6561,0.1875,12.0,True,True,-23.6434,sustained_winner
long_2026-06-03T160000_WLDUSDT,long,2026-06-03 16:00:00,WLDUSDT,LONG_CONTINUATION,Late Runner,585,23.1401,23.916,-0.251,4.6554,20.7211,19.9909,19.9909,0.8125,12.0,True,True,16.0657,sustained_winner
long_2026-06-03T160000_CROSSUSDT,long,2026-06-03 16:00:00,CROSSUSDT,LONG_CONTINUATION,Fake Breakout,180,7.5624,8.5553,-6.8572,6.0963,1.6238,-0.9093,-0.9093,0.25,12.0,True,False,-4.4725,winner_2h_fade_6h
long_2026-06-03T160000_ARKMUSDT,long,2026-06-03 16:00:00,ARKMUSDT,LONG_CONTINUATION,Continuous Trend,495,10.4063,10.9052,-0.2851,3.8489,7.7691,6.9138,6.9138,0.6875,12.0,True,True,3.9202,sustained_winner
long_2026-06-03T180000_VICUSDT,long,2026-06-03 18:00:00,VICUSDT,LONG_CONTINUATION,Fake Breakout,60,21.9547,24.465,-4.5062,15.0,2.5309,-4.2387,-4.2387,0.0833,12.0,True,False,-12.4691,winner_2h_fade_6h
long_2026-06-03T180000_BRUSDT,long,2026-06-03 18:00:00,BRUSDT,LONG_CONTINUATION,Late Runner,570,11.205,11.7768,-1.0241,4.1645,9.9932,10.3345,10.3345,0.7917,12.0,True,True,5.8287,sustained_winner
long_2026-06-03T180000_GUAUSDT,long,2026-06-03 18:00:00,GUAUSDT,LONG_CONTINUATION,Late Runner,585,23.7709,25.3269,-0.2701,4.0411,14.6623,19.9352,19.9352,0.8125,12.0,True,True,10.6212,sustained_winner
long_2026-06-03T180000_EPICUSDT,long,2026-06-03 18:00:00,EPICUSDT,LONG_CONTINUATION,Unclassified,105,25.247,27.3326,-5.3348,19.4512,4.8518,6.8277,6.8277,0.1458,12.0,True,True,-14.5994,sustained_winner
long_2026-06-03T180000_CFGUSDT,long,2026-06-03 18:00:00,CFGUSDT,LONG_CONTINUATION,Fake Breakout,240,4.1907,5.2288,-1.5379,2.9988,2.5759,0.6151,0.6151,0.3333,12.0,False,False,-0.4229,underperformer
long_2026-06-03T200000_PROMUSDT,long,2026-06-03 20:00:00,PROMUSDT,LONG_CONTINUATION,Late Runner,660,16.5006,16.8328,-3.6545,11.4064,13.289,15.9468,15.9468,0.9167,12.0,True,True,1.8826,sustained_winner
long_2026-06-03T200000_RAVEUSDT,long,2026-06-03 20:00:00,RAVEUSDT,LONG_CONTINUATION,Continuous Trend,525,12.8967,14.2317,-0.5038,5.1637,6.1461,6.8262,6.8262,0.7292,12.0,True,True,0.9824,sustained_winner
long_2026-06-03T200000_ARUSDT,long,2026-06-03 20:00:00,ARUSDT,LONG_CONTINUATION,Slow Trend,255,18.0648,18.8194,-0.2663,7.723,11.6289,12.3391,12.3391,0.3542,12.0,True,True,3.9059,sustained_winner
long_2026-06-03T200000_HEIUSDT,long,2026-06-03 20:00:00,HEIUSDT,LONG_CONTINUATION,Fake Breakout,30,2.7955,7.1259,-19.7554,-5.9778,-10.8324,-10.1585,-10.1585,0.0417,12.0,False,False,-4.8546,underperformer
long_2026-06-03T200000_FILUSDT,long,2026-06-03 20:00:00,FILUSDT,LONG_CONTINUATION,Fake Breakout,225,5.1852,5.7143,-4.4444,1.3757,-0.5291,-1.2698,-1.2698,0.3125,12.0,False,False,-1.9048,underperformer
long_2026-06-03T220000_GRASSUSDT,long,2026-06-03 22:00:00,GRASSUSDT,LONG_CONTINUATION,Fake Breakout,105,9.9297,10.2193,-4.6338,6.1026,1.6136,-3.8684,-3.8684,0.1458,12.0,True,False,-4.489,winner_2h_fade_6h
long_2026-06-03T220000_WLDUSDT,long,2026-06-03 22:00:00,WLDUSDT,LONG_CONTINUATION,Continuous Trend,525,9.7891,12.8134,-0.2587,3.5814,4.616,4.5762,4.5762,0.7292,12.0,True,True,1.0346,sustained_winner
long_2026-06-03T220000_USELESSUSDT,long,2026-06-03 22:00:00,USELESSUSDT,LONG_CONTINUATION,Fake Breakout,135,11.3837,12.1946,-5.8794,8.8697,2.9498,-2.4835,-2.4835,0.1875,12.0,True,False,-5.9199,winner_2h_fade_6h
long_2026-06-03T220000_ENAUSDT,long,2026-06-03 22:00:00,ENAUSDT,LONG_CONTINUATION,Slow Trend,135,8.9385,11.5852,-0.0565,6.7722,5.5571,4.6718,4.6718,0.1875,12.0,True,True,-1.2151,sustained_winner
long_2026-06-03T220000_GUAUSDT,long,2026-06-03 22:00:00,GUAUSDT,LONG_CONTINUATION,Delayed Breakout,345,13.4608,14.8871,-3.3281,5.1109,12.8071,8.5281,8.5281,0.4792,12.0,True,True,7.6962,sustained_winner
long_2026-06-04T000000_OPNUSDT,long,2026-06-04 00:00:00,OPNUSDT,LONG_CONTINUATION,Slow Trend,270,88.6103,96.2751,-0.9312,39.6132,76.4327,52.2923,52.2923,0.375,12.0,True,True,36.8195,sustained_winner
long_2026-06-04T000000_XPLUSDT,long,2026-06-04 00:00:00,XPLUSDT,LONG_CONTINUATION,Fake Breakout,150,8.3422,9.7326,-14.9733,1.9251,0.6417,-3.3155,-3.3155,0.2083,12.0,False,False,-1.2834,underperformer
long_2026-06-04T000000_MAGMAUSDT,long,2026-06-04 00:00:00,MAGMAUSDT,LONG_CONTINUATION,Late Runner,705,18.7614,19.8679,-3.0691,9.2098,14.8807,17.4748,17.4748,0.9792,12.0,True,True,5.6709,sustained_winner
long_2026-06-04T000000_CLOUSDT,long,2026-06-04 00:00:00,CLOUSDT,LONG_CONTINUATION,Fake Breakout,45,5.4867,8.2521,-19.2916,-5.999,-7.1283,-10.8908,-10.8908,0.0625,12.0,False,False,-1.1293,underperformer
long_2026-06-04T000000_ICNTUSDT,long,2026-06-04 00:00:00,ICNTUSDT,LONG_CONTINUATION,Fake Breakout,45,3.6356,3.767,-4.2488,-0.3504,-0.438,-1.3141,-1.3141,0.0625,12.0,False,False,-0.0876,underperformer
long_2026-06-04T020000_OPNUSDT,long,2026-06-04 02:00:00,OPNUSDT,LONG_CONTINUATION,Fake Breakout,150,27.1366,32.3032,-7.6775,23.3221,9.7537,0.1931,0.1931,0.2083,12.0,True,True,-13.5684,sustained_winner
long_2026-06-04T020000_STOUSDT,long,2026-06-04 02:00:00,STOUSDT,LONG_CONTINUATION,Slow Trend,150,41.0533,49.3948,-1.0468,35.983,18.3513,9.1266,9.1266,0.2083,12.0,True,True,-17.6317,sustained_winner
long_2026-06-04T020000_XPLUSDT,long,2026-06-04 02:00:00,XPLUSDT,LONG_CONTINUATION,Fake Breakout,30,6.1845,7.5472,-16.6667,4.5073,-0.2096,-7.7568,-7.7568,0.0417,12.0,True,False,-4.7169,winner_2h_fade_6h
long_2026-06-04T020000_PARTIUSDT,long,2026-06-04 02:00:00,PARTIUSDT,LONG_CONTINUATION,Slow Trend,195,13.9759,16.1044,-8.3534,6.8072,5.6827,2.4498,2.4498,0.2708,12.0,True,True,-1.1245,sustained_winner
long_2026-06-04T020000_APRUSDT,long,2026-06-04 02:00:00,APRUSDT,LONG_CONTINUATION,Fake Breakout,60,4.0096,4.274,-9.277,0.1322,-7.7188,-3.0403,-3.0403,0.0833,12.0,False,False,-7.851,underperformer
long_2026-06-04T040000_STOUSDT,long,2026-06-04 04:00:00,STOUSDT,LONG_CONTINUATION,Fake Breakout,30,8.779,15.2119,-23.171,-0.8199,-11.6297,-21.7836,-21.7836,0.0417,12.0,False,False,-10.8098,underperformer
long_2026-06-04T040000_GWEIUSDT,long,2026-06-04 04:00:00,GWEIUSDT,LONG_CONTINUATION,Fake Breakout,105,11.0115,13.0144,-1.7638,10.5929,0.7972,-0.9467,-0.9467,0.1458,12.0,True,False,-9.7957,winner_2h_fade_6h
long_2026-06-04T040000_PARTIUSDT,long,2026-06-04 04:00:00,PARTIUSDT,LONG_CONTINUATION,Fake Breakout,75,6.8524,8.8479,-14.0813,2.8991,-1.3554,-6.9089,-6.9089,0.1042,12.0,False,False,-4.2545,underperformer
long_2026-06-04T040000_BEATUSDT,long,2026-06-04 04:00:00,BEATUSDT,LONG_CONTINUATION,Slow Trend,120,8.1987,9.2655,-6.5681,8.1987,0.3962,6.9186,6.9186,0.1667,12.0,True,False,-7.8025,winner_2h_fade_6h
long_2026-06-04T040000_RAVEUSDT,long,2026-06-04 04:00:00,RAVEUSDT,LONG_CONTINUATION,Fake Breakout,45,4.039,5.2693,-24.559,0.9285,-4.689,-10.2368,-10.2368,0.0625,12.0,False,False,-5.6175,underperformer
long_2026-06-04T060000_OPNUSDT,long,2026-06-04 06:00:00,OPNUSDT,LONG_CONTINUATION,Fake Breakout,45,9.2154,13.7401,-21.9178,-5.6455,-11.7476,-17.8912,-17.8912,0.0625,12.0,False,False,-6.1021,underperformer
long_2026-06-04T060000_WLDUSDT,long,2026-06-04 06:00:00,WLDUSDT,LONG_CONTINUATION,Slow Trend,360,8.5227,11.0893,-8.2876,3.8009,8.5227,1.6262,1.6262,0.5,12.0,True,True,4.7218,sustained_winner
long_2026-06-04T060000_SUSHIUSDT,long,2026-06-04 06:00:00,SUSHIUSDT,LONG_CONTINUATION,Fake Breakout,180,6.9382,8.684,-8.684,3.3124,0.7162,-5.5506,-5.5506,0.25,12.0,True,False,-2.5962,winner_2h_fade_6h
long_2026-06-04T060000_IOUSDT,long,2026-06-04 06:00:00,IOUSDT,LONG_CONTINUATION,Fake Breakout,30,6.0452,6.7232,-8.1921,4.5763,-0.2825,-7.9661,-7.9661,0.0417,12.0,True,False,-4.8588,winner_2h_fade_6h
long_2026-06-04T060000_WIFUSDT,long,2026-06-04 06:00:00,WIFUSDT,LONG_CONTINUATION,Fake Breakout,60,5.9563,6.8306,-10.0546,3.9891,-2.2951,-7.377,-7.377,0.0833,12.0,True,False,-6.2842,winner_2h_fade_6h
long_2026-06-04T080000_CLOUSDT,long,2026-06-04 08:00:00,CLOUSDT,LONG_CONTINUATION,Fake Breakout,60,3.7941,5.2155,-19.0509,3.4617,-11.5773,-17.7671,-17.7671,0.0833,12.0,True,False,-15.039,winner_2h_fade_6h
long_2026-06-04T080000_TAUSDT,long,2026-06-04 08:00:00,TAUSDT,LONG_CONTINUATION,Late Runner,645,3.2688,4.5701,-2.0289,2.3568,-1.2194,2.2441,2.2441,0.8958,12.0,False,False,-3.5762,underperformer
long_2026-06-04T080000_OPGUSDT,long,2026-06-04 08:00:00,OPGUSDT,LONG_CONTINUATION,Unclassified,15,2.1898,2.7513,-12.4088,-1.9652,-1.8529,-4.548,-4.548,0.0208,12.0,False,False,0.1123,underperformer
long_2026-06-04T080000_VVVUSDT,long,2026-06-04 08:00:00,VVVUSDT,LONG_CONTINUATION,Fake Breakout,60,3.4461,3.6218,-16.4885,-1.0397,-5.7549,-16.2396,-16.2396,0.0833,12.0,False,False,-4.7152,underperformer
long_2026-06-04T080000_BSBUSDT,long,2026-06-04 08:00:00,BSBUSDT,LONG_CONTINUATION,Fake Breakout,75,4.613,5.6726,-20.4254,-3.1869,-9.3835,-10.4786,-10.4786,0.1042,12.0,False,False,-6.1966,underperformer
long_2026-06-04T100000_币安人生USDT,long,2026-06-04 10:00:00,币安人生USDT,LONG_CONTINUATION,Continuous Trend,525,10.3643,11.4421,-1.2275,8.2707,4.558,4.6599,4.6599,0.7292,12.0,True,True,-3.7127,sustained_winner
long_2026-06-04T100000_MAGMAUSDT,long,2026-06-04 10:00:00,MAGMAUSDT,LONG_CONTINUATION,Fake Breakout,195,5.6255,6.7711,-12.194,2.5212,-7.3291,-5.9785,-5.9785,0.2708,12.0,False,False,-9.8503,underperformer
long_2026-06-04T100000_EPICUSDT,long,2026-06-04 10:00:00,EPICUSDT,LONG_CONTINUATION,Late Runner,660,25.7398,27.5436,-11.7146,11.9376,14.6737,23.5509,23.5509,0.9167,12.0,True,True,2.7361,sustained_winner
long_2026-06-04T100000_STARUSDT,long,2026-06-04 10:00:00,STARUSDT,LONG_CONTINUATION,Fake Breakout,105,4.8071,6.5668,-6.0308,-0.6468,2.4764,0.3962,0.3962,0.1458,12.0,False,False,3.1232,underperformer
long_2026-06-04T100000_OPNUSDT,long,2026-06-04 10:00:00,OPNUSDT,LONG_CONTINUATION,Delayed Breakout,705,18.8406,23.7681,-12.9952,2.7053,-4.7826,14.4444,14.4444,0.9792,12.0,False,False,-7.4879,underperformer
long_2026-06-04T120000_AIAUSDT,long,2026-06-04 12:00:00,AIAUSDT,LONG_CONTINUATION,Fake Breakout,60,13.21,14.2968,-30.6637,3.364,-21.7493,-24.0005,-24.0005,0.0833,12.0,True,False,-25.1133,winner_2h_fade_6h
long_2026-06-04T120000_WLDUSDT,long,2026-06-04 12:00:00,WLDUSDT,LONG_CONTINUATION,Delayed Breakout,720,9.9499,12.0902,-11.7239,-3.3166,0.0193,9.9499,9.9499,1.0,12.0,False,False,3.3359,underperformer
long_2026-06-04T120000_SIRENUSDT,long,2026-06-04 12:00:00,SIRENUSDT,LONG_CONTINUATION,Late Runner,540,26.9045,34.089,-1.1502,11.5353,21.837,21.8703,21.8703,0.75,12.0,True,True,10.3017,sustained_winner
long_2026-06-04T120000_SPORTFUNUSDT,long,2026-06-04 12:00:00,SPORTFUNUSDT,LONG_CONTINUATION,Fake Breakout,435,8.011,9.2605,-3.4406,-0.0342,3.5947,-0.4108,-0.4108,0.6042,12.0,False,True,3.6289,loser_2h_runner_6h
long_2026-06-04T120000_ENAUSDT,long,2026-06-04 12:00:00,ENAUSDT,LONG_CONTINUATION,Fake Breakout,60,5.8201,6.6799,-13.2275,-2.4187,-5.1398,-8.8624,-8.8624,0.0833,12.0,False,False,-2.7211,underperformer
long_2026-06-04T140000_HEIUSDT,long,2026-06-04 14:00:00,HEIUSDT,LONG_CONTINUATION,Immediate Explosion,45,28.7293,33.7017,-3.7622,21.2444,4.6435,7.6296,7.6296,0.0625,12.0,True,True,-16.6009,sustained_winner
long_2026-06-04T140000_EPICUSDT,long,2026-06-04 14:00:00,EPICUSDT,LONG_CONTINUATION,Late Runner,600,19.7825,21.4513,-2.4939,6.0941,11.2507,18.0386,18.0386,0.8333,12.0,True,True,5.1566,sustained_winner
long_2026-06-04T140000_UBUSDT,long,2026-06-04 14:00:00,UBUSDT,LONG_CONTINUATION,Fake Breakout,45,6.7001,7.9303,-8.8956,2.1766,-4.391,-0.6435,-0.6435,0.0625,12.0,False,False,-6.5676,underperformer
long_2026-06-04T140000_SIRENUSDT,long,2026-06-04 14:00:00,SIRENUSDT,LONG_CONTINUATION,Continuous Trend,420,14.0354,20.4913,-2.5015,9.3769,9.272,8.583,8.583,0.5833,12.0,True,True,-0.1049,sustained_winner
long_2026-06-04T140000_APRUSDT,long,2026-06-04 14:00:00,APRUSDT,LONG_CONTINUATION,Fake Breakout,45,3.9285,5.4155,-10.8689,-1.5714,-3.4005,-3.1301,-3.1301,0.0625,12.0,False,False,-1.8291,underperformer
long_2026-06-04T160000_SPORTFUNUSDT,long,2026-06-04 16:00:00,SPORTFUNUSDT,LONG_CONTINUATION,Slow Trend,195,9.2073,10.4708,-2.3711,4.7421,1.2461,2.0768,2.0768,0.2708,12.0,True,False,-3.496,winner_2h_fade_6h
long_2026-06-04T160000_HEIUSDT,long,2026-06-04 16:00:00,HEIUSDT,LONG_CONTINUATION,Fake Breakout,15,7.8379,10.6259,-12.6638,-2.5641,-8.4089,-1.7579,-1.7579,0.0208,12.0,False,False,-5.8448,underperformer
long_2026-06-04T160000_SKYAIUSDT,long,2026-06-04 16:00:00,SKYAIUSDT,LONG_CONTINUATION,Fake Breakout,450,10.936,11.9179,-2.2519,2.9692,5.6209,0.3057,0.3057,0.625,12.0,False,True,2.6517,loser_2h_runner_6h
long_2026-06-04T160000_MYXUSDT,long,2026-06-04 16:00:00,MYXUSDT,LONG_CONTINUATION,Fake Breakout,315,3.0584,3.677,-12.1993,-0.1375,0.5842,-11.4777,-11.4777,0.4375,12.0,False,False,0.7217,underperformer
long_2026-06-04T160000_POWERUSDT,long,2026-06-04 16:00:00,POWERUSDT,LONG_CONTINUATION,Fake Breakout,105,3.9119,4.7744,-3.6655,3.4191,-0.7547,-1.3399,-1.3399,0.1458,12.0,True,False,-4.1738,winner_2h_fade_6h
long_2026-06-04T180000_EPICUSDT,long,2026-06-04 18:00:00,EPICUSDT,LONG_CONTINUATION,Slow Trend,360,16.3994,18.0211,-2.8061,8.1086,16.3994,10.6232,10.6232,0.5,12.0,True,True,8.2908,sustained_winner
long_2026-06-04T180000_币安人生USDT,long,2026-06-04 18:00:00,币安人生USDT,LONG_CONTINUATION,Delayed Breakout,675,6.6881,9.4124,-5.0638,-0.915,1.2645,5.6777,5.6777,0.9375,12.0,False,False,2.1795,underperformer
long_2026-06-04T180000_KGENUSDT,long,2026-06-04 18:00:00,KGENUSDT,LONG_CONTINUATION,Late Runner,705,6.9056,8.5138,-1.461,0.9092,3.5527,6.6113,6.6113,0.9792,12.0,False,True,2.6435,loser_2h_runner_6h
long_2026-06-04T180000_BANUSDT,long,2026-06-04 18:00:00,BANUSDT,LONG_CONTINUATION,Late Runner,555,6.6128,7.3795,-2.5192,1.6019,4.7645,4.1758,4.1758,0.7708,12.0,False,True,3.1626,loser_2h_runner_6h
long_2026-06-04T180000_FORMUSDT,long,2026-06-04 18:00:00,FORMUSDT,LONG_CONTINUATION,Delayed Breakout,300,7.5903,7.8482,-2.9845,0.2948,3.0214,4.2004,4.2004,0.4167,12.0,False,True,2.7266,loser_2h_runner_6h
long_2026-06-04T200000_BEATUSDT,long,2026-06-04 20:00:00,BEATUSDT,LONG_CONTINUATION,Continuous Trend,450,17.9004,20.0029,0.0,6.1907,4.5627,10.2643,10.2643,0.625,12.0,True,True,-1.628,sustained_winner
long_2026-06-04T200000_HEIUSDT,long,2026-06-04 20:00:00,HEIUSDT,LONG_CONTINUATION,Slow Trend,195,13.4325,17.5781,-1.7137,3.0746,3.0998,9.753,9.753,0.2708,12.0,True,True,0.0252,sustained_winner
long_2026-06-04T200000_COLLECTUSDT,long,2026-06-04 20:00:00,COLLECTUSDT,LONG_CONTINUATION,Fake Breakout,90,3.8217,5.0358,-3.8814,2.7468,2.1099,-2.1696,-2.1696,0.125,12.0,False,False,-0.6369,underperformer
long_2026-06-04T200000_ZBTUSDT,long,2026-06-04 20:00:00,ZBTUSDT,LONG_CONTINUATION,Slow Trend,240,9.8304,9.9824,-0.008,6.223,4.1033,2.4396,2.4396,0.3333,12.0,True,True,-2.1197,sustained_winner
long_2026-06-04T200000_PLAYUSDT,long,2026-06-04 20:00:00,PLAYUSDT,LONG_CONTINUATION,Fake Breakout,105,8.8631,15.9645,-16.8399,-7.944,-11.336,-12.5178,-12.5178,0.1458,12.0,False,False,-3.392,underperformer
long_2026-06-04T220000_FORMUSDT,long,2026-06-04 22:00:00,FORMUSDT,LONG_CONTINUATION,Late Runner,645,9.0909,9.8733,0.0,4.1729,7.8987,6.6692,6.6692,0.8958,12.0,True,True,3.7258,sustained_winner
long_2026-06-04T220000_HEIUSDT,long,2026-06-04 22:00:00,HEIUSDT,LONG_CONTINUATION,Late Runner,660,11.3837,14.4627,-1.3003,3.8395,7.63,7.5074,7.5074,0.9167,12.0,True,True,3.7905,sustained_winner
long_2026-06-04T220000_EPICUSDT,long,2026-06-04 22:00:00,EPICUSDT,LONG_CONTINUATION,Slow Trend,120,6.5022,7.986,-2.5342,6.5022,1.9673,2.9343,2.9343,0.1667,12.0,True,False,-4.5349,winner_2h_fade_6h
long_2026-06-04T220000_SKYAIUSDT,long,2026-06-04 22:00:00,SKYAIUSDT,LONG_CONTINUATION,Fake Breakout,90,3.6874,4.6052,-8.6388,0.2088,-6.2483,-1.5002,-1.5002,0.125,12.0,False,False,-6.4571,underperformer
long_2026-06-04T220000_OPGUSDT,long,2026-06-04 22:00:00,OPGUSDT,LONG_CONTINUATION,Fake Breakout,225,2.7057,3.8895,-2.8749,1.2401,0.5073,-0.7328,-0.7328,0.3125,12.0,False,False,-0.7328,underperformer
long_2026-06-05T000000_VELVETUSDT,long,2026-06-05 00:00:00,VELVETUSDT,LONG_CONTINUATION,Continuous Trend,465,17.6504,20.7049,-0.5639,9.6147,13.4962,15.5545,15.5545,0.6458,12.0,True,True,3.8815,sustained_winner
long_2026-06-05T000000_WLDUSDT,long,2026-06-05 00:00:00,WLDUSDT,LONG_CONTINUATION,Fake Breakout,120,15.0561,16.2341,-12.9579,15.0561,-0.3129,-11.3933,-11.3933,0.1667,12.0,True,False,-15.369,winner_2h_fade_6h
long_2026-06-05T000000_EPICUSDT,long,2026-06-05 00:00:00,EPICUSDT,LONG_CONTINUATION,Fake Breakout,0,5.8317,7.3062,-1.6402,4.2909,0.5799,0.2982,0.2982,0.0,12.0,True,False,-3.711,winner_2h_fade_6h
long_2026-06-05T000000_ARKMUSDT,long,2026-06-05 00:00:00,ARKMUSDT,LONG_CONTINUATION,Fake Breakout,75,5.4993,6.8741,-8.9725,3.7627,-0.8683,-8.6107,-8.6107,0.1042,12.0,True,False,-4.631,winner_2h_fade_6h
long_2026-06-05T000000_ONUSDT,long,2026-06-05 00:00:00,ONUSDT,LONG_CONTINUATION,Fake Breakout,255,6.4503,6.9529,-1.0157,0.4293,2.3351,0.0209,0.0209,0.3542,12.0,False,False,1.9058,underperformer
long_2026-06-05T020000_UBUSDT,long,2026-06-05 02:00:00,UBUSDT,LONG_CONTINUATION,Late Runner,540,7.5728,8.6214,-1.301,2.5728,0.2524,3.0194,3.0194,0.75,12.0,False,False,-2.3204,underperformer
long_2026-06-05T020000_SUSHIUSDT,long,2026-06-05 02:00:00,SUSHIUSDT,LONG_CONTINUATION,Fake Breakout,45,2.8302,3.3962,-7.7358,-0.8491,-2.7358,-3.8679,-3.8679,0.0625,12.0,False,False,-1.8867,underperformer
long_2026-06-05T020000_KITEUSDT,long,2026-06-05 02:00:00,KITEUSDT,LONG_CONTINUATION,Slow Trend,120,2.9872,3.3341,-6.5787,2.9872,-3.1159,1.0405,1.0405,0.1667,12.0,False,False,-6.1031,underperformer
long_2026-06-05T020000_EPICUSDT,long,2026-06-05 02:00:00,EPICUSDT,LONG_CONTINUATION,Fake Breakout,345,3.4291,5.4703,-3.4455,-0.1306,1.0287,-0.7675,-0.7675,0.4792,12.0,False,False,1.1593,underperformer
long_2026-06-05T020000_VELVETUSDT,long,2026-06-05 02:00:00,VELVETUSDT,LONG_CONTINUATION,Late Runner,720,10.1869,10.3419,-0.6631,1.8083,6.8372,10.1869,10.1869,1.0,12.0,False,True,5.0289,loser_2h_runner_6h
long_2026-06-05T040000_OPNUSDT,long,2026-06-05 04:00:00,OPNUSDT,LONG_CONTINUATION,Unclassified,105,29.4719,35.4344,-3.4497,21.9761,14.1823,20.8688,20.8688,0.1458,12.0,True,True,-7.7938,sustained_winner
long_2026-06-05T040000_币安人生USDT,long,2026-06-05 04:00:00,币安人生USDT,LONG_CONTINUATION,Unclassified,75,2.5465,2.9489,-12.4405,1.5754,-1.7024,-12.1286,-12.1286,0.1042,12.0,False,False,-3.2778,underperformer
long_2026-06-05T040000_HEIUSDT,long,2026-06-05 04:00:00,HEIUSDT,LONG_CONTINUATION,Delayed Breakout,600,13.6617,18.7268,-3.9847,-2.3699,1.8123,6.4126,6.4126,0.8333,12.0,False,False,4.1822,underperformer
long_2026-06-05T040000_BILLUSDT,long,2026-06-05 04:00:00,BILLUSDT,LONG_CONTINUATION,Fake Breakout,585,5.1688,6.3247,-5.1688,-0.9091,-0.9221,-2.9091,-2.9091,0.8125,12.0,False,False,-0.013,underperformer
long_2026-06-05T040000_ONUSDT,long,2026-06-05 04:00:00,ONUSDT,LONG_CONTINUATION,Unclassified,15,0.4843,0.9588,-17.3569,-3.4002,-5.2189,-16.7737,-16.7737,0.0208,12.0,False,False,-1.8187,underperformer
long_2026-06-05T060000_RIFUSDT,long,2026-06-05 06:00:00,RIFUSDT,LONG_CONTINUATION,Fake Breakout,30,1.5982,3.7647,-2.5216,-0.1657,0.6274,-1.0063,-1.0063,0.0417,12.0,False,False,0.7931,underperformer
long_2026-06-05T060000_XMRUSDT,long,2026-06-05 06:00:00,XMRUSDT,LONG_CONTINUATION,Fake Breakout,30,5.2588,5.945,-16.8661,1.1802,-8.1737,-8.6046,-8.6046,0.0417,12.0,False,False,-9.3539,underperformer
long_2026-06-05T060000_HEIUSDT,long,2026-06-05 06:00:00,HEIUSDT,LONG_CONTINUATION,Continuous Trend,480,16.7263,21.9279,-1.3958,3.9131,4.8795,11.1549,11.1549,0.6667,12.0,True,True,0.9664,sustained_winner
long_2026-06-05T060000_EPICUSDT,long,2026-06-05 06:00:00,EPICUSDT,LONG_CONTINUATION,Late Runner,720,10.4527,12.1671,-1.5812,2.9794,0.7656,10.4527,10.4527,1.0,12.0,False,False,-2.2138,underperformer
long_2026-06-05T060000_BSBUSDT,long,2026-06-05 06:00:00,BSBUSDT,LONG_CONTINUATION,Fake Breakout,210,1.8612,3.7836,-9.3106,-1.219,-2.3156,-4.3691,-4.3691,0.2917,12.0,False,False,-1.0966,underperformer
long_2026-06-05T080000_BSBUSDT,long,2026-06-05 08:00:00,BSBUSDT,LONG_CONTINUATION,Fake Breakout,90,4.0571,6.021,-7.3555,2.0129,1.7184,-5.9763,-5.9763,0.125,12.0,False,False,-0.2945,underperformer
long_2026-06-05T080000_SKYAIUSDT,long,2026-06-05 08:00:00,SKYAIUSDT,LONG_CONTINUATION,Late Runner,645,6.8029,7.9591,-1.2263,4.6657,5.6526,5.4307,5.4307,0.8958,12.0,True,True,0.9869,sustained_winner
long_2026-06-05T080000_HEIUSDT,long,2026-06-05 08:00:00,HEIUSDT,LONG_CONTINUATION,Slow Trend,360,13.5562,18.6165,-0.9169,1.7177,13.5562,6.163,6.163,0.5,12.0,False,True,11.8385,loser_2h_runner_6h
long_2026-06-05T080000_APEUSDT,long,2026-06-05 08:00:00,APEUSDT,LONG_CONTINUATION,Unclassified,75,1.5567,1.6308,-11.0452,-0.3706,-1.5567,-6.4492,-6.4492,0.1042,12.0,False,False,-1.1861,underperformer
long_2026-06-05T080000_FARTCOINUSDT,long,2026-06-05 08:00:00,FARTCOINUSDT,LONG_CONTINUATION,Unclassified,45,1.2698,1.9048,-11.2698,0.0794,-1.0317,-9.0476,-9.0476,0.0625,12.0,False,False,-1.1111,underperformer
long_2026-06-05T100000_BEATUSDT,long,2026-06-05 10:00:00,BEATUSDT,LONG_CONTINUATION,Late Runner,720,10.2132,11.8521,-0.8927,4.2239,7.3817,10.2132,10.2132,1.0,12.0,True,True,3.1578,sustained_winner
long_2026-06-05T100000_STGUSDT,long,2026-06-05 10:00:00,STGUSDT,LONG_CONTINUATION,Delayed Breakout,420,10.1243,10.8348,-3.0195,-0.7105,1.1101,6.9716,6.9716,0.5833,12.0,False,False,1.8206,underperformer
long_2026-06-05T100000_HEIUSDT,long,2026-06-05 10:00:00,HEIUSDT,LONG_CONTINUATION,Late Runner,720,13.3432,16.2553,-2.8893,0.0,4.1975,13.3432,13.3432,1.0,12.0,False,True,4.1975,loser_2h_runner_6h
long_2026-06-05T100000_AIAUSDT,long,2026-06-05 10:00:00,AIAUSDT,LONG_CONTINUATION,Fake Breakout,450,6.5255,7.2428,-7.8202,2.4493,2.8691,-4.7586,-4.7586,0.625,12.0,False,False,0.4198,underperformer
long_2026-06-05T100000_OPGUSDT,long,2026-06-05 10:00:00,OPGUSDT,LONG_CONTINUATION,Fake Breakout,30,2.6406,3.0999,-8.0941,-2.6406,-7.8645,-0.287,-0.287,0.0417,12.0,False,False,-5.2239,underperformer
long_2026-06-05T120000_CLOUSDT,long,2026-06-05 12:00:00,CLOUSDT,LONG_CONTINUATION,Continuous Trend,405,37.9409,39.2308,-0.0717,26.1008,31.5312,25.8779,25.8779,0.5625,12.0,True,True,5.4304,sustained_winner
long_2026-06-05T120000_BEATUSDT,long,2026-06-05 12:00:00,BEATUSDT,LONG_CONTINUATION,Late Runner,690,12.0201,14.3121,-5.2906,3.4634,1.267,11.7973,11.7973,0.9583,12.0,True,False,-2.1964,winner_2h_fade_6h
long_2026-06-05T120000_KGENUSDT,long,2026-06-05 12:00:00,KGENUSDT,LONG_CONTINUATION,Late Runner,570,4.5166,5.23,-1.9828,1.3235,-0.0295,4.2165,4.2165,0.7917,12.0,False,False,-1.353,underperformer
long_2026-06-05T120000_EPICUSDT,long,2026-06-05 12:00:00,EPICUSDT,LONG_CONTINUATION,Fake Breakout,390,9.9306,13.4336,-10.1454,0.4131,9.6497,-3.0568,-3.0568,0.5417,12.0,False,True,9.2366,loser_2h_runner_6h
long_2026-06-05T120000_CYSUSDT,long,2026-06-05 12:00:00,CYSUSDT,LONG_CONTINUATION,Delayed Breakout,645,5.1222,5.4715,-2.3981,0.7916,1.9558,4.936,4.936,0.8958,12.0,False,False,1.1642,underperformer
long_2026-06-05T140000_CLOUSDT,long,2026-06-05 14:00:00,CLOUSDT,LONG_CONTINUATION,Slow Trend,285,11.8471,12.893,-3.2152,2.4534,9.8005,4.2353,4.2353,0.3958,12.0,False,True,7.3471,loser_2h_runner_6h
long_2026-06-05T140000_BEATUSDT,long,2026-06-05 14:00:00,BEATUSDT,LONG_CONTINUATION,Late Runner,630,10.5837,12.5776,-6.7277,1.0596,0.7775,7.292,7.292,0.875,12.0,False,False,-0.2821,underperformer
long_2026-06-05T140000_OPNUSDT,long,2026-06-05 14:00:00,OPNUSDT,LONG_CONTINUATION,Fake Breakout,165,12.6266,15.7381,-41.0999,2.6773,-13.1331,-37.5904,-37.5904,0.2292,12.0,False,False,-15.8104,underperformer
long_2026-06-05T140000_UBUSDT,long,2026-06-05 14:00:00,UBUSDT,LONG_CONTINUATION,Fake Breakout,240,6.3156,7.718,-6.5664,0.6316,0.8173,-6.1113,-6.1113,0.3333,12.0,False,False,0.1857,underperformer
long_2026-06-05T140000_HEIUSDT,long,2026-06-05 14:00:00,HEIUSDT,LONG_CONTINUATION,Fake Breakout,480,2.5947,5.2306,-11.7792,-5.6837,-5.8175,-4.8806,-4.8806,0.6667,12.0,False,False,-0.1338,underperformer
long_2026-06-05T160000_OPNUSDT,long,2026-06-05 16:00:00,OPNUSDT,LONG_CONTINUATION,Fake Breakout,45,13.7377,16.8798,-40.5188,8.8053,-17.6471,-7.4534,-7.4534,0.0625,12.0,True,False,-26.4524,winner_2h_fade_6h
long_2026-06-05T160000_STGUSDT,long,2026-06-05 16:00:00,STGUSDT,LONG_CONTINUATION,Unclassified,60,8.1553,8.853,-2.4422,7.7628,5.0589,1.9625,1.9625,0.0833,12.0,True,True,-2.7039,sustained_winner
long_2026-06-05T160000_APRUSDT,long,2026-06-05 16:00:00,APRUSDT,LONG_CONTINUATION,Late Runner,645,7.6437,8.2425,-0.1684,2.8676,3.8967,7.5408,7.5408,0.8958,12.0,False,True,1.0291,loser_2h_runner_6h
long_2026-06-05T160000_TAUSDT,long,2026-06-05 16:00:00,TAUSDT,LONG_CONTINUATION,Fake Breakout,30,2.9447,3.2241,-7.2757,1.569,-4.3203,-3.6754,-3.6754,0.0417,12.0,False,False,-5.8893,underperformer
long_2026-06-05T160000_SOONUSDT,long,2026-06-05 16:00:00,SOONUSDT,LONG_CONTINUATION,Fake Breakout,450,4.5455,5.615,-2.2059,3.4759,3.4091,-1.8717,-1.8717,0.625,12.0,True,True,-0.0668,sustained_winner
long_2026-06-05T180000_HUSDT,long,2026-06-05 18:00:00,HUSDT,LONG_CONTINUATION,Immediate Explosion,45,8.8239,10.9753,-3.5013,3.5048,-0.7142,3.4576,3.4576,0.0625,12.0,True,False,-4.219,winner_2h_fade_6h
long_2026-06-05T180000_BEATUSDT,long,2026-06-05 18:00:00,BEATUSDT,LONG_CONTINUATION,Late Runner,720,16.9497,18.0119,-2.4589,5.3898,15.14,16.9497,16.9497,1.0,12.0,True,True,9.7502,sustained_winner
long_2026-06-05T180000_CUSDT,long,2026-06-05 18:00:00,CUSDT,LONG_CONTINUATION,Immediate Explosion,45,5.2543,6.4469,-2.0477,0.135,2.0365,2.6328,2.6328,0.0625,12.0,False,False,1.9015,underperformer
long_2026-06-05T180000_SKYAIUSDT,long,2026-06-05 18:00:00,SKYAIUSDT,LONG_CONTINUATION,Continuous Trend,465,9.7124,10.407,-0.0172,3.6393,6.3429,8.8743,8.8743,0.6458,12.0,True,True,2.7036,sustained_winner
long_2026-06-05T180000_WLDUSDT,long,2026-06-05 18:00:00,WLDUSDT,LONG_CONTINUATION,Fake Breakout,60,6.0697,8.2752,-10.5561,-0.0754,-8.8596,-3.5438,-3.5438,0.0833,12.0,False,False,-8.7842,underperformer
long_2026-06-05T200000_APRUSDT,long,2026-06-05 20:00:00,APRUSDT,LONG_CONTINUATION,Delayed Breakout,630,3.6287,4.5695,-1.4425,-0.5017,2.7372,3.2479,3.2479,0.875,12.0,False,False,3.2389,underperformer
long_2026-06-05T200000_ARCUSDT,long,2026-06-05 20:00:00,ARCUSDT,LONG_CONTINUATION,Late Runner,630,12.1477,12.4761,0.0,2.1477,2.6402,10.5335,10.5335,0.875,12.0,False,False,0.4925,underperformer
long_2026-06-05T200000_HEIUSDT,long,2026-06-05 20:00:00,HEIUSDT,LONG_CONTINUATION,Fake Breakout,120,8.7179,10.1255,-3.9062,8.7179,0.7965,0.4255,0.4255,0.1667,12.0,True,False,-7.9214,winner_2h_fade_6h
long_2026-06-05T200000_SKYAIUSDT,long,2026-06-05 20:00:00,SKYAIUSDT,LONG_CONTINUATION,Late Runner,645,6.2039,6.6364,-1.4858,3.5261,4.4021,2.9218,2.9218,0.8958,12.0,True,True,0.876,sustained_winner
long_2026-06-05T200000_AIOUSDT,long,2026-06-05 20:00:00,AIOUSDT,LONG_CONTINUATION,Late Runner,630,14.8662,16.93,-2.2251,1.7414,4.6974,13.4903,13.4903,0.875,12.0,False,True,2.956,loser_2h_runner_6h
long_2026-06-05T220000_BEATUSDT,long,2026-06-05 22:00:00,BEATUSDT,LONG_CONTINUATION,Late Runner,630,12.6275,14.2778,-9.2156,8.5358,2.5094,4.8396,4.8396,0.875,12.0,True,False,-6.0264,winner_2h_fade_6h
long_2026-06-05T220000_CLOUSDT,long,2026-06-05 22:00:00,CLOUSDT,LONG_CONTINUATION,Continuous Trend,465,9.4269,13.2907,-0.2714,2.1451,2.4617,7.5079,7.5079,0.6458,12.0,False,False,0.3166,underperformer
long_2026-06-05T220000_ESPUSDT,long,2026-06-05 22:00:00,ESPUSDT,LONG_CONTINUATION,Slow Trend,450,5.1371,6.0885,-1.8392,1.4746,0.2061,4.7091,4.7091,0.625,12.0,False,False,-1.2685,underperformer
long_2026-06-05T220000_GLMUSDT,long,2026-06-05 22:00:00,GLMUSDT,LONG_CONTINUATION,Fake Breakout,15,3.0044,3.7234,-6.4367,-1.6691,-5.9146,-2.8503,-2.8503,0.0208,12.0,False,False,-4.2455,underperformer
long_2026-06-05T220000_ENAUSDT,long,2026-06-05 22:00:00,ENAUSDT,LONG_CONTINUATION,Late Runner,660,12.2815,12.8487,-5.0816,-0.926,-2.8013,8.4732,8.4732,0.9167,12.0,False,False,-1.8753,underperformer
long_2026-06-06T000000_AIOUSDT,long,2026-06-06 00:00:00,AIOUSDT,LONG_CONTINUATION,Late Runner,645,17.3176,18.97,-0.2146,4.5064,13.294,15.1609,15.1609,0.8958,12.0,True,True,8.7876,sustained_winner
long_2026-06-06T000000_KGENUSDT,long,2026-06-06 00:00:00,KGENUSDT,LONG_CONTINUATION,Unclassified,45,0.9534,1.6696,-9.3108,-1.0767,-4.2546,-4.9519,-4.9519,0.0625,12.0,False,False,-3.1779,underperformer
long_2026-06-06T000000_APRUSDT,long,2026-06-06 00:00:00,APRUSDT,LONG_CONTINUATION,Late Runner,705,4.0843,4.782,-1.3066,1.9199,2.2266,3.6176,3.6176,0.9792,12.0,False,False,0.3067,underperformer
long_2026-06-06T000000_ALLOUSDT,long,2026-06-06 00:00:00,ALLOUSDT,LONG_CONTINUATION,Late Runner,660,26.8884,28.3394,-1.1734,1.5086,19.4185,16.9199,16.9199,0.9167,12.0,False,True,17.9099,loser_2h_runner_6h
long_2026-06-06T000000_BEATUSDT,long,2026-06-06 00:00:00,BEATUSDT,LONG_CONTINUATION,V-Reversal,510,4.2508,5.7784,-15.9677,-2.0997,2.0425,1.8765,1.8765,0.7083,12.0,False,False,4.1422,underperformer
long_2026-06-06T020000_VELVETUSDT,long,2026-06-06 02:00:00,VELVETUSDT,LONG_CONTINUATION,Slow Trend,345,26.081,28.3968,-0.5263,15.6923,25.3198,21.3441,21.3441,0.4792,12.0,True,True,9.6275,sustained_winner
long_2026-06-06T020000_ENAUSDT,long,2026-06-06 02:00:00,ENAUSDT,LONG_CONTINUATION,Fake Breakout,420,8.8787,9.4287,-6.5439,-5.747,5.646,-1.4143,-1.4143,0.5833,12.0,False,True,11.393,loser_2h_runner_6h
long_2026-06-06T020000_ALLOUSDT,long,2026-06-06 02:00:00,ALLOUSDT,LONG_CONTINUATION,Late Runner,540,24.3864,25.8088,-1.6638,1.7819,18.44,18.2705,18.2705,0.75,12.0,False,True,16.6581,loser_2h_runner_6h
long_2026-06-06T020000_XLMUSDT,long,2026-06-06 02:00:00,XLMUSDT,LONG_CONTINUATION,Fake Breakout,270,7.8516,8.8011,-2.259,-1.033,5.504,-0.6573,-0.6573,0.375,12.0,False,True,6.537,loser_2h_runner_6h
long_2026-06-06T020000_TAUSDT,long,2026-06-06 02:00:00,TAUSDT,LONG_CONTINUATION,Fake Breakout,240,3.4969,5.1777,-13.9763,1.1055,-7.0389,-12.0474,-12.0474,0.3333,12.0,False,False,-8.1444,underperformer
long_2026-06-06T040000_BTWUSDT,long,2026-06-06 04:00:00,BTWUSDT,LONG_CONTINUATION,Fake Breakout,0,10.666,15.2094,-21.9672,1.9241,-5.5176,-14.3663,-14.3663,0.0,12.0,False,False,-7.4417,underperformer
long_2026-06-06T040000_ALLOUSDT,long,2026-06-06 04:00:00,ALLOUSDT,LONG_CONTINUATION,Late Runner,660,25.7055,27.6828,-1.6246,13.2601,12.2715,18.442,18.442,0.9167,12.0,True,True,-0.9886,sustained_winner
long_2026-06-06T040000_ZECUSDT,long,2026-06-06 04:00:00,ZECUSDT,LONG_CONTINUATION,Slow Trend,300,25.2704,26.1408,-2.4914,16.6325,22.1104,22.7727,22.7727,0.4167,12.0,True,True,5.4779,sustained_winner
long_2026-06-06T040000_AIOUSDT,long,2026-06-06 04:00:00,AIOUSDT,LONG_CONTINUATION,Slow Trend,510,11.718,14.0004,-1.2227,7.5912,8.549,6.7658,6.7658,0.7083,12.0,True,True,0.9578,sustained_winner
long_2026-06-06T040000_SKYAIUSDT,long,2026-06-06 04:00:00,SKYAIUSDT,LONG_CONTINUATION,Late Runner,660,12.7069,13.4963,-0.5118,3.2611,1.7095,6.9469,6.9469,0.9167,12.0,True,False,-1.5516,winner_2h_fade_6h
long_2026-06-06T060000_ENAUSDT,long,2026-06-06 06:00:00,ENAUSDT,LONG_CONTINUATION,Slow Trend,180,6.2315,7.929,-5.5087,3.0774,1.1937,3.8331,3.8331,0.25,12.0,True,False,-1.8837,winner_2h_fade_6h
long_2026-06-06T060000_ZESTUSDT,long,2026-06-06 06:00:00,ZESTUSDT,LONG_CONTINUATION,Late Runner,705,17.3553,20.6632,-0.6385,9.2894,4.5026,15.7981,15.7981,0.9792,12.0,True,True,-4.7868,sustained_winner
long_2026-06-06T060000_VELVETUSDT,long,2026-06-06 06:00:00,VELVETUSDT,LONG_CONTINUATION,Late Runner,705,9.4332,10.4784,-2.0367,3.6915,2.6397,8.4885,8.4885,0.9792,12.0,True,False,-1.0518,winner_2h_fade_6h
long_2026-06-06T060000_SIRENUSDT,long,2026-06-06 06:00:00,SIRENUSDT,LONG_CONTINUATION,Late Runner,720,10.6164,11.5205,-4.3288,3.1644,-3.7671,10.6164,10.6164,1.0,12.0,True,False,-6.9315,winner_2h_fade_6h
long_2026-06-06T060000_ZECUSDT,long,2026-06-06 06:00:00,ZECUSDT,LONG_CONTINUATION,Fake Breakout,180,7.8611,8.6105,-4.589,-0.3747,1.0672,0.782,0.782,0.25,12.0,False,False,1.4419,underperformer
long_2026-06-06T080000_GUAUSDT,long,2026-06-06 08:00:00,GUAUSDT,LONG_CONTINUATION,Fake Breakout,60,10.1365,11.6309,-11.9038,2.6381,-7.7323,-0.5198,-0.5198,0.0833,12.0,False,False,-10.3704,underperformer
long_2026-06-06T080000_BTWUSDT,long,2026-06-06 08:00:00,BTWUSDT,LONG_CONTINUATION,Fake Breakout,45,7.8094,10.2599,-19.1201,-0.0178,-6.9728,-15.9698,-15.9698,0.0625,12.0,False,False,-6.955,underperformer
long_2026-06-06T080000_INUSDT,long,2026-06-06 08:00:00,INUSDT,LONG_CONTINUATION,Fake Breakout,45,4.3652,5.2257,-9.9027,1.7585,-8.1566,-6.7972,-6.7972,0.0625,12.0,False,False,-9.9151,underperformer
long_2026-06-06T080000_ZECUSDT,long,2026-06-06 08:00:00,ZECUSDT,LONG_CONTINUATION,Fake Breakout,60,6.2853,7.0238,-5.9829,3.6042,-3.2216,-2.0443,-2.0443,0.0833,12.0,True,False,-6.8258,winner_2h_fade_6h
long_2026-06-06T080000_HEIUSDT,long,2026-06-06 08:00:00,HEIUSDT,LONG_CONTINUATION,Late Runner,690,36.6692,50.9313,-8.8174,7.0098,-4.2985,21.327,21.327,0.9583,12.0,True,False,-11.3083,winner_2h_fade_6h
long_2026-06-06T100000_BEATUSDT,long,2026-06-06 10:00:00,BEATUSDT,LONG_CONTINUATION,Late Runner,705,27.7559,29.5759,-0.2123,8.0325,13.0862,25.1168,25.1168,0.9792,12.0,True,True,5.0537,sustained_winner
long_2026-06-06T100000_CLOUSDT,long,2026-06-06 10:00:00,CLOUSDT,LONG_CONTINUATION,Continuous Trend,435,27.6653,30.4169,-2.4479,11.6498,27.5342,24.598,24.598,0.6042,12.0,True,True,15.8844,sustained_winner
long_2026-06-06T100000_OPNUSDT,long,2026-06-06 10:00:00,OPNUSDT,LONG_CONTINUATION,Fake Breakout,420,11.41,13.8829,-28.1996,5.0325,5.1193,-21.9957,-21.9957,0.5833,12.0,True,True,0.0868,sustained_winner
long_2026-06-06T100000_MYXUSDT,long,2026-06-06 10:00:00,MYXUSDT,LONG_CONTINUATION,Fake Breakout,30,2.3604,3.0413,-9.8048,-2.542,-3.1321,-3.9038,-3.9038,0.0417,12.0,False,False,-0.5901,underperformer
long_2026-06-06T100000_ZBTUSDT,long,2026-06-06 10:00:00,ZBTUSDT,LONG_CONTINUATION,Fake Breakout,75,3.2696,5.6645,-7.4055,2.7601,-4.2123,-5.3673,-5.3673,0.1042,12.0,False,False,-6.9724,underperformer
long_2026-06-06T120000_HOMEUSDT,long,2026-06-06 12:00:00,HOMEUSDT,LONG_CONTINUATION,Fake Breakout,60,3.7315,9.5135,-24.7956,-6.8752,-16.3906,-8.292,-8.292,0.0833,12.0,False,False,-9.5154,underperformer
long_2026-06-06T120000_BSBUSDT,long,2026-06-06 12:00:00,BSBUSDT,LONG_CONTINUATION,Unclassified,45,2.3493,2.5157,-9.353,-7.6742,-1.9283,-5.2369,-5.2369,0.0625,12.0,False,False,5.7459,underperformer
long_2026-06-06T120000_OPNUSDT,long,2026-06-06 12:00:00,OPNUSDT,LONG_CONTINUATION,Fake Breakout,300,7.0446,9.4206,-32.5969,2.0008,-0.4168,-29.9291,-29.9291,0.4167,12.0,False,False,-2.4176,underperformer
long_2026-06-06T120000_EPICUSDT,long,2026-06-06 12:00:00,EPICUSDT,LONG_CONTINUATION,Delayed Breakout,180,7.7235,9.4272,-2.1094,1.866,0.6328,6.2632,6.2632,0.25,12.0,False,False,-1.2332,underperformer
long_2026-06-06T120000_FOLKSUSDT,long,2026-06-06 12:00:00,FOLKSUSDT,LONG_CONTINUATION,Late Runner,705,4.7965,5.5233,-6.9767,-5.1599,-0.8721,4.7965,4.7965,0.9792,12.0,False,False,4.2878,underperformer
long_2026-06-06T140000_BANUSDT,long,2026-06-06 14:00:00,BANUSDT,LONG_CONTINUATION,Unclassified,60,16.994,18.7361,-1.5201,7.4979,8.1127,6.6951,6.6951,0.0833,12.0,True,True,0.6148,sustained_winner
long_2026-06-06T140000_EPICUSDT,long,2026-06-06 14:00:00,EPICUSDT,LONG_CONTINUATION,Unclassified,60,7.811,9.5161,-0.4385,5.0666,1.9649,6.1221,6.1221,0.0833,12.0,True,False,-3.1017,winner_2h_fade_6h
long_2026-06-06T140000_OPNUSDT,long,2026-06-06 14:00:00,OPNUSDT,LONG_CONTINUATION,Fake Breakout,180,5.9406,8.2921,-43.9356,-0.0413,-10.1898,-42.2442,-42.2442,0.25,12.0,False,False,-10.1485,underperformer
long_2026-06-06T140000_ZESTUSDT,long,2026-06-06 14:00:00,ZESTUSDT,LONG_CONTINUATION,Slow Trend,255,11.8298,14.6076,-1.7754,9.0831,4.9922,1.014,1.014,0.3542,12.0,True,True,-4.0909,sustained_winner
long_2026-06-06T140000_ALLOUSDT,long,2026-06-06 14:00:00,ALLOUSDT,LONG_CONTINUATION,Late Runner,675,93.8431,98.4117,-2.1861,1.789,74.7278,83.9418,83.9418,0.9375,12.0,False,True,72.9388,loser_2h_runner_6h
long_2026-06-06T160000_ASRUSDT,long,2026-06-06 16:00:00,ASRUSDT,LONG_CONTINUATION,Slow Trend,270,33.6574,40.8262,-0.243,21.5067,27.096,18.1045,18.1045,0.375,12.0,True,True,5.5893,sustained_winner
long_2026-06-06T160000_PLAYUSDT,long,2026-06-06 16:00:00,PLAYUSDT,LONG_CONTINUATION,Late Runner,585,12.8539,13.6394,-0.9752,7.2464,7.7611,9.4948,9.4948,0.8125,12.0,True,True,0.5147,sustained_winner
long_2026-06-06T160000_UAIUSDT,long,2026-06-06 16:00:00,UAIUSDT,LONG_CONTINUATION,Continuous Trend,510,7.3886,7.9359,-0.2737,3.5575,3.0102,5.8249,5.8249,0.7083,12.0,True,True,-0.5473,sustained_winner
long_2026-06-06T160000_UBUSDT,long,2026-06-06 16:00:00,UBUSDT,LONG_CONTINUATION,Late Runner,600,10.4409,11.3476,-0.2481,2.2237,2.4146,6.0508,6.0508,0.8333,12.0,False,False,0.1909,underperformer
long_2026-06-06T160000_XLMUSDT,long,2026-06-06 16:00:00,XLMUSDT,LONG_CONTINUATION,Late Runner,585,10.0526,11.0693,-0.1703,3.6691,3.7826,6.27,6.27,0.8125,12.0,True,True,0.1135,sustained_winner
long_2026-06-06T180000_ALLOUSDT,long,2026-06-06 18:00:00,ALLOUSDT,LONG_CONTINUATION,Late Runner,705,73.1335,74.5757,-0.0656,49.0385,51.4859,67.5213,67.5213,0.9792,12.0,True,True,2.4474,sustained_winner
long_2026-06-06T180000_ASRUSDT,long,2026-06-06 18:00:00,ASRUSDT,LONG_CONTINUATION,Slow Trend,150,18.1525,24.4898,-0.2148,7.4114,1.6112,4.8335,4.8335,0.2083,12.0,True,False,-5.8002,winner_2h_fade_6h
long_2026-06-06T180000_SANTOSUSDT,long,2026-06-06 18:00:00,SANTOSUSDT,LONG_CONTINUATION,Fake Breakout,45,7.1429,12.8932,-4.325,1.327,-0.2294,-1.5564,-1.5564,0.0625,12.0,False,False,-1.5564,underperformer
long_2026-06-06T180000_JELLYJELLYUSDT,long,2026-06-06 18:00:00,JELLYJELLYUSDT,LONG_CONTINUATION,Fake Breakout,15,7.2851,8.3286,-2.1248,4.9516,2.9216,-2.011,-2.011,0.0208,12.0,True,False,-2.03,winner_2h_fade_6h
long_2026-06-06T180000_BANUSDT,long,2026-06-06 18:00:00,BANUSDT,LONG_CONTINUATION,Immediate Explosion,15,11.2337,14.3634,-2.7343,4.2662,-0.6095,2.1578,2.1578,0.0208,12.0,True,False,-4.8757,winner_2h_fade_6h
long_2026-06-06T200000_VELVETUSDT,long,2026-06-06 20:00:00,VELVETUSDT,LONG_CONTINUATION,Continuous Trend,465,16.362,19.113,-0.2158,8.3248,12.7839,10.6143,10.6143,0.6458,12.0,True,True,4.4591,sustained_winner
long_2026-06-06T200000_CLOUSDT,long,2026-06-06 20:00:00,CLOUSDT,LONG_CONTINUATION,Unclassified,90,13.3983,14.7317,-1.4405,12.0274,6.1797,6.3671,6.3671,0.125,12.0,True,True,-5.8477,sustained_winner
long_2026-06-06T200000_FORMUSDT,long,2026-06-06 20:00:00,FORMUSDT,LONG_CONTINUATION,Late Runner,720,8.4457,9.199,-0.4758,5.9477,4.1634,8.4457,8.4457,1.0,12.0,True,True,-1.7843,sustained_winner
long_2026-06-06T200000_BEATUSDT,long,2026-06-06 20:00:00,BEATUSDT,LONG_CONTINUATION,Slow Trend,330,21.4023,23.1133,-1.48,8.2345,17.3507,14.9995,14.9995,0.4583,12.0,True,True,9.1162,sustained_winner
long_2026-06-06T200000_ALLOUSDT,long,2026-06-06 20:00:00,ALLOUSDT,LONG_CONTINUATION,Late Runner,585,21.9762,22.9923,-4.2952,8.3953,10.5378,3.0918,3.0918,0.8125,12.0,True,True,2.1425,sustained_winner
long_2026-06-06T220000_HEIUSDT,long,2026-06-06 22:00:00,HEIUSDT,LONG_CONTINUATION,Fake Breakout,240,41.1866,48.5404,-21.3468,27.9773,27.0989,-20.9937,-20.9937,0.3333,12.0,True,True,-0.8784,sustained_winner
long_2026-06-06T220000_SKYAIUSDT,long,2026-06-06 22:00:00,SKYAIUSDT,LONG_CONTINUATION,Continuous Trend,450,73.1286,74.6618,-0.0759,12.9539,54.7017,71.5099,71.5099,0.625,12.0,True,True,41.7478,sustained_winner
long_2026-06-06T220000_TAUSDT,long,2026-06-06 22:00:00,TAUSDT,LONG_CONTINUATION,Fake Breakout,60,5.9255,6.7416,-7.5458,3.2762,-2.6966,-7.0609,-7.0609,0.0833,12.0,True,False,-5.9728,winner_2h_fade_6h
long_2026-06-06T220000_SOONUSDT,long,2026-06-06 22:00:00,SOONUSDT,LONG_CONTINUATION,Late Runner,690,12.8289,13.6842,-0.1316,10.3947,8.8816,12.7632,12.7632,0.9583,12.0,True,True,-1.5131,sustained_winner
long_2026-06-06T220000_BILLUSDT,long,2026-06-06 22:00:00,BILLUSDT,LONG_CONTINUATION,Immediate Explosion,0,4.4629,4.6318,-1.9288,2.7594,0.9573,3.1536,3.1536,0.0,12.0,False,False,-1.8021,underperformer
long_2026-06-07T000000_SKYAIUSDT,long,2026-06-07 00:00:00,SKYAIUSDT,LONG_CONTINUATION,Late Runner,660,58.0106,64.1407,-0.0814,20.2836,36.7418,27.9943,27.9943,0.9167,12.0,True,True,16.4582,sustained_winner
long_2026-06-07T000000_GWEIUSDT,long,2026-06-07 00:00:00,GWEIUSDT,LONG_CONTINUATION,Late Runner,720,32.9818,33.3621,-0.6309,6.7329,14.7537,32.9818,32.9818,1.0,12.0,True,True,8.0208,sustained_winner
long_2026-06-07T000000_ALLOUSDT,long,2026-06-07 00:00:00,ALLOUSDT,LONG_CONTINUATION,Slow Trend,345,16.0932,18.628,-4.6131,5.2065,12.33,13.9637,13.9637,0.4792,12.0,True,True,7.1235,sustained_winner
long_2026-06-07T000000_VELVETUSDT,long,2026-06-07 00:00:00,VELVETUSDT,LONG_CONTINUATION,Slow Trend,225,8.0412,10.5954,-3.6561,4.719,2.8269,6.5331,6.5331,0.3125,12.0,True,False,-1.8921,winner_2h_fade_6h
long_2026-06-07T000000_LAUSDT,long,2026-06-07 00:00:00,LAUSDT,LONG_CONTINUATION,Late Runner,645,5.613,6.0724,-0.7178,2.0098,1.7227,4.4358,4.4358,0.8958,12.0,False,False,-0.2871,underperformer
long_2026-06-07T020000_SKYAIUSDT,long,2026-06-07 02:00:00,SKYAIUSDT,LONG_CONTINUATION,Late Runner,540,35.9251,41.1984,-0.9176,20.098,30.0291,1.7393,1.7393,0.75,12.0,True,True,9.9311,sustained_winner
long_2026-06-07T020000_SIRENUSDT,long,2026-06-07 02:00:00,SIRENUSDT,LONG_CONTINUATION,Slow Trend,525,16.3255,16.8309,-3.2095,7.2277,8.7566,6.4695,6.4695,0.7292,12.0,True,True,1.5289,sustained_winner
long_2026-06-07T020000_CUSDT,long,2026-06-07 02:00:00,CUSDT,LONG_CONTINUATION,Slow Trend,405,7.561,10.1327,-1.3476,1.934,6.1208,4.5571,4.5571,0.5625,12.0,False,True,4.1868,loser_2h_runner_6h
long_2026-06-07T020000_ALLOUSDT,long,2026-06-07 02:00:00,ALLOUSDT,LONG_CONTINUATION,Fake Breakout,225,7.9083,10.2644,-32.1303,-0.5993,-8.7981,-21.8295,-21.8295,0.3125,12.0,False,False,-8.1988,underperformer
long_2026-06-07T020000_ESPORTSUSDT,long,2026-06-07 02:00:00,ESPORTSUSDT,LONG_CONTINUATION,Unclassified,75,2.6682,3.4416,-12.181,-0.5607,-4.1763,1.0247,1.0247,0.1042,12.0,False,False,-3.6156,underperformer
long_2026-06-07T040000_BTWUSDT,long,2026-06-07 04:00:00,BTWUSDT,LONG_CONTINUATION,Unclassified,75,27.877,31.5817,-0.0298,11.1184,16.9928,11.4932,11.4932,0.1042,12.0,True,True,5.8744,sustained_winner
long_2026-06-07T040000_LABUSDT,long,2026-06-07 04:00:00,LABUSDT,LONG_CONTINUATION,Slow Trend,120,37.3845,40.8108,-1.9105,37.3845,23.6434,16.2974,16.2974,0.1667,12.0,True,True,-13.7411,sustained_winner
long_2026-06-07T040000_SKYAIUSDT,long,2026-06-07 04:00:00,SKYAIUSDT,LONG_CONTINUATION,Fake Breakout,420,16.1398,20.6455,-15.3401,0.5069,13.7657,-12.012,-12.012,0.5833,12.0,False,True,13.2588,loser_2h_runner_6h
long_2026-06-07T040000_币安人生USDT,long,2026-06-07 04:00:00,币安人生USDT,LONG_CONTINUATION,Late Runner,690,13.9884,16.9655,-0.8943,5.2379,10.9735,12.7973,12.7973,0.9583,12.0,True,True,5.7356,sustained_winner
long_2026-06-07T040000_MANTAUSDT,long,2026-06-07 04:00:00,MANTAUSDT,LONG_CONTINUATION,Late Runner,645,6.8398,7.4476,-0.7031,2.3594,3.8847,1.99,1.99,0.8958,12.0,False,True,1.5253,loser_2h_runner_6h
long_2026-06-07T060000_MAGMAUSDT,long,2026-06-07 06:00:00,MAGMAUSDT,LONG_CONTINUATION,Slow Trend,270,11.769,12.4308,-0.0115,10.8236,3.5187,2.3497,2.3497,0.375,12.0,True,True,-7.3049,sustained_winner
long_2026-06-07T060000_CCUSDT,long,2026-06-07 06:00:00,CCUSDT,LONG_CONTINUATION,Immediate Explosion,15,3.1522,4.7869,-2.0542,0.401,1.7149,2.3873,2.3873,0.0208,12.0,False,False,1.3139,underperformer
long_2026-06-07T060000_QNTUSDT,long,2026-06-07 06:00:00,QNTUSDT,LONG_CONTINUATION,Delayed Breakout,705,5.7669,5.7971,-0.0604,0.6492,2.7627,5.7216,5.7216,0.9792,12.0,False,False,2.1135,underperformer
long_2026-06-07T060000_GUAUSDT,long,2026-06-07 06:00:00,GUAUSDT,LONG_CONTINUATION,Slow Trend,525,13.0058,13.6825,-0.9068,3.6135,9.0946,3.83,3.83,0.7292,12.0,True,True,5.4811,sustained_winner
long_2026-06-07T060000_OPGUSDT,long,2026-06-07 06:00:00,OPGUSDT,LONG_CONTINUATION,Delayed Breakout,720,9.2784,9.8582,-1.6108,0.9665,0.451,9.2784,9.2784,1.0,12.0,False,False,-0.5155,underperformer
long_2026-06-07T080000_ALLOUSDT,long,2026-06-07 08:00:00,ALLOUSDT,LONG_CONTINUATION,Fake Breakout,255,17.5316,20.5594,-28.7395,12.5431,-14.5311,-24.1506,-24.1506,0.3542,12.0,True,False,-27.0742,winner_2h_fade_6h
long_2026-06-07T080000_SLXUSDT,long,2026-06-07 08:00:00,SLXUSDT,LONG_CONTINUATION,Delayed Breakout,585,6.2151,6.6453,-0.186,2.9826,1.1221,1.0349,1.0349,0.8125,12.0,False,False,-1.8605,underperformer
long_2026-06-07T080000_GWEIUSDT,long,2026-06-07 08:00:00,GWEIUSDT,LONG_CONTINUATION,Fake Breakout,255,11.7888,12.8807,-9.4971,4.8348,-5.7759,-1.4871,-1.4871,0.3542,12.0,True,False,-10.6107,winner_2h_fade_6h
long_2026-06-07T080000_BSBUSDT,long,2026-06-07 08:00:00,BSBUSDT,LONG_CONTINUATION,Late Runner,720,19.6766,21.0377,-3.6814,1.7219,2.4573,19.6766,19.6766,1.0,12.0,False,False,0.7354,underperformer
long_2026-06-07T080000_RIFUSDT,long,2026-06-07 08:00:00,RIFUSDT,LONG_CONTINUATION,Immediate Explosion,30,3.9809,4.8263,-1.8291,2.3517,-0.5533,1.0606,1.0606,0.0417,12.0,False,False,-2.905,underperformer
long_2026-06-07T100000_CLOUSDT,long,2026-06-07 10:00:00,CLOUSDT,LONG_CONTINUATION,Unclassified,60,31.451,35.2223,-0.5756,14.1425,14.0631,20.0179,20.0179,0.0833,12.0,True,True,-0.0794,sustained_winner
long_2026-06-07T100000_GIGGLEUSDT,long,2026-06-07 10:00:00,GIGGLEUSDT,LONG_CONTINUATION,Immediate Explosion,45,9.9267,10.7326,-0.0366,6.3736,5.4212,6.8864,6.8864,0.0625,12.0,True,True,-0.9524,sustained_winner
long_2026-06-07T100000_1000LUNCUSDT,long,2026-06-07 10:00:00,1000LUNCUSDT,LONG_CONTINUATION,Continuous Trend,495,10.119,10.7786,-0.2413,7.1589,6.0328,7.4485,7.4485,0.6875,12.0,True,True,-1.1261,sustained_winner
long_2026-06-07T100000_WLDUSDT,long,2026-06-07 10:00:00,WLDUSDT,LONG_CONTINUATION,Immediate Explosion,45,8.5708,8.8006,-4.6415,2.5965,4.2969,1.6314,1.6314,0.0625,12.0,False,True,1.7004,loser_2h_runner_6h
long_2026-06-07T100000_TONUSDT,long,2026-06-07 10:00:00,TONUSDT,LONG_CONTINUATION,Unclassified,60,8.7301,8.7854,-0.0553,4.62,6.586,3.6555,3.6555,0.0833,12.0,True,True,1.966,sustained_winner
long_2026-06-07T120000_UBUSDT,long,2026-06-07 12:00:00,UBUSDT,LONG_CONTINUATION,Late Runner,720,19.9097,20.8835,-0.0885,3.0807,4.4529,19.9097,19.9097,1.0,12.0,True,True,1.3722,sustained_winner
long_2026-06-07T120000_ZESTUSDT,long,2026-06-07 12:00:00,ZESTUSDT,LONG_CONTINUATION,Late Runner,600,10.4865,10.6562,-0.3061,7.0636,8.2254,6.2816,6.2816,0.8333,12.0,True,True,1.1618,sustained_winner
long_2026-06-07T120000_INUSDT,long,2026-06-07 12:00:00,INUSDT,LONG_CONTINUATION,Fake Breakout,30,4.6148,5.1556,-4.1341,1.4662,0.1923,-3.5693,-3.5693,0.0417,12.0,False,False,-1.2739,underperformer
long_2026-06-07T120000_EDGEUSDT,long,2026-06-07 12:00:00,EDGEUSDT,LONG_CONTINUATION,Fake Breakout,150,4.1658,4.2927,-3.7006,3.0239,1.9032,-1.2688,-1.2688,0.2083,12.0,True,False,-1.1207,winner_2h_fade_6h
long_2026-06-07T120000_AIAUSDT,long,2026-06-07 12:00:00,AIAUSDT,LONG_CONTINUATION,Fake Breakout,360,2.4856,5.5656,-2.4496,-1.9993,2.4856,0.8465,0.8465,0.5,12.0,False,False,4.4849,underperformer
long_2026-06-07T140000_BSBUSDT,long,2026-06-07 14:00:00,BSBUSDT,LONG_CONTINUATION,Late Runner,690,78.9858,84.6334,-0.4143,13.4976,18.0058,59.2686,59.2686,0.9583,12.0,True,True,4.5082,sustained_winner
long_2026-06-07T140000_GUAUSDT,long,2026-06-07 14:00:00,GUAUSDT,LONG_CONTINUATION,Fake Breakout,45,6.969,7.6095,-10.6585,-2.6134,-2.8952,-9.6464,-9.6464,0.0625,12.0,False,False,-0.2818,underperformer
long_2026-06-07T140000_CLOUSDT,long,2026-06-07 14:00:00,CLOUSDT,LONG_CONTINUATION,Slow Trend,165,10.4713,12.1952,-0.746,4.5579,9.4978,9.1339,9.1339,0.2292,12.0,True,True,4.9399,sustained_winner
long_2026-06-07T140000_GWEIUSDT,long,2026-06-07 14:00:00,GWEIUSDT,LONG_CONTINUATION,Delayed Breakout,75,8.8071,9.3507,-5.1258,2.827,6.5005,3.2386,3.2386,0.1042,12.0,False,True,3.6735,loser_2h_runner_6h
long_2026-06-07T140000_AIOUSDT,long,2026-06-07 14:00:00,AIOUSDT,LONG_CONTINUATION,Unclassified,105,5.8632,6.2052,-1.1927,4.8457,2.3603,3.6364,3.6364,0.1458,12.0,True,False,-2.4854,winner_2h_fade_6h
long_2026-06-07T160000_BTWUSDT,long,2026-06-07 16:00:00,BTWUSDT,LONG_CONTINUATION,Unclassified,105,30.1796,41.9583,-10.5337,21.7963,-1.0244,16.4115,16.4115,0.1458,12.0,True,False,-22.8207,winner_2h_fade_6h
long_2026-06-07T160000_HUSDT,long,2026-06-07 16:00:00,HUSDT,LONG_CONTINUATION,Late Runner,555,21.162,23.8051,-1.1771,3.4254,10.0411,10.3096,10.3096,0.7708,12.0,True,True,6.6157,sustained_winner
long_2026-06-07T160000_JTOUSDT,long,2026-06-07 16:00:00,JTOUSDT,LONG_CONTINUATION,Slow Trend,435,16.8535,18.9358,-0.0356,6.1755,13.8637,7.2077,7.2077,0.6042,12.0,True,True,7.6882,sustained_winner
long_2026-06-07T160000_UBUSDT,long,2026-06-07 16:00:00,UBUSDT,LONG_CONTINUATION,Slow Trend,510,19.3148,20.5566,-0.3963,3.9193,12.6828,4.2012,4.2012,0.7083,12.0,True,True,8.7635,sustained_winner
long_2026-06-07T160000_HOMEUSDT,long,2026-06-07 16:00:00,HOMEUSDT,LONG_CONTINUATION,Fake Breakout,30,7.7351,14.2418,-44.952,-2.1305,-34.261,-42.975,-42.975,0.0417,12.0,False,False,-32.1305,underperformer
long_2026-06-07T180000_EDENUSDT,long,2026-06-07 18:00:00,EDENUSDT,LONG_CONTINUATION,Unclassified,90,12.6777,15.3633,-3.1398,7.5632,3.2188,1.797,1.797,0.125,12.0,True,True,-4.3444,sustained_winner
long_2026-06-07T180000_JTOUSDT,long,2026-06-07 18:00:00,JTOUSDT,LONG_CONTINUATION,Slow Trend,315,13.3241,15.3435,-0.2589,8.388,7.8875,5.7646,5.7646,0.4375,12.0,True,True,-0.5005,sustained_winner
long_2026-06-07T180000_BUSDT,long,2026-06-07 18:00:00,BUSDT,LONG_CONTINUATION,Immediate Explosion,45,4.4523,6.0071,-2.5795,2.5442,1.4488,2.8975,2.8975,0.0625,12.0,False,False,-1.0954,underperformer
long_2026-06-07T180000_OPGUSDT,long,2026-06-07 18:00:00,OPGUSDT,LONG_CONTINUATION,Fake Breakout,405,8.9806,9.7087,-2.9126,3.3374,7.949,-0.182,-0.182,0.5625,12.0,True,True,4.6116,sustained_winner
long_2026-06-07T180000_ZESTUSDT,long,2026-06-07 18:00:00,ZESTUSDT,LONG_CONTINUATION,Fake Breakout,240,5.6951,6.1644,-1.1997,2.7558,1.6725,0.1658,0.1658,0.3333,12.0,False,False,-1.0833,underperformer
long_2026-06-07T200000_SIRENUSDT,long,2026-06-07 20:00:00,SIRENUSDT,LONG_CONTINUATION,Late Runner,660,39.6438,41.9906,-1.6344,29.5862,37.2027,36.7941,36.7941,0.9167,12.0,True,True,7.6165,sustained_winner
long_2026-06-07T200000_HUSDT,long,2026-06-07 20:00:00,HUSDT,LONG_CONTINUATION,Slow Trend,315,16.9801,19.532,-2.273,6.243,14.4549,1.62,1.62,0.4375,12.0,True,True,8.2119,sustained_winner
long_2026-06-07T200000_BSBUSDT,long,2026-06-07 20:00:00,BSBUSDT,LONG_CONTINUATION,Slow Trend,330,55.7105,60.6238,-0.4584,6.4021,38.5574,22.9009,22.9009,0.4583,12.0,True,True,32.1553,sustained_winner
long_2026-06-07T200000_AIOTUSDT,long,2026-06-07 20:00:00,AIOTUSDT,LONG_CONTINUATION,Delayed Breakout,660,8.5173,9.2347,-0.7726,1.1038,3.624,6.365,6.365,0.9167,12.0,False,True,2.5202,loser_2h_runner_6h
long_2026-06-07T200000_AIOUSDT,long,2026-06-07 20:00:00,AIOUSDT,LONG_CONTINUATION,Slow Trend,120,4.739,5.5108,-1.8757,4.739,3.1289,2.3155,2.3155,0.1667,12.0,True,True,-1.6101,sustained_winner
long_2026-06-07T220000_POWERUSDT,long,2026-06-07 22:00:00,POWERUSDT,LONG_CONTINUATION,Unclassified,105,10.0402,11.5127,-0.0502,9.6888,3.4471,5.7731,5.7731,0.1458,12.0,True,True,-6.2417,sustained_winner
long_2026-06-07T220000_OGUSDT,long,2026-06-07 22:00:00,OGUSDT,LONG_CONTINUATION,Late Runner,615,5.037,5.5556,-1.6667,2.7778,0.0741,2.1481,2.1481,0.8542,12.0,False,False,-2.7037,underperformer
long_2026-06-07T220000_UAIUSDT,long,2026-06-07 22:00:00,UAIUSDT,LONG_CONTINUATION,Slow Trend,120,4.9157,5.3463,-0.1076,4.9157,2.8346,3.3369,3.3369,0.1667,12.0,True,False,-2.0811,winner_2h_fade_6h
long_2026-06-07T220000_BSBUSDT,long,2026-06-07 22:00:00,BSBUSDT,LONG_CONTINUATION,Slow Trend,210,46.6819,51.3103,-2.9305,26.2235,33.3801,18.6019,18.6019,0.2917,12.0,True,True,7.1566,sustained_winner
long_2026-06-07T220000_BRUSDT,long,2026-06-07 22:00:00,BRUSDT,LONG_CONTINUATION,Fake Breakout,75,3.7197,4.4354,-5.4338,-0.0795,-2.4121,-0.5655,-0.5655,0.1042,12.0,False,False,-2.3326,underperformer
long_2026-06-08T000000_BSBUSDT,long,2026-06-08 00:00:00,BSBUSDT,LONG_CONTINUATION,Fake Breakout,90,24.4426,28.3692,-7.4681,10.734,11.9802,-5.9181,-5.9181,0.125,12.0,True,True,1.2462,sustained_winner
long_2026-06-08T000000_BTWUSDT,long,2026-06-08 00:00:00,BTWUSDT,LONG_CONTINUATION,Slow Trend,480,56.4807,61.6885,-1.79,15.002,39.5856,24.9416,24.9416,0.6667,12.0,True,True,24.5836,sustained_winner
long_2026-06-08T000000_BEATUSDT,long,2026-06-08 00:00:00,BEATUSDT,LONG_CONTINUATION,Late Runner,630,44.275,45.0871,-1.1244,9.4841,25.6706,30.7636,30.7636,0.875,12.0,True,True,16.1865,sustained_winner
long_2026-06-08T000000_WLDUSDT,long,2026-06-08 00:00:00,WLDUSDT,LONG_CONTINUATION,Fake Breakout,30,5.1102,5.7284,-5.9551,0.5564,-2.1636,-0.783,-0.783,0.0417,12.0,False,False,-2.72,underperformer
long_2026-06-08T000000_ZESTUSDT,long,2026-06-08 00:00:00,ZESTUSDT,LONG_CONTINUATION,Fake Breakout,90,4.4364,4.9351,-4.0737,4.4224,-0.994,-2.5391,-2.5391,0.125,12.0,True,False,-5.4164,winner_2h_fade_6h
long_2026-06-08T020000_ESPORTSUSDT,long,2026-06-08 02:00:00,ESPORTSUSDT,LONG_CONTINUATION,Late Runner,600,32.0945,36.3622,-2.2362,6.9134,15.4961,15.2441,15.2441,0.8333,12.0,True,True,8.5827,sustained_winner
long_2026-06-08T020000_STGUSDT,long,2026-06-08 02:00:00,STGUSDT,LONG_CONTINUATION,Fake Breakout,45,6.1159,7.3482,-3.6513,0.4108,-0.5021,0.7303,0.7303,0.0625,12.0,False,False,-0.9129,underperformer
long_2026-06-08T020000_EPICUSDT,long,2026-06-08 02:00:00,EPICUSDT,LONG_CONTINUATION,Fake Breakout,540,15.1127,20.1745,-20.0,0.9455,1.6727,-13.6873,-13.6873,0.75,12.0,False,False,0.7272,underperformer
long_2026-06-08T020000_MYXUSDT,long,2026-06-08 02:00:00,MYXUSDT,LONG_CONTINUATION,Slow Trend,510,15.3747,16.0637,-1.5504,4.6081,11.5848,3.23,3.23,0.7083,12.0,True,True,6.9767,sustained_winner
long_2026-06-08T020000_BTWUSDT,long,2026-06-08 02:00:00,BTWUSDT,LONG_CONTINUATION,Fake Breakout,360,33.763,38.2146,-8.5541,9.2364,33.763,-1.0027,-1.0027,0.5,12.0,True,True,24.5266,sustained_winner
long_2026-06-08T040000_ESPORTSUSDT,long,2026-06-08 04:00:00,ESPORTSUSDT,LONG_CONTINUATION,Late Runner,720,59.651,63.7379,-0.0306,13.5619,21.246,59.651,59.651,1.0,12.0,True,True,7.6841,sustained_winner
long_2026-06-08T040000_SIRENUSDT,long,2026-06-08 04:00:00,SIRENUSDT,LONG_CONTINUATION,Fake Breakout,180,11.5678,12.5722,-5.3151,5.65,7.8513,-1.5401,-1.5401,0.25,12.0,True,True,2.2013,sustained_winner
long_2026-06-08T040000_ALLOUSDT,long,2026-06-08 04:00:00,ALLOUSDT,LONG_CONTINUATION,Late Runner,720,37.2088,39.8821,-1.2449,2.8337,10.1523,37.2088,37.2088,1.0,12.0,False,True,7.3186,loser_2h_runner_6h
long_2026-06-08T040000_BEATUSDT,long,2026-06-08 04:00:00,BEATUSDT,LONG_CONTINUATION,Late Runner,720,36.5627,38.2161,-1.6179,10.4437,17.2641,36.5627,36.5627,1.0,12.0,True,True,6.8204,sustained_winner
long_2026-06-08T040000_VELVETUSDT,long,2026-06-08 04:00:00,VELVETUSDT,LONG_CONTINUATION,Late Runner,660,12.6092,14.281,-1.5845,3.8218,6.4501,9.6024,9.6024,0.9167,12.0,True,True,2.6283,sustained_winner
long_2026-06-08T060000_GENIUSUSDT,long,2026-06-08 06:00:00,GENIUSUSDT,LONG_CONTINUATION,Unclassified,60,9.2036,10.0987,-0.3902,5.3707,4.2919,1.9509,1.9509,0.0833,12.0,True,True,-1.0788,sustained_winner
long_2026-06-08T060000_BANUSDT,long,2026-06-08 06:00:00,BANUSDT,LONG_CONTINUATION,Delayed Breakout,75,8.1983,10.3911,-1.6899,2.8771,5.1816,3.8268,3.8268,0.1042,12.0,False,True,2.3045,loser_2h_runner_6h
long_2026-06-08T060000_BTWUSDT,long,2026-06-08 06:00:00,BTWUSDT,LONG_CONTINUATION,Fake Breakout,120,12.263,15.9992,-32.0149,12.263,-10.3639,-30.835,-30.835,0.1667,12.0,True,False,-22.6269,winner_2h_fade_6h
long_2026-06-08T060000_SIRENUSDT,long,2026-06-08 06:00:00,SIRENUSDT,LONG_CONTINUATION,Fake Breakout,60,6.9657,7.9287,-9.2208,4.7829,5.3046,-4.7829,-4.7829,0.0833,12.0,True,True,0.5217,sustained_winner
long_2026-06-08T060000_NXPCUSDT,long,2026-06-08 06:00:00,NXPCUSDT,LONG_CONTINUATION,Late Runner,705,4.9417,5.4635,-0.1228,1.7802,3.4377,4.6041,4.6041,0.9792,12.0,False,True,1.6575,loser_2h_runner_6h
long_2026-06-08T080000_BSBUSDT,long,2026-06-08 08:00:00,BSBUSDT,LONG_CONTINUATION,Late Runner,630,7.5938,11.1295,-15.1303,2.3571,-12.9611,3.7746,3.7746,0.875,12.0,False,False,-15.3182,underperformer
long_2026-06-08T080000_NXPCUSDT,long,2026-06-08 08:00:00,NXPCUSDT,LONG_CONTINUATION,Late Runner,690,5.5386,6.2118,-0.1224,0.918,3.6108,4.5594,4.5594,0.9583,12.0,False,True,2.6928,loser_2h_runner_6h
long_2026-06-08T080000_OGUSDT,long,2026-06-08 08:00:00,OGUSDT,LONG_CONTINUATION,Unclassified,15,1.5032,2.0043,-4.5812,-1.2885,-4.0802,-3.6865,-3.6865,0.0208,12.0,False,False,-2.7917,underperformer
long_2026-06-08T080000_AIAUSDT,long,2026-06-08 08:00:00,AIAUSDT,LONG_CONTINUATION,Unclassified,90,1.7318,2.2796,-3.4989,-0.2121,-3.2161,1.6964,1.6964,0.125,12.0,False,False,-3.004,underperformer
long_2026-06-08T080000_ALLOUSDT,long,2026-06-08 08:00:00,ALLOUSDT,LONG_CONTINUATION,Late Runner,720,65.1188,70.0784,-3.4957,2.1199,14.1317,65.1188,65.1188,1.0,12.0,False,True,12.0118,loser_2h_runner_6h
long_2026-06-08T100000_EPICUSDT,long,2026-06-08 10:00:00,EPICUSDT,LONG_CONTINUATION,Fake Breakout,60,12.6388,17.5918,-30.5437,-15.7131,-17.2644,-24.2528,-24.2528,0.0833,12.0,False,False,-1.5513,underperformer
long_2026-06-08T100000_ESPORTSUSDT,long,2026-06-08 10:00:00,ESPORTSUSDT,LONG_CONTINUATION,Fake Breakout,375,49.8656,52.2468,-33.6833,7.387,33.5296,-28.5239,-28.5239,0.5208,12.0,True,True,26.1426,sustained_winner
long_2026-06-08T100000_ALLOUSDT,long,2026-06-08 10:00:00,ALLOUSDT,LONG_CONTINUATION,Late Runner,600,54.4035,59.0412,-5.078,8.2417,18.9486,21.4564,21.4564,0.8333,12.0,True,True,10.7069,sustained_winner
long_2026-06-08T100000_BEATUSDT,long,2026-06-08 10:00:00,BEATUSDT,LONG_CONTINUATION,V-Reversal,690,21.0258,24.9293,-10.5654,-4.1351,13.9193,18.305,18.305,0.9583,12.0,False,True,18.0544,loser_2h_runner_6h
long_2026-06-08T100000_MYXUSDT,long,2026-06-08 10:00:00,MYXUSDT,LONG_CONTINUATION,Late Runner,615,11.5589,13.0418,-11.2928,-4.2966,-7.3004,4.9049,4.9049,0.8542,12.0,False,False,-3.0038,underperformer
long_2026-06-08T120000_HEIUSDT,long,2026-06-08 12:00:00,HEIUSDT,LONG_CONTINUATION,Slow Trend,285,12.338,15.143,-2.1457,0.9499,6.4819,7.0295,7.0295,0.3958,12.0,False,True,5.532,loser_2h_runner_6h
long_2026-06-08T120000_RAVEUSDT,long,2026-06-08 12:00:00,RAVEUSDT,LONG_CONTINUATION,Delayed Breakout,570,4.5874,5.1933,-2.2216,-1.0387,1.6157,3.6642,3.6642,0.7917,12.0,False,False,2.6544,underperformer
long_2026-06-08T120000_BEATUSDT,long,2026-06-08 12:00:00,BEATUSDT,LONG_CONTINUATION,Late Runner,570,28.0709,32.2016,-1.833,11.8447,23.0622,24.2054,24.2054,0.7917,12.0,True,True,11.2175,sustained_winner
long_2026-06-08T120000_GUAUSDT,long,2026-06-08 12:00:00,GUAUSDT,LONG_CONTINUATION,Fake Breakout,15,2.6982,3.8605,-7.7626,-2.8366,-3.058,-5.9222,-5.9222,0.0208,12.0,False,False,-0.2214,underperformer
long_2026-06-08T120000_AIOUSDT,long,2026-06-08 12:00:00,AIOUSDT,LONG_CONTINUATION,Fake Breakout,60,2.3318,3.2093,-8.1004,2.0799,-1.3081,-5.9474,-5.9474,0.0833,12.0,False,False,-3.388,underperformer
long_2026-06-08T140000_BEATUSDT,long,2026-06-08 14:00:00,BEATUSDT,LONG_CONTINUATION,Continuous Trend,450,15.2126,18.9286,-2.1362,8.4475,9.1604,9.7066,9.7066,0.625,12.0,True,True,0.7129,sustained_winner
long_2026-06-08T140000_PROVEUSDT,long,2026-06-08 14:00:00,PROVEUSDT,LONG_CONTINUATION,Fake Breakout,15,5.4292,6.4116,-5.7394,2.2751,-5.0155,-3.4126,-3.4126,0.0208,12.0,False,False,-7.2906,underperformer
long_2026-06-08T140000_GWEIUSDT,long,2026-06-08 14:00:00,GWEIUSDT,LONG_CONTINUATION,Late Runner,720,25.7352,25.7506,-0.4157,6.4819,9.0377,25.7352,25.7352,1.0,12.0,True,True,2.5558,sustained_winner
long_2026-06-08T140000_DEXEUSDT,long,2026-06-08 14:00:00,DEXEUSDT,LONG_CONTINUATION,Late Runner,555,8.4345,9.0783,-1.4822,1.8434,4.4372,6.1834,6.1834,0.7708,12.0,False,True,2.5938,loser_2h_runner_6h
long_2026-06-08T140000_PLAYUSDT,long,2026-06-08 14:00:00,PLAYUSDT,LONG_CONTINUATION,Late Runner,600,3.8313,4.0964,-0.4217,1.6627,1.4699,1.6024,1.6024,0.8333,12.0,False,False,-0.1928,underperformer
long_2026-06-08T160000_ESPORTSUSDT,long,2026-06-08 16:00:00,ESPORTSUSDT,LONG_CONTINUATION,Fake Breakout,15,37.2655,39.4465,-40.5722,-15.0446,-34.5333,-18.879,-18.879,0.0208,12.0,False,False,-19.4887,underperformer
long_2026-06-08T160000_SKYAIUSDT,long,2026-06-08 16:00:00,SKYAIUSDT,LONG_CONTINUATION,Fake Breakout,60,13.6995,17.9946,-11.6238,9.5601,-0.8143,-3.2532,-3.2532,0.0833,12.0,True,False,-10.3744,winner_2h_fade_6h
long_2026-06-08T160000_ALLOUSDT,long,2026-06-08 16:00:00,ALLOUSDT,LONG_CONTINUATION,Fake Breakout,240,30.0926,34.0001,-10.2654,10.2295,2.333,-6.0731,-6.0731,0.3333,12.0,True,False,-7.8965,winner_2h_fade_6h
long_2026-06-08T160000_HEIUSDT,long,2026-06-08 16:00:00,HEIUSDT,LONG_CONTINUATION,Immediate Explosion,45,11.5031,14.2873,-1.1093,5.6905,2.7066,1.4309,1.4309,0.0625,12.0,True,False,-2.9839,winner_2h_fade_6h
long_2026-06-08T160000_VVVUSDT,long,2026-06-08 16:00:00,VVVUSDT,LONG_CONTINUATION,Slow Trend,465,7.8541,8.8373,-1.1017,1.9783,1.5222,4.1817,4.1817,0.6458,12.0,False,False,-0.4561,underperformer
long_2026-06-08T180000_VELVETUSDT,long,2026-06-08 18:00:00,VELVETUSDT,LONG_CONTINUATION,Slow Trend,480,42.0526,48.0266,-0.9783,20.1205,40.9478,14.9239,14.9239,0.6667,12.0,True,True,20.8273,sustained_winner
long_2026-06-08T180000_MYXUSDT,long,2026-06-08 18:00:00,MYXUSDT,LONG_CONTINUATION,Slow Trend,135,19.9019,21.4957,-0.7765,18.6759,16.1831,10.1349,10.1349,0.1875,12.0,True,True,-2.4928,sustained_winner
long_2026-06-08T180000_AIOTUSDT,long,2026-06-08 18:00:00,AIOTUSDT,LONG_CONTINUATION,Slow Trend,360,9.1117,11.2306,-1.2388,4.0913,9.1117,1.7278,1.7278,0.5,12.0,True,True,5.0204,sustained_winner
long_2026-06-08T180000_EVAAUSDT,long,2026-06-08 18:00:00,EVAAUSDT,LONG_CONTINUATION,Fake Breakout,45,5.0179,5.5969,-2.6744,2.2333,2.316,-0.4687,-0.4687,0.0625,12.0,False,False,0.0827,underperformer
long_2026-06-08T180000_ZBTUSDT,long,2026-06-08 18:00:00,ZBTUSDT,LONG_CONTINUATION,Slow Trend,210,12.5492,13.3681,-0.0161,9.3135,5.9574,7.5151,7.5151,0.2917,12.0,True,True,-3.3561,sustained_winner
long_2026-06-08T200000_BTWUSDT,long,2026-06-08 20:00:00,BTWUSDT,LONG_CONTINUATION,Unclassified,90,13.9684,15.2601,-4.6561,8.6829,7.7371,12.1243,12.1243,0.125,12.0,True,True,-0.9458,sustained_winner
long_2026-06-08T200000_BEATUSDT,long,2026-06-08 20:00:00,BEATUSDT,LONG_CONTINUATION,Fake Breakout,90,8.3416,11.8359,-3.0386,5.9059,3.164,0.4727,0.4727,0.125,12.0,True,True,-2.7419,sustained_winner
long_2026-06-08T200000_VELVETUSDT,long,2026-06-08 20:00:00,VELVETUSDT,LONG_CONTINUATION,Fake Breakout,360,20.7297,25.807,-3.7021,3.7052,20.7297,-0.4711,-0.4711,0.5,12.0,True,True,17.0245,sustained_winner
long_2026-06-08T200000_STGUSDT,long,2026-06-08 20:00:00,STGUSDT,LONG_CONTINUATION,Late Runner,600,9.9265,10.1716,-0.5719,4.8611,5.433,7.3938,7.3938,0.8333,12.0,True,True,0.5719,sustained_winner
long_2026-06-08T200000_DEXEUSDT,long,2026-06-08 20:00:00,DEXEUSDT,LONG_CONTINUATION,Fake Breakout,195,4.4947,5.1152,-4.8518,1.9639,2.3255,-4.151,-4.151,0.2708,12.0,False,False,0.3616,underperformer
long_2026-06-08T220000_ALLOUSDT,long,2026-06-08 22:00:00,ALLOUSDT,LONG_CONTINUATION,Fake Breakout,45,13.5819,14.3545,-11.9405,5.7601,-7.8265,-3.8346,-3.8346,0.0625,12.0,True,False,-13.5866,winner_2h_fade_6h
long_2026-06-08T220000_BTWUSDT,long,2026-06-08 22:00:00,BTWUSDT,LONG_CONTINUATION,Late Runner,585,8.5844,9.7268,-8.5511,6.4997,7.7755,5.024,5.024,0.8125,12.0,True,True,1.2758,sustained_winner
long_2026-06-08T220000_VELVETUSDT,long,2026-06-08 22:00:00,VELVETUSDT,LONG_CONTINUATION,Fake Breakout,240,17.7189,22.6695,-5.6936,16.8033,-1.5721,-2.7435,-2.7435,0.3333,12.0,True,False,-18.3754,winner_2h_fade_6h
long_2026-06-08T220000_MUSDT,long,2026-06-08 22:00:00,MUSDT,LONG_CONTINUATION,Fake Breakout,255,4.7543,5.5868,-1.784,1.4047,2.5748,-1.3533,-1.3533,0.3542,12.0,False,False,1.1701,underperformer
long_2026-06-08T220000_POWERUSDT,long,2026-06-08 22:00:00,POWERUSDT,LONG_CONTINUATION,Continuous Trend,465,18.2873,19.9009,-0.3255,9.9788,12.9087,16.1642,16.1642,0.6458,12.0,True,True,2.9299,sustained_winner
long_2026-06-09T000000_POWERUSDT,long,2026-06-09 00:00:00,POWERUSDT,LONG_CONTINUATION,Slow Trend,345,14.8255,16.3919,-0.0412,9.7966,14.0286,12.7508,12.7508,0.4792,12.0,True,True,4.232,sustained_winner
long_2026-06-09T000000_EDGEUSDT,long,2026-06-09 00:00:00,EDGEUSDT,LONG_CONTINUATION,Fake Breakout,30,8.8316,8.9372,-15.4447,-1.1198,-1.5846,-15.2969,-15.2969,0.0417,12.0,False,False,-0.4648,underperformer
long_2026-06-09T000000_BERAUSDT,long,2026-06-09 00:00:00,BERAUSDT,LONG_CONTINUATION,Fake Breakout,30,4.5161,6.5275,-5.8824,0.759,0.9488,-5.2372,-5.2372,0.0417,12.0,False,False,0.1898,underperformer
long_2026-06-09T000000_TONUSDT,long,2026-06-09 00:00:00,TONUSDT,LONG_CONTINUATION,Fake Breakout,180,4.7152,4.9356,-3.2537,1.0672,3.1957,-0.7192,-0.7192,0.25,12.0,False,True,2.1285,loser_2h_runner_6h
long_2026-06-09T000000_ORCAUSDT,long,2026-06-09 00:00:00,ORCAUSDT,LONG_CONTINUATION,Unclassified,0,2.277,2.8463,-3.8899,0.6641,1.7078,-3.7002,-3.7002,0.0,12.0,False,False,1.0437,underperformer
long_2026-06-09T020000_WLDUSDT,long,2026-06-09 02:00:00,WLDUSDT,LONG_CONTINUATION,Fake Breakout,105,14.7176,15.2347,-4.9324,11.4956,-0.7359,-0.5768,-0.5768,0.1458,12.0,True,False,-12.2315,winner_2h_fade_6h
long_2026-06-09T020000_BSBUSDT,long,2026-06-09 02:00:00,BSBUSDT,LONG_CONTINUATION,Unclassified,60,6.8416,8.548,-5.5456,3.7904,0.5047,5.4707,5.4707,0.0833,12.0,True,False,-3.2857,winner_2h_fade_6h
long_2026-06-09T020000_ENSOUSDT,long,2026-06-09 02:00:00,ENSOUSDT,LONG_CONTINUATION,Fake Breakout,45,4.2634,4.7777,-3.2017,1.0119,0.9954,-1.8082,-1.8082,0.0625,12.0,False,False,-0.0165,underperformer
long_2026-06-09T020000_GWEIUSDT,long,2026-06-09 02:00:00,GWEIUSDT,LONG_CONTINUATION,Late Runner,720,11.9324,12.4272,-4.1654,1.8541,6.9402,11.9324,11.9324,1.0,12.0,False,True,5.0861,loser_2h_runner_6h
long_2026-06-09T020000_LIGHTUSDT,long,2026-06-09 02:00:00,LIGHTUSDT,LONG_CONTINUATION,Late Runner,720,6.7708,7.2049,-3.2118,3.4722,4.6007,6.7708,6.7708,1.0,12.0,True,True,1.1285,sustained_winner
long_2026-06-09T040000_CUSDT,long,2026-06-09 04:00:00,CUSDT,LONG_CONTINUATION,Late Runner,600,7.6252,8.2071,-0.1505,2.2675,2.1672,4.9162,4.9162,0.8333,12.0,False,False,-0.1003,underperformer
long_2026-06-09T040000_HEIUSDT,long,2026-06-09 04:00:00,HEIUSDT,LONG_CONTINUATION,Fake Breakout,90,5.3426,6.9185,-8.3492,3.096,-3.1519,-1.2853,-1.2853,0.125,12.0,True,False,-6.2479,winner_2h_fade_6h
long_2026-06-09T040000_SIRENUSDT,long,2026-06-09 04:00:00,SIRENUSDT,LONG_CONTINUATION,Late Runner,630,8.9404,14.5772,-4.1231,1.865,-1.3632,2.417,2.417,0.875,12.0,False,False,-3.2282,underperformer
long_2026-06-09T040000_COMPUSDT,long,2026-06-09 04:00:00,COMPUSDT,LONG_CONTINUATION,Unclassified,90,5.8691,6.377,-1.4673,5.8126,2.088,1.3544,1.3544,0.125,12.0,True,False,-3.7246,winner_2h_fade_6h
long_2026-06-09T040000_UBUSDT,long,2026-06-09 04:00:00,UBUSDT,LONG_CONTINUATION,Fake Breakout,90,3.7888,4.5338,-7.1692,2.7315,0.0881,-2.4672,-2.4672,0.125,12.0,False,False,-2.6434,underperformer
long_2026-06-09T060000_CCUSDT,long,2026-06-09 06:00:00,CCUSDT,LONG_CONTINUATION,Unclassified,30,1.7719,3.1473,-2.441,1.2453,1.1214,1.0284,1.0284,0.0417,12.0,False,False,-0.1239,underperformer
long_2026-06-09T060000_MYXUSDT,long,2026-06-09 06:00:00,MYXUSDT,LONG_CONTINUATION,Fake Breakout,105,3.6732,4.4603,-9.033,3.6732,-4.9475,0.4873,0.4873,0.1458,12.0,True,False,-8.6207,winner_2h_fade_6h
long_2026-06-09T060000_FOLKSUSDT,long,2026-06-09 06:00:00,FOLKSUSDT,LONG_CONTINUATION,Delayed Breakout,675,7.6093,8.9722,-3.1232,-0.3975,1.5332,1.2493,1.2493,0.9375,12.0,False,False,1.9307,underperformer
long_2026-06-09T060000_GWEIUSDT,long,2026-06-09 06:00:00,GWEIUSDT,LONG_CONTINUATION,Delayed Breakout,510,8.0264,8.6324,-5.6262,1.4318,0.6832,6.5114,6.5114,0.7083,12.0,False,False,-0.7486,underperformer
long_2026-06-09T060000_WLDUSDT,long,2026-06-09 06:00:00,WLDUSDT,LONG_CONTINUATION,Fake Breakout,0,0.2202,3.1927,-12.2936,-8.422,-9.9266,-6.422,-6.422,0.0,12.0,False,False,-1.5046,underperformer
long_2026-06-09T080000_ESPORTSUSDT,long,2026-06-09 08:00:00,ESPORTSUSDT,LONG_CONTINUATION,Late Runner,630,22.2724,23.7685,-9.9224,1.3126,12.1948,15.9915,15.9915,0.875,12.0,False,True,10.8822,loser_2h_runner_6h
long_2026-06-09T080000_POWERUSDT,long,2026-06-09 08:00:00,POWERUSDT,LONG_CONTINUATION,V-Reversal,720,17.2209,20.4352,-2.3612,1.4588,11.1386,17.2209,17.2209,1.0,12.0,False,True,9.6798,loser_2h_runner_6h
long_2026-06-09T080000_ZESTUSDT,long,2026-06-09 08:00:00,ZESTUSDT,LONG_CONTINUATION,Fake Breakout,375,21.2647,23.9166,-3.0378,3.6043,16.1981,-2.4536,-2.4536,0.5208,12.0,True,True,12.5938,sustained_winner
long_2026-06-09T080000_GUAUSDT,long,2026-06-09 08:00:00,GUAUSDT,LONG_CONTINUATION,Late Runner,720,6.6602,7.851,-4.3478,-2.4924,0.0138,6.6602,6.6602,1.0,12.0,False,False,2.5062,underperformer
long_2026-06-09T080000_LIGHTUSDT,long,2026-06-09 08:00:00,LIGHTUSDT,LONG_CONTINUATION,Fake Breakout,465,3.7531,5.171,-7.0058,-5.3378,2.5855,-3.8365,-3.8365,0.6458,12.0,False,False,7.9233,underperformer
long_2026-06-09T100000_ALLOUSDT,long,2026-06-09 10:00:00,ALLOUSDT,LONG_CONTINUATION,Continuous Trend,510,18.1319,20.5885,-7.4876,6.0199,8.8494,9.2272,9.2272,0.7083,12.0,True,True,2.8295,sustained_winner
long_2026-06-09T100000_MEUSDT,long,2026-06-09 10:00:00,MEUSDT,LONG_CONTINUATION,Fake Breakout,60,6.2889,7.7629,-3.7832,-2.2109,-1.8834,-2.1291,-2.1291,0.0833,12.0,False,False,0.3275,underperformer
long_2026-06-09T100000_SLXUSDT,long,2026-06-09 10:00:00,SLXUSDT,LONG_CONTINUATION,Slow Trend,405,37.6588,42.244,-0.7793,8.3218,26.2731,20.5722,20.5722,0.5625,12.0,True,True,17.9513,sustained_winner
long_2026-06-09T100000_ZESTUSDT,long,2026-06-09 10:00:00,ZESTUSDT,LONG_CONTINUATION,Fake Breakout,255,19.4545,22.0668,-6.815,3.3587,3.6063,-4.6212,-4.6212,0.3542,12.0,True,True,0.2476,sustained_winner
long_2026-06-09T100000_GUAUSDT,long,2026-06-09 10:00:00,GUAUSDT,LONG_CONTINUATION,Delayed Breakout,630,10.1983,10.9207,-0.8499,2.0397,7.6062,4.745,4.745,0.875,12.0,False,True,5.5665,loser_2h_runner_6h
long_2026-06-09T120000_ESPORTSUSDT,long,2026-06-09 12:00:00,ESPORTSUSDT,LONG_CONTINUATION,Slow Trend,390,24.54,26.0638,-0.2875,14.2754,20.6297,4.1834,4.1834,0.5417,12.0,True,True,6.3543,sustained_winner
long_2026-06-09T120000_PLAYUSDT,long,2026-06-09 12:00:00,PLAYUSDT,LONG_CONTINUATION,Late Runner,600,30.877,32.4921,-0.0252,5.3754,6.3722,30.3218,30.3218,0.8333,12.0,True,True,0.9968,sustained_winner
long_2026-06-09T120000_LIGHTUSDT,long,2026-06-09 12:00:00,LIGHTUSDT,LONG_CONTINUATION,Fake Breakout,225,8.6463,10.131,-8.0349,7.4236,4.9782,-5.0655,-5.0655,0.3125,12.0,True,True,-2.4454,sustained_winner
long_2026-06-09T120000_GUAUSDT,long,2026-06-09 12:00:00,GUAUSDT,LONG_CONTINUATION,Delayed Breakout,510,10.0269,10.7481,-5.1054,2.1496,6.562,2.1496,2.1496,0.7083,12.0,False,True,4.4124,loser_2h_runner_6h
long_2026-06-09T120000_BSBUSDT,long,2026-06-09 12:00:00,BSBUSDT,LONG_CONTINUATION,Late Runner,645,17.5578,20.9996,-2.3066,6.5743,0.1678,2.6192,2.6192,0.8958,12.0,True,False,-6.4065,winner_2h_fade_6h
long_2026-06-09T140000_SLXUSDT,long,2026-06-09 14:00:00,SLXUSDT,LONG_CONTINUATION,Slow Trend,165,28.3737,32.6497,-1.2594,17.756,11.1902,16.8699,16.8699,0.2292,12.0,True,True,-6.5658,sustained_winner
long_2026-06-09T140000_GWEIUSDT,long,2026-06-09 14:00:00,GWEIUSDT,LONG_CONTINUATION,Fake Breakout,30,6.5764,7.1743,-4.5132,5.1814,2.8545,-1.0726,-1.0726,0.0417,12.0,True,False,-2.3269,winner_2h_fade_6h
long_2026-06-09T140000_AIOTUSDT,long,2026-06-09 14:00:00,AIOTUSDT,LONG_CONTINUATION,Slow Trend,345,12.3942,13.257,-0.3318,4.231,11.4817,5.3924,5.3924,0.4792,12.0,True,True,7.2507,sustained_winner
long_2026-06-09T140000_SIRENUSDT,long,2026-06-09 14:00:00,SIRENUSDT,LONG_CONTINUATION,Fake Breakout,30,11.1054,16.8543,-28.3521,4.4524,4.4183,-23.6353,-23.6353,0.0417,12.0,True,True,-0.0341,sustained_winner
long_2026-06-09T140000_ZESTUSDT,long,2026-06-09 14:00:00,ZESTUSDT,LONG_CONTINUATION,Fake Breakout,15,5.7784,8.0917,-18.756,-8.2554,-14.9109,-16.6188,-16.6188,0.0208,12.0,False,False,-6.6555,underperformer
long_2026-06-09T160000_SLXUSDT,long,2026-06-09 16:00:00,SLXUSDT,LONG_CONTINUATION,Fake Breakout,45,13.8537,17.646,-3.6952,8.9621,-0.2781,0.1104,0.1104,0.0625,12.0,True,False,-9.2402,winner_2h_fade_6h
long_2026-06-09T160000_HEIUSDT,long,2026-06-09 16:00:00,HEIUSDT,LONG_CONTINUATION,Slow Trend,120,9.423,16.275,-1.0005,9.423,3.5482,2.1173,2.1173,0.1667,12.0,True,True,-5.8748,sustained_winner
long_2026-06-09T160000_ESPORTSUSDT,long,2026-06-09 16:00:00,ESPORTSUSDT,LONG_CONTINUATION,Late Runner,720,13.2987,13.7037,-12.5648,6.1749,1.2147,13.2987,13.2987,1.0,12.0,True,False,-4.9602,winner_2h_fade_6h
long_2026-06-09T160000_OPGUSDT,long,2026-06-09 16:00:00,OPGUSDT,LONG_CONTINUATION,Unclassified,105,5.4305,5.894,-2.9139,2.7152,1.6556,1.3907,1.3907,0.1458,12.0,False,False,-1.0596,underperformer
long_2026-06-09T160000_STARUSDT,long,2026-06-09 16:00:00,STARUSDT,LONG_CONTINUATION,Fake Breakout,45,5.0109,6.2545,-5.8621,-0.1328,2.7952,-2.427,-2.427,0.0625,12.0,False,False,2.928,underperformer
long_2026-06-09T180000_VELVETUSDT,long,2026-06-09 18:00:00,VELVETUSDT,LONG_CONTINUATION,Slow Trend,360,32.8807,35.2181,-2.9125,13.757,32.8807,12.0516,12.0516,0.5,12.0,True,True,19.1237,sustained_winner
long_2026-06-09T180000_CUSDT,long,2026-06-09 18:00:00,CUSDT,LONG_CONTINUATION,Fake Breakout,0,4.84,6.3265,-18.1365,1.142,-11.2571,-15.0005,-15.0005,0.0,12.0,False,False,-12.3991,underperformer
long_2026-06-09T180000_ALLOUSDT,long,2026-06-09 18:00:00,ALLOUSDT,LONG_CONTINUATION,Fake Breakout,30,4.1514,6.3172,-14.0387,-2.9147,-1.7479,-11.8156,-11.8156,0.0417,12.0,False,False,1.1668,underperformer
long_2026-06-09T180000_AIOTUSDT,long,2026-06-09 18:00:00,AIOTUSDT,LONG_CONTINUATION,Fake Breakout,105,7.8491,8.677,-1.9583,6.9734,1.003,-0.8757,-0.8757,0.1458,12.0,True,False,-5.9704,winner_2h_fade_6h
long_2026-06-09T180000_NMRUSDT,long,2026-06-09 18:00:00,NMRUSDT,LONG_CONTINUATION,Fake Breakout,45,2.6836,3.5084,-2.8113,0.9294,-1.4289,-1.1036,-1.1036,0.0625,12.0,False,False,-2.3583,underperformer
long_2026-06-09T200000_BTWUSDT,long,2026-06-09 20:00:00,BTWUSDT,LONG_CONTINUATION,Late Runner,720,48.3531,54.3608,-0.8543,9.2568,24.0651,48.3531,48.3531,1.0,12.0,True,True,14.8083,sustained_winner
long_2026-06-09T200000_PLAYUSDT,long,2026-06-09 20:00:00,PLAYUSDT,LONG_CONTINUATION,Continuous Trend,450,11.0001,11.5769,-7.045,6.8287,7.1686,8.3737,8.3737,0.625,12.0,True,True,0.3399,sustained_winner
long_2026-06-09T200000_BSBUSDT,long,2026-06-09 20:00:00,BSBUSDT,LONG_CONTINUATION,Fake Breakout,165,10.2413,13.4689,-14.9253,1.6292,-4.8229,-12.0557,-12.0557,0.2292,12.0,False,False,-6.4521,underperformer
long_2026-06-09T200000_POWERUSDT,long,2026-06-09 20:00:00,POWERUSDT,LONG_CONTINUATION,Fake Breakout,135,8.5222,11.1927,-13.0971,6.4581,-9.7244,-8.5328,-8.5328,0.1875,12.0,True,False,-16.1825,winner_2h_fade_6h
long_2026-06-09T200000_VELVETUSDT,long,2026-06-09 20:00:00,VELVETUSDT,LONG_CONTINUATION,Slow Trend,240,18.8606,20.9514,-11.8573,9.0254,2.3659,3.6494,3.6494,0.3333,12.0,True,False,-6.6595,winner_2h_fade_6h
long_2026-06-09T220000_BSBUSDT,long,2026-06-09 22:00:00,BSBUSDT,LONG_CONTINUATION,Fake Breakout,45,10.6716,13.9118,-17.6011,-3.392,-6.8645,-15.2438,-15.2438,0.0625,12.0,False,False,-3.4725,underperformer
long_2026-06-09T220000_BTWUSDT,long,2026-06-09 22:00:00,BTWUSDT,LONG_CONTINUATION,Late Runner,720,84.6129,87.6474,-0.6159,11.6277,24.4808,84.6129,84.6129,1.0,12.0,True,True,12.8531,sustained_winner
long_2026-06-09T220000_EVAAUSDT,long,2026-06-09 22:00:00,EVAAUSDT,LONG_CONTINUATION,Late Runner,645,20.0568,21.7088,-2.349,1.7811,8.4667,15.3588,15.3588,0.8958,12.0,False,True,6.6856,loser_2h_runner_6h
long_2026-06-09T220000_STGUSDT,long,2026-06-09 22:00:00,STGUSDT,LONG_CONTINUATION,Late Runner,720,34.888,35.6959,-1.9464,6.6104,8.7771,34.888,34.888,1.0,12.0,True,True,2.1667,sustained_winner
long_2026-06-09T220000_BEATUSDT,long,2026-06-09 22:00:00,BEATUSDT,LONG_CONTINUATION,Late Runner,660,13.4887,16.8188,-4.4089,11.0596,10.0885,13.0066,13.0066,0.9167,12.0,True,True,-0.9711,sustained_winner
long_2026-06-10T000000_POWERUSDT,long,2026-06-10 00:00:00,POWERUSDT,LONG_CONTINUATION,Fake Breakout,30,7.5109,9.1151,-13.2264,-9.8587,-5.3224,-0.3718,-0.3718,0.0417,12.0,False,False,4.5363,underperformer
long_2026-06-10T000000_BASEDUSDT,long,2026-06-10 00:00:00,BASEDUSDT,LONG_CONTINUATION,Fake Breakout,45,3.4089,3.9796,-7.1933,-1.0212,-0.03,-6.0369,-6.0369,0.0625,12.0,False,False,0.9912,underperformer
long_2026-06-10T000000_ATOMUSDT,long,2026-06-10 00:00:00,ATOMUSDT,LONG_CONTINUATION,Delayed Breakout,585,3.091,3.6634,-2.0034,0.1145,2.5758,1.2021,1.2021,0.8125,12.0,False,False,2.4613,underperformer
long_2026-06-10T000000_BTWUSDT,long,2026-06-10 00:00:00,BTWUSDT,LONG_CONTINUATION,Late Runner,675,86.3194,94.5538,-2.6828,5.8502,19.9713,31.8341,31.8341,0.9375,12.0,True,True,14.1211,sustained_winner
long_2026-06-10T000000_INITUSDT,long,2026-06-10 00:00:00,INITUSDT,LONG_CONTINUATION,Fake Breakout,120,5.1416,6.6528,-3.9257,5.1416,0.5558,-2.3971,-2.3971,0.1667,12.0,True,False,-4.5858,winner_2h_fade_6h
long_2026-06-10T020000_BTWUSDT,long,2026-06-10 02:00:00,BTWUSDT,LONG_CONTINUATION,Late Runner,555,81.0101,89.0099,-1.9139,10.363,22.9656,29.6671,29.6671,0.7708,12.0,True,True,12.6026,sustained_winner
long_2026-06-10T020000_STGUSDT,long,2026-06-10 02:00:00,STGUSDT,LONG_CONTINUATION,Continuous Trend,510,35.8101,38.3835,-0.0362,7.3577,18.8837,24.6466,24.6466,0.7083,12.0,True,True,11.526,sustained_winner
long_2026-06-10T020000_PLAYUSDT,long,2026-06-10 02:00:00,PLAYUSDT,LONG_CONTINUATION,Fake Breakout,90,5.4604,6.0084,-10.363,3.8262,2.9651,-9.0126,-9.0126,0.125,12.0,True,False,-0.8611,winner_2h_fade_6h
long_2026-06-10T020000_ENAUSDT,long,2026-06-10 02:00:00,ENAUSDT,LONG_CONTINUATION,Slow Trend,225,5.2236,5.6568,-0.1274,3.4144,2.2678,1.7327,1.7327,0.3125,12.0,True,False,-1.1466,winner_2h_fade_6h
long_2026-06-10T020000_CRVUSDT,long,2026-06-10 02:00:00,CRVUSDT,LONG_CONTINUATION,Late Runner,615,3.0622,3.4137,-0.502,2.2088,1.004,2.6606,2.6606,0.8542,12.0,False,False,-1.2048,underperformer
long_2026-06-10T040000_OPNUSDT,long,2026-06-10 04:00:00,OPNUSDT,LONG_CONTINUATION,Slow Trend,525,12.4717,13.7188,-0.5669,4.7619,5.102,2.9478,2.9478,0.7292,12.0,True,True,0.3401,sustained_winner
long_2026-06-10T040000_BTWUSDT,long,2026-06-10 04:00:00,BTWUSDT,LONG_CONTINUATION,Slow Trend,435,66.4344,73.79,-0.0758,7.1673,50.4955,18.2308,18.2308,0.6042,12.0,True,True,43.3282,sustained_winner
long_2026-06-10T040000_STGUSDT,long,2026-06-10 04:00:00,STGUSDT,LONG_CONTINUATION,Late Runner,690,34.7057,37.0874,-0.5784,7.4855,24.9745,33.6169,33.6169,0.9583,12.0,True,True,17.489,sustained_winner
long_2026-06-10T040000_MORPHOUSDT,long,2026-06-10 04:00:00,MORPHOUSDT,LONG_CONTINUATION,Slow Trend,120,3.6766,4.2541,-0.7417,3.6766,2.0661,2.1032,2.1032,0.1667,12.0,True,False,-1.6105,winner_2h_fade_6h
long_2026-06-10T040000_RIFUSDT,long,2026-06-10 04:00:00,RIFUSDT,LONG_CONTINUATION,Unclassified,15,2.3002,2.6917,-6.1175,-0.5546,-2.969,-5.7259,-5.7259,0.0208,12.0,False,False,-2.4144,underperformer
long_2026-06-10T060000_BTWUSDT,long,2026-06-10 06:00:00,BTWUSDT,LONG_CONTINUATION,Slow Trend,315,64.7585,72.04,-1.082,11.9253,16.5782,9.3135,9.3135,0.4375,12.0,True,True,4.6529,sustained_winner
long_2026-06-10T060000_UBUSDT,long,2026-06-10 06:00:00,UBUSDT,LONG_CONTINUATION,Late Runner,720,13.3343,14.2942,-5.4858,1.2847,0.635,13.3343,13.3343,1.0,12.0,False,False,-0.6497,underperformer
long_2026-06-10T060000_INUSDT,long,2026-06-10 06:00:00,INUSDT,LONG_CONTINUATION,Fake Breakout,255,3.3764,3.6543,-4.0572,0.4168,-1.5701,-3.5292,-3.5292,0.3542,12.0,False,False,-1.9869,underperformer
long_2026-06-10T060000_EVAAUSDT,long,2026-06-10 06:00:00,EVAAUSDT,LONG_CONTINUATION,Fake Breakout,165,5.2501,6.6983,-9.7081,2.2856,-2.8966,-4.277,-4.277,0.2292,12.0,False,False,-5.1822,underperformer
long_2026-06-10T060000_UAIUSDT,long,2026-06-10 06:00:00,UAIUSDT,LONG_CONTINUATION,Delayed Breakout,645,16.0876,16.2613,-0.7992,1.3899,3.3009,10.4934,10.4934,0.8958,12.0,False,True,1.911,loser_2h_runner_6h
long_2026-06-10T080000_BTWUSDT,long,2026-06-10 08:00:00,BTWUSDT,LONG_CONTINUATION,Fake Breakout,195,48.0565,54.5999,-10.642,33.8776,6.0607,-1.6632,-1.6632,0.2708,12.0,True,True,-27.8169,sustained_winner
long_2026-06-10T080000_STGUSDT,long,2026-06-10 08:00:00,STGUSDT,LONG_CONTINUATION,Late Runner,600,30.6016,34.7452,-3.5912,12.7379,5.5556,28.5144,28.5144,0.8333,12.0,True,True,-7.1823,sustained_winner
long_2026-06-10T080000_EVAAUSDT,long,2026-06-10 08:00:00,EVAAUSDT,LONG_CONTINUATION,Fake Breakout,45,4.1891,5.6228,-12.7464,0.112,-9.0278,-11.9176,-11.9176,0.0625,12.0,False,False,-9.1398,underperformer
long_2026-06-10T080000_OPENUSDT,long,2026-06-10 08:00:00,OPENUSDT,LONG_CONTINUATION,Unclassified,60,2.2094,2.6897,-2.8338,1.2008,-1.1047,-2.3055,-2.3055,0.0833,12.0,False,False,-2.3055,underperformer
long_2026-06-10T080000_SAPIENUSDT,long,2026-06-10 08:00:00,SAPIENUSDT,LONG_CONTINUATION,Delayed Breakout,255,2.5726,2.9274,-2.6106,1.1279,-0.5069,-2.2938,-2.2938,0.3542,12.0,False,False,-1.6348,underperformer
long_2026-06-10T100000_BTWUSDT,long,2026-06-10 10:00:00,BTWUSDT,LONG_CONTINUATION,Fake Breakout,75,25.3819,30.9232,-24.327,-11.2835,-10.9319,-12.7146,-12.7146,0.1042,12.0,False,False,0.3516,underperformer
long_2026-06-10T100000_STGUSDT,long,2026-06-10 10:00:00,STGUSDT,LONG_CONTINUATION,Late Runner,690,27.7921,29.7158,-9.8191,-6.058,12.7476,20.557,20.557,0.9583,12.0,False,True,18.8056,loser_2h_runner_6h
long_2026-06-10T100000_STARUSDT,long,2026-06-10 10:00:00,STARUSDT,LONG_CONTINUATION,Fake Breakout,60,5.9214,6.452,-4.7033,2.7738,2.4723,-0.8864,-0.8864,0.0833,12.0,False,False,-0.3015,underperformer
long_2026-06-10T100000_POWERUSDT,long,2026-06-10 10:00:00,POWERUSDT,LONG_CONTINUATION,Fake Breakout,180,7.4329,8.0081,-6.2148,5.7749,0.0451,-3.7672,-3.7672,0.25,12.0,True,False,-5.7298,winner_2h_fade_6h
long_2026-06-10T100000_CLOUSDT,long,2026-06-10 10:00:00,CLOUSDT,LONG_CONTINUATION,Immediate Explosion,30,4.8618,6.2535,-5.5482,3.3289,4.1377,3.3948,3.3948,0.0417,12.0,True,True,0.8088,sustained_winner
long_2026-06-10T120000_OPNUSDT,long,2026-06-10 12:00:00,OPNUSDT,LONG_CONTINUATION,Immediate Explosion,45,5.6443,6.8158,-10.3301,-3.8339,-2.5559,4.6858,4.6858,0.0625,12.0,False,False,1.278,underperformer
long_2026-06-10T120000_CUSDT,long,2026-06-10 12:00:00,CUSDT,LONG_CONTINUATION,Slow Trend,435,6.1037,6.7928,-0.6782,4.4957,4.7911,3.2925,3.2925,0.6042,12.0,True,True,0.2954,sustained_winner
long_2026-06-10T120000_CLOUSDT,long,2026-06-10 12:00:00,CLOUSDT,LONG_CONTINUATION,Slow Trend,135,4.7202,6.4537,-0.4051,3.6367,3.4294,4.1643,4.1643,0.1875,12.0,True,True,-0.2073,sustained_winner
long_2026-06-10T120000_ONUSDT,long,2026-06-10 12:00:00,ONUSDT,LONG_CONTINUATION,Delayed Breakout,195,3.2458,4.0771,-3.8,1.9264,0.4486,1.0819,1.0819,0.2708,12.0,False,False,-1.4778,underperformer
long_2026-06-10T120000_PRLUSDT,long,2026-06-10 12:00:00,PRLUSDT,LONG_CONTINUATION,Unclassified,45,2.5626,2.9043,-1.139,-0.6834,-0.8542,0.5695,0.5695,0.0625,12.0,False,False,-0.1708,underperformer
long_2026-06-10T140000_STGUSDT,long,2026-06-10 14:00:00,STGUSDT,LONG_CONTINUATION,Continuous Trend,450,31.9988,33.9858,-1.1862,16.4591,24.1696,20.6406,20.6406,0.625,12.0,True,True,7.7105,sustained_winner
long_2026-06-10T140000_BTWUSDT,long,2026-06-10 14:00:00,BTWUSDT,LONG_CONTINUATION,Slow Trend,135,10.05,13.9077,-9.6383,6.357,-0.5587,3.8283,3.8283,0.1875,12.0,True,False,-6.9157,winner_2h_fade_6h
long_2026-06-10T140000_HUSDT,long,2026-06-10 14:00:00,HUSDT,LONG_CONTINUATION,Delayed Breakout,630,12.0033,16.3198,-9.8983,0.3666,1.1235,9.0823,9.0823,0.875,12.0,False,False,0.7569,underperformer
long_2026-06-10T140000_UBUSDT,long,2026-06-10 14:00:00,UBUSDT,LONG_CONTINUATION,Slow Trend,255,18.0487,18.9743,-0.3869,12.3359,7.0935,7.5184,7.5184,0.3542,12.0,True,True,-5.2424,sustained_winner
long_2026-06-10T140000_HEIUSDT,long,2026-06-10 14:00:00,HEIUSDT,LONG_CONTINUATION,Fake Breakout,225,5.3246,9.7675,-5.9201,4.4086,-2.5879,-3.5727,-3.5727,0.3125,12.0,True,False,-6.9965,winner_2h_fade_6h
long_2026-06-10T160000_ESPORTSUSDT,long,2026-06-10 16:00:00,ESPORTSUSDT,LONG_CONTINUATION,Unclassified,60,66.3167,75.7199,-0.9898,52.3245,54.0942,64.2022,64.2022,0.0833,12.0,True,True,1.7697,sustained_winner
long_2026-06-10T160000_IOUSDT,long,2026-06-10 16:00:00,IOUSDT,LONG_CONTINUATION,Late Runner,705,11.1995,11.5055,-0.612,2.754,3.4884,10.0979,10.0979,0.9792,12.0,False,True,0.7344,loser_2h_runner_6h
long_2026-06-10T160000_EPICUSDT,long,2026-06-10 16:00:00,EPICUSDT,LONG_CONTINUATION,Fake Breakout,30,4.7493,8.4011,-8.2308,-2.1003,-3.4437,-2.176,-2.176,0.0417,12.0,False,False,-1.3434,underperformer
long_2026-06-10T160000_WLFIUSDT,long,2026-06-10 16:00:00,WLFIUSDT,LONG_CONTINUATION,Late Runner,600,10.1454,11.5999,-0.0898,4.8124,5.6384,6.2668,6.2668,0.8333,12.0,True,True,0.826,sustained_winner
long_2026-06-10T160000_UAIUSDT,long,2026-06-10 16:00:00,UAIUSDT,LONG_CONTINUATION,Delayed Breakout,720,10.6932,14.1436,-1.9583,-1.1501,1.834,10.6932,10.6932,1.0,12.0,False,False,2.9841,underperformer
long_2026-06-10T180000_GENIUSUSDT,long,2026-06-10 18:00:00,GENIUSUSDT,LONG_CONTINUATION,Slow Trend,375,14.0615,16.0513,-0.8402,4.6872,13.553,1.5255,1.5255,0.5208,12.0,True,True,8.8658,sustained_winner
long_2026-06-10T180000_AVNTUSDT,long,2026-06-10 18:00:00,AVNTUSDT,LONG_CONTINUATION,Fake Breakout,90,6.0429,6.7251,-1.3645,3.1189,3.5088,-1.0721,-1.0721,0.125,12.0,True,True,0.3899,sustained_winner
long_2026-06-10T180000_UAIUSDT,long,2026-06-10 18:00:00,UAIUSDT,LONG_CONTINUATION,Late Runner,600,11.9459,15.4354,-0.8488,3.8353,4.3697,10.3427,10.3427,0.8333,12.0,True,True,0.5344,sustained_winner
long_2026-06-10T180000_HYPERUSDT,long,2026-06-10 18:00:00,HYPERUSDT,LONG_CONTINUATION,Unclassified,90,1.2486,1.3608,-6.2009,-0.1824,-1.7536,-5.9624,-5.9624,0.125,12.0,False,False,-1.5712,underperformer
long_2026-06-10T180000_USELESSUSDT,long,2026-06-10 18:00:00,USELESSUSDT,LONG_CONTINUATION,Fake Breakout,390,3.6076,5.0163,-3.4702,-0.292,0.9449,-3.0407,-3.0407,0.5417,12.0,False,False,1.2369,underperformer
long_2026-06-10T200000_ESPORTSUSDT,long,2026-06-10 20:00:00,ESPORTSUSDT,LONG_CONTINUATION,Slow Trend,495,17.3238,25.5303,-6.0746,10.0814,8.1851,3.739,3.739,0.6875,12.0,True,True,-1.8963,sustained_winner
long_2026-06-10T200000_MAGMAUSDT,long,2026-06-10 20:00:00,MAGMAUSDT,LONG_CONTINUATION,Slow Trend,195,8.8167,15.7452,-2.0491,3.1885,4.1383,3.6309,3.6309,0.2708,12.0,True,True,0.9498,sustained_winner
long_2026-06-10T200000_STGUSDT,long,2026-06-10 20:00:00,STGUSDT,LONG_CONTINUATION,Unclassified,90,9.5766,11.226,-7.9025,3.3727,0.1477,3.742,3.742,0.125,12.0,True,False,-3.225,winner_2h_fade_6h
long_2026-06-10T200000_MELANIAUSDT,long,2026-06-10 20:00:00,MELANIAUSDT,LONG_CONTINUATION,Fake Breakout,150,3.0233,4.0439,-3.4571,2.1431,0.9185,-2.7299,-2.7299,0.2083,12.0,False,False,-1.2246,underperformer
long_2026-06-10T200000_GUAUSDT,long,2026-06-10 20:00:00,GUAUSDT,LONG_CONTINUATION,Fake Breakout,285,5.4404,8.3938,-21.7444,1.0363,-13.8515,-17.3057,-17.3057,0.3958,12.0,False,False,-14.8878,underperformer
long_2026-06-10T220000_FOLKSUSDT,long,2026-06-10 22:00:00,FOLKSUSDT,LONG_CONTINUATION,Slow Trend,330,30.6916,31.9031,-3.8869,9.1873,29.2781,20.9995,20.9995,0.4583,12.0,True,True,20.0908,sustained_winner
long_2026-06-10T220000_ZESTUSDT,long,2026-06-10 22:00:00,ZESTUSDT,LONG_CONTINUATION,Late Runner,720,20.1703,21.4241,-0.3135,2.9296,5.6231,20.1703,20.1703,1.0,12.0,False,True,2.6935,loser_2h_runner_6h
long_2026-06-10T220000_ESPORTSUSDT,long,2026-06-10 22:00:00,ESPORTSUSDT,LONG_CONTINUATION,Fake Breakout,375,10.7616,18.5092,-11.328,4.7537,10.7414,-7.788,-7.788,0.5208,12.0,True,True,5.9877,sustained_winner
long_2026-06-10T220000_WLFIUSDT,long,2026-06-10 22:00:00,WLFIUSDT,LONG_CONTINUATION,Slow Trend,240,6.8083,8.2187,-0.0871,4.0397,3.0472,4.2661,4.2661,0.3333,12.0,True,True,-0.9925,sustained_winner
long_2026-06-10T220000_BANUSDT,long,2026-06-10 22:00:00,BANUSDT,LONG_CONTINUATION,Slow Trend,210,4.7927,6.1011,-1.8083,1.7789,2.661,1.5143,1.5143,0.2917,12.0,False,False,0.8821,underperformer
long_2026-06-11T000000_OPNUSDT,long,2026-06-11 00:00:00,OPNUSDT,LONG_CONTINUATION,Unclassified,75,29.3926,30.1518,-0.3254,16.7028,6.3991,8.3514,8.3514,0.1042,12.0,True,True,-10.3037,sustained_winner
long_2026-06-11T000000_HUSDT,long,2026-06-11 00:00:00,HUSDT,LONG_CONTINUATION,Late Runner,585,19.4479,21.2467,-4.3104,4.3557,11.1551,14.9791,14.9791,0.8125,12.0,True,True,6.7994,sustained_winner
long_2026-06-11T000000_ORDIUSDT,long,2026-06-11 00:00:00,ORDIUSDT,LONG_CONTINUATION,Immediate Explosion,45,7.0884,8.9638,-3.6872,5.5308,-1.9072,1.9072,1.9072,0.0625,12.0,True,False,-7.438,winner_2h_fade_6h
long_2026-06-11T000000_BSBUSDT,long,2026-06-11 00:00:00,BSBUSDT,LONG_CONTINUATION,Delayed Breakout,645,7.7224,11.3182,-2.8268,1.3036,4.1413,4.9506,4.9506,0.8958,12.0,False,True,2.8377,loser_2h_runner_6h
long_2026-06-11T000000_UBUSDT,long,2026-06-11 00:00:00,UBUSDT,LONG_CONTINUATION,Fake Breakout,165,2.8596,3.4229,-1.6176,2.3397,-0.4261,0.9676,0.9676,0.2292,12.0,False,False,-2.7658,underperformer
long_2026-06-11T020000_AIOUSDT,long,2026-06-11 02:00:00,AIOUSDT,LONG_CONTINUATION,Late Runner,585,93.5269,96.816,-0.9185,10.4356,20.6875,67.626,67.626,0.8125,12.0,True,True,10.2519,sustained_winner
long_2026-06-11T020000_BSBUSDT,long,2026-06-11 02:00:00,BSBUSDT,LONG_CONTINUATION,Late Runner,705,10.9465,14.2809,0.0,7.5746,3.1426,6.4168,6.4168,0.9792,12.0,True,True,-4.432,sustained_winner
long_2026-06-11T020000_BTWUSDT,long,2026-06-11 02:00:00,BTWUSDT,LONG_CONTINUATION,Fake Breakout,435,5.6026,9.5244,-41.6876,-0.9604,-35.319,-18.0654,-18.0654,0.6042,12.0,False,False,-34.3586,underperformer
long_2026-06-11T020000_FOLKSUSDT,long,2026-06-11 02:00:00,FOLKSUSDT,LONG_CONTINUATION,Fake Breakout,90,6.7629,7.7526,-21.4845,5.6082,-1.7732,-12.6186,-12.6186,0.125,12.0,True,False,-7.3814,winner_2h_fade_6h
long_2026-06-11T020000_IOUSDT,long,2026-06-11 02:00:00,IOUSDT,LONG_CONTINUATION,Fake Breakout,105,4.4853,4.7729,-5.7504,3.4503,-5.3479,-1.0926,-1.0926,0.1458,12.0,True,False,-8.7982,winner_2h_fade_6h
long_2026-06-11T040000_VELVETUSDT,long,2026-06-11 04:00:00,VELVETUSDT,LONG_CONTINUATION,Late Runner,660,84.9871,91.8081,-4.3727,39.9501,60.5407,56.615,56.615,0.9167,12.0,True,True,20.5906,sustained_winner
long_2026-06-11T040000_ZESTUSDT,long,2026-06-11 04:00:00,ZESTUSDT,LONG_CONTINUATION,Late Runner,720,17.8983,18.8216,-0.0222,2.121,15.1396,17.8983,17.8983,1.0,12.0,False,True,13.0186,loser_2h_runner_6h
long_2026-06-11T040000_BSBUSDT,long,2026-06-11 04:00:00,BSBUSDT,LONG_CONTINUATION,Fake Breakout,585,5.4109,8.5789,-3.468,1.5786,3.6323,0.8286,0.8286,0.8125,12.0,False,True,2.0537,loser_2h_runner_6h
long_2026-06-11T040000_AIOUSDT,long,2026-06-11 04:00:00,AIOUSDT,LONG_CONTINUATION,Continuous Trend,465,76.526,79.5261,-1.7474,5.4656,34.5089,52.9243,52.9243,0.6458,12.0,True,True,29.0433,sustained_winner
long_2026-06-11T040000_SKYAIUSDT,long,2026-06-11 04:00:00,SKYAIUSDT,LONG_CONTINUATION,Late Runner,660,20.4529,20.8496,-3.3569,9.5764,4.3701,16.0767,16.0767,0.9167,12.0,True,True,-5.2063,sustained_winner
long_2026-06-11T060000_BEATUSDT,long,2026-06-11 06:00:00,BEATUSDT,LONG_CONTINUATION,Late Runner,615,20.5269,24.2991,-17.8707,-4.2113,-2.413,17.895,17.895,0.8542,12.0,False,False,1.7983,underperformer
long_2026-06-11T060000_FOLKSUSDT,long,2026-06-11 06:00:00,FOLKSUSDT,LONG_CONTINUATION,Slow Trend,300,16.2287,17.5657,-4.2416,9.8202,12.2176,10.5579,10.5579,0.4167,12.0,True,True,2.3974,sustained_winner
long_2026-06-11T060000_AIOUSDT,long,2026-06-11 06:00:00,AIOUSDT,LONG_CONTINUATION,Slow Trend,345,66.2709,69.0966,-2.6454,3.6901,48.3541,50.8267,50.8267,0.4792,12.0,True,True,44.664,sustained_winner
long_2026-06-11T060000_MYXUSDT,long,2026-06-11 06:00:00,MYXUSDT,LONG_CONTINUATION,Late Runner,720,6.8353,6.8797,-1.5535,1.9086,3.9947,6.8353,6.8353,1.0,12.0,False,True,2.0861,loser_2h_runner_6h
long_2026-06-11T060000_CUSDT,long,2026-06-11 06:00:00,CUSDT,LONG_CONTINUATION,Fake Breakout,30,2.9755,5.0269,-8.0837,1.178,-0.3961,-6.2456,-6.2456,0.0417,12.0,False,False,-1.5741,underperformer
long_2026-06-11T080000_VELVETUSDT,long,2026-06-11 08:00:00,VELVETUSDT,LONG_CONTINUATION,Fake Breakout,420,25.1237,29.7374,-12.1118,8.5884,1.467,-5.1842,-5.1842,0.5833,12.0,True,False,-7.1214,winner_2h_fade_6h
long_2026-06-11T080000_UAIUSDT,long,2026-06-11 08:00:00,UAIUSDT,LONG_CONTINUATION,Fake Breakout,75,8.2386,8.5227,-14.3466,1.9602,-11.3352,-7.6989,-7.6989,0.1042,12.0,False,False,-13.2954,underperformer
long_2026-06-11T080000_PARTIUSDT,long,2026-06-11 08:00:00,PARTIUSDT,LONG_CONTINUATION,Slow Trend,360,12.2935,13.4837,-0.2132,3.5708,12.2935,3.1622,3.1622,0.5,12.0,True,True,8.7227,sustained_winner
long_2026-06-11T080000_COLLECTUSDT,long,2026-06-11 08:00:00,COLLECTUSDT,LONG_CONTINUATION,Late Runner,660,17.8963,18.7476,-6.3564,7.0942,7.6428,15.7586,15.7586,0.9167,12.0,True,True,0.5486,sustained_winner
long_2026-06-11T080000_SKYAIUSDT,long,2026-06-11 08:00:00,SKYAIUSDT,LONG_CONTINUATION,Late Runner,675,35.1374,36.4482,-0.6886,3.2921,8.7526,31.5373,31.5373,0.9375,12.0,True,True,5.4605,sustained_winner
long_2026-06-11T100000_AIOUSDT,long,2026-06-11 10:00:00,AIOUSDT,LONG_CONTINUATION,Unclassified,105,37.8528,40.1957,-1.1091,22.9983,19.4218,10.5863,10.5863,0.1458,12.0,True,True,-3.5765,sustained_winner
long_2026-06-11T100000_CLOUSDT,long,2026-06-11 10:00:00,CLOUSDT,LONG_CONTINUATION,Late Runner,720,39.7708,39.9409,-0.1164,22.5624,35.0255,39.7708,39.7708,1.0,12.0,True,True,12.4631,sustained_winner
long_2026-06-11T100000_FOLKSUSDT,long,2026-06-11 10:00:00,FOLKSUSDT,LONG_CONTINUATION,Fake Breakout,60,5.7023,6.9182,-11.153,2.0545,-7.1279,-0.5451,-0.5451,0.0833,12.0,False,False,-9.1824,underperformer
long_2026-06-11T100000_OPNUSDT,long,2026-06-11 10:00:00,OPNUSDT,LONG_CONTINUATION,Fake Breakout,30,5.4767,7.0994,-7.5051,1.3185,-5.071,-0.4057,-0.4057,0.0417,12.0,False,False,-6.3895,underperformer
long_2026-06-11T100000_IOUSDT,long,2026-06-11 10:00:00,IOUSDT,LONG_CONTINUATION,Fake Breakout,450,3.9838,4.2725,-3.4642,0.7506,-2.4827,-0.7506,-0.7506,0.625,12.0,False,False,-3.2333,underperformer
long_2026-06-11T120000_AINUSDT,long,2026-06-11 12:00:00,AINUSDT,LONG_CONTINUATION,Continuous Trend,510,19.3681,21.4989,-3.2035,8.9493,9.978,15.2388,15.2388,0.7083,12.0,True,True,1.0287,sustained_winner
long_2026-06-11T120000_VELVETUSDT,long,2026-06-11 12:00:00,VELVETUSDT,LONG_CONTINUATION,Slow Trend,180,40.8751,46.0696,-0.1503,14.2403,10.7747,17.7871,17.7871,0.25,12.0,True,True,-3.4656,sustained_winner
long_2026-06-11T120000_BEATUSDT,long,2026-06-11 12:00:00,BEATUSDT,LONG_CONTINUATION,Late Runner,660,29.8585,33.4513,-2.0453,11.2638,20.6732,28.9527,28.9527,0.9167,12.0,True,True,9.4094,sustained_winner
long_2026-06-11T120000_CRVUSDT,long,2026-06-11 12:00:00,CRVUSDT,LONG_CONTINUATION,Continuous Trend,405,13.1104,14.1663,0.0,5.1034,10.6907,11.6586,11.6586,0.5625,12.0,True,True,5.5873,sustained_winner
long_2026-06-11T120000_CLOUSDT,long,2026-06-11 12:00:00,CLOUSDT,LONG_CONTINUATION,Late Runner,645,18.4807,19.0512,-3.8283,10.4339,12.5281,15.7109,15.7109,0.8958,12.0,True,True,2.0942,sustained_winner
long_2026-06-11T140000_VELVETUSDT,long,2026-06-11 14:00:00,VELVETUSDT,LONG_CONTINUATION,Unclassified,60,25.2895,29.9093,-10.0474,6.0734,-5.0586,8.7772,8.7772,0.0833,12.0,True,False,-11.132,winner_2h_fade_6h
long_2026-06-11T140000_GUAUSDT,long,2026-06-11 14:00:00,GUAUSDT,LONG_CONTINUATION,Immediate Explosion,45,17.387,19.2816,-1.7762,7.3811,5.3089,1.9143,1.9143,0.0625,12.0,True,True,-2.0722,sustained_winner
long_2026-06-11T140000_HUSDT,long,2026-06-11 14:00:00,HUSDT,LONG_CONTINUATION,Continuous Trend,525,95.8164,98.1301,-0.8405,23.6188,58.8158,81.6697,81.6697,0.7292,12.0,True,True,35.197,sustained_winner
long_2026-06-11T140000_AIOUSDT,long,2026-06-11 14:00:00,AIOUSDT,LONG_CONTINUATION,Late Runner,645,17.9235,21.3196,-10.9594,6.3537,-7.5468,15.9925,15.9925,0.8958,12.0,True,False,-13.9005,winner_2h_fade_6h
long_2026-06-11T140000_BEATUSDT,long,2026-06-11 14:00:00,BEATUSDT,LONG_CONTINUATION,Late Runner,660,20.4807,22.5818,-3.9147,8.3983,5.3724,17.3631,17.3631,0.9167,12.0,True,True,-3.0259,sustained_winner
long_2026-06-11T160000_ALLOUSDT,long,2026-06-11 16:00:00,ALLOUSDT,LONG_CONTINUATION,Immediate Explosion,15,13.4576,17.1293,-1.8184,4.6643,1.8937,6.4369,6.4369,0.0208,12.0,True,False,-2.7706,winner_2h_fade_6h
long_2026-06-11T160000_BTWUSDT,long,2026-06-11 16:00:00,BTWUSDT,LONG_CONTINUATION,Fake Breakout,360,23.6464,26.2974,-11.1542,10.1038,23.6464,-5.7897,-5.7897,0.5,12.0,True,True,13.5426,sustained_winner
long_2026-06-11T160000_WLDUSDT,long,2026-06-11 16:00:00,WLDUSDT,LONG_CONTINUATION,Unclassified,75,8.0984,9.434,-0.848,3.3284,6.466,6.1056,6.1056,0.1042,12.0,True,True,3.1376,sustained_winner
long_2026-06-11T160000_BASEDUSDT,long,2026-06-11 16:00:00,BASEDUSDT,LONG_CONTINUATION,Late Runner,720,10.2766,10.4997,-1.2939,0.8626,0.3867,10.2766,10.2766,1.0,12.0,False,False,-0.4759,underperformer
long_2026-06-11T160000_ZESTUSDT,long,2026-06-11 16:00:00,ZESTUSDT,LONG_CONTINUATION,Fake Breakout,240,7.5265,7.9102,-14.177,1.9216,-4.7417,-11.5999,-11.5999,0.3333,12.0,False,False,-6.6633,underperformer
long_2026-06-11T180000_EVAAUSDT,long,2026-06-11 18:00:00,EVAAUSDT,LONG_CONTINUATION,Continuous Trend,495,7.3657,8.2045,-0.4718,4.6134,3.1455,5.4784,5.4784,0.6875,12.0,True,True,-1.4679,sustained_winner
long_2026-06-11T180000_BRUSDT,long,2026-06-11 18:00:00,BRUSDT,LONG_CONTINUATION,Delayed Breakout,705,8.6816,9.3647,-5.538,-3.8487,3.2978,8.2483,8.2483,0.9792,12.0,False,True,7.1465,loser_2h_runner_6h
long_2026-06-11T180000_SKYAIUSDT,long,2026-06-11 18:00:00,SKYAIUSDT,LONG_CONTINUATION,Late Runner,585,21.2488,23.7708,-3.7689,2.4608,4.8511,17.8187,17.8187,0.8125,12.0,False,True,2.3903,loser_2h_runner_6h
long_2026-06-11T180000_EPICUSDT,long,2026-06-11 18:00:00,EPICUSDT,LONG_CONTINUATION,Late Runner,540,22.4493,23.348,-0.7225,7.0837,15.9648,13.1101,13.1101,0.75,12.0,True,True,8.8811,sustained_winner
long_2026-06-11T180000_AIOUSDT,long,2026-06-11 18:00:00,AIOUSDT,LONG_CONTINUATION,Late Runner,540,18.2631,19.5195,-19.3587,-16.268,-1.9851,1.3921,1.3921,0.75,12.0,False,False,14.2829,underperformer
long_2026-06-11T200000_BTWUSDT,long,2026-06-11 20:00:00,BTWUSDT,LONG_CONTINUATION,Fake Breakout,120,20.8802,23.4719,-13.1418,20.8802,2.6039,0.978,0.978,0.1667,12.0,True,False,-18.2763,winner_2h_fade_6h
long_2026-06-11T200000_BEATUSDT,long,2026-06-11 20:00:00,BEATUSDT,LONG_CONTINUATION,Late Runner,615,22.2949,25.4156,-0.494,8.1547,12.1711,16.9729,16.9729,0.8542,12.0,True,True,4.0164,sustained_winner
long_2026-06-11T200000_HUSDT,long,2026-06-11 20:00:00,HUSDT,LONG_CONTINUATION,Late Runner,705,24.2954,25.8572,-6.0592,13.1517,12.9462,18.5181,18.5181,0.9792,12.0,True,True,-0.2055,sustained_winner
long_2026-06-11T200000_ESPORTSUSDT,long,2026-06-11 20:00:00,ESPORTSUSDT,LONG_CONTINUATION,Late Runner,705,168.9847,175.8494,-0.904,5.6726,37.1349,125.2831,125.2831,0.9792,12.0,True,True,31.4623,sustained_winner
long_2026-06-11T200000_COLLECTUSDT,long,2026-06-11 20:00:00,COLLECTUSDT,LONG_CONTINUATION,Late Runner,615,7.2962,10.265,-2.3147,4.9145,5.4512,1.4089,1.4089,0.8542,12.0,True,True,0.5367,sustained_winner
long_2026-06-11T220000_HUSDT,long,2026-06-11 22:00:00,HUSDT,LONG_CONTINUATION,Late Runner,720,35.5995,36.7397,-15.1509,-4.619,1.5326,35.5995,35.5995,1.0,12.0,False,False,6.1516,underperformer
long_2026-06-11T220000_BEATUSDT,long,2026-06-11 22:00:00,BEATUSDT,LONG_CONTINUATION,Fake Breakout,495,16.1493,19.1131,-8.5191,4.924,8.5056,-1.7846,-1.7846,0.6875,12.0,True,True,3.5816,sustained_winner
long_2026-06-11T220000_EPICUSDT,long,2026-06-11 22:00:00,EPICUSDT,LONG_CONTINUATION,Fake Breakout,300,10.0396,10.8472,-3.2937,4.2122,8.0285,-0.7918,-0.7918,0.4167,12.0,True,True,3.8163,sustained_winner
long_2026-06-11T220000_CLOUSDT,long,2026-06-11 22:00:00,CLOUSDT,LONG_CONTINUATION,Slow Trend,345,6.7618,7.4983,-8.0956,2.2893,6.3968,5.992,5.992,0.4792,12.0,False,True,4.1075,loser_2h_runner_6h
long_2026-06-11T220000_LITUSDT,long,2026-06-11 22:00:00,LITUSDT,LONG_CONTINUATION,Late Runner,555,11.0428,12.4266,-0.0978,3.7811,7.024,8.4778,8.4778,0.7708,12.0,True,True,3.2429,sustained_winner
long_2026-06-12T000000_AIOUSDT,long,2026-06-12 00:00:00,AIOUSDT,LONG_CONTINUATION,Fake Breakout,180,18.2394,19.4955,-12.8831,5.0296,1.3717,-2.4269,-2.4269,0.25,12.0,True,False,-3.6579,winner_2h_fade_6h
long_2026-06-12T000000_LABUSDT,long,2026-06-12 00:00:00,LABUSDT,LONG_CONTINUATION,Unclassified,75,7.6129,9.052,-11.6555,-1.1754,-8.0303,2.5926,2.5926,0.1042,12.0,False,False,-6.8549,underperformer
long_2026-06-12T000000_KITEUSDT,long,2026-06-12 00:00:00,KITEUSDT,LONG_CONTINUATION,Unclassified,105,5.4333,5.9495,-0.1087,4.0967,4.6618,2.6515,2.6515,0.1458,12.0,True,True,0.5651,sustained_winner
long_2026-06-12T000000_POWERUSDT,long,2026-06-12 00:00:00,POWERUSDT,LONG_CONTINUATION,Fake Breakout,195,12.2696,16.1273,-2.1003,7.0403,6.033,0.3858,0.3858,0.2708,12.0,True,True,-1.0073,sustained_winner
long_2026-06-12T000000_HUSDT,long,2026-06-12 00:00:00,HUSDT,LONG_CONTINUATION,Late Runner,600,41.6542,43.1389,-4.4097,6.5703,8.0328,16.0102,16.0102,0.8333,12.0,True,True,1.4625,sustained_winner
long_2026-06-12T020000_ESPORTSUSDT,long,2026-06-12 02:00:00,ESPORTSUSDT,LONG_CONTINUATION,Slow Trend,345,104.1469,109.3569,-7.1703,39.6667,70.9794,26.1479,26.1479,0.4792,12.0,True,True,31.3127,sustained_winner
long_2026-06-12T020000_VELVETUSDT,long,2026-06-12 02:00:00,VELVETUSDT,LONG_CONTINUATION,Late Runner,540,108.4044,113.8383,-1.4375,46.9187,73.6485,62.8019,62.8019,0.75,12.0,True,True,26.7298,sustained_winner
long_2026-06-12T020000_HUSDT,long,2026-06-12 02:00:00,HUSDT,LONG_CONTINUATION,Continuous Trend,480,37.6952,39.1384,-0.8347,3.1018,8.7022,36.252,36.252,0.6667,12.0,True,True,5.6004,sustained_winner
long_2026-06-12T020000_AUSDT,long,2026-06-12 02:00:00,AUSDT,LONG_CONTINUATION,Immediate Explosion,45,6.4639,8.1612,-0.3112,1.0184,1.6266,1.6973,1.6973,0.0625,12.0,False,False,0.6082,underperformer
long_2026-06-12T020000_CATIUSDT,long,2026-06-12 02:00:00,CATIUSDT,LONG_CONTINUATION,Late Runner,585,7.2721,8.1766,-0.1628,3.8712,4.1064,4.6491,4.6491,0.8125,12.0,True,True,0.2352,sustained_winner
long_2026-06-12T040000_LUMIAUSDT,long,2026-06-12 04:00:00,LUMIAUSDT,LONG_CONTINUATION,Slow Trend,315,23.9006,31.0608,-0.1989,10.9834,17.1492,6.3867,6.3867,0.4375,12.0,True,True,6.1658,sustained_winner
long_2026-06-12T040000_AINUSDT,long,2026-06-12 04:00:00,AINUSDT,LONG_CONTINUATION,Late Runner,540,22.0016,25.2248,-1.4247,3.9706,8.7236,11.4796,11.4796,0.75,12.0,True,True,4.753,sustained_winner
long_2026-06-12T040000_UBUSDT,long,2026-06-12 04:00:00,UBUSDT,LONG_CONTINUATION,Slow Trend,225,13.9836,15.0716,-6.4899,6.7734,12.0451,6.9113,6.9113,0.3125,12.0,True,True,5.2717,sustained_winner
long_2026-06-12T040000_ESPORTSUSDT,long,2026-06-12 04:00:00,ESPORTSUSDT,LONG_CONTINUATION,Slow Trend,225,54.6758,58.6233,-29.6658,9.7115,19.543,16.6238,16.6238,0.3125,12.0,True,True,9.8315,sustained_winner
long_2026-06-12T040000_STGUSDT,long,2026-06-12 04:00:00,STGUSDT,LONG_CONTINUATION,Late Runner,720,25.9245,31.3382,-0.3622,11.3992,5.5661,25.9245,25.9245,1.0,12.0,True,True,-5.8331,sustained_winner
long_2026-06-12T060000_STGUSDT,long,2026-06-12 06:00:00,STGUSDT,LONG_CONTINUATION,Late Runner,675,15.818,20.5599,-6.0192,8.7839,1.0149,7.3141,7.3141,0.9375,12.0,True,False,-7.769,winner_2h_fade_6h
long_2026-06-12T060000_XPLUSDT,long,2026-06-12 06:00:00,XPLUSDT,LONG_CONTINUATION,Late Runner,675,29.3793,30.7225,-0.0424,3.676,15.2976,26.9334,26.9334,0.9375,12.0,True,True,11.6216,sustained_winner
long_2026-06-12T060000_HUSDT,long,2026-06-12 06:00:00,HUSDT,LONG_CONTINUATION,Late Runner,555,48.7664,51.2701,-1.7474,5.2945,9.2327,25.2308,25.2308,0.7708,12.0,True,True,3.9382,sustained_winner
long_2026-06-12T060000_SLXUSDT,long,2026-06-12 06:00:00,SLXUSDT,LONG_CONTINUATION,Immediate Explosion,45,4.904,5.0871,-1.5367,2.0304,2.2689,1.3481,1.3481,0.0625,12.0,False,False,0.2385,underperformer
long_2026-06-12T060000_GRASSUSDT,long,2026-06-12 06:00:00,GRASSUSDT,LONG_CONTINUATION,Delayed Breakout,75,6.7851,7.4044,-1.5078,2.9618,5.0889,3.0156,3.0156,0.1042,12.0,False,True,2.1271,loser_2h_runner_6h
long_2026-06-12T080000_GENIUSUSDT,long,2026-06-12 08:00:00,GENIUSUSDT,LONG_CONTINUATION,Late Runner,585,9.0438,9.6076,-0.203,7.014,6.5404,6.3374,6.3374,0.8125,12.0,True,True,-0.4736,sustained_winner
long_2026-06-12T080000_AINUSDT,long,2026-06-12 08:00:00,AINUSDT,LONG_CONTINUATION,Delayed Breakout,720,19.0471,26.9395,-2.6906,4.3722,5.0897,19.0471,19.0471,1.0,12.0,True,True,0.7175,sustained_winner
long_2026-06-12T080000_XPLUSDT,long,2026-06-12 08:00:00,XPLUSDT,LONG_CONTINUATION,Late Runner,555,26.0468,27.3554,-0.6612,3.7328,17.1901,25.4545,25.4545,0.7708,12.0,True,True,13.4573,sustained_winner
long_2026-06-12T080000_COLLECTUSDT,long,2026-06-12 08:00:00,COLLECTUSDT,LONG_CONTINUATION,Fake Breakout,210,6.0065,6.4319,-14.0718,3.7264,3.6583,-13.5103,-13.5103,0.2917,12.0,True,True,-0.0681,sustained_winner
long_2026-06-12T080000_CFGUSDT,long,2026-06-12 08:00:00,CFGUSDT,LONG_CONTINUATION,Fake Breakout,630,2.7358,3.4434,-2.1698,0.9434,0.8019,0.8962,0.8962,0.875,12.0,False,False,-0.1415,underperformer
long_2026-06-12T100000_LABUSDT,long,2026-06-12 10:00:00,LABUSDT,LONG_CONTINUATION,Late Runner,630,19.2286,20.0317,-1.6853,5.6328,9.8179,11.9557,11.9557,0.875,12.0,True,True,4.1851,sustained_winner
long_2026-06-12T100000_SKYAIUSDT,long,2026-06-12 10:00:00,SKYAIUSDT,LONG_CONTINUATION,Late Runner,660,23.9971,25.6365,-2.7928,4.5595,3.4601,20.8996,20.8996,0.9167,12.0,True,True,-1.0994,sustained_winner
long_2026-06-12T100000_VELVETUSDT,long,2026-06-12 10:00:00,VELVETUSDT,LONG_CONTINUATION,Fake Breakout,60,8.7479,11.5833,-21.3895,-0.6467,-1.0694,-2.396,-2.396,0.0833,12.0,False,False,-0.4227,underperformer
long_2026-06-12T100000_SOONUSDT,long,2026-06-12 10:00:00,SOONUSDT,LONG_CONTINUATION,Delayed Breakout,720,6.8905,7.126,-0.8245,0.1767,2.0024,6.8905,6.8905,1.0,12.0,False,False,1.8257,underperformer
long_2026-06-12T100000_SOMIUSDT,long,2026-06-12 10:00:00,SOMIUSDT,LONG_CONTINUATION,Unclassified,75,5.0405,6.2106,-2.6103,3.3303,-1.6202,1.2601,1.2601,0.1042,12.0,True,False,-4.9505,winner_2h_fade_6h
long_2026-06-12T120000_VELVETUSDT,long,2026-06-12 12:00:00,VELVETUSDT,LONG_CONTINUATION,Fake Breakout,360,17.3279,19.5448,-44.8917,-5.7274,17.3279,-36.4713,-36.4713,0.5,12.0,False,True,23.0553,loser_2h_runner_6h
long_2026-06-12T120000_STGUSDT,long,2026-06-12 12:00:00,STGUSDT,LONG_CONTINUATION,Slow Trend,315,15.9397,20.6866,-1.8392,9.0384,7.4269,10.7024,10.7024,0.4375,12.0,True,True,-1.6115,sustained_winner
long_2026-06-12T120000_HUSDT,long,2026-06-12 12:00:00,HUSDT,LONG_CONTINUATION,Slow Trend,195,35.926,38.2137,-8.0164,20.5891,14.4219,8.3881,8.3881,0.2708,12.0,True,True,-6.1672,sustained_winner
long_2026-06-12T120000_LABUSDT,long,2026-06-12 12:00:00,LABUSDT,LONG_CONTINUATION,Slow Trend,510,12.8345,13.5945,-2.6868,7.0756,8.039,3.3933,3.3933,0.7083,12.0,True,True,0.9634,sustained_winner
long_2026-06-12T120000_XPLUSDT,long,2026-06-12 12:00:00,XPLUSDT,LONG_CONTINUATION,Slow Trend,315,15.339,17.4439,-0.9075,7.2347,13.1586,14.0282,14.0282,0.4375,12.0,True,True,5.9239,sustained_winner
long_2026-06-12T140000_HUSDT,long,2026-06-12 14:00:00,HUSDT,LONG_CONTINUATION,Unclassified,75,19.7917,21.8078,-18.9348,6.8212,-8.598,4.7001,4.7001,0.1042,12.0,True,False,-15.4192,winner_2h_fade_6h
long_2026-06-12T140000_DEXEUSDT,long,2026-06-12 14:00:00,DEXEUSDT,LONG_CONTINUATION,Slow Trend,150,9.8948,11.6096,-0.0997,8.9228,4.5511,4.6408,4.6408,0.2083,12.0,True,True,-4.3717,sustained_winner
long_2026-06-12T140000_LABUSDT,long,2026-06-12 14:00:00,LABUSDT,LONG_CONTINUATION,Delayed Breakout,390,9.2218,9.9575,-1.1398,0.601,3.4608,1.6371,1.6371,0.5417,12.0,False,True,2.8598,loser_2h_runner_6h
long_2026-06-12T140000_XMRUSDT,long,2026-06-12 14:00:00,XMRUSDT,LONG_CONTINUATION,Fake Breakout,120,6.8033,6.9601,-4.4806,6.8033,1.6711,-1.3899,-1.3899,0.1667,12.0,True,False,-5.1322,winner_2h_fade_6h
long_2026-06-12T140000_SKYAIUSDT,long,2026-06-12 14:00:00,SKYAIUSDT,LONG_CONTINUATION,Continuous Trend,420,16.362,17.9005,-8.7783,-2.9104,6.1719,12.7674,12.7674,0.5833,12.0,False,True,9.0823,loser_2h_runner_6h
long_2026-06-12T160000_VELVETUSDT,long,2026-06-12 16:00:00,VELVETUSDT,LONG_CONTINUATION,Fake Breakout,120,7.5548,9.5871,-76.2523,7.5548,-0.7093,-71.3215,-71.3215,0.1667,12.0,True,False,-8.2641,winner_2h_fade_6h
long_2026-06-12T160000_XPLUSDT,long,2026-06-12 16:00:00,XPLUSDT,LONG_CONTINUATION,Fake Breakout,75,8.104,10.0768,-3.0006,6.0602,6.1193,-1.9138,-1.9138,0.1042,12.0,True,True,0.0591,sustained_winner
long_2026-06-12T160000_LABUSDT,long,2026-06-12 16:00:00,LABUSDT,LONG_CONTINUATION,Slow Trend,270,9.5624,10.3004,-0.2806,4.9059,2.8791,2.6712,2.6712,0.375,12.0,True,False,-2.0268,winner_2h_fade_6h
long_2026-06-12T160000_ZESTUSDT,long,2026-06-12 16:00:00,ZESTUSDT,LONG_CONTINUATION,Fake Breakout,15,3.2706,4.4026,-7.8231,0.7558,-5.3013,-5.2177,-5.2177,0.0208,12.0,False,False,-6.0571,underperformer
long_2026-06-12T160000_GLMUSDT,long,2026-06-12 16:00:00,GLMUSDT,LONG_CONTINUATION,Continuous Trend,480,3.9112,4.2071,0.0,1.6459,2.6537,2.7924,2.7924,0.6667,12.0,False,False,1.0078,underperformer
long_2026-06-12T180000_ESPORTSUSDT,long,2026-06-12 18:00:00,ESPORTSUSDT,LONG_CONTINUATION,Late Runner,660,65.5038,71.8995,-10.592,15.2333,24.0912,37.9493,37.9493,0.9167,12.0,True,True,8.8579,sustained_winner
long_2026-06-12T180000_NAORISUSDT,long,2026-06-12 18:00:00,NAORISUSDT,LONG_CONTINUATION,Fake Breakout,435,11.6317,12.2688,-12.4743,4.2951,-0.1233,-7.09,-7.09,0.6042,12.0,True,False,-4.4184,winner_2h_fade_6h
long_2026-06-12T180000_TRUMPUSDT,long,2026-06-12 18:00:00,TRUMPUSDT,LONG_CONTINUATION,Unclassified,60,14.2479,17.214,-1.2712,12.2881,8.6335,9.6928,9.6928,0.0833,12.0,True,True,-3.6546,sustained_winner
long_2026-06-12T180000_BTWUSDT,long,2026-06-12 18:00:00,BTWUSDT,LONG_CONTINUATION,Slow Trend,465,13.8615,15.8456,-0.9852,8.6617,3.0925,1.3684,1.3684,0.6458,12.0,True,True,-5.5692,sustained_winner
long_2026-06-12T180000_SKYAIUSDT,long,2026-06-12 18:00:00,SKYAIUSDT,LONG_CONTINUATION,Delayed Breakout,180,12.3009,13.7856,-1.6175,2.4665,9.6248,6.5784,6.5784,0.25,12.0,False,True,7.1583,loser_2h_runner_6h
long_2026-06-12T200000_ARCUSDT,long,2026-06-12 20:00:00,ARCUSDT,LONG_CONTINUATION,Unclassified,105,14.8,19.5625,-6.1524,14.6861,12.4758,2.4382,2.4382,0.1458,12.0,True,True,-2.2103,sustained_winner
long_2026-06-12T200000_SKYAIUSDT,long,2026-06-12 20:00:00,SKYAIUSDT,LONG_CONTINUATION,Unclassified,60,10.3577,11.8168,-1.4659,7.6009,6.9486,6.9624,6.9624,0.0833,12.0,True,True,-0.6523,sustained_winner
long_2026-06-12T200000_ESPORTSUSDT,long,2026-06-12 20:00:00,ESPORTSUSDT,LONG_CONTINUATION,Late Runner,540,48.9037,54.6579,-3.1068,11.4447,24.7908,32.4372,32.4372,0.75,12.0,True,True,13.3461,sustained_winner
long_2026-06-12T200000_MOVRUSDT,long,2026-06-12 20:00:00,MOVRUSDT,LONG_CONTINUATION,Fake Breakout,180,9.7755,10.7893,-1.0862,5.5757,3.5482,0.5793,0.5793,0.25,12.0,True,True,-2.0275,sustained_winner
long_2026-06-12T200000_TRUMPUSDT,long,2026-06-12 20:00:00,TRUMPUSDT,LONG_CONTINUATION,Unclassified,105,3.8703,4.9831,-5.4669,2.2738,1.4514,3.5317,3.5317,0.1458,12.0,False,False,-0.8224,underperformer
long_2026-06-12T220000_GWEIUSDT,long,2026-06-12 22:00:00,GWEIUSDT,LONG_CONTINUATION,Slow Trend,330,8.3593,9.8776,-0.381,2.569,5.7153,7.2624,7.2624,0.4583,12.0,False,True,3.1463,loser_2h_runner_6h
long_2026-06-12T220000_ATUSDT,long,2026-06-12 22:00:00,ATUSDT,LONG_CONTINUATION,Late Runner,690,24.0405,25.136,-0.5887,3.8527,13.071,17.7957,17.7957,0.9583,12.0,True,True,9.2183,sustained_winner
long_2026-06-12T220000_BEATUSDT,long,2026-06-12 22:00:00,BEATUSDT,LONG_CONTINUATION,Fake Breakout,225,30.9052,38.0739,-25.6877,16.3172,8.5972,-10.6522,-10.6522,0.3125,12.0,True,True,-7.72,sustained_winner
long_2026-06-12T220000_COAIUSDT,long,2026-06-12 22:00:00,COAIUSDT,LONG_CONTINUATION,Slow Trend,240,6.5149,8.2219,-8.3926,-0.1422,5.377,1.8777,1.8777,0.3333,12.0,False,True,5.5192,loser_2h_runner_6h
long_2026-06-12T220000_MOVRUSDT,long,2026-06-12 22:00:00,MOVRUSDT,LONG_CONTINUATION,Fake Breakout,60,5.8659,6.8436,-4.6089,-1.1872,-1.7458,-3.352,-3.352,0.0833,12.0,False,False,-0.5586,underperformer
long_2026-06-13T000000_ALLOUSDT,long,2026-06-13 00:00:00,ALLOUSDT,LONG_CONTINUATION,Fake Breakout,45,9.3542,12.9222,-7.6048,2.9824,0.9664,-6.01,-6.01,0.0625,12.0,False,False,-2.016,underperformer
long_2026-06-13T000000_BEATUSDT,long,2026-06-13 00:00:00,BEATUSDT,LONG_CONTINUATION,Fake Breakout,105,10.0508,16.0774,-37.5263,8.8659,-22.1723,-20.1387,-20.1387,0.1458,12.0,True,False,-31.0382,winner_2h_fade_6h
long_2026-06-13T000000_ALCHUSDT,long,2026-06-13 00:00:00,ALCHUSDT,LONG_CONTINUATION,Unclassified,60,2.0813,2.4228,-1.0732,0.3415,-0.0976,0.7805,0.7805,0.0833,12.0,False,False,-0.4391,underperformer
long_2026-06-13T000000_JUPUSDT,long,2026-06-13 00:00:00,JUPUSDT,LONG_CONTINUATION,Unclassified,105,1.5995,2.4289,-2.4882,0.6517,-1.1848,0.2962,0.2962,0.1458,12.0,False,False,-1.8365,underperformer
long_2026-06-13T000000_OPGUSDT,long,2026-06-13 00:00:00,OPGUSDT,LONG_CONTINUATION,Unclassified,75,1.5694,2.3227,-2.2599,-0.4394,-1.1927,-0.1883,-0.1883,0.1042,12.0,False,False,-0.7533,underperformer
long_2026-06-13T020000_HUSDT,long,2026-06-13 02:00:00,HUSDT,LONG_CONTINUATION,Late Runner,540,15.0871,17.4888,-3.116,5.618,13.1323,6.2278,6.2278,0.75,12.0,True,True,7.5143,sustained_winner
long_2026-06-13T020000_RAVEUSDT,long,2026-06-13 02:00:00,RAVEUSDT,LONG_CONTINUATION,Fake Breakout,0,1.9465,3.528,-2.2202,1.1557,0.9732,-1.9161,-1.9161,0.0,12.0,False,False,-0.1825,underperformer
long_2026-06-13T020000_HYPEUSDT,long,2026-06-13 02:00:00,HYPEUSDT,LONG_CONTINUATION,Unclassified,15,2.0665,2.3746,-5.875,-0.2048,-1.9174,-5.7521,-5.7521,0.0208,12.0,False,False,-1.7126,underperformer
long_2026-06-13T020000_GWEIUSDT,long,2026-06-13 02:00:00,GWEIUSDT,LONG_CONTINUATION,Fake Breakout,90,2.6188,4.0566,-2.8375,0.1148,-0.4374,0.082,0.082,0.125,12.0,False,False,-0.5522,underperformer
long_2026-06-13T020000_MOVRUSDT,long,2026-06-13 02:00:00,MOVRUSDT,LONG_CONTINUATION,Unclassified,15,1.9041,2.8914,-7.6164,-0.7757,-2.0451,-6.6291,-6.6291,0.0208,12.0,False,False,-1.2694,underperformer
long_2026-06-13T040000_ORCAUSDT,long,2026-06-13 04:00:00,ORCAUSDT,LONG_CONTINUATION,Fake Breakout,45,8.0882,11.5196,-5.2288,2.7778,-1.8791,-3.1046,-3.1046,0.0625,12.0,False,False,-4.6569,underperformer
long_2026-06-13T040000_COAIUSDT,long,2026-06-13 04:00:00,COAIUSDT,LONG_CONTINUATION,Fake Breakout,465,6.2114,8.7128,-9.7246,3.0916,0.6464,-0.9275,-0.9275,0.6458,12.0,True,False,-2.4452,winner_2h_fade_6h
long_2026-06-13T040000_PIEVERSEUSDT,long,2026-06-13 04:00:00,PIEVERSEUSDT,LONG_CONTINUATION,Fake Breakout,105,6.2537,7.0186,-1.6647,5.5189,3.9742,0.24,0.24,0.1458,12.0,True,True,-1.5447,sustained_winner
long_2026-06-13T040000_ATUSDT,long,2026-06-13 04:00:00,ATUSDT,LONG_CONTINUATION,Late Runner,645,15.2598,17.1076,-0.3137,1.3501,7.7799,1.1864,1.1864,0.8958,12.0,False,True,6.4298,loser_2h_runner_6h
long_2026-06-13T040000_GUAUSDT,long,2026-06-13 04:00:00,GUAUSDT,LONG_CONTINUATION,Delayed Breakout,705,8.1179,8.3247,-1.7235,1.4133,3.2747,6.4805,6.4805,0.9792,12.0,False,True,1.8614,loser_2h_runner_6h
long_2026-06-13T060000_OPNUSDT,long,2026-06-13 06:00:00,OPNUSDT,LONG_CONTINUATION,Fake Breakout,300,3.5006,4.2007,-5.2509,0.4667,1.1669,-1.7503,-1.7503,0.4167,12.0,False,False,0.7002,underperformer
long_2026-06-13T060000_ATUSDT,long,2026-06-13 06:00:00,ATUSDT,LONG_CONTINUATION,Fake Breakout,525,11.9396,13.7342,-10.5225,0.9999,5.2314,-9.3438,-9.3438,0.7292,12.0,False,True,4.2315,loser_2h_runner_6h
long_2026-06-13T060000_HUSDT,long,2026-06-13 06:00:00,HUSDT,LONG_CONTINUATION,Fake Breakout,300,6.2305,8.4474,-16.8061,4.4261,-2.7066,-11.5703,-11.5703,0.4167,12.0,True,False,-7.1327,winner_2h_fade_6h
long_2026-06-13T060000_AINUSDT,long,2026-06-13 06:00:00,AINUSDT,LONG_CONTINUATION,Fake Breakout,75,3.0806,3.8592,-19.1943,2.9282,-8.4123,-17.0955,-17.0955,0.1042,12.0,False,False,-11.3405,underperformer
long_2026-06-13T060000_POWERUSDT,long,2026-06-13 06:00:00,POWERUSDT,LONG_CONTINUATION,Fake Breakout,465,4.6463,5.8079,-2.0792,0.4879,2.0211,0.0348,0.0348,0.6458,12.0,False,False,1.5332,underperformer
long_2026-06-13T080000_INUSDT,long,2026-06-13 08:00:00,INUSDT,LONG_CONTINUATION,Slow Trend,120,8.1107,12.0093,-1.7312,8.1107,-0.9678,5.9569,5.9569,0.1667,12.0,True,False,-9.0785,winner_2h_fade_6h
long_2026-06-13T080000_HUSDT,long,2026-06-13 08:00:00,HUSDT,LONG_CONTINUATION,Fake Breakout,180,4.9039,7.0931,-17.845,0.0495,-3.1715,-3.419,-3.419,0.25,12.0,False,False,-3.221,underperformer
long_2026-06-13T080000_COAIUSDT,long,2026-06-13 08:00:00,COAIUSDT,LONG_CONTINUATION,Delayed Breakout,720,14.6781,15.1776,-10.8768,-0.6382,-6.2431,14.6781,14.6781,1.0,12.0,False,False,-5.6049,underperformer
long_2026-06-13T080000_PHAROSUSDT,long,2026-06-13 08:00:00,PHAROSUSDT,LONG_CONTINUATION,Fake Breakout,120,3.777,4.0433,-2.396,3.777,1.2479,-0.9983,-0.9983,0.1667,12.0,True,False,-2.5291,winner_2h_fade_6h
long_2026-06-13T080000_HEIUSDT,long,2026-06-13 08:00:00,HEIUSDT,LONG_CONTINUATION,Fake Breakout,180,3.9452,5.3779,-9.1466,1.1213,-2.3463,-4.5681,-4.5681,0.25,12.0,False,False,-3.4676,underperformer
long_2026-06-13T100000_EDGEUSDT,long,2026-06-13 10:00:00,EDGEUSDT,LONG_CONTINUATION,Slow Trend,270,15.7792,17.5784,-0.1216,7.9504,7.4155,3.3795,3.3795,0.375,12.0,True,True,-0.5349,sustained_winner
long_2026-06-13T100000_MELANIAUSDT,long,2026-06-13 10:00:00,MELANIAUSDT,LONG_CONTINUATION,Fake Breakout,45,4.1677,5.1322,-2.9293,1.9171,-2.4053,-1.3575,-1.3575,0.0625,12.0,False,False,-4.3224,underperformer
long_2026-06-13T100000_MIRAUSDT,long,2026-06-13 10:00:00,MIRAUSDT,LONG_CONTINUATION,Unclassified,45,2.823,3.4862,-2.4441,1.7431,-0.3221,1.5726,1.5726,0.0625,12.0,False,False,-2.0652,underperformer
long_2026-06-13T100000_JELLYJELLYUSDT,long,2026-06-13 10:00:00,JELLYJELLYUSDT,LONG_CONTINUATION,Fake Breakout,210,2.7378,3.9681,-0.3292,0.6065,1.2476,0.7971,0.7971,0.2917,12.0,False,False,0.6411,underperformer
long_2026-06-13T100000_PIEVERSEUSDT,long,2026-06-13 10:00:00,PIEVERSEUSDT,LONG_CONTINUATION,Fake Breakout,15,2.5727,3.7209,-6.3517,-1.439,-2.8488,-4.2733,-4.2733,0.0208,12.0,False,False,-1.4098,underperformer
long_2026-06-13T120000_ORCAUSDT,long,2026-06-13 12:00:00,ORCAUSDT,LONG_CONTINUATION,Unclassified,0,1.4298,2.2708,-4.7098,-0.5046,-4.2052,-3.0278,-3.0278,0.0,12.0,False,False,-3.7006,underperformer
long_2026-06-13T120000_MELANIAUSDT,long,2026-06-13 12:00:00,MELANIAUSDT,LONG_CONTINUATION,Unclassified,15,0.2679,0.897,-5.0326,-3.2619,-4.4152,-3.7512,-3.7512,0.0208,12.0,False,False,-1.1533,underperformer
long_2026-06-13T140000_EDGEUSDT,long,2026-06-13 14:00:00,EDGEUSDT,LONG_CONTINUATION,Fake Breakout,30,7.0834,8.7475,-7.1734,-0.6521,-5.5768,-4.6323,-4.6323,0.0417,12.0,False,False,-4.9247,underperformer
long_2026-06-13T140000_EPICUSDT,long,2026-06-13 14:00:00,EPICUSDT,LONG_CONTINUATION,Fake Breakout,600,12.1033,17.6015,-3.8561,7.9889,6.7159,0.572,0.572,0.8333,12.0,True,True,-1.273,sustained_winner
long_2026-06-13T140000_PARTIUSDT,long,2026-06-13 14:00:00,PARTIUSDT,LONG_CONTINUATION,Fake Breakout,225,2.3411,3.3278,-2.7592,0.4348,-0.602,-1.4214,-1.4214,0.3125,12.0,False,False,-1.0368,underperformer
long_2026-06-13T140000_GUAUSDT,long,2026-06-13 14:00:00,GUAUSDT,LONG_CONTINUATION,Unclassified,105,2.1994,2.3949,-6.0443,0.6517,0.3095,-2.2646,-2.2646,0.1458,12.0,False,False,-0.3422,underperformer
long_2026-06-13T140000_BEATUSDT,long,2026-06-13 14:00:00,BEATUSDT,LONG_CONTINUATION,Fake Breakout,285,12.2924,13.086,-16.8628,4.893,11.5036,-14.4026,-14.4026,0.3958,12.0,True,True,6.6106,sustained_winner
long_2026-06-13T160000_BEATUSDT,long,2026-06-13 16:00:00,BEATUSDT,LONG_CONTINUATION,Fake Breakout,165,9.6241,10.3988,-20.6772,8.7174,-1.1649,-16.1888,-16.1888,0.2292,12.0,True,False,-9.8823,winner_2h_fade_6h
long_2026-06-13T160000_GWEIUSDT,long,2026-06-13 16:00:00,GWEIUSDT,LONG_CONTINUATION,Fake Breakout,240,11.0766,12.2826,-15.6159,2.0807,-8.4265,-13.0331,-13.0331,0.3333,12.0,False,False,-10.5072,underperformer
long_2026-06-13T160000_OPUSDT,long,2026-06-13 16:00:00,OPUSDT,LONG_CONTINUATION,Continuous Trend,420,7.026,8.2772,-0.6737,2.4062,4.3311,4.0423,4.0423,0.5833,12.0,False,True,1.9249,loser_2h_runner_6h
long_2026-06-13T160000_OPENUSDT,long,2026-06-13 16:00:00,OPENUSDT,LONG_CONTINUATION,Slow Trend,240,12.2302,12.6799,-0.5845,9.1727,8.1385,8.0036,8.0036,0.3333,12.0,True,True,-1.0342,sustained_winner
long_2026-06-13T160000_COWUSDT,long,2026-06-13 16:00:00,COWUSDT,LONG_CONTINUATION,Late Runner,630,2.1453,2.5606,-0.4152,0.692,1.1765,2.0761,2.0761,0.875,12.0,False,False,0.4845,underperformer
long_2026-06-13T180000_BTWUSDT,long,2026-06-13 18:00:00,BTWUSDT,LONG_CONTINUATION,Late Runner,720,22.027,25.1499,-3.5271,2.6628,10.3862,22.027,22.027,1.0,12.0,False,True,7.7234,loser_2h_runner_6h
long_2026-06-13T180000_COAIUSDT,long,2026-06-13 18:00:00,COAIUSDT,LONG_CONTINUATION,Late Runner,615,85.4792,89.9713,-0.5484,7.9394,46.4612,61.7394,61.7394,0.8542,12.0,True,True,38.5218,sustained_winner
long_2026-06-13T180000_BEATUSDT,long,2026-06-13 18:00:00,BEATUSDT,LONG_CONTINUATION,Fake Breakout,45,3.7197,4.4526,-24.9496,2.9911,-17.1937,-19.0004,-19.0004,0.0625,12.0,False,False,-20.1848,underperformer
long_2026-06-13T180000_FOLKSUSDT,long,2026-06-13 18:00:00,FOLKSUSDT,LONG_CONTINUATION,Fake Breakout,135,6.7797,9.8517,-13.9301,5.5085,-2.1716,-7.2034,-7.2034,0.1875,12.0,True,False,-7.6801,winner_2h_fade_6h
long_2026-06-13T180000_CYSUSDT,long,2026-06-13 18:00:00,CYSUSDT,LONG_CONTINUATION,Fake Breakout,60,2.5625,3.0322,-0.9823,1.6015,0.4698,0.0427,0.0427,0.0833,12.0,False,False,-1.1317,underperformer
long_2026-06-13T200000_EPICUSDT,long,2026-06-13 20:00:00,EPICUSDT,LONG_CONTINUATION,Fake Breakout,240,7.0472,12.2974,-6.7829,1.4975,-3.9641,-6.2544,-6.2544,0.3333,12.0,False,False,-5.4616,underperformer
long_2026-06-13T200000_AIOTUSDT,long,2026-06-13 20:00:00,AIOTUSDT,LONG_CONTINUATION,Slow Trend,375,22.8078,23.5541,-0.3109,10.7121,16.7444,8.209,8.209,0.5208,12.0,True,True,6.0323,sustained_winner
long_2026-06-13T200000_0GUSDT,long,2026-06-13 20:00:00,0GUSDT,LONG_CONTINUATION,Fake Breakout,345,2.2125,4.0228,-0.1676,1.5085,1.6091,0.6034,0.6034,0.4792,12.0,False,False,0.1006,underperformer
long_2026-06-13T200000_ESPUSDT,long,2026-06-13 20:00:00,ESPUSDT,LONG_CONTINUATION,Unclassified,0,1.5168,2.6378,-5.2625,-1.5431,-2.2553,-4.6558,-4.6558,0.0,12.0,False,False,-0.7122,underperformer
long_2026-06-13T200000_FLUIDUSDT,long,2026-06-13 20:00:00,FLUIDUSDT,LONG_CONTINUATION,Unclassified,0,0.9311,1.3966,-0.6518,0.4655,-0.0931,-0.0931,-0.0931,0.0,12.0,False,False,-0.5586,underperformer
long_2026-06-13T220000_COAIUSDT,long,2026-06-13 22:00:00,COAIUSDT,LONG_CONTINUATION,Fake Breakout,375,75.4013,79.6493,-7.8785,38.5033,58.039,-3.8034,-3.8034,0.5208,12.0,True,True,19.5357,sustained_winner
long_2026-06-13T220000_AIOTUSDT,long,2026-06-13 22:00:00,AIOTUSDT,LONG_CONTINUATION,Slow Trend,255,12.8429,13.5286,-2.0143,5.5571,10.1714,3.7143,3.7143,0.3542,12.0,True,True,4.6143,sustained_winner
long_2026-06-13T220000_BTWUSDT,long,2026-06-13 22:00:00,BTWUSDT,LONG_CONTINUATION,Late Runner,705,23.0769,23.8759,-0.3657,7.2319,12.4323,18.9193,18.9193,0.9792,12.0,True,True,5.2004,sustained_winner
long_2026-06-13T220000_FETUSDT,long,2026-06-13 22:00:00,FETUSDT,LONG_CONTINUATION,Delayed Breakout,270,4.3371,4.3864,-0.69,1.0843,1.725,3.0557,3.0557,0.375,12.0,False,False,0.6407,underperformer
long_2026-06-13T220000_OPGUSDT,long,2026-06-13 22:00:00,OPGUSDT,LONG_CONTINUATION,Unclassified,90,5.2047,5.848,-2.6316,2.5146,2.2807,4.5029,4.5029,0.125,12.0,False,False,-0.2339,underperformer
long_2026-06-14T000000_AIAUSDT,long,2026-06-14 00:00:00,AIAUSDT,LONG_CONTINUATION,Unclassified,60,20.0286,23.2117,-0.304,10.4971,10.9263,11.7668,11.7668,0.0833,12.0,True,True,0.4292,sustained_winner
long_2026-06-14T000000_COAIUSDT,long,2026-06-14 00:00:00,COAIUSDT,LONG_CONTINUATION,Fake Breakout,255,28.3571,31.4658,-32.5863,8.1872,11.9284,-13.6996,-13.6996,0.3542,12.0,True,True,3.7412,sustained_winner
long_2026-06-14T000000_BTWUSDT,long,2026-06-14 00:00:00,BTWUSDT,LONG_CONTINUATION,Late Runner,720,25.2345,25.4299,-0.2996,4.729,14.0307,25.2345,25.2345,1.0,12.0,True,True,9.3017,sustained_winner
long_2026-06-14T000000_ALCHUSDT,long,2026-06-14 00:00:00,ALCHUSDT,LONG_CONTINUATION,Late Runner,720,5.4356,5.9792,-0.6212,1.3822,3.2614,5.4356,5.4356,1.0,12.0,False,True,1.8792,loser_2h_runner_6h
long_2026-06-14T000000_MMTUSDT,long,2026-06-14 00:00:00,MMTUSDT,LONG_CONTINUATION,Delayed Breakout,180,6.5235,8.1146,-0.716,1.9093,1.9889,1.5115,1.5115,0.25,12.0,False,False,0.0796,underperformer
long_2026-06-14T020000_ATUSDT,long,2026-06-14 02:00:00,ATUSDT,LONG_CONTINUATION,Fake Breakout,45,3.6704,3.8781,-11.0111,2.0776,-7.6177,-6.1634,-6.1634,0.0625,12.0,False,False,-9.6953,underperformer
long_2026-06-14T020000_COAIUSDT,long,2026-06-14 02:00:00,COAIUSDT,LONG_CONTINUATION,Fake Breakout,135,16.0647,18.8756,-39.0423,4.5759,-32.3255,-22.6998,-22.6998,0.1875,12.0,True,False,-36.9014,winner_2h_fade_6h
long_2026-06-14T020000_AIOUSDT,long,2026-06-14 02:00:00,AIOUSDT,LONG_CONTINUATION,Late Runner,705,7.5988,8.283,-6.9656,2.9405,-3.0497,4.2652,4.2652,0.9792,12.0,False,False,-5.9902,underperformer
long_2026-06-14T020000_MMTUSDT,long,2026-06-14 02:00:00,MMTUSDT,LONG_CONTINUATION,Fake Breakout,60,4.1213,5.6765,-2.4106,1.5552,-0.4666,-0.9331,-0.9331,0.0833,12.0,False,False,-2.0218,underperformer
long_2026-06-14T020000_BTWUSDT,long,2026-06-14 02:00:00,BTWUSDT,LONG_CONTINUATION,Late Runner,645,24.6163,31.5533,-1.0605,3.5808,6.9994,22.4828,22.4828,0.8958,12.0,True,True,3.4186,sustained_winner
long_2026-06-14T040000_COAIUSDT,long,2026-06-14 04:00:00,COAIUSDT,LONG_CONTINUATION,Fake Breakout,15,11.4914,14.1915,-41.4443,-2.7786,-38.854,-25.2276,-25.2276,0.0208,12.0,False,False,-36.0754,underperformer
long_2026-06-14T040000_BTWUSDT,long,2026-06-14 04:00:00,BTWUSDT,LONG_CONTINUATION,Delayed Breakout,525,19.1601,25.7934,-4.5455,4.4262,4.7602,7.2059,7.2059,0.7292,12.0,True,True,0.334,sustained_winner
long_2026-06-14T040000_ATUSDT,long,2026-06-14 04:00:00,ATUSDT,LONG_CONTINUATION,Fake Breakout,30,3.19,3.6061,-10.8877,-4.2996,-9.7087,-6.9348,-6.9348,0.0417,12.0,False,False,-5.4091,underperformer
long_2026-06-14T040000_AIOTUSDT,long,2026-06-14 04:00:00,AIOTUSDT,LONG_CONTINUATION,Late Runner,705,3.8215,4.8685,-10.2343,-6.7007,-4.9863,3.1017,3.1017,0.9792,12.0,False,False,1.7144,underperformer
long_2026-06-14T040000_OPGUSDT,long,2026-06-14 04:00:00,OPGUSDT,LONG_CONTINUATION,Delayed Breakout,390,4.4715,4.878,-1.1034,1.626,3.7747,2.0325,2.0325,0.5417,12.0,False,True,2.1487,loser_2h_runner_6h
long_2026-06-14T060000_HUSDT,long,2026-06-14 06:00:00,HUSDT,LONG_CONTINUATION,Late Runner,690,112.22,119.5131,-0.7707,9.4468,32.0104,103.6375,103.6375,0.9583,12.0,True,True,22.5636,sustained_winner
long_2026-06-14T060000_COAIUSDT,long,2026-06-14 06:00:00,COAIUSDT,LONG_CONTINUATION,Fake Breakout,30,5.814,7.4681,-38.9125,-32.1815,-21.7982,-24.8935,-24.8935,0.0417,12.0,False,False,10.3833,underperformer
long_2026-06-14T060000_AIAUSDT,long,2026-06-14 06:00:00,AIAUSDT,LONG_CONTINUATION,Fake Breakout,30,3.9628,5.7757,-9.1449,-1.2674,0.2727,-6.0164,-6.0164,0.0417,12.0,False,False,1.5401,underperformer
long_2026-06-14T060000_BTWUSDT,long,2026-06-14 06:00:00,BTWUSDT,LONG_CONTINUATION,Delayed Breakout,405,14.9764,21.3768,-5.5946,-1.2778,10.6596,2.2447,2.2447,0.5625,12.0,False,True,11.9374,loser_2h_runner_6h
long_2026-06-14T060000_BSBUSDT,long,2026-06-14 06:00:00,BSBUSDT,LONG_CONTINUATION,Unclassified,300,0.9614,1.8239,-4.4866,-1.7329,0.2216,-1.6894,-1.6894,0.4167,12.0,False,False,1.9545,underperformer
long_2026-06-14T080000_HUSDT,long,2026-06-14 08:00:00,HUSDT,LONG_CONTINUATION,Late Runner,660,105.5991,111.5732,-0.545,26.7842,55.856,101.3607,101.3607,0.9167,12.0,True,True,29.0718,sustained_winner
long_2026-06-14T080000_PRLUSDT,long,2026-06-14 08:00:00,PRLUSDT,LONG_CONTINUATION,Late Runner,645,3.5751,4.4041,-0.1036,0.8808,1.1399,2.6425,2.6425,0.8958,12.0,False,False,0.2591,underperformer
long_2026-06-14T080000_AINUSDT,long,2026-06-14 08:00:00,AINUSDT,LONG_CONTINUATION,Fake Breakout,405,23.7809,25.4891,-1.1165,2.2426,22.1109,-0.668,-0.668,0.5625,12.0,False,True,19.8683,loser_2h_runner_6h
long_2026-06-14T080000_MAGMAUSDT,long,2026-06-14 08:00:00,MAGMAUSDT,LONG_CONTINUATION,Fake Breakout,90,2.3109,3.5414,-5.6903,1.7917,-0.8043,-3.1573,-3.1573,0.125,12.0,False,False,-2.596,underperformer
long_2026-06-14T080000_OPGUSDT,long,2026-06-14 08:00:00,OPGUSDT,LONG_CONTINUATION,Late Runner,720,23.4589,23.8584,-2.7968,1.9977,-0.8562,23.4589,23.4589,1.0,12.0,False,False,-2.8539,underperformer
long_2026-06-14T100000_HUSDT,long,2026-06-14 10:00:00,HUSDT,LONG_CONTINUATION,Late Runner,540,78.4006,83.5843,-0.9518,10.4036,53.5693,8.244,8.244,0.75,12.0,True,True,43.1657,sustained_winner
long_2026-06-14T100000_AIAUSDT,long,2026-06-14 10:00:00,AIAUSDT,LONG_CONTINUATION,Fake Breakout,45,4.6749,5.1523,-6.7819,2.8807,-4.7243,-2.9136,-2.9136,0.0625,12.0,False,False,-7.605,underperformer
long_2026-06-14T100000_INUSDT,long,2026-06-14 10:00:00,INUSDT,LONG_CONTINUATION,Fake Breakout,30,2.7725,3.1286,-5.3796,-0.5596,-4.0824,-4.9218,-4.9218,0.0417,12.0,False,False,-3.5228,underperformer
long_2026-06-14T100000_NEWTUSDT,long,2026-06-14 10:00:00,NEWTUSDT,LONG_CONTINUATION,Delayed Breakout,690,5.444,5.7819,-2.4967,-0.8823,-1.8021,2.2151,2.2151,0.9583,12.0,False,False,-0.9198,underperformer
long_2026-06-14T100000_AIOTUSDT,long,2026-06-14 10:00:00,AIOTUSDT,LONG_CONTINUATION,Delayed Breakout,435,14.8037,17.3622,-2.0249,2.9279,7.7849,6.4578,6.4578,0.6042,12.0,False,True,4.857,loser_2h_runner_6h
long_2026-06-14T120000_HUSDT,long,2026-06-14 12:00:00,HUSDT,LONG_CONTINUATION,Slow Trend,420,62.9229,67.6569,-45.8822,23.505,55.5317,10.0787,10.0787,0.5833,12.0,True,True,32.0267,sustained_winner
long_2026-06-14T120000_BTWUSDT,long,2026-06-14 12:00:00,BTWUSDT,LONG_CONTINUATION,Immediate Explosion,45,10.7194,16.8828,-8.2696,8.8239,-1.5408,3.2147,3.2147,0.0625,12.0,True,False,-10.3647,winner_2h_fade_6h
long_2026-06-14T120000_AINUSDT,long,2026-06-14 12:00:00,AINUSDT,LONG_CONTINUATION,Fake Breakout,165,12.7031,14.2584,-16.2742,11.1826,-4.1272,-14.5278,-14.5278,0.2292,12.0,True,False,-15.3098,winner_2h_fade_6h
long_2026-06-14T120000_GIGGLEUSDT,long,2026-06-14 12:00:00,GIGGLEUSDT,LONG_CONTINUATION,Fake Breakout,450,4.1414,5.141,-2.6419,0.6426,0.5712,-1.071,-1.071,0.625,12.0,False,False,-0.0714,underperformer
long_2026-06-14T120000_ENSOUSDT,long,2026-06-14 12:00:00,ENSOUSDT,LONG_CONTINUATION,Unclassified,15,2.0538,2.4117,-4.061,-0.0467,-0.3423,-2.894,-2.894,0.0208,12.0,False,False,-0.2956,underperformer
long_2026-06-14T140000_HUSDT,long,2026-06-14 14:00:00,HUSDT,LONG_CONTINUATION,Fake Breakout,300,37.9536,41.9621,-54.1762,18.752,35.1097,-8.2895,-8.2895,0.4167,12.0,True,True,16.3577,sustained_winner
long_2026-06-14T140000_CLOUSDT,long,2026-06-14 14:00:00,CLOUSDT,LONG_CONTINUATION,Delayed Breakout,285,8.6192,10.2371,-13.9749,4.0,6.4714,6.5272,6.5272,0.3958,12.0,True,True,2.4714,sustained_winner
long_2026-06-14T140000_JELLYJELLYUSDT,long,2026-06-14 14:00:00,JELLYJELLYUSDT,LONG_CONTINUATION,Continuous Trend,465,30.1923,33.3392,-1.7483,12.7098,22.6748,26.0839,26.0839,0.6458,12.0,True,True,9.965,sustained_winner
long_2026-06-14T140000_AINUSDT,long,2026-06-14 14:00:00,AINUSDT,LONG_CONTINUATION,Fake Breakout,45,2.9771,4.3982,-25.0,-2.4135,-17.3627,-24.2061,-24.2061,0.0625,12.0,False,False,-14.9492,underperformer
long_2026-06-14T140000_LAUSDT,long,2026-06-14 14:00:00,LAUSDT,LONG_CONTINUATION,Slow Trend,420,3.5544,4.0053,-1.8435,2.8249,-0.6101,2.2281,2.2281,0.5833,12.0,False,False,-3.435,underperformer
long_2026-06-14T160000_JELLYJELLYUSDT,long,2026-06-14 16:00:00,JELLYJELLYUSDT,LONG_CONTINUATION,Slow Trend,345,18.3002,21.1597,-0.2383,10.9452,16.7117,16.7911,16.7911,0.4792,12.0,True,True,5.7665,sustained_winner
long_2026-06-14T160000_HUSDT,long,2026-06-14 16:00:00,HUSDT,LONG_CONTINUATION,Fake Breakout,180,17.4223,20.8342,-60.996,12.0953,-28.7544,-24.6089,-24.6089,0.25,12.0,True,False,-40.8497,winner_2h_fade_6h
long_2026-06-14T160000_ARCUSDT,long,2026-06-14 16:00:00,ARCUSDT,LONG_CONTINUATION,Fake Breakout,0,3.0083,5.2555,-2.9842,2.3076,0.7611,-2.5855,-2.5855,0.0,12.0,False,False,-1.5465,underperformer
long_2026-06-14T160000_OPENUSDT,long,2026-06-14 16:00:00,OPENUSDT,LONG_CONTINUATION,Fake Breakout,150,3.5686,4.571,-5.5333,2.3256,-1.8444,-3.2879,-3.2879,0.2083,12.0,False,False,-4.17,underperformer
long_2026-06-14T160000_BIRBUSDT,long,2026-06-14 16:00:00,BIRBUSDT,LONG_CONTINUATION,Unclassified,45,1.4843,2.1509,-4.1258,-0.4151,-3.283,-3.5723,-3.5723,0.0625,12.0,False,False,-2.8679,underperformer
long_2026-06-14T180000_OPGUSDT,long,2026-06-14 18:00:00,OPGUSDT,LONG_CONTINUATION,Late Runner,720,31.1384,31.808,-2.3996,20.7031,17.0759,31.1384,31.1384,1.0,12.0,True,True,-3.6272,sustained_winner
long_2026-06-14T180000_ONUSDT,long,2026-06-14 18:00:00,ONUSDT,LONG_CONTINUATION,Delayed Breakout,270,6.0843,7.5904,-1.6867,1.3614,2.5542,1.2771,1.2771,0.375,12.0,False,False,1.1928,underperformer
long_2026-06-14T180000_EVAAUSDT,long,2026-06-14 18:00:00,EVAAUSDT,LONG_CONTINUATION,Late Runner,705,67.9879,73.9566,-0.9559,3.6139,17.1835,65.5631,65.5631,0.9792,12.0,True,True,13.5696,sustained_winner
long_2026-06-14T180000_BILLUSDT,long,2026-06-14 18:00:00,BILLUSDT,LONG_CONTINUATION,Fake Breakout,105,3.6722,4.2392,-4.1987,1.9711,-0.5535,-2.6866,-2.6866,0.1458,12.0,False,False,-2.5246,underperformer
long_2026-06-14T180000_ASRUSDT,long,2026-06-14 18:00:00,ASRUSDT,LONG_CONTINUATION,Fake Breakout,525,3.2022,7.2278,-3.3852,-0.2745,2.8362,-2.1958,-2.1958,0.7292,12.0,False,False,3.1107,underperformer
long_2026-06-14T200000_OPGUSDT,long,2026-06-14 20:00:00,OPGUSDT,LONG_CONTINUATION,Late Runner,720,57.0029,59.1577,-1.763,1.1263,3.428,57.0029,57.0029,1.0,12.0,False,True,2.3017,loser_2h_runner_6h
long_2026-06-14T200000_EVAAUSDT,long,2026-06-14 20:00:00,EVAAUSDT,LONG_CONTINUATION,Late Runner,630,81.1439,88.0027,-1.2511,4.3119,33.9142,42.1135,42.1135,0.875,12.0,True,True,29.6023,sustained_winner
long_2026-06-14T200000_MIRAUSDT,long,2026-06-14 20:00:00,MIRAUSDT,LONG_CONTINUATION,Unclassified,75,10.7,11.265,-0.3099,7.9657,1.3489,1.0026,1.0026,0.1042,12.0,True,False,-6.6168,winner_2h_fade_6h
long_2026-06-14T200000_INUSDT,long,2026-06-14 20:00:00,INUSDT,LONG_CONTINUATION,Fake Breakout,0,3.66,4.9873,-4.2633,0.2279,-2.5204,0.2413,0.2413,0.0,12.0,False,False,-2.7483,underperformer
long_2026-06-14T200000_JELLYJELLYUSDT,long,2026-06-14 20:00:00,JELLYJELLYUSDT,LONG_CONTINUATION,Late Runner,720,14.8293,17.9666,-0.5084,6.7102,4.7495,14.8293,14.8293,1.0,12.0,True,True,-1.9607,sustained_winner
long_2026-06-14T220000_BSBUSDT,long,2026-06-14 22:00:00,BSBUSDT,LONG_CONTINUATION,Slow Trend,180,14.3937,17.3019,-0.2904,9.4605,14.151,12.2295,12.2295,0.25,12.0,True,True,4.6905,sustained_winner
long_2026-06-14T220000_CLOUSDT,long,2026-06-14 22:00:00,CLOUSDT,LONG_CONTINUATION,Late Runner,660,11.1785,12.5246,-10.9185,-0.0924,10.6066,10.312,10.312,0.9167,12.0,False,True,10.699,loser_2h_runner_6h
long_2026-06-14T220000_OPGUSDT,long,2026-06-14 22:00:00,OPGUSDT,LONG_CONTINUATION,Late Runner,600,56.314,59.5807,-2.1941,2.2916,6.4359,47.7816,47.7816,0.8333,12.0,False,True,4.1443,loser_2h_runner_6h
long_2026-06-14T220000_METISUSDT,long,2026-06-14 22:00:00,METISUSDT,LONG_CONTINUATION,Delayed Breakout,645,7.6839,7.9388,-0.4734,1.7116,0.7647,6.3729,6.3729,0.8958,12.0,False,False,-0.9469,underperformer
long_2026-06-14T220000_ONUSDT,long,2026-06-14 22:00:00,ONUSDT,LONG_CONTINUATION,Late Runner,570,5.145,6.2909,-4.5837,-0.4677,-1.4266,3.8587,3.8587,0.7917,12.0,False,False,-0.9589,underperformer
long_2026-06-15T000000_EVAAUSDT,long,2026-06-15 00:00:00,EVAAUSDT,LONG_CONTINUATION,Slow Trend,390,67.1408,73.4694,-0.3917,23.5622,46.3822,48.7734,48.7734,0.5417,12.0,True,True,22.82,sustained_winner
long_2026-06-15T000000_CLOUSDT,long,2026-06-15 00:00:00,CLOUSDT,LONG_CONTINUATION,Late Runner,705,52.0882,53.9472,-0.8056,18.3232,18.3852,50.4957,50.4957,0.9792,12.0,True,True,0.062,sustained_winner
long_2026-06-15T000000_BSBUSDT,long,2026-06-15 00:00:00,BSBUSDT,LONG_CONTINUATION,Unclassified,60,8.9703,11.7406,-0.2122,4.1574,4.3696,5.749,5.749,0.0833,12.0,True,True,0.2122,sustained_winner
long_2026-06-15T000000_GWEIUSDT,long,2026-06-15 00:00:00,GWEIUSDT,LONG_CONTINUATION,Continuous Trend,420,4.9194,8.2511,-0.1985,2.4236,3.2535,4.3361,4.3361,0.5833,12.0,False,True,0.8299,loser_2h_runner_6h
long_2026-06-15T000000_HEIUSDT,long,2026-06-15 00:00:00,HEIUSDT,LONG_CONTINUATION,Immediate Explosion,0,3.2794,4.4804,-2.7945,-1.1663,-0.6813,1.0162,1.0162,0.0,12.0,False,False,0.485,underperformer
long_2026-06-15T020000_BTWUSDT,long,2026-06-15 02:00:00,BTWUSDT,LONG_CONTINUATION,Slow Trend,210,6.6037,6.8266,-5.6163,1.5819,-2.7922,1.2209,1.2209,0.2917,12.0,False,False,-4.3741,underperformer
long_2026-06-15T020000_EVAAUSDT,long,2026-06-15 02:00:00,EVAAUSDT,LONG_CONTINUATION,Late Runner,720,62.0214,67.9088,-8.5758,12.9658,8.2355,62.0214,62.0214,1.0,12.0,True,True,-4.7303,sustained_winner
long_2026-06-15T020000_JELLYJELLYUSDT,long,2026-06-15 02:00:00,JELLYJELLYUSDT,LONG_CONTINUATION,Delayed Breakout,615,16.6084,17.4899,-0.2099,2.8683,10.6198,16.5664,16.5664,0.8542,12.0,False,True,7.7515,loser_2h_runner_6h
long_2026-06-15T020000_ASRUSDT,long,2026-06-15 02:00:00,ASRUSDT,LONG_CONTINUATION,Fake Breakout,45,1.3477,5.301,-5.1213,-2.7853,-2.6954,-0.3594,-0.3594,0.0625,12.0,False,False,0.0899,underperformer
long_2026-06-15T020000_ALLOUSDT,long,2026-06-15 02:00:00,ALLOUSDT,LONG_CONTINUATION,Fake Breakout,120,2.8042,4.8671,-9.4536,2.8042,-0.0818,-9.271,-9.271,0.1667,12.0,False,False,-2.886,underperformer
long_2026-06-15T040000_EVAAUSDT,long,2026-06-15 04:00:00,EVAAUSDT,LONG_CONTINUATION,Late Runner,615,51.0722,55.5976,-9.918,11.9678,5.4084,40.2081,40.2081,0.8542,12.0,True,True,-6.5594,sustained_winner
long_2026-06-15T040000_JELLYJELLYUSDT,long,2026-06-15 04:00:00,JELLYJELLYUSDT,LONG_CONTINUATION,Late Runner,705,26.8396,28.5557,-2.279,2.3339,8.553,3.9127,3.9127,0.9792,12.0,False,True,6.2191,loser_2h_runner_6h
long_2026-06-15T040000_OPGUSDT,long,2026-06-15 04:00:00,OPGUSDT,LONG_CONTINUATION,Fake Breakout,375,56.9827,61.4199,-17.7487,9.7618,41.5694,-14.993,-14.993,0.5208,12.0,True,True,31.8076,sustained_winner
long_2026-06-15T040000_REDUSDT,long,2026-06-15 04:00:00,REDUSDT,LONG_CONTINUATION,Slow Trend,285,5.876,6.0936,0.0,3.6997,4.0261,4.8966,4.8966,0.3958,12.0,True,True,0.3264,sustained_winner
long_2026-06-15T040000_BREVUSDT,long,2026-06-15 04:00:00,BREVUSDT,LONG_CONTINUATION,Delayed Breakout,615,7.7249,7.9307,-0.4238,1.1624,3.0149,5.8603,5.8603,0.8542,12.0,False,True,1.8525,loser_2h_runner_6h
long_2026-06-15T060000_OPGUSDT,long,2026-06-15 06:00:00,OPGUSDT,LONG_CONTINUATION,Fake Breakout,255,45.5608,49.6752,-23.7332,38.848,6.453,-20.0087,-20.0087,0.3542,12.0,True,True,-32.395,sustained_winner
long_2026-06-15T060000_OPENUSDT,long,2026-06-15 06:00:00,OPENUSDT,LONG_CONTINUATION,Fake Breakout,375,6.7825,7.3201,-2.3573,3.2672,6.2862,-2.1505,-2.1505,0.5208,12.0,True,True,3.019,sustained_winner
long_2026-06-15T060000_PENDLEUSDT,long,2026-06-15 06:00:00,PENDLEUSDT,LONG_CONTINUATION,Late Runner,555,6.5892,6.7031,0.0,4.9192,5.1089,5.033,5.033,0.7708,12.0,True,True,0.1897,sustained_winner
long_2026-06-15T060000_INUSDT,long,2026-06-15 06:00:00,INUSDT,LONG_CONTINUATION,Slow Trend,180,5.5856,6.1677,-0.2356,3.6313,3.1601,1.2474,1.2474,0.25,12.0,True,True,-0.4712,sustained_winner
long_2026-06-15T060000_EIGENUSDT,long,2026-06-15 06:00:00,EIGENUSDT,LONG_CONTINUATION,Late Runner,660,9.3463,9.7038,0.0,3.8815,5.5158,8.1716,8.1716,0.9167,12.0,True,True,1.6343,sustained_winner
long_2026-06-15T080000_BTWUSDT,long,2026-06-15 08:00:00,BTWUSDT,LONG_CONTINUATION,Slow Trend,210,5.9346,6.9851,-2.8049,2.1876,3.2489,2.989,2.989,0.2917,12.0,False,True,1.0613,loser_2h_runner_6h
long_2026-06-15T080000_AKTUSDT,long,2026-06-15 08:00:00,AKTUSDT,LONG_CONTINUATION,Slow Trend,315,7.3999,8.347,-0.8334,6.8064,4.6471,2.0078,2.0078,0.4375,12.0,True,True,-2.1593,sustained_winner
long_2026-06-15T080000_ICPUSDT,long,2026-06-15 08:00:00,ICPUSDT,LONG_CONTINUATION,Delayed Breakout,375,4.0193,4.2203,-0.6029,0.1608,3.336,2.8939,2.8939,0.5208,12.0,False,True,3.1752,loser_2h_runner_6h
long_2026-06-15T080000_OPGUSDT,long,2026-06-15 08:00:00,OPGUSDT,LONG_CONTINUATION,Fake Breakout,135,9.8007,12.9043,-42.4698,-0.9801,-27.6707,-32.4077,-32.4077,0.1875,12.0,False,False,-26.6906,underperformer
long_2026-06-15T080000_JELLYJELLYUSDT,long,2026-06-15 08:00:00,JELLYJELLYUSDT,LONG_CONTINUATION,Fake Breakout,465,17.3803,18.9684,-23.3897,0.4574,5.8442,-20.1118,-20.1118,0.6458,12.0,False,True,5.3868,loser_2h_runner_6h
long_2026-06-15T100000_PIEVERSEUSDT,long,2026-06-15 10:00:00,PIEVERSEUSDT,LONG_CONTINUATION,Late Runner,690,8.0017,8.5826,-0.1017,2.5269,3.2239,6.2155,6.2155,0.9583,12.0,False,True,0.697,loser_2h_runner_6h
long_2026-06-15T100000_AKTUSDT,long,2026-06-15 10:00:00,AKTUSDT,LONG_CONTINUATION,Fake Breakout,195,3.9223,4.8387,-3.6413,3.2258,2.566,-2.8715,-2.8715,0.2708,12.0,True,False,-0.6598,winner_2h_fade_6h
long_2026-06-15T100000_EVAAUSDT,long,2026-06-15 10:00:00,EVAAUSDT,LONG_CONTINUATION,Late Runner,555,58.1925,59.9276,-1.0109,8.8865,34.1581,51.3277,51.3277,0.7708,12.0,True,True,25.2716,sustained_winner
long_2026-06-15T100000_GRASSUSDT,long,2026-06-15 10:00:00,GRASSUSDT,LONG_CONTINUATION,Slow Trend,390,11.4045,11.9736,-6.6014,4.2568,9.3558,10.2436,10.2436,0.5417,12.0,True,True,5.099,sustained_winner
long_2026-06-15T100000_ALLOUSDT,long,2026-06-15 10:00:00,ALLOUSDT,LONG_CONTINUATION,Late Runner,720,5.2354,7.3121,-12.7852,-2.3062,-9.9571,5.2354,5.2354,1.0,12.0,False,False,-7.6509,underperformer
long_2026-06-15T120000_EVAAUSDT,long,2026-06-15 12:00:00,EVAAUSDT,LONG_CONTINUATION,Continuous Trend,435,39.7255,59.2217,-12.5666,26.8923,32.8092,30.9568,30.9568,0.6042,12.0,True,True,5.9169,sustained_winner
long_2026-06-15T120000_HUSDT,long,2026-06-15 12:00:00,HUSDT,LONG_CONTINUATION,Fake Breakout,405,28.4928,36.7563,-46.6122,-10.5592,20.8398,-30.5123,-30.5123,0.5625,12.0,False,True,31.399,loser_2h_runner_6h
long_2026-06-15T120000_BARDUSDT,long,2026-06-15 12:00:00,BARDUSDT,LONG_CONTINUATION,Late Runner,570,4.647,5.0091,-0.1207,1.8105,3.0779,3.44,3.44,0.7917,12.0,False,True,1.2674,loser_2h_runner_6h
long_2026-06-15T120000_CLANKERUSDT,long,2026-06-15 12:00:00,CLANKERUSDT,LONG_CONTINUATION,Late Runner,630,7.0395,7.8289,-0.2632,2.5,1.7763,6.9737,6.9737,0.875,12.0,False,False,-0.7237,underperformer
long_2026-06-15T120000_JUPUSDT,long,2026-06-15 12:00:00,JUPUSDT,LONG_CONTINUATION,Late Runner,615,5.9143,6.4026,-0.2713,2.713,1.4107,4.395,4.395,0.8542,12.0,False,False,-1.3023,underperformer
long_2026-06-15T140000_GRASSUSDT,long,2026-06-15 14:00:00,GRASSUSDT,LONG_CONTINUATION,Late Runner,645,10.5157,11.7265,-0.9193,7.713,3.2511,8.7668,8.7668,0.8958,12.0,True,True,-4.4619,sustained_winner
long_2026-06-15T140000_ARCUSDT,long,2026-06-15 14:00:00,ARCUSDT,LONG_CONTINUATION,Slow Trend,450,4.8739,5.2023,-0.2365,2.6274,1.5765,3.2712,3.2712,0.625,12.0,False,False,-1.0509,underperformer
long_2026-06-15T140000_ENAUSDT,long,2026-06-15 14:00:00,ENAUSDT,LONG_CONTINUATION,Late Runner,630,6.5609,7.1767,-0.2132,1.5277,3.0791,4.6779,4.6779,0.875,12.0,False,True,1.5514,loser_2h_runner_6h
long_2026-06-15T140000_BEATUSDT,long,2026-06-15 14:00:00,BEATUSDT,LONG_CONTINUATION,Fake Breakout,30,2.6159,3.2747,-34.5622,-5.832,-23.2943,-30.1243,-30.1243,0.0417,12.0,False,False,-17.4623,underperformer
long_2026-06-15T140000_LUMIAUSDT,long,2026-06-15 14:00:00,LUMIAUSDT,LONG_CONTINUATION,Delayed Breakout,510,5.6936,6.0453,-0.0659,0.7474,2.539,1.7586,1.7586,0.7083,12.0,False,False,1.7916,underperformer
long_2026-06-15T160000_EVAAUSDT,long,2026-06-15 16:00:00,EVAAUSDT,LONG_CONTINUATION,Late Runner,630,46.81,57.3023,-13.2652,17.0955,17.8475,46.152,46.152,0.875,12.0,True,True,0.752,sustained_winner
long_2026-06-15T160000_METUSDT,long,2026-06-15 16:00:00,METUSDT,LONG_CONTINUATION,Immediate Explosion,45,6.9626,8.007,-3.3072,-1.4795,2.611,3.2202,3.2202,0.0625,12.0,False,False,4.0905,underperformer
long_2026-06-15T160000_CLOUSDT,long,2026-06-15 16:00:00,CLOUSDT,LONG_CONTINUATION,Fake Breakout,45,3.3002,6.8957,-25.3362,-1.8891,0.9018,-23.8125,-23.8125,0.0625,12.0,False,False,2.7909,underperformer
long_2026-06-15T160000_DUSKUSDT,long,2026-06-15 16:00:00,DUSKUSDT,LONG_CONTINUATION,Delayed Breakout,405,8.5996,9.2966,-0.1823,1.4261,5.3185,5.1469,5.1469,0.5625,12.0,False,True,3.8924,loser_2h_runner_6h
long_2026-06-15T160000_PARTIUSDT,long,2026-06-15 16:00:00,PARTIUSDT,LONG_CONTINUATION,Slow Trend,120,5.7562,5.8992,-0.0536,5.7562,2.6099,1.1798,1.1798,0.1667,12.0,True,False,-3.1463,winner_2h_fade_6h
long_2026-06-15T180000_MAGMAUSDT,long,2026-06-15 18:00:00,MAGMAUSDT,LONG_CONTINUATION,Unclassified,105,16.3189,17.4334,-0.2936,12.9297,9.3609,11.7382,11.7382,0.1458,12.0,True,True,-3.5688,sustained_winner
long_2026-06-15T180000_CLOUSDT,long,2026-06-15 18:00:00,CLOUSDT,LONG_CONTINUATION,Fake Breakout,45,7.0489,9.7035,-25.0184,1.07,2.8874,-24.0546,-24.0546,0.0625,12.0,False,False,1.8174,underperformer
long_2026-06-15T180000_HUSDT,long,2026-06-15 18:00:00,HUSDT,LONG_CONTINUATION,Fake Breakout,45,4.6744,11.4061,-59.761,-28.5115,-43.3931,-58.2029,-58.2029,0.0625,12.0,False,False,-14.8816,underperformer
long_2026-06-15T180000_KAITOUSDT,long,2026-06-15 18:00:00,KAITOUSDT,LONG_CONTINUATION,Immediate Explosion,0,3.4093,3.7716,-0.0852,2.2587,1.2998,2.7701,2.7701,0.0,12.0,False,False,-0.9589,underperformer
long_2026-06-15T180000_BILLUSDT,long,2026-06-15 18:00:00,BILLUSDT,LONG_CONTINUATION,Fake Breakout,345,8.934,9.7968,-1.0437,3.0615,7.5842,0.0,0.0,0.4792,12.0,True,True,4.5227,sustained_winner
long_2026-06-15T200000_BSBUSDT,long,2026-06-15 20:00:00,BSBUSDT,LONG_CONTINUATION,Slow Trend,300,45.7461,55.8336,-0.2141,32.0156,34.4259,38.4675,38.4675,0.4167,12.0,True,True,2.4103,sustained_winner
long_2026-06-15T200000_GRASSUSDT,long,2026-06-15 20:00:00,GRASSUSDT,LONG_CONTINUATION,Slow Trend,285,9.582,10.7826,-0.5336,7.6701,7.8479,2.1565,2.1565,0.3958,12.0,True,True,0.1778,sustained_winner
long_2026-06-15T200000_AEROUSDT,long,2026-06-15 20:00:00,AEROUSDT,LONG_CONTINUATION,Late Runner,615,9.1971,10.1168,-0.2734,5.0957,4.9466,6.3634,6.3634,0.8542,12.0,True,True,-0.1491,sustained_winner
long_2026-06-15T200000_CROSSUSDT,long,2026-06-15 20:00:00,CROSSUSDT,LONG_CONTINUATION,Unclassified,135,2.5528,2.931,-2.2902,1.891,-0.8299,-0.7354,-0.7354,0.1875,12.0,False,False,-2.7209,underperformer
long_2026-06-15T200000_AVNTUSDT,long,2026-06-15 20:00:00,AVNTUSDT,LONG_CONTINUATION,Fake Breakout,135,3.0249,3.7367,-2.3132,2.5801,1.3345,-1.6014,-1.6014,0.1875,12.0,False,False,-1.2456,underperformer
long_2026-06-15T220000_GUAUSDT,long,2026-06-15 22:00:00,GUAUSDT,LONG_CONTINUATION,Immediate Explosion,30,7.0227,10.1516,-4.297,-1.4741,0.1947,1.8495,1.8495,0.0417,12.0,False,False,1.6688,underperformer
long_2026-06-15T220000_ALLOUSDT,long,2026-06-15 22:00:00,ALLOUSDT,LONG_CONTINUATION,Fake Breakout,0,2.6138,4.0232,-8.3928,-0.1519,-6.5944,0.1012,0.1012,0.0,12.0,False,False,-6.4425,underperformer
long_2026-06-15T220000_ALCHUSDT,long,2026-06-15 22:00:00,ALCHUSDT,LONG_CONTINUATION,Late Runner,705,10.4423,10.911,-0.1904,7.191,6.6784,10.0322,10.0322,0.9792,12.0,True,True,-0.5126,sustained_winner
long_2026-06-15T220000_OPNUSDT,long,2026-06-15 22:00:00,OPNUSDT,LONG_CONTINUATION,Unclassified,60,2.2388,2.2388,-11.5672,-0.8706,-4.7264,-8.8308,-8.8308,0.0833,12.0,False,False,-3.8558,underperformer
long_2026-06-15T220000_BASEDUSDT,long,2026-06-15 22:00:00,BASEDUSDT,LONG_CONTINUATION,Fake Breakout,165,2.8819,3.1546,-10.0806,0.2253,-6.0365,-7.2581,-7.2581,0.2292,12.0,False,False,-6.2618,underperformer
short_2026-06-01T000000_AIAUSDT,short,2026-06-01 00:00:00,AIAUSDT,SHORT_CONTINUATION,Late Runner,705,13.0859,16.1706,-12.0737,6.8803,10.0494,12.7365,12.7365,0.9792,12.0,True,True,3.1691,sustained_winner
short_2026-06-01T000000_GUAUSDT,short,2026-06-01 00:00:00,GUAUSDT,SHORT_CONTINUATION,Slow Trend,405,13.1185,14.553,-11.9751,5.9459,12.7339,7.973,7.973,0.5625,12.0,True,True,6.788,sustained_winner
short_2026-06-01T000000_COAIUSDT,short,2026-06-01 00:00:00,COAIUSDT,SHORT_CONTINUATION,Fake Breakout,90,3.5874,4.3882,-3.139,2.5304,0.4805,0.6406,0.6406,0.125,12.0,False,False,-2.0499,underperformer
short_2026-06-01T000000_PLAYUSDT,short,2026-06-01 00:00:00,PLAYUSDT,SHORT_CONTINUATION,Immediate Explosion,30,6.49,8.0278,-2.3894,4.0139,1.6245,1.3248,1.3248,0.0417,12.0,True,False,-2.3894,winner_2h_fade_6h
short_2026-06-01T000000_MUSDT,short,2026-06-01 00:00:00,MUSDT,SHORT_CONTINUATION,Late Runner,675,5.2478,5.7011,-4.9467,3.7392,3.0043,4.8108,4.8108,0.9375,12.0,True,True,-0.7349,sustained_winner
short_2026-06-01T020000_ALLOUSDT,short,2026-06-01 02:00:00,ALLOUSDT,SHORT_CONTINUATION,Late Runner,720,24.6519,27.6261,-13.8406,3.4395,7.0754,24.6519,24.6519,1.0,12.0,True,True,3.6359,sustained_winner
short_2026-06-01T020000_TAUSDT,short,2026-06-01 02:00:00,TAUSDT,SHORT_CONTINUATION,Slow Trend,345,6.5668,8.58,-6.2672,6.1114,6.5548,1.7735,1.7735,0.4792,12.0,True,True,0.4434,sustained_winner
short_2026-06-01T020000_GWEIUSDT,short,2026-06-01 02:00:00,GWEIUSDT,SHORT_CONTINUATION,Immediate Explosion,45,4.608,5.3968,-3.3381,2.8379,2.0298,2.328,2.328,0.0625,12.0,False,False,-0.8081,underperformer
short_2026-06-01T020000_AIAUSDT,short,2026-06-01 02:00:00,AIAUSDT,SHORT_CONTINUATION,Delayed Breakout,690,9.5326,12.4869,-8.2064,3.3745,2.6129,8.9942,8.9942,0.9583,12.0,True,False,-0.7616,winner_2h_fade_6h
short_2026-06-01T020000_NILUSDT,short,2026-06-01 02:00:00,NILUSDT,SHORT_CONTINUATION,Fake Breakout,150,2.6965,3.3339,-2.5658,2.2062,-0.8988,0.2778,0.2778,0.2083,12.0,False,False,-3.105,underperformer
short_2026-06-01T040000_ACEUSDT,short,2026-06-01 04:00:00,ACEUSDT,SHORT_CONTINUATION,Fake Breakout,45,2.728,3.6658,-2.046,-0.2558,-1.5345,-0.1705,-0.1705,0.0625,12.0,False,False,-1.2787,underperformer
short_2026-06-01T040000_XLMUSDT,short,2026-06-01 04:00:00,XLMUSDT,SHORT_CONTINUATION,Fake Breakout,45,2.7631,3.123,-2.0393,0.12,-3.9467,-5.5182,-5.5182,0.0625,12.0,False,False,-4.0667,underperformer
short_2026-06-01T040000_GUAUSDT,short,2026-06-01 04:00:00,GUAUSDT,SHORT_CONTINUATION,Fake Breakout,165,8.4556,9.9671,-7.2508,8.0504,3.3187,-3.943,-3.943,0.2292,12.0,True,True,-4.7317,sustained_winner
short_2026-06-01T040000_INUSDT,short,2026-06-01 04:00:00,INUSDT,SHORT_CONTINUATION,Late Runner,720,8.2613,8.6886,-7.1116,2.6147,1.7092,8.2613,8.2613,1.0,12.0,False,False,-0.9055,underperformer
short_2026-06-01T040000_EPICUSDT,short,2026-06-01 04:00:00,EPICUSDT,SHORT_CONTINUATION,Unclassified,45,1.4202,1.6291,-0.5848,-0.8354,-9.5238,-24.4779,-24.4779,0.0625,12.0,False,False,-8.6884,underperformer
short_2026-06-01T060000_FETUSDT,short,2026-06-01 06:00:00,FETUSDT,SHORT_CONTINUATION,Fake Breakout,285,5.7275,6.1544,-5.1583,4.4824,-0.3557,0.2134,0.2134,0.3958,12.0,True,False,-4.8381,winner_2h_fade_6h
short_2026-06-01T060000_INITUSDT,short,2026-06-01 06:00:00,INITUSDT,SHORT_CONTINUATION,Unclassified,15,2.0057,2.7698,-1.8693,-3.2064,-8.405,-16.6189,-16.6189,0.0208,12.0,False,False,-5.1986,underperformer
short_2026-06-01T060000_ALLOUSDT,short,2026-06-01 06:00:00,ALLOUSDT,SHORT_CONTINUATION,Late Runner,675,34.9939,36.4661,-34.13,2.948,2.9623,33.3381,33.3381,0.9375,12.0,False,False,0.0143,underperformer
short_2026-06-01T060000_UBUSDT,short,2026-06-01 06:00:00,UBUSDT,SHORT_CONTINUATION,Continuous Trend,510,19.3924,20.0,-18.3949,2.5165,15.5342,12.5013,12.5013,0.7083,12.0,False,True,13.0177,loser_2h_runner_6h
short_2026-06-01T060000_BSBUSDT,short,2026-06-01 06:00:00,BSBUSDT,SHORT_CONTINUATION,Delayed Breakout,690,14.1798,17.0064,-12.935,2.4136,6.6286,11.4821,11.4821,0.9583,12.0,False,True,4.215,loser_2h_runner_6h
short_2026-06-01T080000_LITUSDT,short,2026-06-01 08:00:00,LITUSDT,SHORT_CONTINUATION,Late Runner,615,13.362,13.806,-12.8139,7.0626,9.3936,11.3154,11.3154,0.8542,12.0,True,True,2.331,sustained_winner
short_2026-06-01T080000_STGUSDT,short,2026-06-01 08:00:00,STGUSDT,SHORT_CONTINUATION,Late Runner,675,28.0193,28.6804,-26.9769,10.2721,10.2975,25.6801,25.6801,0.9375,12.0,True,True,0.0254,sustained_winner
short_2026-06-01T080000_GRASSUSDT,short,2026-06-01 08:00:00,GRASSUSDT,SHORT_CONTINUATION,Late Runner,615,12.5295,13.2376,-12.2345,5.2714,9.107,11.8607,11.8607,0.8542,12.0,True,True,3.8356,sustained_winner
short_2026-06-01T080000_BSBUSDT,short,2026-06-01 08:00:00,BSBUSDT,SHORT_CONTINUATION,Late Runner,705,13.76,16.2459,-13.1185,4.4103,7.6145,13.3521,13.3521,0.9792,12.0,True,True,3.2042,sustained_winner
short_2026-06-01T080000_SKYAIUSDT,short,2026-06-01 08:00:00,SKYAIUSDT,SHORT_CONTINUATION,Late Runner,600,6.6667,6.9548,-6.4237,2.7458,4.322,5.5311,5.5311,0.8333,12.0,False,True,1.5762,loser_2h_runner_6h
short_2026-06-01T100000_LABUSDT,short,2026-06-01 10:00:00,LABUSDT,SHORT_CONTINUATION,Fake Breakout,15,13.4261,23.2568,-8.7633,8.1813,-5.3237,-40.2054,-40.2054,0.0208,12.0,True,False,-13.505,winner_2h_fade_6h
short_2026-06-01T100000_UBUSDT,short,2026-06-01 10:00:00,UBUSDT,SHORT_CONTINUATION,Slow Trend,270,10.2593,10.9357,-9.1488,5.9639,5.1917,2.7565,2.7565,0.375,12.0,True,True,-0.7722,sustained_winner
short_2026-06-01T100000_STGUSDT,short,2026-06-01 10:00:00,STGUSDT,SHORT_CONTINUATION,Late Runner,555,19.9151,21.5276,-18.7553,-1.7539,0.6506,16.6902,16.6902,0.7708,12.0,False,False,2.4045,underperformer
short_2026-06-01T100000_PUNDIXUSDT,short,2026-06-01 10:00:00,PUNDIXUSDT,SHORT_CONTINUATION,Slow Trend,330,6.6347,6.9083,-6.3611,2.2572,5.7456,6.4295,6.4295,0.4583,12.0,False,True,3.4884,loser_2h_runner_6h
short_2026-06-01T100000_ALLOUSDT,short,2026-06-01 10:00:00,ALLOUSDT,SHORT_CONTINUATION,Continuous Trend,525,37.6146,38.2616,-36.6282,5.7048,33.3683,35.2046,35.2046,0.7292,12.0,True,True,27.6635,sustained_winner
short_2026-06-01T120000_PLAYUSDT,short,2026-06-01 12:00:00,PLAYUSDT,SHORT_CONTINUATION,V-Reversal,630,14.2977,15.149,-13.5832,8.08,5.6628,13.7656,13.7656,0.875,12.0,True,True,-2.4172,sustained_winner
short_2026-06-01T120000_HUSDT,short,2026-06-01 12:00:00,HUSDT,SHORT_CONTINUATION,Fake Breakout,45,8.399,9.6602,-5.0021,5.4569,-11.3624,-10.7424,-10.7424,0.0625,12.0,True,False,-16.8193,winner_2h_fade_6h
short_2026-06-01T120000_ICNTUSDT,short,2026-06-01 12:00:00,ICNTUSDT,SHORT_CONTINUATION,Fake Breakout,600,5.5347,5.7844,-5.0354,2.0391,1.831,0.2913,0.2913,0.8333,12.0,False,False,-0.2081,underperformer
short_2026-06-01T120000_FFUSDT,short,2026-06-01 12:00:00,FFUSDT,SHORT_CONTINUATION,Slow Trend,510,3.1018,3.7843,-2.7648,-1.0109,-0.0346,2.065,2.065,0.7083,12.0,False,False,0.9763,underperformer
short_2026-06-01T120000_COLLECTUSDT,short,2026-06-01 12:00:00,COLLECTUSDT,SHORT_CONTINUATION,Unclassified,105,4.6555,5.1972,-4.4016,4.6555,3.2504,1.2189,1.2189,0.1458,12.0,True,True,-1.4051,sustained_winner
short_2026-06-01T140000_HUSDT,short,2026-06-01 14:00:00,HUSDT,SHORT_CONTINUATION,Late Runner,720,16.0771,22.4062,-13.1203,-4.5095,-14.4884,16.0771,16.0771,1.0,12.0,False,False,-9.9789,underperformer
short_2026-06-01T140000_AIAUSDT,short,2026-06-01 14:00:00,AIAUSDT,SHORT_CONTINUATION,Fake Breakout,165,7.6227,11.427,-6.9297,5.8266,4.1578,-3.6063,-3.6063,0.2292,12.0,True,True,-1.6688,sustained_winner
short_2026-06-01T140000_BEATUSDT,short,2026-06-01 14:00:00,BEATUSDT,SHORT_CONTINUATION,Slow Trend,330,13.0282,14.2162,-12.3585,9.9984,12.3027,11.8163,11.8163,0.4583,12.0,True,True,2.3043,sustained_winner
short_2026-06-01T140000_SPORTFUNUSDT,short,2026-06-01 14:00:00,SPORTFUNUSDT,SHORT_CONTINUATION,Late Runner,660,3.8957,4.8477,-3.2074,1.4499,-1.6257,2.8705,2.8705,0.9167,12.0,False,False,-3.0756,underperformer
short_2026-06-01T140000_EDENUSDT,short,2026-06-01 14:00:00,EDENUSDT,SHORT_CONTINUATION,Late Runner,660,7.8973,8.3447,-7.5277,1.9257,5.3297,7.411,7.411,0.9167,12.0,False,True,3.404,loser_2h_runner_6h
short_2026-06-01T160000_VICUSDT,short,2026-06-01 16:00:00,VICUSDT,SHORT_CONTINUATION,Fake Breakout,480,10.7885,11.5651,-8.3066,-8.4923,-2.8871,-1.9754,-1.9754,0.6667,12.0,False,False,5.6052,underperformer
short_2026-06-01T160000_ACUUSDT,short,2026-06-01 16:00:00,ACUUSDT,SHORT_CONTINUATION,Late Runner,690,5.5407,6.0743,-4.2787,-1.6314,1.6725,3.2218,3.2218,0.9583,12.0,False,False,3.3039,underperformer
short_2026-06-01T160000_WALUSDT,short,2026-06-01 16:00:00,WALUSDT,SHORT_CONTINUATION,Slow Trend,435,10.1559,10.9938,-9.6699,6.4522,9.519,6.6197,6.6197,0.6042,12.0,True,True,3.0668,sustained_winner
short_2026-06-01T160000_XLMUSDT,short,2026-06-01 16:00:00,XLMUSDT,SHORT_CONTINUATION,Slow Trend,495,8.5772,8.9168,-7.9875,5.9271,1.4893,5.0612,5.0612,0.6875,12.0,True,False,-4.4378,winner_2h_fade_6h
short_2026-06-01T160000_HUSDT,short,2026-06-01 16:00:00,HUSDT,SHORT_CONTINUATION,Late Runner,600,16.8628,23.1327,-13.9337,-9.1812,-21.0031,1.9795,1.9795,0.8333,12.0,False,False,-11.8219,underperformer
short_2026-06-01T180000_币安人生USDT,short,2026-06-01 18:00:00,币安人生USDT,SHORT_CONTINUATION,Slow Trend,330,9.1271,10.0606,-8.1261,7.4411,7.5689,9.0713,9.0713,0.4583,12.0,True,True,0.1278,sustained_winner
short_2026-06-01T180000_BANUSDT,short,2026-06-01 18:00:00,BANUSDT,SHORT_CONTINUATION,Slow Trend,165,5.737,6.3132,-5.5065,5.1991,5.2632,4.6101,4.6101,0.2292,12.0,True,True,0.0641,sustained_winner
short_2026-06-01T180000_PHAROSUSDT,short,2026-06-01 18:00:00,PHAROSUSDT,SHORT_CONTINUATION,Fake Breakout,240,5.217,5.3765,-4.4831,3.0632,2.3931,-3.3344,-3.3344,0.3333,12.0,True,False,-0.6701,winner_2h_fade_6h
short_2026-06-01T180000_AIOTUSDT,short,2026-06-01 18:00:00,AIOTUSDT,SHORT_CONTINUATION,Fake Breakout,15,3.3311,3.8948,-2.699,2.289,-5.398,-8.302,-8.302,0.0208,12.0,False,False,-7.687,underperformer
short_2026-06-01T180000_INITUSDT,short,2026-06-01 18:00:00,INITUSDT,SHORT_CONTINUATION,Late Runner,720,13.8502,14.2874,-13.4365,6.9842,8.6623,13.8502,13.8502,1.0,12.0,True,True,1.6781,sustained_winner
short_2026-06-01T200000_HEIUSDT,short,2026-06-01 20:00:00,HEIUSDT,SHORT_CONTINUATION,Late Runner,690,18.4484,18.8547,-18.0422,9.1152,13.0586,18.3196,18.3196,0.9583,12.0,True,True,3.9434,sustained_winner
short_2026-06-01T200000_LABUSDT,short,2026-06-01 20:00:00,LABUSDT,SHORT_CONTINUATION,Fake Breakout,30,6.816,11.3476,-2.4243,-1.9788,-9.5661,-13.8071,-13.8071,0.0417,12.0,False,False,-7.5873,underperformer
short_2026-06-01T200000_FFUSDT,short,2026-06-01 20:00:00,FFUSDT,SHORT_CONTINUATION,Late Runner,630,4.8629,4.9664,-4.7163,3.1471,2.7074,4.0869,4.0869,0.875,12.0,True,False,-0.4397,winner_2h_fade_6h
short_2026-06-01T200000_INITUSDT,short,2026-06-01 20:00:00,INITUSDT,SHORT_CONTINUATION,Late Runner,690,10.6091,10.9681,-10.0768,2.3273,7.5514,10.1882,10.1882,0.9583,12.0,False,True,5.2241,loser_2h_runner_6h
short_2026-06-01T200000_MOVRUSDT,short,2026-06-01 20:00:00,MOVRUSDT,SHORT_CONTINUATION,Late Runner,690,6.2182,7.1227,-5.879,5.879,5.0876,5.5399,5.5399,0.9583,12.0,True,True,-0.7914,sustained_winner
short_2026-06-01T220000_VICUSDT,short,2026-06-01 22:00:00,VICUSDT,SHORT_CONTINUATION,Slow Trend,120,18.4945,19.2041,-16.2271,18.4945,6.8333,12.9415,12.9415,0.1667,12.0,True,True,-11.6612,sustained_winner
short_2026-06-01T220000_CLOUSDT,short,2026-06-01 22:00:00,CLOUSDT,SHORT_CONTINUATION,Fake Breakout,75,5.0761,5.8092,-3.9254,3.6841,3.7305,-1.1971,-1.1971,0.1042,12.0,True,True,0.0464,sustained_winner
short_2026-06-01T220000_LABUSDT,short,2026-06-01 22:00:00,LABUSDT,SHORT_CONTINUATION,Fake Breakout,60,5.1669,7.0053,-3.2478,-9.0539,-4.8342,-13.1076,-13.1076,0.0833,12.0,False,False,4.2197,underperformer
short_2026-06-01T220000_XLMUSDT,short,2026-06-01 22:00:00,XLMUSDT,SHORT_CONTINUATION,Late Runner,720,11.3291,12.0988,-10.9928,8.1605,4.9583,11.3291,11.3291,1.0,12.0,True,True,-3.2022,sustained_winner
short_2026-06-01T220000_ACUUSDT,short,2026-06-01 22:00:00,ACUUSDT,SHORT_CONTINUATION,Delayed Breakout,720,8.1817,8.747,-7.6061,0.1028,3.0527,8.1817,8.1817,1.0,12.0,False,True,2.9499,loser_2h_runner_6h
short_2026-06-02T000000_HUSDT,short,2026-06-02 00:00:00,HUSDT,SHORT_CONTINUATION,Slow Trend,120,28.3664,33.7687,-25.8426,28.3664,12.783,4.2435,4.2435,0.1667,12.0,True,True,-15.5834,sustained_winner
short_2026-06-02T000000_VICUSDT,short,2026-06-02 00:00:00,VICUSDT,SHORT_CONTINUATION,Late Runner,720,4.4537,4.8355,-1.2725,-9.5619,-4.072,4.4537,4.4537,1.0,12.0,False,False,5.4899,underperformer
short_2026-06-02T000000_ARCUSDT,short,2026-06-02 00:00:00,ARCUSDT,SHORT_CONTINUATION,Late Runner,690,9.4951,10.2956,-9.0148,2.1675,6.3793,9.0025,9.0025,0.9583,12.0,False,True,4.2118,loser_2h_runner_6h
short_2026-06-02T000000_AERGOUSDT,short,2026-06-02 00:00:00,AERGOUSDT,SHORT_CONTINUATION,Fake Breakout,105,4.0893,5.3461,-3.5078,3.6391,2.9075,-1.7633,-1.7633,0.1458,12.0,True,False,-0.7316,winner_2h_fade_6h
short_2026-06-02T000000_HOMEUSDT,short,2026-06-02 00:00:00,HOMEUSDT,SHORT_CONTINUATION,Delayed Breakout,660,11.9466,13.7274,-7.9624,-1.0948,1.6551,9.2426,9.2426,0.9167,12.0,False,False,2.7499,underperformer
short_2026-06-02T020000_GUAUSDT,short,2026-06-02 02:00:00,GUAUSDT,SHORT_CONTINUATION,Slow Trend,315,18.1493,19.3313,-17.0149,16.1313,16.9552,10.9493,10.9493,0.4375,12.0,True,True,0.8239,sustained_winner
short_2026-06-02T020000_TONUSDT,short,2026-06-02 02:00:00,TONUSDT,SHORT_CONTINUATION,Late Runner,540,8.9493,9.4255,-7.9925,2.4075,5.0198,7.5431,7.5431,0.75,12.0,False,True,2.6123,loser_2h_runner_6h
short_2026-06-02T020000_SKYAIUSDT,short,2026-06-02 02:00:00,SKYAIUSDT,SHORT_CONTINUATION,Fake Breakout,120,4.6415,5.3346,-4.1193,4.6415,2.5965,-31.5682,-31.5682,0.1667,12.0,True,False,-2.045,winner_2h_fade_6h
short_2026-06-02T020000_PIEVERSEUSDT,short,2026-06-02 02:00:00,PIEVERSEUSDT,SHORT_CONTINUATION,Fake Breakout,30,5.2603,7.9841,-3.5068,2.0401,1.5108,-1.577,-1.577,0.0417,12.0,False,False,-0.5293,underperformer
short_2026-06-02T020000_TAUSDT,short,2026-06-02 02:00:00,TAUSDT,SHORT_CONTINUATION,Fake Breakout,105,2.1154,4.7598,-0.5626,1.8004,-0.5064,-3.1057,-3.1057,0.1458,12.0,False,False,-2.3068,underperformer
short_2026-06-02T040000_VICUSDT,short,2026-06-02 04:00:00,VICUSDT,SHORT_CONTINUATION,Late Runner,720,23.1255,23.3198,-22.0243,7.2874,8.5992,23.1255,23.1255,1.0,12.0,True,True,1.3118,sustained_winner
short_2026-06-02T040000_SIRENUSDT,short,2026-06-02 04:00:00,SIRENUSDT,SHORT_CONTINUATION,Continuous Trend,480,15.6923,16.1385,-14.1385,4.1538,8.1077,11.0,11.0,0.6667,12.0,True,True,3.9539,sustained_winner
short_2026-06-02T040000_STGUSDT,short,2026-06-02 04:00:00,STGUSDT,SHORT_CONTINUATION,Fake Breakout,210,6.5711,6.9295,-5.1075,3.3154,4.7192,-9.8865,-9.8865,0.2917,12.0,True,True,1.4038,sustained_winner
short_2026-06-02T040000_JELLYJELLYUSDT,short,2026-06-02 04:00:00,JELLYJELLYUSDT,SHORT_CONTINUATION,Delayed Breakout,150,2.3814,2.7335,-1.7273,1.7944,0.1342,0.2683,0.2683,0.2083,12.0,False,False,-1.6602,underperformer
short_2026-06-02T040000_LQTYUSDT,short,2026-06-02 04:00:00,LQTYUSDT,SHORT_CONTINUATION,Slow Trend,420,4.8117,5.1953,-4.0446,2.4059,1.2204,3.9052,3.9052,0.5833,12.0,False,False,-1.1855,underperformer
short_2026-06-02T060000_ESPORTSUSDT,short,2026-06-02 06:00:00,ESPORTSUSDT,SHORT_CONTINUATION,Slow Trend,360,14.6384,15.3439,-10.582,8.8183,14.6384,13.7566,13.7566,0.5,12.0,True,True,5.8201,sustained_winner
short_2026-06-02T060000_PENDLEUSDT,short,2026-06-02 06:00:00,PENDLEUSDT,SHORT_CONTINUATION,Slow Trend,285,4.9251,5.5983,-4.3893,2.5828,1.1746,4.7328,4.7328,0.3958,12.0,False,False,-1.4082,underperformer
short_2026-06-02T060000_PIEVERSEUSDT,short,2026-06-02 06:00:00,PIEVERSEUSDT,SHORT_CONTINUATION,Fake Breakout,45,4.2897,4.4666,-2.8413,1.2604,-6.1249,-1.5699,-1.5699,0.0625,12.0,False,False,-7.3853,underperformer
short_2026-06-02T060000_INJUSDT,short,2026-06-02 06:00:00,INJUSDT,SHORT_CONTINUATION,Fake Breakout,45,2.4401,3.282,-1.7979,0.2426,-2.4543,-0.7991,-0.7991,0.0625,12.0,False,False,-2.6969,underperformer
short_2026-06-02T060000_VICUSDT,short,2026-06-02 06:00:00,VICUSDT,SHORT_CONTINUATION,V-Reversal,705,20.4945,21.5004,-20.1535,-0.5627,10.3836,20.4945,20.4945,0.9792,12.0,False,True,10.9463,loser_2h_runner_6h
short_2026-06-02T080000_HOMEUSDT,short,2026-06-02 08:00:00,HOMEUSDT,SHORT_CONTINUATION,Slow Trend,375,14.2746,15.6664,-13.142,7.4501,12.8925,4.5457,4.5457,0.5208,12.0,True,True,5.4424,sustained_winner
short_2026-06-02T080000_VICUSDT,short,2026-06-02 08:00:00,VICUSDT,SHORT_CONTINUATION,Late Runner,645,23.9921,24.5043,-23.612,6.7416,17.2505,23.9755,23.9755,0.8958,12.0,True,True,10.5089,sustained_winner
short_2026-06-02T080000_EPICUSDT,short,2026-06-02 08:00:00,EPICUSDT,SHORT_CONTINUATION,Fake Breakout,135,13.0943,14.9801,-11.9256,11.3679,4.5684,-17.344,-17.344,0.1875,12.0,True,True,-6.7995,sustained_winner
short_2026-06-02T080000_ALLOUSDT,short,2026-06-02 08:00:00,ALLOUSDT,SHORT_CONTINUATION,Slow Trend,210,8.4628,9.1398,-7.2586,4.162,5.9489,8.1243,8.1243,0.2917,12.0,True,True,1.7869,sustained_winner
short_2026-06-02T080000_MYXUSDT,short,2026-06-02 08:00:00,MYXUSDT,SHORT_CONTINUATION,Slow Trend,180,17.5187,20.7065,-15.5083,8.4147,11.1143,4.8248,4.8248,0.25,12.0,True,True,2.6996,sustained_winner
short_2026-06-02T100000_ESPORTSUSDT,short,2026-06-02 10:00:00,ESPORTSUSDT,SHORT_CONTINUATION,Late Runner,660,35.4571,37.3961,-33.518,32.964,25.7618,35.4571,35.4571,0.9167,12.0,True,True,-7.2022,sustained_winner
short_2026-06-02T100000_STGUSDT,short,2026-06-02 10:00:00,STGUSDT,SHORT_CONTINUATION,Late Runner,705,15.8762,16.1034,-14.0301,4.1181,-4.4874,12.5533,12.5533,0.9792,12.0,True,False,-8.6055,winner_2h_fade_6h
short_2026-06-02T100000_MYXUSDT,short,2026-06-02 10:00:00,MYXUSDT,SHORT_CONTINUATION,Fake Breakout,60,9.7139,13.2034,-7.5134,5.9415,-0.3458,-6.4445,-6.4445,0.0833,12.0,True,False,-6.2873,winner_2h_fade_6h
short_2026-06-02T100000_OPNUSDT,short,2026-06-02 10:00:00,OPNUSDT,SHORT_CONTINUATION,Slow Trend,135,9.8248,10.358,-9.0632,9.444,7.997,9.3679,9.3679,0.1875,12.0,True,True,-1.447,sustained_winner
short_2026-06-02T100000_BUSDT,short,2026-06-02 10:00:00,BUSDT,SHORT_CONTINUATION,Slow Trend,165,7.7875,8.2268,-5.9105,4.7125,4.8323,3.3946,3.3946,0.2292,12.0,True,True,0.1198,sustained_winner
short_2026-06-02T120000_VICUSDT,short,2026-06-02 12:00:00,VICUSDT,SHORT_CONTINUATION,Continuous Trend,405,15.301,15.8718,-14.8776,7.7886,14.141,14.0858,14.0858,0.5625,12.0,True,True,6.3524,sustained_winner
short_2026-06-02T120000_PIEVERSEUSDT,short,2026-06-02 12:00:00,PIEVERSEUSDT,SHORT_CONTINUATION,Fake Breakout,330,8.8846,10.3434,-7.1117,6.6863,6.9294,-7.983,-7.983,0.4583,12.0,True,True,0.2431,sustained_winner
short_2026-06-02T120000_HIVEUSDT,short,2026-06-02 12:00:00,HIVEUSDT,SHORT_CONTINUATION,Late Runner,720,9.9146,10.1393,-8.9262,6.6347,6.47,9.9146,9.9146,1.0,12.0,True,True,-0.1647,sustained_winner
short_2026-06-02T120000_AERGOUSDT,short,2026-06-02 12:00:00,AERGOUSDT,SHORT_CONTINUATION,Late Runner,690,11.7444,12.3088,-10.6701,9.614,8.2848,10.8339,10.8339,0.9583,12.0,True,True,-1.3292,sustained_winner
short_2026-06-02T120000_HUSDT,short,2026-06-02 12:00:00,HUSDT,SHORT_CONTINUATION,Late Runner,615,18.1413,18.8229,-13.4508,-4.9517,-3.4532,16.9319,16.9319,0.8542,12.0,False,False,1.4985,underperformer
short_2026-06-02T140000_STGUSDT,short,2026-06-02 14:00:00,STGUSDT,SHORT_CONTINUATION,V-Reversal,465,18.2445,19.5418,-16.8921,-1.5457,12.5311,14.0767,14.0767,0.6458,12.0,False,True,14.0768,loser_2h_runner_6h
short_2026-06-02T140000_ESPORTSUSDT,short,2026-06-02 14:00:00,ESPORTSUSDT,SHORT_CONTINUATION,Delayed Breakout,630,16.0448,20.1493,-12.6866,-0.0,1.8657,8.9552,8.9552,0.875,12.0,False,False,1.8657,underperformer
short_2026-06-02T140000_PARTIUSDT,short,2026-06-02 14:00:00,PARTIUSDT,SHORT_CONTINUATION,Slow Trend,195,7.0334,7.2549,-5.9812,2.086,-2.5845,2.2891,2.2891,0.2708,12.0,False,False,-4.6705,underperformer
short_2026-06-02T140000_ICNTUSDT,short,2026-06-02 14:00:00,ICNTUSDT,SHORT_CONTINUATION,Slow Trend,255,3.2609,3.6371,-2.7592,2.3411,1.3378,1.3378,1.3378,0.3542,12.0,False,False,-1.0033,underperformer
short_2026-06-02T140000_NEARUSDT,short,2026-06-02 14:00:00,NEARUSDT,SHORT_CONTINUATION,Late Runner,630,6.7873,7.4661,-5.7315,2.187,-2.0739,2.9035,2.9035,0.875,12.0,False,False,-4.2609,underperformer
short_2026-06-02T160000_SKYAIUSDT,short,2026-06-02 16:00:00,SKYAIUSDT,SHORT_CONTINUATION,Continuous Trend,510,54.4232,54.9813,-53.8775,30.672,52.4381,51.2528,51.2528,0.7083,12.0,True,True,21.7661,sustained_winner
short_2026-06-02T160000_WLDUSDT,short,2026-06-02 16:00:00,WLDUSDT,SHORT_CONTINUATION,Continuous Trend,495,12.9666,13.7743,-11.7005,10.3689,8.7099,11.766,11.766,0.6875,12.0,True,True,-1.659,sustained_winner
short_2026-06-02T160000_HUSDT,short,2026-06-02 16:00:00,HUSDT,SHORT_CONTINUATION,Delayed Breakout,375,21.5644,22.647,-18.3979,0.8729,19.0066,18.1756,18.1756,0.5208,12.0,False,True,18.1337,loser_2h_runner_6h
short_2026-06-02T160000_PARTIUSDT,short,2026-06-02 16:00:00,PARTIUSDT,SHORT_CONTINUATION,Unclassified,75,7.4265,7.6471,-6.3787,3.3456,-3.989,3.0699,3.0699,0.1042,12.0,True,False,-7.3346,winner_2h_fade_6h
short_2026-06-02T160000_OPGUSDT,short,2026-06-02 16:00:00,OPGUSDT,SHORT_CONTINUATION,Late Runner,720,12.6847,13.1431,-12.0734,5.1452,3.6679,12.6847,12.6847,1.0,12.0,True,True,-1.4773,sustained_winner
short_2026-06-02T180000_SKYAIUSDT,short,2026-06-02 18:00:00,SKYAIUSDT,SHORT_CONTINUATION,Slow Trend,390,46.6152,47.2691,-45.9761,33.3076,46.4573,44.4959,44.4959,0.5417,12.0,True,True,13.1497,sustained_winner
short_2026-06-02T180000_BSBUSDT,short,2026-06-02 18:00:00,BSBUSDT,SHORT_CONTINUATION,Continuous Trend,510,15.0704,16.5353,-14.1335,5.79,11.7251,11.4975,11.4975,0.7083,12.0,True,True,5.9351,sustained_winner
short_2026-06-02T180000_CLOUSDT,short,2026-06-02 18:00:00,CLOUSDT,SHORT_CONTINUATION,Fake Breakout,60,9.8389,11.0068,-7.175,6.3888,2.7631,-3.1906,-3.1906,0.0833,12.0,True,False,-3.6257,winner_2h_fade_6h
short_2026-06-02T180000_JTOUSDT,short,2026-06-02 18:00:00,JTOUSDT,SHORT_CONTINUATION,Late Runner,630,16.9464,18.2163,-16.6983,8.0426,12.3632,15.4576,15.4576,0.875,12.0,True,True,4.3206,sustained_winner
short_2026-06-02T180000_NILUSDT,short,2026-06-02 18:00:00,NILUSDT,SHORT_CONTINUATION,Late Runner,675,11.5636,12.1309,-10.7782,4.2764,6.8073,10.6473,10.6473,0.9375,12.0,True,True,2.5309,sustained_winner
short_2026-06-02T200000_HUSDT,short,2026-06-02 20:00:00,HUSDT,SHORT_CONTINUATION,Slow Trend,135,14.8121,15.9879,-11.373,12.0341,6.5815,7.5309,7.5309,0.1875,12.0,True,True,-5.4526,sustained_winner
short_2026-06-02T200000_ESPORTSUSDT,short,2026-06-02 20:00:00,ESPORTSUSDT,SHORT_CONTINUATION,Slow Trend,270,14.611,18.7856,-11.1954,11.575,7.4004,1.518,1.518,0.375,12.0,True,True,-4.1746,sustained_winner
short_2026-06-02T200000_UBUSDT,short,2026-06-02 20:00:00,UBUSDT,SHORT_CONTINUATION,Late Runner,705,41.5157,42.5066,-41.1429,0.604,34.9047,40.6049,40.6049,0.9792,12.0,False,True,34.3007,loser_2h_runner_6h
short_2026-06-02T200000_BSBUSDT,short,2026-06-02 20:00:00,BSBUSDT,SHORT_CONTINUATION,Slow Trend,390,10.2218,11.7702,-9.2314,6.2461,8.077,8.628,8.628,0.5417,12.0,True,True,1.8309,sustained_winner
short_2026-06-02T200000_AIOUSDT,short,2026-06-02 20:00:00,AIOUSDT,SHORT_CONTINUATION,Fake Breakout,195,4.8959,5.6298,-3.4885,2.5435,2.5837,0.3117,0.3117,0.2708,12.0,False,False,0.0402,underperformer
short_2026-06-02T220000_BILLUSDT,short,2026-06-02 22:00:00,BILLUSDT,SHORT_CONTINUATION,Slow Trend,195,18.265,18.6269,-13.7201,12.6344,9.7179,13.1134,13.1134,0.2708,12.0,True,True,-2.9165,sustained_winner
short_2026-06-02T220000_PIEVERSEUSDT,short,2026-06-02 22:00:00,PIEVERSEUSDT,SHORT_CONTINUATION,Immediate Explosion,15,7.2909,8.2814,-3.9985,2.2469,-2.7421,6.5297,6.5297,0.0208,12.0,False,False,-4.989,underperformer
short_2026-06-02T220000_AIAUSDT,short,2026-06-02 22:00:00,AIAUSDT,SHORT_CONTINUATION,Fake Breakout,240,7.3982,9.504,-6.373,6.3591,4.6135,0.1247,0.1247,0.3333,12.0,True,True,-1.7456,sustained_winner
short_2026-06-02T220000_UAIUSDT,short,2026-06-02 22:00:00,UAIUSDT,SHORT_CONTINUATION,Late Runner,615,5.931,6.3983,-5.1042,2.2646,3.271,3.8462,3.8462,0.8542,12.0,False,True,1.0064,loser_2h_runner_6h
short_2026-06-02T220000_OPGUSDT,short,2026-06-02 22:00:00,OPGUSDT,SHORT_CONTINUATION,Slow Trend,375,12.539,13.4235,-11.9147,4.9428,10.8221,10.1457,10.1457,0.5208,12.0,True,True,5.8793,sustained_winner
short_2026-06-03T000000_UBUSDT,short,2026-06-03 00:00:00,UBUSDT,SHORT_CONTINUATION,Late Runner,675,42.7307,43.6018,-41.9155,35.7386,39.4978,40.7556,40.7556,0.9375,12.0,True,True,3.7592,sustained_winner
short_2026-06-03T000000_NEARUSDT,short,2026-06-03 00:00:00,NEARUSDT,SHORT_CONTINUATION,Fake Breakout,30,5.5407,6.2285,-4.4708,1.6049,-3.6683,-5.1968,-5.1968,0.0417,12.0,False,False,-5.2732,underperformer
short_2026-06-03T000000_EPICUSDT,short,2026-06-03 00:00:00,EPICUSDT,SHORT_CONTINUATION,Late Runner,555,8.8509,10.6846,-6.8704,7.2372,3.0562,4.9389,4.9389,0.7708,12.0,True,True,-4.181,sustained_winner
short_2026-06-03T000000_FETUSDT,short,2026-06-03 00:00:00,FETUSDT,SHORT_CONTINUATION,Slow Trend,525,10.4367,11.0659,-9.6595,3.2198,8.9933,6.0696,6.0696,0.7292,12.0,True,True,5.7735,sustained_winner
short_2026-06-03T000000_1000LUNCUSDT,short,2026-06-03 00:00:00,1000LUNCUSDT,SHORT_CONTINUATION,Late Runner,690,9.8712,10.4627,-8.7671,3.01,4.3901,9.306,9.306,0.9583,12.0,True,True,1.3801,sustained_winner
short_2026-06-03T020000_EPICUSDT,short,2026-06-03 02:00:00,EPICUSDT,SHORT_CONTINUATION,Fake Breakout,435,6.4961,7.5746,-4.4645,0.9531,1.229,-4.1384,-4.1384,0.6042,12.0,False,False,0.2759,underperformer
short_2026-06-03T020000_BEATUSDT,short,2026-06-03 02:00:00,BEATUSDT,SHORT_CONTINUATION,Fake Breakout,60,8.4582,8.5921,-4.9875,5.0589,4.0239,-0.8833,-0.8833,0.0833,12.0,True,True,-1.035,sustained_winner
short_2026-06-03T020000_SLXUSDT,short,2026-06-03 02:00:00,SLXUSDT,SHORT_CONTINUATION,Slow Trend,330,11.5975,12.2666,-11.2629,3.967,9.9106,6.399,6.399,0.4583,12.0,True,True,5.9436,sustained_winner
short_2026-06-03T020000_CLOUSDT,short,2026-06-03 02:00:00,CLOUSDT,SHORT_CONTINUATION,Fake Breakout,90,4.5868,5.6332,-3.0674,3.0746,0.5734,-29.6997,-29.6997,0.125,12.0,True,False,-2.5012,winner_2h_fade_6h
short_2026-06-03T020000_ALLOUSDT,short,2026-06-03 02:00:00,ALLOUSDT,SHORT_CONTINUATION,Slow Trend,135,6.2803,7.6066,-5.4221,3.5943,2.229,1.7498,1.7498,0.1875,12.0,True,False,-1.3653,winner_2h_fade_6h
short_2026-06-03T040000_PIEVERSEUSDT,short,2026-06-03 04:00:00,PIEVERSEUSDT,SHORT_CONTINUATION,Slow Trend,390,19.4776,19.8788,-17.2072,8.6122,13.0079,8.5439,8.5439,0.5417,12.0,True,True,4.3957,sustained_winner
short_2026-06-03T040000_ALLOUSDT,short,2026-06-03 04:00:00,ALLOUSDT,SHORT_CONTINUATION,Fake Breakout,15,5.0635,6.407,-4.1942,4.7248,3.6692,-0.1355,-0.1355,0.0208,12.0,True,True,-1.0556,sustained_winner
short_2026-06-03T040000_SYRUPUSDT,short,2026-06-03 04:00:00,SYRUPUSDT,SHORT_CONTINUATION,Slow Trend,225,5.3774,6.0426,-4.3481,2.9968,3.4659,1.7154,1.7154,0.3125,12.0,False,True,0.4691,loser_2h_runner_6h
short_2026-06-03T040000_HYPERUSDT,short,2026-06-03 04:00:00,HYPERUSDT,SHORT_CONTINUATION,Slow Trend,510,7.1977,7.5648,-6.7082,3.0037,4.817,3.2929,3.2929,0.7083,12.0,True,True,1.8133,sustained_winner
short_2026-06-03T040000_ICNTUSDT,short,2026-06-03 04:00:00,ICNTUSDT,SHORT_CONTINUATION,Fake Breakout,30,3.7852,4.7535,-3.4331,1.0563,2.2007,-0.3521,-0.3521,0.0417,12.0,False,False,1.1444,underperformer
short_2026-06-03T060000_LABUSDT,short,2026-06-03 06:00:00,LABUSDT,SHORT_CONTINUATION,Unclassified,75,70.6384,75.8833,-63.3333,63.6014,42.918,33.8105,33.8105,0.1042,12.0,True,True,-20.6834,sustained_winner
short_2026-06-03T060000_ESPORTSUSDT,short,2026-06-03 06:00:00,ESPORTSUSDT,SHORT_CONTINUATION,Unclassified,105,8.7591,10.219,-7.1168,5.292,0.5474,6.3869,6.3869,0.1458,12.0,True,False,-4.7446,winner_2h_fade_6h
short_2026-06-03T060000_APRUSDT,short,2026-06-03 06:00:00,APRUSDT,SHORT_CONTINUATION,Fake Breakout,195,6.6508,11.338,-4.2846,-1.1667,-6.5892,-4.301,-4.301,0.2708,12.0,False,False,-5.4225,underperformer
short_2026-06-03T060000_STARUSDT,short,2026-06-03 06:00:00,STARUSDT,SHORT_CONTINUATION,Fake Breakout,270,5.515,5.8404,-5.0525,2.7289,3.5567,-4.2304,-4.2304,0.375,12.0,False,True,0.8278,loser_2h_runner_6h
short_2026-06-03T060000_PIEVERSEUSDT,short,2026-06-03 06:00:00,PIEVERSEUSDT,SHORT_CONTINUATION,Delayed Breakout,270,11.9881,12.4265,-9.5065,-1.1475,5.7375,1.1008,1.1008,0.375,12.0,False,True,6.885,loser_2h_runner_6h
short_2026-06-03T080000_EDGEUSDT,short,2026-06-03 08:00:00,EDGEUSDT,SHORT_CONTINUATION,Slow Trend,480,15.805,16.4355,-15.3706,6.3612,10.8169,7.8604,7.8604,0.6667,12.0,True,True,4.4557,sustained_winner
short_2026-06-03T080000_BSBUSDT,short,2026-06-03 08:00:00,BSBUSDT,SHORT_CONTINUATION,Immediate Explosion,15,5.4287,9.2137,-4.4641,1.5549,0.9762,2.7085,2.7085,0.0208,12.0,False,False,-0.5787,underperformer
short_2026-06-03T080000_FARTCOINUSDT,short,2026-06-03 08:00:00,FARTCOINUSDT,SHORT_CONTINUATION,Fake Breakout,15,5.0107,6.0129,-3.3644,0.0716,-3.5075,-6.156,-6.156,0.0208,12.0,False,False,-3.5791,underperformer
short_2026-06-03T080000_OPNUSDT,short,2026-06-03 08:00:00,OPNUSDT,SHORT_CONTINUATION,Slow Trend,345,4.9353,6.3916,-4.5307,4.4498,3.6408,3.0744,3.0744,0.4792,12.0,True,True,-0.809,sustained_winner
short_2026-06-03T080000_HUSDT,short,2026-06-03 08:00:00,HUSDT,SHORT_CONTINUATION,Late Runner,690,15.9266,17.3311,-14.942,-0.4682,6.3174,13.5697,13.5697,0.9583,12.0,False,True,6.7856,loser_2h_runner_6h
short_2026-06-03T100000_MYXUSDT,short,2026-06-03 10:00:00,MYXUSDT,SHORT_CONTINUATION,Fake Breakout,45,10.3903,11.5243,-7.0148,2.3998,-8.4388,-1.0285,-1.0285,0.0625,12.0,False,False,-10.8386,underperformer
short_2026-06-03T100000_SPORTFUNUSDT,short,2026-06-03 10:00:00,SPORTFUNUSDT,SHORT_CONTINUATION,Slow Trend,150,7.3921,8.252,-6.6479,5.2092,4.8288,1.4387,1.4387,0.2083,12.0,True,True,-0.3804,sustained_winner
short_2026-06-03T100000_ZKCUSDT,short,2026-06-03 10:00:00,ZKCUSDT,SHORT_CONTINUATION,Slow Trend,165,7.6177,8.0382,-7.0839,5.693,4.3506,4.8682,4.8682,0.2292,12.0,True,True,-1.3424,sustained_winner
short_2026-06-03T100000_HUSDT,short,2026-06-03 10:00:00,HUSDT,SHORT_CONTINUATION,Late Runner,570,16.9581,18.3454,-15.9855,3.3757,7.3829,14.3295,14.3295,0.7917,12.0,True,True,4.0072,sustained_winner
short_2026-06-03T100000_ALLOUSDT,short,2026-06-03 10:00:00,ALLOUSDT,SHORT_CONTINUATION,Immediate Explosion,30,3.1748,3.7614,-2.3868,1.2768,-2.0245,1.0525,1.0525,0.0417,12.0,False,False,-3.3013,underperformer
short_2026-06-03T120000_APRUSDT,short,2026-06-03 12:00:00,APRUSDT,SHORT_CONTINUATION,Immediate Explosion,15,9.8333,13.4811,-8.5341,9.6023,3.8258,2.9621,2.9621,0.0208,12.0,True,True,-5.7765,sustained_winner
short_2026-06-03T120000_NXPCUSDT,short,2026-06-03 12:00:00,NXPCUSDT,SHORT_CONTINUATION,Fake Breakout,45,4.2658,4.4073,-2.946,0.165,-0.2357,-1.0134,-1.0134,0.0625,12.0,False,False,-0.4007,underperformer
short_2026-06-03T120000_DEXEUSDT,short,2026-06-03 12:00:00,DEXEUSDT,SHORT_CONTINUATION,Late Runner,720,12.1972,13.3816,-9.8686,4.5455,2.5923,12.1972,12.1972,1.0,12.0,True,False,-1.9532,winner_2h_fade_6h
short_2026-06-03T120000_LITUSDT,short,2026-06-03 12:00:00,LITUSDT,SHORT_CONTINUATION,Fake Breakout,45,3.229,3.4351,-1.0743,-2.0736,-3.941,-12.0667,-12.0667,0.0625,12.0,False,False,-1.8674,underperformer
short_2026-06-03T120000_GUAUSDT,short,2026-06-03 12:00:00,GUAUSDT,SHORT_CONTINUATION,Fake Breakout,45,2.62,4.1551,0.0693,-0.0923,-9.199,-22.4838,-22.4838,0.0625,12.0,False,False,-9.1067,underperformer
short_2026-06-03T140000_SKYAIUSDT,short,2026-06-03 14:00:00,SKYAIUSDT,SHORT_CONTINUATION,Slow Trend,150,24.4483,25.6189,-22.46,23.2441,19.9675,5.4834,5.4834,0.2083,12.0,True,True,-3.2766,sustained_winner
short_2026-06-03T140000_APRUSDT,short,2026-06-03 14:00:00,APRUSDT,SHORT_CONTINUATION,Fake Breakout,60,5.2058,8.109,-3.969,2.0481,-1.5788,-0.7914,-0.7914,0.0833,12.0,False,False,-3.6269,underperformer
short_2026-06-03T140000_EPICUSDT,short,2026-06-03 14:00:00,EPICUSDT,SHORT_CONTINUATION,Fake Breakout,0,3.1491,4.8752,-1.3296,-3.6622,-26.9186,-7.5577,-7.5577,0.0,12.0,False,False,-23.2564,underperformer
short_2026-06-03T140000_ICPUSDT,short,2026-06-03 14:00:00,ICPUSDT,SHORT_CONTINUATION,Delayed Breakout,420,4.2209,4.7604,-3.8718,0.2856,3.967,3.6814,3.6814,0.5833,12.0,False,True,3.6814,loser_2h_runner_6h
short_2026-06-03T140000_DEXEUSDT,short,2026-06-03 14:00:00,DEXEUSDT,SHORT_CONTINUATION,Late Runner,720,15.5897,16.6737,-14.4164,-3.2568,-2.6562,15.5897,15.5897,1.0,12.0,False,False,0.6006,underperformer
short_2026-06-03T160000_SKYAIUSDT,short,2026-06-03 16:00:00,SKYAIUSDT,SHORT_CONTINUATION,Fake Breakout,30,10.0013,11.3958,-7.6328,3.276,-0.1201,-11.7027,-11.7027,0.0417,12.0,True,False,-3.3961,winner_2h_fade_6h
short_2026-06-03T160000_CLOUSDT,short,2026-06-03 16:00:00,CLOUSDT,SHORT_CONTINUATION,Late Runner,645,12.342,15.5528,-11.3499,-2.2401,-1.1681,9.3712,9.3712,0.8958,12.0,False,False,1.072,underperformer
short_2026-06-03T160000_AIAUSDT,short,2026-06-03 16:00:00,AIAUSDT,SHORT_CONTINUATION,Late Runner,720,19.2863,21.6132,-18.3578,15.3597,11.3547,19.2863,19.2863,1.0,12.0,True,True,-4.005,sustained_winner
short_2026-06-03T160000_MYXUSDT,short,2026-06-03 16:00:00,MYXUSDT,SHORT_CONTINUATION,Late Runner,690,34.8893,35.4187,-31.5207,3.7536,7.82,33.4216,33.4216,0.9583,12.0,True,True,4.0664,sustained_winner
short_2026-06-03T160000_BEATUSDT,short,2026-06-03 16:00:00,BEATUSDT,SHORT_CONTINUATION,Fake Breakout,30,2.0525,6.0509,-1.6174,-1.1823,-2.3645,-8.9491,-8.9491,0.0417,12.0,False,False,-1.1822,underperformer
short_2026-06-03T180000_CLOUSDT,short,2026-06-03 18:00:00,CLOUSDT,SHORT_CONTINUATION,Delayed Breakout,525,15.0734,16.1482,-14.1122,2.5165,5.4723,12.8824,12.8824,0.7292,12.0,False,True,2.9558,loser_2h_runner_6h
short_2026-06-03T180000_GENIUSUSDT,short,2026-06-03 18:00:00,GENIUSUSDT,SHORT_CONTINUATION,Late Runner,630,14.7126,15.9532,-13.9612,8.3872,10.6238,13.5069,13.5069,0.875,12.0,True,True,2.2366,sustained_winner
short_2026-06-03T180000_PLAYUSDT,short,2026-06-03 18:00:00,PLAYUSDT,SHORT_CONTINUATION,Slow Trend,315,30.491,31.9301,-28.4362,4.8176,29.1288,26.4045,26.4045,0.4375,12.0,True,True,24.3112,sustained_winner
short_2026-06-03T180000_ICNTUSDT,short,2026-06-03 18:00:00,ICNTUSDT,SHORT_CONTINUATION,Fake Breakout,45,3.3718,3.5936,-2.8394,1.9521,-2.5288,-0.8429,-0.8429,0.0625,12.0,False,False,-4.4809,underperformer
short_2026-06-03T180000_BSBUSDT,short,2026-06-03 18:00:00,BSBUSDT,SHORT_CONTINUATION,Fake Breakout,210,2.887,4.3008,-2.087,0.1386,0.5742,-5.1127,-5.1127,0.2917,12.0,False,False,0.4356,underperformer
short_2026-06-03T200000_EPICUSDT,short,2026-06-03 20:00:00,EPICUSDT,SHORT_CONTINUATION,Slow Trend,390,22.9933,24.4304,-19.4182,12.3905,19.1903,17.9811,17.9811,0.5417,12.0,True,True,6.7998,sustained_winner
short_2026-06-03T200000_VICUSDT,short,2026-06-03 20:00:00,VICUSDT,SHORT_CONTINUATION,Late Runner,600,18.2074,18.4359,-17.4165,6.6784,13.5852,16.696,16.696,0.8333,12.0,True,True,6.9068,sustained_winner
short_2026-06-03T200000_CLOUSDT,short,2026-06-03 20:00:00,CLOUSDT,SHORT_CONTINUATION,Slow Trend,405,16.0409,17.1034,-15.0907,3.1009,12.8276,9.1954,9.1954,0.5625,12.0,True,True,9.7267,sustained_winner
short_2026-06-03T200000_WLDUSDT,short,2026-06-03 20:00:00,WLDUSDT,SHORT_CONTINUATION,Fake Breakout,60,3.2283,4.8031,-1.1614,-4.1339,-1.6535,-4.2913,-4.2913,0.0833,12.0,False,False,2.4804,underperformer
short_2026-06-03T200000_MYXUSDT,short,2026-06-03 20:00:00,MYXUSDT,SHORT_CONTINUATION,Late Runner,585,41.635,42.0906,-38.4207,3.0372,17.717,25.9175,25.9175,0.8125,12.0,True,True,14.6798,sustained_winner
short_2026-06-03T220000_PLAYUSDT,short,2026-06-03 22:00:00,PLAYUSDT,SHORT_CONTINUATION,Unclassified,75,23.2821,24.8705,-21.2775,21.7786,19.7995,21.7956,21.7956,0.1042,12.0,True,True,-1.9791,sustained_winner
short_2026-06-03T220000_VICUSDT,short,2026-06-03 22:00:00,VICUSDT,SHORT_CONTINUATION,Late Runner,675,15.1293,15.2577,-13.8273,8.6191,11.6816,13.2221,13.2221,0.9375,12.0,True,True,3.0625,sustained_winner
short_2026-06-03T220000_HEIUSDT,short,2026-06-03 22:00:00,HEIUSDT,SHORT_CONTINUATION,Slow Trend,180,16.7731,17.859,-15.3551,8.2908,9.3127,8.9934,8.9934,0.25,12.0,True,True,1.0219,sustained_winner
short_2026-06-03T220000_CUSDT,short,2026-06-03 22:00:00,CUSDT,SHORT_CONTINUATION,Fake Breakout,120,6.0526,6.7887,-5.3369,6.0526,4.4065,-3.4659,-3.4659,0.1667,12.0,True,True,-1.6461,sustained_winner
short_2026-06-03T220000_CROSSUSDT,short,2026-06-03 22:00:00,CROSSUSDT,SHORT_CONTINUATION,Slow Trend,165,8.7536,9.6001,-7.2947,6.1419,3.8274,6.8624,6.8624,0.2292,12.0,True,True,-2.3145,sustained_winner
short_2026-06-04T000000_EPICUSDT,short,2026-06-04 00:00:00,EPICUSDT,SHORT_CONTINUATION,Fake Breakout,150,12.4178,14.0522,-8.3516,8.0925,3.0098,-10.0857,-10.0857,0.2083,12.0,True,True,-5.0827,sustained_winner
short_2026-06-04T000000_EDGEUSDT,short,2026-06-04 00:00:00,EDGEUSDT,SHORT_CONTINUATION,Late Runner,555,10.7866,14.2423,-10.0925,8.849,7.4754,10.4396,10.4396,0.7708,12.0,True,True,-1.3736,sustained_winner
short_2026-06-04T000000_GRASSUSDT,short,2026-06-04 00:00:00,GRASSUSDT,SHORT_CONTINUATION,Late Runner,660,18.3358,21.6679,-16.1898,5.7041,10.2974,15.3238,15.3238,0.9167,12.0,True,True,4.5933,sustained_winner
short_2026-06-04T000000_LITUSDT,short,2026-06-04 00:00:00,LITUSDT,SHORT_CONTINUATION,Fake Breakout,660,9.5629,11.8956,-7.2982,7.1906,4.8183,-0.1019,-0.1019,0.9167,12.0,True,True,-2.3723,sustained_winner
short_2026-06-04T000000_VVVUSDT,short,2026-06-04 00:00:00,VVVUSDT,SHORT_CONTINUATION,Late Runner,645,8.9488,10.9364,-7.7731,5.7715,4.7404,6.0794,6.0794,0.8958,12.0,True,True,-1.0311,sustained_winner
short_2026-06-04T020000_EDENUSDT,short,2026-06-04 02:00:00,EDENUSDT,SHORT_CONTINUATION,Late Runner,720,14.9527,18.0529,-14.1777,2.0983,8.6578,14.9527,14.9527,1.0,12.0,False,True,6.5595,loser_2h_runner_6h
short_2026-06-04T020000_EPICUSDT,short,2026-06-04 02:00:00,EPICUSDT,SHORT_CONTINUATION,Fake Breakout,30,7.9983,9.7152,-3.727,-4.1457,2.0101,-13.0235,-13.0235,0.0417,12.0,False,False,6.1558,underperformer
short_2026-06-04T020000_WLDUSDT,short,2026-06-04 02:00:00,WLDUSDT,SHORT_CONTINUATION,Late Runner,540,7.2461,13.2506,-5.8747,2.5574,1.8162,7.0793,7.0793,0.75,12.0,False,False,-0.7412,underperformer
short_2026-06-04T020000_CLOUSDT,short,2026-06-04 02:00:00,CLOUSDT,SHORT_CONTINUATION,Late Runner,690,11.1874,12.5366,-8.2562,-1.4387,-6.1131,7.898,7.898,0.9583,12.0,False,False,-4.6744,underperformer
short_2026-06-04T020000_IOUSDT,short,2026-06-04 02:00:00,IOUSDT,SHORT_CONTINUATION,Late Runner,720,9.2873,10.9611,-7.9914,2.6998,0.054,9.2873,9.2873,1.0,12.0,False,False,-2.6458,underperformer
short_2026-06-04T040000_LABUSDT,short,2026-06-04 04:00:00,LABUSDT,SHORT_CONTINUATION,Unclassified,60,17.0912,19.6277,-12.6865,6.162,4.3801,2.1912,2.1912,0.0833,12.0,True,True,-1.7819,sustained_winner
short_2026-06-04T040000_ALLOUSDT,short,2026-06-04 04:00:00,ALLOUSDT,SHORT_CONTINUATION,Continuous Trend,405,7.7961,11.0118,-6.5046,4.7163,4.6536,7.2261,7.2261,0.5625,12.0,True,True,-0.0627,sustained_winner
short_2026-06-04T040000_AIAUSDT,short,2026-06-04 04:00:00,AIAUSDT,SHORT_CONTINUATION,Late Runner,720,6.7532,15.4067,-6.3568,3.0895,-4.9761,6.7532,6.7532,1.0,12.0,True,False,-8.0656,winner_2h_fade_6h
short_2026-06-04T040000_UBUSDT,short,2026-06-04 04:00:00,UBUSDT,SHORT_CONTINUATION,Slow Trend,435,7.1448,9.2864,-6.2899,4.8502,4.4992,2.8435,2.8435,0.6042,12.0,True,True,-0.351,sustained_winner
short_2026-06-04T040000_USELESSUSDT,short,2026-06-04 04:00:00,USELESSUSDT,SHORT_CONTINUATION,Late Runner,645,18.3798,19.067,-17.2861,6.8912,6.8912,15.8924,15.8924,0.8958,12.0,True,True,0.0,sustained_winner
short_2026-06-04T060000_STOUSDT,short,2026-06-04 06:00:00,STOUSDT,SHORT_CONTINUATION,Late Runner,720,25.2673,25.715,-23.427,10.0224,14.673,25.2673,25.2673,1.0,12.0,True,True,4.6506,sustained_winner
short_2026-06-04T060000_BEATUSDT,short,2026-06-04 06:00:00,BEATUSDT,SHORT_CONTINUATION,Slow Trend,135,9.7561,12.5517,-8.18,6.1831,3.7299,1.2623,1.2623,0.1875,12.0,True,True,-2.4532,sustained_winner
short_2026-06-04T060000_EPICUSDT,short,2026-06-04 06:00:00,EPICUSDT,SHORT_CONTINUATION,Fake Breakout,150,6.0073,11.8932,-4.5105,5.3398,-11.7112,-10.4571,-10.4571,0.2083,12.0,True,False,-17.051,winner_2h_fade_6h
short_2026-06-04T060000_GWEIUSDT,short,2026-06-04 06:00:00,GWEIUSDT,SHORT_CONTINUATION,Late Runner,645,11.6192,11.7985,-11.1798,6.8316,8.9475,11.6012,11.6012,0.8958,12.0,True,True,2.1159,sustained_winner
short_2026-06-04T060000_PARTIUSDT,short,2026-06-04 06:00:00,PARTIUSDT,SHORT_CONTINUATION,Late Runner,660,12.2328,18.0169,-11.5502,5.4608,5.7482,11.9993,11.9993,0.9167,12.0,True,True,0.2874,sustained_winner
short_2026-06-04T080000_BRUSDT,short,2026-06-04 08:00:00,BRUSDT,SHORT_CONTINUATION,Slow Trend,255,17.5415,20.0094,-16.6876,11.7283,8.0852,15.7866,15.7866,0.3542,12.0,True,True,-3.6431,sustained_winner
short_2026-06-04T080000_JELLYJELLYUSDT,short,2026-06-04 08:00:00,JELLYJELLYUSDT,SHORT_CONTINUATION,Slow Trend,165,6.4742,9.1054,-5.4377,2.4239,3.6836,4.8637,4.8637,0.2292,12.0,False,True,1.2597,loser_2h_runner_6h
short_2026-06-04T080000_OPNUSDT,short,2026-06-04 08:00:00,OPNUSDT,SHORT_CONTINUATION,Late Runner,630,22.2557,22.4709,-15.6263,9.5136,10.6759,8.9109,8.9109,0.875,12.0,True,True,1.1623,sustained_winner
short_2026-06-04T080000_NILUSDT,short,2026-06-04 08:00:00,NILUSDT,SHORT_CONTINUATION,Late Runner,630,18.73,19.909,-18.0394,4.4804,12.8179,16.6246,16.6246,0.875,12.0,True,True,8.3375,sustained_winner
short_2026-06-04T080000_FETUSDT,short,2026-06-04 08:00:00,FETUSDT,SHORT_CONTINUATION,Late Runner,720,15.3108,15.4643,-14.3515,5.1036,5.5257,15.3108,15.3108,1.0,12.0,True,True,0.4221,sustained_winner
short_2026-06-04T100000_BASEDUSDT,short,2026-06-04 10:00:00,BASEDUSDT,SHORT_CONTINUATION,Late Runner,540,13.8652,19.0462,-12.8643,5.181,8.2131,7.0062,7.0062,0.75,12.0,True,True,3.0321,sustained_winner
short_2026-06-04T100000_BSBUSDT,short,2026-06-04 10:00:00,BSBUSDT,SHORT_CONTINUATION,Unclassified,60,14.0184,20.076,-11.7591,8.3722,8.5028,12.2418,12.2418,0.0833,12.0,True,True,0.1306,sustained_winner
short_2026-06-04T100000_XPLUSDT,short,2026-06-04 10:00:00,XPLUSDT,SHORT_CONTINUATION,Late Runner,600,11.9048,13.961,-10.7143,2.1645,6.1688,9.8485,9.8485,0.8333,12.0,False,True,4.0043,loser_2h_runner_6h
short_2026-06-04T100000_ICPUSDT,short,2026-06-04 10:00:00,ICPUSDT,SHORT_CONTINUATION,Late Runner,660,14.937,15.6806,-14.3227,5.8519,10.5076,12.9648,12.9648,0.9167,12.0,True,True,4.6557,sustained_winner
short_2026-06-04T100000_POWERUSDT,short,2026-06-04 10:00:00,POWERUSDT,SHORT_CONTINUATION,Unclassified,105,12.6884,16.1245,-11.773,8.5058,7.9848,9.2522,9.2522,0.1458,12.0,True,True,-0.521,sustained_winner
short_2026-06-04T120000_STARUSDT,short,2026-06-04 12:00:00,STARUSDT,SHORT_CONTINUATION,Immediate Explosion,15,7.5965,10.3159,-5.2052,5.6557,1.8407,3.1198,3.1198,0.0208,12.0,True,False,-3.815,winner_2h_fade_6h
short_2026-06-04T120000_BANUSDT,short,2026-06-04 12:00:00,BANUSDT,SHORT_CONTINUATION,Fake Breakout,285,7.188,7.4298,-6.8521,-1.7332,3.2514,-2.808,-2.808,0.3958,12.0,False,True,4.9846,loser_2h_runner_6h
short_2026-06-04T120000_BEATUSDT,short,2026-06-04 12:00:00,BEATUSDT,SHORT_CONTINUATION,Fake Breakout,120,4.7647,6.0082,-3.6223,4.7647,-0.1012,-2.8704,-2.8704,0.1667,12.0,True,False,-4.8659,winner_2h_fade_6h
short_2026-06-04T120000_HEIUSDT,short,2026-06-04 12:00:00,HEIUSDT,SHORT_CONTINUATION,Unclassified,0,1.4113,2.2849,0.0806,0.2554,-16.9624,-13.7769,-13.7769,0.0,12.0,False,False,-17.2178,underperformer
short_2026-06-04T120000_MYXUSDT,short,2026-06-04 12:00:00,MYXUSDT,SHORT_CONTINUATION,Delayed Breakout,630,11.1226,12.2897,-9.7151,-0.0343,0.2403,9.8181,9.8181,0.875,12.0,False,False,0.2746,underperformer
short_2026-06-04T140000_MAGMAUSDT,short,2026-06-04 14:00:00,MAGMAUSDT,SHORT_CONTINUATION,Slow Trend,285,13.5071,15.8874,-12.8112,11.2272,8.4804,1.8632,1.8632,0.3958,12.0,True,True,-2.7468,sustained_winner
short_2026-06-04T140000_USELESSUSDT,short,2026-06-04 14:00:00,USELESSUSDT,SHORT_CONTINUATION,Slow Trend,390,13.0518,13.5726,-11.4897,1.6301,12.3387,7.0976,7.0976,0.5417,12.0,False,True,10.7086,loser_2h_runner_6h
short_2026-06-04T140000_STOUSDT,short,2026-06-04 14:00:00,STOUSDT,SHORT_CONTINUATION,Slow Trend,240,10.2315,10.7692,-9.0963,7.3786,9.171,9.3353,9.3353,0.3333,12.0,True,True,1.7924,sustained_winner
short_2026-06-04T140000_ENAUSDT,short,2026-06-04 14:00:00,ENAUSDT,SHORT_CONTINUATION,Late Runner,570,13.2657,13.7166,-12.7208,2.2454,10.1184,2.2924,2.2924,0.7917,12.0,False,True,7.873,loser_2h_runner_6h
short_2026-06-04T140000_JTOUSDT,short,2026-06-04 14:00:00,JTOUSDT,SHORT_CONTINUATION,Late Runner,570,7.8001,8.3572,-6.829,3.8045,5.476,5.5715,5.5715,0.7917,12.0,True,True,1.6715,sustained_winner
short_2026-06-04T160000_EPICUSDT,short,2026-06-04 16:00:00,EPICUSDT,SHORT_CONTINUATION,Fake Breakout,45,7.8051,8.1759,-5.3505,3.567,-7.6461,-7.9993,-7.9993,0.0625,12.0,True,False,-11.2131,winner_2h_fade_6h
short_2026-06-04T160000_SUSHIUSDT,short,2026-06-04 16:00:00,SUSHIUSDT,SHORT_CONTINUATION,Slow Trend,270,12.1185,12.8366,-11.0413,5.2962,10.1885,5.6553,5.6553,0.375,12.0,True,True,4.8923,sustained_winner
short_2026-06-04T160000_SYRUPUSDT,short,2026-06-04 16:00:00,SYRUPUSDT,SHORT_CONTINUATION,Slow Trend,240,10.6814,10.8884,-10.0,8.3634,5.9586,6.493,6.493,0.3333,12.0,True,True,-2.4048,sustained_winner
short_2026-06-04T160000_BANUSDT,short,2026-06-04 16:00:00,BANUSDT,SHORT_CONTINUATION,Fake Breakout,45,3.8285,4.0791,-3.4804,-0.2506,-7.2532,-6.9191,-6.9191,0.0625,12.0,False,False,-7.0026,underperformer
short_2026-06-04T160000_COLLECTUSDT,short,2026-06-04 16:00:00,COLLECTUSDT,SHORT_CONTINUATION,Slow Trend,135,8.7885,9.4423,-5.6731,5.6923,0.7308,2.5769,2.5769,0.1875,12.0,True,False,-4.9615,winner_2h_fade_6h
short_2026-06-04T180000_BILLUSDT,short,2026-06-04 18:00:00,BILLUSDT,SHORT_CONTINUATION,Late Runner,720,10.9061,11.128,-10.2405,8.6058,7.4615,10.9061,10.9061,1.0,12.0,True,True,-1.1443,sustained_winner
short_2026-06-04T180000_HEIUSDT,short,2026-06-04 18:00:00,HEIUSDT,SHORT_CONTINUATION,Unclassified,90,10.1573,11.0807,-9.2681,9.3137,3.4998,4.1952,4.1952,0.125,12.0,True,True,-5.8139,sustained_winner
short_2026-06-04T180000_NILUSDT,short,2026-06-04 18:00:00,NILUSDT,SHORT_CONTINUATION,Slow Trend,255,5.6578,6.9107,-4.7377,3.0932,2.4863,4.6985,4.6985,0.3542,12.0,True,False,-0.6069,winner_2h_fade_6h
short_2026-06-04T180000_UAIUSDT,short,2026-06-04 18:00:00,UAIUSDT,SHORT_CONTINUATION,Slow Trend,255,9.4386,10.6667,-8.7018,7.2982,4.3509,8.5614,8.5614,0.3542,12.0,True,True,-2.9473,sustained_winner
short_2026-06-04T180000_YBUSDT,short,2026-06-04 18:00:00,YBUSDT,SHORT_CONTINUATION,Fake Breakout,120,5.4381,5.8409,-4.7331,5.4381,-1.4099,0.2014,0.2014,0.1667,12.0,True,False,-6.848,winner_2h_fade_6h
short_2026-06-04T200000_CUSDT,short,2026-06-04 20:00:00,CUSDT,SHORT_CONTINUATION,Immediate Explosion,45,7.1818,8.0381,-5.7797,3.5535,2.6223,1.7874,1.7874,0.0625,12.0,True,False,-0.9312,winner_2h_fade_6h
short_2026-06-04T200000_SPORTFUNUSDT,short,2026-06-04 20:00:00,SPORTFUNUSDT,SHORT_CONTINUATION,Late Runner,720,10.7166,13.2853,-8.0007,4.2866,4.663,10.7166,10.7166,1.0,12.0,True,True,0.3764,sustained_winner
short_2026-06-04T200000_AIOUSDT,short,2026-06-04 20:00:00,AIOUSDT,SHORT_CONTINUATION,Slow Trend,390,7.2705,7.6203,-6.6654,3.4603,5.5781,5.72,5.72,0.5417,12.0,True,True,2.1178,sustained_winner
short_2026-06-04T200000_LABUSDT,short,2026-06-04 20:00:00,LABUSDT,SHORT_CONTINUATION,Slow Trend,345,40.0935,42.5423,-36.6262,8.9492,32.8306,35.1124,35.1124,0.4792,12.0,True,True,23.8814,sustained_winner
short_2026-06-04T200000_MANTAUSDT,short,2026-06-04 20:00:00,MANTAUSDT,SHORT_CONTINUATION,Unclassified,0,1.5986,2.4825,-1.3777,-2.4305,-3.1583,-5.3548,-5.3548,0.0,12.0,False,False,-0.7278,underperformer
short_2026-06-04T220000_PLAYUSDT,short,2026-06-04 22:00:00,PLAYUSDT,SHORT_CONTINUATION,Late Runner,540,19.9739,23.6411,-19.6222,15.0407,17.5224,19.7126,19.7126,0.75,12.0,True,True,2.4817,sustained_winner
short_2026-06-04T220000_MYXUSDT,short,2026-06-04 22:00:00,MYXUSDT,SHORT_CONTINUATION,Continuous Trend,465,16.1854,17.092,-15.413,11.7864,13.499,11.0813,11.0813,0.6458,12.0,True,True,1.7126,sustained_winner
short_2026-06-04T220000_OPNUSDT,short,2026-06-04 22:00:00,OPNUSDT,SHORT_CONTINUATION,Fake Breakout,225,14.3379,16.0845,-12.9163,8.0422,7.433,-8.8952,-8.8952,0.3125,12.0,True,True,-0.6092,sustained_winner
short_2026-06-04T220000_ZBTUSDT,short,2026-06-04 22:00:00,ZBTUSDT,SHORT_CONTINUATION,Late Runner,705,8.1079,8.7147,-7.3037,-0.3875,3.6409,7.1282,7.1282,0.9792,12.0,False,True,4.0284,loser_2h_runner_6h
short_2026-06-04T220000_BEATUSDT,short,2026-06-04 22:00:00,BEATUSDT,SHORT_CONTINUATION,Fake Breakout,135,4.0786,5.3591,-3.5637,3.6043,-4.0379,-4.0312,-4.0312,0.1875,12.0,True,False,-7.6422,winner_2h_fade_6h
short_2026-06-05T000000_GUAUSDT,short,2026-06-05 00:00:00,GUAUSDT,SHORT_CONTINUATION,Continuous Trend,525,30.5075,31.0303,-27.9616,20.3412,22.9213,23.7442,23.7442,0.7292,12.0,True,True,2.5801,sustained_winner
short_2026-06-05T000000_HEIUSDT,short,2026-06-05 00:00:00,HEIUSDT,SHORT_CONTINUATION,Fake Breakout,120,6.3416,6.7308,-4.4986,6.3416,3.8004,-0.6296,-0.6296,0.1667,12.0,True,True,-2.5412,sustained_winner
short_2026-06-05T000000_SPORTFUNUSDT,short,2026-06-05 00:00:00,SPORTFUNUSDT,SHORT_CONTINUATION,Delayed Breakout,720,10.8751,11.4528,-9.8046,0.9856,0.9176,10.8751,10.8751,1.0,12.0,False,False,-0.068,underperformer
short_2026-06-05T000000_SKYAIUSDT,short,2026-06-05 00:00:00,SKYAIUSDT,SHORT_CONTINUATION,Slow Trend,150,10.0481,10.237,-9.2274,9.7079,1.5766,4.9781,4.9781,0.2083,12.0,True,False,-8.1313,winner_2h_fade_6h
short_2026-06-05T000000_FORMUSDT,short,2026-06-05 00:00:00,FORMUSDT,SHORT_CONTINUATION,Late Runner,720,5.7213,6.7392,-3.7206,0.351,0.7371,5.7213,5.7213,1.0,12.0,False,False,0.3861,underperformer
short_2026-06-05T020000_WLDUSDT,short,2026-06-05 02:00:00,WLDUSDT,SHORT_CONTINUATION,Late Runner,600,21.749,23.1307,-20.026,7.7048,13.3453,16.2711,16.2711,0.8333,12.0,True,True,5.6405,sustained_winner
short_2026-06-05T020000_SKYAIUSDT,short,2026-06-05 02:00:00,SKYAIUSDT,SHORT_CONTINUATION,Fake Breakout,30,4.3793,4.5802,-3.5069,2.0835,0.6945,-3.8455,-3.8455,0.0417,12.0,False,False,-1.389,underperformer
short_2026-06-05T020000_BUSDT,short,2026-06-05 02:00:00,BUSDT,SHORT_CONTINUATION,Late Runner,600,5.6349,6.0594,-5.2103,3.2034,1.235,2.3157,2.3157,0.8333,12.0,True,False,-1.9684,winner_2h_fade_6h
short_2026-06-05T020000_ICPUSDT,short,2026-06-05 02:00:00,ICPUSDT,SHORT_CONTINUATION,Late Runner,600,12.4957,13.2551,-11.7708,4.0732,6.9037,11.3221,11.3221,0.8333,12.0,True,True,2.8305,sustained_winner
short_2026-06-05T020000_GUAUSDT,short,2026-06-05 02:00:00,GUAUSDT,SHORT_CONTINUATION,Delayed Breakout,405,14.5732,15.216,-11.4436,1.0748,12.2129,7.2813,7.2813,0.5625,12.0,False,True,11.1381,loser_2h_runner_6h
short_2026-06-05T040000_SIRENUSDT,short,2026-06-05 04:00:00,SIRENUSDT,SHORT_CONTINUATION,Slow Trend,210,8.0847,11.5026,-7.4537,3.2602,4.4959,4.2592,4.2592,0.2917,12.0,True,True,1.2357,sustained_winner
short_2026-06-05T040000_WLDUSDT,short,2026-06-05 04:00:00,WLDUSDT,SHORT_CONTINUATION,Continuous Trend,480,16.554,18.0274,-14.7166,6.1189,5.9802,10.7991,10.7991,0.6667,12.0,True,True,-0.1387,sustained_winner
short_2026-06-05T040000_USELESSUSDT,short,2026-06-05 04:00:00,USELESSUSDT,SHORT_CONTINUATION,Late Runner,720,17.1279,17.2129,-13.0857,2.2821,3.8602,17.1279,17.1279,1.0,12.0,False,True,1.5781,loser_2h_runner_6h
short_2026-06-05T040000_POWERUSDT,short,2026-06-05 04:00:00,POWERUSDT,SHORT_CONTINUATION,Late Runner,720,12.2672,13.1599,-10.0508,3.2015,3.4016,12.2672,12.2672,1.0,12.0,True,True,0.2001,sustained_winner
short_2026-06-05T040000_ONUSDT,short,2026-06-05 04:00:00,ONUSDT,SHORT_CONTINUATION,Late Runner,720,16.7737,17.3569,-11.97,3.4002,5.2189,16.7737,16.7737,1.0,12.0,True,True,1.8187,sustained_winner
short_2026-06-05T060000_OPNUSDT,short,2026-06-05 06:00:00,OPNUSDT,SHORT_CONTINUATION,Slow Trend,360,20.5921,21.9737,-15.2632,12.7961,20.5921,2.0395,2.0395,0.5,12.0,True,True,7.796,sustained_winner
short_2026-06-05T060000_XPLUSDT,short,2026-06-05 06:00:00,XPLUSDT,SHORT_CONTINUATION,Late Runner,600,17.608,18.7154,-16.8328,6.6445,11.7386,15.1717,15.1717,0.8333,12.0,True,True,5.0941,sustained_winner
short_2026-06-05T060000_FILUSDT,short,2026-06-05 06:00:00,FILUSDT,SHORT_CONTINUATION,Late Runner,600,13.0337,14.2697,-11.9101,2.9213,7.5281,10.1124,10.1124,0.8333,12.0,False,True,4.6068,loser_2h_runner_6h
short_2026-06-05T060000_WLDUSDT,short,2026-06-05 06:00:00,WLDUSDT,SHORT_CONTINUATION,Fake Breakout,360,8.4269,10.0438,-6.4105,-1.4076,8.4269,-3.1006,-3.1006,0.5,12.0,False,True,9.8345,loser_2h_runner_6h
short_2026-06-05T060000_ICPUSDT,short,2026-06-05 06:00:00,ICPUSDT,SHORT_CONTINUATION,Late Runner,600,13.0293,13.2827,-11.2921,2.3887,8.2519,9.9529,9.9529,0.8333,12.0,False,True,5.8632,loser_2h_runner_6h
short_2026-06-05T080000_SPORTFUNUSDT,short,2026-06-05 08:00:00,SPORTFUNUSDT,SHORT_CONTINUATION,Late Runner,720,19.7113,19.8895,-18.2142,3.0119,5.6853,19.7113,19.7113,1.0,12.0,True,True,2.6734,sustained_winner
short_2026-06-05T080000_INUSDT,short,2026-06-05 08:00:00,INUSDT,SHORT_CONTINUATION,Late Runner,690,19.0564,19.9835,-18.665,5.171,7.7256,19.0152,19.0152,0.9583,12.0,True,True,2.5546,sustained_winner
short_2026-06-05T080000_AIAUSDT,short,2026-06-05 08:00:00,AIAUSDT,SHORT_CONTINUATION,Late Runner,720,11.0506,13.0958,-10.1105,3.6945,3.3977,11.0506,11.0506,1.0,12.0,True,True,-0.2968,sustained_winner
short_2026-06-05T080000_BEATUSDT,short,2026-06-05 08:00:00,BEATUSDT,SHORT_CONTINUATION,Fake Breakout,45,2.9849,4.1025,-0.3882,-2.764,-8.7605,-7.5693,-7.5693,0.0625,12.0,False,False,-5.9965,underperformer
short_2026-06-05T080000_EPICUSDT,short,2026-06-05 08:00:00,EPICUSDT,SHORT_CONTINUATION,Fake Breakout,330,4.8499,6.5877,-4.139,2.4645,3.9968,-0.7267,-0.7267,0.4583,12.0,False,True,1.5323,loser_2h_runner_6h
short_2026-06-05T100000_XMRUSDT,short,2026-06-05 10:00:00,XMRUSDT,SHORT_CONTINUATION,Slow Trend,360,16.125,16.2246,-14.2359,7.4651,16.125,9.0389,9.0389,0.5,12.0,True,True,8.6599,sustained_winner
short_2026-06-05T100000_ESPUSDT,short,2026-06-05 10:00:00,ESPUSDT,SHORT_CONTINUATION,Late Runner,570,10.28,11.0947,-10.0874,3.3328,7.2878,5.1844,5.1844,0.7917,12.0,True,True,3.955,sustained_winner
short_2026-06-05T100000_BUSDT,short,2026-06-05 10:00:00,BUSDT,SHORT_CONTINUATION,Slow Trend,360,9.0553,10.0353,-8.7809,4.1552,9.0553,6.8209,6.8209,0.5,12.0,True,True,4.9001,sustained_winner
short_2026-06-05T100000_IOUSDT,short,2026-06-05 10:00:00,IOUSDT,SHORT_CONTINUATION,Slow Trend,360,11.8902,13.1707,-10.9756,6.9512,11.8902,10.0,10.0,0.5,12.0,True,True,4.939,sustained_winner
short_2026-06-05T100000_BSBUSDT,short,2026-06-05 10:00:00,BSBUSDT,SHORT_CONTINUATION,Slow Trend,360,9.3955,10.4993,-8.421,3.5961,9.3955,6.4376,6.4376,0.5,12.0,True,True,5.7994,sustained_winner
short_2026-06-05T120000_HEIUSDT,short,2026-06-05 12:00:00,HEIUSDT,SHORT_CONTINUATION,Fake Breakout,30,5.1564,6.9334,-2.104,-6.6609,-1.5698,-0.2071,-0.2071,0.0417,12.0,False,False,5.0911,underperformer
short_2026-06-05T120000_UBUSDT,short,2026-06-05 12:00:00,UBUSDT,SHORT_CONTINUATION,Fake Breakout,45,2.8732,3.1268,-2.2441,0.3662,-7.4836,0.3099,0.3099,0.0625,12.0,False,False,-7.8498,underperformer
short_2026-06-05T120000_MANTAUSDT,short,2026-06-05 12:00:00,MANTAUSDT,SHORT_CONTINUATION,Slow Trend,240,6.278,6.5142,-4.3635,1.0194,0.2984,5.3332,5.3332,0.3333,12.0,False,False,-0.721,underperformer
short_2026-06-05T120000_GENIUSUSDT,short,2026-06-05 12:00:00,GENIUSUSDT,SHORT_CONTINUATION,Fake Breakout,60,2.5264,3.7667,-1.8144,0.6431,-5.4892,-1.6766,-1.6766,0.0833,12.0,False,False,-6.1323,underperformer
short_2026-06-05T120000_STGUSDT,short,2026-06-05 12:00:00,STGUSDT,SHORT_CONTINUATION,Fake Breakout,150,3.143,3.3201,-1.9478,2.6118,-9.3847,-4.6481,-4.6481,0.2083,12.0,False,False,-11.9965,underperformer
short_2026-06-05T140000_MYXUSDT,short,2026-06-05 14:00:00,MYXUSDT,SHORT_CONTINUATION,Late Runner,645,18.3404,20.4343,-17.2935,12.8344,13.4161,15.6262,15.6262,0.8958,12.0,True,True,0.5817,sustained_winner
short_2026-06-05T140000_XPLUSDT,short,2026-06-05 14:00:00,XPLUSDT,SHORT_CONTINUATION,Late Runner,645,17.9803,19.4581,-17.2414,8.3744,8.3744,16.5025,16.5025,0.8958,12.0,True,True,0.0,sustained_winner
short_2026-06-05T140000_LIGHTUSDT,short,2026-06-05 14:00:00,LIGHTUSDT,SHORT_CONTINUATION,Late Runner,690,11.9621,14.4578,-11.1015,8.2616,7.315,11.0155,11.0155,0.9583,12.0,True,True,-0.9466,sustained_winner
short_2026-06-05T140000_DYDXUSDT,short,2026-06-05 14:00:00,DYDXUSDT,SHORT_CONTINUATION,Late Runner,690,12.3381,13.2634,-11.351,9.9321,9.3152,11.0426,11.0426,0.9583,12.0,True,True,-0.6169,sustained_winner
short_2026-06-05T140000_KGENUSDT,short,2026-06-05 14:00:00,KGENUSDT,SHORT_CONTINUATION,Fake Breakout,120,4.4036,5.0565,-3.4838,4.4036,1.973,0.6053,0.6053,0.1667,12.0,True,False,-2.4306,winner_2h_fade_6h
short_2026-06-05T160000_ONUSDT,short,2026-06-05 16:00:00,ONUSDT,SHORT_CONTINUATION,Late Runner,720,9.2847,9.7473,-7.8858,2.0984,7.1751,9.2847,9.2847,1.0,12.0,False,True,5.0767,loser_2h_runner_6h
short_2026-06-05T160000_AIOUSDT,short,2026-06-05 16:00:00,AIOUSDT,SHORT_CONTINUATION,Fake Breakout,0,4.7867,6.3371,-3.1946,0.77,1.5088,-1.0614,-1.0614,0.0,12.0,False,False,0.7388,underperformer
short_2026-06-05T160000_CUSDT,short,2026-06-05 16:00:00,CUSDT,SHORT_CONTINUATION,Late Runner,570,3.9553,4.9633,-2.8268,0.6903,0.0657,3.4184,3.4184,0.7917,12.0,False,False,-0.6246,underperformer
short_2026-06-05T160000_BANUSDT,short,2026-06-05 16:00:00,BANUSDT,SHORT_CONTINUATION,Late Runner,720,12.7082,13.4276,-11.8627,2.4987,-1.1863,12.7082,12.7082,1.0,12.0,False,False,-3.685,underperformer
short_2026-06-05T160000_HEIUSDT,short,2026-06-05 16:00:00,HEIUSDT,SHORT_CONTINUATION,Fake Breakout,60,5.2306,8.7248,-4.3358,0.7457,-6.1468,0.7138,0.7138,0.0833,12.0,False,False,-6.8925,underperformer
short_2026-06-05T180000_AIAUSDT,short,2026-06-05 18:00:00,AIAUSDT,SHORT_CONTINUATION,Late Runner,600,10.4061,11.8105,-9.7293,8.7479,7.665,7.7327,7.7327,0.8333,12.0,True,True,-1.0829,sustained_winner
short_2026-06-05T180000_ESPUSDT,short,2026-06-05 18:00:00,ESPUSDT,SHORT_CONTINUATION,Fake Breakout,90,4.5841,5.4505,-4.3793,3.9855,-0.8192,-4.3006,-4.3006,0.125,12.0,True,False,-4.8047,winner_2h_fade_6h
short_2026-06-05T180000_MUSDT,short,2026-06-05 18:00:00,MUSDT,SHORT_CONTINUATION,Late Runner,600,12.9091,13.4906,-12.5716,6.8101,10.5888,11.2457,11.2457,0.8333,12.0,True,True,3.7787,sustained_winner
short_2026-06-05T180000_UBUSDT,short,2026-06-05 18:00:00,UBUSDT,SHORT_CONTINUATION,Late Runner,630,13.257,13.7132,-12.4072,2.8983,5.0273,11.1727,11.1727,0.875,12.0,False,True,2.129,loser_2h_runner_6h
short_2026-06-05T180000_APRUSDT,short,2026-06-05 18:00:00,APRUSDT,SHORT_CONTINUATION,Fake Breakout,30,2.6531,3.1684,-1.591,-2.5853,-0.8271,-3.9638,-3.9638,0.0417,12.0,False,False,1.7582,underperformer
short_2026-06-05T200000_HOLOUSDT,short,2026-06-05 20:00:00,HOLOUSDT,SHORT_CONTINUATION,Late Runner,720,10.0463,10.1622,-8.7388,0.993,1.6054,10.0463,10.0463,1.0,12.0,False,False,0.6124,underperformer
short_2026-06-05T200000_AINUSDT,short,2026-06-05 20:00:00,AINUSDT,SHORT_CONTINUATION,Late Runner,720,9.4971,10.7654,-8.8483,5.8546,6.2528,9.4971,9.4971,1.0,12.0,True,True,0.3982,sustained_winner
short_2026-06-05T200000_EPICUSDT,short,2026-06-05 20:00:00,EPICUSDT,SHORT_CONTINUATION,Slow Trend,270,13.6138,15.5852,-11.2077,4.1292,-0.652,10.4471,10.4471,0.375,12.0,True,False,-4.7812,winner_2h_fade_6h
short_2026-06-05T200000_WLDUSDT,short,2026-06-05 20:00:00,WLDUSDT,SHORT_CONTINUATION,Slow Trend,240,11.8183,13.4598,-8.0795,3.3923,5.435,2.9728,2.9728,0.3333,12.0,True,True,2.0427,sustained_winner
short_2026-06-05T200000_OPNUSDT,short,2026-06-05 20:00:00,OPNUSDT,SHORT_CONTINUATION,Slow Trend,330,29.5893,31.7687,-27.368,5.5323,27.7033,3.0176,3.0176,0.4583,12.0,True,True,22.171,sustained_winner
short_2026-06-05T220000_LAUSDT,short,2026-06-05 22:00:00,LAUSDT,SHORT_CONTINUATION,Late Runner,720,14.6821,15.2601,-12.1387,7.2832,12.6012,14.6821,14.6821,1.0,12.0,True,True,5.318,sustained_winner
short_2026-06-05T220000_EPICUSDT,short,2026-06-05 22:00:00,EPICUSDT,SHORT_CONTINUATION,Slow Trend,150,10.4009,12.4457,-7.9053,5.5386,2.3346,4.5725,4.5725,0.2083,12.0,True,False,-3.204,winner_2h_fade_6h
short_2026-06-05T220000_USELESSUSDT,short,2026-06-05 22:00:00,USELESSUSDT,SHORT_CONTINUATION,Slow Trend,360,13.9946,15.2547,-12.6542,7.6005,13.9946,7.6944,7.6944,0.5,12.0,True,True,6.3941,sustained_winner
short_2026-06-05T220000_AINUSDT,short,2026-06-05 22:00:00,AINUSDT,SHORT_CONTINUATION,Late Runner,630,5.1024,6.1569,-4.9318,4.6216,3.7841,3.7996,3.7996,0.875,12.0,True,True,-0.8375,sustained_winner
short_2026-06-05T220000_EVAAUSDT,short,2026-06-05 22:00:00,EVAAUSDT,SHORT_CONTINUATION,Slow Trend,360,6.6983,8.2148,-6.1611,4.9605,6.6983,3.8863,3.8863,0.5,12.0,True,True,1.7378,sustained_winner
short_2026-06-06T000000_XPLUSDT,short,2026-06-06 00:00:00,XPLUSDT,SHORT_CONTINUATION,Slow Trend,240,11.9048,13.1653,-11.2045,5.042,3.3613,7.6471,7.6471,0.3333,12.0,True,True,-1.6807,sustained_winner
short_2026-06-06T000000_LITUSDT,short,2026-06-06 00:00:00,LITUSDT,SHORT_CONTINUATION,Slow Trend,210,7.4164,8.4662,-6.0233,0.7066,-3.7149,4.9398,4.9398,0.2917,12.0,False,False,-4.4215,underperformer
short_2026-06-06T000000_USELESSUSDT,short,2026-06-06 00:00:00,USELESSUSDT,SHORT_CONTINUATION,Slow Trend,240,8.7729,10.1095,-7.3511,2.8295,1.5214,4.3651,4.3651,0.3333,12.0,False,False,-1.3081,underperformer
short_2026-06-06T000000_ENAUSDT,short,2026-06-06 00:00:00,ENAUSDT,SHORT_CONTINUATION,Fake Breakout,45,4.6626,6.0603,-3.4254,-2.8296,-6.0946,-5.854,-5.854,0.0625,12.0,False,False,-3.265,underperformer
short_2026-06-06T000000_BSBUSDT,short,2026-06-06 00:00:00,BSBUSDT,SHORT_CONTINUATION,Delayed Breakout,495,7.0627,8.8119,-6.1198,0.1839,3.7954,2.6591,2.6591,0.6875,12.0,False,True,3.6115,loser_2h_runner_6h
short_2026-06-06T020000_LABUSDT,short,2026-06-06 02:00:00,LABUSDT,SHORT_CONTINUATION,V-Reversal,495,19.9381,22.0302,-16.2816,4.9754,10.4693,8.3045,8.3045,0.6875,12.0,True,True,5.4939,sustained_winner
short_2026-06-06T020000_SKYAIUSDT,short,2026-06-06 02:00:00,SKYAIUSDT,SHORT_CONTINUATION,Fake Breakout,45,4.656,5.4617,-3.4632,3.2592,2.8826,-1.0411,-1.0411,0.0625,12.0,True,False,-0.3766,winner_2h_fade_6h
short_2026-06-06T020000_ZBTUSDT,short,2026-06-06 02:00:00,ZBTUSDT,SHORT_CONTINUATION,Late Runner,720,9.3995,10.3321,-7.5834,5.8082,6.6345,9.3995,9.3995,1.0,12.0,True,True,0.8263,sustained_winner
short_2026-06-06T020000_BASEDUSDT,short,2026-06-06 02:00:00,BASEDUSDT,SHORT_CONTINUATION,Slow Trend,120,5.9651,7.1646,-5.0536,5.9651,0.8796,5.0056,5.0056,0.1667,12.0,True,False,-5.0855,winner_2h_fade_6h
short_2026-06-06T020000_BRUSDT,short,2026-06-06 02:00:00,BRUSDT,SHORT_CONTINUATION,Late Runner,690,9.4979,9.9953,-8.2496,7.0765,4.5894,7.771,7.771,0.9583,12.0,True,True,-2.4871,sustained_winner
short_2026-06-06T040000_LABUSDT,short,2026-06-06 04:00:00,LABUSDT,SHORT_CONTINUATION,Slow Trend,375,19.4841,21.588,-15.8068,11.2239,14.5719,14.206,14.206,0.5208,12.0,True,True,3.348,sustained_winner
short_2026-06-06T040000_RIFUSDT,short,2026-06-06 04:00:00,RIFUSDT,SHORT_CONTINUATION,Slow Trend,330,14.2533,14.884,-13.2694,5.8022,7.9465,14.1145,14.1145,0.4583,12.0,True,True,2.1443,sustained_winner
short_2026-06-06T040000_STGUSDT,short,2026-06-06 04:00:00,STGUSDT,SHORT_CONTINUATION,Late Runner,630,12.4109,12.7883,-11.9078,4.5702,6.7925,9.7694,9.7694,0.875,12.0,True,True,2.2223,sustained_winner
short_2026-06-06T040000_币安人生USDT,short,2026-06-06 04:00:00,币安人生USDT,SHORT_CONTINUATION,Late Runner,645,7.0711,8.1204,-6.156,2.0308,0.161,2.7722,2.7722,0.8958,12.0,False,False,-1.8698,underperformer
short_2026-06-06T040000_ZBTUSDT,short,2026-06-06 04:00:00,ZBTUSDT,SHORT_CONTINUATION,Late Runner,600,5.4953,6.6303,-3.6863,0.9984,-2.0138,3.7546,3.7546,0.8333,12.0,False,False,-3.0122,underperformer
short_2026-06-06T060000_BTWUSDT,short,2026-06-06 06:00:00,BTWUSDT,SHORT_CONTINUATION,Late Runner,720,21.133,24.2328,-19.9942,4.9026,5.532,21.133,21.133,1.0,12.0,True,True,0.6294,sustained_winner
short_2026-06-06T060000_CLOUSDT,short,2026-06-06 06:00:00,CLOUSDT,SHORT_CONTINUATION,Fake Breakout,150,6.5537,7.5987,-6.1581,6.3175,-10.6808,-23.4103,-23.4103,0.2083,12.0,True,False,-16.9983,winner_2h_fade_6h
short_2026-06-06T060000_LITUSDT,short,2026-06-06 06:00:00,LITUSDT,SHORT_CONTINUATION,Slow Trend,450,9.9423,10.9872,-9.1282,5.4808,9.4551,4.0321,4.0321,0.625,12.0,True,True,3.9743,sustained_winner
short_2026-06-06T060000_EPICUSDT,short,2026-06-06 06:00:00,EPICUSDT,SHORT_CONTINUATION,Fake Breakout,225,3.7603,4.1128,-2.6356,3.156,-2.8034,-4.1128,-4.1128,0.3125,12.0,True,False,-5.9594,winner_2h_fade_6h
short_2026-06-06T060000_RIFUSDT,short,2026-06-06 06:00:00,RIFUSDT,SHORT_CONTINUATION,Late Runner,630,11.5514,12.1961,-10.2619,6.0443,4.231,9.7515,9.7515,0.875,12.0,True,True,-1.8133,sustained_winner
short_2026-06-06T080000_BEATUSDT,short,2026-06-06 08:00:00,BEATUSDT,SHORT_CONTINUATION,Fake Breakout,45,11.316,18.1636,-6.4798,5.4936,-0.156,-7.4549,-7.4549,0.0625,12.0,True,False,-5.6496,winner_2h_fade_6h
short_2026-06-06T080000_ALLOUSDT,short,2026-06-06 08:00:00,ALLOUSDT,SHORT_CONTINUATION,Fake Breakout,210,8.2632,11.4121,-4.5503,3.448,1.5937,-74.8473,-74.8473,0.2917,12.0,True,False,-1.8543,winner_2h_fade_6h
short_2026-06-06T080000_WLDUSDT,short,2026-06-06 08:00:00,WLDUSDT,SHORT_CONTINUATION,Late Runner,690,26.9748,28.0059,-25.7779,8.9118,21.8928,22.2979,22.2979,0.9583,12.0,True,True,12.981,sustained_winner
short_2026-06-06T080000_币安人生USDT,short,2026-06-06 08:00:00,币安人生USDT,SHORT_CONTINUATION,Fake Breakout,405,5.8195,6.883,-4.8921,-1.1837,5.7924,-0.0802,-0.0802,0.5625,12.0,False,True,6.9761,loser_2h_runner_6h
short_2026-06-06T080000_CFGUSDT,short,2026-06-06 08:00:00,CFGUSDT,SHORT_CONTINUATION,Delayed Breakout,330,7.9148,8.4729,-7.0523,0.8118,7.8133,3.5008,3.5008,0.4583,12.0,False,True,7.0015,loser_2h_runner_6h
short_2026-06-06T100000_SLXUSDT,short,2026-06-06 10:00:00,SLXUSDT,SHORT_CONTINUATION,Late Runner,585,20.2237,21.4007,-19.4765,5.04,17.7427,17.6353,17.6353,0.8125,12.0,True,True,12.7027,sustained_winner
short_2026-06-06T100000_WLDUSDT,short,2026-06-06 10:00:00,WLDUSDT,SHORT_CONTINUATION,Late Runner,570,24.3563,25.4244,-23.1165,17.49,10.6618,20.7324,20.7324,0.7917,12.0,True,True,-6.8282,sustained_winner
short_2026-06-06T100000_GUAUSDT,short,2026-06-06 10:00:00,GUAUSDT,SHORT_CONTINUATION,Slow Trend,210,14.1862,15.6421,-11.8342,4.119,5.9482,8.4744,8.4744,0.2917,12.0,True,True,1.8292,sustained_winner
short_2026-06-06T100000_LAUSDT,short,2026-06-06 10:00:00,LAUSDT,SHORT_CONTINUATION,Slow Trend,240,10.7905,11.502,-10.1449,7.22,7.7075,7.1014,7.1014,0.3333,12.0,True,True,0.4875,sustained_winner
short_2026-06-06T100000_INUSDT,short,2026-06-06 10:00:00,INUSDT,SHORT_CONTINUATION,Slow Trend,210,10.4467,11.8379,-9.8365,6.6268,7.237,8.1401,8.1401,0.2917,12.0,True,True,0.6102,sustained_winner
short_2026-06-06T120000_API3USDT,short,2026-06-06 12:00:00,API3USDT,SHORT_CONTINUATION,Slow Trend,120,9.2578,10.329,-8.3397,9.2578,3.749,4.0168,4.0168,0.1667,12.0,True,True,-5.5088,sustained_winner
short_2026-06-06T120000_CLOUSDT,short,2026-06-06 12:00:00,CLOUSDT,SHORT_CONTINUATION,Fake Breakout,30,4.6853,5.7733,-2.6082,2.5301,-8.8136,-3.2953,-3.2953,0.0417,12.0,False,False,-11.3437,underperformer
short_2026-06-06T120000_TAUSDT,short,2026-06-06 12:00:00,TAUSDT,SHORT_CONTINUATION,Fake Breakout,405,15.6349,16.5981,-15.1298,8.4107,14.9653,-2.5725,-2.5725,0.5625,12.0,True,True,6.5546,sustained_winner
short_2026-06-06T120000_ZECUSDT,short,2026-06-06 12:00:00,ZECUSDT,SHORT_CONTINUATION,Late Runner,705,9.7749,10.2336,-8.7274,4.0839,1.5752,9.1437,9.1437,0.9792,12.0,True,False,-2.5087,winner_2h_fade_6h
short_2026-06-06T120000_HEIUSDT,short,2026-06-06 12:00:00,HEIUSDT,SHORT_CONTINUATION,Fake Breakout,90,9.853,11.8769,-6.9131,7.5096,-15.6157,-58.3085,-58.3085,0.125,12.0,True,False,-23.1253,winner_2h_fade_6h
short_2026-06-06T140000_HEIUSDT,short,2026-06-06 14:00:00,HEIUSDT,SHORT_CONTINUATION,Unclassified,45,1.5329,1.9643,-0.7721,-11.6725,-24.9915,-86.1701,-86.1701,0.0625,12.0,False,False,-13.319,underperformer
short_2026-06-06T140000_TAUSDT,short,2026-06-06 14:00:00,TAUSDT,SHORT_CONTINUATION,Fake Breakout,285,7.8049,8.8575,-7.2529,3.0552,0.1027,-13.2863,-13.2863,0.3958,12.0,True,False,-2.9525,winner_2h_fade_6h
short_2026-06-06T140000_B2USDT,short,2026-06-06 14:00:00,B2USDT,SHORT_CONTINUATION,Unclassified,15,1.4785,2.8898,-1.1649,0.7616,-1.0305,-4.9955,-4.9955,0.0208,12.0,False,False,-1.7921,underperformer
short_2026-06-06T140000_ALLOUSDT,short,2026-06-06 14:00:00,ALLOUSDT,SHORT_CONTINUATION,Unclassified,0,1.6609,2.1861,1.093,-1.789,-74.7278,-83.9418,-83.9418,0.0,12.0,False,False,-72.9388,underperformer
short_2026-06-06T140000_BANUSDT,short,2026-06-06 14:00:00,BANUSDT,SHORT_CONTINUATION,Unclassified,615,-2.9547,1.5201,3.1768,-7.4979,-8.1127,-6.6951,-6.6951,0.8542,12.0,False,False,-0.6148,underperformer
short_2026-06-06T160000_BANUSDT,short,2026-06-06 16:00:00,BANUSDT,SHORT_CONTINUATION,Continuous Trend,495,5.6208,7.5466,-5.4173,5.2607,3.4602,3.5541,3.5541,0.6875,12.0,True,True,-1.8005,sustained_winner
short_2026-06-06T160000_HEIUSDT,short,2026-06-06 16:00:00,HEIUSDT,SHORT_CONTINUATION,Fake Breakout,0,2.7008,4.9763,-0.3759,-7.3803,-20.7459,-46.023,-46.023,0.0,12.0,False,False,-13.3656,underperformer
short_2026-06-06T160000_AIOUSDT,short,2026-06-06 16:00:00,AIOUSDT,SHORT_CONTINUATION,Fake Breakout,45,2.9896,3.8411,-2.2044,-1.3056,-13.5289,-13.8789,-13.8789,0.0625,12.0,False,False,-12.2233,underperformer
short_2026-06-06T160000_EPICUSDT,short,2026-06-06 16:00:00,EPICUSDT,SHORT_CONTINUATION,Slow Trend,120,5.759,6.1085,-4.2699,5.759,4.1939,2.8871,2.8871,0.1667,12.0,True,True,-1.5651,sustained_winner
short_2026-06-06T160000_ENAUSDT,short,2026-06-06 16:00:00,ENAUSDT,SHORT_CONTINUATION,Delayed Breakout,645,4.8079,5.4553,-4.065,-0.6262,1.4328,3.5873,3.5873,0.8958,12.0,False,False,2.059,underperformer
short_2026-06-06T180000_OPNUSDT,short,2026-06-06 18:00:00,OPNUSDT,SHORT_CONTINUATION,Continuous Trend,510,43.737,47.0662,-41.7811,9.4049,30.0458,42.6134,42.6134,0.7083,12.0,True,True,20.6409,sustained_winner
short_2026-06-06T180000_RIFUSDT,short,2026-06-06 18:00:00,RIFUSDT,SHORT_CONTINUATION,Late Runner,660,7.0391,7.2318,-6.5205,2.5934,1.9413,3.3788,3.3788,0.9167,12.0,False,False,-0.6521,underperformer
short_2026-06-06T180000_USELESSUSDT,short,2026-06-06 18:00:00,USELESSUSDT,SHORT_CONTINUATION,Late Runner,675,9.3378,9.6137,-8.5972,4.9956,6.201,8.4374,8.4374,0.9375,12.0,True,True,1.2054,sustained_winner
short_2026-06-06T180000_ENAUSDT,short,2026-06-06 18:00:00,ENAUSDT,SHORT_CONTINUATION,Late Runner,645,4.6892,5.3407,-4.0162,3.2899,3.0442,3.2472,3.2472,0.8958,12.0,True,True,-0.2457,sustained_winner
short_2026-06-06T180000_XLMUSDT,short,2026-06-06 18:00:00,XLMUSDT,SHORT_CONTINUATION,Fake Breakout,60,4.2754,4.9339,-3.8282,3.553,1.4006,-1.6168,-1.6168,0.0833,12.0,True,False,-2.1524,winner_2h_fade_6h
short_2026-06-06T200000_HEIUSDT,short,2026-06-06 20:00:00,HEIUSDT,SHORT_CONTINUATION,Late Runner,630,16.9514,20.2694,-15.5552,-0.2382,-34.6583,16.5243,16.5243,0.875,12.0,False,False,-34.4201,underperformer
short_2026-06-06T200000_AIOUSDT,short,2026-06-06 20:00:00,AIOUSDT,SHORT_CONTINUATION,Immediate Explosion,30,6.0721,9.2075,-4.7485,0.728,0.3061,1.2244,1.2244,0.0417,12.0,False,False,-0.4219,underperformer
short_2026-06-06T200000_ICNTUSDT,short,2026-06-06 20:00:00,ICNTUSDT,SHORT_CONTINUATION,Fake Breakout,420,3.3642,5.0042,-2.8175,2.4811,2.5231,0.9672,0.9672,0.5833,12.0,False,False,0.042,underperformer
short_2026-06-06T200000_SANTOSUSDT,short,2026-06-06 20:00:00,SANTOSUSDT,SHORT_CONTINUATION,Slow Trend,405,7.8634,8.5213,-7.1742,1.4724,5.3728,3.5558,3.5558,0.5625,12.0,False,True,3.9004,loser_2h_runner_6h
short_2026-06-06T200000_ZESTUSDT,short,2026-06-06 20:00:00,ZESTUSDT,SHORT_CONTINUATION,Fake Breakout,360,4.5134,6.7205,-3.0481,3.0224,4.5134,-1.3918,-1.3918,0.5,12.0,True,True,1.491,sustained_winner
short_2026-06-06T220000_SKYUSDT,short,2026-06-06 22:00:00,SKYUSDT,SHORT_CONTINUATION,Slow Trend,300,5.7432,5.7946,-5.5546,5.0746,4.5603,4.4745,4.4745,0.4167,12.0,True,True,-0.5143,sustained_winner
short_2026-06-06T220000_ESPORTSUSDT,short,2026-06-06 22:00:00,ESPORTSUSDT,SHORT_CONTINUATION,Delayed Breakout,570,8.2581,12.7713,-6.7793,1.498,1.2291,2.5543,2.5543,0.7917,12.0,False,False,-0.2689,underperformer
short_2026-06-06T220000_ALLOUSDT,short,2026-06-06 22:00:00,ALLOUSDT,SHORT_CONTINUATION,Fake Breakout,90,5.749,6.9003,-3.6825,0.8581,-4.3761,-8.0849,-8.0849,0.125,12.0,False,False,-5.2342,underperformer
short_2026-06-06T220000_USELESSUSDT,short,2026-06-06 22:00:00,USELESSUSDT,SHORT_CONTINUATION,Fake Breakout,435,6.6816,6.9656,-5.9193,3.4529,4.2451,-0.6876,-0.6876,0.6042,12.0,True,True,0.7922,sustained_winner
short_2026-06-06T220000_币安人生USDT,short,2026-06-06 22:00:00,币安人生USDT,SHORT_CONTINUATION,Fake Breakout,75,3.9036,5.2199,-2.8843,0.4553,-5.3835,-13.1563,-13.1563,0.1042,12.0,False,False,-5.8388,underperformer
short_2026-06-07T000000_HEIUSDT,short,2026-06-07 00:00:00,HEIUSDT,SHORT_CONTINUATION,Late Runner,645,44.0255,44.6146,-42.8474,-1.668,31.562,43.6101,43.6101,0.8958,12.0,False,True,33.23,loser_2h_runner_6h
short_2026-06-07T000000_HUSDT,short,2026-06-07 00:00:00,HUSDT,SHORT_CONTINUATION,Fake Breakout,135,17.5015,19.0927,-14.4532,13.9273,6.6746,-5.5572,-5.5572,0.1875,12.0,True,True,-7.2527,sustained_winner
short_2026-06-07T000000_EDGEUSDT,short,2026-06-07 00:00:00,EDGEUSDT,SHORT_CONTINUATION,Continuous Trend,450,5.7897,7.4673,-5.3601,4.7463,2.4755,2.4959,2.4959,0.625,12.0,True,False,-2.2708,winner_2h_fade_6h
short_2026-06-07T000000_KGENUSDT,short,2026-06-07 00:00:00,KGENUSDT,SHORT_CONTINUATION,Fake Breakout,135,3.591,3.7129,-3.1999,2.1587,1.3917,-3.6164,-3.6164,0.1875,12.0,False,False,-0.767,underperformer
short_2026-06-07T000000_MEUSDT,short,2026-06-07 00:00:00,MEUSDT,SHORT_CONTINUATION,Slow Trend,375,4.2927,4.5366,-3.9024,2.6829,4.0,2.3252,2.3252,0.5208,12.0,False,True,1.3171,loser_2h_runner_6h
short_2026-06-07T020000_ZESTUSDT,short,2026-06-07 02:00:00,ZESTUSDT,SHORT_CONTINUATION,Fake Breakout,0,7.6407,9.7755,-6.2234,4.6427,1.9288,-3.1046,-3.1046,0.0,12.0,True,False,-2.7139,winner_2h_fade_6h
short_2026-06-07T020000_HEIUSDT,short,2026-06-07 02:00:00,HEIUSDT,SHORT_CONTINUATION,Continuous Trend,525,42.0529,42.6627,-40.8332,5.251,34.7541,34.7862,34.7862,0.7292,12.0,True,True,29.5031,sustained_winner
short_2026-06-07T020000_HUSDT,short,2026-06-07 02:00:00,HUSDT,SHORT_CONTINUATION,Fake Breakout,15,5.7818,7.599,-2.3005,-1.0822,-7.0324,-21.5378,-21.5378,0.0208,12.0,False,False,-5.9502,underperformer
short_2026-06-07T020000_ASRUSDT,short,2026-06-07 02:00:00,ASRUSDT,SHORT_CONTINUATION,Fake Breakout,15,4.4761,5.0865,-4.0692,1.119,1.4242,-0.2035,-0.2035,0.0208,12.0,False,False,0.3052,underperformer
short_2026-06-07T020000_KGENUSDT,short,2026-06-07 02:00:00,KGENUSDT,SHORT_CONTINUATION,Fake Breakout,15,4.1509,4.2721,-3.7621,0.1464,0.2828,-8.5341,-8.5341,0.0208,12.0,False,False,0.1364,underperformer
short_2026-06-07T040000_HEIUSDT,short,2026-06-07 04:00:00,HEIUSDT,SHORT_CONTINUATION,Slow Trend,405,40.266,40.8947,-39.0087,26.9653,39.2867,29.6652,29.6652,0.5625,12.0,True,True,12.3214,sustained_winner
short_2026-06-07T040000_HOMEUSDT,short,2026-06-07 04:00:00,HOMEUSDT,SHORT_CONTINUATION,Slow Trend,240,9.2838,9.6827,-8.4678,6.2919,7.9057,4.4606,4.4606,0.3333,12.0,True,True,1.6138,sustained_winner
short_2026-06-07T040000_VELVETUSDT,short,2026-06-07 04:00:00,VELVETUSDT,SHORT_CONTINUATION,Fake Breakout,90,5.9499,7.0987,-5.2184,4.8115,3.1578,-2.2203,-2.2203,0.125,12.0,True,True,-1.6537,sustained_winner
short_2026-06-07T040000_CROSSUSDT,short,2026-06-07 04:00:00,CROSSUSDT,SHORT_CONTINUATION,Slow Trend,120,5.2712,5.8105,-4.7726,5.2712,2.4728,4.4368,4.4368,0.1667,12.0,True,False,-2.7984,winner_2h_fade_6h
short_2026-06-07T040000_ALLOUSDT,short,2026-06-07 04:00:00,ALLOUSDT,SHORT_CONTINUATION,Late Runner,705,35.1862,36.2103,-34.242,-2.1905,-0.7442,34.3531,34.3531,0.9792,12.0,False,False,1.4463,underperformer
short_2026-06-07T060000_BTWUSDT,short,2026-06-07 06:00:00,BTWUSDT,SHORT_CONTINUATION,Fake Breakout,540,15.7289,17.3561,-14.4894,6.763,7.3962,-7.5063,-7.5063,0.75,12.0,True,True,0.6332,sustained_winner
short_2026-06-07T060000_LABUSDT,short,2026-06-07 06:00:00,LABUSDT,SHORT_CONTINUATION,Continuous Trend,435,11.9448,13.386,-9.8109,8.9725,4.9054,9.5684,9.5684,0.6042,12.0,True,True,-4.0671,sustained_winner
short_2026-06-07T060000_ESPORTSUSDT,short,2026-06-07 06:00:00,ESPORTSUSDT,SHORT_CONTINUATION,Fake Breakout,90,8.6091,13.105,-7.136,5.1846,1.2435,0.0383,0.0383,0.125,12.0,True,False,-3.9411,winner_2h_fade_6h
short_2026-06-07T060000_ALLOUSDT,short,2026-06-07 06:00:00,ALLOUSDT,SHORT_CONTINUATION,Late Runner,585,38.6301,39.5999,-37.7361,15.4802,1.8322,36.5287,36.5287,0.8125,12.0,True,False,-13.648,winner_2h_fade_6h
short_2026-06-07T060000_HEIUSDT,short,2026-06-07 06:00:00,HEIUSDT,SHORT_CONTINUATION,Slow Trend,285,14.8075,15.704,-13.0143,4.077,14.1752,6.4836,6.4836,0.3958,12.0,True,True,10.0982,sustained_winner
short_2026-06-07T080000_SKYAIUSDT,short,2026-06-07 08:00:00,SKYAIUSDT,SHORT_CONTINUATION,Slow Trend,330,24.1864,24.6265,-22.8772,-1.2867,22.6053,18.7901,18.7901,0.4583,12.0,False,True,23.892,loser_2h_runner_6h
short_2026-06-07T080000_BTWUSDT,short,2026-06-07 08:00:00,BTWUSDT,SHORT_CONTINUATION,Fake Breakout,420,9.6048,11.3503,-8.2752,0.1962,4.9622,-1.6892,-1.6892,0.5833,12.0,False,True,4.766,loser_2h_runner_6h
short_2026-06-07T080000_PARTIUSDT,short,2026-06-07 08:00:00,PARTIUSDT,SHORT_CONTINUATION,Delayed Breakout,720,3.4331,4.2956,-2.5875,1.4544,2.8412,3.4331,3.4331,1.0,12.0,False,False,1.3868,underperformer
short_2026-06-07T080000_WLDUSDT,short,2026-06-07 08:00:00,WLDUSDT,SHORT_CONTINUATION,Unclassified,45,0.4811,1.0825,0.0241,-7.9384,-8.6601,-0.9141,-0.9141,0.0625,12.0,False,False,-0.7217,underperformer
short_2026-06-07T080000_VELVETUSDT,short,2026-06-07 08:00:00,VELVETUSDT,SHORT_CONTINUATION,Unclassified,0,0.7155,1.092,-0.2098,-1.1297,-0.6724,-15.8911,-15.8911,0.0,12.0,False,False,0.4573,underperformer
short_2026-06-07T100000_GUAUSDT,short,2026-06-07 10:00:00,GUAUSDT,SHORT_CONTINUATION,Delayed Breakout,645,5.1612,5.7857,-4.9191,-2.7272,3.1222,5.0975,5.0975,0.8958,12.0,False,True,5.8494,loser_2h_runner_6h
short_2026-06-07T100000_INUSDT,short,2026-06-07 10:00:00,INUSDT,SHORT_CONTINUATION,Unclassified,15,1.4435,2.5132,-0.1289,-9.0218,-9.3569,-4.6398,-4.6398,0.0208,12.0,False,False,-0.3351,underperformer
short_2026-06-07T100000_MIRAUSDT,short,2026-06-07 10:00:00,MIRAUSDT,SHORT_CONTINUATION,Late Runner,690,3.1714,3.7511,-2.4893,1.0742,0.7843,2.5916,2.5916,0.9583,12.0,False,False,-0.2899,underperformer
short_2026-06-07T100000_OPGUSDT,short,2026-06-07 10:00:00,OPGUSDT,SHORT_CONTINUATION,Fake Breakout,345,3.1427,3.3941,-2.4513,2.0113,2.8284,-11.9422,-11.9422,0.4792,12.0,False,False,0.8171,underperformer
short_2026-06-07T100000_CLOUSDT,short,2026-06-07 10:00:00,CLOUSDT,SHORT_CONTINUATION,Unclassified,0,-1.6574,0.5756,2.0197,-14.1425,-14.0631,-20.0179,-20.0179,0.0,12.0,False,False,0.0794,underperformer
short_2026-06-07T120000_SKYAIUSDT,short,2026-06-07 12:00:00,SKYAIUSDT,SHORT_CONTINUATION,Late Runner,705,31.7122,32.3459,-30.8987,18.6223,17.4817,31.2878,31.2878,0.9792,12.0,True,True,-1.1406,sustained_winner
short_2026-06-07T120000_ALLOUSDT,short,2026-06-07 12:00:00,ALLOUSDT,SHORT_CONTINUATION,Slow Trend,225,36.9851,37.9809,-36.0671,25.6151,34.8273,33.1836,33.1836,0.3125,12.0,True,True,9.2122,sustained_winner
short_2026-06-07T120000_BSBUSDT,short,2026-06-07 12:00:00,BSBUSDT,SHORT_CONTINUATION,Fake Breakout,45,7.1453,9.7724,-6.388,4.0219,-9.6483,-46.3247,-46.3247,0.0625,12.0,True,False,-13.6702,winner_2h_fade_6h
short_2026-06-07T120000_LABUSDT,short,2026-06-07 12:00:00,LABUSDT,SHORT_CONTINUATION,Unclassified,75,9.2214,10.7071,-7.0214,7.7571,6.7714,7.3429,7.3429,0.1042,12.0,True,True,-0.9857,sustained_winner
short_2026-06-07T120000_MAGMAUSDT,short,2026-06-07 12:00:00,MAGMAUSDT,SHORT_CONTINUATION,Slow Trend,120,5.9887,6.2555,-5.1086,5.9887,4.4845,4.8503,4.8503,0.1667,12.0,True,True,-1.5042,sustained_winner
short_2026-06-07T140000_BEATUSDT,short,2026-06-07 14:00:00,BEATUSDT,SHORT_CONTINUATION,Fake Breakout,150,9.4,12.6273,-6.2364,7.8773,-12.95,-35.4318,-35.4318,0.2083,12.0,True,False,-20.8273,winner_2h_fade_6h
short_2026-06-07T140000_ACUUSDT,short,2026-06-07 14:00:00,ACUUSDT,SHORT_CONTINUATION,Slow Trend,150,7.4654,9.1072,-6.9779,4.7717,4.3227,3.9123,3.9123,0.2083,12.0,True,True,-0.449,sustained_winner
short_2026-06-07T140000_BTWUSDT,short,2026-06-07 14:00:00,BTWUSDT,SHORT_CONTINUATION,Fake Breakout,585,9.5872,11.2505,-4.3426,0.3501,-6.5406,-3.924,-3.924,0.8125,12.0,False,False,-6.8907,underperformer
short_2026-06-07T140000_WLDUSDT,short,2026-06-07 14:00:00,WLDUSDT,SHORT_CONTINUATION,Fake Breakout,300,9.5879,9.9783,-8.6117,1.5401,9.0022,-5.8568,-5.8568,0.4167,12.0,False,True,7.4621,loser_2h_runner_6h
short_2026-06-07T140000_STGUSDT,short,2026-06-07 14:00:00,STGUSDT,SHORT_CONTINUATION,Fake Breakout,255,3.5829,3.8585,-2.4345,-1.9293,2.113,-1.3321,-1.3321,0.3542,12.0,False,False,4.0423,underperformer
short_2026-06-07T160000_HEIUSDT,short,2026-06-07 16:00:00,HEIUSDT,SHORT_CONTINUATION,Late Runner,720,19.9348,20.4868,-17.383,10.3339,10.9945,19.9348,19.9348,1.0,12.0,True,True,0.6606,sustained_winner
short_2026-06-07T160000_APRUSDT,short,2026-06-07 16:00:00,APRUSDT,SHORT_CONTINUATION,Fake Breakout,180,4.4734,6.486,-3.1455,1.3694,-1.3362,0.7884,0.7884,0.25,12.0,False,False,-2.7056,underperformer
short_2026-06-07T160000_INUSDT,short,2026-06-07 16:00:00,INUSDT,SHORT_CONTINUATION,Late Runner,720,7.4065,7.655,-6.4127,1.3606,3.9399,7.4065,7.4065,1.0,12.0,False,True,2.5793,loser_2h_runner_6h
short_2026-06-07T160000_ZESTUSDT,short,2026-06-07 16:00:00,ZESTUSDT,SHORT_CONTINUATION,Unclassified,0,2.1843,2.9113,-1.1045,-3.5394,-5.7026,-1.8738,-1.8738,0.0,12.0,False,False,-2.1632,underperformer
short_2026-06-07T160000_ASRUSDT,short,2026-06-07 16:00:00,ASRUSDT,SHORT_CONTINUATION,Late Runner,570,6.167,6.926,-5.408,1.6129,1.8975,5.0285,5.0285,0.7917,12.0,False,False,0.2846,underperformer
short_2026-06-07T180000_HOMEUSDT,short,2026-06-07 18:00:00,HOMEUSDT,SHORT_CONTINUATION,Late Runner,630,48.8897,49.7088,-47.6702,32.0531,40.0983,47.5974,47.5974,0.875,12.0,True,True,8.0452,sustained_winner
short_2026-06-07T180000_BTWUSDT,short,2026-06-07 18:00:00,BTWUSDT,SHORT_CONTINUATION,Slow Trend,345,29.9227,31.2118,-25.8577,17.4223,22.7101,2.2316,2.2316,0.4792,12.0,True,True,5.2878,sustained_winner
short_2026-06-07T180000_SPXUSDT,short,2026-06-07 18:00:00,SPXUSDT,SHORT_CONTINUATION,Late Runner,630,8.6393,8.8861,-7.8371,5.3996,5.2761,6.7263,6.7263,0.875,12.0,True,True,-0.1235,sustained_winner
short_2026-06-07T180000_WLDUSDT,short,2026-06-07 18:00:00,WLDUSDT,SHORT_CONTINUATION,Fake Breakout,60,6.9435,7.3454,-5.9388,6.3407,-9.645,-6.0058,-6.0058,0.0833,12.0,True,False,-15.9857,winner_2h_fade_6h
short_2026-06-07T180000_BSBUSDT,short,2026-06-07 18:00:00,BSBUSDT,SHORT_CONTINUATION,Fake Breakout,30,4.6094,6.818,-3.3725,-0.6453,-31.3628,-37.3665,-37.3665,0.0417,12.0,False,False,-30.7175,underperformer
short_2026-06-07T200000_ESPORTSUSDT,short,2026-06-07 20:00:00,ESPORTSUSDT,SHORT_CONTINUATION,Fake Breakout,0,4.6545,6.8298,-0.3999,-0.9917,-1.9674,-17.3065,-17.3065,0.0,12.0,False,False,-0.9757,underperformer
short_2026-06-07T200000_PARTIUSDT,short,2026-06-07 20:00:00,PARTIUSDT,SHORT_CONTINUATION,Late Runner,630,7.9092,8.2359,-7.6857,2.7682,2.3384,6.5337,6.5337,0.875,12.0,False,False,-0.4298,underperformer
short_2026-06-07T200000_EDENUSDT,short,2026-06-07 20:00:00,EDENUSDT,SHORT_CONTINUATION,Late Runner,645,11.239,12.8934,-10.232,3.8302,5.9522,10.3938,10.3938,0.8958,12.0,True,True,2.122,sustained_winner
short_2026-06-07T200000_GWEIUSDT,short,2026-06-07 20:00:00,GWEIUSDT,SHORT_CONTINUATION,Slow Trend,180,11.2886,12.1088,-9.7201,5.7126,4.36,9.6482,9.6482,0.25,12.0,True,True,-1.3526,sustained_winner
short_2026-06-07T200000_VELVETUSDT,short,2026-06-07 20:00:00,VELVETUSDT,SHORT_CONTINUATION,Fake Breakout,0,1.6167,5.366,-1.16,-0.1187,-12.3168,-13.6457,-13.6457,0.0,12.0,False,False,-12.1981,underperformer
short_2026-06-07T220000_EPICUSDT,short,2026-06-07 22:00:00,EPICUSDT,SHORT_CONTINUATION,Fake Breakout,0,7.0217,12.661,-5.4351,1.6651,-9.0167,-11.2944,-11.2944,0.0,12.0,False,False,-10.6818,underperformer
short_2026-06-07T220000_BTWUSDT,short,2026-06-07 22:00:00,BTWUSDT,SHORT_CONTINUATION,Fake Breakout,105,12.1744,13.79,-7.0799,3.1351,-12.1744,-3.198,-3.198,0.1458,12.0,True,False,-15.3095,winner_2h_fade_6h
short_2026-06-07T220000_GWEIUSDT,short,2026-06-07 22:00:00,GWEIUSDT,SHORT_CONTINUATION,Unclassified,60,6.4846,7.3493,-4.8312,0.4247,0.8495,2.1995,2.1995,0.0833,12.0,False,False,0.4248,underperformer
short_2026-06-07T220000_LABUSDT,short,2026-06-07 22:00:00,LABUSDT,SHORT_CONTINUATION,Delayed Breakout,720,5.9873,10.1295,-4.3606,2.3046,0.1732,5.9873,5.9873,1.0,12.0,False,False,-2.1314,underperformer
short_2026-06-07T220000_OPGUSDT,short,2026-06-07 22:00:00,OPGUSDT,SHORT_CONTINUATION,Delayed Breakout,390,9.7261,10.5646,-8.9435,0.559,8.7759,9.2789,9.2789,0.5417,12.0,False,True,8.2169,loser_2h_runner_6h
short_2026-06-08T000000_JTOUSDT,short,2026-06-08 00:00:00,JTOUSDT,SHORT_CONTINUATION,Slow Trend,270,6.8782,7.3941,-6.3155,0.7191,4.2051,5.6433,5.6433,0.375,12.0,False,True,3.486,loser_2h_runner_6h
short_2026-06-08T000000_UBUSDT,short,2026-06-08 00:00:00,UBUSDT,SHORT_CONTINUATION,Slow Trend,270,13.254,13.8749,-12.4409,7.6434,9.2253,4.5905,4.5905,0.375,12.0,True,True,1.5819,sustained_winner
short_2026-06-08T000000_BRUSDT,short,2026-06-08 00:00:00,BRUSDT,SHORT_CONTINUATION,Slow Trend,285,5.3408,5.9821,-4.7699,1.9501,2.9691,2.0819,2.0819,0.3958,12.0,False,False,1.019,underperformer
short_2026-06-08T000000_TAUSDT,short,2026-06-08 00:00:00,TAUSDT,SHORT_CONTINUATION,Delayed Breakout,405,3.2958,4.9437,-2.8959,1.8054,2.4961,2.8111,2.8111,0.5625,12.0,False,False,0.6907,underperformer
short_2026-06-08T000000_PLAYUSDT,short,2026-06-08 00:00:00,PLAYUSDT,SHORT_CONTINUATION,Late Runner,660,2.8698,3.8109,-2.0332,2.2307,-0.4299,2.4166,2.4166,0.9167,12.0,False,False,-2.6606,underperformer
short_2026-06-08T020000_BSBUSDT,short,2026-06-08 02:00:00,BSBUSDT,SHORT_CONTINUATION,Late Runner,720,30.7825,32.5075,-28.0847,8.4581,20.5411,30.7825,30.7825,1.0,12.0,True,True,12.083,sustained_winner
short_2026-06-08T020000_VELVETUSDT,short,2026-06-08 02:00:00,VELVETUSDT,SHORT_CONTINUATION,Fake Breakout,120,6.8462,8.4321,-4.852,6.8462,2.3122,-2.1708,-2.1708,0.1667,12.0,True,False,-4.534,winner_2h_fade_6h
short_2026-06-08T020000_LABUSDT,short,2026-06-08 02:00:00,LABUSDT,SHORT_CONTINUATION,Late Runner,675,11.9389,13.6041,-10.5705,4.0327,5.4373,10.614,10.614,0.9375,12.0,True,True,1.4046,sustained_winner
short_2026-06-08T020000_UBUSDT,short,2026-06-08 02:00:00,UBUSDT,SHORT_CONTINUATION,Late Runner,720,10.331,11.0481,-6.6588,6.7691,-0.7407,10.331,10.331,1.0,12.0,True,False,-7.5098,winner_2h_fade_6h
short_2026-06-08T020000_SIRENUSDT,short,2026-06-08 02:00:00,SIRENUSDT,SHORT_CONTINUATION,Unclassified,90,15.7094,27.5205,-9.3253,0.7642,-0.7951,3.9293,3.9293,0.125,12.0,False,False,-1.5593,underperformer
short_2026-06-08T040000_HUSDT,short,2026-06-08 04:00:00,HUSDT,SHORT_CONTINUATION,Slow Trend,300,11.0898,11.8457,-10.6966,7.7311,8.9434,9.3466,9.3466,0.4167,12.0,True,True,1.2123,sustained_winner
short_2026-06-08T040000_OPNUSDT,short,2026-06-08 04:00:00,OPNUSDT,SHORT_CONTINUATION,Late Runner,630,17.6611,19.4909,-16.6269,8.6714,8.3532,15.9109,15.9109,0.875,12.0,True,True,-0.3182,sustained_winner
short_2026-06-08T040000_STGUSDT,short,2026-06-08 04:00:00,STGUSDT,SHORT_CONTINUATION,Fake Breakout,150,5.9006,6.3443,-5.0577,4.3478,4.9689,-0.1775,-0.1775,0.2083,12.0,True,True,0.6211,sustained_winner
short_2026-06-08T040000_YBUSDT,short,2026-06-08 04:00:00,YBUSDT,SHORT_CONTINUATION,Fake Breakout,30,5.4907,5.8411,-4.5561,3.972,2.8037,-4.6729,-4.6729,0.0417,12.0,True,False,-1.1683,winner_2h_fade_6h
short_2026-06-08T040000_VVVUSDT,short,2026-06-08 04:00:00,VVVUSDT,SHORT_CONTINUATION,Fake Breakout,30,4.9726,5.3382,-3.6319,2.6082,1.1091,-5.198,-5.198,0.0417,12.0,False,False,-1.4991,underperformer
short_2026-06-08T060000_ESPORTSUSDT,short,2026-06-08 06:00:00,ESPORTSUSDT,SHORT_CONTINUATION,Unclassified,60,5.3798,10.6515,-3.4874,0.8651,-13.382,2.0681,2.0681,0.0833,12.0,False,False,-14.2471,underperformer
short_2026-06-08T060000_EDENUSDT,short,2026-06-08 06:00:00,EDENUSDT,SHORT_CONTINUATION,Late Runner,690,11.6706,12.3146,-11.2217,2.7518,5.2888,11.0461,11.0461,0.9583,12.0,False,True,2.537,loser_2h_runner_6h
short_2026-06-08T060000_BEATUSDT,short,2026-06-08 06:00:00,BEATUSDT,SHORT_CONTINUATION,Fake Breakout,165,3.3466,6.9301,0.3832,-5.6371,-4.1013,-26.2842,-26.2842,0.2292,12.0,False,False,1.5358,underperformer
short_2026-06-08T060000_ZESTUSDT,short,2026-06-08 06:00:00,ZESTUSDT,SHORT_CONTINUATION,Continuous Trend,495,6.0083,6.3378,-4.7768,3.2261,3.0631,4.3952,4.3952,0.6875,12.0,True,True,-0.163,sustained_winner
short_2026-06-08T060000_APRUSDT,short,2026-06-08 06:00:00,APRUSDT,SHORT_CONTINUATION,Delayed Breakout,705,8.8514,9.8735,-7.7371,0.3309,0.9006,8.4073,8.4073,0.9792,12.0,False,False,0.5697,underperformer
short_2026-06-08T080000_BTWUSDT,short,2026-06-08 08:00:00,BTWUSDT,SHORT_CONTINUATION,Late Runner,615,40.227,41.2921,-37.8621,24.6416,25.7647,26.5598,26.5598,0.8542,12.0,True,True,1.1231,sustained_winner
short_2026-06-08T080000_BEATUSDT,short,2026-06-08 08:00:00,BEATUSDT,SHORT_CONTINUATION,Fake Breakout,45,7.1623,10.6044,-3.3999,-2.0315,-10.2419,-19.6044,-19.6044,0.0625,12.0,False,False,-8.2104,underperformer
short_2026-06-08T080000_ESPORTSUSDT,short,2026-06-08 08:00:00,ESPORTSUSDT,SHORT_CONTINUATION,Late Runner,645,12.6241,17.6575,-11.6447,-7.754,0.4489,10.0122,10.0122,0.8958,12.0,False,False,8.2029,underperformer
short_2026-06-08T080000_GWEIUSDT,short,2026-06-08 08:00:00,GWEIUSDT,SHORT_CONTINUATION,Fake Breakout,15,2.4135,4.4286,-1.4215,-0.7186,-3.343,-10.6303,-10.6303,0.0208,12.0,False,False,-2.6244,underperformer
short_2026-06-08T080000_DYDXUSDT,short,2026-06-08 08:00:00,DYDXUSDT,SHORT_CONTINUATION,Slow Trend,135,4.2177,4.5578,-3.4694,3.8776,3.6735,3.5374,3.5374,0.1875,12.0,True,True,-0.2041,sustained_winner
short_2026-06-08T100000_BTWUSDT,short,2026-06-08 10:00:00,BTWUSDT,SHORT_CONTINUATION,Fake Breakout,495,21.3858,22.7866,-18.2754,-5.3331,7.0357,-5.4645,-5.4645,0.6875,12.0,False,True,12.3688,loser_2h_runner_6h
short_2026-06-08T100000_HYPERUSDT,short,2026-06-08 10:00:00,HYPERUSDT,SHORT_CONTINUATION,Slow Trend,270,7.2222,7.3171,-6.7751,5.0949,5.5962,4.9729,4.9729,0.375,12.0,True,True,0.5013,sustained_winner
short_2026-06-08T100000_JTOUSDT,short,2026-06-08 10:00:00,JTOUSDT,SHORT_CONTINUATION,Fake Breakout,270,6.3305,6.7441,-5.9488,3.9924,2.6563,-1.6224,-1.6224,0.375,12.0,True,False,-1.3361,winner_2h_fade_6h
short_2026-06-08T100000_USELESSUSDT,short,2026-06-08 10:00:00,USELESSUSDT,SHORT_CONTINUATION,Fake Breakout,270,5.9699,6.1451,-5.2255,2.0435,2.7879,-12.4799,-12.4799,0.375,12.0,False,False,0.7444,underperformer
short_2026-06-08T100000_ARUSDT,short,2026-06-08 10:00:00,ARUSDT,SHORT_CONTINUATION,Slow Trend,270,5.0746,5.2736,-4.5771,2.6368,4.2786,2.0398,2.0398,0.375,12.0,False,True,1.6418,loser_2h_runner_6h
short_2026-06-08T120000_CLOUSDT,short,2026-06-08 12:00:00,CLOUSDT,SHORT_CONTINUATION,Late Runner,675,33.0799,34.1363,-31.4931,20.3854,18.803,30.0212,30.0212,0.9375,12.0,True,True,-1.5824,sustained_winner
short_2026-06-08T120000_ESPORTSUSDT,short,2026-06-08 12:00:00,ESPORTSUSDT,SHORT_CONTINUATION,Late Runner,720,36.4353,38.1197,-35.1571,12.5791,13.4512,36.4353,36.4353,1.0,12.0,True,True,0.8721,sustained_winner
short_2026-06-08T120000_MYXUSDT,short,2026-06-08 12:00:00,MYXUSDT,SHORT_CONTINUATION,Fake Breakout,75,7.986,9.1157,-6.7783,6.6225,2.2984,-10.7519,-10.7519,0.1042,12.0,True,False,-4.3241,winner_2h_fade_6h
short_2026-06-08T120000_BANUSDT,short,2026-06-08 12:00:00,BANUSDT,SHORT_CONTINUATION,Slow Trend,150,7.277,7.5397,-6.3181,6.594,2.3512,2.6139,2.6139,0.2083,12.0,True,False,-4.2428,winner_2h_fade_6h
short_2026-06-08T120000_币安人生USDT,short,2026-06-08 12:00:00,币安人生USDT,SHORT_CONTINUATION,Late Runner,615,17.3281,17.9656,-14.9184,3.1562,5.3455,13.2157,13.2157,0.8542,12.0,True,True,2.1893,sustained_winner
short_2026-06-08T140000_UBUSDT,short,2026-06-08 14:00:00,UBUSDT,SHORT_CONTINUATION,Fake Breakout,30,10.1603,11.7961,-7.3818,4.3732,0.0822,-0.5097,-0.5097,0.0417,12.0,True,False,-4.291,winner_2h_fade_6h
short_2026-06-08T140000_SIRENUSDT,short,2026-06-08 14:00:00,SIRENUSDT,SHORT_CONTINUATION,Late Runner,615,9.8231,11.4338,-8.5456,6.6651,2.7533,5.7367,5.7367,0.8542,12.0,True,False,-3.9118,winner_2h_fade_6h
short_2026-06-08T140000_BILLUSDT,short,2026-06-08 14:00:00,BILLUSDT,SHORT_CONTINUATION,Late Runner,690,4.6027,5.266,-4.3905,1.7509,2.5202,4.5497,4.5497,0.9583,12.0,False,False,0.7693,underperformer
short_2026-06-08T140000_INUSDT,short,2026-06-08 14:00:00,INUSDT,SHORT_CONTINUATION,Continuous Trend,420,4.2587,4.7402,-3.4317,0.8641,2.3207,2.7651,2.7651,0.5833,12.0,False,False,1.4566,underperformer
short_2026-06-08T140000_EIGENUSDT,short,2026-06-08 14:00:00,EIGENUSDT,SHORT_CONTINUATION,Fake Breakout,30,2.3382,3.4802,-1.4682,0.2719,0.3806,0.3806,0.3806,0.0417,12.0,False,False,0.1087,underperformer
short_2026-06-08T160000_GWEIUSDT,short,2026-06-08 16:00:00,GWEIUSDT,SHORT_CONTINUATION,Fake Breakout,150,3.6222,4.4673,-1.2287,0.0426,-5.5043,-15.4901,-15.4901,0.2083,12.0,False,False,-5.5469,underperformer
short_2026-06-08T160000_ICNTUSDT,short,2026-06-08 16:00:00,ICNTUSDT,SHORT_CONTINUATION,Slow Trend,135,4.1946,6.2472,-2.5435,1.7849,3.3913,2.8112,2.8112,0.1875,12.0,False,True,1.6064,loser_2h_runner_6h
short_2026-06-08T160000_AIOUSDT,short,2026-06-08 16:00:00,AIOUSDT,SHORT_CONTINUATION,Continuous Trend,525,8.7868,9.5967,-7.645,1.6278,6.5517,6.7298,6.7298,0.7292,12.0,False,True,4.9239,loser_2h_runner_6h
short_2026-06-08T160000_LABUSDT,short,2026-06-08 16:00:00,LABUSDT,SHORT_CONTINUATION,Delayed Breakout,705,6.7275,7.3888,-5.4124,-1.5659,0.7602,5.1691,5.1691,0.9792,12.0,False,False,2.3261,underperformer
short_2026-06-08T160000_WLDUSDT,short,2026-06-08 16:00:00,WLDUSDT,SHORT_CONTINUATION,Fake Breakout,225,4.2669,5.4382,-2.5518,0.9621,-0.2092,-17.2558,-17.2558,0.3125,12.0,False,False,-1.1713,underperformer
short_2026-06-08T180000_ESPORTSUSDT,short,2026-06-08 18:00:00,ESPORTSUSDT,SHORT_CONTINUATION,Slow Trend,420,30.5159,32.963,-29.7354,12.5,29.6164,15.582,15.582,0.5833,12.0,True,True,17.1164,sustained_winner
short_2026-06-08T180000_SKYAIUSDT,short,2026-06-08 18:00:00,SKYAIUSDT,SHORT_CONTINUATION,Continuous Trend,480,21.465,21.6172,-19.5815,6.2805,15.8111,15.6659,15.6659,0.6667,12.0,True,True,9.5306,sustained_winner
short_2026-06-08T180000_STGUSDT,short,2026-06-08 18:00:00,STGUSDT,SHORT_CONTINUATION,Fake Breakout,45,4.9567,6.0582,-3.7372,2.3997,-2.085,-5.8615,-5.8615,0.0625,12.0,False,False,-4.4847,underperformer
short_2026-06-08T180000_FORMUSDT,short,2026-06-08 18:00:00,FORMUSDT,SHORT_CONTINUATION,Late Runner,600,6.4093,6.7007,-5.6446,2.3307,2.6584,5.9359,5.9359,0.8333,12.0,False,False,0.3277,underperformer
short_2026-06-08T180000_LABUSDT,short,2026-06-08 18:00:00,LABUSDT,SHORT_CONTINUATION,Late Runner,705,10.875,11.9005,-10.2405,3.7258,5.4301,10.6463,10.6463,0.9792,12.0,True,True,1.7043,sustained_winner
short_2026-06-08T200000_ALLOUSDT,short,2026-06-08 20:00:00,ALLOUSDT,SHORT_CONTINUATION,Late Runner,555,27.3025,29.354,-25.9876,19.4356,22.3895,22.2293,22.2293,0.7708,12.0,True,True,2.9539,sustained_winner
short_2026-06-08T200000_MYXUSDT,short,2026-06-08 20:00:00,MYXUSDT,SHORT_CONTINUATION,Delayed Breakout,585,5.5909,6.5464,-4.3171,2.3708,1.557,2.1231,2.1231,0.8125,12.0,False,False,-0.8138,underperformer
short_2026-06-08T200000_LITUSDT,short,2026-06-08 20:00:00,LITUSDT,SHORT_CONTINUATION,Delayed Breakout,555,5.5907,6.0432,-5.5003,2.5595,2.0618,4.7828,4.7828,0.7708,12.0,False,False,-0.4977,underperformer
short_2026-06-08T200000_AIOTUSDT,short,2026-06-08 20:00:00,AIOTUSDT,SHORT_CONTINUATION,Late Runner,690,5.7427,6.379,-5.3546,1.7228,4.858,4.9045,4.9045,0.9583,12.0,False,True,3.1352,loser_2h_runner_6h
short_2026-06-08T200000_ZESTUSDT,short,2026-06-08 20:00:00,ZESTUSDT,SHORT_CONTINUATION,Fake Breakout,270,7.514,8.0091,-6.2079,2.5,4.5295,-0.2212,-0.2212,0.375,12.0,False,True,2.0295,loser_2h_runner_6h
short_2026-06-08T220000_SKYAIUSDT,short,2026-06-08 22:00:00,SKYAIUSDT,SHORT_CONTINUATION,Slow Trend,240,16.9425,17.1035,-15.6732,10.963,9.2519,14.6398,14.6398,0.3333,12.0,True,True,-1.7111,sustained_winner
short_2026-06-08T220000_GWEIUSDT,short,2026-06-08 22:00:00,GWEIUSDT,SHORT_CONTINUATION,Fake Breakout,30,5.5342,6.8999,-3.7394,2.055,-5.7488,-11.4001,-11.4001,0.0417,12.0,False,False,-7.8038,underperformer
short_2026-06-08T220000_ZBTUSDT,short,2026-06-08 22:00:00,ZBTUSDT,SHORT_CONTINUATION,Late Runner,705,8.6447,9.1868,-8.0448,4.6115,5.7102,8.4713,8.4713,0.9792,12.0,True,True,1.0987,sustained_winner
short_2026-06-08T220000_MYXUSDT,short,2026-06-08 22:00:00,MYXUSDT,SHORT_CONTINUATION,Late Runner,690,11.2,12.4174,-9.9826,1.113,2.9565,9.8435,9.8435,0.9583,12.0,False,False,1.8435,underperformer
short_2026-06-08T220000_AKTUSDT,short,2026-06-08 22:00:00,AKTUSDT,SHORT_CONTINUATION,Late Runner,705,8.1049,8.8647,-7.7622,0.2086,1.8325,7.6579,7.6579,0.9792,12.0,False,False,1.6239,underperformer
short_2026-06-09T000000_AIOTUSDT,short,2026-06-09 00:00:00,AIOTUSDT,SHORT_CONTINUATION,Late Runner,705,14.8608,16.2377,-14.352,8.261,6.5998,14.2323,14.2323,0.9792,12.0,True,True,-1.6612,sustained_winner
short_2026-06-09T000000_MORPHOUSDT,short,2026-06-09 00:00:00,MORPHOUSDT,SHORT_CONTINUATION,Late Runner,585,8.984,9.4262,-8.5627,7.1737,5.1657,7.8968,7.8968,0.8125,12.0,True,True,-2.008,sustained_winner
short_2026-06-09T000000_JTOUSDT,short,2026-06-09 00:00:00,JTOUSDT,SHORT_CONTINUATION,Late Runner,585,11.1912,11.8044,-10.9152,4.7218,2.4375,7.4506,7.4506,0.8125,12.0,True,False,-2.2843,winner_2h_fade_6h
short_2026-06-09T000000_ALLOUSDT,short,2026-06-09 00:00:00,ALLOUSDT,SHORT_CONTINUATION,Slow Trend,315,13.3704,15.8151,-11.8035,7.5158,10.6878,1.082,1.082,0.4375,12.0,True,True,3.172,sustained_winner
short_2026-06-09T000000_VVVUSDT,short,2026-06-09 00:00:00,VVVUSDT,SHORT_CONTINUATION,Late Runner,720,14.4042,14.9533,-14.201,4.8215,5.4146,14.4042,14.4042,1.0,12.0,True,True,0.5931,sustained_winner
short_2026-06-09T020000_VELVETUSDT,short,2026-06-09 02:00:00,VELVETUSDT,SHORT_CONTINUATION,Slow Trend,240,18.9661,19.7582,-17.4448,16.2514,17.4264,13.0567,13.0567,0.3333,12.0,True,True,1.175,sustained_winner
short_2026-06-09T020000_POWERUSDT,short,2026-06-09 02:00:00,POWERUSDT,SHORT_CONTINUATION,Fake Breakout,45,3.7476,5.7495,-2.7588,2.6245,-1.1108,-9.7412,-9.7412,0.0625,12.0,False,False,-3.7353,underperformer
short_2026-06-09T020000_LAYERUSDT,short,2026-06-09 02:00:00,LAYERUSDT,SHORT_CONTINUATION,Late Runner,675,16.5369,17.9432,-16.1477,1.8081,2.0718,15.3315,15.3315,0.9375,12.0,False,False,0.2637,underperformer
short_2026-06-09T020000_STGUSDT,short,2026-06-09 02:00:00,STGUSDT,SHORT_CONTINUATION,Late Runner,600,7.6307,7.707,-6.1427,-0.0382,-0.3052,3.6246,3.6246,0.8333,12.0,False,False,-0.267,underperformer
short_2026-06-09T020000_COMPUSDT,short,2026-06-09 02:00:00,COMPUSDT,SHORT_CONTINUATION,Unclassified,0,1.4673,1.693,-0.7901,-1.5801,-3.6117,-0.8465,-0.8465,0.0,12.0,False,False,-2.0316,underperformer
short_2026-06-09T040000_WLDUSDT,short,2026-06-09 04:00:00,WLDUSDT,SHORT_CONTINUATION,Slow Trend,360,16.2996,17.1146,-15.9355,5.2887,16.2996,11.982,11.982,0.5,12.0,True,True,11.0109,sustained_winner
short_2026-06-09T040000_VVVUSDT,short,2026-06-09 04:00:00,VVVUSDT,SHORT_CONTINUATION,Continuous Trend,495,13.4537,14.0311,-12.4166,3.4475,10.6845,10.6004,10.6004,0.6875,12.0,True,True,7.237,sustained_winner
short_2026-06-09T040000_USELESSUSDT,short,2026-06-09 04:00:00,USELESSUSDT,SHORT_CONTINUATION,Slow Trend,495,10.4939,11.0001,-10.1108,2.75,8.9616,5.8695,5.8695,0.6875,12.0,False,True,6.2116,loser_2h_runner_6h
short_2026-06-09T040000_STARUSDT,short,2026-06-09 04:00:00,STARUSDT,SHORT_CONTINUATION,Fake Breakout,135,2.9837,3.9865,-1.7349,1.255,-0.4614,-2.7315,-2.7315,0.1875,12.0,False,False,-1.7164,underperformer
short_2026-06-09T040000_INJUSDT,short,2026-06-09 04:00:00,INJUSDT,SHORT_CONTINUATION,Slow Trend,360,7.2814,7.6727,-6.703,1.0548,7.2814,3.6577,3.6577,0.5,12.0,False,True,6.2266,loser_2h_runner_6h
short_2026-06-09T060000_WLDUSDT,short,2026-06-09 06:00:00,WLDUSDT,SHORT_CONTINUATION,Slow Trend,240,11.4312,12.2936,-11.0459,8.422,9.9266,6.422,6.422,0.3333,12.0,True,True,1.5046,sustained_winner
short_2026-06-09T060000_BSBUSDT,short,2026-06-09 06:00:00,BSBUSDT,SHORT_CONTINUATION,Slow Trend,195,7.3199,8.5215,-5.9985,2.6618,3.3872,3.9927,3.9927,0.2708,12.0,False,True,0.7254,loser_2h_runner_6h
short_2026-06-09T060000_GUAUSDT,short,2026-06-09 06:00:00,GUAUSDT,SHORT_CONTINUATION,Fake Breakout,150,6.4893,7.188,-5.8579,2.9827,3.2111,-1.2361,-1.2361,0.2083,12.0,False,True,0.2284,loser_2h_runner_6h
short_2026-06-09T060000_GWEIUSDT,short,2026-06-09 06:00:00,GWEIUSDT,SHORT_CONTINUATION,Fake Breakout,435,2.9884,5.6262,-1.9843,-1.4318,-0.6832,-6.5114,-6.5114,0.6042,12.0,False,False,0.7486,underperformer
short_2026-06-09T060000_LAYERUSDT,short,2026-06-09 06:00:00,LAYERUSDT,SHORT_CONTINUATION,Continuous Trend,435,13.832,15.2839,-13.4301,-1.1019,12.8468,12.0819,12.0819,0.6042,12.0,False,True,13.9487,loser_2h_runner_6h
short_2026-06-09T080000_GUAUSDT,short,2026-06-09 08:00:00,GUAUSDT,SHORT_CONTINUATION,Fake Breakout,30,3.6278,4.3478,-2.977,2.4924,-0.0138,-6.6602,-6.6602,0.0417,12.0,False,False,-2.5062,underperformer
short_2026-06-09T080000_EPICUSDT,short,2026-06-09 08:00:00,EPICUSDT,SHORT_CONTINUATION,Slow Trend,495,13.5449,14.5613,-10.8069,2.178,1.4727,1.4727,1.4727,0.6875,12.0,False,False,-0.7053,underperformer
short_2026-06-09T080000_BTWUSDT,short,2026-06-09 08:00:00,BTWUSDT,SHORT_CONTINUATION,Continuous Trend,450,12.4657,13.5563,-11.4186,3.2962,5.6988,4.7164,4.7164,0.625,12.0,True,True,2.4026,sustained_winner
short_2026-06-09T080000_MANTAUSDT,short,2026-06-09 08:00:00,MANTAUSDT,SHORT_CONTINUATION,Fake Breakout,165,4.94,5.3357,-4.6719,3.9443,1.1233,0.2936,0.2936,0.2292,12.0,True,False,-2.821,winner_2h_fade_6h
short_2026-06-09T080000_LAYERUSDT,short,2026-06-09 08:00:00,LAYERUSDT,SHORT_CONTINUATION,Slow Trend,315,14.8912,16.3252,-14.4942,8.0282,13.662,13.3035,13.3035,0.4375,12.0,True,True,5.6338,sustained_winner
short_2026-06-09T100000_ESPORTSUSDT,short,2026-06-09 10:00:00,ESPORTSUSDT,SHORT_CONTINUATION,Fake Breakout,45,8.1458,10.2138,-5.8385,-6.0214,-13.928,-12.5352,-12.5352,0.0625,12.0,False,False,-7.9066,underperformer
short_2026-06-09T100000_UBUSDT,short,2026-06-09 10:00:00,UBUSDT,SHORT_CONTINUATION,Unclassified,105,7.4518,8.7121,-6.798,6.798,4.0882,2.631,2.631,0.1458,12.0,True,True,-2.7098,sustained_winner
short_2026-06-09T100000_LAYERUSDT,short,2026-06-09 10:00:00,LAYERUSDT,SHORT_CONTINUATION,Slow Trend,195,9.5646,11.0884,-9.1429,8.5306,6.9388,6.1224,6.1224,0.2708,12.0,True,True,-1.5918,sustained_winner
short_2026-06-09T100000_INUSDT,short,2026-06-09 10:00:00,INUSDT,SHORT_CONTINUATION,Slow Trend,135,8.552,9.1515,-7.5263,8.2057,3.3302,3.5034,3.5034,0.1875,12.0,True,True,-4.8755,sustained_winner
short_2026-06-09T100000_GWEIUSDT,short,2026-06-09 10:00:00,GWEIUSDT,SHORT_CONTINUATION,Fake Breakout,195,3.9188,6.5313,-2.9244,0.2824,-5.5899,-3.2362,-3.2362,0.2708,12.0,False,False,-5.8723,underperformer
short_2026-06-09T120000_BEATUSDT,short,2026-06-09 12:00:00,BEATUSDT,SHORT_CONTINUATION,Fake Breakout,285,20.0144,21.8174,-18.3738,4.2465,-0.3411,-10.1267,-10.1267,0.3958,12.0,True,False,-4.5876,winner_2h_fade_6h
short_2026-06-09T120000_BTWUSDT,short,2026-06-09 12:00:00,BTWUSDT,SHORT_CONTINUATION,Fake Breakout,210,9.5833,10.7098,-8.5018,2.5936,7.3886,-16.1624,-16.1624,0.2917,12.0,False,True,4.795,loser_2h_runner_6h
short_2026-06-09T120000_AIOUSDT,short,2026-06-09 12:00:00,AIOUSDT,SHORT_CONTINUATION,Late Runner,720,8.4283,8.7948,-7.1661,3.7704,4.3485,8.4283,8.4283,1.0,12.0,True,True,0.5781,sustained_winner
short_2026-06-09T120000_HEIUSDT,short,2026-06-09 12:00:00,HEIUSDT,SHORT_CONTINUATION,Fake Breakout,15,3.6846,4.0823,-3.0062,2.281,-10.0246,-0.9241,-0.9241,0.0208,12.0,False,False,-12.3056,underperformer
short_2026-06-09T120000_SLXUSDT,short,2026-06-09 12:00:00,SLXUSDT,SHORT_CONTINUATION,Fake Breakout,75,2.479,3.1164,-1.0137,-1.1341,-23.8571,-21.7143,-21.7143,0.1042,12.0,False,False,-22.723,underperformer
short_2026-06-09T140000_ALLOUSDT,short,2026-06-09 14:00:00,ALLOUSDT,SHORT_CONTINUATION,Unclassified,90,9.1488,10.7465,-5.6108,4.896,3.7882,5.6844,5.6844,0.125,12.0,True,True,-1.1078,sustained_winner
short_2026-06-09T140000_ESPORTSUSDT,short,2026-06-09 14:00:00,ESPORTSUSDT,SHORT_CONTINUATION,Late Runner,675,10.8403,13.2019,-9.4586,-1.7209,-3.2282,3.5674,3.5674,0.9375,12.0,False,False,-1.5073,underperformer
short_2026-06-09T140000_BSBUSDT,short,2026-06-09 14:00:00,BSBUSDT,SHORT_CONTINUATION,Late Runner,660,5.3076,10.1505,-4.4699,-0.1012,-4.982,2.4942,2.4942,0.9167,12.0,False,False,-4.8808,underperformer
short_2026-06-09T140000_STARUSDT,short,2026-06-09 14:00:00,STARUSDT,SHORT_CONTINUATION,Late Runner,585,5.4395,6.8963,-4.8304,0.2926,3.4989,3.3377,3.3377,0.8125,12.0,False,True,3.2063,loser_2h_runner_6h
short_2026-06-09T140000_SKYAIUSDT,short,2026-06-09 14:00:00,SKYAIUSDT,SHORT_CONTINUATION,Late Runner,690,13.8976,15.6267,-13.3136,9.809,8.5249,13.5453,13.5453,0.9583,12.0,True,True,-1.2841,sustained_winner
short_2026-06-09T160000_VELVETUSDT,short,2026-06-09 16:00:00,VELVETUSDT,SHORT_CONTINUATION,Fake Breakout,45,5.6347,9.2231,-3.3444,-19.8321,-39.2771,-32.8746,-32.8746,0.0625,12.0,False,False,-19.445,underperformer
short_2026-06-09T160000_ZESTUSDT,short,2026-06-09 16:00:00,ZESTUSDT,SHORT_CONTINUATION,Late Runner,540,9.6629,9.8924,-8.8169,2.1785,6.3266,5.6073,5.6073,0.75,12.0,False,True,4.1481,loser_2h_runner_6h
short_2026-06-09T160000_AIOTUSDT,short,2026-06-09 16:00:00,AIOTUSDT,SHORT_CONTINUATION,Fake Breakout,45,4.0755,4.6622,-3.1716,0.0476,-3.124,0.8088,0.8088,0.0625,12.0,False,False,-3.1716,underperformer
short_2026-06-09T160000_GWEIUSDT,short,2026-06-09 16:00:00,GWEIUSDT,SHORT_CONTINUATION,Delayed Breakout,585,5.9204,8.3179,-4.7667,-0.8948,1.2606,4.4403,4.4403,0.8125,12.0,False,False,2.1554,underperformer
short_2026-06-09T160000_POWERUSDT,short,2026-06-09 16:00:00,POWERUSDT,SHORT_CONTINUATION,Late Runner,630,8.7141,10.9172,-7.1109,2.4866,-9.1286,3.1301,3.1301,0.875,12.0,False,False,-11.6152,underperformer
short_2026-06-09T180000_SLXUSDT,short,2026-06-09 18:00:00,SLXUSDT,SHORT_CONTINUATION,Late Runner,645,16.4318,19.2028,-15.5226,11.3224,3.7119,13.4543,13.4543,0.8958,12.0,True,True,-7.6105,sustained_winner
short_2026-06-09T180000_OPGUSDT,short,2026-06-09 18:00:00,OPGUSDT,SHORT_CONTINUATION,Slow Trend,330,7.4121,7.9146,-6.4698,5.0879,6.093,5.7161,5.7161,0.4583,12.0,True,True,1.0051,sustained_winner
short_2026-06-09T180000_ZESTUSDT,short,2026-06-09 18:00:00,ZESTUSDT,SHORT_CONTINUATION,Continuous Trend,420,9.0931,9.324,-8.2417,5.0326,5.0912,5.7771,5.7771,0.5833,12.0,True,True,0.0586,sustained_winner
short_2026-06-09T180000_FOLKSUSDT,short,2026-06-09 18:00:00,FOLKSUSDT,SHORT_CONTINUATION,Fake Breakout,30,3.5137,4.0156,-2.3424,-3.2906,-5.2984,-1.227,-1.227,0.0417,12.0,False,False,-2.0078,underperformer
short_2026-06-09T180000_STGUSDT,short,2026-06-09 18:00:00,STGUSDT,SHORT_CONTINUATION,Fake Breakout,30,3.5824,3.621,-2.0801,0.3082,-11.8259,-21.6872,-21.6872,0.0417,12.0,False,False,-12.1341,underperformer
short_2026-06-09T200000_HUSDT,short,2026-06-09 20:00:00,HUSDT,SHORT_CONTINUATION,Late Runner,540,51.687,52.7373,-50.6367,29.4604,43.8887,43.5276,43.5276,0.75,12.0,True,True,14.4283,sustained_winner
short_2026-06-09T200000_BEATUSDT,short,2026-06-09 20:00:00,BEATUSDT,SHORT_CONTINUATION,Fake Breakout,150,12.8789,14.501,-9.2201,9.8187,0.7326,0.5421,0.5421,0.2083,12.0,True,False,-9.0861,winner_2h_fade_6h
short_2026-06-09T200000_EPICUSDT,short,2026-06-09 20:00:00,EPICUSDT,SHORT_CONTINUATION,Fake Breakout,210,6.9642,7.2949,-6.1996,6.7989,-2.6245,-3.8024,-3.8024,0.2917,12.0,True,False,-9.4234,winner_2h_fade_6h
short_2026-06-09T200000_ESPORTSUSDT,short,2026-06-09 20:00:00,ESPORTSUSDT,SHORT_CONTINUATION,V-Reversal,555,31.2291,34.0029,-23.1229,4.3639,8.2138,18.1253,18.1253,0.7708,12.0,True,True,3.8499,sustained_winner
short_2026-06-09T200000_LIGHTUSDT,short,2026-06-09 20:00:00,LIGHTUSDT,SHORT_CONTINUATION,Slow Trend,300,11.7148,12.7334,-10.9508,2.4618,10.6961,10.017,10.017,0.4167,12.0,False,True,8.2343,loser_2h_runner_6h
short_2026-06-09T220000_HUSDT,short,2026-06-09 22:00:00,HUSDT,SHORT_CONTINUATION,Slow Trend,420,31.6303,33.1166,-30.144,13.4696,30.1811,16.8881,16.8881,0.5833,12.0,True,True,16.7115,sustained_winner
short_2026-06-09T220000_POWERUSDT,short,2026-06-09 22:00:00,POWERUSDT,SHORT_CONTINUATION,Delayed Breakout,270,13.1202,15.2169,-11.5944,-0.5709,7.8057,10.5148,10.5148,0.375,12.0,False,True,8.3766,loser_2h_runner_6h
short_2026-06-09T220000_MORPHOUSDT,short,2026-06-09 22:00:00,MORPHOUSDT,SHORT_CONTINUATION,Fake Breakout,75,5.9662,6.4376,-4.8033,4.7143,-0.4924,-0.9167,-0.9167,0.1042,12.0,True,False,-5.2067,winner_2h_fade_6h
short_2026-06-09T220000_ESPORTSUSDT,short,2026-06-09 22:00:00,ESPORTSUSDT,SHORT_CONTINUATION,Slow Trend,435,29.1451,32.003,-20.7933,10.7292,-10.2981,14.9667,14.9667,0.6042,12.0,True,False,-21.0273,winner_2h_fade_6h
short_2026-06-09T220000_OGUSDT,short,2026-06-09 22:00:00,OGUSDT,SHORT_CONTINUATION,Fake Breakout,90,4.1739,4.6609,-3.3739,2.5391,1.4261,0.9043,0.9043,0.125,12.0,False,False,-1.113,underperformer
short_2026-06-10T000000_CUSDT,short,2026-06-10 00:00:00,CUSDT,SHORT_CONTINUATION,Late Runner,660,11.957,12.6979,-11.1551,5.136,4.8112,4.2732,4.2732,0.9167,12.0,True,True,-0.3248,sustained_winner
short_2026-06-10T000000_VELVETUSDT,short,2026-06-10 00:00:00,VELVETUSDT,SHORT_CONTINUATION,Slow Trend,225,24.0669,24.6785,-19.8668,12.5242,14.3501,16.8854,16.8854,0.3125,12.0,True,True,1.8259,sustained_winner
short_2026-06-10T000000_WLDUSDT,short,2026-06-10 00:00:00,WLDUSDT,SHORT_CONTINUATION,Unclassified,105,8.6645,9.2673,-7.233,5.4248,2.0343,3.7295,3.7295,0.1458,12.0,True,False,-3.3905,winner_2h_fade_6h
short_2026-06-10T000000_STGUSDT,short,2026-06-10 00:00:00,STGUSDT,SHORT_CONTINUATION,Fake Breakout,90,7.0552,7.7028,-5.7941,3.5446,-7.6687,-11.5201,-11.5201,0.125,12.0,True,False,-11.2133,winner_2h_fade_6h
short_2026-06-10T000000_BSBUSDT,short,2026-06-10 00:00:00,BSBUSDT,SHORT_CONTINUATION,Late Runner,690,21.3395,22.4784,-20.6296,4.7994,11.0309,21.1327,21.1327,0.9583,12.0,True,True,6.2315,sustained_winner
short_2026-06-10T020000_VELVETUSDT,short,2026-06-10 02:00:00,VELVETUSDT,SHORT_CONTINUATION,Unclassified,105,16.8208,17.4907,-12.2199,2.6342,2.9751,8.2173,8.2173,0.1458,12.0,False,False,0.3409,underperformer
short_2026-06-10T020000_POWERUSDT,short,2026-06-10 02:00:00,POWERUSDT,SHORT_CONTINUATION,Immediate Explosion,30,6.7513,9.0018,-5.1136,1.0472,4.2224,1.9942,1.9942,0.0417,12.0,False,True,3.1752,loser_2h_runner_6h
short_2026-06-10T020000_SLXUSDT,short,2026-06-10 02:00:00,SLXUSDT,SHORT_CONTINUATION,Late Runner,705,19.9704,20.3718,-19.3663,4.1994,10.0,19.1001,19.1001,0.9792,12.0,True,True,5.8006,sustained_winner
short_2026-06-10T020000_BEATUSDT,short,2026-06-10 02:00:00,BEATUSDT,SHORT_CONTINUATION,Unclassified,90,4.6132,5.0396,-2.6567,1.668,0.6772,3.1479,3.1479,0.125,12.0,False,False,-0.9908,underperformer
short_2026-06-10T020000_PARTIUSDT,short,2026-06-10 02:00:00,PARTIUSDT,SHORT_CONTINUATION,Late Runner,720,6.3022,6.7375,-5.3795,2.594,2.8726,6.3022,6.3022,1.0,12.0,False,False,0.2786,underperformer
short_2026-06-10T040000_ESPORTSUSDT,short,2026-06-10 04:00:00,ESPORTSUSDT,SHORT_CONTINUATION,Unclassified,75,32.1458,34.8826,-24.1477,20.6441,18.5679,9.9917,9.9917,0.1042,12.0,True,True,-2.0762,sustained_winner
short_2026-06-10T040000_SLXUSDT,short,2026-06-10 04:00:00,SLXUSDT,SHORT_CONTINUATION,Late Runner,660,16.7799,17.2815,-15.7811,3.2272,9.8371,14.547,14.547,0.9167,12.0,True,True,6.6099,sustained_winner
short_2026-06-10T040000_GUAUSDT,short,2026-06-10 04:00:00,GUAUSDT,SHORT_CONTINUATION,Continuous Trend,495,40.8061,43.2327,-37.9887,7.6705,17.6058,32.8256,32.8256,0.6875,12.0,True,True,9.9353,sustained_winner
short_2026-06-10T040000_IMXUSDT,short,2026-06-10 04:00:00,IMXUSDT,SHORT_CONTINUATION,Late Runner,645,3.9694,4.3175,-3.8301,1.6017,2.5766,3.0641,3.0641,0.8958,12.0,False,False,0.9749,underperformer
short_2026-06-10T040000_ASRUSDT,short,2026-06-10 04:00:00,ASRUSDT,SHORT_CONTINUATION,Continuous Trend,450,5.0147,5.703,-4.6214,2.3599,2.8515,2.8515,2.8515,0.625,12.0,False,False,0.4916,underperformer
short_2026-06-10T060000_ESPORTSUSDT,short,2026-06-10 06:00:00,ESPORTSUSDT,SHORT_CONTINUATION,Fake Breakout,570,10.1483,10.9479,-5.9174,0.4362,-1.2358,-47.6737,-47.6737,0.7917,12.0,False,False,-1.672,underperformer
short_2026-06-10T060000_POWERUSDT,short,2026-06-10 06:00:00,POWERUSDT,SHORT_CONTINUATION,Immediate Explosion,45,5.2345,6.0347,-3.8675,4.4565,-4.2232,2.7895,2.7895,0.0625,12.0,True,False,-8.6797,winner_2h_fade_6h
short_2026-06-10T060000_WLDUSDT,short,2026-06-10 06:00:00,WLDUSDT,SHORT_CONTINUATION,Late Runner,540,8.1373,8.5167,-7.2458,3.8885,3.0539,6.2026,6.2026,0.75,12.0,True,True,-0.8346,sustained_winner
short_2026-06-10T060000_NEARUSDT,short,2026-06-10 06:00:00,NEARUSDT,SHORT_CONTINUATION,Late Runner,555,9.2784,10.6679,-7.844,3.0928,3.9892,7.3061,7.3061,0.7708,12.0,True,True,0.8964,sustained_winner
short_2026-06-10T060000_ONUSDT,short,2026-06-10 06:00:00,ONUSDT,SHORT_CONTINUATION,Unclassified,45,1.2116,1.9689,-0.716,0.4681,-4.7088,-4.8189,-4.8189,0.0625,12.0,False,False,-5.1769,underperformer
short_2026-06-10T080000_EPICUSDT,short,2026-06-10 08:00:00,EPICUSDT,SHORT_CONTINUATION,Late Runner,690,4.6241,5.7704,-3.9635,1.36,-2.3703,4.4492,4.4492,0.9583,12.0,False,False,-3.7303,underperformer
short_2026-06-10T080000_LITUSDT,short,2026-06-10 08:00:00,LITUSDT,SHORT_CONTINUATION,Late Runner,540,8.2991,9.0203,-7.6029,0.6652,5.8871,8.038,8.038,0.75,12.0,False,True,5.2219,loser_2h_runner_6h
short_2026-06-10T080000_DUSKUSDT,short,2026-06-10 08:00:00,DUSKUSDT,SHORT_CONTINUATION,Slow Trend,210,1.7523,2.3639,-1.4818,0.5645,0.8115,1.1643,1.1643,0.2917,12.0,False,False,0.247,underperformer
short_2026-06-10T080000_XPLUSDT,short,2026-06-10 08:00:00,XPLUSDT,SHORT_CONTINUATION,Late Runner,720,4.6596,5.9973,-3.5022,-0.1954,2.7206,4.6596,4.6596,1.0,12.0,False,False,2.916,underperformer
short_2026-06-10T080000_BTWUSDT,short,2026-06-10 08:00:00,BTWUSDT,SHORT_CONTINUATION,Late Runner,585,7.7809,10.642,-1.7562,-33.8776,-6.0607,1.6632,1.6632,0.8125,12.0,False,False,27.8169,underperformer
short_2026-06-10T100000_HUSDT,short,2026-06-10 10:00:00,HUSDT,SHORT_CONTINUATION,Late Runner,720,16.1812,21.0221,-14.7403,6.5409,12.0245,16.1812,16.1812,1.0,12.0,True,True,5.4836,sustained_winner
short_2026-06-10T100000_OPGUSDT,short,2026-06-10 10:00:00,OPGUSDT,SHORT_CONTINUATION,Late Runner,615,8.3004,8.6957,-7.1805,3.0962,3.6232,5.4677,5.4677,0.8542,12.0,True,True,0.527,sustained_winner
short_2026-06-10T100000_ASRUSDT,short,2026-06-10 10:00:00,ASRUSDT,SHORT_CONTINUATION,Fake Breakout,90,3.1093,3.8114,-2.7081,2.7081,0.9027,0.4012,0.4012,0.125,12.0,False,False,-1.8054,underperformer
short_2026-06-10T100000_EDGEUSDT,short,2026-06-10 10:00:00,EDGEUSDT,SHORT_CONTINUATION,Slow Trend,210,5.3413,5.8204,-4.9341,2.3952,2.515,2.8503,2.8503,0.2917,12.0,False,False,0.1198,underperformer
short_2026-06-10T100000_PLAYUSDT,short,2026-06-10 10:00:00,PLAYUSDT,SHORT_CONTINUATION,Late Runner,645,20.1722,21.0136,-19.2715,1.4352,14.4611,19.7961,19.7961,0.8958,12.0,False,True,13.0259,loser_2h_runner_6h
short_2026-06-10T120000_HUSDT,short,2026-06-10 12:00:00,HUSDT,SHORT_CONTINUATION,Fake Breakout,600,8.5087,13.7927,-6.936,2.4666,-0.2829,-4.1865,-4.1865,0.8333,12.0,False,False,-2.7495,underperformer
short_2026-06-10T120000_BTWUSDT,short,2026-06-10 12:00:00,BTWUSDT,SHORT_CONTINUATION,Slow Trend,345,13.103,15.799,-7.4261,0.0603,7.437,1.8039,1.8039,0.4792,12.0,False,True,7.3767,loser_2h_runner_6h
short_2026-06-10T120000_IOUSDT,short,2026-06-10 12:00:00,IOUSDT,SHORT_CONTINUATION,Fake Breakout,105,6.1298,6.6707,-5.5288,6.0697,-0.9014,-3.0048,-3.0048,0.1458,12.0,True,False,-6.9711,winner_2h_fade_6h
short_2026-06-10T120000_EVAAUSDT,short,2026-06-10 12:00:00,EVAAUSDT,SHORT_CONTINUATION,Late Runner,540,13.1475,15.633,-12.3577,5.6678,1.7422,10.9175,10.9175,0.75,12.0,True,False,-3.9256,winner_2h_fade_6h
short_2026-06-10T120000_STGUSDT,short,2026-06-10 12:00:00,STGUSDT,SHORT_CONTINUATION,Fake Breakout,30,3.3759,4.4708,-1.247,-4.5925,-29.41,-26.2774,-26.2774,0.0417,12.0,False,False,-24.8175,underperformer
short_2026-06-10T140000_PLAYUSDT,short,2026-06-10 14:00:00,PLAYUSDT,SHORT_CONTINUATION,Late Runner,690,17.7678,21.3064,-15.79,7.6117,12.8074,15.2448,15.2448,0.9583,12.0,True,True,5.1957,sustained_winner
short_2026-06-10T140000_MAGMAUSDT,short,2026-06-10 14:00:00,MAGMAUSDT,SHORT_CONTINUATION,Fake Breakout,15,4.2542,4.7155,-1.0585,0.4368,-19.622,-21.1865,-21.1865,0.0208,12.0,False,False,-20.0588,underperformer
short_2026-06-10T140000_UAIUSDT,short,2026-06-10 14:00:00,UAIUSDT,SHORT_CONTINUATION,Fake Breakout,15,5.8951,7.2222,-3.4568,-0.5247,-1.9444,-0.0617,-0.0617,0.0208,12.0,False,False,-1.4197,underperformer
short_2026-06-10T140000_BEATUSDT,short,2026-06-10 14:00:00,BEATUSDT,SHORT_CONTINUATION,Fake Breakout,60,3.0692,4.6546,-1.3377,-8.0899,-14.6876,-26.0732,-26.0732,0.0833,12.0,False,False,-6.5977,underperformer
short_2026-06-10T140000_PARTIUSDT,short,2026-06-10 14:00:00,PARTIUSDT,SHORT_CONTINUATION,Unclassified,30,1.4967,2.2912,-1.1456,0.2402,-0.4065,-1.1086,-1.1086,0.0417,12.0,False,False,-0.6467,underperformer
short_2026-06-10T160000_BEATUSDT,short,2026-06-10 16:00:00,BEATUSDT,SHORT_CONTINUATION,Fake Breakout,0,2.3408,3.9396,-0.7401,-3.2434,-3.7636,-15.59,-15.59,0.0,12.0,False,False,-0.5202,underperformer
short_2026-06-10T160000_AVNTUSDT,short,2026-06-10 16:00:00,AVNTUSDT,SHORT_CONTINUATION,Unclassified,105,5.0879,5.3654,-4.2553,4.3478,1.4801,3.6078,3.6078,0.1458,12.0,True,False,-2.8677,winner_2h_fade_6h
short_2026-06-10T160000_GWEIUSDT,short,2026-06-10 16:00:00,GWEIUSDT,SHORT_CONTINUATION,Fake Breakout,375,4.7149,5.7014,-3.3941,2.3575,3.3606,0.992,0.992,0.5208,12.0,False,True,1.0031,loser_2h_runner_6h
short_2026-06-10T160000_VELVETUSDT,short,2026-06-10 16:00:00,VELVETUSDT,SHORT_CONTINUATION,Fake Breakout,345,28.1384,30.317,-23.4735,2.8966,26.5265,-44.7514,-44.7514,0.4792,12.0,False,True,23.6299,loser_2h_runner_6h
short_2026-06-10T160000_ESPORTSUSDT,short,2026-06-10 16:00:00,ESPORTSUSDT,SHORT_CONTINUATION,Unclassified,0,-14.4271,0.9898,15.072,-52.3245,-54.0942,-64.2022,-64.2022,0.0,12.0,False,False,-1.7697,underperformer
short_2026-06-10T180000_VELVETUSDT,short,2026-06-10 18:00:00,VELVETUSDT,SHORT_CONTINUATION,Fake Breakout,225,29.3837,31.5245,-24.7996,11.2706,-9.389,-92.3415,-92.3415,0.3125,12.0,True,False,-20.6596,winner_2h_fade_6h
short_2026-06-10T180000_UBUSDT,short,2026-06-10 18:00:00,UBUSDT,SHORT_CONTINUATION,Slow Trend,330,10.0636,10.6197,-8.9314,6.5413,8.4017,8.7063,8.7063,0.4583,12.0,True,True,1.8604,sustained_winner
short_2026-06-10T180000_ESPORTSUSDT,short,2026-06-10 18:00:00,ESPORTSUSDT,SHORT_CONTINUATION,Fake Breakout,45,6.6545,8.1987,-4.2772,-0.2032,-5.222,-0.9042,-0.9042,0.0625,12.0,False,False,-5.0188,underperformer
short_2026-06-10T180000_HEIUSDT,short,2026-06-10 18:00:00,HEIUSDT,SHORT_CONTINUATION,Late Runner,720,10.3827,10.6762,-9.3825,7.5125,8.5562,10.3827,10.3827,1.0,12.0,True,True,1.0437,sustained_winner
short_2026-06-10T180000_IOUSDT,short,2026-06-10 18:00:00,IOUSDT,SHORT_CONTINUATION,Fake Breakout,165,4.6199,5.0292,-2.5731,0.8187,-0.2339,0.8772,0.8772,0.2292,12.0,False,False,-1.0526,underperformer
short_2026-06-10T200000_EVAAUSDT,short,2026-06-10 20:00:00,EVAAUSDT,SHORT_CONTINUATION,Late Runner,720,14.6156,14.8536,-13.2587,10.5451,10.3309,14.6156,14.6156,1.0,12.0,True,True,-0.2142,sustained_winner
short_2026-06-10T200000_ALLOUSDT,short,2026-06-10 20:00:00,ALLOUSDT,SHORT_CONTINUATION,Late Runner,540,15.452,17.3332,-14.498,12.7977,11.8124,11.5666,11.5666,0.75,12.0,True,True,-0.9853,sustained_winner
short_2026-06-10T200000_ICNTUSDT,short,2026-06-10 20:00:00,ICNTUSDT,SHORT_CONTINUATION,Late Runner,615,9.8778,10.709,-9.3399,4.5477,7.4817,9.1443,9.1443,0.8542,12.0,True,True,2.934,sustained_winner
short_2026-06-10T200000_JTOUSDT,short,2026-06-10 20:00:00,JTOUSDT,SHORT_CONTINUATION,Late Runner,660,6.6478,7.1464,-5.767,3.9555,1.1301,5.9997,5.9997,0.9167,12.0,True,False,-2.8254,winner_2h_fade_6h
short_2026-06-10T200000_IOUSDT,short,2026-06-10 20:00:00,IOUSDT,SHORT_CONTINUATION,Immediate Explosion,45,5.1193,5.5265,-3.1995,1.6289,-1.687,4.2467,4.2467,0.0625,12.0,False,False,-3.3159,underperformer
short_2026-06-10T220000_SKYAIUSDT,short,2026-06-10 22:00:00,SKYAIUSDT,SHORT_CONTINUATION,Fake Breakout,90,7.2111,7.303,-5.9368,0.386,0.8332,-4.7666,-4.7666,0.125,12.0,False,False,0.4472,underperformer
short_2026-06-10T220000_BTWUSDT,short,2026-06-10 22:00:00,BTWUSDT,SHORT_CONTINUATION,Late Runner,585,39.7858,43.6837,-37.0141,1.0601,4.3507,2.0649,2.0649,0.8125,12.0,False,True,3.2906,loser_2h_runner_6h
short_2026-06-10T220000_STGUSDT,short,2026-06-10 22:00:00,STGUSDT,SHORT_CONTINUATION,Fake Breakout,405,13.5017,14.0987,-11.9633,4.6613,10.3789,0.0689,0.0689,0.5625,12.0,True,True,5.7176,sustained_winner
short_2026-06-10T220000_ATOMUSDT,short,2026-06-10 22:00:00,ATOMUSDT,SHORT_CONTINUATION,Slow Trend,480,5.1198,5.5011,-4.902,2.1786,2.6144,2.0697,2.0697,0.6667,12.0,False,False,0.4358,underperformer
short_2026-06-10T220000_RIFUSDT,short,2026-06-10 22:00:00,RIFUSDT,SHORT_CONTINUATION,Fake Breakout,45,2.6468,3.1218,-2.2396,1.9172,0.7805,0.4411,0.4411,0.0625,12.0,False,False,-1.1367,underperformer
short_2026-06-11T000000_STGUSDT,short,2026-06-11 00:00:00,STGUSDT,SHORT_CONTINUATION,Slow Trend,285,11.635,12.2449,-10.0633,4.5742,11.1424,2.9557,2.9557,0.3958,12.0,True,True,6.5682,sustained_winner
short_2026-06-11T000000_BEATUSDT,short,2026-06-11 00:00:00,BEATUSDT,SHORT_CONTINUATION,Fake Breakout,45,5.4459,8.3354,-2.662,1.8247,-22.3755,-19.0542,-19.0542,0.0625,12.0,False,False,-24.2002,underperformer
short_2026-06-11T000000_BTWUSDT,short,2026-06-11 00:00:00,BTWUSDT,SHORT_CONTINUATION,Delayed Breakout,465,37.3506,41.4063,-34.4669,-1.4246,3.2973,13.2008,13.2008,0.6458,12.0,False,True,4.7219,loser_2h_runner_6h
short_2026-06-11T000000_OPENUSDT,short,2026-06-11 00:00:00,OPENUSDT,SHORT_CONTINUATION,Slow Trend,420,7.4801,7.8074,-7.2931,5.7504,5.8439,3.3193,3.3193,0.5833,12.0,True,True,0.0935,sustained_winner
short_2026-06-11T000000_ESPORTSUSDT,short,2026-06-11 00:00:00,ESPORTSUSDT,SHORT_CONTINUATION,Delayed Breakout,630,13.9264,15.1987,-10.6577,1.1744,2.799,10.0313,10.0313,0.875,12.0,False,False,1.6246,underperformer
short_2026-06-11T020000_BIRBUSDT,short,2026-06-11 02:00:00,BIRBUSDT,SHORT_CONTINUATION,Late Runner,555,14.5387,15.0544,-13.7765,4.4614,13.4962,10.3688,10.3688,0.7708,12.0,True,True,9.0348,sustained_winner
short_2026-06-11T020000_GUAUSDT,short,2026-06-11 02:00:00,GUAUSDT,SHORT_CONTINUATION,Fake Breakout,120,8.5234,9.3437,-7.3029,8.5234,4.2017,-2.461,-2.461,0.1667,12.0,True,True,-4.3217,sustained_winner
short_2026-06-11T020000_STGUSDT,short,2026-06-11 02:00:00,STGUSDT,SHORT_CONTINUATION,Fake Breakout,165,10.4588,11.0768,-8.8662,7.2261,-0.1664,-0.0238,-0.0238,0.2292,12.0,True,False,-7.3925,winner_2h_fade_6h
short_2026-06-11T020000_BRUSDT,short,2026-06-11 02:00:00,BRUSDT,SHORT_CONTINUATION,Slow Trend,240,8.3116,9.1427,-7.6229,6.8709,7.3221,1.9394,1.9394,0.3333,12.0,True,True,0.4512,sustained_winner
short_2026-06-11T020000_HUSDT,short,2026-06-11 02:00:00,HUSDT,SHORT_CONTINUATION,Fake Breakout,15,6.8832,9.317,-4.5781,-3.1521,-5.854,-15.9644,-15.9644,0.0208,12.0,False,False,-2.7019,underperformer
short_2026-06-11T040000_HUSDT,short,2026-06-11 04:00:00,HUSDT,SHORT_CONTINUATION,Fake Breakout,15,6.9306,7.4343,-3.0523,1.0275,-3.8985,-31.8626,-31.8626,0.0208,12.0,False,False,-4.926,underperformer
short_2026-06-11T040000_ORDIUSDT,short,2026-06-11 04:00:00,ORDIUSDT,SHORT_CONTINUATION,Slow Trend,165,5.7841,6.279,-5.1655,4.5469,-1.4847,4.5159,4.5159,0.2292,12.0,True,False,-6.0316,winner_2h_fade_6h
short_2026-06-11T040000_LITUSDT,short,2026-06-11 04:00:00,LITUSDT,SHORT_CONTINUATION,Slow Trend,330,7.6339,8.1864,-7.188,7.3943,6.01,2.8419,2.8419,0.4583,12.0,True,True,-1.3843,sustained_winner
short_2026-06-11T040000_OPNUSDT,short,2026-06-11 04:00:00,OPNUSDT,SHORT_CONTINUATION,Late Runner,705,13.9299,15.8672,-12.5461,9.5018,7.3801,13.6531,13.6531,0.9792,12.0,True,True,-2.1217,sustained_winner
short_2026-06-11T040000_STOUSDT,short,2026-06-11 04:00:00,STOUSDT,SHORT_CONTINUATION,Fake Breakout,120,3.9166,4.6841,-3.3852,3.9166,-2.1256,-2.4011,-2.4011,0.1667,12.0,True,False,-6.0422,winner_2h_fade_6h
short_2026-06-11T060000_VELVETUSDT,short,2026-06-11 06:00:00,VELVETUSDT,SHORT_CONTINUATION,Fake Breakout,45,14.8524,16.5308,-7.5931,-10.9563,-3.4608,-6.9652,-6.9652,0.0625,12.0,False,False,7.4955,underperformer
short_2026-06-11T060000_BTWUSDT,short,2026-06-11 06:00:00,BTWUSDT,SHORT_CONTINUATION,Fake Breakout,105,34.7337,38.9587,-31.7295,32.292,9.5751,-5.386,-5.386,0.1458,12.0,True,True,-22.7169,sustained_winner
short_2026-06-11T060000_ESPORTSUSDT,short,2026-06-11 06:00:00,ESPORTSUSDT,SHORT_CONTINUATION,Slow Trend,270,15.3594,16.6105,-12.7803,6.8136,11.5292,3.1373,3.1373,0.375,12.0,True,True,4.7156,sustained_winner
short_2026-06-11T060000_SKYAIUSDT,short,2026-06-11 06:00:00,SKYAIUSDT,SHORT_CONTINUATION,Fake Breakout,105,10.2975,11.0672,-8.7963,8.4873,-2.6069,-14.0968,-14.0968,0.1458,12.0,True,False,-11.0942,winner_2h_fade_6h
short_2026-06-11T060000_BIRBUSDT,short,2026-06-11 06:00:00,BIRBUSDT,SHORT_CONTINUATION,Slow Trend,315,5.6786,6.2477,-4.8373,4.528,4.194,2.6599,2.6599,0.4375,12.0,True,True,-0.334,sustained_winner
short_2026-06-11T080000_BEATUSDT,short,2026-06-11 08:00:00,BEATUSDT,SHORT_CONTINUATION,Fake Breakout,45,4.2609,7.0212,-3.339,0.5443,-10.8729,-17.1416,-17.1416,0.0625,12.0,False,False,-11.4172,underperformer
short_2026-06-11T080000_FOLKSUSDT,short,2026-06-11 08:00:00,FOLKSUSDT,SHORT_CONTINUATION,Fake Breakout,360,9.4831,9.4831,-5.8949,-2.3921,9.4831,-2.3067,-2.3067,0.5,12.0,False,True,11.8752,loser_2h_runner_6h
short_2026-06-11T080000_CUSDT,short,2026-06-11 08:00:00,CUSDT,SHORT_CONTINUATION,Continuous Trend,525,9.5248,10.1994,-8.8402,1.8057,5.1791,6.0125,6.0125,0.7292,12.0,False,True,3.3734,loser_2h_runner_6h
short_2026-06-11T080000_ESPORTSUSDT,short,2026-06-11 08:00:00,ESPORTSUSDT,SHORT_CONTINUATION,Fake Breakout,150,7.0983,8.4715,-4.2675,3.6971,-0.4014,-6.7709,-6.7709,0.2083,12.0,True,False,-4.0985,winner_2h_fade_6h
short_2026-06-11T080000_CLOUSDT,short,2026-06-11 08:00:00,CLOUSDT,SHORT_CONTINUATION,Unclassified,0,1.5685,2.07,-1.2584,-9.6115,-34.1601,-37.6619,-37.6619,0.0,12.0,False,False,-24.5486,underperformer
short_2026-06-11T100000_UAIUSDT,short,2026-06-11 10:00:00,UAIUSDT,SHORT_CONTINUATION,Slow Trend,315,13.6173,15.5226,-12.0762,7.2289,13.3091,10.1989,10.1989,0.4375,12.0,True,True,6.0802,sustained_winner
short_2026-06-11T100000_STGUSDT,short,2026-06-11 10:00:00,STGUSDT,SHORT_CONTINUATION,Fake Breakout,75,11.4377,12.0529,-9.82,5.7416,-21.3488,-10.4124,-10.4124,0.1042,12.0,True,False,-27.0904,winner_2h_fade_6h
short_2026-06-11T100000_HUSDT,short,2026-06-11 10:00:00,HUSDT,SHORT_CONTINUATION,Fake Breakout,60,6.6768,7.3113,-3.2295,3.7504,-23.9701,-82.5173,-82.5173,0.0833,12.0,True,False,-27.7205,winner_2h_fade_6h
short_2026-06-11T100000_ZESTUSDT,short,2026-06-11 10:00:00,ZESTUSDT,SHORT_CONTINUATION,Unclassified,90,3.5221,4.7633,-2.6838,1.8585,-3.3109,3.1972,3.1972,0.125,12.0,False,False,-5.1694,underperformer
short_2026-06-11T100000_UBUSDT,short,2026-06-11 10:00:00,UBUSDT,SHORT_CONTINUATION,Late Runner,720,19.4619,20.3564,-18.8491,1.5144,14.4185,19.4619,19.4619,1.0,12.0,False,True,12.9041,loser_2h_runner_6h
short_2026-06-11T120000_AIOUSDT,short,2026-06-11 12:00:00,AIOUSDT,SHORT_CONTINUATION,Continuous Trend,480,24.6211,27.4035,-21.7572,13.3014,9.2024,11.7631,11.7631,0.6667,12.0,True,True,-4.099,sustained_winner
short_2026-06-11T120000_COLLECTUSDT,short,2026-06-11 12:00:00,COLLECTUSDT,SHORT_CONTINUATION,Fake Breakout,30,9.3333,12.0,-7.8044,-1.1556,-1.2267,-10.7378,-10.7378,0.0417,12.0,False,False,-0.0711,underperformer
short_2026-06-11T120000_FOLKSUSDT,short,2026-06-11 12:00:00,FOLKSUSDT,SHORT_CONTINUATION,Fake Breakout,120,12.0017,12.0017,-8.5133,12.0017,0.4153,-1.2874,-1.2874,0.1667,12.0,True,False,-11.5864,winner_2h_fade_6h
short_2026-06-11T120000_BTWUSDT,short,2026-06-11 12:00:00,BTWUSDT,SHORT_CONTINUATION,Fake Breakout,135,8.1374,11.2106,-4.1689,4.2491,-17.651,-11.9054,-11.9054,0.1875,12.0,True,False,-21.9001,winner_2h_fade_6h
short_2026-06-11T120000_HIVEUSDT,short,2026-06-11 12:00:00,HIVEUSDT,SHORT_CONTINUATION,V-Reversal,420,6.4547,6.7765,-5.3189,-0.8707,5.4325,3.9372,3.9372,0.5833,12.0,False,True,6.3032,loser_2h_runner_6h
short_2026-06-11T140000_CUSDT,short,2026-06-11 14:00:00,CUSDT,SHORT_CONTINUATION,Slow Trend,165,6.1058,6.806,-5.3954,4.7055,2.4609,2.8933,2.8933,0.2292,12.0,True,False,-2.2446,winner_2h_fade_6h
short_2026-06-11T140000_AVNTUSDT,short,2026-06-11 14:00:00,AVNTUSDT,SHORT_CONTINUATION,Fake Breakout,315,4.9955,5.7092,-4.7279,3.3898,4.1035,0.7136,0.7136,0.4375,12.0,True,True,0.7137,sustained_winner
short_2026-06-11T140000_PARTIUSDT,short,2026-06-11 14:00:00,PARTIUSDT,SHORT_CONTINUATION,Slow Trend,315,7.2932,8.2088,-6.6827,3.2771,6.7149,3.7751,3.7751,0.4375,12.0,True,True,3.4378,sustained_winner
short_2026-06-11T140000_PHAROSUSDT,short,2026-06-11 14:00:00,PHAROSUSDT,SHORT_CONTINUATION,Slow Trend,150,9.9983,10.3524,-9.189,5.1088,9.3408,8.8518,8.8518,0.2083,12.0,True,True,4.232,sustained_winner
short_2026-06-11T140000_BSBUSDT,short,2026-06-11 14:00:00,BSBUSDT,SHORT_CONTINUATION,Late Runner,600,9.3617,10.9101,-7.9555,4.3471,6.1733,6.9255,6.9255,0.8333,12.0,True,True,1.8262,sustained_winner
short_2026-06-11T160000_PHAROSUSDT,short,2026-06-11 16:00:00,PHAROSUSDT,SHORT_CONTINUATION,Immediate Explosion,30,7.902,8.2643,-7.0738,6.1594,6.4355,6.0214,6.0214,0.0417,12.0,True,True,0.2761,sustained_winner
short_2026-06-11T160000_GUAUSDT,short,2026-06-11 16:00:00,GUAUSDT,SHORT_CONTINUATION,Late Runner,705,6.2044,6.9893,-5.3448,5.27,4.0179,5.5504,5.5504,0.9792,12.0,True,True,-1.2521,sustained_winner
short_2026-06-11T160000_VELVETUSDT,short,2026-06-11 16:00:00,VELVETUSDT,SHORT_CONTINUATION,Fake Breakout,180,16.012,18.8151,-14.6637,11.0835,14.8804,-40.9607,-40.9607,0.25,12.0,True,True,3.7969,sustained_winner
short_2026-06-11T160000_STGUSDT,short,2026-06-11 16:00:00,STGUSDT,SHORT_CONTINUATION,Fake Breakout,210,9.7669,10.7879,-8.2836,3.429,6.6461,-2.1961,-2.1961,0.2917,12.0,True,True,3.2171,sustained_winner
short_2026-06-11T160000_HUSDT,short,2026-06-11 16:00:00,HUSDT,SHORT_CONTINUATION,Fake Breakout,15,3.9201,8.1245,0.5461,3.1421,-44.176,-43.2333,-43.2333,0.0208,12.0,True,False,-47.3181,winner_2h_fade_6h
short_2026-06-11T180000_VELVETUSDT,short,2026-06-11 18:00:00,VELVETUSDT,SHORT_CONTINUATION,Fake Breakout,60,3.7848,6.996,-2.2403,1.838,-8.3094,-89.3256,-89.3256,0.0833,12.0,False,False,-10.1474,underperformer
short_2026-06-11T180000_BEATUSDT,short,2026-06-11 18:00:00,BEATUSDT,SHORT_CONTINUATION,Fake Breakout,45,3.1425,5.0087,-1.8987,1.6476,-7.8886,-14.0289,-14.0289,0.0625,12.0,False,False,-9.5362,underperformer
short_2026-06-11T180000_PARTIUSDT,short,2026-06-11 18:00:00,PARTIUSDT,SHORT_CONTINUATION,Unclassified,75,3.8487,4.7984,-3.2156,3.2489,0.1166,1.5328,1.5328,0.1042,12.0,True,False,-3.1323,winner_2h_fade_6h
short_2026-06-11T180000_NEARUSDT,short,2026-06-11 18:00:00,NEARUSDT,SHORT_CONTINUATION,Fake Breakout,480,2.7573,3.6435,-1.871,0.1969,0.7878,-3.2004,-3.2004,0.6667,12.0,False,False,0.5909,underperformer
short_2026-06-11T180000_OPNUSDT,short,2026-06-11 18:00:00,OPNUSDT,SHORT_CONTINUATION,Fake Breakout,690,1.7932,3.692,-1.0549,-3.0591,-0.9494,0.3165,0.3165,0.9583,12.0,False,False,2.1097,underperformer
short_2026-06-11T200000_ZESTUSDT,short,2026-06-11 20:00:00,ZESTUSDT,SHORT_CONTINUATION,Continuous Trend,435,17.7886,18.3513,-16.5627,9.3749,15.0875,16.6084,16.6084,0.6042,12.0,True,True,5.7126,sustained_winner
short_2026-06-11T200000_IOUSDT,short,2026-06-11 20:00:00,IOUSDT,SHORT_CONTINUATION,Fake Breakout,240,5.1546,6.1856,-4.811,1.5464,4.811,-0.0573,-0.0573,0.3333,12.0,False,True,3.2646,loser_2h_runner_6h
short_2026-06-11T200000_EPICUSDT,short,2026-06-11 20:00:00,EPICUSDT,SHORT_CONTINUATION,Fake Breakout,75,2.3222,5.3148,-0.8013,-4.1864,-13.1807,-4.2355,-4.2355,0.1042,12.0,False,False,-8.9943,underperformer
short_2026-06-11T200000_OPNUSDT,short,2026-06-11 20:00:00,OPNUSDT,SHORT_CONTINUATION,Late Runner,720,5.9499,8.0376,-4.8017,-2.5052,2.2965,5.9499,5.9499,1.0,12.0,False,False,4.8017,underperformer
short_2026-06-11T200000_GUAUSDT,short,2026-06-11 20:00:00,GUAUSDT,SHORT_CONTINUATION,Fake Breakout,465,6.71,7.0818,-5.7063,4.5353,4.0149,-0.0929,-0.0929,0.6458,12.0,True,True,-0.5204,sustained_winner
short_2026-06-11T220000_LABUSDT,short,2026-06-11 22:00:00,LABUSDT,SHORT_CONTINUATION,V-Reversal,450,11.1523,12.3297,-9.081,-2.7145,8.1871,3.7501,3.7501,0.625,12.0,False,True,10.9016,loser_2h_runner_6h
short_2026-06-11T220000_BTWUSDT,short,2026-06-11 22:00:00,BTWUSDT,SHORT_CONTINUATION,Slow Trend,345,24.1927,24.775,-19.8729,11.3287,20.2329,15.4156,15.4156,0.4792,12.0,True,True,8.9042,sustained_winner
short_2026-06-11T220000_ZESTUSDT,short,2026-06-11 22:00:00,ZESTUSDT,SHORT_CONTINUATION,Slow Trend,315,10.2987,10.9127,-8.9612,5.5626,8.2376,8.1016,8.1016,0.4375,12.0,True,True,2.675,sustained_winner
short_2026-06-11T220000_BANUSDT,short,2026-06-11 22:00:00,BANUSDT,SHORT_CONTINUATION,Unclassified,30,1.4862,2.0044,-0.8454,0.6545,-7.1993,-4.2951,-4.2951,0.0417,12.0,False,False,-7.8538,underperformer
short_2026-06-11T220000_PRLUSDT,short,2026-06-11 22:00:00,PRLUSDT,SHORT_CONTINUATION,Delayed Breakout,150,2.5411,2.8401,-1.9432,1.0463,-2.4415,2.292,2.292,0.2083,12.0,False,False,-3.4878,underperformer
short_2026-06-12T000000_VELVETUSDT,short,2026-06-12 00:00:00,VELVETUSDT,SHORT_CONTINUATION,Fake Breakout,15,7.7174,10.2377,-4.1686,1.3663,-66.0386,-83.5335,-83.5335,0.0208,12.0,False,False,-67.4049,underperformer
short_2026-06-12T000000_CATIUSDT,short,2026-06-12 00:00:00,CATIUSDT,SHORT_CONTINUATION,Fake Breakout,30,9.5631,10.3176,-7.668,-0.193,-0.7896,-3.8954,-3.8954,0.0417,12.0,False,False,-0.5966,underperformer
short_2026-06-12T000000_STGUSDT,short,2026-06-12 00:00:00,STGUSDT,SHORT_CONTINUATION,Fake Breakout,75,11.1889,12.1475,-9.8433,4.1659,-7.7235,-6.4147,-6.4147,0.1042,12.0,True,False,-11.8894,winner_2h_fade_6h
short_2026-06-12T000000_BTWUSDT,short,2026-06-12 00:00:00,BTWUSDT,SHORT_CONTINUATION,Slow Trend,225,16.6764,17.3164,-11.9283,2.3275,4.1196,10.2525,10.2525,0.3125,12.0,False,True,1.7921,loser_2h_runner_6h
short_2026-06-12T000000_GUAUSDT,short,2026-06-12 00:00:00,GUAUSDT,SHORT_CONTINUATION,Fake Breakout,225,4.3818,4.7628,-3.353,1.6194,-0.6858,-7.8301,-7.8301,0.3125,12.0,False,False,-2.3052,underperformer
short_2026-06-12T020000_BTWUSDT,short,2026-06-12 02:00:00,BTWUSDT,SHORT_CONTINUATION,Unclassified,105,17.8145,18.4458,-13.1313,13.5216,5.1882,8.7006,8.7006,0.1458,12.0,True,True,-8.3334,sustained_winner
short_2026-06-12T020000_LABUSDT,short,2026-06-12 02:00:00,LABUSDT,SHORT_CONTINUATION,Fake Breakout,210,10.1631,11.3536,-8.0688,7.1649,4.2549,-10.2623,-10.2623,0.2917,12.0,True,True,-2.91,sustained_winner
short_2026-06-12T020000_BILLUSDT,short,2026-06-12 02:00:00,BILLUSDT,SHORT_CONTINUATION,Fake Breakout,105,3.3251,3.4563,-2.5376,2.5813,-1.0938,-1.6334,-1.6334,0.1458,12.0,False,False,-3.6751,underperformer
short_2026-06-12T020000_KITEUSDT,short,2026-06-12 02:00:00,KITEUSDT,SHORT_CONTINUATION,Continuous Trend,465,3.5403,3.5609,-3.159,1.0873,2.7158,3.2105,3.2105,0.6458,12.0,False,False,1.6285,underperformer
short_2026-06-12T020000_BEATUSDT,short,2026-06-12 02:00:00,BEATUSDT,SHORT_CONTINUATION,Late Runner,690,21.0528,23.4437,-17.4645,0.3668,-2.0106,19.3367,19.3367,0.9583,12.0,False,False,-2.3774,underperformer
short_2026-06-12T040000_EPICUSDT,short,2026-06-12 04:00:00,EPICUSDT,SHORT_CONTINUATION,Late Runner,585,19.3539,29.1036,-18.0151,6.592,8.8329,12.3981,12.3981,0.8125,12.0,True,True,2.2409,sustained_winner
short_2026-06-12T040000_VELVETUSDT,short,2026-06-12 04:00:00,VELVETUSDT,SHORT_CONTINUATION,Fake Breakout,15,6.7574,8.0238,0.1719,-15.7419,-26.5221,-27.393,-27.393,0.0208,12.0,False,False,-10.7802,underperformer
short_2026-06-12T040000_AIOUSDT,short,2026-06-12 04:00:00,AIOUSDT,SHORT_CONTINUATION,Late Runner,675,17.7502,21.7031,-14.6545,3.9148,13.8639,15.3784,15.3784,0.9375,12.0,True,True,9.9491,sustained_winner
short_2026-06-12T040000_SKYAIUSDT,short,2026-06-12 04:00:00,SKYAIUSDT,SHORT_CONTINUATION,Fake Breakout,150,4.4104,6.4973,-2.9131,2.8704,-3.557,-4.038,-4.038,0.2083,12.0,False,False,-6.4274,underperformer
short_2026-06-12T040000_GWEIUSDT,short,2026-06-12 04:00:00,GWEIUSDT,SHORT_CONTINUATION,Slow Trend,375,6.2892,6.359,-5.615,4.0804,6.0567,2.7087,2.7087,0.5208,12.0,True,True,1.9763,sustained_winner
short_2026-06-12T060000_VELVETUSDT,short,2026-06-12 06:00:00,VELVETUSDT,SHORT_CONTINUATION,Fake Breakout,30,18.7355,22.8401,-9.7711,2.3286,-7.094,-13.9651,-13.9651,0.0417,12.0,False,False,-9.4226,underperformer
short_2026-06-12T060000_FOLKSUSDT,short,2026-06-12 06:00:00,FOLKSUSDT,SHORT_CONTINUATION,Continuous Trend,510,18.7398,19.9673,-17.8396,4.0917,15.1391,15.671,15.671,0.7083,12.0,True,True,11.0474,sustained_winner
short_2026-06-12T060000_BTWUSDT,short,2026-06-12 06:00:00,BTWUSDT,SHORT_CONTINUATION,Late Runner,690,13.223,14.6156,-12.3542,1.6901,8.2123,11.9257,11.9257,0.9583,12.0,False,True,6.5222,loser_2h_runner_6h
short_2026-06-12T060000_CLOUSDT,short,2026-06-12 06:00:00,CLOUSDT,SHORT_CONTINUATION,Fake Breakout,165,6.0477,7.7528,-5.4949,2.9373,-22.7921,-26.3421,-26.3421,0.2292,12.0,False,False,-25.7294,underperformer
short_2026-06-12T060000_LUMIAUSDT,short,2026-06-12 06:00:00,LUMIAUSDT,SHORT_CONTINUATION,Delayed Breakout,525,10.3348,11.6992,-7.5866,-2.3224,0.3097,5.6125,5.6125,0.7292,12.0,False,False,2.6321,underperformer
short_2026-06-12T080000_ESPORTSUSDT,short,2026-06-12 08:00:00,ESPORTSUSDT,SHORT_CONTINUATION,Slow Trend,255,53.2365,54.5112,-49.0209,22.6853,38.1844,15.791,15.791,0.3542,12.0,True,True,15.4991,sustained_winner
short_2026-06-12T080000_BEATUSDT,short,2026-06-12 08:00:00,BEATUSDT,SHORT_CONTINUATION,Slow Trend,405,29.7785,32.2196,-27.4813,13.3854,22.5296,16.9399,16.9399,0.5625,12.0,True,True,9.1442,sustained_winner
short_2026-06-12T080000_CLOUSDT,short,2026-06-12 08:00:00,CLOUSDT,SHORT_CONTINUATION,Fake Breakout,45,6.3409,8.0406,-5.7898,-6.0554,-25.3702,-27.2359,-27.2359,0.0625,12.0,False,False,-19.3148,underperformer
short_2026-06-12T080000_VELVETUSDT,short,2026-06-12 08:00:00,VELVETUSDT,SHORT_CONTINUATION,Fake Breakout,375,12.7453,16.3749,-7.6087,-4.522,9.6289,0.2291,0.2291,0.5208,12.0,False,True,14.1509,loser_2h_runner_6h
short_2026-06-12T080000_POWERUSDT,short,2026-06-12 08:00:00,POWERUSDT,SHORT_CONTINUATION,Immediate Explosion,45,4.4113,5.024,-4.1458,3.8191,1.6645,2.6447,2.6447,0.0625,12.0,True,False,-2.1546,winner_2h_fade_6h
short_2026-06-12T100000_ESPORTSUSDT,short,2026-06-12 10:00:00,ESPORTSUSDT,SHORT_CONTINUATION,Fake Breakout,135,43.3108,44.856,-38.2004,38.0033,8.5636,-9.7326,-9.7326,0.1875,12.0,True,True,-29.4397,sustained_winner
short_2026-06-12T100000_UBUSDT,short,2026-06-12 10:00:00,UBUSDT,SHORT_CONTINUATION,Unclassified,60,14.3262,15.66,-12.8887,11.8314,3.5729,6.1852,6.1852,0.0833,12.0,True,True,-8.2585,sustained_winner
short_2026-06-12T100000_COAIUSDT,short,2026-06-12 10:00:00,COAIUSDT,SHORT_CONTINUATION,Fake Breakout,90,10.2372,11.6022,-8.8398,9.6198,4.5174,-12.6747,-12.6747,0.125,12.0,True,True,-5.1024,sustained_winner
short_2026-06-12T100000_SIRENUSDT,short,2026-06-12 10:00:00,SIRENUSDT,SHORT_CONTINUATION,Slow Trend,120,17.7244,18.7237,-15.5856,17.7244,13.0785,12.5175,12.5175,0.1667,12.0,True,True,-4.6459,sustained_winner
short_2026-06-12T100000_HUSDT,short,2026-06-12 10:00:00,HUSDT,SHORT_CONTINUATION,Late Runner,555,15.8103,20.4124,-11.8598,13.6454,-4.8742,7.4969,7.4969,0.7708,12.0,True,False,-18.5196,winner_2h_fade_6h
short_2026-06-12T120000_MAGMAUSDT,short,2026-06-12 12:00:00,MAGMAUSDT,SHORT_CONTINUATION,Late Runner,705,21.7323,21.991,-20.8393,11.7522,16.6243,21.3545,21.3545,0.9792,12.0,True,True,4.8721,sustained_winner
short_2026-06-12T120000_UAIUSDT,short,2026-06-12 12:00:00,UAIUSDT,SHORT_CONTINUATION,Late Runner,540,14.7196,16.0923,-12.7629,2.1028,1.0222,10.5724,10.5724,0.75,12.0,False,False,-1.0806,underperformer
short_2026-06-12T120000_MYXUSDT,short,2026-06-12 12:00:00,MYXUSDT,SHORT_CONTINUATION,Delayed Breakout,720,10.3181,13.8662,-9.1762,1.876,2.7325,10.3181,10.3181,1.0,12.0,False,False,0.8565,underperformer
short_2026-06-12T120000_ESPORTSUSDT,short,2026-06-12 12:00:00,ESPORTSUSDT,SHORT_CONTINUATION,Fake Breakout,15,9.4246,11.8935,-1.2595,-19.7295,-35.7306,-75.6405,-75.6405,0.0208,12.0,False,False,-16.0011,underperformer
short_2026-06-12T120000_XMRUSDT,short,2026-06-12 12:00:00,XMRUSDT,SHORT_CONTINUATION,Delayed Breakout,300,5.7346,6.5179,-4.737,3.4006,2.4743,1.2464,1.2464,0.4167,12.0,True,False,-0.9263,winner_2h_fade_6h
short_2026-06-12T140000_LUMIAUSDT,short,2026-06-12 14:00:00,LUMIAUSDT,SHORT_CONTINUATION,Late Runner,645,12.8163,13.5353,-11.3401,7.7071,7.8125,9.8639,9.8639,0.8958,12.0,True,True,0.1054,sustained_winner
short_2026-06-12T140000_AIOUSDT,short,2026-06-12 14:00:00,AIOUSDT,SHORT_CONTINUATION,Slow Trend,345,32.9838,36.3589,-31.1007,7.3135,31.8779,26.4789,26.4789,0.4792,12.0,True,True,24.5644,sustained_winner
short_2026-06-12T140000_MAGMAUSDT,short,2026-06-12 14:00:00,MAGMAUSDT,SHORT_CONTINUATION,Late Runner,645,13.0814,13.8398,-12.1656,10.623,5.5746,11.384,11.384,0.8958,12.0,True,True,-5.0484,sustained_winner
short_2026-06-12T140000_CRVUSDT,short,2026-06-12 14:00:00,CRVUSDT,SHORT_CONTINUATION,Late Runner,720,7.8776,8.413,-7.1128,5.4685,6.5392,7.8776,7.8776,1.0,12.0,True,True,1.0707,sustained_winner
short_2026-06-12T140000_XPLUSDT,short,2026-06-12 14:00:00,XPLUSDT,SHORT_CONTINUATION,Fake Breakout,60,6.4928,7.1478,-4.3783,2.103,-4.6656,-2.9648,-2.9648,0.0833,12.0,False,False,-6.7686,underperformer
short_2026-06-12T160000_COLLECTUSDT,short,2026-06-12 16:00:00,COLLECTUSDT,SHORT_CONTINUATION,Slow Trend,240,12.4677,13.3287,-11.7961,6.9055,10.2807,10.0224,10.0224,0.3333,12.0,True,True,3.3752,sustained_winner
short_2026-06-12T160000_AINUSDT,short,2026-06-12 16:00:00,AINUSDT,SHORT_CONTINUATION,Fake Breakout,15,7.0742,11.2656,-5.1728,-3.1486,-17.5833,-14.6085,-14.6085,0.0208,12.0,False,False,-14.4347,underperformer
short_2026-06-12T160000_UAIUSDT,short,2026-06-12 16:00:00,UAIUSDT,SHORT_CONTINUATION,Late Runner,705,19.9043,20.6363,-18.9189,4.589,14.2173,19.2286,19.2286,0.9792,12.0,True,True,9.6283,sustained_winner
short_2026-06-12T160000_BTWUSDT,short,2026-06-12 16:00:00,BTWUSDT,SHORT_CONTINUATION,Fake Breakout,90,5.7889,7.3007,-4.8456,4.3804,-2.0416,-1.3309,-1.3309,0.125,12.0,True,False,-6.422,winner_2h_fade_6h
short_2026-06-12T160000_POWERUSDT,short,2026-06-12 16:00:00,POWERUSDT,SHORT_CONTINUATION,Delayed Breakout,675,12.0882,12.9728,-11.9561,-1.1895,7.2489,11.4071,11.4071,0.9375,12.0,False,True,8.4384,loser_2h_runner_6h
short_2026-06-12T180000_UAIUSDT,short,2026-06-12 18:00:00,UAIUSDT,SHORT_CONTINUATION,Late Runner,720,20.407,21.0949,-19.4325,13.8722,12.2385,20.407,20.407,1.0,12.0,True,True,-1.6337,sustained_winner
short_2026-06-12T180000_TAUSDT,short,2026-06-12 18:00:00,TAUSDT,SHORT_CONTINUATION,Unclassified,0,2.6612,3.672,-2.0983,-0.0256,-1.2155,0.934,0.934,0.0,12.0,False,False,-1.1899,underperformer
short_2026-06-12T180000_STGUSDT,short,2026-06-12 18:00:00,STGUSDT,SHORT_CONTINUATION,Fake Breakout,465,4.7556,6.1096,-3.4016,-2.3943,-4.3593,-1.8329,-1.8329,0.6458,12.0,False,False,-1.965,underperformer
short_2026-06-12T180000_EVAAUSDT,short,2026-06-12 18:00:00,EVAAUSDT,SHORT_CONTINUATION,Late Runner,585,6.8269,6.899,-6.25,4.4712,2.4279,6.3462,6.3462,0.8125,12.0,True,False,-2.0433,winner_2h_fade_6h
short_2026-06-12T180000_GENIUSUSDT,short,2026-06-12 18:00:00,GENIUSUSDT,SHORT_CONTINUATION,Late Runner,705,6.1001,6.6998,-5.9553,2.5021,5.2936,5.5624,5.5624,0.9792,12.0,False,True,2.7915,loser_2h_runner_6h
short_2026-06-12T200000_UBUSDT,short,2026-06-12 20:00:00,UBUSDT,SHORT_CONTINUATION,Immediate Explosion,45,11.0118,12.4746,-9.2645,8.0658,6.0206,7.7001,7.7001,0.0625,12.0,True,True,-2.0452,sustained_winner
short_2026-06-12T200000_STGUSDT,short,2026-06-12 20:00:00,STGUSDT,SHORT_CONTINUATION,Fake Breakout,345,8.7197,10.0174,-7.4221,1.0919,8.0234,0.5697,0.5697,0.4792,12.0,False,True,6.9315,loser_2h_runner_6h
short_2026-06-12T200000_BANUSDT,short,2026-06-12 20:00:00,BANUSDT,SHORT_CONTINUATION,Slow Trend,285,7.501,8.8038,-6.8693,4.3164,3.2767,5.3033,5.3033,0.3958,12.0,True,True,-1.0397,sustained_winner
short_2026-06-12T200000_PARTIUSDT,short,2026-06-12 20:00:00,PARTIUSDT,SHORT_CONTINUATION,Fake Breakout,45,3.4269,3.7446,-2.8753,0.769,0.3845,-1.9392,-1.9392,0.0625,12.0,False,False,-0.3845,underperformer
short_2026-06-12T200000_APRUSDT,short,2026-06-12 20:00:00,APRUSDT,SHORT_CONTINUATION,Late Runner,615,3.8502,4.502,-3.2894,3.1428,0.7377,3.1428,3.1428,0.8542,12.0,True,False,-2.4051,winner_2h_fade_6h
short_2026-06-12T220000_MYXUSDT,short,2026-06-12 22:00:00,MYXUSDT,SHORT_CONTINUATION,Continuous Trend,405,24.2702,26.0217,-20.8507,8.2986,11.3011,16.0133,16.0133,0.5625,12.0,True,True,3.0025,sustained_winner
short_2026-06-12T220000_DUSKUSDT,short,2026-06-12 22:00:00,DUSKUSDT,SHORT_CONTINUATION,Late Runner,630,4.623,4.7731,-4.2797,0.8259,3.25,3.7971,3.7971,0.875,12.0,False,True,2.4241,loser_2h_runner_6h
short_2026-06-12T220000_AINUSDT,short,2026-06-12 22:00:00,AINUSDT,SHORT_CONTINUATION,Fake Breakout,300,8.6432,10.5021,-5.794,6.1762,2.6147,-2.3628,-2.3628,0.4167,12.0,True,False,-3.5615,winner_2h_fade_6h
short_2026-06-12T220000_LUMIAUSDT,short,2026-06-12 22:00:00,LUMIAUSDT,SHORT_CONTINUATION,Fake Breakout,165,4.7843,5.5695,-3.1721,0.5758,0.0419,-0.9317,-0.9317,0.2292,12.0,False,False,-0.5339,underperformer
short_2026-06-12T220000_MMTUSDT,short,2026-06-12 22:00:00,MMTUSDT,SHORT_CONTINUATION,Unclassified,30,2.0035,2.7003,-1.6551,-1.0453,-1.3066,-6.6202,-6.6202,0.0417,12.0,False,False,-0.2613,underperformer
short_2026-06-13T000000_BTWUSDT,short,2026-06-13 00:00:00,BTWUSDT,SHORT_CONTINUATION,Fake Breakout,495,13.9183,15.8598,-12.2163,0.3908,6.6062,0.2395,0.2395,0.6875,12.0,False,True,6.2154,loser_2h_runner_6h
short_2026-06-13T000000_COAIUSDT,short,2026-06-13 00:00:00,COAIUSDT,SHORT_CONTINUATION,Fake Breakout,15,7.3827,10.63,-3.1363,-3.9134,-1.8041,-4.3852,-4.3852,0.0208,12.0,False,False,2.1093,underperformer
short_2026-06-13T000000_DEXEUSDT,short,2026-06-13 00:00:00,DEXEUSDT,SHORT_CONTINUATION,Late Runner,660,12.8706,13.0767,-12.5452,3.8167,5.4204,12.8431,12.8431,0.9167,12.0,True,True,1.6037,sustained_winner
short_2026-06-13T000000_AINUSDT,short,2026-06-13 00:00:00,AINUSDT,SHORT_CONTINUATION,Slow Trend,180,4.5644,6.5064,-1.588,-3.3122,-5.7804,1.7967,1.7967,0.25,12.0,False,False,-2.4682,underperformer
short_2026-06-13T000000_LUMIAUSDT,short,2026-06-13 00:00:00,LUMIAUSDT,SHORT_CONTINUATION,Immediate Explosion,45,4.2833,5.0726,-2.7468,1.0419,-0.8104,3.5466,3.5466,0.0625,12.0,False,False,-1.8523,underperformer
short_2026-06-13T020000_BEATUSDT,short,2026-06-13 02:00:00,BEATUSDT,SHORT_CONTINUATION,Slow Trend,435,40.3148,43.2485,-39.0161,17.0655,35.7971,23.4652,23.4652,0.6042,12.0,True,True,18.7316,sustained_winner
short_2026-06-13T020000_BTWUSDT,short,2026-06-13 02:00:00,BTWUSDT,SHORT_CONTINUATION,Slow Trend,375,17.8833,19.7354,-16.2598,5.6885,17.1738,2.6218,2.6218,0.5208,12.0,True,True,11.4853,sustained_winner
short_2026-06-13T020000_COAIUSDT,short,2026-06-13 02:00:00,COAIUSDT,SHORT_CONTINUATION,Late Runner,645,11.2722,12.1204,-8.3721,-1.3406,0.4925,7.5513,7.5513,0.8958,12.0,False,False,1.8331,underperformer
short_2026-06-13T020000_HEIUSDT,short,2026-06-13 02:00:00,HEIUSDT,SHORT_CONTINUATION,Fake Breakout,75,3.1412,4.495,-2.6124,1.174,-3.2364,0.5182,0.5182,0.1042,12.0,False,False,-4.4104,underperformer
short_2026-06-13T020000_ALLOUSDT,short,2026-06-13 02:00:00,ALLOUSDT,SHORT_CONTINUATION,Delayed Breakout,585,8.9877,9.4983,-8.6706,-0.5083,0.3987,6.514,6.514,0.8125,12.0,False,False,0.907,underperformer
short_2026-06-13T040000_ARCUSDT,short,2026-06-13 04:00:00,ARCUSDT,SHORT_CONTINUATION,Immediate Explosion,30,12.1453,15.0036,-9.514,6.924,7.7804,9.9577,9.9577,0.0417,12.0,True,True,0.8564,sustained_winner
short_2026-06-13T040000_BEATUSDT,short,2026-06-13 04:00:00,BEATUSDT,SHORT_CONTINUATION,Slow Trend,315,28.349,31.8709,-26.7899,15.1269,18.0864,3.2505,3.2505,0.4375,12.0,True,True,2.9595,sustained_winner
short_2026-06-13T040000_HUSDT,short,2026-06-13 04:00:00,HUSDT,SHORT_CONTINUATION,Late Runner,705,17.1447,17.3668,-12.3119,0.5553,-0.6319,9.6006,9.6006,0.9792,12.0,False,False,-1.1872,underperformer
short_2026-06-13T040000_GWEIUSDT,short,2026-06-13 04:00:00,GWEIUSDT,SHORT_CONTINUATION,Fake Breakout,45,3.8662,4.4362,-3.5705,2.9951,0.0914,-5.5815,-5.5815,0.0625,12.0,False,False,-2.9037,underperformer
short_2026-06-13T040000_BTWUSDT,short,2026-06-13 04:00:00,BTWUSDT,SHORT_CONTINUATION,Slow Trend,255,13.5149,15.4655,-11.8049,6.1685,12.1976,1.444,1.444,0.3542,12.0,True,True,6.0291,sustained_winner
short_2026-06-13T060000_COAIUSDT,short,2026-06-13 06:00:00,COAIUSDT,SHORT_CONTINUATION,Fake Breakout,405,12.1852,13.0246,-9.3149,1.5164,-1.8413,-7.8527,-7.8527,0.5625,12.0,False,False,-3.3577,underperformer
short_2026-06-13T060000_ORCAUSDT,short,2026-06-13 06:00:00,ORCAUSDT,SHORT_CONTINUATION,Late Runner,720,11.6369,12.1024,-8.7665,4.7324,6.4391,11.6369,11.6369,1.0,12.0,True,True,1.7067,sustained_winner
short_2026-06-13T060000_CLOUSDT,short,2026-06-13 06:00:00,CLOUSDT,SHORT_CONTINUATION,Continuous Trend,525,41.9622,44.1942,-34.6421,3.3328,28.4279,27.1445,27.1445,0.7292,12.0,True,True,25.0951,sustained_winner
short_2026-06-13T060000_PIEVERSEUSDT,short,2026-06-13 06:00:00,PIEVERSEUSDT,SHORT_CONTINUATION,Late Runner,720,7.9396,8.7858,-6.6422,2.0448,4.3717,7.9396,7.9396,1.0,12.0,False,True,2.3269,loser_2h_runner_6h
short_2026-06-13T060000_ATUSDT,short,2026-06-13 06:00:00,ATUSDT,SHORT_CONTINUATION,Delayed Breakout,690,9.7411,10.5225,-8.6815,-0.9999,-5.2314,9.3438,9.3438,0.9583,12.0,False,False,-4.2315,underperformer
short_2026-06-13T080000_ALLOUSDT,short,2026-06-13 08:00:00,ALLOUSDT,SHORT_CONTINUATION,Late Runner,720,9.8029,10.3379,-8.0878,8.1957,5.9174,9.8029,9.8029,1.0,12.0,True,True,-2.2783,sustained_winner
short_2026-06-13T080000_GUAUSDT,short,2026-06-13 08:00:00,GUAUSDT,SHORT_CONTINUATION,Fake Breakout,30,3.9196,4.4891,-3.1156,-0.3685,-0.067,-3.1323,-3.1323,0.0417,12.0,False,False,0.3015,underperformer
short_2026-06-13T080000_AINUSDT,short,2026-06-13 08:00:00,AINUSDT,SHORT_CONTINUATION,Late Runner,630,20.589,21.4575,-19.7949,2.523,13.1773,18.736,18.736,0.875,12.0,False,True,10.6543,loser_2h_runner_6h
short_2026-06-13T080000_EDGEUSDT,short,2026-06-13 08:00:00,EDGEUSDT,SHORT_CONTINUATION,Unclassified,90,1.9956,2.4093,-1.1682,-1.8253,-9.0776,-2.1903,-2.1903,0.125,12.0,False,False,-7.2523,underperformer
short_2026-06-13T080000_ORCAUSDT,short,2026-06-13 08:00:00,ORCAUSDT,SHORT_CONTINUATION,Late Runner,600,8.071,8.5553,-7.2639,3.067,4.5198,7.3446,7.3446,0.8333,12.0,True,True,1.4528,sustained_winner
short_2026-06-13T100000_ENSOUSDT,short,2026-06-13 10:00:00,ENSOUSDT,SHORT_CONTINUATION,Late Runner,720,6.9833,7.4598,-6.7451,5.0476,5.8666,6.9833,6.9833,1.0,12.0,True,True,0.819,sustained_winner
short_2026-06-13T100000_ORCAUSDT,short,2026-06-13 10:00:00,ORCAUSDT,SHORT_CONTINUATION,Continuous Trend,480,7.2476,7.7362,-6.4332,1.7915,3.4202,6.5961,6.5961,0.6667,12.0,False,True,1.6287,loser_2h_runner_6h
short_2026-06-13T100000_ESPUSDT,short,2026-06-13 10:00:00,ESPUSDT,SHORT_CONTINUATION,Fake Breakout,270,3.3915,3.5974,-2.6637,1.8399,1.0435,-2.499,-2.499,0.375,12.0,False,False,-0.7964,underperformer
short_2026-06-13T100000_HUSDT,short,2026-06-13 10:00:00,HUSDT,SHORT_CONTINUATION,Delayed Breakout,345,20.1712,20.3852,-15.9392,6.8922,12.9026,3.0034,3.0034,0.4792,12.0,True,True,6.0104,sustained_winner
short_2026-06-13T100000_INUSDT,short,2026-06-13 10:00:00,INUSDT,SHORT_CONTINUATION,Fake Breakout,285,7.4003,7.8604,-6.9402,3.3487,5.6365,0.7285,0.7285,0.3958,12.0,True,True,2.2878,sustained_winner
short_2026-06-13T120000_MELANIAUSDT,short,2026-06-13 12:00:00,MELANIAUSDT,SHORT_CONTINUATION,Delayed Breakout,240,4.52,5.0326,-4.3569,3.2619,4.4152,3.7512,3.7512,0.3333,12.0,True,True,1.1533,sustained_winner
short_2026-06-13T120000_ORCAUSDT,short,2026-06-13 12:00:00,ORCAUSDT,SHORT_CONTINUATION,Delayed Breakout,360,4.2052,4.7098,-3.3642,0.5046,4.2052,3.0278,3.0278,0.5,12.0,False,True,3.7006,loser_2h_runner_6h
short_2026-06-13T140000_HEIUSDT,short,2026-06-13 14:00:00,HEIUSDT,SHORT_CONTINUATION,Late Runner,555,9.0081,9.8329,-8.4404,5.1093,1.5424,7.5943,7.5943,0.7708,12.0,True,False,-3.5669,winner_2h_fade_6h
short_2026-06-13T140000_CROSSUSDT,short,2026-06-13 14:00:00,CROSSUSDT,SHORT_CONTINUATION,Late Runner,690,5.4625,5.5539,-5.2696,3.0054,2.2845,5.2188,5.2188,0.9583,12.0,True,False,-0.7209,winner_2h_fade_6h
short_2026-06-13T140000_OPNUSDT,short,2026-06-13 14:00:00,OPNUSDT,SHORT_CONTINUATION,Unclassified,60,3.3097,4.0189,-2.0095,-0.8274,1.182,1.3002,1.3002,0.0833,12.0,False,False,2.0094,underperformer
short_2026-06-13T140000_BEATUSDT,short,2026-06-13 14:00:00,BEATUSDT,SHORT_CONTINUATION,Late Runner,690,16.6172,16.8628,-13.7218,-4.893,-11.5036,14.4026,14.4026,0.9583,12.0,False,False,-6.6106,underperformer
short_2026-06-13T140000_INUSDT,short,2026-06-13 14:00:00,INUSDT,SHORT_CONTINUATION,Unclassified,45,1.2539,1.7446,-0.7633,-0.627,-5.9425,-4.1979,-4.1979,0.0625,12.0,False,False,-5.3155,underperformer
short_2026-06-13T160000_GUAUSDT,short,2026-06-13 16:00:00,GUAUSDT,SHORT_CONTINUATION,Slow Trend,300,7.1178,8.1688,-5.9713,2.8662,5.7006,5.1592,5.1592,0.4167,12.0,False,True,2.8344,loser_2h_runner_6h
short_2026-06-13T160000_OPENUSDT,short,2026-06-13 16:00:00,OPENUSDT,SHORT_CONTINUATION,Unclassified,0,-0.4946,0.5845,1.1241,-9.1727,-8.1385,-8.0036,-8.0036,0.0,12.0,False,False,1.0342,underperformer
short_2026-06-13T160000_GWEIUSDT,short,2026-06-13 16:00:00,GWEIUSDT,SHORT_CONTINUATION,Late Runner,720,13.0331,15.6159,-12.3499,-2.0807,8.4265,13.0331,13.0331,1.0,12.0,False,True,10.5072,loser_2h_runner_6h
short_2026-06-13T160000_BEATUSDT,short,2026-06-13 16:00:00,BEATUSDT,SHORT_CONTINUATION,Late Runner,705,18.7155,20.6772,-17.0422,-8.7174,1.1649,16.1888,16.1888,0.9792,12.0,False,False,9.8823,underperformer
short_2026-06-13T160000_OPUSDT,short,2026-06-13 16:00:00,OPUSDT,SHORT_CONTINUATION,Unclassified,0,-0.77,0.6737,1.0587,-2.4062,-4.3311,-4.0423,-4.0423,0.0,12.0,False,False,-1.9249,underperformer
short_2026-06-13T180000_EDGEUSDT,short,2026-06-13 18:00:00,EDGEUSDT,SHORT_CONTINUATION,Slow Trend,420,7.9052,8.5917,-6.7095,7.0195,5.5802,3.7865,3.7865,0.5833,12.0,True,True,-1.4393,sustained_winner
short_2026-06-13T180000_FFUSDT,short,2026-06-13 18:00:00,FFUSDT,SHORT_CONTINUATION,Fake Breakout,0,3.2028,4.1725,-1.7226,0.3445,-0.0766,0.5232,0.5232,0.0,12.0,False,False,-0.4211,underperformer
short_2026-06-13T180000_MEUSDT,short,2026-06-13 18:00:00,MEUSDT,SHORT_CONTINUATION,Slow Trend,225,4.6092,5.2258,-4.193,2.8673,3.4685,3.5918,3.5918,0.3125,12.0,False,True,0.6012,loser_2h_runner_6h
short_2026-06-13T180000_BTWUSDT,short,2026-06-13 18:00:00,BTWUSDT,SHORT_CONTINUATION,Fake Breakout,165,2.2166,3.5271,0.0418,-2.6628,-10.3862,-22.027,-22.027,0.2292,12.0,False,False,-7.7234,underperformer
short_2026-06-13T180000_FOLKSUSDT,short,2026-06-13 18:00:00,FOLKSUSDT,SHORT_CONTINUATION,Late Runner,555,13.5593,13.9301,-12.6059,-5.5085,2.1716,7.2034,7.2034,0.7708,12.0,False,False,7.6801,underperformer
short_2026-06-13T200000_BEATUSDT,short,2026-06-13 20:00:00,BEATUSDT,SHORT_CONTINUATION,Continuous Trend,465,24.4381,26.2616,-22.8826,8.1231,22.3196,20.4724,20.4724,0.6458,12.0,True,True,14.1965,sustained_winner
short_2026-06-13T200000_BTWUSDT,short,2026-06-13 20:00:00,BTWUSDT,SHORT_CONTINUATION,Fake Breakout,45,6.0793,7.338,-3.91,-1.2587,-7.646,-14.8366,-14.8366,0.0625,12.0,False,False,-6.3873,underperformer
short_2026-06-13T200000_LABUSDT,short,2026-06-13 20:00:00,LABUSDT,SHORT_CONTINUATION,Slow Trend,360,9.7011,11.4889,-8.6166,8.2063,9.7011,8.1282,8.1282,0.5,12.0,True,True,1.4948,sustained_winner
short_2026-06-13T200000_COAIUSDT,short,2026-06-13 20:00:00,COAIUSDT,SHORT_CONTINUATION,Fake Breakout,30,3.0529,4.8896,-2.1593,-2.7798,-48.5728,-2.7798,-2.7798,0.0417,12.0,False,False,-45.793,underperformer
short_2026-06-13T200000_MANTAUSDT,short,2026-06-13 20:00:00,MANTAUSDT,SHORT_CONTINUATION,Slow Trend,315,3.7818,4.2413,-2.9336,1.8025,3.2988,3.0278,3.0278,0.4375,12.0,False,True,1.4963,loser_2h_runner_6h
short_2026-06-13T220000_GWEIUSDT,short,2026-06-13 22:00:00,GWEIUSDT,SHORT_CONTINUATION,Slow Trend,480,8.9913,9.4162,-7.9456,3.5618,6.0501,4.518,4.518,0.6667,12.0,True,True,2.4883,sustained_winner
short_2026-06-13T220000_HEIUSDT,short,2026-06-13 22:00:00,HEIUSDT,SHORT_CONTINUATION,Late Runner,540,5.9537,6.4255,-5.729,3.898,5.437,5.8639,5.8639,0.75,12.0,True,True,1.539,sustained_winner
short_2026-06-13T220000_APRUSDT,short,2026-06-13 22:00:00,APRUSDT,SHORT_CONTINUATION,Late Runner,720,5.6405,5.8513,-4.6916,1.5287,4.059,5.6405,5.6405,1.0,12.0,False,True,2.5303,loser_2h_runner_6h
short_2026-06-13T220000_GUAUSDT,short,2026-06-13 22:00:00,GUAUSDT,SHORT_CONTINUATION,Unclassified,15,1.3676,2.3015,-0.7672,-0.467,0.6671,-0.7338,-0.7338,0.0208,12.0,False,False,1.1341,underperformer
short_2026-06-13T220000_MAGMAUSDT,short,2026-06-13 22:00:00,MAGMAUSDT,SHORT_CONTINUATION,Fake Breakout,525,2.8322,3.5976,-2.155,2.0226,0.0236,0.1472,0.1472,0.7292,12.0,False,False,-1.999,underperformer
short_2026-06-14T000000_AINUSDT,short,2026-06-14 00:00:00,AINUSDT,SHORT_CONTINUATION,Fake Breakout,45,4.0559,5.1449,-2.6474,2.8571,-0.4895,-17.5225,-17.5225,0.0625,12.0,False,False,-3.3466,underperformer
short_2026-06-14T000000_OPGUSDT,short,2026-06-14 00:00:00,OPGUSDT,SHORT_CONTINUATION,Fake Breakout,180,3.7917,5.4329,-3.1126,0.3962,0.9621,-1.245,-1.245,0.25,12.0,False,False,0.5659,underperformer
short_2026-06-14T000000_ENAUSDT,short,2026-06-14 00:00:00,ENAUSDT,SHORT_CONTINUATION,Continuous Trend,510,3.4527,3.6836,-3.0947,1.5242,2.5173,2.9561,2.9561,0.7083,12.0,False,False,0.9931,underperformer
short_2026-06-14T000000_GRASSUSDT,short,2026-06-14 00:00:00,GRASSUSDT,SHORT_CONTINUATION,Slow Trend,360,4.006,4.2814,-3.5553,3.2298,4.006,2.3035,2.3035,0.5,12.0,True,True,0.7762,sustained_winner
short_2026-06-14T000000_AIAUSDT,short,2026-06-14 00:00:00,AIAUSDT,SHORT_CONTINUATION,Unclassified,0,-2.8791,0.304,3.505,-10.4971,-10.9263,-11.7668,-11.7668,0.0,12.0,False,False,-0.4292,underperformer
short_2026-06-14T020000_HUSDT,short,2026-06-14 02:00:00,HUSDT,SHORT_CONTINUATION,Fake Breakout,45,3.4251,5.405,-1.2645,-3.8961,-7.6365,-59.0302,-59.0302,0.0625,12.0,False,False,-3.7404,underperformer
short_2026-06-14T020000_OPGUSDT,short,2026-06-14 02:00:00,OPGUSDT,SHORT_CONTINUATION,Unclassified,60,4.9748,6.2605,-4.3041,2.2359,0.9503,2.9067,2.9067,0.0833,12.0,False,False,-1.2856,underperformer
short_2026-06-14T020000_LITUSDT,short,2026-06-14 02:00:00,LITUSDT,SHORT_CONTINUATION,Delayed Breakout,690,3.2236,3.6327,-2.8573,0.8548,0.5983,2.9672,2.9672,0.9583,12.0,False,False,-0.2565,underperformer
short_2026-06-14T020000_HYPEUSDT,short,2026-06-14 02:00:00,HYPEUSDT,SHORT_CONTINUATION,Unclassified,45,1.8757,2.057,-1.2588,0.5803,-0.439,0.1879,0.1879,0.0625,12.0,False,False,-1.0193,underperformer
short_2026-06-14T020000_NEARUSDT,short,2026-06-14 02:00:00,NEARUSDT,SHORT_CONTINUATION,Slow Trend,240,2.6524,3.1643,-2.1871,1.2099,1.3029,1.5821,1.5821,0.3333,12.0,False,False,0.093,underperformer
short_2026-06-14T040000_HUSDT,short,2026-06-14 04:00:00,HUSDT,SHORT_CONTINUATION,Fake Breakout,90,6.123,8.2095,-2.2573,3.6301,-24.7277,-74.1113,-74.1113,0.125,12.0,True,False,-28.3578,winner_2h_fade_6h
short_2026-06-14T040000_LIGHTUSDT,short,2026-06-14 04:00:00,LIGHTUSDT,SHORT_CONTINUATION,Late Runner,615,4.7498,5.4283,-4.1561,2.1204,2.0356,4.4953,4.4953,0.8542,12.0,False,False,-0.0848,underperformer
short_2026-06-14T040000_ICNTUSDT,short,2026-06-14 04:00:00,ICNTUSDT,SHORT_CONTINUATION,Fake Breakout,135,4.0094,4.2453,-3.8208,3.6321,2.9717,-0.1415,-0.1415,0.1875,12.0,True,False,-0.6604,winner_2h_fade_6h
short_2026-06-14T040000_ICPUSDT,short,2026-06-14 04:00:00,ICPUSDT,SHORT_CONTINUATION,Late Runner,720,7.9493,8.4869,-7.6037,1.7665,4.5699,7.9493,7.9493,1.0,12.0,False,True,2.8034,loser_2h_runner_6h
short_2026-06-14T040000_AIAUSDT,short,2026-06-14 04:00:00,AIAUSDT,SHORT_CONTINUATION,Late Runner,720,9.3074,11.2661,-7.9756,2.8048,3.8076,9.3074,9.3074,1.0,12.0,False,True,1.0028,loser_2h_runner_6h
short_2026-06-14T060000_ATUSDT,short,2026-06-14 06:00:00,ATUSDT,SHORT_CONTINUATION,Slow Trend,210,7.4047,7.6204,-6.4702,4.0978,1.0784,1.4378,1.4378,0.2917,12.0,True,False,-3.0194,winner_2h_fade_6h
short_2026-06-14T060000_BSBUSDT,short,2026-06-14 06:00:00,BSBUSDT,SHORT_CONTINUATION,Late Runner,660,4.1266,4.4866,-3.3314,1.7329,-0.2216,1.6894,1.6894,0.9167,12.0,False,False,-1.9545,underperformer
short_2026-06-14T060000_AIOTUSDT,short,2026-06-14 06:00:00,AIOTUSDT,SHORT_CONTINUATION,Fake Breakout,105,3.5253,4.5108,-3.2755,3.4004,-4.4136,-6.5926,-6.5926,0.1458,12.0,True,False,-7.814,winner_2h_fade_6h
short_2026-06-14T060000_EDGEUSDT,short,2026-06-14 06:00:00,EDGEUSDT,SHORT_CONTINUATION,Continuous Trend,420,14.9396,16.1694,-14.1426,3.8488,12.3662,12.4801,12.4801,0.5833,12.0,True,True,8.5174,sustained_winner
short_2026-06-14T060000_HUSDT,short,2026-06-14 06:00:00,HUSDT,SHORT_CONTINUATION,Unclassified,0,-1.6351,0.7707,3.2882,-9.4468,-32.0104,-103.6375,-103.6375,0.0,12.0,False,False,-22.5636,underperformer
short_2026-06-14T080000_COAIUSDT,short,2026-06-14 08:00:00,COAIUSDT,SHORT_CONTINUATION,Unclassified,105,12.7688,16.4427,-9.9014,12.7464,-5.9588,11.4247,11.4247,0.1458,12.0,True,False,-18.7052,winner_2h_fade_6h
short_2026-06-14T080000_BTWUSDT,short,2026-06-14 08:00:00,BTWUSDT,SHORT_CONTINUATION,Fake Breakout,615,4.317,6.977,-3.0658,1.0257,-10.6515,-1.0933,-1.0933,0.8542,12.0,False,False,-11.6772,underperformer
short_2026-06-14T080000_BILLUSDT,short,2026-06-14 08:00:00,BILLUSDT,SHORT_CONTINUATION,Fake Breakout,420,5.0585,5.3545,-4.7356,0.4036,3.3903,-1.6144,-1.6144,0.5833,12.0,False,True,2.9867,loser_2h_runner_6h
short_2026-06-14T080000_CUSDT,short,2026-06-14 08:00:00,CUSDT,SHORT_CONTINUATION,Late Runner,720,4.5164,4.5374,-3.8458,2.253,0.5659,4.5164,4.5164,1.0,12.0,False,False,-1.6871,underperformer
short_2026-06-14T080000_KAITOUSDT,short,2026-06-14 08:00:00,KAITOUSDT,SHORT_CONTINUATION,Late Runner,675,6.8738,12.1218,-5.8448,3.1694,3.3134,6.3182,6.3182,0.9375,12.0,True,True,0.144,sustained_winner
short_2026-06-14T100000_BEATUSDT,short,2026-06-14 10:00:00,BEATUSDT,SHORT_CONTINUATION,Late Runner,630,31.9923,33.3916,-30.1164,6.9334,14.4422,30.4713,30.4713,0.875,12.0,True,True,7.5088,sustained_winner
short_2026-06-14T100000_BTWUSDT,short,2026-06-14 10:00:00,BTWUSDT,SHORT_CONTINUATION,Fake Breakout,495,6.663,9.0159,-4.0682,-5.6954,1.1985,0.9346,0.9346,0.6875,12.0,False,False,6.8939,underperformer
short_2026-06-14T100000_OPGUSDT,short,2026-06-14 10:00:00,OPGUSDT,SHORT_CONTINUATION,Fake Breakout,270,3.5694,5.0195,-2.2309,0.2231,2.0078,-15.1701,-15.1701,0.375,12.0,False,False,1.7847,underperformer
short_2026-06-14T100000_GUAUSDT,short,2026-06-14 10:00:00,GUAUSDT,SHORT_CONTINUATION,Delayed Breakout,645,2.9166,3.6048,-2.3431,-0.1802,2.294,1.9662,1.9662,0.8958,12.0,False,False,2.4742,underperformer
short_2026-06-14T100000_ENSOUSDT,short,2026-06-14 10:00:00,ENSOUSDT,SHORT_CONTINUATION,Late Runner,705,2.6615,2.8462,-2.0923,-0.6,0.5846,2.4462,2.4462,0.9792,12.0,False,False,1.1846,underperformer
short_2026-06-14T120000_CLOUSDT,short,2026-06-14 12:00:00,CLOUSDT,SHORT_CONTINUATION,Fake Breakout,0,5.0919,8.5363,-2.531,-9.1452,-13.3596,-3.2354,-3.2354,0.0,12.0,False,False,-4.2144,underperformer
short_2026-06-14T120000_B2USDT,short,2026-06-14 12:00:00,B2USDT,SHORT_CONTINUATION,Unclassified,45,1.8807,2.5229,-1.5826,-0.7339,1.055,1.0092,1.0092,0.0625,12.0,False,False,1.7889,underperformer
short_2026-06-14T120000_BILLUSDT,short,2026-06-14 12:00:00,BILLUSDT,SHORT_CONTINUATION,Unclassified,180,2.2034,2.5083,-1.8708,0.485,-4.7395,-2.0787,-2.0787,0.25,12.0,False,False,-5.2245,underperformer
short_2026-06-14T120000_BRUSDT,short,2026-06-14 12:00:00,BRUSDT,SHORT_CONTINUATION,Late Runner,690,5.8551,6.4569,-5.3672,1.7728,2.6754,5.603,5.603,0.9583,12.0,False,False,0.9026,underperformer
short_2026-06-14T120000_ALLOUSDT,short,2026-06-14 12:00:00,ALLOUSDT,SHORT_CONTINUATION,Slow Trend,240,6.2429,7.0554,-5.3613,2.7165,3.5689,1.4233,1.4233,0.3333,12.0,False,True,0.8524,loser_2h_runner_6h
short_2026-06-14T140000_ARCUSDT,short,2026-06-14 14:00:00,ARCUSDT,SHORT_CONTINUATION,Late Runner,720,8.2274,8.4544,-7.6941,3.2456,3.8584,8.2274,8.2274,1.0,12.0,True,True,0.6128,sustained_winner
short_2026-06-14T140000_AIOUSDT,short,2026-06-14 14:00:00,AIOUSDT,SHORT_CONTINUATION,Late Runner,705,21.4218,21.8412,-20.1231,1.1905,9.1315,20.1231,20.1231,0.9792,12.0,False,True,7.941,loser_2h_runner_6h
short_2026-06-14T140000_DEXEUSDT,short,2026-06-14 14:00:00,DEXEUSDT,SHORT_CONTINUATION,Delayed Breakout,240,2.2829,2.7283,-1.0579,-0.167,-0.6125,0.5568,0.5568,0.3333,12.0,False,False,-0.4455,underperformer
short_2026-06-14T140000_OPGUSDT,short,2026-06-14 14:00:00,OPGUSDT,SHORT_CONTINUATION,Fake Breakout,30,2.7559,4.2182,-1.4061,1.1811,-21.6535,-18.7852,-18.7852,0.0417,12.0,False,False,-22.8346,underperformer
short_2026-06-14T140000_AIOTUSDT,short,2026-06-14 14:00:00,AIOTUSDT,SHORT_CONTINUATION,Fake Breakout,0,1.9414,3.5228,-0.5143,-1.2857,-2.4685,-1.0414,-1.0414,0.0,12.0,False,False,-1.1828,underperformer
short_2026-06-14T160000_FFUSDT,short,2026-06-14 16:00:00,FFUSDT,SHORT_CONTINUATION,Late Runner,675,10.7166,10.7944,-9.8354,5.0408,7.0494,9.1616,9.1616,0.9375,12.0,True,True,2.0086,sustained_winner
short_2026-06-14T160000_AKTUSDT,short,2026-06-14 16:00:00,AKTUSDT,SHORT_CONTINUATION,Fake Breakout,225,4.3381,4.9314,-3.9953,3.3887,4.048,-0.1978,-0.1978,0.3125,12.0,True,True,0.6593,sustained_winner
short_2026-06-14T160000_MMTUSDT,short,2026-06-14 16:00:00,MMTUSDT,SHORT_CONTINUATION,Continuous Trend,450,7.9045,8.2774,-7.3826,3.5794,3.8031,5.8166,5.8166,0.625,12.0,True,True,0.2237,sustained_winner
short_2026-06-14T160000_FOLKSUSDT,short,2026-06-14 16:00:00,FOLKSUSDT,SHORT_CONTINUATION,Slow Trend,285,7.6248,8.5025,-7.0762,2.633,4.1141,6.5826,6.5826,0.3958,12.0,False,True,1.4811,loser_2h_runner_6h
short_2026-06-14T160000_AINUSDT,short,2026-06-14 16:00:00,AINUSDT,SHORT_CONTINUATION,Late Runner,720,25.3777,25.5402,-24.671,10.3656,19.3501,25.3777,25.3777,1.0,12.0,True,True,8.9845,sustained_winner
short_2026-06-14T180000_COAIUSDT,short,2026-06-14 18:00:00,COAIUSDT,SHORT_CONTINUATION,Late Runner,645,23.5067,25.9777,-22.4538,15.0408,21.4224,22.7116,22.7116,0.8958,12.0,True,True,6.3816,sustained_winner
short_2026-06-14T180000_AIOTUSDT,short,2026-06-14 18:00:00,AIOTUSDT,SHORT_CONTINUATION,V-Reversal,705,16.5388,16.5388,-15.1748,2.9351,2.1069,15.8568,15.8568,0.9792,12.0,False,False,-0.8282,underperformer
short_2026-06-14T180000_JELLYJELLYUSDT,short,2026-06-14 18:00:00,JELLYJELLYUSDT,SHORT_CONTINUATION,Fake Breakout,45,5.313,5.7787,-1.7031,-2.1397,-4.163,-8.5007,-8.5007,0.0625,12.0,False,False,-2.0233,underperformer
short_2026-06-14T180000_LAUSDT,short,2026-06-14 18:00:00,LAUSDT,SHORT_CONTINUATION,Slow Trend,135,4.6039,4.8225,-3.678,3.6265,1.1445,2.7649,2.7649,0.1875,12.0,True,False,-2.482,winner_2h_fade_6h
short_2026-06-14T180000_AIOUSDT,short,2026-06-14 18:00:00,AIOUSDT,SHORT_CONTINUATION,Late Runner,705,20.2856,20.868,-19.3774,6.8636,15.7238,19.5369,19.5369,0.9792,12.0,True,True,8.8602,sustained_winner
short_2026-06-14T200000_AIOUSDT,short,2026-06-14 20:00:00,AIOUSDT,SHORT_CONTINUATION,Late Runner,675,17.1277,18.0958,-16.3998,5.2773,14.0413,16.2906,16.2906,0.9375,12.0,True,True,8.764,sustained_winner
short_2026-06-14T200000_BILLUSDT,short,2026-06-14 20:00:00,BILLUSDT,SHORT_CONTINUATION,Late Runner,555,7.0964,7.6042,-6.7969,2.5911,4.1667,3.8281,3.8281,0.7708,12.0,False,True,1.5756,loser_2h_runner_6h
short_2026-06-14T200000_HUSDT,short,2026-06-14 20:00:00,HUSDT,SHORT_CONTINUATION,Slow Trend,135,60.2704,65.7235,-47.9268,37.3898,31.4,27.0497,27.0497,0.1875,12.0,True,True,-5.9898,sustained_winner
short_2026-06-14T200000_BSBUSDT,short,2026-06-14 20:00:00,BSBUSDT,SHORT_CONTINUATION,Unclassified,30,2.1266,2.2613,-0.8633,-0.5782,-8.8432,-9.663,-9.663,0.0417,12.0,False,False,-8.265,underperformer
short_2026-06-14T200000_LABUSDT,short,2026-06-14 20:00:00,LABUSDT,SHORT_CONTINUATION,Fake Breakout,480,4.7223,5.755,-4.0104,0.3509,1.3034,-12.1616,-12.1616,0.6667,12.0,False,False,0.9525,underperformer
short_2026-06-14T220000_HUSDT,short,2026-06-14 22:00:00,HUSDT,SHORT_CONTINUATION,Fake Breakout,15,46.7557,54.0638,-30.2132,6.5633,11.2097,-3.5186,-3.5186,0.0208,12.0,True,True,4.6464,sustained_winner
short_2026-06-14T220000_OPNUSDT,short,2026-06-14 22:00:00,OPNUSDT,SHORT_CONTINUATION,Fake Breakout,90,4.3915,6.7754,-3.3877,4.1405,1.5056,-3.5132,-3.5132,0.125,12.0,True,False,-2.6349,winner_2h_fade_6h
short_2026-06-14T220000_MIRAUSDT,short,2026-06-14 22:00:00,MIRAUSDT,SHORT_CONTINUATION,Late Runner,660,5.6345,6.3367,-5.3605,3.5451,4.744,4.8638,4.8638,0.9167,12.0,True,True,1.1989,sustained_winner
short_2026-06-14T220000_JELLYJELLYUSDT,short,2026-06-14 22:00:00,JELLYJELLYUSDT,SHORT_CONTINUATION,Fake Breakout,150,4.7139,6.3658,-3.6261,3.8947,1.2624,-6.1912,-6.1912,0.2083,12.0,True,False,-2.6323,winner_2h_fade_6h
short_2026-06-14T220000_OPENUSDT,short,2026-06-14 22:00:00,OPENUSDT,SHORT_CONTINUATION,Fake Breakout,135,3.2733,3.6007,-2.8232,2.946,1.3093,-3.5188,-3.5188,0.1875,12.0,False,False,-1.6367,underperformer
short_2026-06-15T000000_ALLOUSDT,short,2026-06-15 00:00:00,ALLOUSDT,SHORT_CONTINUATION,Late Runner,720,5.5702,7.0493,-4.9707,1.3021,1.6534,5.5702,5.5702,1.0,12.0,False,False,0.3513,underperformer
short_2026-06-15T000000_ALICEUSDT,short,2026-06-15 00:00:00,ALICEUSDT,SHORT_CONTINUATION,Fake Breakout,45,2.7829,3.0612,-2.5974,1.6698,-2.1336,-4.0816,-4.0816,0.0625,12.0,False,False,-3.8034,underperformer
short_2026-06-15T000000_GUAUSDT,short,2026-06-15 00:00:00,GUAUSDT,SHORT_CONTINUATION,Fake Breakout,600,2.9179,3.7108,-1.6334,0.9673,-0.3647,0.6343,0.6343,0.8333,12.0,False,False,-1.332,underperformer
short_2026-06-15T000000_AIOTUSDT,short,2026-06-15 00:00:00,AIOTUSDT,SHORT_CONTINUATION,Delayed Breakout,570,18.8093,19.416,-18.1519,0.6573,12.6659,3.9565,3.9565,0.7917,12.0,False,True,12.0086,loser_2h_runner_6h
short_2026-06-15T000000_ONUSDT,short,2026-06-15 00:00:00,ONUSDT,SHORT_CONTINUATION,Fake Breakout,105,3.1312,4.304,-2.4862,2.4628,1.419,-2.2986,-2.2986,0.1458,12.0,False,False,-1.0438,underperformer
short_2026-06-15T020000_OPGUSDT,short,2026-06-15 02:00:00,OPGUSDT,SHORT_CONTINUATION,Fake Breakout,60,3.6473,7.3869,-2.4931,-0.7849,-48.0148,-2.2161,-2.2161,0.0833,12.0,False,False,-47.2299,underperformer
short_2026-06-15T020000_CLOUSDT,short,2026-06-15 02:00:00,CLOUSDT,SHORT_CONTINUATION,Fake Breakout,300,1.5176,4.8178,-0.7328,0.4937,0.7588,-27.9923,-27.9923,0.4167,12.0,False,False,0.2651,underperformer
short_2026-06-15T020000_BSBUSDT,short,2026-06-15 02:00:00,BSBUSDT,SHORT_CONTINUATION,Fake Breakout,405,4.5701,4.9181,-3.3783,-0.8683,2.6542,-2.2604,-2.2604,0.5625,12.0,False,False,3.5225,underperformer
short_2026-06-15T020000_EULUSDT,short,2026-06-15 02:00:00,EULUSDT,SHORT_CONTINUATION,Unclassified,60,1.2077,2.2142,-0.2415,-1.9324,-4.368,-8.7057,-8.7057,0.0833,12.0,False,False,-2.4356,underperformer
short_2026-06-15T020000_BANUSDT,short,2026-06-15 02:00:00,BANUSDT,SHORT_CONTINUATION,Unclassified,570,1.3524,1.8908,-0.8272,0.1838,-0.3939,-0.4202,-0.4202,0.7917,12.0,False,False,-0.5777,underperformer
short_2026-06-15T040000_ASRUSDT,short,2026-06-15 04:00:00,ASRUSDT,SHORT_CONTINUATION,Fake Breakout,60,3.6331,4.0872,-2.7248,2.9064,1.0899,-2.9973,-2.9973,0.0833,12.0,False,False,-1.8165,underperformer
short_2026-06-15T040000_AIOTUSDT,short,2026-06-15 04:00:00,AIOTUSDT,SHORT_CONTINUATION,Fake Breakout,330,11.6263,12.2867,-10.9108,4.9395,1.6098,-0.9906,-0.9906,0.4583,12.0,True,False,-3.3297,winner_2h_fade_6h
short_2026-06-15T040000_LAUSDT,short,2026-06-15 04:00:00,LAUSDT,SHORT_CONTINUATION,Fake Breakout,120,3.1882,3.4315,-2.4328,3.1882,1.4213,0.9091,0.9091,0.1667,12.0,True,False,-1.7669,winner_2h_fade_6h
short_2026-06-15T040000_BASEDUSDT,short,2026-06-15 04:00:00,BASEDUSDT,SHORT_CONTINUATION,Unclassified,30,2.5806,2.7479,-2.0365,0.823,-2.1481,-5.0635,-5.0635,0.0417,12.0,False,False,-2.9711,underperformer
short_2026-06-15T040000_MUSDT,short,2026-06-15 04:00:00,MUSDT,SHORT_CONTINUATION,Unclassified,45,1.811,1.9881,-1.6005,1.096,0.7017,0.9556,0.9556,0.0625,12.0,False,False,-0.3943,underperformer
short_2026-06-15T060000_EVAAUSDT,short,2026-06-15 06:00:00,EVAAUSDT,SHORT_CONTINUATION,Fake Breakout,90,15.5694,20.6528,-13.0833,11.6528,-0.2361,-38.4167,-38.4167,0.125,12.0,True,False,-11.8889,winner_2h_fade_6h
short_2026-06-15T060000_ALICEUSDT,short,2026-06-15 06:00:00,ALICEUSDT,SHORT_CONTINUATION,Delayed Breakout,645,2.1525,3.3184,-1.7937,-0.0,-0.6278,1.704,1.704,0.8958,12.0,False,False,-0.6278,underperformer
short_2026-06-15T060000_OPGUSDT,short,2026-06-15 06:00:00,OPGUSDT,SHORT_CONTINUATION,Late Runner,600,21.178,23.7332,-18.8826,-38.848,-6.453,20.0087,20.0087,0.8333,12.0,False,False,32.395,underperformer
short_2026-06-15T060000_JELLYJELLYUSDT,short,2026-06-15 06:00:00,JELLYJELLYUSDT,SHORT_CONTINUATION,Late Runner,720,15.5748,18.9103,-14.0332,-5.0631,-9.4485,15.5748,15.5748,1.0,12.0,False,False,-4.3854,underperformer
short_2026-06-15T060000_GENIUSUSDT,short,2026-06-15 06:00:00,GENIUSUSDT,SHORT_CONTINUATION,Fake Breakout,645,2.3932,3.9744,-2.0513,-4.4231,-1.3675,0.5556,0.5556,0.8958,12.0,False,False,3.0556,underperformer
short_2026-06-15T080000_LABUSDT,short,2026-06-15 08:00:00,LABUSDT,SHORT_CONTINUATION,Late Runner,555,17.0112,17.977,-15.4016,2.6686,11.0556,15.9692,15.9692,0.7708,12.0,False,True,8.387,loser_2h_runner_6h
short_2026-06-15T080000_OPGUSDT,short,2026-06-15 08:00:00,OPGUSDT,SHORT_CONTINUATION,Continuous Trend,480,40.5423,42.4698,-39.2682,0.9801,27.6707,32.4077,32.4077,0.6667,12.0,False,True,26.6906,loser_2h_runner_6h
short_2026-06-15T080000_OPNUSDT,short,2026-06-15 08:00:00,OPNUSDT,SHORT_CONTINUATION,Delayed Breakout,555,4.878,5.3659,-4.6341,-0.6098,3.7805,2.1951,2.1951,0.7708,12.0,False,True,4.3903,loser_2h_runner_6h
short_2026-06-15T080000_BASEDUSDT,short,2026-06-15 08:00:00,BASEDUSDT,SHORT_CONTINUATION,Unclassified,15,1.8516,2.3728,-1.5773,-0.4389,-1.975,-7.6944,-7.6944,0.0208,12.0,False,False,-1.5361,underperformer
short_2026-06-15T080000_JELLYJELLYUSDT,short,2026-06-15 08:00:00,JELLYJELLYUSDT,SHORT_CONTINUATION,Late Runner,615,21.6872,23.3897,-20.0483,-0.4574,-5.8442,20.1118,20.1118,0.8542,12.0,False,False,-5.3868,underperformer
short_2026-06-15T100000_OPGUSDT,short,2026-06-15 10:00:00,OPGUSDT,SHORT_CONTINUATION,Slow Trend,360,39.4343,41.3977,-38.1364,18.203,39.4343,36.406,36.406,0.5,12.0,True,True,21.2313,sustained_winner
short_2026-06-15T100000_HUSDT,short,2026-06-15 10:00:00,HUSDT,SHORT_CONTINUATION,Late Runner,675,37.0276,50.8946,-32.0295,6.9409,12.2016,28.1054,28.1054,0.9375,12.0,True,True,5.2607,sustained_winner
short_2026-06-15T100000_LABUSDT,short,2026-06-15 10:00:00,LABUSDT,SHORT_CONTINUATION,Late Runner,675,15.5965,16.3264,-14.606,7.6809,8.1849,12.9029,12.9029,0.9375,12.0,True,True,0.504,sustained_winner
short_2026-06-15T100000_FOLKSUSDT,short,2026-06-15 10:00:00,FOLKSUSDT,SHORT_CONTINUATION,Fake Breakout,240,4.1759,4.3987,-3.0624,2.6169,-1.1136,-1.4477,-1.4477,0.3333,12.0,False,False,-3.7305,underperformer
short_2026-06-15T100000_JELLYJELLYUSDT,short,2026-06-15 10:00:00,JELLYJELLYUSDT,SHORT_CONTINUATION,V-Reversal,495,24.3031,25.9487,-23.7382,-1.1421,7.049,22.8908,22.8908,0.6875,12.0,False,True,8.1911,loser_2h_runner_6h
short_2026-06-15T120000_OPGUSDT,short,2026-06-15 12:00:00,OPGUSDT,SHORT_CONTINUATION,Late Runner,720,29.2065,30.162,-25.8413,8.0183,23.2655,29.2065,29.2065,1.0,12.0,True,True,15.2472,sustained_winner
short_2026-06-15T120000_LABUSDT,short,2026-06-15 12:00:00,LABUSDT,SHORT_CONTINUATION,Late Runner,555,9.2319,10.0168,-8.1667,1.8968,6.653,6.98,6.98,0.7708,12.0,False,True,4.7562,loser_2h_runner_6h
short_2026-06-15T120000_BEATUSDT,short,2026-06-15 12:00:00,BEATUSDT,SHORT_CONTINUATION,Late Runner,705,27.5982,29.9335,-26.3513,-2.8019,20.0438,25.8627,25.8627,0.9792,12.0,False,True,22.8457,loser_2h_runner_6h
short_2026-06-15T120000_CLOUSDT,short,2026-06-15 12:00:00,CLOUSDT,SHORT_CONTINUATION,Fake Breakout,15,3.6216,8.221,-0.2037,-0.3259,-2.8232,-2.6317,-2.6317,0.0208,12.0,False,False,-2.4973,underperformer
short_2026-06-15T120000_AIOUSDT,short,2026-06-15 12:00:00,AIOUSDT,SHORT_CONTINUATION,Delayed Breakout,525,10.0761,11.954,-7.4206,0.6949,-1.0589,4.9636,4.9636,0.7292,12.0,False,False,-1.7538,underperformer
short_2026-06-15T140000_HUSDT,short,2026-06-15 14:00:00,HUSDT,SHORT_CONTINUATION,Late Runner,630,29.6463,44.8864,-25.4361,1.4593,9.4076,26.929,26.929,0.875,12.0,False,True,7.9483,loser_2h_runner_6h
short_2026-06-15T140000_EVAAUSDT,short,2026-06-15 14:00:00,EVAAUSDT,SHORT_CONTINUATION,Fake Breakout,60,11.0994,22.4091,-7.0423,6.5377,-5.0452,-18.9195,-18.9195,0.0833,12.0,True,False,-11.5829,winner_2h_fade_6h
short_2026-06-15T140000_AKTUSDT,short,2026-06-15 14:00:00,AKTUSDT,SHORT_CONTINUATION,Late Runner,570,8.7039,9.0369,-7.6932,0.1902,3.9477,6.0404,6.0404,0.7917,12.0,False,True,3.7575,loser_2h_runner_6h
short_2026-06-15T140000_AIOTUSDT,short,2026-06-15 14:00:00,AIOTUSDT,SHORT_CONTINUATION,Fake Breakout,45,2.2712,3.3122,-1.8927,0.7706,-1.3249,-2.2982,-2.2982,0.0625,12.0,False,False,-2.0955,underperformer
short_2026-06-15T140000_OPENUSDT,short,2026-06-15 14:00:00,OPENUSDT,SHORT_CONTINUATION,Late Runner,585,7.1486,9.8795,-6.4659,3.6948,3.5341,6.7871,6.7871,0.8125,12.0,True,True,-0.1607,sustained_winner
short_2026-06-15T160000_JELLYJELLYUSDT,short,2026-06-15 16:00:00,JELLYJELLYUSDT,SHORT_CONTINUATION,Late Runner,585,33.6038,34.9886,-33.0304,31.2669,32.0675,27.9671,27.9671,0.8125,12.0,True,True,0.8006,sustained_winner
short_2026-06-15T160000_GWEIUSDT,short,2026-06-15 16:00:00,GWEIUSDT,SHORT_CONTINUATION,Unclassified,60,16.3712,17.3621,-15.2265,12.3215,8.6965,10.1982,10.1982,0.0833,12.0,True,True,-3.625,sustained_winner
short_2026-06-15T160000_BEATUSDT,short,2026-06-15 16:00:00,BEATUSDT,SHORT_CONTINUATION,Late Runner,570,31.6461,32.2983,-29.5736,19.415,22.8728,25.5333,25.5333,0.7917,12.0,True,True,3.4578,sustained_winner
short_2026-06-15T160000_BSBUSDT,short,2026-06-15 16:00:00,BSBUSDT,SHORT_CONTINUATION,Fake Breakout,225,5.7403,7.9947,-2.3553,0.8837,-24.4329,-27.2161,-27.2161,0.3125,12.0,False,False,-25.3166,underperformer
short_2026-06-15T160000_JTOUSDT,short,2026-06-15 16:00:00,JTOUSDT,SHORT_CONTINUATION,Unclassified,45,2.1148,2.7377,-1.0984,-0.0,-7.5574,-27.6557,-27.6557,0.0625,12.0,False,False,-7.5574,underperformer
short_2026-06-15T180000_AIOUSDT,short,2026-06-15 18:00:00,AIOUSDT,SHORT_CONTINUATION,Slow Trend,165,11.8696,13.7101,-9.2671,6.2834,6.8591,6.6483,6.6483,0.2292,12.0,True,True,0.5757,sustained_winner
short_2026-06-15T180000_GRASSUSDT,short,2026-06-15 18:00:00,GRASSUSDT,SHORT_CONTINUATION,Unclassified,105,5.3838,5.9096,-4.0589,3.1546,0.673,1.409,1.409,0.1458,12.0,True,False,-2.4816,winner_2h_fade_6h
short_2026-06-15T180000_AKTUSDT,short,2026-06-15 18:00:00,AKTUSDT,SHORT_CONTINUATION,Fake Breakout,330,8.8665,9.1988,-7.8576,4.1187,6.2552,0.3798,0.3798,0.4583,12.0,True,True,2.1365,sustained_winner
short_2026-06-15T180000_DASHUSDT,short,2026-06-15 18:00:00,DASHUSDT,SHORT_CONTINUATION,Unclassified,30,2.2076,3.0449,-1.8777,0.3299,-0.7612,2.0553,2.0553,0.0417,12.0,False,False,-1.0911,underperformer
short_2026-06-15T180000_PARTIUSDT,short,2026-06-15 18:00:00,PARTIUSDT,SHORT_CONTINUATION,Delayed Breakout,705,3.3524,3.7346,-2.9008,0.3648,1.8412,3.1614,3.1614,0.9792,12.0,False,False,1.4764,underperformer
short_2026-06-15T200000_HUSDT,short,2026-06-15 20:00:00,HUSDT,SHORT_CONTINUATION,Late Runner,600,48.1309,50.0645,-46.9412,20.9809,28.443,45.2118,45.2118,0.8333,12.0,True,True,7.4621,sustained_winner
short_2026-06-15T200000_EVAAUSDT,short,2026-06-15 20:00:00,EVAAUSDT,SHORT_CONTINUATION,Fake Breakout,45,10.833,26.9687,-8.4092,0.7717,-11.9311,-23.2786,-23.2786,0.0625,12.0,False,False,-12.7028,underperformer
short_2026-06-15T200000_AIOUSDT,short,2026-06-15 20:00:00,AIOUSDT,SHORT_CONTINUATION,Fake Breakout,45,7.2526,9.1894,-4.5137,3.0717,1.8771,-0.9386,-0.9386,0.0625,12.0,True,False,-1.1946,winner_2h_fade_6h
short_2026-06-15T200000_MAGMAUSDT,short,2026-06-15 20:00:00,MAGMAUSDT,SHORT_CONTINUATION,Immediate Explosion,30,9.1883,12.9563,-6.901,2.4932,6.2097,3.2801,3.2801,0.0417,12.0,False,True,3.7165,loser_2h_runner_6h
short_2026-06-15T200000_BTWUSDT,short,2026-06-15 20:00:00,BTWUSDT,SHORT_CONTINUATION,Late Runner,570,7.3451,9.09,-6.154,4.4405,5.6003,3.2598,3.2598,0.7917,12.0,True,True,1.1598,sustained_winner
short_2026-06-15T220000_EVAAUSDT,short,2026-06-15 22:00:00,EVAAUSDT,SHORT_CONTINUATION,Fake Breakout,45,8.6662,25.3514,-6.3808,0.627,-25.7862,-16.9279,-16.9279,0.0625,12.0,False,False,-26.4132,underperformer
short_2026-06-15T220000_BSBUSDT,short,2026-06-15 22:00:00,BSBUSDT,SHORT_CONTINUATION,Fake Breakout,15,3.7391,7.0925,3.0195,-11.2806,-5.256,-6.1656,-6.1656,0.0208,12.0,False,False,6.0246,underperformer
short_2026-06-15T220000_BTWUSDT,short,2026-06-15 22:00:00,BTWUSDT,SHORT_CONTINUATION,Fake Breakout,450,5.023,6.8116,-3.8021,3.9413,3.3094,-2.4526,-2.4526,0.625,12.0,True,True,-0.6319,sustained_winner
short_2026-06-15T220000_CLOUSDT,short,2026-06-15 22:00:00,CLOUSDT,SHORT_CONTINUATION,Delayed Breakout,465,27.2124,27.9152,-26.0424,1.0876,23.0467,24.1618,24.1618,0.6458,12.0,False,True,21.9591,loser_2h_runner_6h
short_2026-06-15T220000_ARCUSDT,short,2026-06-15 22:00:00,ARCUSDT,SHORT_CONTINUATION,Late Runner,555,2.8669,3.3215,-2.7153,1.0104,0.3284,2.2102,2.2102,0.7708,12.0,False,False,-0.682,underperformer
