signal_id,direction,scan_time_kst,symbol,state_sequence,transition_count,final_state,final_return_pct
long_2026-06-01T000000_币安人生USDT,long,2026-06-01 00:00:00,币安人生USDT,EARLY_BREAKOUT -> ACCELERATION -> WEAK_TREND -> PULLBACK -> REVERSAL -> FAKE_BREAKOUT -> ACCELERATION -> WEAK_TREND -> PULLBACK -> EXHAUSTION -> PULLBACK -> ACCELERATION -> HEALTHY_TREND -> ACCELERATION -> WEAK_TREND -> PULLBACK -> ACCELERATION -> PULLBACK -> ACCELERATION -> PULLBACK -> EXHAUSTION -> PULLBACK -> ACCELERATION -> EXHAUSTION -> ACCELERATION -> EXHAUSTION -> ACCELERATION -> EXHAUSTION -> PULLBACK -> ACCELERATION -> EXHAUSTION -> ACCELERATION -> EXIT,32,ACCELERATION,12.266
long_2026-06-01T000000_ALLOUSDT,long,2026-06-01 00:00:00,ALLOUSDT,EARLY_BREAKOUT -> ACCELERATION -> FAKE_BREAKOUT -> REVERSAL -> FAKE_BREAKOUT -> REVERSAL -> FAKE_BREAKOUT -> REVERSAL -> FAKE_BREAKOUT -> REVERSAL -> FAKE_BREAKOUT -> REVERSAL -> EXIT,12,REVERSAL,-2.1842
long_2026-06-01T000000_INUSDT,long,2026-06-01 00:00:00,INUSDT,EARLY_BREAKOUT -> WEAK_TREND -> ACCELERATION -> HEALTHY_TREND -> ACCELERATION -> PULLBACK -> EXHAUSTION -> PULLBACK -> FAKE_BREAKOUT -> PULLBACK -> ACCELERATION -> PULLBACK -> EXHAUSTION -> FAKE_BREAKOUT -> PULLBACK -> FAKE_BREAKOUT -> ACCELERATION -> FAKE_BREAKOUT -> ACCELERATION -> EXHAUSTION -> FAKE_BREAKOUT -> PULLBACK -> FAKE_BREAKOUT -> ACCELERATION -> EXHAUSTION -> FAKE_BREAKOUT -> ACCELERATION -> FAKE_BREAKOUT -> EXIT,28,FAKE_BREAKOUT,2.9295
long_2026-06-01T000000_FORMUSDT,long,2026-06-01 00:00:00,FORMUSDT,EARLY_BREAKOUT -> ACCELERATION -> WEAK_TREND -> ACCELERATION -> EXHAUSTION -> HEALTHY_TREND -> FAKE_BREAKOUT -> PULLBACK -> EXHAUSTION -> PULLBACK -> ACCELERATION -> EXHAUSTION -> ACCELERATION -> HEALTHY_TREND -> PULLBACK -> ACCELERATION -> WEAK_TREND -> ACCELERATION -> PULLBACK -> HEALTHY_TREND -> EXHAUSTION -> FAKE_BREAKOUT -> ACCELERATION -> PULLBACK -> FAKE_BREAKOUT -> PULLBACK -> FAKE_BREAKOUT -> ACCELERATION -> WEAK_TREND -> ACCELERATION -> HEALTHY_TREND -> WEAK_TREND -> PULLBACK -> FAKE_BREAKOUT -> PULLBACK -> ACCELERATION -> WEAK_TREND -> EXIT,37,WEAK_TREND,2.7424
long_2026-06-01T000000_BILLUSDT,long,2026-06-01 00:00:00,BILLUSDT,EARLY_BREAKOUT -> ACCELERATION -> EARLY_BREAKOUT -> ACCELERATION -> HEALTHY_TREND -> PULLBACK -> ACCELERATION -> WEAK_TREND -> ACCELERATION -> HEALTHY_TREND -> ACCELERATION -> PULLBACK -> ACCELERATION -> PULLBACK -> EXHAUSTION -> PULLBACK -> EXHAUSTION -> PULLBACK -> ACCELERATION -> EXHAUSTION -> PULLBACK -> EXHAUSTION -> PULLBACK -> ACCELERATION -> EXHAUSTION -> ACCELERATION -> EXHAUSTION -> ACCELERATION -> EXHAUSTION -> ACCELERATION -> EXHAUSTION -> ACCELERATION -> PULLBACK -> ACCELERATION -> HEALTHY_TREND -> PULLBACK -> ACCELERATION -> EXIT,37,ACCELERATION,8.0687
short_2026-06-01T000000_AIAUSDT,short,2026-06-01 00:00:00,AIAUSDT,EARLY_BREAKOUT -> ACCELERATION -> HEALTHY_TREND -> PULLBACK -> EXHAUSTION -> PULLBACK -> ACCELERATION -> PULLBACK -> ACCELERATION -> PULLBACK -> ACCELERATION -> PULLBACK -> ACCELERATION -> PULLBACK -> HEALTHY_TREND -> PULLBACK -> ACCELERATION -> PULLBACK -> EXHAUSTION -> FAKE_BREAKOUT -> PULLBACK -> EXHAUSTION -> FAKE_BREAKOUT -> ACCELERATION -> PULLBACK -> ACCELERATION -> WEAK_TREND -> EXIT,27,WEAK_TREND,12.7365
short_2026-06-01T000000_GUAUSDT,short,2026-06-01 00:00:00,GUAUSDT,EARLY_BREAKOUT -> ACCELERATION -> PULLBACK -> ACCELERATION -> PULLBACK -> ACCELERATION -> PULLBACK -> EXHAUSTION -> FAKE_BREAKOUT -> ACCELERATION -> PULLBACK -> ACCELERATION -> EXHAUSTION -> ACCELERATION -> PULLBACK -> ACCELERATION -> HEALTHY_TREND -> WEAK_TREND -> ACCELERATION -> HEALTHY_TREND -> PULLBACK -> EXHAUSTION -> PULLBACK -> EXHAUSTION -> PULLBACK -> ACCELERATION -> PULLBACK -> EXHAUSTION -> ACCELERATION -> PULLBACK -> EXHAUSTION -> ACCELERATION -> EXHAUSTION -> PULLBACK -> EXIT,34,PULLBACK,7.973
short_2026-06-01T000000_COAIUSDT,short,2026-06-01 00:00:00,COAIUSDT,EARLY_BREAKOUT -> ACCELERATION -> WEAK_TREND -> ACCELERATION -> HEALTHY_TREND -> WEAK_TREND -> PULLBACK -> FAKE_BREAKOUT -> REVERSAL -> FAKE_BREAKOUT -> REVERSAL -> FAKE_BREAKOUT -> REVERSAL -> FAKE_BREAKOUT -> REVERSAL -> FAKE_BREAKOUT -> ACCELERATION -> PULLBACK -> FAKE_BREAKOUT -> EXIT,19,FAKE_BREAKOUT,0.6406
short_2026-06-01T000000_PLAYUSDT,short,2026-06-01 00:00:00,PLAYUSDT,EARLY_BREAKOUT -> ACCELERATION -> EARLY_BREAKOUT -> EXHAUSTION -> ACCELERATION -> FAKE_BREAKOUT -> ACCELERATION -> REVERSAL -> FAKE_BREAKOUT -> EXIT,9,FAKE_BREAKOUT,1.3248
short_2026-06-01T000000_MUSDT,short,2026-06-01 00:00:00,MUSDT,EARLY_BREAKOUT -> ACCELERATION -> HEALTHY_TREND -> ACCELERATION -> WEAK_TREND -> ACCELERATION -> WEAK_TREND -> ACCELERATION -> HEALTHY_TREND -> WEAK_TREND -> ACCELERATION -> WEAK_TREND -> HEALTHY_TREND -> ACCELERATION -> WEAK_TREND -> ACCELERATION -> WEAK_TREND -> HEALTHY_TREND -> WEAK_TREND -> HEALTHY_TREND -> PULLBACK -> ACCELERATION -> HEALTHY_TREND -> ACCELERATION -> PULLBACK -> ACCELERATION -> HEALTHY_TREND -> WEAK_TREND -> ACCELERATION -> PULLBACK -> EXHAUSTION -> PULLBACK -> HEALTHY_TREND -> ACCELERATION -> HEALTHY_TREND -> WEAK_TREND -> ACCELERATION -> WEAK_TREND -> EXIT,38,WEAK_TREND,4.8108
long_2026-06-01T020000_STGUSDT,long,2026-06-01 02:00:00,STGUSDT,EARLY_BREAKOUT -> ACCELERATION -> WEAK_TREND -> ACCELERATION -> HEALTHY_TREND -> WEAK_TREND -> ACCELERATION -> PULLBACK -> ACCELERATION -> PULLBACK -> ACCELERATION -> PULLBACK -> ACCELERATION -> HEALTHY_TREND -> PULLBACK -> ACCELERATION -> PULLBACK -> EXHAUSTION -> PULLBACK -> FAKE_BREAKOUT -> PULLBACK -> FAKE_BREAKOUT -> ACCELERATION -> PULLBACK -> ACCELERATION -> PULLBACK -> ACCELERATION -> EXHAUSTION -> EXIT,28,EXHAUSTION,20.2864
long_2026-06-01T020000_币安人生USDT,long,2026-06-01 02:00:00,币安人生USDT,EARLY_BREAKOUT -> ACCELERATION -> WEAK_TREND -> PULLBACK -> ACCELERATION -> HEALTHY_TREND -> ACCELERATION -> WEAK_TREND -> PULLBACK -> ACCELERATION -> PULLBACK -> ACCELERATION -> PULLBACK -> EXHAUSTION -> PULLBACK -> ACCELERATION -> PULLBACK -> EXHAUSTION -> ACCELERATION -> PULLBACK -> EXHAUSTION -> ACCELERATION -> EXHAUSTION -> PULLBACK -> ACCELERATION -> PULLBACK -> ACCELERATION -> PULLBACK -> ACCELERATION -> PULLBACK -> ACCELERATION -> PULLBACK -> EXIT,32,PULLBACK,15.4455
long_2026-06-01T020000_LABUSDT,long,2026-06-01 02:00:00,LABUSDT,EARLY_BREAKOUT -> ACCELERATION -> HEALTHY_TREND -> WEAK_TREND -> EXHAUSTION -> HEALTHY_TREND -> PULLBACK -> ACCELERATION -> HEALTHY_TREND -> EXHAUSTION -> ACCELERATION -> PULLBACK -> ACCELERATION -> PULLBACK -> ACCELERATION -> PULLBACK -> HEALTHY_TREND -> PULLBACK -> ACCELERATION -> PULLBACK -> ACCELERATION -> HEALTHY_TREND -> ACCELERATION -> WEAK_TREND -> FAKE_BREAKOUT -> PULLBACK -> FAKE_BREAKOUT -> ACCELERATION -> PULLBACK -> ACCELERATION -> PULLBACK -> ACCELERATION -> PULLBACK -> ACCELERATION -> PULLBACK -> EXIT,35,PULLBACK,18.2225
long_2026-06-01T020000_GUAUSDT,long,2026-06-01 02:00:00,GUAUSDT,EARLY_BREAKOUT -> ACCELERATION -> HEALTHY_TREND -> PULLBACK -> EXHAUSTION -> PULLBACK -> FAKE_BREAKOUT -> REVERSAL -> ACCELERATION -> FAKE_BREAKOUT -> ACCELERATION -> FAKE_BREAKOUT -> EXIT,12,FAKE_BREAKOUT,2.4457
long_2026-06-01T020000_UBUSDT,long,2026-06-01 02:00:00,UBUSDT,EARLY_BREAKOUT -> ACCELERATION -> EARLY_BREAKOUT -> ACCELERATION -> HEALTHY_TREND -> ACCELERATION -> PULLBACK -> ACCELERATION -> HEALTHY_TREND -> PULLBACK -> ACCELERATION -> HEALTHY_TREND -> PULLBACK -> ACCELERATION -> PULLBACK -> FAKE_BREAKOUT -> REVERSAL -> EXIT,17,REVERSAL,-5.0023
short_2026-06-01T020000_ALLOUSDT,short,2026-06-01 02:00:00,ALLOUSDT,EARLY_BREAKOUT -> PULLBACK -> ACCELERATION -> WEAK_TREND -> ACCELERATION -> HEALTHY_TREND -> EXHAUSTION -> FAKE_BREAKOUT -> REVERSAL -> FAKE_BREAKOUT -> ACCELERATION -> PULLBACK -> EXHAUSTION -> ACCELERATION -> PULLBACK -> ACCELERATION -> PULLBACK -> ACCELERATION -> PULLBACK -> ACCELERATION -> PULLBACK -> ACCELERATION -> PULLBACK -> ACCELERATION -> PULLBACK -> FAKE_BREAKOUT -> PULLBACK -> FAKE_BREAKOUT -> ACCELERATION -> PULLBACK -> EXHAUSTION -> ACCELERATION -> PULLBACK -> FAKE_BREAKOUT -> ACCELERATION -> PULLBACK -> ACCELERATION -> WEAK_TREND -> ACCELERATION -> HEALTHY_TREND -> ACCELERATION -> EXIT,41,ACCELERATION,24.6519
short_2026-06-01T020000_TAUSDT,short,2026-06-01 02:00:00,TAUSDT,EARLY_BREAKOUT -> ACCELERATION -> HEALTHY_TREND -> ACCELERATION -> WEAK_TREND -> ACCELERATION -> HEALTHY_TREND -> WEAK_TREND -> ACCELERATION -> WEAK_TREND -> ACCELERATION -> HEALTHY_TREND -> WEAK_TREND -> ACCELERATION -> HEALTHY_TREND -> ACCELERATION -> HEALTHY_TREND -> WEAK_TREND -> ACCELERATION -> HEALTHY_TREND -> ACCELERATION -> WEAK_TREND -> HEALTHY_TREND -> WEAK_TREND -> ACCELERATION -> PULLBACK -> EXHAUSTION -> ACCELERATION -> PULLBACK -> ACCELERATION -> HEALTHY_TREND -> WEAK_TREND -> PULLBACK -> EXHAUSTION -> FAKE_BREAKOUT -> EXIT,35,FAKE_BREAKOUT,1.7735
short_2026-06-01T020000_GWEIUSDT,short,2026-06-01 02:00:00,GWEIUSDT,EARLY_BREAKOUT -> ACCELERATION -> EARLY_BREAKOUT -> ACCELERATION -> WEAK_TREND -> PULLBACK -> ACCELERATION -> PULLBACK -> EXHAUSTION -> PULLBACK -> EXHAUSTION -> FAKE_BREAKOUT -> PULLBACK -> EXHAUSTION -> ACCELERATION -> EXHAUSTION -> FAKE_BREAKOUT -> PULLBACK -> FAKE_BREAKOUT -> ACCELERATION -> PULLBACK -> EXHAUSTION -> FAKE_BREAKOUT -> ACCELERATION -> EXIT,24,ACCELERATION,2.328
short_2026-06-01T020000_AIAUSDT,short,2026-06-01 02:00:00,AIAUSDT,EARLY_BREAKOUT -> ACCELERATION -> WEAK_TREND -> ACCELERATION -> EXHAUSTION -> FAKE_BREAKOUT -> ACCELERATION -> WEAK_TREND -> HEALTHY_TREND -> PULLBACK -> HEALTHY_TREND -> ACCELERATION -> WEAK_TREND -> FAKE_BREAKOUT -> PULLBACK -> HEALTHY_TREND -> WEAK_TREND -> ACCELERATION -> PULLBACK -> FAKE_BREAKOUT -> PULLBACK -> FAKE_BREAKOUT -> REVERSAL -> ACCELERATION -> FAKE_BREAKOUT -> ACCELERATION -> WEAK_TREND -> HEALTHY_TREND -> ACCELERATION -> PULLBACK -> ACCELERATION -> HEALTHY_TREND -> PULLBACK -> ACCELERATION -> EXIT,34,ACCELERATION,8.9942
short_2026-06-01T020000_NILUSDT,short,2026-06-01 02:00:00,NILUSDT,EARLY_BREAKOUT -> WEAK_TREND -> ACCELERATION -> WEAK_TREND -> ACCELERATION -> HEALTHY_TREND -> ACCELERATION -> HEALTHY_TREND -> WEAK_TREND -> EXHAUSTION -> REVERSAL -> FAKE_BREAKOUT -> REVERSAL -> FAKE_BREAKOUT -> EXIT,14,FAKE_BREAKOUT,0.2778
long_2026-06-01T040000_STGUSDT,long,2026-06-01 04:00:00,STGUSDT,EARLY_BREAKOUT -> PULLBACK -> ACCELERATION -> PULLBACK -> ACCELERATION -> PULLBACK -> ACCELERATION -> HEALTHY_TREND -> WEAK_TREND -> PULLBACK -> ACCELERATION -> PULLBACK -> EXHAUSTION -> FAKE_BREAKOUT -> REVERSAL -> FAKE_BREAKOUT -> ACCELERATION -> FAKE_BREAKOUT -> REVERSAL -> EXIT,19,REVERSAL,-0.1706
long_2026-06-01T040000_LABUSDT,long,2026-06-01 04:00:00,LABUSDT,EARLY_BREAKOUT -> ACCELERATION -> EARLY_BREAKOUT -> FAKE_BREAKOUT -> ACCELERATION -> EXHAUSTION -> ACCELERATION -> PULLBACK -> ACCELERATION -> EXHAUSTION -> HEALTHY_TREND -> PULLBACK -> ACCELERATION -> PULLBACK -> ACCELERATION -> HEALTHY_TREND -> ACCELERATION -> WEAK_TREND -> FAKE_BREAKOUT -> PULLBACK -> EXHAUSTION -> FAKE_BREAKOUT -> ACCELERATION -> EXHAUSTION -> FAKE_BREAKOUT -> ACCELERATION -> PULLBACK -> FAKE_BREAKOUT -> ACCELERATION -> PULLBACK -> ACCELERATION -> PULLBACK -> ACCELERATION -> HEALTHY_TREND -> ACCELERATION -> EXIT,35,ACCELERATION,28.679
long_2026-06-01T040000_ALLOUSDT,long,2026-06-01 04:00:00,ALLOUSDT,EARLY_BREAKOUT -> ACCELERATION -> PULLBACK -> ACCELERATION -> EXHAUSTION -> PULLBACK -> FAKE_BREAKOUT -> ACCELERATION -> PULLBACK -> EXHAUSTION -> ACCELERATION -> FAKE_BREAKOUT -> ACCELERATION -> FAKE_BREAKOUT -> ACCELERATION -> FAKE_BREAKOUT -> REVERSAL -> EXIT,17,REVERSAL,-28.4588
long_2026-06-01T040000_币安人生USDT,long,2026-06-01 04:00:00,币安人生USDT,EARLY_BREAKOUT -> ACCELERATION -> EARLY_BREAKOUT -> ACCELERATION -> WEAK_TREND -> PULLBACK -> ACCELERATION -> PULLBACK -> ACCELERATION -> PULLBACK -> EXHAUSTION -> PULLBACK -> FAKE_BREAKOUT -> ACCELERATION -> FAKE_BREAKOUT -> ACCELERATION -> FAKE_BREAKOUT -> ACCELERATION -> PULLBACK -> ACCELERATION -> PULLBACK -> ACCELERATION -> FAKE_BREAKOUT -> PULLBACK -> EXHAUSTION -> FAKE_BREAKOUT -> ACCELERATION -> EXHAUSTION -> ACCELERATION -> EXHAUSTION -> ACCELERATION -> EXIT,31,ACCELERATION,9.9578
long_2026-06-01T040000_UBUSDT,long,2026-06-01 04:00:00,UBUSDT,EARLY_BREAKOUT -> ACCELERATION -> EARLY_BREAKOUT -> WEAK_TREND -> FAKE_BREAKOUT -> ACCELERATION -> HEALTHY_TREND -> EXHAUSTION -> FAKE_BREAKOUT -> PULLBACK -> FAKE_BREAKOUT -> ACCELERATION -> FAKE_BREAKOUT -> REVERSAL -> FAKE_BREAKOUT -> REVERSAL -> EXIT,16,REVERSAL,-12.0437
short_2026-06-01T040000_ACEUSDT,short,2026-06-01 04:00:00,ACEUSDT,EARLY_BREAKOUT -> ACCELERATION -> WEAK_TREND -> ACCELERATION -> PULLBACK -> FAKE_BREAKOUT -> REVERSAL -> FAKE_BREAKOUT -> REVERSAL -> FAKE_BREAKOUT -> REVERSAL -> EXIT,11,REVERSAL,-0.1705
short_2026-06-01T040000_XLMUSDT,short,2026-06-01 04:00:00,XLMUSDT,EARLY_BREAKOUT -> WEAK_TREND -> ACCELERATION -> WEAK_TREND -> FAKE_BREAKOUT -> PULLBACK -> FAKE_BREAKOUT -> REVERSAL -> EXIT,8,REVERSAL,-5.5182
short_2026-06-01T040000_GUAUSDT,short,2026-06-01 04:00:00,GUAUSDT,EARLY_BREAKOUT -> ACCELERATION -> HEALTHY_TREND -> ACCELERATION -> HEALTHY_TREND -> WEAK_TREND -> ACCELERATION -> HEALTHY_TREND -> PULLBACK -> FAKE_BREAKOUT -> REVERSAL -> EXIT,11,REVERSAL,-3.943
short_2026-06-01T040000_INUSDT,short,2026-06-01 04:00:00,INUSDT,EARLY_BREAKOUT -> ACCELERATION -> WEAK_TREND -> PULLBACK -> ACCELERATION -> HEALTHY_TREND -> WEAK_TREND -> ACCELERATION -> WEAK_TREND -> HEALTHY_TREND -> ACCELERATION -> WEAK_TREND -> ACCELERATION -> WEAK_TREND -> FAKE_BREAKOUT -> PULLBACK -> ACCELERATION -> WEAK_TREND -> PULLBACK -> ACCELERATION -> FAKE_BREAKOUT -> PULLBACK -> HEALTHY_TREND -> WEAK_TREND -> ACCELERATION -> WEAK_TREND -> FAKE_BREAKOUT -> PULLBACK -> HEALTHY_TREND -> EXHAUSTION -> ACCELERATION -> WEAK_TREND -> ACCELERATION -> HEALTHY_TREND -> ACCELERATION -> WEAK_TREND -> ACCELERATION -> WEAK_TREND -> ACCELERATION -> WEAK_TREND -> ACCELERATION -> EXIT,41,ACCELERATION,8.2613
short_2026-06-01T040000_EPICUSDT,short,2026-06-01 04:00:00,EPICUSDT,EARLY_BREAKOUT -> WEAK_TREND -> ACCELERATION -> HEALTHY_TREND -> WEAK_TREND -> REVERSAL -> EXIT,6,REVERSAL,-24.4779
long_2026-06-01T060000_STGUSDT,long,2026-06-01 06:00:00,STGUSDT,EARLY_BREAKOUT -> ACCELERATION -> EARLY_BREAKOUT -> WEAK_TREND -> FAKE_BREAKOUT -> ACCELERATION -> FAKE_BREAKOUT -> PULLBACK -> FAKE_BREAKOUT -> REVERSAL -> EXIT,10,REVERSAL,-23.791
long_2026-06-01T060000_LABUSDT,long,2026-06-01 06:00:00,LABUSDT,EARLY_BREAKOUT -> ACCELERATION -> EXHAUSTION -> ACCELERATION -> FAKE_BREAKOUT -> HEALTHY_TREND -> WEAK_TREND -> ACCELERATION -> PULLBACK -> ACCELERATION -> HEALTHY_TREND -> ACCELERATION -> WEAK_TREND -> FAKE_BREAKOUT -> ACCELERATION -> PULLBACK -> ACCELERATION -> PULLBACK -> ACCELERATION -> HEALTHY_TREND -> ACCELERATION -> PULLBACK -> ACCELERATION -> WEAK_TREND -> ACCELERATION -> WEAK_TREND -> PULLBACK -> ACCELERATION -> HEALTHY_TREND -> EXIT,29,HEALTHY_TREND,45.9876
long_2026-06-01T060000_MYXUSDT,long,2026-06-01 06:00:00,MYXUSDT,EARLY_BREAKOUT -> ACCELERATION -> HEALTHY_TREND -> EARLY_BREAKOUT -> EXHAUSTION -> PULLBACK -> HEALTHY_TREND -> ACCELERATION -> EXHAUSTION -> ACCELERATION -> HEALTHY_TREND -> WEAK_TREND -> ACCELERATION -> EXHAUSTION -> REVERSAL -> FAKE_BREAKOUT -> PULLBACK -> ACCELERATION -> PULLBACK -> EXHAUSTION -> FAKE_BREAKOUT -> PULLBACK -> FAKE_BREAKOUT -> REVERSAL -> FAKE_BREAKOUT -> REVERSAL -> FAKE_BREAKOUT -> ACCELERATION -> FAKE_BREAKOUT -> ACCELERATION -> EXHAUSTION -> FAKE_BREAKOUT -> PULLBACK -> ACCELERATION -> PULLBACK -> ACCELERATION -> PULLBACK -> EXHAUSTION -> EXIT,38,EXHAUSTION,3.3948
long_2026-06-01T060000_LQTYUSDT,long,2026-06-01 06:00:00,LQTYUSDT,EARLY_BREAKOUT -> ACCELERATION -> WEAK_TREND -> ACCELERATION -> WEAK_TREND -> HEALTHY_TREND -> PULLBACK -> HEALTHY_TREND -> EXHAUSTION -> FAKE_BREAKOUT -> REVERSAL -> FAKE_BREAKOUT -> REVERSAL -> FAKE_BREAKOUT -> EXIT,14,FAKE_BREAKOUT,0.5464
long_2026-06-01T060000_HYPEUSDT,long,2026-06-01 06:00:00,HYPEUSDT,EARLY_BREAKOUT -> WEAK_TREND -> ACCELERATION -> HEALTHY_TREND -> ACCELERATION -> HEALTHY_TREND -> ACCELERATION -> WEAK_TREND -> ACCELERATION -> PULLBACK -> ACCELERATION -> WEAK_TREND -> PULLBACK -> ACCELERATION -> PULLBACK -> EXHAUSTION -> PULLBACK -> EXHAUSTION -> ACCELERATION -> PULLBACK -> ACCELERATION -> PULLBACK -> ACCELERATION -> WEAK_TREND -> ACCELERATION -> HEALTHY_TREND -> ACCELERATION -> WEAK_TREND -> ACCELERATION -> HEALTHY_TREND -> PULLBACK -> HEALTHY_TREND -> PULLBACK -> EXHAUSTION -> PULLBACK -> EXHAUSTION -> ACCELERATION -> EXIT,37,ACCELERATION,4.0112
short_2026-06-01T060000_FETUSDT,short,2026-06-01 06:00:00,FETUSDT,EARLY_BREAKOUT -> ACCELERATION -> HEALTHY_TREND -> ACCELERATION -> HEALTHY_TREND -> ACCELERATION -> HEALTHY_TREND -> ACCELERATION -> HEALTHY_TREND -> PULLBACK -> ACCELERATION -> HEALTHY_TREND -> ACCELERATION -> EXHAUSTION -> FAKE_BREAKOUT -> REVERSAL -> FAKE_BREAKOUT -> PULLBACK -> FAKE_BREAKOUT -> ACCELERATION -> EXHAUSTION -> FAKE_BREAKOUT -> ACCELERATION -> FAKE_BREAKOUT -> ACCELERATION -> FAKE_BREAKOUT -> EXIT,26,FAKE_BREAKOUT,0.2134
short_2026-06-01T060000_INITUSDT,short,2026-06-01 06:00:00,INITUSDT,EARLY_BREAKOUT -> ACCELERATION -> WEAK_TREND -> EXHAUSTION -> REVERSAL -> EXIT,5,REVERSAL,-16.6189
short_2026-06-01T060000_ALLOUSDT,short,2026-06-01 06:00:00,ALLOUSDT,EARLY_BREAKOUT -> WEAK_TREND -> ACCELERATION -> WEAK_TREND -> ACCELERATION -> WEAK_TREND -> ACCELERATION -> WEAK_TREND -> ACCELERATION -> EXHAUSTION -> ACCELERATION -> PULLBACK -> REVERSAL -> FAKE_BREAKOUT -> REVERSAL -> FAKE_BREAKOUT -> REVERSAL -> ACCELERATION -> FAKE_BREAKOUT -> REVERSAL -> FAKE_BREAKOUT -> ACCELERATION -> WEAK_TREND -> ACCELERATION -> WEAK_TREND -> ACCELERATION -> HEALTHY_TREND -> ACCELERATION -> HEALTHY_TREND -> ACCELERATION -> PULLBACK -> ACCELERATION -> PULLBACK -> ACCELERATION -> PULLBACK -> ACCELERATION -> HEALTHY_TREND -> PULLBACK -> EXIT,38,PULLBACK,33.3381
short_2026-06-01T060000_UBUSDT,short,2026-06-01 06:00:00,UBUSDT,EARLY_BREAKOUT -> ACCELERATION -> WEAK_TREND -> ACCELERATION -> WEAK_TREND -> ACCELERATION -> WEAK_TREND -> ACCELERATION -> WEAK_TREND -> ACCELERATION -> HEALTHY_TREND -> ACCELERATION -> PULLBACK -> ACCELERATION -> HEALTHY_TREND -> WEAK_TREND -> ACCELERATION -> WEAK_TREND -> PULLBACK -> HEALTHY_TREND -> PULLBACK -> ACCELERATION -> HEALTHY_TREND -> WEAK_TREND -> HEALTHY_TREND -> ACCELERATION -> HEALTHY_TREND -> ACCELERATION -> WEAK_TREND -> ACCELERATION -> PULLBACK -> ACCELERATION -> PULLBACK -> EXIT,33,PULLBACK,12.5013
short_2026-06-01T060000_BSBUSDT,short,2026-06-01 06:00:00,BSBUSDT,EARLY_BREAKOUT -> ACCELERATION -> HEALTHY_TREND -> EXHAUSTION -> REVERSAL -> PULLBACK -> ACCELERATION -> WEAK_TREND -> ACCELERATION -> HEALTHY_TREND -> WEAK_TREND -> ACCELERATION -> WEAK_TREND -> ACCELERATION -> WEAK_TREND -> ACCELERATION -> WEAK_TREND -> ACCELERATION -> HEALTHY_TREND -> ACCELERATION -> WEAK_TREND -> ACCELERATION -> WEAK_TREND -> ACCELERATION -> HEALTHY_TREND -> WEAK_TREND -> PULLBACK -> ACCELERATION -> HEALTHY_TREND -> ACCELERATION -> WEAK_TREND -> ACCELERATION -> WEAK_TREND -> ACCELERATION -> HEALTHY_TREND -> ACCELERATION -> HEALTHY_TREND -> WEAK_TREND -> PULLBACK -> EXIT,39,PULLBACK,11.4821
long_2026-06-01T080000_LABUSDT,long,2026-06-01 08:00:00,LABUSDT,EARLY_BREAKOUT -> FAKE_BREAKOUT -> ACCELERATION -> HEALTHY_TREND -> ACCELERATION -> WEAK_TREND -> REVERSAL -> FAKE_BREAKOUT -> REVERSAL -> FAKE_BREAKOUT -> ACCELERATION -> FAKE_BREAKOUT -> ACCELERATION -> HEALTHY_TREND -> ACCELERATION -> PULLBACK -> ACCELERATION -> WEAK_TREND -> ACCELERATION -> WEAK_TREND -> PULLBACK -> ACCELERATION -> HEALTHY_TREND -> ACCELERATION -> PULLBACK -> ACCELERATION -> HEALTHY_TREND -> ACCELERATION -> HEALTHY_TREND -> PULLBACK -> EXIT,30,PULLBACK,52.3933
long_2026-06-01T080000_AIAUSDT,long,2026-06-01 08:00:00,AIAUSDT,EARLY_BREAKOUT -> ACCELERATION -> WEAK_TREND -> ACCELERATION -> HEALTHY_TREND -> ACCELERATION -> EXHAUSTION -> PULLBACK -> REVERSAL -> FAKE_BREAKOUT -> REVERSAL -> EXIT,11,REVERSAL,-8.4808
long_2026-06-01T080000_SYRUPUSDT,long,2026-06-01 08:00:00,SYRUPUSDT,EARLY_BREAKOUT -> ACCELERATION -> WEAK_TREND -> ACCELERATION -> HEALTHY_TREND -> WEAK_TREND -> ACCELERATION -> PULLBACK -> HEALTHY_TREND -> EXHAUSTION -> PULLBACK -> ACCELERATION -> HEALTHY_TREND -> WEAK_TREND -> HEALTHY_TREND -> PULLBACK -> EXHAUSTION -> PULLBACK -> EXHAUSTION -> FAKE_BREAKOUT -> REVERSAL -> FAKE_BREAKOUT -> REVERSAL -> EXIT,23,REVERSAL,-0.3888
long_2026-06-01T080000_HUSDT,long,2026-06-01 08:00:00,HUSDT,EARLY_BREAKOUT -> REVERSAL -> EARLY_BREAKOUT -> ACCELERATION -> HEALTHY_TREND -> ACCELERATION -> HEALTHY_TREND -> ACCELERATION -> PULLBACK -> ACCELERATION -> PULLBACK -> ACCELERATION -> PULLBACK -> ACCELERATION -> PULLBACK -> ACCELERATION -> PULLBACK -> ACCELERATION -> PULLBACK -> ACCELERATION -> HEALTHY_TREND -> PULLBACK -> ACCELERATION -> PULLBACK -> EXIT,24,PULLBACK,65.1726
long_2026-06-01T080000_ACUUSDT,long,2026-06-01 08:00:00,ACUUSDT,EARLY_BREAKOUT -> ACCELERATION -> WEAK_TREND -> EARLY_BREAKOUT -> ACCELERATION -> HEALTHY_TREND -> EXHAUSTION -> FAKE_BREAKOUT -> PULLBACK -> ACCELERATION -> HEALTHY_TREND -> WEAK_TREND -> EXHAUSTION -> PULLBACK -> FAKE_BREAKOUT -> ACCELERATION -> FAKE_BREAKOUT -> ACCELERATION -> PULLBACK -> ACCELERATION -> PULLBACK -> ACCELERATION -> HEALTHY_TREND -> EXHAUSTION -> FAKE_BREAKOUT -> ACCELERATION -> HEALTHY_TREND -> EXHAUSTION -> ACCELERATION -> PULLBACK -> EXHAUSTION -> ACCELERATION -> EXHAUSTION -> PULLBACK -> EXIT,34,PULLBACK,6.9086
short_2026-06-01T080000_LITUSDT,short,2026-06-01 08:00:00,LITUSDT,EARLY_BREAKOUT -> WEAK_TREND -> ACCELERATION -> WEAK_TREND -> ACCELERATION -> WEAK_TREND -> ACCELERATION -> HEALTHY_TREND -> WEAK_TREND -> ACCELERATION -> PULLBACK -> ACCELERATION -> PULLBACK -> ACCELERATION -> PULLBACK -> ACCELERATION -> HEALTHY_TREND -> ACCELERATION -> HEALTHY_TREND -> WEAK_TREND -> ACCELERATION -> WEAK_TREND -> ACCELERATION -> WEAK_TREND -> PULLBACK -> ACCELERATION -> HEALTHY_TREND -> WEAK_TREND -> ACCELERATION -> PULLBACK -> ACCELERATION -> HEALTHY_TREND -> ACCELERATION -> WEAK_TREND -> PULLBACK -> EXIT,35,PULLBACK,11.3154
short_2026-06-01T080000_STGUSDT,short,2026-06-01 08:00:00,STGUSDT,EARLY_BREAKOUT -> REVERSAL -> ACCELERATION -> EARLY_BREAKOUT -> HEALTHY_TREND -> ACCELERATION -> HEALTHY_TREND -> WEAK_TREND -> ACCELERATION -> HEALTHY_TREND -> PULLBACK -> EXHAUSTION -> FAKE_BREAKOUT -> ACCELERATION -> PULLBACK -> ACCELERATION -> PULLBACK -> ACCELERATION -> PULLBACK -> ACCELERATION -> PULLBACK -> ACCELERATION -> PULLBACK -> ACCELERATION -> WEAK_TREND -> ACCELERATION -> HEALTHY_TREND -> ACCELERATION -> HEALTHY_TREND -> WEAK_TREND -> ACCELERATION -> HEALTHY_TREND -> WEAK_TREND -> PULLBACK -> EXIT,34,PULLBACK,25.6801
short_2026-06-01T080000_GRASSUSDT,short,2026-06-01 08:00:00,GRASSUSDT,EARLY_BREAKOUT -> ACCELERATION -> WEAK_TREND -> ACCELERATION -> HEALTHY_TREND -> ACCELERATION -> HEALTHY_TREND -> ACCELERATION -> HEALTHY_TREND -> ACCELERATION -> WEAK_TREND -> PULLBACK -> ACCELERATION -> WEAK_TREND -> ACCELERATION -> HEALTHY_TREND -> ACCELERATION -> HEALTHY_TREND -> ACCELERATION -> WEAK_TREND -> ACCELERATION -> HEALTHY_TREND -> ACCELERATION -> WEAK_TREND -> ACCELERATION -> WEAK_TREND -> ACCELERATION -> WEAK_TREND -> PULLBACK -> HEALTHY_TREND -> WEAK_TREND -> EXIT,31,WEAK_TREND,11.8607
short_2026-06-01T080000_BSBUSDT,short,2026-06-01 08:00:00,BSBUSDT,EARLY_BREAKOUT -> WEAK_TREND -> ACCELERATION -> HEALTHY_TREND -> WEAK_TREND -> ACCELERATION -> WEAK_TREND -> ACCELERATION -> WEAK_TREND -> ACCELERATION -> WEAK_TREND -> ACCELERATION -> HEALTHY_TREND -> ACCELERATION -> WEAK_TREND -> ACCELERATION -> WEAK_TREND -> ACCELERATION -> HEALTHY_TREND -> WEAK_TREND -> PULLBACK -> ACCELERATION -> HEALTHY_TREND -> ACCELERATION -> WEAK_TREND -> ACCELERATION -> WEAK_TREND -> ACCELERATION -> HEALTHY_TREND -> ACCELERATION -> HEALTHY_TREND -> WEAK_TREND -> PULLBACK -> ACCELERATION -> HEALTHY_TREND -> WEAK_TREND -> EXIT,36,WEAK_TREND,13.3521
short_2026-06-01T080000_SKYAIUSDT,short,2026-06-01 08:00:00,SKYAIUSDT,EARLY_BREAKOUT -> ACCELERATION -> HEALTHY_TREND -> WEAK_TREND -> ACCELERATION -> HEALTHY_TREND -> ACCELERATION -> WEAK_TREND -> HEALTHY_TREND -> ACCELERATION -> HEALTHY_TREND -> WEAK_TREND -> ACCELERATION -> HEALTHY_TREND -> WEAK_TREND -> ACCELERATION -> WEAK_TREND -> ACCELERATION -> WEAK_TREND -> ACCELERATION -> PULLBACK -> HEALTHY_TREND -> ACCELERATION -> HEALTHY_TREND -> WEAK_TREND -> PULLBACK -> HEALTHY_TREND -> WEAK_TREND -> PULLBACK -> HEALTHY_TREND -> PULLBACK -> ACCELERATION -> EXIT,32,ACCELERATION,5.5311
long_2026-06-01T100000_HUSDT,long,2026-06-01 10:00:00,HUSDT,EARLY_BREAKOUT -> ACCELERATION -> PULLBACK -> ACCELERATION -> PULLBACK -> FAKE_BREAKOUT -> PULLBACK -> FAKE_BREAKOUT -> ACCELERATION -> FAKE_BREAKOUT -> ACCELERATION -> PULLBACK -> FAKE_BREAKOUT -> ACCELERATION -> PULLBACK -> ACCELERATION -> PULLBACK -> ACCELERATION -> HEALTHY_TREND -> PULLBACK -> ACCELERATION -> PULLBACK -> ACCELERATION -> PULLBACK -> ACCELERATION -> WEAK_TREND -> PULLBACK -> EXIT,27,PULLBACK,53.8605
long_2026-06-01T100000_FFUSDT,long,2026-06-01 10:00:00,FFUSDT,EARLY_BREAKOUT -> ACCELERATION -> WEAK_TREND -> ACCELERATION -> WEAK_TREND -> ACCELERATION -> WEAK_TREND -> ACCELERATION -> PULLBACK -> HEALTHY_TREND -> WEAK_TREND -> ACCELERATION -> HEALTHY_TREND -> PULLBACK -> ACCELERATION -> PULLBACK -> ACCELERATION -> PULLBACK -> ACCELERATION -> PULLBACK -> ACCELERATION -> PULLBACK -> EXIT,22,PULLBACK,10.3872
long_2026-06-01T100000_PLAYUSDT,long,2026-06-01 10:00:00,PLAYUSDT,EARLY_BREAKOUT -> ACCELERATION -> FAKE_BREAKOUT -> REVERSAL -> ACCELERATION -> REVERSAL -> EXIT,6,REVERSAL,-15.9063
long_2026-06-01T100000_STARUSDT,long,2026-06-01 10:00:00,STARUSDT,EARLY_BREAKOUT -> REVERSAL -> ACCELERATION -> EARLY_BREAKOUT -> WEAK_TREND -> ACCELERATION -> FAKE_BREAKOUT -> PULLBACK -> HEALTHY_TREND -> WEAK_TREND -> PULLBACK -> ACCELERATION -> FAKE_BREAKOUT -> PULLBACK -> ACCELERATION -> HEALTHY_TREND -> ACCELERATION -> WEAK_TREND -> PULLBACK -> EXHAUSTION -> PULLBACK -> ACCELERATION -> PULLBACK -> ACCELERATION -> WEAK_TREND -> PULLBACK -> REVERSAL -> EXIT,27,REVERSAL,-1.0165
long_2026-06-01T100000_COLLECTUSDT,long,2026-06-01 10:00:00,COLLECTUSDT,EARLY_BREAKOUT -> WEAK_TREND -> ACCELERATION -> HEALTHY_TREND -> ACCELERATION -> HEALTHY_TREND -> PULLBACK -> EXHAUSTION -> FAKE_BREAKOUT -> REVERSAL -> FAKE_BREAKOUT -> REVERSAL -> FAKE_BREAKOUT -> ACCELERATION -> EXHAUSTION -> FAKE_BREAKOUT -> ACCELERATION -> HEALTHY_TREND -> ACCELERATION -> EXIT,19,ACCELERATION,7.5967
short_2026-06-01T100000_LABUSDT,short,2026-06-01 10:00:00,LABUSDT,EARLY_BREAKOUT -> ACCELERATION -> PULLBACK -> ACCELERATION -> PULLBACK -> FAKE_BREAKOUT -> PULLBACK -> FAKE_BREAKOUT -> REVERSAL -> EXIT,9,REVERSAL,-40.2054
short_2026-06-01T100000_UBUSDT,short,2026-06-01 10:00:00,UBUSDT,EARLY_BREAKOUT -> ACCELERATION -> PULLBACK -> ACCELERATION -> PULLBACK -> EXHAUSTION -> HEALTHY_TREND -> PULLBACK -> ACCELERATION -> HEALTHY_TREND -> WEAK_TREND -> HEALTHY_TREND -> ACCELERATION -> HEALTHY_TREND -> ACCELERATION -> WEAK_TREND -> ACCELERATION -> PULLBACK -> EXHAUSTION -> PULLBACK -> EXHAUSTION -> PULLBACK -> ACCELERATION -> FAKE_BREAKOUT -> PULLBACK -> FAKE_BREAKOUT -> PULLBACK -> FAKE_BREAKOUT -> ACCELERATION -> FAKE_BREAKOUT -> ACCELERATION -> FAKE_BREAKOUT -> EXIT,32,FAKE_BREAKOUT,2.7565
short_2026-06-01T100000_STGUSDT,short,2026-06-01 10:00:00,STGUSDT,EARLY_BREAKOUT -> WEAK_TREND -> ACCELERATION -> EARLY_BREAKOUT -> EXHAUSTION -> FAKE_BREAKOUT -> PULLBACK -> REVERSAL -> FAKE_BREAKOUT -> ACCELERATION -> EXHAUSTION -> PULLBACK -> FAKE_BREAKOUT -> ACCELERATION -> PULLBACK -> ACCELERATION -> WEAK_TREND -> ACCELERATION -> HEALTHY_TREND -> ACCELERATION -> HEALTHY_TREND -> WEAK_TREND -> ACCELERATION -> HEALTHY_TREND -> WEAK_TREND -> PULLBACK -> HEALTHY_TREND -> PULLBACK -> HEALTHY_TREND -> PULLBACK -> EXIT,30,PULLBACK,16.6902
short_2026-06-01T100000_PUNDIXUSDT,short,2026-06-01 10:00:00,PUNDIXUSDT,EARLY_BREAKOUT -> WEAK_TREND -> PULLBACK -> ACCELERATION -> PULLBACK -> HEALTHY_TREND -> PULLBACK -> EXHAUSTION -> PULLBACK -> ACCELERATION -> HEALTHY_TREND -> WEAK_TREND -> ACCELERATION -> HEALTHY_TREND -> ACCELERATION -> HEALTHY_TREND -> ACCELERATION -> PULLBACK -> ACCELERATION -> HEALTHY_TREND -> WEAK_TREND -> ACCELERATION -> HEALTHY_TREND -> WEAK_TREND -> HEALTHY_TREND -> WEAK_TREND -> ACCELERATION -> WEAK_TREND -> HEALTHY_TREND -> WEAK_TREND -> ACCELERATION -> WEAK_TREND -> PULLBACK -> HEALTHY_TREND -> ACCELERATION -> EXIT,35,ACCELERATION,6.4295
short_2026-06-01T100000_ALLOUSDT,short,2026-06-01 10:00:00,ALLOUSDT,EARLY_BREAKOUT -> ACCELERATION -> PULLBACK -> ACCELERATION -> WEAK_TREND -> FAKE_BREAKOUT -> ACCELERATION -> WEAK_TREND -> ACCELERATION -> WEAK_TREND -> ACCELERATION -> HEALTHY_TREND -> ACCELERATION -> HEALTHY_TREND -> ACCELERATION -> PULLBACK -> ACCELERATION -> PULLBACK -> ACCELERATION -> PULLBACK -> ACCELERATION -> HEALTHY_TREND -> PULLBACK -> ACCELERATION -> WEAK_TREND -> PULLBACK -> HEALTHY_TREND -> PULLBACK -> EXIT,28,PULLBACK,35.2046
long_2026-06-01T120000_CLOUSDT,long,2026-06-01 12:00:00,CLOUSDT,EARLY_BREAKOUT -> ACCELERATION -> HEALTHY_TREND -> ACCELERATION -> PULLBACK -> ACCELERATION -> HEALTHY_TREND -> ACCELERATION -> PULLBACK -> ACCELERATION -> PULLBACK -> EXHAUSTION -> PULLBACK -> ACCELERATION -> HEALTHY_TREND -> ACCELERATION -> PULLBACK -> ACCELERATION -> HEALTHY_TREND -> ACCELERATION -> PULLBACK -> ACCELERATION -> HEALTHY_TREND -> WEAK_TREND -> PULLBACK -> ACCELERATION -> PULLBACK -> ACCELERATION -> PULLBACK -> EXIT,29,PULLBACK,23.2807
long_2026-06-01T120000_STGUSDT,long,2026-06-01 12:00:00,STGUSDT,EARLY_BREAKOUT -> ACCELERATION -> HEALTHY_TREND -> WEAK_TREND -> ACCELERATION -> FAKE_BREAKOUT -> REVERSAL -> EXIT,7,REVERSAL,-11.4865
long_2026-06-01T120000_WLDUSDT,long,2026-06-01 12:00:00,WLDUSDT,EARLY_BREAKOUT -> ACCELERATION -> EXHAUSTION -> ACCELERATION -> WEAK_TREND -> EXHAUSTION -> ACCELERATION -> WEAK_TREND -> ACCELERATION -> WEAK_TREND -> FAKE_BREAKOUT -> REVERSAL -> FAKE_BREAKOUT -> ACCELERATION -> HEALTHY_TREND -> FAKE_BREAKOUT -> REVERSAL -> FAKE_BREAKOUT -> REVERSAL -> FAKE_BREAKOUT -> REVERSAL -> FAKE_BREAKOUT -> REVERSAL -> EXIT,23,REVERSAL,-1.2905
long_2026-06-01T120000_USELESSUSDT,long,2026-06-01 12:00:00,USELESSUSDT,EARLY_BREAKOUT -> ACCELERATION -> WEAK_TREND -> ACCELERATION -> WEAK_TREND -> REVERSAL -> PULLBACK -> FAKE_BREAKOUT -> ACCELERATION -> EXHAUSTION -> ACCELERATION -> EXHAUSTION -> HEALTHY_TREND -> REVERSAL -> FAKE_BREAKOUT -> REVERSAL -> FAKE_BREAKOUT -> ACCELERATION -> FAKE_BREAKOUT -> REVERSAL -> FAKE_BREAKOUT -> REVERSAL -> EXIT,22,REVERSAL,-2.3825
long_2026-06-01T120000_ORDIUSDT,long,2026-06-01 12:00:00,ORDIUSDT,EARLY_BREAKOUT -> ACCELERATION -> WEAK_TREND -> FAKE_BREAKOUT -> REVERSAL -> FAKE_BREAKOUT -> REVERSAL -> FAKE_BREAKOUT -> REVERSAL -> FAKE_BREAKOUT -> REVERSAL -> FAKE_BREAKOUT -> ACCELERATION -> WEAK_TREND -> FAKE_BREAKOUT -> REVERSAL -> FAKE_BREAKOUT -> PULLBACK -> FAKE_BREAKOUT -> REVERSAL -> FAKE_BREAKOUT -> EXIT,21,FAKE_BREAKOUT,0.8343
short_2026-06-01T120000_PLAYUSDT,short,2026-06-01 12:00:00,PLAYUSDT,EARLY_BREAKOUT -> ACCELERATION -> PULLBACK -> ACCELERATION -> FAKE_BREAKOUT -> REVERSAL -> HEALTHY_TREND -> PULLBACK -> EXHAUSTION -> FAKE_BREAKOUT -> ACCELERATION -> EXHAUSTION -> ACCELERATION -> FAKE_BREAKOUT -> PULLBACK -> ACCELERATION -> PULLBACK -> EXHAUSTION -> ACCELERATION -> HEALTHY_TREND -> ACCELERATION -> WEAK_TREND -> ACCELERATION -> WEAK_TREND -> ACCELERATION -> WEAK_TREND -> ACCELERATION -> PULLBACK -> HEALTHY_TREND -> PULLBACK -> ACCELERATION -> HEALTHY_TREND -> WEAK_TREND -> PULLBACK -> HEALTHY_TREND -> EXIT,35,HEALTHY_TREND,13.7656
short_2026-06-01T120000_HUSDT,short,2026-06-01 12:00:00,HUSDT,EARLY_BREAKOUT -> ACCELERATION -> EARLY_BREAKOUT -> EXHAUSTION -> ACCELERATION -> FAKE_BREAKOUT -> REVERSAL -> ACCELERATION -> FAKE_BREAKOUT -> ACCELERATION -> FAKE_BREAKOUT -> REVERSAL -> ACCELERATION -> FAKE_BREAKOUT -> REVERSAL -> EXIT,15,REVERSAL,-10.7424
short_2026-06-01T120000_ICNTUSDT,short,2026-06-01 12:00:00,ICNTUSDT,EARLY_BREAKOUT -> ACCELERATION -> WEAK_TREND -> ACCELERATION -> PULLBACK -> HEALTHY_TREND -> WEAK_TREND -> EXHAUSTION -> PULLBACK -> ACCELERATION -> WEAK_TREND -> ACCELERATION -> HEALTHY_TREND -> WEAK_TREND -> ACCELERATION -> EXHAUSTION -> PULLBACK -> EXHAUSTION -> ACCELERATION -> EXHAUSTION -> PULLBACK -> FAKE_BREAKOUT -> ACCELERATION -> WEAK_TREND -> ACCELERATION -> WEAK_TREND -> ACCELERATION -> PULLBACK -> ACCELERATION -> HEALTHY_TREND -> REVERSAL -> FAKE_BREAKOUT -> EXIT,32,FAKE_BREAKOUT,0.2913
short_2026-06-01T120000_FFUSDT,short,2026-06-01 12:00:00,FFUSDT,EARLY_BREAKOUT -> REVERSAL -> WEAK_TREND -> ACCELERATION -> PULLBACK -> REVERSAL -> FAKE_BREAKOUT -> ACCELERATION -> EXHAUSTION -> REVERSAL -> FAKE_BREAKOUT -> PULLBACK -> HEALTHY_TREND -> FAKE_BREAKOUT -> REVERSAL -> FAKE_BREAKOUT -> REVERSAL -> FAKE_BREAKOUT -> REVERSAL -> FAKE_BREAKOUT -> REVERSAL -> ACCELERATION -> HEALTHY_TREND -> ACCELERATION -> WEAK_TREND -> HEALTHY_TREND -> WEAK_TREND -> FAKE_BREAKOUT -> PULLBACK -> HEALTHY_TREND -> ACCELERATION -> PULLBACK -> EXIT,32,PULLBACK,2.065
short_2026-06-01T120000_COLLECTUSDT,short,2026-06-01 12:00:00,COLLECTUSDT,EARLY_BREAKOUT -> ACCELERATION -> WEAK_TREND -> ACCELERATION -> HEALTHY_TREND -> ACCELERATION -> HEALTHY_TREND -> WEAK_TREND -> HEALTHY_TREND -> WEAK_TREND -> HEALTHY_TREND -> PULLBACK -> ACCELERATION -> PULLBACK -> ACCELERATION -> PULLBACK -> EXHAUSTION -> PULLBACK -> FAKE_BREAKOUT -> REVERSAL -> FAKE_BREAKOUT -> REVERSAL -> FAKE_BREAKOUT -> EXIT,23,FAKE_BREAKOUT,1.2189
long_2026-06-01T140000_EPICUSDT,long,2026-06-01 14:00:00,EPICUSDT,EARLY_BREAKOUT -> PULLBACK -> ACCELERATION -> PULLBACK -> ACCELERATION -> FAKE_BREAKOUT -> HEALTHY_TREND -> ACCELERATION -> PULLBACK -> EXHAUSTION -> ACCELERATION -> PULLBACK -> ACCELERATION -> PULLBACK -> ACCELERATION -> WEAK_TREND -> ACCELERATION -> PULLBACK -> ACCELERATION -> HEALTHY_TREND -> WEAK_TREND -> ACCELERATION -> HEALTHY_TREND -> ACCELERATION -> HEALTHY_TREND -> PULLBACK -> ACCELERATION -> PULLBACK -> EXHAUSTION -> ACCELERATION -> PULLBACK -> ACCELERATION -> PULLBACK -> ACCELERATION -> PULLBACK -> ACCELERATION -> HEALTHY_TREND -> WEAK_TREND -> ACCELERATION -> WEAK_TREND -> ACCELERATION -> PULLBACK -> ACCELERATION -> EXIT,43,ACCELERATION,34.1492
long_2026-06-01T140000_GUAUSDT,long,2026-06-01 14:00:00,GUAUSDT,EARLY_BREAKOUT -> ACCELERATION -> HEALTHY_TREND -> WEAK_TREND -> ACCELERATION -> HEALTHY_TREND -> PULLBACK -> ACCELERATION -> HEALTHY_TREND -> PULLBACK -> ACCELERATION -> WEAK_TREND -> PULLBACK -> ACCELERATION -> PULLBACK -> ACCELERATION -> PULLBACK -> ACCELERATION -> PULLBACK -> ACCELERATION -> PULLBACK -> ACCELERATION -> HEALTHY_TREND -> PULLBACK -> ACCELERATION -> HEALTHY_TREND -> PULLBACK -> ACCELERATION -> WEAK_TREND -> ACCELERATION -> WEAK_TREND -> PULLBACK -> FAKE_BREAKOUT -> REVERSAL -> EXIT,34,REVERSAL,-6.1713
long_2026-06-01T140000_PLAYUSDT,long,2026-06-01 14:00:00,PLAYUSDT,EARLY_BREAKOUT -> ACCELERATION -> EARLY_BREAKOUT -> HEALTHY_TREND -> ACCELERATION -> PULLBACK -> FAKE_BREAKOUT -> PULLBACK -> FAKE_BREAKOUT -> ACCELERATION -> PULLBACK -> FAKE_BREAKOUT -> REVERSAL -> FAKE_BREAKOUT -> EXIT,14,FAKE_BREAKOUT,0.4114
long_2026-06-01T140000_BANUSDT,long,2026-06-01 14:00:00,BANUSDT,EARLY_BREAKOUT -> ACCELERATION -> EARLY_BREAKOUT -> ACCELERATION -> HEALTHY_TREND -> ACCELERATION -> HEALTHY_TREND -> WEAK_TREND -> ACCELERATION -> HEALTHY_TREND -> PULLBACK -> EXHAUSTION -> PULLBACK -> ACCELERATION -> PULLBACK -> FAKE_BREAKOUT -> REVERSAL -> FAKE_BREAKOUT -> REVERSAL -> FAKE_BREAKOUT -> EXIT,20,FAKE_BREAKOUT,0.1618
long_2026-06-01T140000_LABUSDT,long,2026-06-01 14:00:00,LABUSDT,EARLY_BREAKOUT -> ACCELERATION -> EARLY_BREAKOUT -> ACCELERATION -> PULLBACK -> ACCELERATION -> HEALTHY_TREND -> ACCELERATION -> PULLBACK -> ACCELERATION -> WEAK_TREND -> ACCELERATION -> WEAK_TREND -> PULLBACK -> ACCELERATION -> HEALTHY_TREND -> ACCELERATION -> PULLBACK -> ACCELERATION -> HEALTHY_TREND -> ACCELERATION -> HEALTHY_TREND -> PULLBACK -> EXHAUSTION -> PULLBACK -> ACCELERATION -> PULLBACK -> ACCELERATION -> PULLBACK -> ACCELERATION -> PULLBACK -> ACCELERATION -> HEALTHY_TREND -> PULLBACK -> ACCELERATION -> WEAK_TREND -> PULLBACK -> EXIT,37,PULLBACK,61.7239
short_2026-06-01T140000_HUSDT,short,2026-06-01 14:00:00,HUSDT,EARLY_BREAKOUT -> PULLBACK -> ACCELERATION -> EXHAUSTION -> FAKE_BREAKOUT -> REVERSAL -> ACCELERATION -> FAKE_BREAKOUT -> REVERSAL -> FAKE_BREAKOUT -> PULLBACK -> HEALTHY_TREND -> ACCELERATION -> HEALTHY_TREND -> ACCELERATION -> EXIT,15,ACCELERATION,16.0771
short_2026-06-01T140000_AIAUSDT,short,2026-06-01 14:00:00,AIAUSDT,EARLY_BREAKOUT -> ACCELERATION -> EARLY_BREAKOUT -> WEAK_TREND -> ACCELERATION -> HEALTHY_TREND -> WEAK_TREND -> ACCELERATION -> WEAK_TREND -> ACCELERATION -> WEAK_TREND -> EXHAUSTION -> PULLBACK -> EXHAUSTION -> FAKE_BREAKOUT -> ACCELERATION -> FAKE_BREAKOUT -> ACCELERATION -> FAKE_BREAKOUT -> PULLBACK -> ACCELERATION -> PULLBACK -> EXHAUSTION -> PULLBACK -> ACCELERATION -> WEAK_TREND -> PULLBACK -> FAKE_BREAKOUT -> REVERSAL -> EXIT,29,REVERSAL,-3.6063
short_2026-06-01T140000_BEATUSDT,short,2026-06-01 14:00:00,BEATUSDT,EARLY_BREAKOUT -> WEAK_TREND -> ACCELERATION -> EARLY_BREAKOUT -> WEAK_TREND -> ACCELERATION -> HEALTHY_TREND -> ACCELERATION -> WEAK_TREND -> PULLBACK -> HEALTHY_TREND -> PULLBACK -> ACCELERATION -> PULLBACK -> ACCELERATION -> HEALTHY_TREND -> WEAK_TREND -> ACCELERATION -> HEALTHY_TREND -> WEAK_TREND -> ACCELERATION -> WEAK_TREND -> PULLBACK -> ACCELERATION -> HEALTHY_TREND -> WEAK_TREND -> ACCELERATION -> WEAK_TREND -> HEALTHY_TREND -> PULLBACK -> HEALTHY_TREND -> PULLBACK -> ACCELERATION -> PULLBACK -> EXIT,34,PULLBACK,11.8163
short_2026-06-01T140000_SPORTFUNUSDT,short,2026-06-01 14:00:00,SPORTFUNUSDT,EARLY_BREAKOUT -> ACCELERATION -> EARLY_BREAKOUT -> HEALTHY_TREND -> WEAK_TREND -> PULLBACK -> EXHAUSTION -> FAKE_BREAKOUT -> PULLBACK -> EXHAUSTION -> FAKE_BREAKOUT -> REVERSAL -> FAKE_BREAKOUT -> REVERSAL -> FAKE_BREAKOUT -> REVERSAL -> FAKE_BREAKOUT -> ACCELERATION -> PULLBACK -> EXHAUSTION -> FAKE_BREAKOUT -> ACCELERATION -> WEAK_TREND -> PULLBACK -> EXIT,24,PULLBACK,2.8705
short_2026-06-01T140000_EDENUSDT,short,2026-06-01 14:00:00,EDENUSDT,EARLY_BREAKOUT -> ACCELERATION -> WEAK_TREND -> ACCELERATION -> HEALTHY_TREND -> ACCELERATION -> FAKE_BREAKOUT -> PULLBACK -> ACCELERATION -> PULLBACK -> ACCELERATION -> HEALTHY_TREND -> WEAK_TREND -> ACCELERATION -> WEAK_TREND -> ACCELERATION -> HEALTHY_TREND -> WEAK_TREND -> ACCELERATION -> WEAK_TREND -> HEALTHY_TREND -> ACCELERATION -> PULLBACK -> HEALTHY_TREND -> WEAK_TREND -> ACCELERATION -> WEAK_TREND -> ACCELERATION -> WEAK_TREND -> ACCELERATION -> WEAK_TREND -> ACCELERATION -> HEALTHY_TREND -> WEAK_TREND -> ACCELERATION -> WEAK_TREND -> HEALTHY_TREND -> EXIT,37,HEALTHY_TREND,7.411
long_2026-06-01T160000_AERGOUSDT,long,2026-06-01 16:00:00,AERGOUSDT,EARLY_BREAKOUT -> ACCELERATION -> PULLBACK -> ACCELERATION -> HEALTHY_TREND -> ACCELERATION -> WEAK_TREND -> ACCELERATION -> HEALTHY_TREND -> PULLBACK -> ACCELERATION -> PULLBACK -> ACCELERATION -> EXHAUSTION -> PULLBACK -> FAKE_BREAKOUT -> PULLBACK -> FAKE_BREAKOUT -> EXIT,18,FAKE_BREAKOUT,8.6553
long_2026-06-01T160000_LABUSDT,long,2026-06-01 16:00:00,LABUSDT,EARLY_BREAKOUT -> FAKE_BREAKOUT -> ACCELERATION -> WEAK_TREND -> ACCELERATION -> WEAK_TREND -> PULLBACK -> ACCELERATION -> HEALTHY_TREND -> ACCELERATION -> PULLBACK -> ACCELERATION -> HEALTHY_TREND -> ACCELERATION -> HEALTHY_TREND -> PULLBACK -> EXHAUSTION -> PULLBACK -> ACCELERATION -> PULLBACK -> ACCELERATION -> PULLBACK -> ACCELERATION -> PULLBACK -> ACCELERATION -> HEALTHY_TREND -> PULLBACK -> ACCELERATION -> WEAK_TREND -> PULLBACK -> ACCELERATION -> PULLBACK -> ACCELERATION -> PULLBACK -> EXIT,34,PULLBACK,46.0263
long_2026-06-01T160000_EPICUSDT,long,2026-06-01 16:00:00,EPICUSDT,EARLY_BREAKOUT -> FAKE_BREAKOUT -> ACCELERATION -> PULLBACK -> ACCELERATION -> WEAK_TREND -> ACCELERATION -> PULLBACK -> ACCELERATION -> HEALTHY_TREND -> WEAK_TREND -> ACCELERATION -> HEALTHY_TREND -> ACCELERATION -> HEALTHY_TREND -> PULLBACK -> ACCELERATION -> PULLBACK -> EXHAUSTION -> FAKE_BREAKOUT -> ACCELERATION -> PULLBACK -> ACCELERATION -> PULLBACK -> ACCELERATION -> PULLBACK -> ACCELERATION -> HEALTHY_TREND -> WEAK_TREND -> ACCELERATION -> WEAK_TREND -> ACCELERATION -> PULLBACK -> ACCELERATION -> PULLBACK -> ACCELERATION -> PULLBACK -> ACCELERATION -> PULLBACK -> EXIT,39,PULLBACK,25.2823
long_2026-06-01T160000_MYXUSDT,long,2026-06-01 16:00:00,MYXUSDT,EARLY_BREAKOUT -> ACCELERATION -> EARLY_BREAKOUT -> ACCELERATION -> PULLBACK -> EXHAUSTION -> FAKE_BREAKOUT -> PULLBACK -> FAKE_BREAKOUT -> ACCELERATION -> EXHAUSTION -> PULLBACK -> ACCELERATION -> HEALTHY_TREND -> PULLBACK -> ACCELERATION -> HEALTHY_TREND -> PULLBACK -> ACCELERATION -> PULLBACK -> ACCELERATION -> PULLBACK -> ACCELERATION -> PULLBACK -> ACCELERATION -> PULLBACK -> ACCELERATION -> PULLBACK -> ACCELERATION -> WEAK_TREND -> ACCELERATION -> PULLBACK -> EXIT,32,PULLBACK,11.9048
long_2026-06-01T160000_币安人生USDT,long,2026-06-01 16:00:00,币安人生USDT,EARLY_BREAKOUT -> ACCELERATION -> EARLY_BREAKOUT -> EXHAUSTION -> ACCELERATION -> FAKE_BREAKOUT -> REVERSAL -> ACCELERATION -> HEALTHY_TREND -> ACCELERATION -> REVERSAL -> FAKE_BREAKOUT -> REVERSAL -> FAKE_BREAKOUT -> REVERSAL -> EXIT,15,REVERSAL,-5.232
short_2026-06-01T160000_VICUSDT,short,2026-06-01 16:00:00,VICUSDT,EARLY_BREAKOUT -> REVERSAL -> ACCELERATION -> HEALTHY_TREND -> REVERSAL -> ACCELERATION -> HEALTHY_TREND -> ACCELERATION -> HEALTHY_TREND -> WEAK_TREND -> ACCELERATION -> WEAK_TREND -> PULLBACK -> ACCELERATION -> PULLBACK -> FAKE_BREAKOUT -> REVERSAL -> FAKE_BREAKOUT -> REVERSAL -> EXIT,19,REVERSAL,-1.9754
short_2026-06-01T160000_ACUUSDT,short,2026-06-01 16:00:00,ACUUSDT,EARLY_BREAKOUT -> ACCELERATION -> HEALTHY_TREND -> ACCELERATION -> WEAK_TREND -> PULLBACK -> EXHAUSTION -> FAKE_BREAKOUT -> REVERSAL -> FAKE_BREAKOUT -> ACCELERATION -> FAKE_BREAKOUT -> REVERSAL -> FAKE_BREAKOUT -> REVERSAL -> FAKE_BREAKOUT -> ACCELERATION -> EXHAUSTION -> FAKE_BREAKOUT -> REVERSAL -> ACCELERATION -> FAKE_BREAKOUT -> ACCELERATION -> PULLBACK -> EXHAUSTION -> PULLBACK -> ACCELERATION -> HEALTHY_TREND -> EXHAUSTION -> EXIT,29,EXHAUSTION,3.2218
short_2026-06-01T160000_WALUSDT,short,2026-06-01 16:00:00,WALUSDT,EARLY_BREAKOUT -> ACCELERATION -> HEALTHY_TREND -> ACCELERATION -> HEALTHY_TREND -> WEAK_TREND -> PULLBACK -> HEALTHY_TREND -> WEAK_TREND -> ACCELERATION -> HEALTHY_TREND -> WEAK_TREND -> HEALTHY_TREND -> ACCELERATION -> HEALTHY_TREND -> ACCELERATION -> HEALTHY_TREND -> ACCELERATION -> WEAK_TREND -> ACCELERATION -> HEALTHY_TREND -> WEAK_TREND -> ACCELERATION -> HEALTHY_TREND -> ACCELERATION -> WEAK_TREND -> PULLBACK -> HEALTHY_TREND -> PULLBACK -> ACCELERATION -> PULLBACK -> EXIT,31,PULLBACK,6.6197
short_2026-06-01T160000_XLMUSDT,short,2026-06-01 16:00:00,XLMUSDT,EARLY_BREAKOUT -> ACCELERATION -> EARLY_BREAKOUT -> PULLBACK -> ACCELERATION -> HEALTHY_TREND -> WEAK_TREND -> HEALTHY_TREND -> PULLBACK -> EXHAUSTION -> FAKE_BREAKOUT -> PULLBACK -> FAKE_BREAKOUT -> ACCELERATION -> PULLBACK -> ACCELERATION -> WEAK_TREND -> ACCELERATION -> HEALTHY_TREND -> PULLBACK -> EXHAUSTION -> PULLBACK -> EXHAUSTION -> PULLBACK -> ACCELERATION -> PULLBACK -> EXHAUSTION -> EXIT,27,EXHAUSTION,5.0612
short_2026-06-01T160000_HUSDT,short,2026-06-01 16:00:00,HUSDT,EARLY_BREAKOUT -> ACCELERATION -> EXHAUSTION -> ACCELERATION -> FAKE_BREAKOUT -> REVERSAL -> FAKE_BREAKOUT -> HEALTHY_TREND -> ACCELERATION -> HEALTHY_TREND -> ACCELERATION -> FAKE_BREAKOUT -> ACCELERATION -> PULLBACK -> FAKE_BREAKOUT -> EXIT,15,FAKE_BREAKOUT,1.9795
long_2026-06-01T180000_LABUSDT,long,2026-06-01 18:00:00,LABUSDT,EARLY_BREAKOUT -> ACCELERATION -> PULLBACK -> ACCELERATION -> HEALTHY_TREND -> ACCELERATION -> HEALTHY_TREND -> EXHAUSTION -> PULLBACK -> FAKE_BREAKOUT -> ACCELERATION -> PULLBACK -> ACCELERATION -> EXHAUSTION -> ACCELERATION -> PULLBACK -> ACCELERATION -> HEALTHY_TREND -> PULLBACK -> ACCELERATION -> WEAK_TREND -> PULLBACK -> ACCELERATION -> PULLBACK -> HEALTHY_TREND -> ACCELERATION -> PULLBACK -> ACCELERATION -> EXIT,28,ACCELERATION,25.6301
long_2026-06-01T180000_CLOUSDT,long,2026-06-01 18:00:00,CLOUSDT,EARLY_BREAKOUT -> ACCELERATION -> EARLY_BREAKOUT -> ACCELERATION -> PULLBACK -> ACCELERATION -> HEALTHY_TREND -> WEAK_TREND -> PULLBACK -> EXHAUSTION -> PULLBACK -> EXHAUSTION -> PULLBACK -> EXHAUSTION -> ACCELERATION -> EXHAUSTION -> PULLBACK -> ACCELERATION -> EXHAUSTION -> ACCELERATION -> PULLBACK -> ACCELERATION -> PULLBACK -> ACCELERATION -> EXHAUSTION -> PULLBACK -> ACCELERATION -> EXHAUSTION -> PULLBACK -> EXHAUSTION -> PULLBACK -> ACCELERATION -> EXHAUSTION -> ACCELERATION -> PULLBACK -> ACCELERATION -> PULLBACK -> ACCELERATION -> PULLBACK -> EXIT,39,PULLBACK,8.8656
long_2026-06-01T180000_EPICUSDT,long,2026-06-01 18:00:00,EPICUSDT,EARLY_BREAKOUT -> WEAK_TREND -> ACCELERATION -> PULLBACK -> ACCELERATION -> HEALTHY_TREND -> WEAK_TREND -> ACCELERATION -> HEALTHY_TREND -> ACCELERATION -> HEALTHY_TREND -> EXHAUSTION -> ACCELERATION -> EXHAUSTION -> PULLBACK -> FAKE_BREAKOUT -> ACCELERATION -> PULLBACK -> ACCELERATION -> PULLBACK -> ACCELERATION -> PULLBACK -> ACCELERATION -> HEALTHY_TREND -> WEAK_TREND -> ACCELERATION -> WEAK_TREND -> ACCELERATION -> PULLBACK -> ACCELERATION -> PULLBACK -> ACCELERATION -> PULLBACK -> ACCELERATION -> PULLBACK -> ACCELERATION -> PULLBACK -> ACCELERATION -> EXIT,38,ACCELERATION,22.2798
long_2026-06-01T180000_HUSDT,long,2026-06-01 18:00:00,HUSDT,EARLY_BREAKOUT -> ACCELERATION -> PULLBACK -> FAKE_BREAKOUT -> ACCELERATION -> PULLBACK -> EXHAUSTION -> PULLBACK -> FAKE_BREAKOUT -> ACCELERATION -> PULLBACK -> ACCELERATION -> WEAK_TREND -> PULLBACK -> ACCELERATION -> PULLBACK -> ACCELERATION -> PULLBACK -> FAKE_BREAKOUT -> REVERSAL -> EXIT,20,REVERSAL,-3.3118
long_2026-06-01T180000_JTOUSDT,long,2026-06-01 18:00:00,JTOUSDT,EARLY_BREAKOUT -> ACCELERATION -> EARLY_BREAKOUT -> PULLBACK -> ACCELERATION -> HEALTHY_TREND -> ACCELERATION -> PULLBACK -> ACCELERATION -> EXHAUSTION -> PULLBACK -> HEALTHY_TREND -> PULLBACK -> ACCELERATION -> PULLBACK -> ACCELERATION -> PULLBACK -> ACCELERATION -> HEALTHY_TREND -> PULLBACK -> ACCELERATION -> HEALTHY_TREND -> ACCELERATION -> WEAK_TREND -> ACCELERATION -> PULLBACK -> EXHAUSTION -> PULLBACK -> EXHAUSTION -> EXIT,29,EXHAUSTION,9.7136
short_2026-06-01T180000_币安人生USDT,short,2026-06-01 18:00:00,币安人生USDT,EARLY_BREAKOUT -> WEAK_TREND -> REVERSAL -> ACCELERATION -> EXHAUSTION -> ACCELERATION -> HEALTHY_TREND -> ACCELERATION -> PULLBACK -> ACCELERATION -> HEALTHY_TREND -> PULLBACK -> EXHAUSTION -> FAKE_BREAKOUT -> PULLBACK -> EXHAUSTION -> ACCELERATION -> HEALTHY_TREND -> PULLBACK -> ACCELERATION -> PULLBACK -> EXHAUSTION -> PULLBACK -> EXHAUSTION -> PULLBACK -> EXHAUSTION -> PULLBACK -> ACCELERATION -> PULLBACK -> ACCELERATION -> PULLBACK -> ACCELERATION -> PULLBACK -> ACCELERATION -> EXIT,34,ACCELERATION,9.0713
short_2026-06-01T180000_BANUSDT,short,2026-06-01 18:00:00,BANUSDT,EARLY_BREAKOUT -> ACCELERATION -> EARLY_BREAKOUT -> PULLBACK -> ACCELERATION -> HEALTHY_TREND -> ACCELERATION -> HEALTHY_TREND -> WEAK_TREND -> HEALTHY_TREND -> WEAK_TREND -> HEALTHY_TREND -> PULLBACK -> ACCELERATION -> HEALTHY_TREND -> WEAK_TREND -> ACCELERATION -> WEAK_TREND -> ACCELERATION -> WEAK_TREND -> HEALTHY_TREND -> ACCELERATION -> WEAK_TREND -> ACCELERATION -> WEAK_TREND -> HEALTHY_TREND -> WEAK_TREND -> HEALTHY_TREND -> WEAK_TREND -> HEALTHY_TREND -> ACCELERATION -> PULLBACK -> EXIT,32,PULLBACK,4.6101
short_2026-06-01T180000_PHAROSUSDT,short,2026-06-01 18:00:00,PHAROSUSDT,EARLY_BREAKOUT -> ACCELERATION -> WEAK_TREND -> ACCELERATION -> HEALTHY_TREND -> WEAK_TREND -> HEALTHY_TREND -> ACCELERATION -> HEALTHY_TREND -> ACCELERATION -> WEAK_TREND -> ACCELERATION -> HEALTHY_TREND -> ACCELERATION -> WEAK_TREND -> PULLBACK -> EXHAUSTION -> PULLBACK -> FAKE_BREAKOUT -> REVERSAL -> EXIT,20,REVERSAL,-3.3344
short_2026-06-01T180000_AIOTUSDT,short,2026-06-01 18:00:00,AIOTUSDT,EARLY_BREAKOUT -> ACCELERATION -> WEAK_TREND -> FAKE_BREAKOUT -> PULLBACK -> HEALTHY_TREND -> PULLBACK -> EXHAUSTION -> PULLBACK -> REVERSAL -> EXIT,10,REVERSAL,-8.302
short_2026-06-01T180000_INITUSDT,short,2026-06-01 18:00:00,INITUSDT,EARLY_BREAKOUT -> ACCELERATION -> PULLBACK -> WEAK_TREND -> ACCELERATION -> HEALTHY_TREND -> ACCELERATION -> PULLBACK -> ACCELERATION -> HEALTHY_TREND -> WEAK_TREND -> PULLBACK -> ACCELERATION -> HEALTHY_TREND -> ACCELERATION -> WEAK_TREND -> ACCELERATION -> PULLBACK -> ACCELERATION -> WEAK_TREND -> ACCELERATION -> HEALTHY_TREND -> WEAK_TREND -> ACCELERATION -> WEAK_TREND -> HEALTHY_TREND -> ACCELERATION -> HEALTHY_TREND -> WEAK_TREND -> HEALTHY_TREND -> ACCELERATION -> WEAK_TREND -> ACCELERATION -> EXIT,33,ACCELERATION,13.8502
long_2026-06-01T200000_MYXUSDT,long,2026-06-01 20:00:00,MYXUSDT,EARLY_BREAKOUT -> ACCELERATION -> EARLY_BREAKOUT -> HEALTHY_TREND -> PULLBACK -> ACCELERATION -> HEALTHY_TREND -> PULLBACK -> ACCELERATION -> PULLBACK -> EXHAUSTION -> ACCELERATION -> PULLBACK -> ACCELERATION -> PULLBACK -> ACCELERATION -> PULLBACK -> ACCELERATION -> PULLBACK -> ACCELERATION -> WEAK_TREND -> ACCELERATION -> PULLBACK -> ACCELERATION -> PULLBACK -> ACCELERATION -> HEALTHY_TREND -> WEAK_TREND -> ACCELERATION -> HEALTHY_TREND -> PULLBACK -> EXIT,31,PULLBACK,21.9267
long_2026-06-01T200000_SIRENUSDT,long,2026-06-01 20:00:00,SIRENUSDT,EARLY_BREAKOUT -> ACCELERATION -> EARLY_BREAKOUT -> FAKE_BREAKOUT -> ACCELERATION -> PULLBACK -> FAKE_BREAKOUT -> ACCELERATION -> HEALTHY_TREND -> ACCELERATION -> HEALTHY_TREND -> PULLBACK -> ACCELERATION -> EXHAUSTION -> PULLBACK -> ACCELERATION -> PULLBACK -> ACCELERATION -> PULLBACK -> ACCELERATION -> PULLBACK -> ACCELERATION -> WEAK_TREND -> PULLBACK -> HEALTHY_TREND -> PULLBACK -> ACCELERATION -> PULLBACK -> EXHAUSTION -> PULLBACK -> EXHAUSTION -> PULLBACK -> EXHAUSTION -> PULLBACK -> EXHAUSTION -> PULLBACK -> FAKE_BREAKOUT -> PULLBACK -> FAKE_BREAKOUT -> EXIT,39,FAKE_BREAKOUT,7.1608
long_2026-06-01T200000_币安人生USDT,long,2026-06-01 20:00:00,币安人生USDT,EARLY_BREAKOUT -> WEAK_TREND -> ACCELERATION -> WEAK_TREND -> ACCELERATION -> HEALTHY_TREND -> EXHAUSTION -> FAKE_BREAKOUT -> PULLBACK -> ACCELERATION -> FAKE_BREAKOUT -> REVERSAL -> FAKE_BREAKOUT -> ACCELERATION -> EXHAUSTION -> ACCELERATION -> EXHAUSTION -> ACCELERATION -> EXHAUSTION -> FAKE_BREAKOUT -> REVERSAL -> EXIT,21,REVERSAL,-4.0253
long_2026-06-01T200000_BUSDT,long,2026-06-01 20:00:00,BUSDT,EARLY_BREAKOUT -> WEAK_TREND -> ACCELERATION -> WEAK_TREND -> EXHAUSTION -> REVERSAL -> ACCELERATION -> REVERSAL -> EXIT,8,REVERSAL,-1.4168
long_2026-06-01T200000_AERGOUSDT,long,2026-06-01 20:00:00,AERGOUSDT,EARLY_BREAKOUT -> ACCELERATION -> HEALTHY_TREND -> EXHAUSTION -> FAKE_BREAKOUT -> REVERSAL -> FAKE_BREAKOUT -> REVERSAL -> EXIT,8,REVERSAL,-5.0333
short_2026-06-01T200000_HEIUSDT,short,2026-06-01 20:00:00,HEIUSDT,EARLY_BREAKOUT -> WEAK_TREND -> ACCELERATION -> WEAK_TREND -> ACCELERATION -> HEALTHY_TREND -> ACCELERATION -> PULLBACK -> EXHAUSTION -> PULLBACK -> ACCELERATION -> PULLBACK -> ACCELERATION -> PULLBACK -> ACCELERATION -> HEALTHY_TREND -> PULLBACK -> ACCELERATION -> WEAK_TREND -> ACCELERATION -> PULLBACK -> HEALTHY_TREND -> ACCELERATION -> WEAK_TREND -> ACCELERATION -> HEALTHY_TREND -> WEAK_TREND -> ACCELERATION -> WEAK_TREND -> ACCELERATION -> WEAK_TREND -> ACCELERATION -> HEALTHY_TREND -> WEAK_TREND -> ACCELERATION -> HEALTHY_TREND -> WEAK_TREND -> ACCELERATION -> WEAK_TREND -> ACCELERATION -> EXIT,40,ACCELERATION,18.3196
short_2026-06-01T200000_LABUSDT,short,2026-06-01 20:00:00,LABUSDT,EARLY_BREAKOUT -> ACCELERATION -> EARLY_BREAKOUT -> PULLBACK -> FAKE_BREAKOUT -> REVERSAL -> FAKE_BREAKOUT -> REVERSAL -> EXIT,8,REVERSAL,-13.8071
short_2026-06-01T200000_FFUSDT,short,2026-06-01 20:00:00,FFUSDT,EARLY_BREAKOUT -> ACCELERATION -> WEAK_TREND -> HEALTHY_TREND -> WEAK_TREND -> FAKE_BREAKOUT -> PULLBACK -> HEALTHY_TREND -> ACCELERATION -> PULLBACK -> ACCELERATION -> WEAK_TREND -> ACCELERATION -> WEAK_TREND -> PULLBACK -> HEALTHY_TREND -> ACCELERATION -> HEALTHY_TREND -> ACCELERATION -> HEALTHY_TREND -> WEAK_TREND -> ACCELERATION -> WEAK_TREND -> HEALTHY_TREND -> WEAK_TREND -> ACCELERATION -> HEALTHY_TREND -> ACCELERATION -> WEAK_TREND -> HEALTHY_TREND -> WEAK_TREND -> HEALTHY_TREND -> WEAK_TREND -> EXIT,33,WEAK_TREND,4.0869
short_2026-06-01T200000_INITUSDT,short,2026-06-01 20:00:00,INITUSDT,EARLY_BREAKOUT -> FAKE_BREAKOUT -> ACCELERATION -> HEALTHY_TREND -> WEAK_TREND -> EXHAUSTION -> ACCELERATION -> HEALTHY_TREND -> ACCELERATION -> WEAK_TREND -> ACCELERATION -> PULLBACK -> ACCELERATION -> WEAK_TREND -> ACCELERATION -> HEALTHY_TREND -> WEAK_TREND -> ACCELERATION -> WEAK_TREND -> HEALTHY_TREND -> ACCELERATION -> HEALTHY_TREND -> WEAK_TREND -> HEALTHY_TREND -> ACCELERATION -> WEAK_TREND -> ACCELERATION -> WEAK_TREND -> ACCELERATION -> HEALTHY_TREND -> WEAK_TREND -> ACCELERATION -> WEAK_TREND -> EXIT,33,WEAK_TREND,10.1882
short_2026-06-01T200000_MOVRUSDT,short,2026-06-01 20:00:00,MOVRUSDT,EARLY_BREAKOUT -> ACCELERATION -> EARLY_BREAKOUT -> WEAK_TREND -> ACCELERATION -> PULLBACK -> ACCELERATION -> WEAK_TREND -> HEALTHY_TREND -> WEAK_TREND -> ACCELERATION -> HEALTHY_TREND -> WEAK_TREND -> PULLBACK -> HEALTHY_TREND -> WEAK_TREND -> ACCELERATION -> WEAK_TREND -> PULLBACK -> HEALTHY_TREND -> PULLBACK -> EXHAUSTION -> PULLBACK -> EXHAUSTION -> ACCELERATION -> PULLBACK -> ACCELERATION -> PULLBACK -> ACCELERATION -> WEAK_TREND -> ACCELERATION -> HEALTHY_TREND -> WEAK_TREND -> ACCELERATION -> WEAK_TREND -> EXIT,35,WEAK_TREND,5.5399
long_2026-06-01T220000_SIRENUSDT,long,2026-06-01 22:00:00,SIRENUSDT,EARLY_BREAKOUT -> ACCELERATION -> EARLY_BREAKOUT -> PULLBACK -> ACCELERATION -> EXHAUSTION -> PULLBACK -> ACCELERATION -> PULLBACK -> ACCELERATION -> PULLBACK -> ACCELERATION -> PULLBACK -> ACCELERATION -> WEAK_TREND -> PULLBACK -> HEALTHY_TREND -> PULLBACK -> ACCELERATION -> PULLBACK -> EXHAUSTION -> PULLBACK -> EXHAUSTION -> PULLBACK -> EXHAUSTION -> PULLBACK -> EXHAUSTION -> PULLBACK -> FAKE_BREAKOUT -> EXIT,29,FAKE_BREAKOUT,5.177
long_2026-06-01T220000_EPICUSDT,long,2026-06-01 22:00:00,EPICUSDT,EARLY_BREAKOUT -> ACCELERATION -> HEALTHY_TREND -> ACCELERATION -> WEAK_TREND -> PULLBACK -> ACCELERATION -> PULLBACK -> ACCELERATION -> HEALTHY_TREND -> WEAK_TREND -> ACCELERATION -> WEAK_TREND -> ACCELERATION -> EXHAUSTION -> ACCELERATION -> PULLBACK -> ACCELERATION -> PULLBACK -> ACCELERATION -> PULLBACK -> ACCELERATION -> PULLBACK -> ACCELERATION -> PULLBACK -> ACCELERATION -> HEALTHY_TREND -> ACCELERATION -> HEALTHY_TREND -> ACCELERATION -> PULLBACK -> EXHAUSTION -> PULLBACK -> EXHAUSTION -> EXIT,34,EXHAUSTION,10.4236
long_2026-06-01T220000_SKYAIUSDT,long,2026-06-01 22:00:00,SKYAIUSDT,EARLY_BREAKOUT -> ACCELERATION -> EARLY_BREAKOUT -> ACCELERATION -> HEALTHY_TREND -> ACCELERATION -> WEAK_TREND -> ACCELERATION -> HEALTHY_TREND -> PULLBACK -> ACCELERATION -> HEALTHY_TREND -> PULLBACK -> ACCELERATION -> PULLBACK -> ACCELERATION -> PULLBACK -> ACCELERATION -> PULLBACK -> ACCELERATION -> PULLBACK -> ACCELERATION -> PULLBACK -> EXIT,23,PULLBACK,15.4286
long_2026-06-01T220000_HEIUSDT,long,2026-06-01 22:00:00,HEIUSDT,EARLY_BREAKOUT -> ACCELERATION -> EARLY_BREAKOUT -> PULLBACK -> FAKE_BREAKOUT -> REVERSAL -> EXIT,6,REVERSAL,-10.4878
long_2026-06-01T220000_BANUSDT,long,2026-06-01 22:00:00,BANUSDT,EARLY_BREAKOUT -> WEAK_TREND -> ACCELERATION -> HEALTHY_TREND -> WEAK_TREND -> REVERSAL -> ACCELERATION -> REVERSAL -> ACCELERATION -> REVERSAL -> EXIT,10,REVERSAL,-2.9756
short_2026-06-01T220000_VICUSDT,short,2026-06-01 22:00:00,VICUSDT,EARLY_BREAKOUT -> ACCELERATION -> HEALTHY_TREND -> ACCELERATION -> HEALTHY_TREND -> WEAK_TREND -> ACCELERATION -> WEAK_TREND -> PULLBACK -> ACCELERATION -> PULLBACK -> EXHAUSTION -> FAKE_BREAKOUT -> PULLBACK -> EXHAUSTION -> FAKE_BREAKOUT -> ACCELERATION -> PULLBACK -> ACCELERATION -> EXHAUSTION -> ACCELERATION -> PULLBACK -> ACCELERATION -> PULLBACK -> EXHAUSTION -> FAKE_BREAKOUT -> PULLBACK -> FAKE_BREAKOUT -> ACCELERATION -> EXHAUSTION -> ACCELERATION -> PULLBACK -> EXHAUSTION -> ACCELERATION -> PULLBACK -> ACCELERATION -> EXIT,36,ACCELERATION,12.9415
short_2026-06-01T220000_CLOUSDT,short,2026-06-01 22:00:00,CLOUSDT,EARLY_BREAKOUT -> ACCELERATION -> WEAK_TREND -> ACCELERATION -> WEAK_TREND -> ACCELERATION -> WEAK_TREND -> PULLBACK -> ACCELERATION -> PULLBACK -> EXHAUSTION -> PULLBACK -> EXHAUSTION -> PULLBACK -> EXHAUSTION -> ACCELERATION -> EXHAUSTION -> FAKE_BREAKOUT -> PULLBACK -> FAKE_BREAKOUT -> ACCELERATION -> PULLBACK -> ACCELERATION -> WEAK_TREND -> PULLBACK -> EXHAUSTION -> PULLBACK -> FAKE_BREAKOUT -> ACCELERATION -> EXHAUSTION -> FAKE_BREAKOUT -> REVERSAL -> FAKE_BREAKOUT -> REVERSAL -> FAKE_BREAKOUT -> REVERSAL -> EXIT,36,REVERSAL,-1.1971
short_2026-06-01T220000_LABUSDT,short,2026-06-01 22:00:00,LABUSDT,EARLY_BREAKOUT -> ACCELERATION -> HEALTHY_TREND -> ACCELERATION -> HEALTHY_TREND -> FAKE_BREAKOUT -> REVERSAL -> EXIT,7,REVERSAL,-13.1076
short_2026-06-01T220000_XLMUSDT,short,2026-06-01 22:00:00,XLMUSDT,EARLY_BREAKOUT -> ACCELERATION -> HEALTHY_TREND -> ACCELERATION -> WEAK_TREND -> ACCELERATION -> HEALTHY_TREND -> PULLBACK -> EXHAUSTION -> PULLBACK -> EXHAUSTION -> PULLBACK -> ACCELERATION -> PULLBACK -> EXHAUSTION -> ACCELERATION -> PULLBACK -> ACCELERATION -> PULLBACK -> ACCELERATION -> PULLBACK -> ACCELERATION -> HEALTHY_TREND -> WEAK_TREND -> ACCELERATION -> WEAK_TREND -> ACCELERATION -> PULLBACK -> ACCELERATION -> HEALTHY_TREND -> ACCELERATION -> WEAK_TREND -> ACCELERATION -> WEAK_TREND -> EXIT,34,WEAK_TREND,11.3291
short_2026-06-01T220000_ACUUSDT,short,2026-06-01 22:00:00,ACUUSDT,EARLY_BREAKOUT -> WEAK_TREND -> PULLBACK -> ACCELERATION -> WEAK_TREND -> EXHAUSTION -> FAKE_BREAKOUT -> REVERSAL -> ACCELERATION -> FAKE_BREAKOUT -> ACCELERATION -> PULLBACK -> EXHAUSTION -> HEALTHY_TREND -> WEAK_TREND -> ACCELERATION -> HEALTHY_TREND -> EXHAUSTION -> FAKE_BREAKOUT -> PULLBACK -> EXHAUSTION -> ACCELERATION -> EXHAUSTION -> ACCELERATION -> PULLBACK -> EXHAUSTION -> ACCELERATION -> HEALTHY_TREND -> WEAK_TREND -> PULLBACK -> ACCELERATION -> WEAK_TREND -> ACCELERATION -> WEAK_TREND -> ACCELERATION -> HEALTHY_TREND -> EXIT,36,HEALTHY_TREND,8.1817
long_2026-06-02T000000_TONUSDT,long,2026-06-02 00:00:00,TONUSDT,EARLY_BREAKOUT -> PULLBACK -> ACCELERATION -> PULLBACK -> ACCELERATION -> HEALTHY_TREND -> PULLBACK -> ACCELERATION -> PULLBACK -> ACCELERATION -> PULLBACK -> ACCELERATION -> PULLBACK -> EXHAUSTION -> PULLBACK -> EXHAUSTION -> ACCELERATION -> EXHAUSTION -> ACCELERATION -> PULLBACK -> EXHAUSTION -> PULLBACK -> EXHAUSTION -> FAKE_BREAKOUT -> ACCELERATION -> FAKE_BREAKOUT -> ACCELERATION -> PULLBACK -> ACCELERATION -> EXHAUSTION -> EXIT,30,EXHAUSTION,7.9755
long_2026-06-02T000000_PIEVERSEUSDT,long,2026-06-02 00:00:00,PIEVERSEUSDT,EARLY_BREAKOUT -> ACCELERATION -> HEALTHY_TREND -> WEAK_TREND -> ACCELERATION -> HEALTHY_TREND -> PULLBACK -> EXHAUSTION -> PULLBACK -> EXHAUSTION -> PULLBACK -> ACCELERATION -> HEALTHY_TREND -> PULLBACK -> EXHAUSTION -> PULLBACK -> EXHAUSTION -> PULLBACK -> ACCELERATION -> PULLBACK -> ACCELERATION -> PULLBACK -> ACCELERATION -> PULLBACK -> HEALTHY_TREND -> PULLBACK -> ACCELERATION -> HEALTHY_TREND -> PULLBACK -> EXIT,29,PULLBACK,18.726
long_2026-06-02T000000_PARTIUSDT,long,2026-06-02 00:00:00,PARTIUSDT,EARLY_BREAKOUT -> EXHAUSTION -> ACCELERATION -> WEAK_TREND -> ACCELERATION -> PULLBACK -> ACCELERATION -> PULLBACK -> EXHAUSTION -> ACCELERATION -> WEAK_TREND -> PULLBACK -> EXHAUSTION -> PULLBACK -> EXHAUSTION -> FAKE_BREAKOUT -> ACCELERATION -> FAKE_BREAKOUT -> ACCELERATION -> EXHAUSTION -> ACCELERATION -> PULLBACK -> EXHAUSTION -> ACCELERATION -> PULLBACK -> ACCELERATION -> HEALTHY_TREND -> PULLBACK -> ACCELERATION -> HEALTHY_TREND -> PULLBACK -> ACCELERATION -> PULLBACK -> EXHAUSTION -> PULLBACK -> EXHAUSTION -> EXIT,36,EXHAUSTION,4.8188
long_2026-06-02T000000_JTOUSDT,long,2026-06-02 00:00:00,JTOUSDT,EARLY_BREAKOUT -> ACCELERATION -> EARLY_BREAKOUT -> PULLBACK -> ACCELERATION -> HEALTHY_TREND -> ACCELERATION -> WEAK_TREND -> ACCELERATION -> PULLBACK -> EXHAUSTION -> PULLBACK -> EXHAUSTION -> FAKE_BREAKOUT -> PULLBACK -> EXHAUSTION -> FAKE_BREAKOUT -> ACCELERATION -> PULLBACK -> FAKE_BREAKOUT -> PULLBACK -> FAKE_BREAKOUT -> ACCELERATION -> PULLBACK -> EXHAUSTION -> ACCELERATION -> PULLBACK -> EXHAUSTION -> PULLBACK -> EXHAUSTION -> FAKE_BREAKOUT -> ACCELERATION -> EXHAUSTION -> ACCELERATION -> PULLBACK -> EXIT,35,PULLBACK,5.1529
long_2026-06-02T000000_LABUSDT,long,2026-06-02 00:00:00,LABUSDT,EARLY_BREAKOUT -> ACCELERATION -> EXHAUSTION -> FAKE_BREAKOUT -> ACCELERATION -> WEAK_TREND -> FAKE_BREAKOUT -> ACCELERATION -> HEALTHY_TREND -> ACCELERATION -> WEAK_TREND -> FAKE_BREAKOUT -> REVERSAL -> FAKE_BREAKOUT -> ACCELERATION -> PULLBACK -> ACCELERATION -> PULLBACK -> ACCELERATION -> HEALTHY_TREND -> PULLBACK -> ACCELERATION -> PULLBACK -> ACCELERATION -> WEAK_TREND -> ACCELERATION -> EXIT,26,ACCELERATION,21.9157
short_2026-06-02T000000_HUSDT,short,2026-06-02 00:00:00,HUSDT,EARLY_BREAKOUT -> ACCELERATION -> WEAK_TREND -> ACCELERATION -> HEALTHY_TREND -> ACCELERATION -> HEALTHY_TREND -> ACCELERATION -> PULLBACK -> ACCELERATION -> PULLBACK -> EXHAUSTION -> PULLBACK -> EXHAUSTION -> FAKE_BREAKOUT -> PULLBACK -> EXHAUSTION -> ACCELERATION -> EXHAUSTION -> FAKE_BREAKOUT -> ACCELERATION -> FAKE_BREAKOUT -> EXIT,22,FAKE_BREAKOUT,4.2435
short_2026-06-02T000000_VICUSDT,short,2026-06-02 00:00:00,VICUSDT,EARLY_BREAKOUT -> WEAK_TREND -> FAKE_BREAKOUT -> ACCELERATION -> FAKE_BREAKOUT -> REVERSAL -> ACCELERATION -> FAKE_BREAKOUT -> REVERSAL -> PULLBACK -> REVERSAL -> FAKE_BREAKOUT -> ACCELERATION -> EXIT,13,ACCELERATION,4.4537
short_2026-06-02T000000_ARCUSDT,short,2026-06-02 00:00:00,ARCUSDT,EARLY_BREAKOUT -> ACCELERATION -> WEAK_TREND -> ACCELERATION -> WEAK_TREND -> EXHAUSTION -> FAKE_BREAKOUT -> PULLBACK -> ACCELERATION -> HEALTHY_TREND -> ACCELERATION -> HEALTHY_TREND -> ACCELERATION -> WEAK_TREND -> ACCELERATION -> WEAK_TREND -> HEALTHY_TREND -> WEAK_TREND -> ACCELERATION -> WEAK_TREND -> ACCELERATION -> HEALTHY_TREND -> WEAK_TREND -> PULLBACK -> HEALTHY_TREND -> PULLBACK -> ACCELERATION -> PULLBACK -> ACCELERATION -> HEALTHY_TREND -> WEAK_TREND -> ACCELERATION -> HEALTHY_TREND -> WEAK_TREND -> ACCELERATION -> WEAK_TREND -> EXIT,36,WEAK_TREND,9.0025
short_2026-06-02T000000_AERGOUSDT,short,2026-06-02 00:00:00,AERGOUSDT,EARLY_BREAKOUT -> ACCELERATION -> WEAK_TREND -> ACCELERATION -> HEALTHY_TREND -> WEAK_TREND -> ACCELERATION -> WEAK_TREND -> PULLBACK -> ACCELERATION -> HEALTHY_TREND -> PULLBACK -> ACCELERATION -> WEAK_TREND -> ACCELERATION -> WEAK_TREND -> PULLBACK -> ACCELERATION -> PULLBACK -> ACCELERATION -> PULLBACK -> EXHAUSTION -> FAKE_BREAKOUT -> REVERSAL -> EXIT,24,REVERSAL,-1.7633
short_2026-06-02T000000_HOMEUSDT,short,2026-06-02 00:00:00,HOMEUSDT,EARLY_BREAKOUT -> WEAK_TREND -> ACCELERATION -> EARLY_BREAKOUT -> ACCELERATION -> FAKE_BREAKOUT -> REVERSAL -> ACCELERATION -> FAKE_BREAKOUT -> REVERSAL -> FAKE_BREAKOUT -> ACCELERATION -> REVERSAL -> FAKE_BREAKOUT -> REVERSAL -> FAKE_BREAKOUT -> ACCELERATION -> REVERSAL -> ACCELERATION -> HEALTHY_TREND -> PULLBACK -> EXHAUSTION -> PULLBACK -> EXHAUSTION -> ACCELERATION -> EXHAUSTION -> ACCELERATION -> PULLBACK -> EXIT,28,PULLBACK,9.2426
long_2026-06-02T020000_VICUSDT,long,2026-06-02 02:00:00,VICUSDT,EARLY_BREAKOUT -> ACCELERATION -> HEALTHY_TREND -> ACCELERATION -> HEALTHY_TREND -> PULLBACK -> ACCELERATION -> EXHAUSTION -> FAKE_BREAKOUT -> REVERSAL -> FAKE_BREAKOUT -> REVERSAL -> FAKE_BREAKOUT -> PULLBACK -> FAKE_BREAKOUT -> REVERSAL -> FAKE_BREAKOUT -> REVERSAL -> EXIT,18,REVERSAL,-13.8483
long_2026-06-02T020000_MUSDT,long,2026-06-02 02:00:00,MUSDT,EARLY_BREAKOUT -> ACCELERATION -> EARLY_BREAKOUT -> ACCELERATION -> HEALTHY_TREND -> ACCELERATION -> WEAK_TREND -> PULLBACK -> EXHAUSTION -> PULLBACK -> ACCELERATION -> PULLBACK -> ACCELERATION -> PULLBACK -> ACCELERATION -> PULLBACK -> ACCELERATION -> PULLBACK -> ACCELERATION -> PULLBACK -> ACCELERATION -> HEALTHY_TREND -> PULLBACK -> ACCELERATION -> PULLBACK -> ACCELERATION -> HEALTHY_TREND -> WEAK_TREND -> PULLBACK -> EXIT,29,PULLBACK,9.9442
long_2026-06-02T020000_STGUSDT,long,2026-06-02 02:00:00,STGUSDT,EARLY_BREAKOUT -> ACCELERATION -> EXHAUSTION -> ACCELERATION -> EXHAUSTION -> PULLBACK -> HEALTHY_TREND -> FAKE_BREAKOUT -> REVERSAL -> FAKE_BREAKOUT -> REVERSAL -> FAKE_BREAKOUT -> ACCELERATION -> FAKE_BREAKOUT -> REVERSAL -> FAKE_BREAKOUT -> ACCELERATION -> HEALTHY_TREND -> WEAK_TREND -> ACCELERATION -> FAKE_BREAKOUT -> PULLBACK -> EXHAUSTION -> FAKE_BREAKOUT -> ACCELERATION -> PULLBACK -> ACCELERATION -> PULLBACK -> ACCELERATION -> HEALTHY_TREND -> PULLBACK -> ACCELERATION -> PULLBACK -> ACCELERATION -> WEAK_TREND -> EXIT,35,WEAK_TREND,14.5714
long_2026-06-02T020000_BILLUSDT,long,2026-06-02 02:00:00,BILLUSDT,EARLY_BREAKOUT -> ACCELERATION -> WEAK_TREND -> EXHAUSTION -> PULLBACK -> EXHAUSTION -> ACCELERATION -> WEAK_TREND -> PULLBACK -> ACCELERATION -> HEALTHY_TREND -> WEAK_TREND -> ACCELERATION -> PULLBACK -> EXHAUSTION -> PULLBACK -> ACCELERATION -> WEAK_TREND -> PULLBACK -> FAKE_BREAKOUT -> REVERSAL -> FAKE_BREAKOUT -> ACCELERATION -> PULLBACK -> FAKE_BREAKOUT -> ACCELERATION -> PULLBACK -> ACCELERATION -> PULLBACK -> ACCELERATION -> HEALTHY_TREND -> PULLBACK -> FAKE_BREAKOUT -> PULLBACK -> EXHAUSTION -> FAKE_BREAKOUT -> EXIT,36,FAKE_BREAKOUT,1.8198
long_2026-06-02T020000_OPGUSDT,long,2026-06-02 02:00:00,OPGUSDT,EARLY_BREAKOUT -> WEAK_TREND -> ACCELERATION -> EARLY_BREAKOUT -> PULLBACK -> EXHAUSTION -> FAKE_BREAKOUT -> ACCELERATION -> HEALTHY_TREND -> PULLBACK -> ACCELERATION -> HEALTHY_TREND -> PULLBACK -> ACCELERATION -> HEALTHY_TREND -> PULLBACK -> ACCELERATION -> HEALTHY_TREND -> WEAK_TREND -> PULLBACK -> HEALTHY_TREND -> PULLBACK -> ACCELERATION -> PULLBACK -> ACCELERATION -> WEAK_TREND -> ACCELERATION -> HEALTHY_TREND -> PULLBACK -> ACCELERATION -> EXIT,30,ACCELERATION,12.5738
short_2026-06-02T020000_GUAUSDT,short,2026-06-02 02:00:00,GUAUSDT,EARLY_BREAKOUT -> ACCELERATION -> EARLY_BREAKOUT -> ACCELERATION -> HEALTHY_TREND -> ACCELERATION -> HEALTHY_TREND -> WEAK_TREND -> PULLBACK -> EXHAUSTION -> PULLBACK -> ACCELERATION -> WEAK_TREND -> ACCELERATION -> WEAK_TREND -> ACCELERATION -> PULLBACK -> EXHAUSTION -> PULLBACK -> EXHAUSTION -> PULLBACK -> ACCELERATION -> PULLBACK -> ACCELERATION -> PULLBACK -> EXHAUSTION -> PULLBACK -> EXHAUSTION -> PULLBACK -> EXIT,29,PULLBACK,10.9493
short_2026-06-02T020000_TONUSDT,short,2026-06-02 02:00:00,TONUSDT,EARLY_BREAKOUT -> ACCELERATION -> PULLBACK -> ACCELERATION -> PULLBACK -> FAKE_BREAKOUT -> ACCELERATION -> FAKE_BREAKOUT -> PULLBACK -> FAKE_BREAKOUT -> PULLBACK -> ACCELERATION -> HEALTHY_TREND -> ACCELERATION -> WEAK_TREND -> ACCELERATION -> WEAK_TREND -> ACCELERATION -> PULLBACK -> ACCELERATION -> PULLBACK -> ACCELERATION -> WEAK_TREND -> ACCELERATION -> HEALTHY_TREND -> ACCELERATION -> WEAK_TREND -> PULLBACK -> ACCELERATION -> HEALTHY_TREND -> PULLBACK -> ACCELERATION -> PULLBACK -> ACCELERATION -> PULLBACK -> EXIT,35,PULLBACK,7.5431
short_2026-06-02T020000_SKYAIUSDT,short,2026-06-02 02:00:00,SKYAIUSDT,EARLY_BREAKOUT -> WEAK_TREND -> ACCELERATION -> WEAK_TREND -> ACCELERATION -> PULLBACK -> HEALTHY_TREND -> ACCELERATION -> PULLBACK -> ACCELERATION -> PULLBACK -> EXHAUSTION -> PULLBACK -> ACCELERATION -> HEALTHY_TREND -> WEAK_TREND -> ACCELERATION -> WEAK_TREND -> PULLBACK -> EXHAUSTION -> PULLBACK -> EXHAUSTION -> ACCELERATION -> PULLBACK -> EXHAUSTION -> ACCELERATION -> PULLBACK -> ACCELERATION -> FAKE_BREAKOUT -> REVERSAL -> FAKE_BREAKOUT -> REVERSAL -> EXIT,32,REVERSAL,-31.5682
short_2026-06-02T020000_PIEVERSEUSDT,short,2026-06-02 02:00:00,PIEVERSEUSDT,EARLY_BREAKOUT -> ACCELERATION -> FAKE_BREAKOUT -> HEALTHY_TREND -> WEAK_TREND -> FAKE_BREAKOUT -> REVERSAL -> FAKE_BREAKOUT -> HEALTHY_TREND -> PULLBACK -> FAKE_BREAKOUT -> ACCELERATION -> HEALTHY_TREND -> FAKE_BREAKOUT -> REVERSAL -> FAKE_BREAKOUT -> REVERSAL -> EXIT,17,REVERSAL,-1.577
short_2026-06-02T020000_TAUSDT,short,2026-06-02 02:00:00,TAUSDT,EARLY_BREAKOUT -> REVERSAL -> EARLY_BREAKOUT -> REVERSAL -> FAKE_BREAKOUT -> REVERSAL -> ACCELERATION -> WEAK_TREND -> FAKE_BREAKOUT -> ACCELERATION -> FAKE_BREAKOUT -> HEALTHY_TREND -> REVERSAL -> EXIT,13,REVERSAL,-3.1057
long_2026-06-02T040000_ESPORTSUSDT,long,2026-06-02 04:00:00,ESPORTSUSDT,EARLY_BREAKOUT -> ACCELERATION -> EARLY_BREAKOUT -> PULLBACK -> ACCELERATION -> HEALTHY_TREND -> PULLBACK -> FAKE_BREAKOUT -> PULLBACK -> FAKE_BREAKOUT -> PULLBACK -> EXHAUSTION -> FAKE_BREAKOUT -> ACCELERATION -> HEALTHY_TREND -> ACCELERATION -> PULLBACK -> ACCELERATION -> PULLBACK -> ACCELERATION -> PULLBACK -> EXHAUSTION -> FAKE_BREAKOUT -> REVERSAL -> FAKE_BREAKOUT -> REVERSAL -> FAKE_BREAKOUT -> EXIT,27,FAKE_BREAKOUT,7.8471
long_2026-06-02T040000_PLAYUSDT,long,2026-06-02 04:00:00,PLAYUSDT,EARLY_BREAKOUT -> REVERSAL -> ACCELERATION -> HEALTHY_TREND -> ACCELERATION -> HEALTHY_TREND -> PULLBACK -> EXHAUSTION -> PULLBACK -> EXHAUSTION -> ACCELERATION -> FAKE_BREAKOUT -> REVERSAL -> FAKE_BREAKOUT -> ACCELERATION -> FAKE_BREAKOUT -> REVERSAL -> FAKE_BREAKOUT -> REVERSAL -> EXIT,19,REVERSAL,-10.1912
long_2026-06-02T040000_RIFUSDT,long,2026-06-02 04:00:00,RIFUSDT,EARLY_BREAKOUT -> ACCELERATION -> HEALTHY_TREND -> FAKE_BREAKOUT -> REVERSAL -> ACCELERATION -> EXHAUSTION -> ACCELERATION -> PULLBACK -> FAKE_BREAKOUT -> PULLBACK -> ACCELERATION -> WEAK_TREND -> ACCELERATION -> WEAK_TREND -> HEALTHY_TREND -> WEAK_TREND -> EXHAUSTION -> HEALTHY_TREND -> WEAK_TREND -> ACCELERATION -> WEAK_TREND -> ACCELERATION -> WEAK_TREND -> FAKE_BREAKOUT -> PULLBACK -> HEALTHY_TREND -> ACCELERATION -> HEALTHY_TREND -> WEAK_TREND -> FAKE_BREAKOUT -> ACCELERATION -> EXHAUSTION -> ACCELERATION -> EXIT,34,ACCELERATION,6.2951
long_2026-06-02T040000_PIEVERSEUSDT,long,2026-06-02 04:00:00,PIEVERSEUSDT,EARLY_BREAKOUT -> ACCELERATION -> EARLY_BREAKOUT -> FAKE_BREAKOUT -> REVERSAL -> FAKE_BREAKOUT -> PULLBACK -> EXHAUSTION -> FAKE_BREAKOUT -> REVERSAL -> FAKE_BREAKOUT -> PULLBACK -> EXHAUSTION -> PULLBACK -> ACCELERATION -> HEALTHY_TREND -> EXHAUSTION -> ACCELERATION -> EXHAUSTION -> FAKE_BREAKOUT -> ACCELERATION -> PULLBACK -> HEALTHY_TREND -> PULLBACK -> ACCELERATION -> HEALTHY_TREND -> PULLBACK -> EXHAUSTION -> PULLBACK -> EXHAUSTION -> PULLBACK -> ACCELERATION -> EXHAUSTION -> ACCELERATION -> EXHAUSTION -> ACCELERATION -> PULLBACK -> ACCELERATION -> EXIT,38,ACCELERATION,10.4121
long_2026-06-02T040000_RENDERUSDT,long,2026-06-02 04:00:00,RENDERUSDT,EARLY_BREAKOUT -> ACCELERATION -> WEAK_TREND -> HEALTHY_TREND -> ACCELERATION -> PULLBACK -> ACCELERATION -> EXHAUSTION -> FAKE_BREAKOUT -> REVERSAL -> FAKE_BREAKOUT -> ACCELERATION -> EXHAUSTION -> FAKE_BREAKOUT -> REVERSAL -> FAKE_BREAKOUT -> ACCELERATION -> WEAK_TREND -> ACCELERATION -> HEALTHY_TREND -> WEAK_TREND -> ACCELERATION -> WEAK_TREND -> PULLBACK -> ACCELERATION -> WEAK_TREND -> PULLBACK -> EXHAUSTION -> EXIT,28,EXHAUSTION,2.3356
short_2026-06-02T040000_VICUSDT,short,2026-06-02 04:00:00,VICUSDT,EARLY_BREAKOUT -> ACCELERATION -> WEAK_TREND -> ACCELERATION -> WEAK_TREND -> FAKE_BREAKOUT -> ACCELERATION -> PULLBACK -> ACCELERATION -> HEALTHY_TREND -> WEAK_TREND -> FAKE_BREAKOUT -> ACCELERATION -> FAKE_BREAKOUT -> ACCELERATION -> PULLBACK -> EXHAUSTION -> ACCELERATION -> PULLBACK -> ACCELERATION -> PULLBACK -> ACCELERATION -> HEALTHY_TREND -> PULLBACK -> ACCELERATION -> WEAK_TREND -> ACCELERATION -> WEAK_TREND -> PULLBACK -> ACCELERATION -> HEALTHY_TREND -> WEAK_TREND -> ACCELERATION -> HEALTHY_TREND -> ACCELERATION -> WEAK_TREND -> ACCELERATION -> HEALTHY_TREND -> EXIT,38,HEALTHY_TREND,23.1255
short_2026-06-02T040000_SIRENUSDT,short,2026-06-02 04:00:00,SIRENUSDT,EARLY_BREAKOUT -> ACCELERATION -> EARLY_BREAKOUT -> ACCELERATION -> WEAK_TREND -> ACCELERATION -> PULLBACK -> HEALTHY_TREND -> WEAK_TREND -> PULLBACK -> ACCELERATION -> HEALTHY_TREND -> PULLBACK -> ACCELERATION -> PULLBACK -> ACCELERATION -> HEALTHY_TREND -> WEAK_TREND -> PULLBACK -> ACCELERATION -> HEALTHY_TREND -> PULLBACK -> ACCELERATION -> WEAK_TREND -> ACCELERATION -> WEAK_TREND -> PULLBACK -> ACCELERATION -> PULLBACK -> ACCELERATION -> PULLBACK -> EXIT,31,PULLBACK,11.0
short_2026-06-02T040000_STGUSDT,short,2026-06-02 04:00:00,STGUSDT,EARLY_BREAKOUT -> ACCELERATION -> EARLY_BREAKOUT -> WEAK_TREND -> ACCELERATION -> WEAK_TREND -> ACCELERATION -> EXHAUSTION -> FAKE_BREAKOUT -> PULLBACK -> HEALTHY_TREND -> PULLBACK -> ACCELERATION -> PULLBACK -> ACCELERATION -> EXHAUSTION -> FAKE_BREAKOUT -> REVERSAL -> ACCELERATION -> FAKE_BREAKOUT -> ACCELERATION -> EXHAUSTION -> FAKE_BREAKOUT -> REVERSAL -> EXIT,24,REVERSAL,-9.8865
short_2026-06-02T040000_JELLYJELLYUSDT,short,2026-06-02 04:00:00,JELLYJELLYUSDT,EARLY_BREAKOUT -> WEAK_TREND -> ACCELERATION -> WEAK_TREND -> ACCELERATION -> WEAK_TREND -> EXHAUSTION -> HEALTHY_TREND -> WEAK_TREND -> ACCELERATION -> WEAK_TREND -> EXHAUSTION -> PULLBACK -> EXHAUSTION -> REVERSAL -> PULLBACK -> EXHAUSTION -> ACCELERATION -> REVERSAL -> PULLBACK -> EXHAUSTION -> ACCELERATION -> EXHAUSTION -> PULLBACK -> EXHAUSTION -> REVERSAL -> PULLBACK -> REVERSAL -> ACCELERATION -> EXHAUSTION -> PULLBACK -> ACCELERATION -> EXHAUSTION -> EXIT,33,EXHAUSTION,0.2683
short_2026-06-02T040000_LQTYUSDT,short,2026-06-02 04:00:00,LQTYUSDT,EARLY_BREAKOUT -> WEAK_TREND -> ACCELERATION -> WEAK_TREND -> ACCELERATION -> WEAK_TREND -> ACCELERATION -> WEAK_TREND -> EXHAUSTION -> PULLBACK -> REVERSAL -> PULLBACK -> EXHAUSTION -> REVERSAL -> PULLBACK -> REVERSAL -> ACCELERATION -> WEAK_TREND -> ACCELERATION -> WEAK_TREND -> ACCELERATION -> PULLBACK -> EXHAUSTION -> PULLBACK -> EXHAUSTION -> ACCELERATION -> PULLBACK -> ACCELERATION -> PULLBACK -> ACCELERATION -> HEALTHY_TREND -> EXIT,31,HEALTHY_TREND,3.9052
long_2026-06-02T060000_LABUSDT,long,2026-06-02 06:00:00,LABUSDT,EARLY_BREAKOUT -> ACCELERATION -> PULLBACK -> ACCELERATION -> WEAK_TREND -> ACCELERATION -> PULLBACK -> ACCELERATION -> PULLBACK -> ACCELERATION -> HEALTHY_TREND -> PULLBACK -> ACCELERATION -> PULLBACK -> ACCELERATION -> WEAK_TREND -> ACCELERATION -> WEAK_TREND -> ACCELERATION -> WEAK_TREND -> ACCELERATION -> PULLBACK -> ACCELERATION -> HEALTHY_TREND -> PULLBACK -> ACCELERATION -> PULLBACK -> ACCELERATION -> PULLBACK -> ACCELERATION -> PULLBACK -> EXHAUSTION -> PULLBACK -> EXIT,33,PULLBACK,23.2906
long_2026-06-02T060000_MYXUSDT,long,2026-06-02 06:00:00,MYXUSDT,EARLY_BREAKOUT -> ACCELERATION -> EARLY_BREAKOUT -> ACCELERATION -> HEALTHY_TREND -> PULLBACK -> ACCELERATION -> PULLBACK -> FAKE_BREAKOUT -> REVERSAL -> FAKE_BREAKOUT -> REVERSAL -> FAKE_BREAKOUT -> REVERSAL -> EXIT,14,REVERSAL,-3.7869
long_2026-06-02T060000_EPICUSDT,long,2026-06-02 06:00:00,EPICUSDT,EARLY_BREAKOUT -> ACCELERATION -> HEALTHY_TREND -> ACCELERATION -> HEALTHY_TREND -> ACCELERATION -> PULLBACK -> FAKE_BREAKOUT -> REVERSAL -> FAKE_BREAKOUT -> ACCELERATION -> FAKE_BREAKOUT -> ACCELERATION -> PULLBACK -> ACCELERATION -> PULLBACK -> FAKE_BREAKOUT -> REVERSAL -> FAKE_BREAKOUT -> ACCELERATION -> PULLBACK -> ACCELERATION -> EXIT,22,ACCELERATION,39.2537
long_2026-06-02T060000_PARTIUSDT,long,2026-06-02 06:00:00,PARTIUSDT,EARLY_BREAKOUT -> WEAK_TREND -> ACCELERATION -> HEALTHY_TREND -> WEAK_TREND -> ACCELERATION -> WEAK_TREND -> ACCELERATION -> HEALTHY_TREND -> WEAK_TREND -> ACCELERATION -> HEALTHY_TREND -> PULLBACK -> ACCELERATION -> PULLBACK -> EXHAUSTION -> PULLBACK -> EXHAUSTION -> ACCELERATION -> PULLBACK -> ACCELERATION -> HEALTHY_TREND -> PULLBACK -> ACCELERATION -> PULLBACK -> EXHAUSTION -> FAKE_BREAKOUT -> ACCELERATION -> EXIT,28,ACCELERATION,7.7901
long_2026-06-02T060000_WLDUSDT,long,2026-06-02 06:00:00,WLDUSDT,EARLY_BREAKOUT -> ACCELERATION -> EARLY_BREAKOUT -> PULLBACK -> EXHAUSTION -> FAKE_BREAKOUT -> ACCELERATION -> HEALTHY_TREND -> FAKE_BREAKOUT -> ACCELERATION -> FAKE_BREAKOUT -> HEALTHY_TREND -> PULLBACK -> ACCELERATION -> HEALTHY_TREND -> WEAK_TREND -> PULLBACK -> HEALTHY_TREND -> EXHAUSTION -> ACCELERATION -> HEALTHY_TREND -> PULLBACK -> ACCELERATION -> PULLBACK -> ACCELERATION -> HEALTHY_TREND -> PULLBACK -> ACCELERATION -> PULLBACK -> EXHAUSTION -> FAKE_BREAKOUT -> REVERSAL -> EXIT,32,REVERSAL,-3.6829
short_2026-06-02T060000_ESPORTSUSDT,short,2026-06-02 06:00:00,ESPORTSUSDT,EARLY_BREAKOUT -> ACCELERATION -> PULLBACK -> ACCELERATION -> EXHAUSTION -> PULLBACK -> ACCELERATION -> HEALTHY_TREND -> ACCELERATION -> WEAK_TREND -> ACCELERATION -> REVERSAL -> ACCELERATION -> PULLBACK -> ACCELERATION -> PULLBACK -> ACCELERATION -> PULLBACK -> EXHAUSTION -> FAKE_BREAKOUT -> PULLBACK -> EXHAUSTION -> FAKE_BREAKOUT -> ACCELERATION -> EXHAUSTION -> ACCELERATION -> FAKE_BREAKOUT -> PULLBACK -> EXHAUSTION -> FAKE_BREAKOUT -> ACCELERATION -> PULLBACK -> FAKE_BREAKOUT -> ACCELERATION -> HEALTHY_TREND -> EXIT,35,HEALTHY_TREND,13.7566
short_2026-06-02T060000_PENDLEUSDT,short,2026-06-02 06:00:00,PENDLEUSDT,EARLY_BREAKOUT -> WEAK_TREND -> ACCELERATION -> HEALTHY_TREND -> WEAK_TREND -> HEALTHY_TREND -> PULLBACK -> HEALTHY_TREND -> WEAK_TREND -> ACCELERATION -> HEALTHY_TREND -> WEAK_TREND -> ACCELERATION -> WEAK_TREND -> ACCELERATION -> EXHAUSTION -> FAKE_BREAKOUT -> ACCELERATION -> FAKE_BREAKOUT -> ACCELERATION -> EXHAUSTION -> ACCELERATION -> PULLBACK -> ACCELERATION -> PULLBACK -> ACCELERATION -> HEALTHY_TREND -> WEAK_TREND -> PULLBACK -> HEALTHY_TREND -> PULLBACK -> ACCELERATION -> PULLBACK -> ACCELERATION -> EXIT,34,ACCELERATION,4.7328
short_2026-06-02T060000_PIEVERSEUSDT,short,2026-06-02 06:00:00,PIEVERSEUSDT,EARLY_BREAKOUT -> ACCELERATION -> EARLY_BREAKOUT -> EXHAUSTION -> FAKE_BREAKOUT -> REVERSAL -> FAKE_BREAKOUT -> REVERSAL -> FAKE_BREAKOUT -> PULLBACK -> FAKE_BREAKOUT -> REVERSAL -> FAKE_BREAKOUT -> REVERSAL -> EXIT,14,REVERSAL,-1.5699
short_2026-06-02T060000_INJUSDT,short,2026-06-02 06:00:00,INJUSDT,EARLY_BREAKOUT -> WEAK_TREND -> ACCELERATION -> WEAK_TREND -> FAKE_BREAKOUT -> REVERSAL -> FAKE_BREAKOUT -> REVERSAL -> FAKE_BREAKOUT -> ACCELERATION -> WEAK_TREND -> EXHAUSTION -> ACCELERATION -> FAKE_BREAKOUT -> ACCELERATION -> EXHAUSTION -> REVERSAL -> FAKE_BREAKOUT -> REVERSAL -> FAKE_BREAKOUT -> ACCELERATION -> FAKE_BREAKOUT -> REVERSAL -> FAKE_BREAKOUT -> REVERSAL -> EXIT,25,REVERSAL,-0.7991
short_2026-06-02T060000_VICUSDT,short,2026-06-02 06:00:00,VICUSDT,EARLY_BREAKOUT -> ACCELERATION -> HEALTHY_TREND -> WEAK_TREND -> REVERSAL -> FAKE_BREAKOUT -> PULLBACK -> REVERSAL -> ACCELERATION -> EXHAUSTION -> ACCELERATION -> PULLBACK -> FAKE_BREAKOUT -> ACCELERATION -> HEALTHY_TREND -> PULLBACK -> ACCELERATION -> WEAK_TREND -> ACCELERATION -> WEAK_TREND -> PULLBACK -> ACCELERATION -> HEALTHY_TREND -> WEAK_TREND -> ACCELERATION -> HEALTHY_TREND -> ACCELERATION -> WEAK_TREND -> ACCELERATION -> HEALTHY_TREND -> WEAK_TREND -> ACCELERATION -> WEAK_TREND -> ACCELERATION -> HEALTHY_TREND -> ACCELERATION -> WEAK_TREND -> EXIT,37,WEAK_TREND,20.4945
long_2026-06-02T080000_ESPORTSUSDT,long,2026-06-02 08:00:00,ESPORTSUSDT,EARLY_BREAKOUT -> REVERSAL -> ACCELERATION -> HEALTHY_TREND -> ACCELERATION -> PULLBACK -> ACCELERATION -> PULLBACK -> ACCELERATION -> PULLBACK -> FAKE_BREAKOUT -> REVERSAL -> FAKE_BREAKOUT -> REVERSAL -> FAKE_BREAKOUT -> REVERSAL -> FAKE_BREAKOUT -> REVERSAL -> FAKE_BREAKOUT -> REVERSAL -> FAKE_BREAKOUT -> REVERSAL -> FAKE_BREAKOUT -> REVERSAL -> EXIT,24,REVERSAL,-1.1278
long_2026-06-02T080000_ORDIUSDT,long,2026-06-02 08:00:00,ORDIUSDT,EARLY_BREAKOUT -> ACCELERATION -> EARLY_BREAKOUT -> ACCELERATION -> PULLBACK -> FAKE_BREAKOUT -> REVERSAL -> EXIT,7,REVERSAL,-2.5535
long_2026-06-02T080000_PLAYUSDT,long,2026-06-02 08:00:00,PLAYUSDT,EARLY_BREAKOUT -> ACCELERATION -> HEALTHY_TREND -> WEAK_TREND -> ACCELERATION -> FAKE_BREAKOUT -> PULLBACK -> FAKE_BREAKOUT -> REVERSAL -> FAKE_BREAKOUT -> REVERSAL -> EXIT,11,REVERSAL,-14.0629
long_2026-06-02T080000_ONUSDT,long,2026-06-02 08:00:00,ONUSDT,EARLY_BREAKOUT -> ACCELERATION -> EARLY_BREAKOUT -> ACCELERATION -> WEAK_TREND -> ACCELERATION -> HEALTHY_TREND -> WEAK_TREND -> EXHAUSTION -> PULLBACK -> ACCELERATION -> WEAK_TREND -> HEALTHY_TREND -> ACCELERATION -> WEAK_TREND -> ACCELERATION -> WEAK_TREND -> ACCELERATION -> WEAK_TREND -> PULLBACK -> EXHAUSTION -> PULLBACK -> ACCELERATION -> PULLBACK -> EXHAUSTION -> PULLBACK -> EXHAUSTION -> ACCELERATION -> EXHAUSTION -> PULLBACK -> ACCELERATION -> EXIT,31,ACCELERATION,2.4812
long_2026-06-02T080000_AIAUSDT,long,2026-06-02 08:00:00,AIAUSDT,EARLY_BREAKOUT -> WEAK_TREND -> ACCELERATION -> HEALTHY_TREND -> FAKE_BREAKOUT -> REVERSAL -> FAKE_BREAKOUT -> REVERSAL -> FAKE_BREAKOUT -> REVERSAL -> ACCELERATION -> EXHAUSTION -> ACCELERATION -> EXHAUSTION -> ACCELERATION -> REVERSAL -> EXIT,16,REVERSAL,-3.2734
short_2026-06-02T080000_HOMEUSDT,short,2026-06-02 08:00:00,HOMEUSDT,EARLY_BREAKOUT -> ACCELERATION -> EARLY_BREAKOUT -> ACCELERATION -> FAKE_BREAKOUT -> ACCELERATION -> HEALTHY_TREND -> PULLBACK -> EXHAUSTION -> ACCELERATION -> PULLBACK -> ACCELERATION -> PULLBACK -> ACCELERATION -> PULLBACK -> ACCELERATION -> HEALTHY_TREND -> PULLBACK -> ACCELERATION -> PULLBACK -> HEALTHY_TREND -> PULLBACK -> FAKE_BREAKOUT -> PULLBACK -> ACCELERATION -> PULLBACK -> EXHAUSTION -> FAKE_BREAKOUT -> PULLBACK -> EXHAUSTION -> FAKE_BREAKOUT -> EXIT,31,FAKE_BREAKOUT,4.5457
short_2026-06-02T080000_VICUSDT,short,2026-06-02 08:00:00,VICUSDT,EARLY_BREAKOUT -> EXHAUSTION -> ACCELERATION -> EARLY_BREAKOUT -> FAKE_BREAKOUT -> ACCELERATION -> PULLBACK -> ACCELERATION -> PULLBACK -> EXHAUSTION -> ACCELERATION -> HEALTHY_TREND -> PULLBACK -> ACCELERATION -> WEAK_TREND -> ACCELERATION -> WEAK_TREND -> PULLBACK -> ACCELERATION -> HEALTHY_TREND -> WEAK_TREND -> ACCELERATION -> HEALTHY_TREND -> ACCELERATION -> WEAK_TREND -> ACCELERATION -> HEALTHY_TREND -> WEAK_TREND -> ACCELERATION -> WEAK_TREND -> ACCELERATION -> HEALTHY_TREND -> ACCELERATION -> WEAK_TREND -> ACCELERATION -> HEALTHY_TREND -> WEAK_TREND -> PULLBACK -> ACCELERATION -> EXIT,39,ACCELERATION,23.9755
short_2026-06-02T080000_EPICUSDT,short,2026-06-02 08:00:00,EPICUSDT,EARLY_BREAKOUT -> ACCELERATION -> WEAK_TREND -> ACCELERATION -> HEALTHY_TREND -> ACCELERATION -> HEALTHY_TREND -> WEAK_TREND -> ACCELERATION -> WEAK_TREND -> PULLBACK -> HEALTHY_TREND -> PULLBACK -> ACCELERATION -> PULLBACK -> FAKE_BREAKOUT -> PULLBACK -> FAKE_BREAKOUT -> ACCELERATION -> PULLBACK -> FAKE_BREAKOUT -> REVERSAL -> FAKE_BREAKOUT -> PULLBACK -> ACCELERATION -> PULLBACK -> EXHAUSTION -> FAKE_BREAKOUT -> REVERSAL -> EXIT,29,REVERSAL,-17.344
short_2026-06-02T080000_ALLOUSDT,short,2026-06-02 08:00:00,ALLOUSDT,EARLY_BREAKOUT -> ACCELERATION -> HEALTHY_TREND -> WEAK_TREND -> ACCELERATION -> HEALTHY_TREND -> PULLBACK -> ACCELERATION -> HEALTHY_TREND -> ACCELERATION -> HEALTHY_TREND -> WEAK_TREND -> PULLBACK -> HEALTHY_TREND -> PULLBACK -> ACCELERATION -> PULLBACK -> ACCELERATION -> EXHAUSTION -> FAKE_BREAKOUT -> PULLBACK -> EXHAUSTION -> PULLBACK -> ACCELERATION -> PULLBACK -> ACCELERATION -> PULLBACK -> ACCELERATION -> PULLBACK -> ACCELERATION -> PULLBACK -> ACCELERATION -> PULLBACK -> ACCELERATION -> EXIT,34,ACCELERATION,8.1243
short_2026-06-02T080000_MYXUSDT,short,2026-06-02 08:00:00,MYXUSDT,EARLY_BREAKOUT -> ACCELERATION -> WEAK_TREND -> FAKE_BREAKOUT -> PULLBACK -> HEALTHY_TREND -> ACCELERATION -> WEAK_TREND -> ACCELERATION -> WEAK_TREND -> ACCELERATION -> HEALTHY_TREND -> PULLBACK -> ACCELERATION -> PULLBACK -> ACCELERATION -> PULLBACK -> ACCELERATION -> PULLBACK -> EXHAUSTION -> PULLBACK -> EXHAUSTION -> PULLBACK -> EXHAUSTION -> ACCELERATION -> EXHAUSTION -> ACCELERATION -> PULLBACK -> ACCELERATION -> PULLBACK -> EXHAUSTION -> FAKE_BREAKOUT -> EXIT,32,FAKE_BREAKOUT,4.8248
long_2026-06-02T100000_HIVEUSDT,long,2026-06-02 10:00:00,HIVEUSDT,EARLY_BREAKOUT -> EXHAUSTION -> ACCELERATION -> PULLBACK -> ACCELERATION -> WEAK_TREND -> PULLBACK -> EXHAUSTION -> FAKE_BREAKOUT -> REVERSAL -> FAKE_BREAKOUT -> REVERSAL -> FAKE_BREAKOUT -> REVERSAL -> EXIT,14,REVERSAL,-3.2797
long_2026-06-02T100000_SKYAIUSDT,long,2026-06-02 10:00:00,SKYAIUSDT,EARLY_BREAKOUT -> ACCELERATION -> EARLY_BREAKOUT -> EXHAUSTION -> ACCELERATION -> HEALTHY_TREND -> ACCELERATION -> HEALTHY_TREND -> ACCELERATION -> PULLBACK -> ACCELERATION -> HEALTHY_TREND -> PULLBACK -> ACCELERATION -> HEALTHY_TREND -> ACCELERATION -> HEALTHY_TREND -> ACCELERATION -> HEALTHY_TREND -> PULLBACK -> ACCELERATION -> PULLBACK -> EXHAUSTION -> ACCELERATION -> PULLBACK -> FAKE_BREAKOUT -> REVERSAL -> EXIT,27,REVERSAL,-23.7609
long_2026-06-02T100000_CLOUSDT,long,2026-06-02 10:00:00,CLOUSDT,EARLY_BREAKOUT -> ACCELERATION -> EARLY_BREAKOUT -> PULLBACK -> EXHAUSTION -> FAKE_BREAKOUT -> PULLBACK -> FAKE_BREAKOUT -> ACCELERATION -> HEALTHY_TREND -> ACCELERATION -> HEALTHY_TREND -> ACCELERATION -> PULLBACK -> ACCELERATION -> HEALTHY_TREND -> WEAK_TREND -> ACCELERATION -> HEALTHY_TREND -> PULLBACK -> ACCELERATION -> PULLBACK -> ACCELERATION -> PULLBACK -> ACCELERATION -> PULLBACK -> EXHAUSTION -> PULLBACK -> EXHAUSTION -> PULLBACK -> EXHAUSTION -> ACCELERATION -> PULLBACK -> ACCELERATION -> WEAK_TREND -> ACCELERATION -> EXIT,36,ACCELERATION,25.0673
long_2026-06-02T100000_TRADOORUSDT,long,2026-06-02 10:00:00,TRADOORUSDT,EARLY_BREAKOUT -> ACCELERATION -> EARLY_BREAKOUT -> EXHAUSTION -> ACCELERATION -> HEALTHY_TREND -> WEAK_TREND -> ACCELERATION -> HEALTHY_TREND -> PULLBACK -> ACCELERATION -> PULLBACK -> ACCELERATION -> PULLBACK -> ACCELERATION -> WEAK_TREND -> ACCELERATION -> WEAK_TREND -> ACCELERATION -> PULLBACK -> HEALTHY_TREND -> WEAK_TREND -> PULLBACK -> ACCELERATION -> WEAK_TREND -> PULLBACK -> EXHAUSTION -> PULLBACK -> EXHAUSTION -> FAKE_BREAKOUT -> ACCELERATION -> PULLBACK -> ACCELERATION -> HEALTHY_TREND -> WEAK_TREND -> PULLBACK -> EXIT,36,PULLBACK,4.5942
long_2026-06-02T100000_TAUSDT,long,2026-06-02 10:00:00,TAUSDT,EARLY_BREAKOUT -> ACCELERATION -> WEAK_TREND -> REVERSAL -> FAKE_BREAKOUT -> REVERSAL -> FAKE_BREAKOUT -> ACCELERATION -> HEALTHY_TREND -> PULLBACK -> HEALTHY_TREND -> PULLBACK -> ACCELERATION -> HEALTHY_TREND -> ACCELERATION -> WEAK_TREND -> PULLBACK -> EXHAUSTION -> FAKE_BREAKOUT -> EXIT,19,FAKE_BREAKOUT,2.5362
short_2026-06-02T100000_ESPORTSUSDT,short,2026-06-02 10:00:00,ESPORTSUSDT,EARLY_BREAKOUT -> FAKE_BREAKOUT -> ACCELERATION -> HEALTHY_TREND -> ACCELERATION -> HEALTHY_TREND -> ACCELERATION -> PULLBACK -> ACCELERATION -> PULLBACK -> ACCELERATION -> PULLBACK -> ACCELERATION -> PULLBACK -> ACCELERATION -> PULLBACK -> ACCELERATION -> HEALTHY_TREND -> PULLBACK -> ACCELERATION -> PULLBACK -> ACCELERATION -> HEALTHY_TREND -> PULLBACK -> ACCELERATION -> PULLBACK -> HEALTHY_TREND -> EXIT,27,HEALTHY_TREND,35.4571
short_2026-06-02T100000_STGUSDT,short,2026-06-02 10:00:00,STGUSDT,EARLY_BREAKOUT -> PULLBACK -> ACCELERATION -> PULLBACK -> EXHAUSTION -> FAKE_BREAKOUT -> PULLBACK -> FAKE_BREAKOUT -> REVERSAL -> FAKE_BREAKOUT -> REVERSAL -> FAKE_BREAKOUT -> REVERSAL -> ACCELERATION -> HEALTHY_TREND -> WEAK_TREND -> ACCELERATION -> PULLBACK -> ACCELERATION -> PULLBACK -> ACCELERATION -> WEAK_TREND -> ACCELERATION -> PULLBACK -> EXIT,24,PULLBACK,12.5533
short_2026-06-02T100000_MYXUSDT,short,2026-06-02 10:00:00,MYXUSDT,EARLY_BREAKOUT -> ACCELERATION -> WEAK_TREND -> ACCELERATION -> HEALTHY_TREND -> PULLBACK -> ACCELERATION -> PULLBACK -> ACCELERATION -> FAKE_BREAKOUT -> PULLBACK -> FAKE_BREAKOUT -> ACCELERATION -> EXHAUSTION -> FAKE_BREAKOUT -> REVERSAL -> FAKE_BREAKOUT -> REVERSAL -> FAKE_BREAKOUT -> ACCELERATION -> FAKE_BREAKOUT -> ACCELERATION -> PULLBACK -> EXHAUSTION -> FAKE_BREAKOUT -> REVERSAL -> EXIT,26,REVERSAL,-6.4445
short_2026-06-02T100000_OPNUSDT,short,2026-06-02 10:00:00,OPNUSDT,EARLY_BREAKOUT -> ACCELERATION -> WEAK_TREND -> ACCELERATION -> HEALTHY_TREND -> ACCELERATION -> WEAK_TREND -> ACCELERATION -> HEALTHY_TREND -> WEAK_TREND -> ACCELERATION -> PULLBACK -> ACCELERATION -> PULLBACK -> ACCELERATION -> PULLBACK -> ACCELERATION -> PULLBACK -> ACCELERATION -> PULLBACK -> ACCELERATION -> WEAK_TREND -> PULLBACK -> ACCELERATION -> PULLBACK -> ACCELERATION -> PULLBACK -> ACCELERATION -> WEAK_TREND -> PULLBACK -> ACCELERATION -> EXIT,31,ACCELERATION,9.3679
short_2026-06-02T100000_BUSDT,short,2026-06-02 10:00:00,BUSDT,EARLY_BREAKOUT -> ACCELERATION -> WEAK_TREND -> PULLBACK -> ACCELERATION -> PULLBACK -> EXHAUSTION -> PULLBACK -> EXHAUSTION -> PULLBACK -> ACCELERATION -> EXHAUSTION -> ACCELERATION -> PULLBACK -> ACCELERATION -> PULLBACK -> EXHAUSTION -> PULLBACK -> EXHAUSTION -> ACCELERATION -> PULLBACK -> ACCELERATION -> PULLBACK -> EXHAUSTION -> PULLBACK -> EXHAUSTION -> PULLBACK -> EXHAUSTION -> PULLBACK -> ACCELERATION -> EXHAUSTION -> EXIT,31,EXHAUSTION,3.3946
long_2026-06-02T120000_SKYAIUSDT,long,2026-06-02 12:00:00,SKYAIUSDT,EARLY_BREAKOUT -> ACCELERATION -> EARLY_BREAKOUT -> ACCELERATION -> PULLBACK -> ACCELERATION -> HEALTHY_TREND -> PULLBACK -> ACCELERATION -> HEALTHY_TREND -> ACCELERATION -> HEALTHY_TREND -> ACCELERATION -> HEALTHY_TREND -> PULLBACK -> ACCELERATION -> EXHAUSTION -> ACCELERATION -> PULLBACK -> EXHAUSTION -> FAKE_BREAKOUT -> REVERSAL -> EXIT,22,REVERSAL,-31.1073
long_2026-06-02T120000_LABUSDT,long,2026-06-02 12:00:00,LABUSDT,EARLY_BREAKOUT -> WEAK_TREND -> ACCELERATION -> WEAK_TREND -> ACCELERATION -> PULLBACK -> FAKE_BREAKOUT -> PULLBACK -> EXHAUSTION -> ACCELERATION -> HEALTHY_TREND -> EXHAUSTION -> ACCELERATION -> PULLBACK -> ACCELERATION -> EXHAUSTION -> ACCELERATION -> FAKE_BREAKOUT -> REVERSAL -> FAKE_BREAKOUT -> PULLBACK -> ACCELERATION -> FAKE_BREAKOUT -> ACCELERATION -> PULLBACK -> ACCELERATION -> PULLBACK -> HEALTHY_TREND -> ACCELERATION -> WEAK_TREND -> PULLBACK -> ACCELERATION -> PULLBACK -> EXHAUSTION -> PULLBACK -> EXIT,35,PULLBACK,7.1594
long_2026-06-02T120000_LITUSDT,long,2026-06-02 12:00:00,LITUSDT,EARLY_BREAKOUT -> ACCELERATION -> EARLY_BREAKOUT -> PULLBACK -> EXHAUSTION -> FAKE_BREAKOUT -> REVERSAL -> FAKE_BREAKOUT -> REVERSAL -> FAKE_BREAKOUT -> REVERSAL -> FAKE_BREAKOUT -> REVERSAL -> EXIT,13,REVERSAL,-4.9279
long_2026-06-02T120000_WLDUSDT,long,2026-06-02 12:00:00,WLDUSDT,EARLY_BREAKOUT -> ACCELERATION -> PULLBACK -> ACCELERATION -> PULLBACK -> ACCELERATION -> HEALTHY_TREND -> PULLBACK -> ACCELERATION -> EXHAUSTION -> PULLBACK -> EXHAUSTION -> FAKE_BREAKOUT -> REVERSAL -> EXIT,14,REVERSAL,-7.521
long_2026-06-02T120000_RIFUSDT,long,2026-06-02 12:00:00,RIFUSDT,EARLY_BREAKOUT -> ACCELERATION -> EARLY_BREAKOUT -> FAKE_BREAKOUT -> REVERSAL -> FAKE_BREAKOUT -> ACCELERATION -> FAKE_BREAKOUT -> ACCELERATION -> HEALTHY_TREND -> PULLBACK -> FAKE_BREAKOUT -> PULLBACK -> ACCELERATION -> PULLBACK -> ACCELERATION -> PULLBACK -> ACCELERATION -> WEAK_TREND -> ACCELERATION -> FAKE_BREAKOUT -> PULLBACK -> ACCELERATION -> EXHAUSTION -> ACCELERATION -> PULLBACK -> ACCELERATION -> PULLBACK -> ACCELERATION -> EXIT,29,ACCELERATION,8.2048
short_2026-06-02T120000_VICUSDT,short,2026-06-02 12:00:00,VICUSDT,EARLY_BREAKOUT -> WEAK_TREND -> ACCELERATION -> WEAK_TREND -> PULLBACK -> ACCELERATION -> HEALTHY_TREND -> WEAK_TREND -> ACCELERATION -> HEALTHY_TREND -> ACCELERATION -> WEAK_TREND -> ACCELERATION -> HEALTHY_TREND -> PULLBACK -> ACCELERATION -> PULLBACK -> ACCELERATION -> HEALTHY_TREND -> ACCELERATION -> WEAK_TREND -> ACCELERATION -> HEALTHY_TREND -> WEAK_TREND -> PULLBACK -> ACCELERATION -> PULLBACK -> ACCELERATION -> PULLBACK -> ACCELERATION -> WEAK_TREND -> ACCELERATION -> PULLBACK -> HEALTHY_TREND -> PULLBACK -> EXIT,35,PULLBACK,14.0858
short_2026-06-02T120000_PIEVERSEUSDT,short,2026-06-02 12:00:00,PIEVERSEUSDT,EARLY_BREAKOUT -> ACCELERATION -> WEAK_TREND -> ACCELERATION -> WEAK_TREND -> ACCELERATION -> PULLBACK -> EXHAUSTION -> ACCELERATION -> PULLBACK -> EXHAUSTION -> ACCELERATION -> EXHAUSTION -> PULLBACK -> ACCELERATION -> EXHAUSTION -> FAKE_BREAKOUT -> PULLBACK -> EXHAUSTION -> ACCELERATION -> EXHAUSTION -> ACCELERATION -> HEALTHY_TREND -> WEAK_TREND -> PULLBACK -> EXHAUSTION -> PULLBACK -> EXHAUSTION -> FAKE_BREAKOUT -> ACCELERATION -> FAKE_BREAKOUT -> REVERSAL -> EXIT,32,REVERSAL,-7.983
short_2026-06-02T120000_HIVEUSDT,short,2026-06-02 12:00:00,HIVEUSDT,EARLY_BREAKOUT -> ACCELERATION -> WEAK_TREND -> ACCELERATION -> WEAK_TREND -> ACCELERATION -> WEAK_TREND -> PULLBACK -> HEALTHY_TREND -> PULLBACK -> ACCELERATION -> WEAK_TREND -> PULLBACK -> HEALTHY_TREND -> WEAK_TREND -> HEALTHY_TREND -> PULLBACK -> ACCELERATION -> HEALTHY_TREND -> WEAK_TREND -> ACCELERATION -> HEALTHY_TREND -> WEAK_TREND -> HEALTHY_TREND -> WEAK_TREND -> ACCELERATION -> WEAK_TREND -> ACCELERATION -> EXIT,28,ACCELERATION,9.9146
short_2026-06-02T120000_AERGOUSDT,short,2026-06-02 12:00:00,AERGOUSDT,EARLY_BREAKOUT -> WEAK_TREND -> ACCELERATION -> WEAK_TREND -> ACCELERATION -> WEAK_TREND -> PULLBACK -> EXHAUSTION -> FAKE_BREAKOUT -> PULLBACK -> EXHAUSTION -> ACCELERATION -> HEALTHY_TREND -> PULLBACK -> ACCELERATION -> PULLBACK -> ACCELERATION -> PULLBACK -> ACCELERATION -> PULLBACK -> ACCELERATION -> PULLBACK -> ACCELERATION -> WEAK_TREND -> ACCELERATION -> WEAK_TREND -> ACCELERATION -> WEAK_TREND -> ACCELERATION -> HEALTHY_TREND -> ACCELERATION -> HEALTHY_TREND -> WEAK_TREND -> EXIT,33,WEAK_TREND,10.8339
short_2026-06-02T120000_HUSDT,short,2026-06-02 12:00:00,HUSDT,EARLY_BREAKOUT -> REVERSAL -> ACCELERATION -> REVERSAL -> WEAK_TREND -> REVERSAL -> WEAK_TREND -> REVERSAL -> FAKE_BREAKOUT -> HEALTHY_TREND -> ACCELERATION -> WEAK_TREND -> FAKE_BREAKOUT -> ACCELERATION -> FAKE_BREAKOUT -> ACCELERATION -> PULLBACK -> HEALTHY_TREND -> ACCELERATION -> HEALTHY_TREND -> PULLBACK -> ACCELERATION -> PULLBACK -> EXHAUSTION -> PULLBACK -> EXIT,25,PULLBACK,16.9319
long_2026-06-02T140000_SKYAIUSDT,long,2026-06-02 14:00:00,SKYAIUSDT,EARLY_BREAKOUT -> ACCELERATION -> EARLY_BREAKOUT -> ACCELERATION -> HEALTHY_TREND -> PULLBACK -> ACCELERATION -> FAKE_BREAKOUT -> PULLBACK -> FAKE_BREAKOUT -> REVERSAL -> EXIT,11,REVERSAL,-37.0192
long_2026-06-02T140000_CLOUSDT,long,2026-06-02 14:00:00,CLOUSDT,EARLY_BREAKOUT -> WEAK_TREND -> ACCELERATION -> EARLY_BREAKOUT -> HEALTHY_TREND -> PULLBACK -> EXHAUSTION -> PULLBACK -> EXHAUSTION -> FAKE_BREAKOUT -> ACCELERATION -> PULLBACK -> ACCELERATION -> PULLBACK -> ACCELERATION -> EXHAUSTION -> FAKE_BREAKOUT -> REVERSAL -> FAKE_BREAKOUT -> REVERSAL -> FAKE_BREAKOUT -> ACCELERATION -> PULLBACK -> HEALTHY_TREND -> ACCELERATION -> WEAK_TREND -> ACCELERATION -> HEALTHY_TREND -> ACCELERATION -> HEALTHY_TREND -> WEAK_TREND -> PULLBACK -> ACCELERATION -> EXHAUSTION -> FAKE_BREAKOUT -> PULLBACK -> ACCELERATION -> PULLBACK -> ACCELERATION -> HEALTHY_TREND -> PULLBACK -> EXIT,41,PULLBACK,13.1678
long_2026-06-02T140000_EPICUSDT,long,2026-06-02 14:00:00,EPICUSDT,EARLY_BREAKOUT -> ACCELERATION -> HEALTHY_TREND -> WEAK_TREND -> ACCELERATION -> EXHAUSTION -> FAKE_BREAKOUT -> REVERSAL -> FAKE_BREAKOUT -> ACCELERATION -> PULLBACK -> ACCELERATION -> EXHAUSTION -> ACCELERATION -> EXHAUSTION -> ACCELERATION -> EXHAUSTION -> ACCELERATION -> PULLBACK -> ACCELERATION -> PULLBACK -> EXHAUSTION -> PULLBACK -> ACCELERATION -> EXHAUSTION -> ACCELERATION -> EXHAUSTION -> ACCELERATION -> EXHAUSTION -> FAKE_BREAKOUT -> EXIT,30,FAKE_BREAKOUT,9.4634
long_2026-06-02T140000_AIAUSDT,long,2026-06-02 14:00:00,AIAUSDT,EARLY_BREAKOUT -> ACCELERATION -> EARLY_BREAKOUT -> HEALTHY_TREND -> PULLBACK -> ACCELERATION -> PULLBACK -> ACCELERATION -> WEAK_TREND -> ACCELERATION -> WEAK_TREND -> ACCELERATION -> PULLBACK -> EXHAUSTION -> PULLBACK -> EXHAUSTION -> FAKE_BREAKOUT -> PULLBACK -> FAKE_BREAKOUT -> ACCELERATION -> PULLBACK -> EXHAUSTION -> ACCELERATION -> EXHAUSTION -> FAKE_BREAKOUT -> REVERSAL -> EXIT,26,REVERSAL,-2.9194
long_2026-06-02T140000_PRLUSDT,long,2026-06-02 14:00:00,PRLUSDT,EARLY_BREAKOUT -> REVERSAL -> FAKE_BREAKOUT -> PULLBACK -> ACCELERATION -> PULLBACK -> FAKE_BREAKOUT -> ACCELERATION -> HEALTHY_TREND -> ACCELERATION -> WEAK_TREND -> PULLBACK -> ACCELERATION -> HEALTHY_TREND -> WEAK_TREND -> ACCELERATION -> HEALTHY_TREND -> PULLBACK -> FAKE_BREAKOUT -> PULLBACK -> FAKE_BREAKOUT -> ACCELERATION -> FAKE_BREAKOUT -> REVERSAL -> EXIT,24,REVERSAL,-1.9427
short_2026-06-02T140000_STGUSDT,short,2026-06-02 14:00:00,STGUSDT,EARLY_BREAKOUT -> ACCELERATION -> HEALTHY_TREND -> WEAK_TREND -> ACCELERATION -> EXHAUSTION -> REVERSAL -> FAKE_BREAKOUT -> REVERSAL -> FAKE_BREAKOUT -> REVERSAL -> FAKE_BREAKOUT -> ACCELERATION -> HEALTHY_TREND -> WEAK_TREND -> ACCELERATION -> PULLBACK -> ACCELERATION -> PULLBACK -> ACCELERATION -> WEAK_TREND -> ACCELERATION -> PULLBACK -> FAKE_BREAKOUT -> ACCELERATION -> PULLBACK -> ACCELERATION -> PULLBACK -> ACCELERATION -> HEALTHY_TREND -> PULLBACK -> EXIT,31,PULLBACK,14.0767
short_2026-06-02T140000_ESPORTSUSDT,short,2026-06-02 14:00:00,ESPORTSUSDT,EARLY_BREAKOUT -> FAKE_BREAKOUT -> ACCELERATION -> FAKE_BREAKOUT -> ACCELERATION -> REVERSAL -> PULLBACK -> FAKE_BREAKOUT -> REVERSAL -> ACCELERATION -> HEALTHY_TREND -> REVERSAL -> ACCELERATION -> HEALTHY_TREND -> WEAK_TREND -> PULLBACK -> FAKE_BREAKOUT -> ACCELERATION -> HEALTHY_TREND -> PULLBACK -> ACCELERATION -> PULLBACK -> HEALTHY_TREND -> WEAK_TREND -> ACCELERATION -> WEAK_TREND -> PULLBACK -> ACCELERATION -> PULLBACK -> EXHAUSTION -> PULLBACK -> EXHAUSTION -> EXIT,32,EXHAUSTION,8.9552
short_2026-06-02T140000_PARTIUSDT,short,2026-06-02 14:00:00,PARTIUSDT,EARLY_BREAKOUT -> ACCELERATION -> HEALTHY_TREND -> WEAK_TREND -> FAKE_BREAKOUT -> REVERSAL -> PULLBACK -> ACCELERATION -> WEAK_TREND -> ACCELERATION -> HEALTHY_TREND -> WEAK_TREND -> PULLBACK -> EXHAUSTION -> PULLBACK -> FAKE_BREAKOUT -> REVERSAL -> FAKE_BREAKOUT -> ACCELERATION -> EXHAUSTION -> FAKE_BREAKOUT -> EXIT,21,FAKE_BREAKOUT,2.2891
short_2026-06-02T140000_ICNTUSDT,short,2026-06-02 14:00:00,ICNTUSDT,EARLY_BREAKOUT -> ACCELERATION -> HEALTHY_TREND -> ACCELERATION -> HEALTHY_TREND -> WEAK_TREND -> HEALTHY_TREND -> WEAK_TREND -> ACCELERATION -> WEAK_TREND -> ACCELERATION -> WEAK_TREND -> ACCELERATION -> HEALTHY_TREND -> PULLBACK -> ACCELERATION -> WEAK_TREND -> EXHAUSTION -> FAKE_BREAKOUT -> ACCELERATION -> PULLBACK -> EXHAUSTION -> ACCELERATION -> EXHAUSTION -> ACCELERATION -> PULLBACK -> ACCELERATION -> FAKE_BREAKOUT -> ACCELERATION -> FAKE_BREAKOUT -> ACCELERATION -> EXHAUSTION -> PULLBACK -> ACCELERATION -> EXHAUSTION -> EXIT,35,EXHAUSTION,1.3378
short_2026-06-02T140000_NEARUSDT,short,2026-06-02 14:00:00,NEARUSDT,EARLY_BREAKOUT -> ACCELERATION -> WEAK_TREND -> ACCELERATION -> HEALTHY_TREND -> WEAK_TREND -> HEALTHY_TREND -> FAKE_BREAKOUT -> ACCELERATION -> EXHAUSTION -> FAKE_BREAKOUT -> ACCELERATION -> REVERSAL -> FAKE_BREAKOUT -> REVERSAL -> FAKE_BREAKOUT -> REVERSAL -> ACCELERATION -> FAKE_BREAKOUT -> ACCELERATION -> HEALTHY_TREND -> ACCELERATION -> WEAK_TREND -> PULLBACK -> EXHAUSTION -> PULLBACK -> EXHAUSTION -> EXIT,27,EXHAUSTION,2.9035
long_2026-06-02T160000_NILUSDT,long,2026-06-02 16:00:00,NILUSDT,EARLY_BREAKOUT -> REVERSAL -> ACCELERATION -> EARLY_BREAKOUT -> WEAK_TREND -> PULLBACK -> EXHAUSTION -> PULLBACK -> FAKE_BREAKOUT -> REVERSAL -> FAKE_BREAKOUT -> REVERSAL -> FAKE_BREAKOUT -> REVERSAL -> EXIT,14,REVERSAL,-5.4005
long_2026-06-02T160000_JTOUSDT,long,2026-06-02 16:00:00,JTOUSDT,EARLY_BREAKOUT -> ACCELERATION -> WEAK_TREND -> ACCELERATION -> HEALTHY_TREND -> PULLBACK -> ACCELERATION -> PULLBACK -> EXHAUSTION -> FAKE_BREAKOUT -> PULLBACK -> FAKE_BREAKOUT -> REVERSAL -> FAKE_BREAKOUT -> REVERSAL -> EXIT,15,REVERSAL,-4.3898
long_2026-06-02T160000_USELESSUSDT,long,2026-06-02 16:00:00,USELESSUSDT,EARLY_BREAKOUT -> ACCELERATION -> EARLY_BREAKOUT -> ACCELERATION -> HEALTHY_TREND -> ACCELERATION -> HEALTHY_TREND -> WEAK_TREND -> PULLBACK -> HEALTHY_TREND -> PULLBACK -> ACCELERATION -> HEALTHY_TREND -> ACCELERATION -> WEAK_TREND -> ACCELERATION -> PULLBACK -> ACCELERATION -> HEALTHY_TREND -> WEAK_TREND -> ACCELERATION -> HEALTHY_TREND -> ACCELERATION -> HEALTHY_TREND -> ACCELERATION -> PULLBACK -> ACCELERATION -> HEALTHY_TREND -> PULLBACK -> EXHAUSTION -> PULLBACK -> EXIT,31,PULLBACK,14.0415
long_2026-06-02T160000_RIFUSDT,long,2026-06-02 16:00:00,RIFUSDT,EARLY_BREAKOUT -> WEAK_TREND -> ACCELERATION -> HEALTHY_TREND -> WEAK_TREND -> FAKE_BREAKOUT -> PULLBACK -> HEALTHY_TREND -> WEAK_TREND -> ACCELERATION -> PULLBACK -> ACCELERATION -> WEAK_TREND -> HEALTHY_TREND -> ACCELERATION -> WEAK_TREND -> ACCELERATION -> REVERSAL -> FAKE_BREAKOUT -> ACCELERATION -> EXHAUSTION -> ACCELERATION -> PULLBACK -> ACCELERATION -> PULLBACK -> ACCELERATION -> PULLBACK -> ACCELERATION -> PULLBACK -> EXHAUSTION -> PULLBACK -> EXHAUSTION -> EXIT,32,EXHAUSTION,3.8536
long_2026-06-02T160000_GUAUSDT,long,2026-06-02 16:00:00,GUAUSDT,EARLY_BREAKOUT -> ACCELERATION -> EXHAUSTION -> ACCELERATION -> HEALTHY_TREND -> PULLBACK -> ACCELERATION -> PULLBACK -> ACCELERATION -> HEALTHY_TREND -> ACCELERATION -> WEAK_TREND -> ACCELERATION -> PULLBACK -> EXHAUSTION -> PULLBACK -> ACCELERATION -> HEALTHY_TREND -> ACCELERATION -> PULLBACK -> EXHAUSTION -> PULLBACK -> ACCELERATION -> PULLBACK -> ACCELERATION -> PULLBACK -> ACCELERATION -> PULLBACK -> ACCELERATION -> HEALTHY_TREND -> PULLBACK -> ACCELERATION -> HEALTHY_TREND -> PULLBACK -> EXHAUSTION -> PULLBACK -> EXIT,36,PULLBACK,6.9113
short_2026-06-02T160000_SKYAIUSDT,short,2026-06-02 16:00:00,SKYAIUSDT,EARLY_BREAKOUT -> ACCELERATION -> EARLY_BREAKOUT -> PULLBACK -> EXHAUSTION -> FAKE_BREAKOUT -> PULLBACK -> ACCELERATION -> HEALTHY_TREND -> PULLBACK -> ACCELERATION -> HEALTHY_TREND -> PULLBACK -> ACCELERATION -> PULLBACK -> ACCELERATION -> HEALTHY_TREND -> ACCELERATION -> WEAK_TREND -> ACCELERATION -> HEALTHY_TREND -> ACCELERATION -> WEAK_TREND -> HEALTHY_TREND -> PULLBACK -> ACCELERATION -> PULLBACK -> ACCELERATION -> PULLBACK -> ACCELERATION -> PULLBACK -> EXIT,31,PULLBACK,51.2528
short_2026-06-02T160000_WLDUSDT,short,2026-06-02 16:00:00,WLDUSDT,EARLY_BREAKOUT -> ACCELERATION -> EARLY_BREAKOUT -> ACCELERATION -> HEALTHY_TREND -> ACCELERATION -> WEAK_TREND -> PULLBACK -> ACCELERATION -> WEAK_TREND -> ACCELERATION -> WEAK_TREND -> PULLBACK -> ACCELERATION -> PULLBACK -> ACCELERATION -> WEAK_TREND -> PULLBACK -> ACCELERATION -> PULLBACK -> ACCELERATION -> WEAK_TREND -> ACCELERATION -> PULLBACK -> ACCELERATION -> PULLBACK -> ACCELERATION -> EXIT,27,ACCELERATION,11.766
short_2026-06-02T160000_HUSDT,short,2026-06-02 16:00:00,HUSDT,EARLY_BREAKOUT -> REVERSAL -> EARLY_BREAKOUT -> REVERSAL -> FAKE_BREAKOUT -> REVERSAL -> FAKE_BREAKOUT -> ACCELERATION -> HEALTHY_TREND -> ACCELERATION -> WEAK_TREND -> PULLBACK -> ACCELERATION -> EXHAUSTION -> ACCELERATION -> EXHAUSTION -> ACCELERATION -> PULLBACK -> HEALTHY_TREND -> ACCELERATION -> HEALTHY_TREND -> PULLBACK -> ACCELERATION -> PULLBACK -> EXHAUSTION -> PULLBACK -> ACCELERATION -> PULLBACK -> EXHAUSTION -> PULLBACK -> ACCELERATION -> PULLBACK -> ACCELERATION -> PULLBACK -> ACCELERATION -> PULLBACK -> ACCELERATION -> PULLBACK -> EXIT,38,PULLBACK,18.1756
short_2026-06-02T160000_PARTIUSDT,short,2026-06-02 16:00:00,PARTIUSDT,EARLY_BREAKOUT -> ACCELERATION -> WEAK_TREND -> ACCELERATION -> HEALTHY_TREND -> WEAK_TREND -> PULLBACK -> EXHAUSTION -> PULLBACK -> FAKE_BREAKOUT -> REVERSAL -> FAKE_BREAKOUT -> ACCELERATION -> FAKE_BREAKOUT -> ACCELERATION -> PULLBACK -> EXHAUSTION -> FAKE_BREAKOUT -> ACCELERATION -> PULLBACK -> FAKE_BREAKOUT -> ACCELERATION -> PULLBACK -> EXHAUSTION -> ACCELERATION -> EXHAUSTION -> EXIT,26,EXHAUSTION,3.0699
short_2026-06-02T160000_OPGUSDT,short,2026-06-02 16:00:00,OPGUSDT,EARLY_BREAKOUT -> ACCELERATION -> WEAK_TREND -> ACCELERATION -> HEALTHY_TREND -> EXHAUSTION -> PULLBACK -> HEALTHY_TREND -> PULLBACK -> EXHAUSTION -> PULLBACK -> EXHAUSTION -> PULLBACK -> EXHAUSTION -> FAKE_BREAKOUT -> REVERSAL -> FAKE_BREAKOUT -> ACCELERATION -> PULLBACK -> ACCELERATION -> PULLBACK -> ACCELERATION -> WEAK_TREND -> PULLBACK -> ACCELERATION -> WEAK_TREND -> ACCELERATION -> WEAK_TREND -> PULLBACK -> ACCELERATION -> WEAK_TREND -> ACCELERATION -> WEAK_TREND -> ACCELERATION -> HEALTHY_TREND -> EXIT,35,HEALTHY_TREND,12.6847
long_2026-06-02T180000_EPICUSDT,long,2026-06-02 18:00:00,EPICUSDT,EARLY_BREAKOUT -> FAKE_BREAKOUT -> ACCELERATION -> FAKE_BREAKOUT -> ACCELERATION -> PULLBACK -> ACCELERATION -> PULLBACK -> EXHAUSTION -> PULLBACK -> FAKE_BREAKOUT -> ACCELERATION -> FAKE_BREAKOUT -> REVERSAL -> FAKE_BREAKOUT -> REVERSAL -> FAKE_BREAKOUT -> REVERSAL -> FAKE_BREAKOUT -> REVERSAL -> FAKE_BREAKOUT -> EXIT,21,FAKE_BREAKOUT,1.5625
long_2026-06-02T180000_PARTIUSDT,long,2026-06-02 18:00:00,PARTIUSDT,EARLY_BREAKOUT -> WEAK_TREND -> ACCELERATION -> HEALTHY_TREND -> WEAK_TREND -> ACCELERATION -> HEALTHY_TREND -> WEAK_TREND -> ACCELERATION -> HEALTHY_TREND -> ACCELERATION -> HEALTHY_TREND -> WEAK_TREND -> ACCELERATION -> PULLBACK -> HEALTHY_TREND -> PULLBACK -> EXHAUSTION -> PULLBACK -> FAKE_BREAKOUT -> ACCELERATION -> PULLBACK -> FAKE_BREAKOUT -> REVERSAL -> EXIT,24,REVERSAL,-0.2154
long_2026-06-02T180000_LABUSDT,long,2026-06-02 18:00:00,LABUSDT,EARLY_BREAKOUT -> ACCELERATION -> HEALTHY_TREND -> ACCELERATION -> EXHAUSTION -> ACCELERATION -> HEALTHY_TREND -> ACCELERATION -> PULLBACK -> HEALTHY_TREND -> ACCELERATION -> WEAK_TREND -> PULLBACK -> ACCELERATION -> PULLBACK -> FAKE_BREAKOUT -> PULLBACK -> ACCELERATION -> PULLBACK -> ACCELERATION -> WEAK_TREND -> ACCELERATION -> HEALTHY_TREND -> WEAK_TREND -> ACCELERATION -> HEALTHY_TREND -> WEAK_TREND -> ACCELERATION -> HEALTHY_TREND -> WEAK_TREND -> ACCELERATION -> HEALTHY_TREND -> PULLBACK -> ACCELERATION -> HEALTHY_TREND -> EXIT,35,HEALTHY_TREND,36.5441
long_2026-06-02T180000_PIEVERSEUSDT,long,2026-06-02 18:00:00,PIEVERSEUSDT,EARLY_BREAKOUT -> ACCELERATION -> EARLY_BREAKOUT -> ACCELERATION -> WEAK_TREND -> ACCELERATION -> HEALTHY_TREND -> ACCELERATION -> WEAK_TREND -> PULLBACK -> HEALTHY_TREND -> ACCELERATION -> HEALTHY_TREND -> PULLBACK -> EXHAUSTION -> PULLBACK -> ACCELERATION -> PULLBACK -> ACCELERATION -> PULLBACK -> ACCELERATION -> PULLBACK -> ACCELERATION -> HEALTHY_TREND -> ACCELERATION -> HEALTHY_TREND -> ACCELERATION -> HEALTHY_TREND -> ACCELERATION -> PULLBACK -> ACCELERATION -> PULLBACK -> ACCELERATION -> PULLBACK -> EXHAUSTION -> EXIT,35,EXHAUSTION,18.4403
long_2026-06-02T180000_AIOUSDT,long,2026-06-02 18:00:00,AIOUSDT,EARLY_BREAKOUT -> ACCELERATION -> EARLY_BREAKOUT -> WEAK_TREND -> PULLBACK -> REVERSAL -> EXIT,6,REVERSAL,-6.1909
short_2026-06-02T180000_SKYAIUSDT,short,2026-06-02 18:00:00,SKYAIUSDT,EARLY_BREAKOUT -> ACCELERATION -> PULLBACK -> ACCELERATION -> HEALTHY_TREND -> PULLBACK -> ACCELERATION -> PULLBACK -> ACCELERATION -> HEALTHY_TREND -> ACCELERATION -> WEAK_TREND -> ACCELERATION -> HEALTHY_TREND -> ACCELERATION -> WEAK_TREND -> HEALTHY_TREND -> PULLBACK -> ACCELERATION -> PULLBACK -> ACCELERATION -> PULLBACK -> ACCELERATION -> PULLBACK -> EXIT,24,PULLBACK,44.4959
short_2026-06-02T180000_BSBUSDT,short,2026-06-02 18:00:00,BSBUSDT,EARLY_BREAKOUT -> ACCELERATION -> PULLBACK -> ACCELERATION -> WEAK_TREND -> EXHAUSTION -> PULLBACK -> ACCELERATION -> HEALTHY_TREND -> WEAK_TREND -> PULLBACK -> ACCELERATION -> HEALTHY_TREND -> WEAK_TREND -> ACCELERATION -> WEAK_TREND -> PULLBACK -> ACCELERATION -> PULLBACK -> ACCELERATION -> WEAK_TREND -> ACCELERATION -> WEAK_TREND -> PULLBACK -> ACCELERATION -> WEAK_TREND -> PULLBACK -> ACCELERATION -> EXIT,28,ACCELERATION,11.4975
short_2026-06-02T180000_CLOUSDT,short,2026-06-02 18:00:00,CLOUSDT,EARLY_BREAKOUT -> ACCELERATION -> PULLBACK -> ACCELERATION -> PULLBACK -> EXHAUSTION -> PULLBACK -> EXHAUSTION -> FAKE_BREAKOUT -> REVERSAL -> FAKE_BREAKOUT -> REVERSAL -> EXIT,12,REVERSAL,-3.1906
short_2026-06-02T180000_JTOUSDT,short,2026-06-02 18:00:00,JTOUSDT,EARLY_BREAKOUT -> WEAK_TREND -> ACCELERATION -> HEALTHY_TREND -> ACCELERATION -> HEALTHY_TREND -> ACCELERATION -> WEAK_TREND -> PULLBACK -> ACCELERATION -> HEALTHY_TREND -> ACCELERATION -> PULLBACK -> ACCELERATION -> WEAK_TREND -> PULLBACK -> ACCELERATION -> WEAK_TREND -> ACCELERATION -> WEAK_TREND -> ACCELERATION -> PULLBACK -> ACCELERATION -> PULLBACK -> ACCELERATION -> HEALTHY_TREND -> ACCELERATION -> HEALTHY_TREND -> ACCELERATION -> HEALTHY_TREND -> WEAK_TREND -> PULLBACK -> HEALTHY_TREND -> PULLBACK -> EXIT,34,PULLBACK,15.4576
short_2026-06-02T180000_NILUSDT,short,2026-06-02 18:00:00,NILUSDT,EARLY_BREAKOUT -> ACCELERATION -> HEALTHY_TREND -> ACCELERATION -> WEAK_TREND -> ACCELERATION -> PULLBACK -> ACCELERATION -> HEALTHY_TREND -> WEAK_TREND -> ACCELERATION -> WEAK_TREND -> PULLBACK -> ACCELERATION -> WEAK_TREND -> PULLBACK -> ACCELERATION -> WEAK_TREND -> PULLBACK -> ACCELERATION -> PULLBACK -> ACCELERATION -> WEAK_TREND -> ACCELERATION -> HEALTHY_TREND -> ACCELERATION -> HEALTHY_TREND -> WEAK_TREND -> PULLBACK -> ACCELERATION -> WEAK_TREND -> PULLBACK -> ACCELERATION -> EXIT,33,ACCELERATION,10.6473
long_2026-06-02T200000_MYXUSDT,long,2026-06-02 20:00:00,MYXUSDT,EARLY_BREAKOUT -> ACCELERATION -> WEAK_TREND -> ACCELERATION -> PULLBACK -> ACCELERATION -> PULLBACK -> HEALTHY_TREND -> PULLBACK -> ACCELERATION -> PULLBACK -> ACCELERATION -> HEALTHY_TREND -> WEAK_TREND -> ACCELERATION -> PULLBACK -> ACCELERATION -> PULLBACK -> ACCELERATION -> PULLBACK -> ACCELERATION -> WEAK_TREND -> ACCELERATION -> WEAK_TREND -> ACCELERATION -> PULLBACK -> HEALTHY_TREND -> ACCELERATION -> WEAK_TREND -> ACCELERATION -> PULLBACK -> HEALTHY_TREND -> PULLBACK -> HEALTHY_TREND -> ACCELERATION -> WEAK_TREND -> ACCELERATION -> WEAK_TREND -> PULLBACK -> ACCELERATION -> EXIT,40,ACCELERATION,9.1164
long_2026-06-02T200000_EPICUSDT,long,2026-06-02 20:00:00,EPICUSDT,EARLY_BREAKOUT -> ACCELERATION -> PULLBACK -> REVERSAL -> FAKE_BREAKOUT -> REVERSAL -> EXIT,6,REVERSAL,-8.9901
long_2026-06-02T200000_QNTUSDT,long,2026-06-02 20:00:00,QNTUSDT,EARLY_BREAKOUT -> ACCELERATION -> EARLY_BREAKOUT -> ACCELERATION -> WEAK_TREND -> HEALTHY_TREND -> WEAK_TREND -> HEALTHY_TREND -> EXHAUSTION -> ACCELERATION -> HEALTHY_TREND -> EXHAUSTION -> FAKE_BREAKOUT -> REVERSAL -> FAKE_BREAKOUT -> REVERSAL -> FAKE_BREAKOUT -> ACCELERATION -> HEALTHY_TREND -> WEAK_TREND -> ACCELERATION -> WEAK_TREND -> PULLBACK -> EXHAUSTION -> PULLBACK -> EXHAUSTION -> FAKE_BREAKOUT -> EXIT,27,FAKE_BREAKOUT,1.3771
long_2026-06-02T200000_USELESSUSDT,long,2026-06-02 20:00:00,USELESSUSDT,EARLY_BREAKOUT -> ACCELERATION -> EARLY_BREAKOUT -> ACCELERATION -> FAKE_BREAKOUT -> ACCELERATION -> HEALTHY_TREND -> WEAK_TREND -> ACCELERATION -> HEALTHY_TREND -> ACCELERATION -> HEALTHY_TREND -> ACCELERATION -> EXHAUSTION -> PULLBACK -> EXHAUSTION -> PULLBACK -> FAKE_BREAKOUT -> ACCELERATION -> HEALTHY_TREND -> PULLBACK -> FAKE_BREAKOUT -> REVERSAL -> FAKE_BREAKOUT -> ACCELERATION -> PULLBACK -> ACCELERATION -> EXHAUSTION -> PULLBACK -> EXHAUSTION -> FAKE_BREAKOUT -> EXIT,31,FAKE_BREAKOUT,2.8306
long_2026-06-02T200000_TRADOORUSDT,long,2026-06-02 20:00:00,TRADOORUSDT,EARLY_BREAKOUT -> ACCELERATION -> HEALTHY_TREND -> WEAK_TREND -> EXHAUSTION -> PULLBACK -> FAKE_BREAKOUT -> REVERSAL -> FAKE_BREAKOUT -> REVERSAL -> FAKE_BREAKOUT -> REVERSAL -> EXIT,12,REVERSAL,-3.9602
short_2026-06-02T200000_HUSDT,short,2026-06-02 20:00:00,HUSDT,EARLY_BREAKOUT -> REVERSAL -> ACCELERATION -> REVERSAL -> FAKE_BREAKOUT -> HEALTHY_TREND -> ACCELERATION -> HEALTHY_TREND -> PULLBACK -> ACCELERATION -> PULLBACK -> FAKE_BREAKOUT -> PULLBACK -> ACCELERATION -> EXHAUSTION -> FAKE_BREAKOUT -> PULLBACK -> EXHAUSTION -> ACCELERATION -> EXHAUSTION -> PULLBACK -> ACCELERATION -> PULLBACK -> ACCELERATION -> PULLBACK -> ACCELERATION -> PULLBACK -> EXHAUSTION -> FAKE_BREAKOUT -> PULLBACK -> FAKE_BREAKOUT -> ACCELERATION -> EXHAUSTION -> PULLBACK -> EXIT,34,PULLBACK,7.5309
short_2026-06-02T200000_ESPORTSUSDT,short,2026-06-02 20:00:00,ESPORTSUSDT,EARLY_BREAKOUT -> WEAK_TREND -> ACCELERATION -> HEALTHY_TREND -> PULLBACK -> ACCELERATION -> PULLBACK -> HEALTHY_TREND -> WEAK_TREND -> ACCELERATION -> WEAK_TREND -> PULLBACK -> ACCELERATION -> PULLBACK -> EXHAUSTION -> PULLBACK -> EXHAUSTION -> FAKE_BREAKOUT -> REVERSAL -> FAKE_BREAKOUT -> EXIT,20,FAKE_BREAKOUT,1.518
short_2026-06-02T200000_UBUSDT,short,2026-06-02 20:00:00,UBUSDT,EARLY_BREAKOUT -> ACCELERATION -> EARLY_BREAKOUT -> EXHAUSTION -> ACCELERATION -> FAKE_BREAKOUT -> REVERSAL -> ACCELERATION -> HEALTHY_TREND -> WEAK_TREND -> ACCELERATION -> HEALTHY_TREND -> PULLBACK -> ACCELERATION -> HEALTHY_TREND -> WEAK_TREND -> ACCELERATION -> PULLBACK -> ACCELERATION -> PULLBACK -> HEALTHY_TREND -> PULLBACK -> ACCELERATION -> HEALTHY_TREND -> ACCELERATION -> WEAK_TREND -> EXIT,26,WEAK_TREND,40.6049
short_2026-06-02T200000_BSBUSDT,short,2026-06-02 20:00:00,BSBUSDT,EARLY_BREAKOUT -> ACCELERATION -> EARLY_BREAKOUT -> WEAK_TREND -> PULLBACK -> ACCELERATION -> HEALTHY_TREND -> WEAK_TREND -> ACCELERATION -> WEAK_TREND -> PULLBACK -> ACCELERATION -> PULLBACK -> ACCELERATION -> WEAK_TREND -> ACCELERATION -> WEAK_TREND -> PULLBACK -> ACCELERATION -> WEAK_TREND -> PULLBACK -> EXHAUSTION -> PULLBACK -> ACCELERATION -> FAKE_BREAKOUT -> PULLBACK -> ACCELERATION -> PULLBACK -> ACCELERATION -> PULLBACK -> EXIT,30,PULLBACK,8.628
short_2026-06-02T200000_AIOUSDT,short,2026-06-02 20:00:00,AIOUSDT,EARLY_BREAKOUT -> ACCELERATION -> WEAK_TREND -> FAKE_BREAKOUT -> HEALTHY_TREND -> WEAK_TREND -> EXHAUSTION -> HEALTHY_TREND -> ACCELERATION -> PULLBACK -> EXHAUSTION -> HEALTHY_TREND -> PULLBACK -> ACCELERATION -> PULLBACK -> ACCELERATION -> PULLBACK -> EXHAUSTION -> FAKE_BREAKOUT -> PULLBACK -> FAKE_BREAKOUT -> REVERSAL -> FAKE_BREAKOUT -> ACCELERATION -> FAKE_BREAKOUT -> REVERSAL -> FAKE_BREAKOUT -> REVERSAL -> FAKE_BREAKOUT -> EXIT,29,FAKE_BREAKOUT,0.3117
long_2026-06-02T220000_CLOUSDT,long,2026-06-02 22:00:00,CLOUSDT,EARLY_BREAKOUT -> ACCELERATION -> EARLY_BREAKOUT -> WEAK_TREND -> FAKE_BREAKOUT -> ACCELERATION -> REVERSAL -> FAKE_BREAKOUT -> ACCELERATION -> HEALTHY_TREND -> PULLBACK -> FAKE_BREAKOUT -> PULLBACK -> EXHAUSTION -> FAKE_BREAKOUT -> PULLBACK -> FAKE_BREAKOUT -> ACCELERATION -> PULLBACK -> ACCELERATION -> FAKE_BREAKOUT -> PULLBACK -> ACCELERATION -> FAKE_BREAKOUT -> ACCELERATION -> HEALTHY_TREND -> PULLBACK -> EXHAUSTION -> PULLBACK -> ACCELERATION -> PULLBACK -> HEALTHY_TREND -> EXIT,32,HEALTHY_TREND,7.2582
long_2026-06-02T220000_SLXUSDT,long,2026-06-02 22:00:00,SLXUSDT,EARLY_BREAKOUT -> EXHAUSTION -> ACCELERATION -> PULLBACK -> ACCELERATION -> HEALTHY_TREND -> PULLBACK -> EXHAUSTION -> PULLBACK -> EXHAUSTION -> PULLBACK -> EXHAUSTION -> FAKE_BREAKOUT -> REVERSAL -> FAKE_BREAKOUT -> REVERSAL -> EXIT,16,REVERSAL,-1.132
long_2026-06-02T220000_AINUSDT,long,2026-06-02 22:00:00,AINUSDT,EARLY_BREAKOUT -> ACCELERATION -> PULLBACK -> ACCELERATION -> EXHAUSTION -> FAKE_BREAKOUT -> REVERSAL -> EXIT,7,REVERSAL,-3.6743
long_2026-06-02T220000_CYSUSDT,long,2026-06-02 22:00:00,CYSUSDT,EARLY_BREAKOUT -> EXHAUSTION -> ACCELERATION -> HEALTHY_TREND -> ACCELERATION -> HEALTHY_TREND -> PULLBACK -> EXHAUSTION -> PULLBACK -> FAKE_BREAKOUT -> ACCELERATION -> EXHAUSTION -> ACCELERATION -> HEALTHY_TREND -> PULLBACK -> EXHAUSTION -> PULLBACK -> ACCELERATION -> PULLBACK -> ACCELERATION -> PULLBACK -> ACCELERATION -> PULLBACK -> ACCELERATION -> HEALTHY_TREND -> WEAK_TREND -> PULLBACK -> HEALTHY_TREND -> PULLBACK -> HEALTHY_TREND -> ACCELERATION -> HEALTHY_TREND -> ACCELERATION -> WEAK_TREND -> ACCELERATION -> WEAK_TREND -> HEALTHY_TREND -> EXIT,37,HEALTHY_TREND,5.076
long_2026-06-02T220000_RIFUSDT,long,2026-06-02 22:00:00,RIFUSDT,EARLY_BREAKOUT -> ACCELERATION -> HEALTHY_TREND -> ACCELERATION -> HEALTHY_TREND -> WEAK_TREND -> ACCELERATION -> WEAK_TREND -> PULLBACK -> ACCELERATION -> HEALTHY_TREND -> WEAK_TREND -> EXHAUSTION -> HEALTHY_TREND -> WEAK_TREND -> PULLBACK -> FAKE_BREAKOUT -> REVERSAL -> FAKE_BREAKOUT -> REVERSAL -> FAKE_BREAKOUT -> ACCELERATION -> FAKE_BREAKOUT -> ACCELERATION -> FAKE_BREAKOUT -> ACCELERATION -> FAKE_BREAKOUT -> EXIT,27,FAKE_BREAKOUT,0.7489
short_2026-06-02T220000_BILLUSDT,short,2026-06-02 22:00:00,BILLUSDT,EARLY_BREAKOUT -> PULLBACK -> EXHAUSTION -> PULLBACK -> ACCELERATION -> HEALTHY_TREND -> WEAK_TREND -> ACCELERATION -> PULLBACK -> ACCELERATION -> PULLBACK -> ACCELERATION -> PULLBACK -> EXHAUSTION -> PULLBACK -> EXHAUSTION -> PULLBACK -> EXHAUSTION -> PULLBACK -> EXHAUSTION -> ACCELERATION -> PULLBACK -> ACCELERATION -> PULLBACK -> ACCELERATION -> PULLBACK -> ACCELERATION -> PULLBACK -> ACCELERATION -> PULLBACK -> ACCELERATION -> PULLBACK -> EXIT,32,PULLBACK,13.1134
short_2026-06-02T220000_PIEVERSEUSDT,short,2026-06-02 22:00:00,PIEVERSEUSDT,EARLY_BREAKOUT -> ACCELERATION -> EXHAUSTION -> FAKE_BREAKOUT -> ACCELERATION -> FAKE_BREAKOUT -> REVERSAL -> FAKE_BREAKOUT -> ACCELERATION -> FAKE_BREAKOUT -> ACCELERATION -> FAKE_BREAKOUT -> ACCELERATION -> FAKE_BREAKOUT -> ACCELERATION -> HEALTHY_TREND -> EXIT,16,HEALTHY_TREND,6.5297
short_2026-06-02T220000_AIAUSDT,short,2026-06-02 22:00:00,AIAUSDT,EARLY_BREAKOUT -> ACCELERATION -> HEALTHY_TREND -> WEAK_TREND -> ACCELERATION -> WEAK_TREND -> PULLBACK -> ACCELERATION -> HEALTHY_TREND -> WEAK_TREND -> ACCELERATION -> PULLBACK -> ACCELERATION -> WEAK_TREND -> ACCELERATION -> WEAK_TREND -> EXHAUSTION -> FAKE_BREAKOUT -> PULLBACK -> EXHAUSTION -> ACCELERATION -> PULLBACK -> EXHAUSTION -> ACCELERATION -> EXHAUSTION -> ACCELERATION -> EXHAUSTION -> PULLBACK -> FAKE_BREAKOUT -> ACCELERATION -> FAKE_BREAKOUT -> ACCELERATION -> FAKE_BREAKOUT -> EXIT,33,FAKE_BREAKOUT,0.1247
short_2026-06-02T220000_UAIUSDT,short,2026-06-02 22:00:00,UAIUSDT,EARLY_BREAKOUT -> ACCELERATION -> WEAK_TREND -> ACCELERATION -> PULLBACK -> EXHAUSTION -> FAKE_BREAKOUT -> PULLBACK -> FAKE_BREAKOUT -> ACCELERATION -> PULLBACK -> EXHAUSTION -> FAKE_BREAKOUT -> PULLBACK -> ACCELERATION -> HEALTHY_TREND -> ACCELERATION -> WEAK_TREND -> ACCELERATION -> WEAK_TREND -> ACCELERATION -> HEALTHY_TREND -> ACCELERATION -> HEALTHY_TREND -> ACCELERATION -> PULLBACK -> HEALTHY_TREND -> ACCELERATION -> WEAK_TREND -> ACCELERATION -> WEAK_TREND -> PULLBACK -> EXIT,32,PULLBACK,3.8462
short_2026-06-02T220000_OPGUSDT,short,2026-06-02 22:00:00,OPGUSDT,EARLY_BREAKOUT -> ACCELERATION -> WEAK_TREND -> ACCELERATION -> WEAK_TREND -> PULLBACK -> ACCELERATION -> WEAK_TREND -> ACCELERATION -> WEAK_TREND -> PULLBACK -> ACCELERATION -> WEAK_TREND -> ACCELERATION -> WEAK_TREND -> ACCELERATION -> HEALTHY_TREND -> ACCELERATION -> WEAK_TREND -> PULLBACK -> ACCELERATION -> PULLBACK -> ACCELERATION -> PULLBACK -> ACCELERATION -> PULLBACK -> ACCELERATION -> PULLBACK -> ACCELERATION -> PULLBACK -> EXIT,30,PULLBACK,10.1457
long_2026-06-03T000000_ALLOUSDT,long,2026-06-03 00:00:00,ALLOUSDT,EARLY_BREAKOUT -> ACCELERATION -> EARLY_BREAKOUT -> ACCELERATION -> EXHAUSTION -> FAKE_BREAKOUT -> REVERSAL -> FAKE_BREAKOUT -> REVERSAL -> FAKE_BREAKOUT -> REVERSAL -> FAKE_BREAKOUT -> REVERSAL -> FAKE_BREAKOUT -> REVERSAL -> FAKE_BREAKOUT -> REVERSAL -> FAKE_BREAKOUT -> REVERSAL -> FAKE_BREAKOUT -> EXIT,20,FAKE_BREAKOUT,0.0
long_2026-06-03T000000_APRUSDT,long,2026-06-03 00:00:00,APRUSDT,EARLY_BREAKOUT -> ACCELERATION -> EARLY_BREAKOUT -> HEALTHY_TREND -> ACCELERATION -> HEALTHY_TREND -> WEAK_TREND -> ACCELERATION -> HEALTHY_TREND -> PULLBACK -> EXHAUSTION -> PULLBACK -> ACCELERATION -> PULLBACK -> ACCELERATION -> PULLBACK -> ACCELERATION -> HEALTHY_TREND -> ACCELERATION -> PULLBACK -> ACCELERATION -> PULLBACK -> ACCELERATION -> PULLBACK -> ACCELERATION -> PULLBACK -> ACCELERATION -> PULLBACK -> ACCELERATION -> PULLBACK -> ACCELERATION -> PULLBACK -> EXIT,32,PULLBACK,45.8106
long_2026-06-03T000000_HOMEUSDT,long,2026-06-03 00:00:00,HOMEUSDT,EARLY_BREAKOUT -> WEAK_TREND -> ACCELERATION -> FAKE_BREAKOUT -> REVERSAL -> EXIT,5,REVERSAL,-5.8818
long_2026-06-03T000000_PIEVERSEUSDT,long,2026-06-03 00:00:00,PIEVERSEUSDT,EARLY_BREAKOUT -> HEALTHY_TREND -> ACCELERATION -> WEAK_TREND -> ACCELERATION -> HEALTHY_TREND -> ACCELERATION -> HEALTHY_TREND -> ACCELERATION -> HEALTHY_TREND -> ACCELERATION -> PULLBACK -> ACCELERATION -> PULLBACK -> EXHAUSTION -> PULLBACK -> EXHAUSTION -> ACCELERATION -> EXHAUSTION -> FAKE_BREAKOUT -> REVERSAL -> EXIT,21,REVERSAL,-2.7433
long_2026-06-03T000000_CROSSUSDT,long,2026-06-03 00:00:00,CROSSUSDT,EARLY_BREAKOUT -> ACCELERATION -> WEAK_TREND -> ACCELERATION -> WEAK_TREND -> ACCELERATION -> WEAK_TREND -> ACCELERATION -> HEALTHY_TREND -> WEAK_TREND -> ACCELERATION -> WEAK_TREND -> PULLBACK -> ACCELERATION -> PULLBACK -> ACCELERATION -> HEALTHY_TREND -> WEAK_TREND -> ACCELERATION -> WEAK_TREND -> HEALTHY_TREND -> WEAK_TREND -> PULLBACK -> FAKE_BREAKOUT -> PULLBACK -> ACCELERATION -> PULLBACK -> EXHAUSTION -> PULLBACK -> FAKE_BREAKOUT -> ACCELERATION -> EXHAUSTION -> EXIT,32,EXHAUSTION,2.4784
short_2026-06-03T000000_UBUSDT,short,2026-06-03 00:00:00,UBUSDT,EARLY_BREAKOUT -> ACCELERATION -> EARLY_BREAKOUT -> WEAK_TREND -> ACCELERATION -> HEALTHY_TREND -> PULLBACK -> ACCELERATION -> HEALTHY_TREND -> WEAK_TREND -> ACCELERATION -> PULLBACK -> ACCELERATION -> PULLBACK -> HEALTHY_TREND -> PULLBACK -> ACCELERATION -> HEALTHY_TREND -> ACCELERATION -> WEAK_TREND -> PULLBACK -> ACCELERATION -> PULLBACK -> ACCELERATION -> HEALTHY_TREND -> ACCELERATION -> WEAK_TREND -> ACCELERATION -> WEAK_TREND -> PULLBACK -> EXIT,30,PULLBACK,40.7556
short_2026-06-03T000000_NEARUSDT,short,2026-06-03 00:00:00,NEARUSDT,EARLY_BREAKOUT -> ACCELERATION -> WEAK_TREND -> PULLBACK -> EXHAUSTION -> PULLBACK -> FAKE_BREAKOUT -> REVERSAL -> FAKE_BREAKOUT -> ACCELERATION -> EXHAUSTION -> REVERSAL -> FAKE_BREAKOUT -> REVERSAL -> FAKE_BREAKOUT -> ACCELERATION -> REVERSAL -> EXIT,17,REVERSAL,-5.1968
short_2026-06-03T000000_EPICUSDT,short,2026-06-03 00:00:00,EPICUSDT,EARLY_BREAKOUT -> WEAK_TREND -> ACCELERATION -> HEALTHY_TREND -> FAKE_BREAKOUT -> ACCELERATION -> FAKE_BREAKOUT -> ACCELERATION -> HEALTHY_TREND -> PULLBACK -> ACCELERATION -> PULLBACK -> EXHAUSTION -> FAKE_BREAKOUT -> PULLBACK -> ACCELERATION -> PULLBACK -> EXHAUSTION -> FAKE_BREAKOUT -> ACCELERATION -> FAKE_BREAKOUT -> ACCELERATION -> PULLBACK -> FAKE_BREAKOUT -> ACCELERATION -> PULLBACK -> ACCELERATION -> PULLBACK -> EXHAUSTION -> PULLBACK -> ACCELERATION -> PULLBACK -> EXHAUSTION -> PULLBACK -> EXIT,34,PULLBACK,4.9389
short_2026-06-03T000000_FETUSDT,short,2026-06-03 00:00:00,FETUSDT,EARLY_BREAKOUT -> ACCELERATION -> EARLY_BREAKOUT -> PULLBACK -> EXHAUSTION -> PULLBACK -> HEALTHY_TREND -> PULLBACK -> EXHAUSTION -> FAKE_BREAKOUT -> ACCELERATION -> HEALTHY_TREND -> WEAK_TREND -> ACCELERATION -> HEALTHY_TREND -> PULLBACK -> ACCELERATION -> HEALTHY_TREND -> PULLBACK -> ACCELERATION -> PULLBACK -> ACCELERATION -> WEAK_TREND -> ACCELERATION -> WEAK_TREND -> ACCELERATION -> PULLBACK -> ACCELERATION -> PULLBACK -> EXHAUSTION -> EXIT,30,EXHAUSTION,6.0696
short_2026-06-03T000000_1000LUNCUSDT,short,2026-06-03 00:00:00,1000LUNCUSDT,EARLY_BREAKOUT -> ACCELERATION -> PULLBACK -> ACCELERATION -> HEALTHY_TREND -> WEAK_TREND -> PULLBACK -> ACCELERATION -> WEAK_TREND -> ACCELERATION -> HEALTHY_TREND -> ACCELERATION -> WEAK_TREND -> PULLBACK -> EXHAUSTION -> PULLBACK -> ACCELERATION -> PULLBACK -> ACCELERATION -> WEAK_TREND -> PULLBACK -> ACCELERATION -> PULLBACK -> ACCELERATION -> WEAK_TREND -> ACCELERATION -> PULLBACK -> ACCELERATION -> EXIT,28,ACCELERATION,9.306
long_2026-06-03T020000_LITUSDT,long,2026-06-03 02:00:00,LITUSDT,EARLY_BREAKOUT -> ACCELERATION -> PULLBACK -> ACCELERATION -> HEALTHY_TREND -> PULLBACK -> ACCELERATION -> WEAK_TREND -> PULLBACK -> EXHAUSTION -> PULLBACK -> HEALTHY_TREND -> ACCELERATION -> PULLBACK -> ACCELERATION -> PULLBACK -> EXHAUSTION -> ACCELERATION -> PULLBACK -> EXHAUSTION -> ACCELERATION -> HEALTHY_TREND -> PULLBACK -> ACCELERATION -> PULLBACK -> ACCELERATION -> PULLBACK -> ACCELERATION -> PULLBACK -> ACCELERATION -> PULLBACK -> ACCELERATION -> WEAK_TREND -> PULLBACK -> EXHAUSTION -> PULLBACK -> ACCELERATION -> EXIT,37,ACCELERATION,13.1003
long_2026-06-03T020000_ENAUSDT,long,2026-06-03 02:00:00,ENAUSDT,EARLY_BREAKOUT -> ACCELERATION -> PULLBACK -> ACCELERATION -> HEALTHY_TREND -> PULLBACK -> FAKE_BREAKOUT -> PULLBACK -> FAKE_BREAKOUT -> PULLBACK -> FAKE_BREAKOUT -> PULLBACK -> FAKE_BREAKOUT -> REVERSAL -> FAKE_BREAKOUT -> ACCELERATION -> EXIT,16,ACCELERATION,6.2099
long_2026-06-03T020000_ONDOUSDT,long,2026-06-03 02:00:00,ONDOUSDT,EARLY_BREAKOUT -> ACCELERATION -> HEALTHY_TREND -> WEAK_TREND -> PULLBACK -> EXHAUSTION -> FAKE_BREAKOUT -> ACCELERATION -> HEALTHY_TREND -> PULLBACK -> ACCELERATION -> HEALTHY_TREND -> PULLBACK -> ACCELERATION -> WEAK_TREND -> ACCELERATION -> PULLBACK -> EXHAUSTION -> PULLBACK -> ACCELERATION -> PULLBACK -> ACCELERATION -> PULLBACK -> ACCELERATION -> PULLBACK -> EXHAUSTION -> PULLBACK -> FAKE_BREAKOUT -> PULLBACK -> ACCELERATION -> PULLBACK -> ACCELERATION -> EXIT,32,ACCELERATION,9.1728
long_2026-06-03T020000_PIEVERSEUSDT,long,2026-06-03 02:00:00,PIEVERSEUSDT,EARLY_BREAKOUT -> ACCELERATION -> HEALTHY_TREND -> ACCELERATION -> FAKE_BREAKOUT -> PULLBACK -> ACCELERATION -> EXHAUSTION -> REVERSAL -> EXIT,9,REVERSAL,-8.5166
long_2026-06-03T020000_GENIUSUSDT,long,2026-06-03 02:00:00,GENIUSUSDT,EARLY_BREAKOUT -> ACCELERATION -> PULLBACK -> ACCELERATION -> HEALTHY_TREND -> ACCELERATION -> FAKE_BREAKOUT -> PULLBACK -> ACCELERATION -> EXHAUSTION -> PULLBACK -> HEALTHY_TREND -> PULLBACK -> ACCELERATION -> EXHAUSTION -> PULLBACK -> ACCELERATION -> HEALTHY_TREND -> ACCELERATION -> WEAK_TREND -> ACCELERATION -> WEAK_TREND -> ACCELERATION -> WEAK_TREND -> ACCELERATION -> HEALTHY_TREND -> ACCELERATION -> WEAK_TREND -> PULLBACK -> HEALTHY_TREND -> PULLBACK -> ACCELERATION -> EXIT,32,ACCELERATION,19.7377
short_2026-06-03T020000_EPICUSDT,short,2026-06-03 02:00:00,EPICUSDT,EARLY_BREAKOUT -> ACCELERATION -> PULLBACK -> ACCELERATION -> PULLBACK -> EXHAUSTION -> FAKE_BREAKOUT -> PULLBACK -> ACCELERATION -> PULLBACK -> FAKE_BREAKOUT -> REVERSAL -> FAKE_BREAKOUT -> REVERSAL -> FAKE_BREAKOUT -> ACCELERATION -> PULLBACK -> FAKE_BREAKOUT -> ACCELERATION -> EXHAUSTION -> PULLBACK -> ACCELERATION -> PULLBACK -> EXHAUSTION -> PULLBACK -> EXHAUSTION -> ACCELERATION -> PULLBACK -> FAKE_BREAKOUT -> REVERSAL -> EXIT,30,REVERSAL,-4.1384
short_2026-06-03T020000_BEATUSDT,short,2026-06-03 02:00:00,BEATUSDT,EARLY_BREAKOUT -> ACCELERATION -> EARLY_BREAKOUT -> ACCELERATION -> EXHAUSTION -> PULLBACK -> EXHAUSTION -> ACCELERATION -> PULLBACK -> EXHAUSTION -> PULLBACK -> EXHAUSTION -> FAKE_BREAKOUT -> REVERSAL -> FAKE_BREAKOUT -> PULLBACK -> EXHAUSTION -> FAKE_BREAKOUT -> REVERSAL -> FAKE_BREAKOUT -> REVERSAL -> EXIT,21,REVERSAL,-0.8833
short_2026-06-03T020000_SLXUSDT,short,2026-06-03 02:00:00,SLXUSDT,EARLY_BREAKOUT -> ACCELERATION -> EARLY_BREAKOUT -> ACCELERATION -> WEAK_TREND -> HEALTHY_TREND -> WEAK_TREND -> ACCELERATION -> WEAK_TREND -> ACCELERATION -> HEALTHY_TREND -> ACCELERATION -> WEAK_TREND -> ACCELERATION -> HEALTHY_TREND -> ACCELERATION -> WEAK_TREND -> ACCELERATION -> WEAK_TREND -> ACCELERATION -> WEAK_TREND -> PULLBACK -> ACCELERATION -> PULLBACK -> EXHAUSTION -> PULLBACK -> EXHAUSTION -> ACCELERATION -> EXHAUSTION -> PULLBACK -> EXHAUSTION -> FAKE_BREAKOUT -> ACCELERATION -> EXIT,33,ACCELERATION,6.399
short_2026-06-03T020000_CLOUSDT,short,2026-06-03 02:00:00,CLOUSDT,EARLY_BREAKOUT -> ACCELERATION -> HEALTHY_TREND -> ACCELERATION -> FAKE_BREAKOUT -> PULLBACK -> ACCELERATION -> WEAK_TREND -> PULLBACK -> EXHAUSTION -> PULLBACK -> EXHAUSTION -> FAKE_BREAKOUT -> ACCELERATION -> PULLBACK -> FAKE_BREAKOUT -> PULLBACK -> FAKE_BREAKOUT -> REVERSAL -> FAKE_BREAKOUT -> PULLBACK -> FAKE_BREAKOUT -> REVERSAL -> FAKE_BREAKOUT -> REVERSAL -> EXIT,25,REVERSAL,-29.6997
short_2026-06-03T020000_ALLOUSDT,short,2026-06-03 02:00:00,ALLOUSDT,EARLY_BREAKOUT -> ACCELERATION -> PULLBACK -> ACCELERATION -> WEAK_TREND -> FAKE_BREAKOUT -> ACCELERATION -> WEAK_TREND -> ACCELERATION -> PULLBACK -> ACCELERATION -> PULLBACK -> ACCELERATION -> PULLBACK -> ACCELERATION -> PULLBACK -> EXHAUSTION -> FAKE_BREAKOUT -> PULLBACK -> ACCELERATION -> EXHAUSTION -> FAKE_BREAKOUT -> PULLBACK -> ACCELERATION -> EXHAUSTION -> ACCELERATION -> PULLBACK -> ACCELERATION -> WEAK_TREND -> ACCELERATION -> PULLBACK -> ACCELERATION -> PULLBACK -> ACCELERATION -> PULLBACK -> FAKE_BREAKOUT -> EXIT,36,FAKE_BREAKOUT,1.7498
long_2026-06-03T040000_GENIUSUSDT,long,2026-06-03 04:00:00,GENIUSUSDT,EARLY_BREAKOUT -> ACCELERATION -> EARLY_BREAKOUT -> ACCELERATION -> EXHAUSTION -> PULLBACK -> HEALTHY_TREND -> PULLBACK -> ACCELERATION -> EXHAUSTION -> PULLBACK -> ACCELERATION -> HEALTHY_TREND -> ACCELERATION -> WEAK_TREND -> ACCELERATION -> WEAK_TREND -> ACCELERATION -> WEAK_TREND -> ACCELERATION -> HEALTHY_TREND -> ACCELERATION -> WEAK_TREND -> PULLBACK -> HEALTHY_TREND -> PULLBACK -> ACCELERATION -> WEAK_TREND -> PULLBACK -> ACCELERATION -> PULLBACK -> ACCELERATION -> PULLBACK -> EXIT,33,PULLBACK,20.8493
long_2026-06-03T040000_LABUSDT,long,2026-06-03 04:00:00,LABUSDT,EARLY_BREAKOUT -> ACCELERATION -> EARLY_BREAKOUT -> WEAK_TREND -> ACCELERATION -> HEALTHY_TREND -> PULLBACK -> ACCELERATION -> HEALTHY_TREND -> WEAK_TREND -> REVERSAL -> EXIT,11,REVERSAL,-32.9237
long_2026-06-03T040000_APRUSDT,long,2026-06-03 04:00:00,APRUSDT,EARLY_BREAKOUT -> ACCELERATION -> FAKE_BREAKOUT -> ACCELERATION -> HEALTHY_TREND -> ACCELERATION -> EXHAUSTION -> FAKE_BREAKOUT -> PULLBACK -> ACCELERATION -> PULLBACK -> ACCELERATION -> PULLBACK -> REVERSAL -> FAKE_BREAKOUT -> ACCELERATION -> PULLBACK -> ACCELERATION -> PULLBACK -> ACCELERATION -> PULLBACK -> FAKE_BREAKOUT -> ACCELERATION -> PULLBACK -> FAKE_BREAKOUT -> ACCELERATION -> PULLBACK -> ACCELERATION -> FAKE_BREAKOUT -> PULLBACK -> FAKE_BREAKOUT -> ACCELERATION -> PULLBACK -> EXIT,33,PULLBACK,7.7711
long_2026-06-03T040000_ESPORTSUSDT,long,2026-06-03 04:00:00,ESPORTSUSDT,EARLY_BREAKOUT -> ACCELERATION -> PULLBACK -> FAKE_BREAKOUT -> ACCELERATION -> EXHAUSTION -> PULLBACK -> FAKE_BREAKOUT -> REVERSAL -> ACCELERATION -> HEALTHY_TREND -> ACCELERATION -> EXHAUSTION -> FAKE_BREAKOUT -> REVERSAL -> FAKE_BREAKOUT -> REVERSAL -> FAKE_BREAKOUT -> PULLBACK -> FAKE_BREAKOUT -> REVERSAL -> EXIT,21,REVERSAL,-3.1835
long_2026-06-03T040000_CLOUSDT,long,2026-06-03 04:00:00,CLOUSDT,EARLY_BREAKOUT -> ACCELERATION -> EARLY_BREAKOUT -> ACCELERATION -> WEAK_TREND -> ACCELERATION -> FAKE_BREAKOUT -> PULLBACK -> EXHAUSTION -> ACCELERATION -> FAKE_BREAKOUT -> ACCELERATION -> HEALTHY_TREND -> EXHAUSTION -> FAKE_BREAKOUT -> PULLBACK -> ACCELERATION -> PULLBACK -> HEALTHY_TREND -> PULLBACK -> ACCELERATION -> EXHAUSTION -> PULLBACK -> ACCELERATION -> HEALTHY_TREND -> ACCELERATION -> HEALTHY_TREND -> PULLBACK -> ACCELERATION -> HEALTHY_TREND -> ACCELERATION -> PULLBACK -> ACCELERATION -> HEALTHY_TREND -> ACCELERATION -> PULLBACK -> ACCELERATION -> HEALTHY_TREND -> ACCELERATION -> PULLBACK -> ACCELERATION -> PULLBACK -> EXIT,42,PULLBACK,34.5833
short_2026-06-03T040000_PIEVERSEUSDT,short,2026-06-03 04:00:00,PIEVERSEUSDT,EARLY_BREAKOUT -> ACCELERATION -> PULLBACK -> ACCELERATION -> PULLBACK -> HEALTHY_TREND -> ACCELERATION -> HEALTHY_TREND -> ACCELERATION -> WEAK_TREND -> ACCELERATION -> WEAK_TREND -> PULLBACK -> ACCELERATION -> WEAK_TREND -> PULLBACK -> ACCELERATION -> PULLBACK -> ACCELERATION -> HEALTHY_TREND -> ACCELERATION -> HEALTHY_TREND -> WEAK_TREND -> PULLBACK -> ACCELERATION -> PULLBACK -> EXHAUSTION -> PULLBACK -> EXHAUSTION -> PULLBACK -> EXHAUSTION -> ACCELERATION -> PULLBACK -> EXHAUSTION -> EXIT,34,EXHAUSTION,8.5439
short_2026-06-03T040000_ALLOUSDT,short,2026-06-03 04:00:00,ALLOUSDT,EARLY_BREAKOUT -> ACCELERATION -> PULLBACK -> EXHAUSTION -> ACCELERATION -> EXHAUSTION -> ACCELERATION -> PULLBACK -> ACCELERATION -> PULLBACK -> FAKE_BREAKOUT -> PULLBACK -> ACCELERATION -> FAKE_BREAKOUT -> PULLBACK -> EXHAUSTION -> ACCELERATION -> FAKE_BREAKOUT -> ACCELERATION -> PULLBACK -> ACCELERATION -> WEAK_TREND -> ACCELERATION -> PULLBACK -> EXHAUSTION -> ACCELERATION -> PULLBACK -> ACCELERATION -> PULLBACK -> EXHAUSTION -> FAKE_BREAKOUT -> REVERSAL -> FAKE_BREAKOUT -> REVERSAL -> FAKE_BREAKOUT -> REVERSAL -> EXIT,36,REVERSAL,-0.1355
short_2026-06-03T040000_SYRUPUSDT,short,2026-06-03 04:00:00,SYRUPUSDT,EARLY_BREAKOUT -> ACCELERATION -> PULLBACK -> ACCELERATION -> WEAK_TREND -> PULLBACK -> EXHAUSTION -> PULLBACK -> ACCELERATION -> WEAK_TREND -> ACCELERATION -> WEAK_TREND -> ACCELERATION -> PULLBACK -> HEALTHY_TREND -> PULLBACK -> HEALTHY_TREND -> PULLBACK -> ACCELERATION -> WEAK_TREND -> PULLBACK -> ACCELERATION -> PULLBACK -> EXHAUSTION -> ACCELERATION -> HEALTHY_TREND -> PULLBACK -> FAKE_BREAKOUT -> PULLBACK -> FAKE_BREAKOUT -> REVERSAL -> FAKE_BREAKOUT -> EXIT,32,FAKE_BREAKOUT,1.7154
short_2026-06-03T040000_HYPERUSDT,short,2026-06-03 04:00:00,HYPERUSDT,EARLY_BREAKOUT -> ACCELERATION -> HEALTHY_TREND -> WEAK_TREND -> ACCELERATION -> WEAK_TREND -> ACCELERATION -> WEAK_TREND -> PULLBACK -> HEALTHY_TREND -> ACCELERATION -> WEAK_TREND -> ACCELERATION -> WEAK_TREND -> ACCELERATION -> WEAK_TREND -> PULLBACK -> ACCELERATION -> PULLBACK -> ACCELERATION -> PULLBACK -> ACCELERATION -> PULLBACK -> ACCELERATION -> WEAK_TREND -> PULLBACK -> EXHAUSTION -> PULLBACK -> EXHAUSTION -> PULLBACK -> EXIT,30,PULLBACK,3.2929
short_2026-06-03T040000_ICNTUSDT,short,2026-06-03 04:00:00,ICNTUSDT,EARLY_BREAKOUT -> WEAK_TREND -> ACCELERATION -> FAKE_BREAKOUT -> ACCELERATION -> PULLBACK -> EXHAUSTION -> FAKE_BREAKOUT -> ACCELERATION -> FAKE_BREAKOUT -> ACCELERATION -> PULLBACK -> ACCELERATION -> WEAK_TREND -> PULLBACK -> HEALTHY_TREND -> PULLBACK -> HEALTHY_TREND -> EXHAUSTION -> FAKE_BREAKOUT -> PULLBACK -> EXHAUSTION -> ACCELERATION -> EXHAUSTION -> FAKE_BREAKOUT -> ACCELERATION -> HEALTHY_TREND -> EXHAUSTION -> FAKE_BREAKOUT -> PULLBACK -> EXHAUSTION -> FAKE_BREAKOUT -> REVERSAL -> FAKE_BREAKOUT -> REVERSAL -> EXIT,35,REVERSAL,-0.3521
long_2026-06-03T060000_GENIUSUSDT,long,2026-06-03 06:00:00,GENIUSUSDT,EARLY_BREAKOUT -> EXHAUSTION -> ACCELERATION -> REVERSAL -> FAKE_BREAKOUT -> ACCELERATION -> HEALTHY_TREND -> ACCELERATION -> WEAK_TREND -> ACCELERATION -> WEAK_TREND -> ACCELERATION -> WEAK_TREND -> ACCELERATION -> HEALTHY_TREND -> ACCELERATION -> WEAK_TREND -> PULLBACK -> HEALTHY_TREND -> PULLBACK -> EXHAUSTION -> PULLBACK -> ACCELERATION -> WEAK_TREND -> ACCELERATION -> PULLBACK -> ACCELERATION -> PULLBACK -> ACCELERATION -> WEAK_TREND -> PULLBACK -> ACCELERATION -> EXIT,32,ACCELERATION,15.6489
long_2026-06-03T060000_CLOUSDT,long,2026-06-03 06:00:00,CLOUSDT,EARLY_BREAKOUT -> ACCELERATION -> EARLY_BREAKOUT -> ACCELERATION -> FAKE_BREAKOUT -> ACCELERATION -> HEALTHY_TREND -> EXHAUSTION -> FAKE_BREAKOUT -> PULLBACK -> ACCELERATION -> PULLBACK -> HEALTHY_TREND -> PULLBACK -> ACCELERATION -> EXHAUSTION -> PULLBACK -> ACCELERATION -> HEALTHY_TREND -> ACCELERATION -> HEALTHY_TREND -> PULLBACK -> ACCELERATION -> HEALTHY_TREND -> ACCELERATION -> PULLBACK -> ACCELERATION -> HEALTHY_TREND -> ACCELERATION -> PULLBACK -> ACCELERATION -> HEALTHY_TREND -> ACCELERATION -> PULLBACK -> ACCELERATION -> PULLBACK -> ACCELERATION -> PULLBACK -> ACCELERATION -> HEALTHY_TREND -> PULLBACK -> EXIT,41,PULLBACK,41.615
long_2026-06-03T060000_CFGUSDT,long,2026-06-03 06:00:00,CFGUSDT,EARLY_BREAKOUT -> ACCELERATION -> HEALTHY_TREND -> EXHAUSTION -> PULLBACK -> REVERSAL -> ACCELERATION -> PULLBACK -> ACCELERATION -> EXHAUSTION -> ACCELERATION -> REVERSAL -> ACCELERATION -> EXHAUSTION -> ACCELERATION -> HEALTHY_TREND -> EXHAUSTION -> REVERSAL -> PULLBACK -> HEALTHY_TREND -> WEAK_TREND -> ACCELERATION -> WEAK_TREND -> ACCELERATION -> WEAK_TREND -> ACCELERATION -> WEAK_TREND -> PULLBACK -> ACCELERATION -> HEALTHY_TREND -> ACCELERATION -> HEALTHY_TREND -> WEAK_TREND -> ACCELERATION -> WEAK_TREND -> HEALTHY_TREND -> ACCELERATION -> EXIT,37,ACCELERATION,7.0654
long_2026-06-03T060000_AIAUSDT,long,2026-06-03 06:00:00,AIAUSDT,EARLY_BREAKOUT -> ACCELERATION -> WEAK_TREND -> ACCELERATION -> WEAK_TREND -> EXHAUSTION -> PULLBACK -> EXHAUSTION -> PULLBACK -> ACCELERATION -> HEALTHY_TREND -> WEAK_TREND -> ACCELERATION -> WEAK_TREND -> EXHAUSTION -> HEALTHY_TREND -> WEAK_TREND -> ACCELERATION -> HEALTHY_TREND -> WEAK_TREND -> ACCELERATION -> HEALTHY_TREND -> PULLBACK -> ACCELERATION -> EXHAUSTION -> PULLBACK -> EXHAUSTION -> PULLBACK -> EXHAUSTION -> ACCELERATION -> HEALTHY_TREND -> ACCELERATION -> HEALTHY_TREND -> ACCELERATION -> HEALTHY_TREND -> PULLBACK -> EXHAUSTION -> FAKE_BREAKOUT -> EXIT,38,FAKE_BREAKOUT,8.5977
long_2026-06-03T060000_币安人生USDT,long,2026-06-03 06:00:00,币安人生USDT,EARLY_BREAKOUT -> ACCELERATION -> EXHAUSTION -> FAKE_BREAKOUT -> ACCELERATION -> WEAK_TREND -> ACCELERATION -> HEALTHY_TREND -> ACCELERATION -> WEAK_TREND -> ACCELERATION -> WEAK_TREND -> PULLBACK -> ACCELERATION -> PULLBACK -> HEALTHY_TREND -> PULLBACK -> ACCELERATION -> PULLBACK -> EXHAUSTION -> PULLBACK -> EXHAUSTION -> FAKE_BREAKOUT -> EXIT,23,FAKE_BREAKOUT,1.7936
short_2026-06-03T060000_LABUSDT,short,2026-06-03 06:00:00,LABUSDT,EARLY_BREAKOUT -> WEAK_TREND -> ACCELERATION -> PULLBACK -> ACCELERATION -> PULLBACK -> EXHAUSTION -> PULLBACK -> EXHAUSTION -> ACCELERATION -> EXHAUSTION -> ACCELERATION -> PULLBACK -> EXHAUSTION -> ACCELERATION -> PULLBACK -> EXHAUSTION -> ACCELERATION -> PULLBACK -> EXHAUSTION -> PULLBACK -> EXHAUSTION -> PULLBACK -> ACCELERATION -> PULLBACK -> EXHAUSTION -> PULLBACK -> EXHAUSTION -> ACCELERATION -> EXHAUSTION -> PULLBACK -> EXIT,31,PULLBACK,33.8105
short_2026-06-03T060000_ESPORTSUSDT,short,2026-06-03 06:00:00,ESPORTSUSDT,EARLY_BREAKOUT -> WEAK_TREND -> ACCELERATION -> EARLY_BREAKOUT -> PULLBACK -> ACCELERATION -> HEALTHY_TREND -> PULLBACK -> REVERSAL -> FAKE_BREAKOUT -> REVERSAL -> FAKE_BREAKOUT -> ACCELERATION -> PULLBACK -> EXHAUSTION -> ACCELERATION -> PULLBACK -> ACCELERATION -> PULLBACK -> EXIT,19,PULLBACK,6.3869
short_2026-06-03T060000_APRUSDT,short,2026-06-03 06:00:00,APRUSDT,EARLY_BREAKOUT -> REVERSAL -> ACCELERATION -> EARLY_BREAKOUT -> FAKE_BREAKOUT -> REVERSAL -> FAKE_BREAKOUT -> REVERSAL -> FAKE_BREAKOUT -> ACCELERATION -> PULLBACK -> ACCELERATION -> PULLBACK -> FAKE_BREAKOUT -> REVERSAL -> FAKE_BREAKOUT -> REVERSAL -> FAKE_BREAKOUT -> REVERSAL -> FAKE_BREAKOUT -> REVERSAL -> FAKE_BREAKOUT -> REVERSAL -> FAKE_BREAKOUT -> REVERSAL -> FAKE_BREAKOUT -> REVERSAL -> FAKE_BREAKOUT -> REVERSAL -> EXIT,29,REVERSAL,-4.301
short_2026-06-03T060000_STARUSDT,short,2026-06-03 06:00:00,STARUSDT,EARLY_BREAKOUT -> HEALTHY_TREND -> ACCELERATION -> WEAK_TREND -> ACCELERATION -> WEAK_TREND -> ACCELERATION -> HEALTHY_TREND -> ACCELERATION -> HEALTHY_TREND -> ACCELERATION -> WEAK_TREND -> ACCELERATION -> HEALTHY_TREND -> ACCELERATION -> WEAK_TREND -> ACCELERATION -> HEALTHY_TREND -> WEAK_TREND -> PULLBACK -> FAKE_BREAKOUT -> REVERSAL -> EXIT,22,REVERSAL,-4.2304
short_2026-06-03T060000_PIEVERSEUSDT,short,2026-06-03 06:00:00,PIEVERSEUSDT,EARLY_BREAKOUT -> ACCELERATION -> WEAK_TREND -> ACCELERATION -> WEAK_TREND -> ACCELERATION -> WEAK_TREND -> ACCELERATION -> FAKE_BREAKOUT -> ACCELERATION -> HEALTHY_TREND -> ACCELERATION -> HEALTHY_TREND -> WEAK_TREND -> PULLBACK -> EXHAUSTION -> ACCELERATION -> EXHAUSTION -> FAKE_BREAKOUT -> REVERSAL -> FAKE_BREAKOUT -> REVERSAL -> FAKE_BREAKOUT -> REVERSAL -> FAKE_BREAKOUT -> REVERSAL -> FAKE_BREAKOUT -> EXIT,27,FAKE_BREAKOUT,1.1008
long_2026-06-03T080000_ESPORTSUSDT,long,2026-06-03 08:00:00,ESPORTSUSDT,EARLY_BREAKOUT -> ACCELERATION -> EARLY_BREAKOUT -> ACCELERATION -> PULLBACK -> EXHAUSTION -> FAKE_BREAKOUT -> ACCELERATION -> PULLBACK -> ACCELERATION -> PULLBACK -> EXHAUSTION -> ACCELERATION -> EXHAUSTION -> PULLBACK -> EXHAUSTION -> FAKE_BREAKOUT -> EXIT,17,FAKE_BREAKOUT,2.3952
long_2026-06-03T080000_币安人生USDT,long,2026-06-03 08:00:00,币安人生USDT,EARLY_BREAKOUT -> WEAK_TREND -> ACCELERATION -> HEALTHY_TREND -> ACCELERATION -> WEAK_TREND -> ACCELERATION -> WEAK_TREND -> PULLBACK -> ACCELERATION -> PULLBACK -> HEALTHY_TREND -> PULLBACK -> ACCELERATION -> PULLBACK -> EXHAUSTION -> PULLBACK -> EXHAUSTION -> FAKE_BREAKOUT -> ACCELERATION -> FAKE_BREAKOUT -> EXIT,21,FAKE_BREAKOUT,2.2029
long_2026-06-03T080000_ENAUSDT,long,2026-06-03 08:00:00,ENAUSDT,EARLY_BREAKOUT -> ACCELERATION -> EARLY_BREAKOUT -> WEAK_TREND -> PULLBACK -> FAKE_BREAKOUT -> REVERSAL -> FAKE_BREAKOUT -> REVERSAL -> FAKE_BREAKOUT -> REVERSAL -> FAKE_BREAKOUT -> ACCELERATION -> HEALTHY_TREND -> ACCELERATION -> WEAK_TREND -> ACCELERATION -> HEALTHY_TREND -> WEAK_TREND -> ACCELERATION -> HEALTHY_TREND -> ACCELERATION -> WEAK_TREND -> ACCELERATION -> HEALTHY_TREND -> WEAK_TREND -> ACCELERATION -> WEAK_TREND -> ACCELERATION -> WEAK_TREND -> PULLBACK -> HEALTHY_TREND -> WEAK_TREND -> ACCELERATION -> EXIT,34,ACCELERATION,16.5391
long_2026-06-03T080000_B2USDT,long,2026-06-03 08:00:00,B2USDT,EARLY_BREAKOUT -> ACCELERATION -> HEALTHY_TREND -> PULLBACK -> ACCELERATION -> HEALTHY_TREND -> PULLBACK -> EXHAUSTION -> FAKE_BREAKOUT -> PULLBACK -> EXHAUSTION -> PULLBACK -> EXHAUSTION -> FAKE_BREAKOUT -> REVERSAL -> FAKE_BREAKOUT -> EXIT,16,FAKE_BREAKOUT,0.8413
long_2026-06-03T080000_LITUSDT,long,2026-06-03 08:00:00,LITUSDT,EARLY_BREAKOUT -> REVERSAL -> ACCELERATION -> HEALTHY_TREND -> ACCELERATION -> WEAK_TREND -> FAKE_BREAKOUT -> REVERSAL -> ACCELERATION -> EXHAUSTION -> ACCELERATION -> WEAK_TREND -> FAKE_BREAKOUT -> PULLBACK -> ACCELERATION -> WEAK_TREND -> FAKE_BREAKOUT -> REVERSAL -> FAKE_BREAKOUT -> PULLBACK -> HEALTHY_TREND -> ACCELERATION -> WEAK_TREND -> ACCELERATION -> HEALTHY_TREND -> WEAK_TREND -> ACCELERATION -> WEAK_TREND -> ACCELERATION -> PULLBACK -> EXHAUSTION -> ACCELERATION -> HEALTHY_TREND -> PULLBACK -> ACCELERATION -> PULLBACK -> ACCELERATION -> WEAK_TREND -> ACCELERATION -> WEAK_TREND -> ACCELERATION -> PULLBACK -> EXIT,42,PULLBACK,8.1203
short_2026-06-03T080000_EDGEUSDT,short,2026-06-03 08:00:00,EDGEUSDT,EARLY_BREAKOUT -> ACCELERATION -> WEAK_TREND -> ACCELERATION -> HEALTHY_TREND -> PULLBACK -> ACCELERATION -> HEALTHY_TREND -> WEAK_TREND -> ACCELERATION -> HEALTHY_TREND -> WEAK_TREND -> ACCELERATION -> WEAK_TREND -> ACCELERATION -> WEAK_TREND -> HEALTHY_TREND -> ACCELERATION -> WEAK_TREND -> ACCELERATION -> HEALTHY_TREND -> ACCELERATION -> WEAK_TREND -> PULLBACK -> EXHAUSTION -> PULLBACK -> EXHAUSTION -> PULLBACK -> EXHAUSTION -> ACCELERATION -> EXHAUSTION -> PULLBACK -> EXIT,32,PULLBACK,7.8604
short_2026-06-03T080000_BSBUSDT,short,2026-06-03 08:00:00,BSBUSDT,EARLY_BREAKOUT -> ACCELERATION -> EARLY_BREAKOUT -> PULLBACK -> FAKE_BREAKOUT -> REVERSAL -> FAKE_BREAKOUT -> REVERSAL -> FAKE_BREAKOUT -> ACCELERATION -> HEALTHY_TREND -> ACCELERATION -> PULLBACK -> HEALTHY_TREND -> FAKE_BREAKOUT -> EXIT,15,FAKE_BREAKOUT,2.7085
short_2026-06-03T080000_FARTCOINUSDT,short,2026-06-03 08:00:00,FARTCOINUSDT,EARLY_BREAKOUT -> ACCELERATION -> PULLBACK -> EXHAUSTION -> FAKE_BREAKOUT -> REVERSAL -> FAKE_BREAKOUT -> REVERSAL -> FAKE_BREAKOUT -> ACCELERATION -> FAKE_BREAKOUT -> REVERSAL -> EXIT,12,REVERSAL,-6.156
short_2026-06-03T080000_OPNUSDT,short,2026-06-03 08:00:00,OPNUSDT,EARLY_BREAKOUT -> ACCELERATION -> WEAK_TREND -> ACCELERATION -> HEALTHY_TREND -> WEAK_TREND -> ACCELERATION -> HEALTHY_TREND -> ACCELERATION -> WEAK_TREND -> FAKE_BREAKOUT -> PULLBACK -> FAKE_BREAKOUT -> ACCELERATION -> WEAK_TREND -> ACCELERATION -> PULLBACK -> HEALTHY_TREND -> PULLBACK -> EXHAUSTION -> PULLBACK -> FAKE_BREAKOUT -> ACCELERATION -> PULLBACK -> ACCELERATION -> EXHAUSTION -> FAKE_BREAKOUT -> PULLBACK -> EXHAUSTION -> ACCELERATION -> PULLBACK -> ACCELERATION -> PULLBACK -> ACCELERATION -> EXHAUSTION -> ACCELERATION -> EXHAUSTION -> PULLBACK -> ACCELERATION -> PULLBACK -> EXIT,40,PULLBACK,3.0744
short_2026-06-03T080000_HUSDT,short,2026-06-03 08:00:00,HUSDT,EARLY_BREAKOUT -> ACCELERATION -> EXHAUSTION -> ACCELERATION -> FAKE_BREAKOUT -> PULLBACK -> REVERSAL -> ACCELERATION -> EXHAUSTION -> ACCELERATION -> FAKE_BREAKOUT -> PULLBACK -> FAKE_BREAKOUT -> ACCELERATION -> FAKE_BREAKOUT -> ACCELERATION -> HEALTHY_TREND -> ACCELERATION -> WEAK_TREND -> PULLBACK -> EXHAUSTION -> PULLBACK -> HEALTHY_TREND -> ACCELERATION -> PULLBACK -> ACCELERATION -> HEALTHY_TREND -> WEAK_TREND -> PULLBACK -> ACCELERATION -> HEALTHY_TREND -> ACCELERATION -> WEAK_TREND -> PULLBACK -> HEALTHY_TREND -> ACCELERATION -> WEAK_TREND -> PULLBACK -> EXIT,38,PULLBACK,13.5697
long_2026-06-03T100000_DEXEUSDT,long,2026-06-03 10:00:00,DEXEUSDT,EARLY_BREAKOUT -> PULLBACK -> ACCELERATION -> PULLBACK -> ACCELERATION -> PULLBACK -> EXHAUSTION -> PULLBACK -> EXHAUSTION -> PULLBACK -> EXHAUSTION -> PULLBACK -> EXHAUSTION -> ACCELERATION -> PULLBACK -> ACCELERATION -> PULLBACK -> ACCELERATION -> PULLBACK -> EXHAUSTION -> PULLBACK -> EXHAUSTION -> ACCELERATION -> PULLBACK -> EXHAUSTION -> PULLBACK -> EXHAUSTION -> PULLBACK -> EXIT,28,PULLBACK,17.2107
long_2026-06-03T100000_GENIUSUSDT,long,2026-06-03 10:00:00,GENIUSUSDT,EARLY_BREAKOUT -> ACCELERATION -> EARLY_BREAKOUT -> ACCELERATION -> HEALTHY_TREND -> ACCELERATION -> WEAK_TREND -> EXHAUSTION -> HEALTHY_TREND -> EXHAUSTION -> FAKE_BREAKOUT -> REVERSAL -> ACCELERATION -> WEAK_TREND -> ACCELERATION -> PULLBACK -> ACCELERATION -> PULLBACK -> ACCELERATION -> WEAK_TREND -> PULLBACK -> ACCELERATION -> PULLBACK -> FAKE_BREAKOUT -> REVERSAL -> EXIT,25,REVERSAL,-5.2169
long_2026-06-03T100000_APRUSDT,long,2026-06-03 10:00:00,APRUSDT,EARLY_BREAKOUT -> ACCELERATION -> EARLY_BREAKOUT -> ACCELERATION -> HEALTHY_TREND -> ACCELERATION -> PULLBACK -> ACCELERATION -> PULLBACK -> FAKE_BREAKOUT -> ACCELERATION -> EXHAUSTION -> FAKE_BREAKOUT -> PULLBACK -> ACCELERATION -> FAKE_BREAKOUT -> PULLBACK -> FAKE_BREAKOUT -> ACCELERATION -> PULLBACK -> ACCELERATION -> FAKE_BREAKOUT -> ACCELERATION -> FAKE_BREAKOUT -> PULLBACK -> ACCELERATION -> PULLBACK -> EXHAUSTION -> PULLBACK -> EXHAUSTION -> ACCELERATION -> PULLBACK -> ACCELERATION -> PULLBACK -> EXHAUSTION -> FAKE_BREAKOUT -> PULLBACK -> EXIT,37,PULLBACK,5.8846
long_2026-06-03T100000_SUSHIUSDT,long,2026-06-03 10:00:00,SUSHIUSDT,EARLY_BREAKOUT -> ACCELERATION -> PULLBACK -> ACCELERATION -> WEAK_TREND -> ACCELERATION -> REVERSAL -> ACCELERATION -> HEALTHY_TREND -> ACCELERATION -> PULLBACK -> ACCELERATION -> PULLBACK -> ACCELERATION -> PULLBACK -> ACCELERATION -> PULLBACK -> ACCELERATION -> HEALTHY_TREND -> ACCELERATION -> PULLBACK -> ACCELERATION -> PULLBACK -> ACCELERATION -> PULLBACK -> ACCELERATION -> HEALTHY_TREND -> PULLBACK -> ACCELERATION -> PULLBACK -> EXIT,30,PULLBACK,7.5453
long_2026-06-03T100000_OPGUSDT,long,2026-06-03 10:00:00,OPGUSDT,EARLY_BREAKOUT -> ACCELERATION -> EARLY_BREAKOUT -> ACCELERATION -> PULLBACK -> WEAK_TREND -> PULLBACK -> WEAK_TREND -> REVERSAL -> ACCELERATION -> WEAK_TREND -> PULLBACK -> ACCELERATION -> HEALTHY_TREND -> ACCELERATION -> WEAK_TREND -> EXHAUSTION -> PULLBACK -> FAKE_BREAKOUT -> REVERSAL -> EXIT,20,REVERSAL,-0.5821
short_2026-06-03T100000_MYXUSDT,short,2026-06-03 10:00:00,MYXUSDT,EARLY_BREAKOUT -> ACCELERATION -> EARLY_BREAKOUT -> ACCELERATION -> PULLBACK -> ACCELERATION -> PULLBACK -> EXHAUSTION -> FAKE_BREAKOUT -> REVERSAL -> EXIT,10,REVERSAL,-1.0285
short_2026-06-03T100000_SPORTFUNUSDT,short,2026-06-03 10:00:00,SPORTFUNUSDT,EARLY_BREAKOUT -> WEAK_TREND -> ACCELERATION -> HEALTHY_TREND -> ACCELERATION -> WEAK_TREND -> ACCELERATION -> WEAK_TREND -> ACCELERATION -> WEAK_TREND -> EXHAUSTION -> FAKE_BREAKOUT -> PULLBACK -> ACCELERATION -> EXHAUSTION -> ACCELERATION -> PULLBACK -> ACCELERATION -> PULLBACK -> ACCELERATION -> PULLBACK -> ACCELERATION -> PULLBACK -> ACCELERATION -> HEALTHY_TREND -> WEAK_TREND -> PULLBACK -> ACCELERATION -> PULLBACK -> EXHAUSTION -> FAKE_BREAKOUT -> EXIT,31,FAKE_BREAKOUT,1.4387
short_2026-06-03T100000_ZKCUSDT,short,2026-06-03 10:00:00,ZKCUSDT,EARLY_BREAKOUT -> ACCELERATION -> WEAK_TREND -> ACCELERATION -> HEALTHY_TREND -> WEAK_TREND -> HEALTHY_TREND -> ACCELERATION -> HEALTHY_TREND -> WEAK_TREND -> PULLBACK -> EXHAUSTION -> PULLBACK -> EXHAUSTION -> PULLBACK -> EXHAUSTION -> ACCELERATION -> PULLBACK -> EXHAUSTION -> ACCELERATION -> PULLBACK -> ACCELERATION -> EXHAUSTION -> ACCELERATION -> PULLBACK -> ACCELERATION -> PULLBACK -> EXHAUSTION -> PULLBACK -> EXHAUSTION -> ACCELERATION -> PULLBACK -> ACCELERATION -> PULLBACK -> EXHAUSTION -> ACCELERATION -> EXIT,36,ACCELERATION,4.8682
short_2026-06-03T100000_HUSDT,short,2026-06-03 10:00:00,HUSDT,EARLY_BREAKOUT -> ACCELERATION -> EXHAUSTION -> ACCELERATION -> FAKE_BREAKOUT -> PULLBACK -> EXHAUSTION -> PULLBACK -> FAKE_BREAKOUT -> ACCELERATION -> EXHAUSTION -> ACCELERATION -> HEALTHY_TREND -> ACCELERATION -> WEAK_TREND -> PULLBACK -> HEALTHY_TREND -> ACCELERATION -> PULLBACK -> ACCELERATION -> HEALTHY_TREND -> WEAK_TREND -> PULLBACK -> ACCELERATION -> HEALTHY_TREND -> ACCELERATION -> WEAK_TREND -> PULLBACK -> HEALTHY_TREND -> ACCELERATION -> WEAK_TREND -> PULLBACK -> ACCELERATION -> PULLBACK -> ACCELERATION -> EXIT,35,ACCELERATION,14.3295
short_2026-06-03T100000_ALLOUSDT,short,2026-06-03 10:00:00,ALLOUSDT,EARLY_BREAKOUT -> WEAK_TREND -> ACCELERATION -> WEAK_TREND -> ACCELERATION -> PULLBACK -> EXHAUSTION -> FAKE_BREAKOUT -> ACCELERATION -> PULLBACK -> FAKE_BREAKOUT -> ACCELERATION -> PULLBACK -> FAKE_BREAKOUT -> REVERSAL -> FAKE_BREAKOUT -> EXIT,16,FAKE_BREAKOUT,1.0525
long_2026-06-03T120000_MYXUSDT,long,2026-06-03 12:00:00,MYXUSDT,EARLY_BREAKOUT -> ACCELERATION -> WEAK_TREND -> ACCELERATION -> WEAK_TREND -> ACCELERATION -> HEALTHY_TREND -> ACCELERATION -> PULLBACK -> ACCELERATION -> PULLBACK -> ACCELERATION -> PULLBACK -> EXHAUSTION -> ACCELERATION -> PULLBACK -> EXHAUSTION -> PULLBACK -> ACCELERATION -> PULLBACK -> FAKE_BREAKOUT -> ACCELERATION -> PULLBACK -> ACCELERATION -> FAKE_BREAKOUT -> PULLBACK -> EXHAUSTION -> FAKE_BREAKOUT -> EXIT,28,FAKE_BREAKOUT,1.1593
long_2026-06-03T120000_CLOUSDT,long,2026-06-03 12:00:00,CLOUSDT,EARLY_BREAKOUT -> REVERSAL -> ACCELERATION -> EARLY_BREAKOUT -> ACCELERATION -> EXHAUSTION -> ACCELERATION -> HEALTHY_TREND -> ACCELERATION -> PULLBACK -> ACCELERATION -> HEALTHY_TREND -> ACCELERATION -> PULLBACK -> ACCELERATION -> PULLBACK -> EXHAUSTION -> PULLBACK -> EXHAUSTION -> ACCELERATION -> PULLBACK -> ACCELERATION -> HEALTHY_TREND -> PULLBACK -> ACCELERATION -> PULLBACK -> ACCELERATION -> PULLBACK -> ACCELERATION -> PULLBACK -> EXIT,30,PULLBACK,18.1108
long_2026-06-03T120000_AIAUSDT,long,2026-06-03 12:00:00,AIAUSDT,EARLY_BREAKOUT -> WEAK_TREND -> ACCELERATION -> EARLY_BREAKOUT -> EXHAUSTION -> ACCELERATION -> REVERSAL -> FAKE_BREAKOUT -> REVERSAL -> ACCELERATION -> HEALTHY_TREND -> ACCELERATION -> HEALTHY_TREND -> ACCELERATION -> HEALTHY_TREND -> PULLBACK -> EXHAUSTION -> FAKE_BREAKOUT -> EXIT,18,FAKE_BREAKOUT,10.4181
long_2026-06-03T120000_SKYAIUSDT,long,2026-06-03 12:00:00,SKYAIUSDT,EARLY_BREAKOUT -> WEAK_TREND -> ACCELERATION -> WEAK_TREND -> HEALTHY_TREND -> ACCELERATION -> HEALTHY_TREND -> ACCELERATION -> HEALTHY_TREND -> REVERSAL -> FAKE_BREAKOUT -> REVERSAL -> FAKE_BREAKOUT -> EXIT,13,FAKE_BREAKOUT,7.4264
long_2026-06-03T120000_SLXUSDT,long,2026-06-03 12:00:00,SLXUSDT,EARLY_BREAKOUT -> ACCELERATION -> EARLY_BREAKOUT -> ACCELERATION -> WEAK_TREND -> ACCELERATION -> HEALTHY_TREND -> WEAK_TREND -> FAKE_BREAKOUT -> PULLBACK -> ACCELERATION -> WEAK_TREND -> ACCELERATION -> HEALTHY_TREND -> ACCELERATION -> WEAK_TREND -> ACCELERATION -> WEAK_TREND -> PULLBACK -> HEALTHY_TREND -> PULLBACK -> FAKE_BREAKOUT -> REVERSAL -> EXIT,23,REVERSAL,-11.4265
short_2026-06-03T120000_APRUSDT,short,2026-06-03 12:00:00,APRUSDT,EARLY_BREAKOUT -> ACCELERATION -> FAKE_BREAKOUT -> ACCELERATION -> PULLBACK -> EXHAUSTION -> ACCELERATION -> WEAK_TREND -> PULLBACK -> ACCELERATION -> HEALTHY_TREND -> PULLBACK -> EXHAUSTION -> ACCELERATION -> EXHAUSTION -> ACCELERATION -> PULLBACK -> FAKE_BREAKOUT -> PULLBACK -> FAKE_BREAKOUT -> ACCELERATION -> FAKE_BREAKOUT -> ACCELERATION -> PULLBACK -> ACCELERATION -> PULLBACK -> EXHAUSTION -> FAKE_BREAKOUT -> PULLBACK -> FAKE_BREAKOUT -> EXIT,30,FAKE_BREAKOUT,2.9621
short_2026-06-03T120000_NXPCUSDT,short,2026-06-03 12:00:00,NXPCUSDT,EARLY_BREAKOUT -> ACCELERATION -> HEALTHY_TREND -> ACCELERATION -> PULLBACK -> EXHAUSTION -> FAKE_BREAKOUT -> REVERSAL -> FAKE_BREAKOUT -> REVERSAL -> FAKE_BREAKOUT -> REVERSAL -> FAKE_BREAKOUT -> REVERSAL -> EXIT,14,REVERSAL,-1.0134
short_2026-06-03T120000_DEXEUSDT,short,2026-06-03 12:00:00,DEXEUSDT,EARLY_BREAKOUT -> ACCELERATION -> EARLY_BREAKOUT -> WEAK_TREND -> HEALTHY_TREND -> ACCELERATION -> WEAK_TREND -> ACCELERATION -> WEAK_TREND -> ACCELERATION -> WEAK_TREND -> ACCELERATION -> FAKE_BREAKOUT -> PULLBACK -> FAKE_BREAKOUT -> ACCELERATION -> FAKE_BREAKOUT -> ACCELERATION -> FAKE_BREAKOUT -> PULLBACK -> ACCELERATION -> EXHAUSTION -> ACCELERATION -> EXHAUSTION -> FAKE_BREAKOUT -> PULLBACK -> ACCELERATION -> PULLBACK -> EXHAUSTION -> ACCELERATION -> PULLBACK -> ACCELERATION -> PULLBACK -> ACCELERATION -> HEALTHY_TREND -> ACCELERATION -> WEAK_TREND -> ACCELERATION -> WEAK_TREND -> ACCELERATION -> EXIT,40,ACCELERATION,12.1972
short_2026-06-03T120000_LITUSDT,short,2026-06-03 12:00:00,LITUSDT,EARLY_BREAKOUT -> WEAK_TREND -> ACCELERATION -> WEAK_TREND -> FAKE_BREAKOUT -> REVERSAL -> EXIT,6,REVERSAL,-12.0667
short_2026-06-03T120000_GUAUSDT,short,2026-06-03 12:00:00,GUAUSDT,EARLY_BREAKOUT -> REVERSAL -> ACCELERATION -> FAKE_BREAKOUT -> REVERSAL -> FAKE_BREAKOUT -> REVERSAL -> EXIT,7,REVERSAL,-22.4838
long_2026-06-03T140000_CLOUSDT,long,2026-06-03 14:00:00,CLOUSDT,EARLY_BREAKOUT -> PULLBACK -> EXHAUSTION -> ACCELERATION -> HEALTHY_TREND -> ACCELERATION -> PULLBACK -> ACCELERATION -> PULLBACK -> FAKE_BREAKOUT -> ACCELERATION -> EXHAUSTION -> ACCELERATION -> HEALTHY_TREND -> PULLBACK -> ACCELERATION -> PULLBACK -> EXHAUSTION -> PULLBACK -> ACCELERATION -> PULLBACK -> ACCELERATION -> PULLBACK -> EXHAUSTION -> PULLBACK -> EXHAUSTION -> PULLBACK -> EXHAUSTION -> PULLBACK -> FAKE_BREAKOUT -> ACCELERATION -> EXHAUSTION -> FAKE_BREAKOUT -> REVERSAL -> FAKE_BREAKOUT -> EXIT,35,FAKE_BREAKOUT,0.6607
long_2026-06-03T140000_GENIUSUSDT,long,2026-06-03 14:00:00,GENIUSUSDT,EARLY_BREAKOUT -> WEAK_TREND -> ACCELERATION -> PULLBACK -> ACCELERATION -> PULLBACK -> ACCELERATION -> WEAK_TREND -> PULLBACK -> ACCELERATION -> PULLBACK -> FAKE_BREAKOUT -> REVERSAL -> EXIT,13,REVERSAL,-6.7968
long_2026-06-03T140000_EIGENUSDT,long,2026-06-03 14:00:00,EIGENUSDT,EARLY_BREAKOUT -> WEAK_TREND -> ACCELERATION -> HEALTHY_TREND -> WEAK_TREND -> ACCELERATION -> WEAK_TREND -> ACCELERATION -> HEALTHY_TREND -> WEAK_TREND -> HEALTHY_TREND -> WEAK_TREND -> PULLBACK -> HEALTHY_TREND -> ACCELERATION -> HEALTHY_TREND -> WEAK_TREND -> ACCELERATION -> WEAK_TREND -> PULLBACK -> HEALTHY_TREND -> ACCELERATION -> WEAK_TREND -> ACCELERATION -> WEAK_TREND -> ACCELERATION -> HEALTHY_TREND -> ACCELERATION -> PULLBACK -> EXHAUSTION -> PULLBACK -> EXHAUSTION -> EXIT,32,EXHAUSTION,5.1767
long_2026-06-03T140000_ONDOUSDT,long,2026-06-03 14:00:00,ONDOUSDT,EARLY_BREAKOUT -> ACCELERATION -> WEAK_TREND -> ACCELERATION -> WEAK_TREND -> PULLBACK -> ACCELERATION -> PULLBACK -> ACCELERATION -> HEALTHY_TREND -> PULLBACK -> ACCELERATION -> HEALTHY_TREND -> WEAK_TREND -> PULLBACK -> EXHAUSTION -> PULLBACK -> ACCELERATION -> PULLBACK -> ACCELERATION -> WEAK_TREND -> PULLBACK -> ACCELERATION -> HEALTHY_TREND -> ACCELERATION -> PULLBACK -> ACCELERATION -> PULLBACK -> EXIT,28,PULLBACK,6.0107
long_2026-06-03T140000_INUSDT,long,2026-06-03 14:00:00,INUSDT,EARLY_BREAKOUT -> ACCELERATION -> WEAK_TREND -> ACCELERATION -> HEALTHY_TREND -> PULLBACK -> ACCELERATION -> PULLBACK -> ACCELERATION -> HEALTHY_TREND -> PULLBACK -> ACCELERATION -> HEALTHY_TREND -> ACCELERATION -> WEAK_TREND -> ACCELERATION -> PULLBACK -> HEALTHY_TREND -> ACCELERATION -> WEAK_TREND -> ACCELERATION -> HEALTHY_TREND -> ACCELERATION -> PULLBACK -> ACCELERATION -> HEALTHY_TREND -> ACCELERATION -> WEAK_TREND -> PULLBACK -> ACCELERATION -> HEALTHY_TREND -> WEAK_TREND -> ACCELERATION -> HEALTHY_TREND -> WEAK_TREND -> ACCELERATION -> PULLBACK -> HEALTHY_TREND -> ACCELERATION -> PULLBACK -> EXIT,40,PULLBACK,29.2581
short_2026-06-03T140000_SKYAIUSDT,short,2026-06-03 14:00:00,SKYAIUSDT,EARLY_BREAKOUT -> REVERSAL -> ACCELERATION -> PULLBACK -> ACCELERATION -> HEALTHY_TREND -> PULLBACK -> ACCELERATION -> PULLBACK -> ACCELERATION -> PULLBACK -> ACCELERATION -> PULLBACK -> ACCELERATION -> PULLBACK -> EXHAUSTION -> ACCELERATION -> EXHAUSTION -> PULLBACK -> FAKE_BREAKOUT -> ACCELERATION -> FAKE_BREAKOUT -> EXIT,22,FAKE_BREAKOUT,5.4834
short_2026-06-03T140000_APRUSDT,short,2026-06-03 14:00:00,APRUSDT,EARLY_BREAKOUT -> WEAK_TREND -> FAKE_BREAKOUT -> ACCELERATION -> HEALTHY_TREND -> WEAK_TREND -> PULLBACK -> FAKE_BREAKOUT -> ACCELERATION -> FAKE_BREAKOUT -> ACCELERATION -> FAKE_BREAKOUT -> REVERSAL -> FAKE_BREAKOUT -> REVERSAL -> FAKE_BREAKOUT -> REVERSAL -> FAKE_BREAKOUT -> ACCELERATION -> FAKE_BREAKOUT -> REVERSAL -> FAKE_BREAKOUT -> REVERSAL -> FAKE_BREAKOUT -> REVERSAL -> EXIT,25,REVERSAL,-0.7914
short_2026-06-03T140000_EPICUSDT,short,2026-06-03 14:00:00,EPICUSDT,EARLY_BREAKOUT -> WEAK_TREND -> FAKE_BREAKOUT -> ACCELERATION -> FAKE_BREAKOUT -> REVERSAL -> FAKE_BREAKOUT -> REVERSAL -> EXIT,8,REVERSAL,-7.5577
short_2026-06-03T140000_ICPUSDT,short,2026-06-03 14:00:00,ICPUSDT,EARLY_BREAKOUT -> ACCELERATION -> HEALTHY_TREND -> ACCELERATION -> WEAK_TREND -> ACCELERATION -> HEALTHY_TREND -> ACCELERATION -> WEAK_TREND -> EXHAUSTION -> HEALTHY_TREND -> ACCELERATION -> HEALTHY_TREND -> PULLBACK -> ACCELERATION -> WEAK_TREND -> ACCELERATION -> WEAK_TREND -> ACCELERATION -> WEAK_TREND -> ACCELERATION -> WEAK_TREND -> EXHAUSTION -> FAKE_BREAKOUT -> REVERSAL -> FAKE_BREAKOUT -> REVERSAL -> FAKE_BREAKOUT -> ACCELERATION -> PULLBACK -> ACCELERATION -> EXHAUSTION -> ACCELERATION -> EXIT,33,ACCELERATION,3.6814
short_2026-06-03T140000_DEXEUSDT,short,2026-06-03 14:00:00,DEXEUSDT,EARLY_BREAKOUT -> ACCELERATION -> WEAK_TREND -> ACCELERATION -> WEAK_TREND -> ACCELERATION -> REVERSAL -> ACCELERATION -> REVERSAL -> PULLBACK -> ACCELERATION -> EXHAUSTION -> ACCELERATION -> HEALTHY_TREND -> ACCELERATION -> WEAK_TREND -> ACCELERATION -> WEAK_TREND -> ACCELERATION -> HEALTHY_TREND -> ACCELERATION -> HEALTHY_TREND -> PULLBACK -> ACCELERATION -> HEALTHY_TREND -> EXIT,25,HEALTHY_TREND,15.5897
long_2026-06-03T160000_MAGMAUSDT,long,2026-06-03 16:00:00,MAGMAUSDT,EARLY_BREAKOUT -> ACCELERATION -> EARLY_BREAKOUT -> ACCELERATION -> WEAK_TREND -> ACCELERATION -> HEALTHY_TREND -> PULLBACK -> HEALTHY_TREND -> ACCELERATION -> HEALTHY_TREND -> ACCELERATION -> HEALTHY_TREND -> ACCELERATION -> PULLBACK -> ACCELERATION -> PULLBACK -> ACCELERATION -> HEALTHY_TREND -> ACCELERATION -> WEAK_TREND -> ACCELERATION -> PULLBACK -> HEALTHY_TREND -> PULLBACK -> HEALTHY_TREND -> ACCELERATION -> PULLBACK -> ACCELERATION -> HEALTHY_TREND -> PULLBACK -> ACCELERATION -> HEALTHY_TREND -> WEAK_TREND -> ACCELERATION -> PULLBACK -> ACCELERATION -> HEALTHY_TREND -> PULLBACK -> EXIT,39,PULLBACK,48.4523
long_2026-06-03T160000_PLAYUSDT,long,2026-06-03 16:00:00,PLAYUSDT,EARLY_BREAKOUT -> WEAK_TREND -> DEAD -> ACCELERATION -> HEALTHY_TREND -> ACCELERATION -> HEALTHY_TREND -> WEAK_TREND -> ACCELERATION -> PULLBACK -> ACCELERATION -> PULLBACK -> FAKE_BREAKOUT -> REVERSAL -> FAKE_BREAKOUT -> REVERSAL -> EXIT,16,REVERSAL,-1.6561
long_2026-06-03T160000_WLDUSDT,long,2026-06-03 16:00:00,WLDUSDT,EARLY_BREAKOUT -> ACCELERATION -> WEAK_TREND -> EXHAUSTION -> PULLBACK -> ACCELERATION -> WEAK_TREND -> ACCELERATION -> HEALTHY_TREND -> ACCELERATION -> WEAK_TREND -> ACCELERATION -> WEAK_TREND -> ACCELERATION -> HEALTHY_TREND -> PULLBACK -> ACCELERATION -> PULLBACK -> ACCELERATION -> HEALTHY_TREND -> PULLBACK -> ACCELERATION -> PULLBACK -> ACCELERATION -> PULLBACK -> HEALTHY_TREND -> PULLBACK -> ACCELERATION -> PULLBACK -> EXIT,29,PULLBACK,19.9909
long_2026-06-03T160000_CROSSUSDT,long,2026-06-03 16:00:00,CROSSUSDT,EARLY_BREAKOUT -> REVERSAL -> ACCELERATION -> EARLY_BREAKOUT -> WEAK_TREND -> HEALTHY_TREND -> ACCELERATION -> WEAK_TREND -> ACCELERATION -> HEALTHY_TREND -> WEAK_TREND -> ACCELERATION -> WEAK_TREND -> HEALTHY_TREND -> PULLBACK -> EXHAUSTION -> PULLBACK -> EXHAUSTION -> FAKE_BREAKOUT -> REVERSAL -> EXIT,20,REVERSAL,-0.9093
long_2026-06-03T160000_ARKMUSDT,long,2026-06-03 16:00:00,ARKMUSDT,EARLY_BREAKOUT -> ACCELERATION -> EARLY_BREAKOUT -> WEAK_TREND -> ACCELERATION -> WEAK_TREND -> PULLBACK -> ACCELERATION -> PULLBACK -> ACCELERATION -> PULLBACK -> ACCELERATION -> HEALTHY_TREND -> WEAK_TREND -> PULLBACK -> ACCELERATION -> WEAK_TREND -> ACCELERATION -> HEALTHY_TREND -> WEAK_TREND -> ACCELERATION -> WEAK_TREND -> ACCELERATION -> WEAK_TREND -> ACCELERATION -> HEALTHY_TREND -> PULLBACK -> EXHAUSTION -> PULLBACK -> EXHAUSTION -> ACCELERATION -> PULLBACK -> EXHAUSTION -> PULLBACK -> EXIT,34,PULLBACK,6.9138
short_2026-06-03T160000_SKYAIUSDT,short,2026-06-03 16:00:00,SKYAIUSDT,EARLY_BREAKOUT -> PULLBACK -> ACCELERATION -> PULLBACK -> ACCELERATION -> EXHAUSTION -> FAKE_BREAKOUT -> PULLBACK -> EXHAUSTION -> PULLBACK -> EXHAUSTION -> FAKE_BREAKOUT -> REVERSAL -> FAKE_BREAKOUT -> REVERSAL -> EXIT,15,REVERSAL,-11.7027
short_2026-06-03T160000_CLOUSDT,short,2026-06-03 16:00:00,CLOUSDT,EARLY_BREAKOUT -> ACCELERATION -> PULLBACK -> ACCELERATION -> FAKE_BREAKOUT -> REVERSAL -> FAKE_BREAKOUT -> REVERSAL -> FAKE_BREAKOUT -> REVERSAL -> FAKE_BREAKOUT -> REVERSAL -> FAKE_BREAKOUT -> REVERSAL -> FAKE_BREAKOUT -> ACCELERATION -> HEALTHY_TREND -> ACCELERATION -> PULLBACK -> ACCELERATION -> HEALTHY_TREND -> PULLBACK -> EXHAUSTION -> ACCELERATION -> EXIT,24,ACCELERATION,9.3712
short_2026-06-03T160000_AIAUSDT,short,2026-06-03 16:00:00,AIAUSDT,EARLY_BREAKOUT -> REVERSAL -> ACCELERATION -> HEALTHY_TREND -> ACCELERATION -> HEALTHY_TREND -> WEAK_TREND -> PULLBACK -> HEALTHY_TREND -> PULLBACK -> ACCELERATION -> HEALTHY_TREND -> WEAK_TREND -> ACCELERATION -> WEAK_TREND -> PULLBACK -> EXHAUSTION -> PULLBACK -> EXHAUSTION -> ACCELERATION -> EXHAUSTION -> PULLBACK -> ACCELERATION -> PULLBACK -> ACCELERATION -> PULLBACK -> ACCELERATION -> PULLBACK -> ACCELERATION -> WEAK_TREND -> ACCELERATION -> EXIT,31,ACCELERATION,19.2863
short_2026-06-03T160000_MYXUSDT,short,2026-06-03 16:00:00,MYXUSDT,EARLY_BREAKOUT -> ACCELERATION -> WEAK_TREND -> PULLBACK -> ACCELERATION -> FAKE_BREAKOUT -> ACCELERATION -> PULLBACK -> ACCELERATION -> HEALTHY_TREND -> EXHAUSTION -> PULLBACK -> EXHAUSTION -> ACCELERATION -> FAKE_BREAKOUT -> ACCELERATION -> FAKE_BREAKOUT -> HEALTHY_TREND -> WEAK_TREND -> PULLBACK -> ACCELERATION -> HEALTHY_TREND -> WEAK_TREND -> ACCELERATION -> HEALTHY_TREND -> PULLBACK -> ACCELERATION -> PULLBACK -> HEALTHY_TREND -> ACCELERATION -> PULLBACK -> ACCELERATION -> PULLBACK -> ACCELERATION -> PULLBACK -> ACCELERATION -> EXIT,36,ACCELERATION,33.4216
short_2026-06-03T160000_BEATUSDT,short,2026-06-03 16:00:00,BEATUSDT,EARLY_BREAKOUT -> REVERSAL -> ACCELERATION -> WEAK_TREND -> REVERSAL -> HEALTHY_TREND -> FAKE_BREAKOUT -> REVERSAL -> EXIT,8,REVERSAL,-8.9491
long_2026-06-03T180000_VICUSDT,long,2026-06-03 18:00:00,VICUSDT,EARLY_BREAKOUT -> ACCELERATION -> EARLY_BREAKOUT -> PULLBACK -> ACCELERATION -> PULLBACK -> EXHAUSTION -> PULLBACK -> EXHAUSTION -> ACCELERATION -> EXHAUSTION -> FAKE_BREAKOUT -> REVERSAL -> FAKE_BREAKOUT -> REVERSAL -> EXIT,15,REVERSAL,-4.2387
long_2026-06-03T180000_BRUSDT,long,2026-06-03 18:00:00,BRUSDT,EARLY_BREAKOUT -> ACCELERATION -> HEALTHY_TREND -> WEAK_TREND -> PULLBACK -> ACCELERATION -> EXHAUSTION -> PULLBACK -> HEALTHY_TREND -> WEAK_TREND -> ACCELERATION -> PULLBACK -> ACCELERATION -> WEAK_TREND -> ACCELERATION -> HEALTHY_TREND -> WEAK_TREND -> ACCELERATION -> PULLBACK -> ACCELERATION -> HEALTHY_TREND -> PULLBACK -> ACCELERATION -> HEALTHY_TREND -> WEAK_TREND -> ACCELERATION -> WEAK_TREND -> PULLBACK -> ACCELERATION -> PULLBACK -> ACCELERATION -> EXIT,31,ACCELERATION,10.3345
long_2026-06-03T180000_GUAUSDT,long,2026-06-03 18:00:00,GUAUSDT,EARLY_BREAKOUT -> ACCELERATION -> WEAK_TREND -> ACCELERATION -> WEAK_TREND -> ACCELERATION -> HEALTHY_TREND -> PULLBACK -> EXHAUSTION -> ACCELERATION -> HEALTHY_TREND -> ACCELERATION -> HEALTHY_TREND -> WEAK_TREND -> ACCELERATION -> HEALTHY_TREND -> ACCELERATION -> PULLBACK -> EXHAUSTION -> PULLBACK -> HEALTHY_TREND -> WEAK_TREND -> ACCELERATION -> HEALTHY_TREND -> PULLBACK -> ACCELERATION -> WEAK_TREND -> PULLBACK -> ACCELERATION -> HEALTHY_TREND -> ACCELERATION -> WEAK_TREND -> ACCELERATION -> WEAK_TREND -> ACCELERATION -> PULLBACK -> ACCELERATION -> EXIT,37,ACCELERATION,19.9352
long_2026-06-03T180000_EPICUSDT,long,2026-06-03 18:00:00,EPICUSDT,EARLY_BREAKOUT -> EXHAUSTION -> ACCELERATION -> HEALTHY_TREND -> PULLBACK -> EXHAUSTION -> FAKE_BREAKOUT -> ACCELERATION -> PULLBACK -> EXHAUSTION -> PULLBACK -> ACCELERATION -> PULLBACK -> EXHAUSTION -> FAKE_BREAKOUT -> REVERSAL -> FAKE_BREAKOUT -> PULLBACK -> FAKE_BREAKOUT -> PULLBACK -> FAKE_BREAKOUT -> EXIT,21,FAKE_BREAKOUT,6.8277
long_2026-06-03T180000_CFGUSDT,long,2026-06-03 18:00:00,CFGUSDT,EARLY_BREAKOUT -> WEAK_TREND -> EXHAUSTION -> ACCELERATION -> HEALTHY_TREND -> WEAK_TREND -> ACCELERATION -> HEALTHY_TREND -> ACCELERATION -> WEAK_TREND -> ACCELERATION -> WEAK_TREND -> ACCELERATION -> WEAK_TREND -> ACCELERATION -> WEAK_TREND -> PULLBACK -> HEALTHY_TREND -> PULLBACK -> ACCELERATION -> EXHAUSTION -> FAKE_BREAKOUT -> ACCELERATION -> FAKE_BREAKOUT -> ACCELERATION -> PULLBACK -> EXHAUSTION -> FAKE_BREAKOUT -> PULLBACK -> EXHAUSTION -> FAKE_BREAKOUT -> ACCELERATION -> FAKE_BREAKOUT -> PULLBACK -> EXHAUSTION -> FAKE_BREAKOUT -> REVERSAL -> FAKE_BREAKOUT -> EXIT,38,FAKE_BREAKOUT,0.6151
short_2026-06-03T180000_CLOUSDT,short,2026-06-03 18:00:00,CLOUSDT,EARLY_BREAKOUT -> ACCELERATION -> FAKE_BREAKOUT -> REVERSAL -> ACCELERATION -> PULLBACK -> EXHAUSTION -> FAKE_BREAKOUT -> REVERSAL -> FAKE_BREAKOUT -> ACCELERATION -> FAKE_BREAKOUT -> ACCELERATION -> HEALTHY_TREND -> WEAK_TREND -> ACCELERATION -> WEAK_TREND -> PULLBACK -> ACCELERATION -> PULLBACK -> FAKE_BREAKOUT -> PULLBACK -> ACCELERATION -> HEALTHY_TREND -> ACCELERATION -> PULLBACK -> ACCELERATION -> HEALTHY_TREND -> PULLBACK -> ACCELERATION -> PULLBACK -> ACCELERATION -> EXIT,32,ACCELERATION,12.8824
short_2026-06-03T180000_GENIUSUSDT,short,2026-06-03 18:00:00,GENIUSUSDT,EARLY_BREAKOUT -> ACCELERATION -> EARLY_BREAKOUT -> ACCELERATION -> HEALTHY_TREND -> WEAK_TREND -> ACCELERATION -> PULLBACK -> ACCELERATION -> HEALTHY_TREND -> ACCELERATION -> WEAK_TREND -> ACCELERATION -> HEALTHY_TREND -> ACCELERATION -> PULLBACK -> ACCELERATION -> PULLBACK -> ACCELERATION -> PULLBACK -> ACCELERATION -> HEALTHY_TREND -> ACCELERATION -> WEAK_TREND -> HEALTHY_TREND -> ACCELERATION -> WEAK_TREND -> PULLBACK -> HEALTHY_TREND -> ACCELERATION -> WEAK_TREND -> PULLBACK -> ACCELERATION -> HEALTHY_TREND -> WEAK_TREND -> PULLBACK -> EXIT,36,PULLBACK,13.5069
short_2026-06-03T180000_PLAYUSDT,short,2026-06-03 18:00:00,PLAYUSDT,EARLY_BREAKOUT -> ACCELERATION -> PULLBACK -> ACCELERATION -> WEAK_TREND -> ACCELERATION -> PULLBACK -> ACCELERATION -> HEALTHY_TREND -> ACCELERATION -> WEAK_TREND -> ACCELERATION -> HEALTHY_TREND -> ACCELERATION -> PULLBACK -> ACCELERATION -> PULLBACK -> ACCELERATION -> PULLBACK -> HEALTHY_TREND -> PULLBACK -> ACCELERATION -> PULLBACK -> ACCELERATION -> PULLBACK -> ACCELERATION -> PULLBACK -> ACCELERATION -> PULLBACK -> EXIT,29,PULLBACK,26.4045
short_2026-06-03T180000_ICNTUSDT,short,2026-06-03 18:00:00,ICNTUSDT,EARLY_BREAKOUT -> ACCELERATION -> HEALTHY_TREND -> ACCELERATION -> WEAK_TREND -> ACCELERATION -> WEAK_TREND -> EXHAUSTION -> HEALTHY_TREND -> WEAK_TREND -> PULLBACK -> EXHAUSTION -> FAKE_BREAKOUT -> REVERSAL -> EXIT,14,REVERSAL,-0.8429
short_2026-06-03T180000_BSBUSDT,short,2026-06-03 18:00:00,BSBUSDT,EARLY_BREAKOUT -> ACCELERATION -> PULLBACK -> EXHAUSTION -> HEALTHY_TREND -> REVERSAL -> FAKE_BREAKOUT -> ACCELERATION -> HEALTHY_TREND -> PULLBACK -> ACCELERATION -> EXHAUSTION -> HEALTHY_TREND -> EXHAUSTION -> FAKE_BREAKOUT -> ACCELERATION -> FAKE_BREAKOUT -> ACCELERATION -> REVERSAL -> EXIT,19,REVERSAL,-5.1127
long_2026-06-03T200000_PROMUSDT,long,2026-06-03 20:00:00,PROMUSDT,EARLY_BREAKOUT -> ACCELERATION -> WEAK_TREND -> PULLBACK -> ACCELERATION -> HEALTHY_TREND -> WEAK_TREND -> ACCELERATION -> WEAK_TREND -> ACCELERATION -> HEALTHY_TREND -> ACCELERATION -> WEAK_TREND -> HEALTHY_TREND -> PULLBACK -> ACCELERATION -> WEAK_TREND -> ACCELERATION -> WEAK_TREND -> ACCELERATION -> HEALTHY_TREND -> ACCELERATION -> WEAK_TREND -> ACCELERATION -> WEAK_TREND -> ACCELERATION -> PULLBACK -> HEALTHY_TREND -> PULLBACK -> ACCELERATION -> HEALTHY_TREND -> PULLBACK -> ACCELERATION -> HEALTHY_TREND -> EXIT,34,HEALTHY_TREND,15.9468
long_2026-06-03T200000_RAVEUSDT,long,2026-06-03 20:00:00,RAVEUSDT,EARLY_BREAKOUT -> ACCELERATION -> WEAK_TREND -> ACCELERATION -> WEAK_TREND -> HEALTHY_TREND -> WEAK_TREND -> PULLBACK -> HEALTHY_TREND -> PULLBACK -> HEALTHY_TREND -> PULLBACK -> ACCELERATION -> PULLBACK -> ACCELERATION -> PULLBACK -> ACCELERATION -> HEALTHY_TREND -> PULLBACK -> ACCELERATION -> HEALTHY_TREND -> WEAK_TREND -> PULLBACK -> HEALTHY_TREND -> PULLBACK -> ACCELERATION -> HEALTHY_TREND -> ACCELERATION -> PULLBACK -> ACCELERATION -> PULLBACK -> ACCELERATION -> PULLBACK -> EXHAUSTION -> EXIT,34,EXHAUSTION,6.8262
long_2026-06-03T200000_ARUSDT,long,2026-06-03 20:00:00,ARUSDT,EARLY_BREAKOUT -> ACCELERATION -> WEAK_TREND -> ACCELERATION -> WEAK_TREND -> ACCELERATION -> HEALTHY_TREND -> ACCELERATION -> HEALTHY_TREND -> WEAK_TREND -> ACCELERATION -> HEALTHY_TREND -> ACCELERATION -> PULLBACK -> ACCELERATION -> PULLBACK -> ACCELERATION -> PULLBACK -> ACCELERATION -> PULLBACK -> ACCELERATION -> PULLBACK -> ACCELERATION -> PULLBACK -> ACCELERATION -> PULLBACK -> EXIT,26,PULLBACK,12.3391
long_2026-06-03T200000_HEIUSDT,long,2026-06-03 20:00:00,HEIUSDT,EARLY_BREAKOUT -> REVERSAL -> ACCELERATION -> EARLY_BREAKOUT -> REVERSAL -> EXIT,5,REVERSAL,-10.1585
long_2026-06-03T200000_FILUSDT,long,2026-06-03 20:00:00,FILUSDT,EARLY_BREAKOUT -> PULLBACK -> ACCELERATION -> EXHAUSTION -> ACCELERATION -> HEALTHY_TREND -> EXHAUSTION -> ACCELERATION -> WEAK_TREND -> ACCELERATION -> EXHAUSTION -> ACCELERATION -> HEALTHY_TREND -> WEAK_TREND -> ACCELERATION -> WEAK_TREND -> HEALTHY_TREND -> EXHAUSTION -> FAKE_BREAKOUT -> REVERSAL -> FAKE_BREAKOUT -> REVERSAL -> FAKE_BREAKOUT -> REVERSAL -> EXIT,24,REVERSAL,-1.2698
short_2026-06-03T200000_EPICUSDT,short,2026-06-03 20:00:00,EPICUSDT,EARLY_BREAKOUT -> ACCELERATION -> EARLY_BREAKOUT -> WEAK_TREND -> ACCELERATION -> PULLBACK -> FAKE_BREAKOUT -> PULLBACK -> EXHAUSTION -> PULLBACK -> ACCELERATION -> HEALTHY_TREND -> PULLBACK -> ACCELERATION -> WEAK_TREND -> ACCELERATION -> PULLBACK -> ACCELERATION -> PULLBACK -> EXHAUSTION -> PULLBACK -> EXHAUSTION -> PULLBACK -> ACCELERATION -> PULLBACK -> ACCELERATION -> PULLBACK -> ACCELERATION -> EXIT,28,ACCELERATION,17.9811
short_2026-06-03T200000_VICUSDT,short,2026-06-03 20:00:00,VICUSDT,EARLY_BREAKOUT -> PULLBACK -> ACCELERATION -> PULLBACK -> ACCELERATION -> FAKE_BREAKOUT -> HEALTHY_TREND -> ACCELERATION -> HEALTHY_TREND -> ACCELERATION -> HEALTHY_TREND -> WEAK_TREND -> ACCELERATION -> HEALTHY_TREND -> PULLBACK -> HEALTHY_TREND -> ACCELERATION -> HEALTHY_TREND -> WEAK_TREND -> PULLBACK -> HEALTHY_TREND -> WEAK_TREND -> ACCELERATION -> HEALTHY_TREND -> ACCELERATION -> HEALTHY_TREND -> ACCELERATION -> WEAK_TREND -> ACCELERATION -> WEAK_TREND -> ACCELERATION -> HEALTHY_TREND -> ACCELERATION -> WEAK_TREND -> PULLBACK -> ACCELERATION -> EXIT,36,ACCELERATION,16.696
short_2026-06-03T200000_CLOUSDT,short,2026-06-03 20:00:00,CLOUSDT,EARLY_BREAKOUT -> ACCELERATION -> PULLBACK -> FAKE_BREAKOUT -> PULLBACK -> ACCELERATION -> EXHAUSTION -> ACCELERATION -> HEALTHY_TREND -> WEAK_TREND -> ACCELERATION -> WEAK_TREND -> ACCELERATION -> PULLBACK -> FAKE_BREAKOUT -> PULLBACK -> ACCELERATION -> HEALTHY_TREND -> ACCELERATION -> PULLBACK -> ACCELERATION -> HEALTHY_TREND -> PULLBACK -> ACCELERATION -> PULLBACK -> ACCELERATION -> PULLBACK -> ACCELERATION -> PULLBACK -> EXHAUSTION -> EXIT,30,EXHAUSTION,9.1954
short_2026-06-03T200000_WLDUSDT,short,2026-06-03 20:00:00,WLDUSDT,EARLY_BREAKOUT -> REVERSAL -> ACCELERATION -> HEALTHY_TREND -> ACCELERATION -> FAKE_BREAKOUT -> REVERSAL -> EXIT,7,REVERSAL,-4.2913
short_2026-06-03T200000_MYXUSDT,short,2026-06-03 20:00:00,MYXUSDT,EARLY_BREAKOUT -> WEAK_TREND -> EARLY_BREAKOUT -> ACCELERATION -> REVERSAL -> HEALTHY_TREND -> WEAK_TREND -> FAKE_BREAKOUT -> REVERSAL -> FAKE_BREAKOUT -> ACCELERATION -> HEALTHY_TREND -> WEAK_TREND -> ACCELERATION -> HEALTHY_TREND -> PULLBACK -> ACCELERATION -> PULLBACK -> HEALTHY_TREND -> ACCELERATION -> PULLBACK -> ACCELERATION -> PULLBACK -> ACCELERATION -> PULLBACK -> ACCELERATION -> WEAK_TREND -> ACCELERATION -> PULLBACK -> ACCELERATION -> PULLBACK -> ACCELERATION -> PULLBACK -> EXIT,33,PULLBACK,25.9175
long_2026-06-03T220000_GRASSUSDT,long,2026-06-03 22:00:00,GRASSUSDT,EARLY_BREAKOUT -> ACCELERATION -> EARLY_BREAKOUT -> ACCELERATION -> PULLBACK -> ACCELERATION -> PULLBACK -> ACCELERATION -> PULLBACK -> FAKE_BREAKOUT -> PULLBACK -> FAKE_BREAKOUT -> REVERSAL -> FAKE_BREAKOUT -> REVERSAL -> FAKE_BREAKOUT -> REVERSAL -> FAKE_BREAKOUT -> REVERSAL -> FAKE_BREAKOUT -> REVERSAL -> EXIT,21,REVERSAL,-3.8684
long_2026-06-03T220000_WLDUSDT,long,2026-06-03 22:00:00,WLDUSDT,EARLY_BREAKOUT -> PULLBACK -> ACCELERATION -> HEALTHY_TREND -> PULLBACK -> EXHAUSTION -> ACCELERATION -> WEAK_TREND -> PULLBACK -> ACCELERATION -> WEAK_TREND -> FAKE_BREAKOUT -> PULLBACK -> HEALTHY_TREND -> FAKE_BREAKOUT -> PULLBACK -> EXHAUSTION -> FAKE_BREAKOUT -> ACCELERATION -> PULLBACK -> EXHAUSTION -> ACCELERATION -> EXHAUSTION -> ACCELERATION -> PULLBACK -> EXHAUSTION -> FAKE_BREAKOUT -> PULLBACK -> ACCELERATION -> PULLBACK -> ACCELERATION -> PULLBACK -> EXHAUSTION -> PULLBACK -> EXHAUSTION -> ACCELERATION -> FAKE_BREAKOUT -> PULLBACK -> EXIT,38,PULLBACK,4.5762
long_2026-06-03T220000_USELESSUSDT,long,2026-06-03 22:00:00,USELESSUSDT,EARLY_BREAKOUT -> ACCELERATION -> EARLY_BREAKOUT -> ACCELERATION -> HEALTHY_TREND -> WEAK_TREND -> ACCELERATION -> WEAK_TREND -> ACCELERATION -> PULLBACK -> FAKE_BREAKOUT -> PULLBACK -> FAKE_BREAKOUT -> PULLBACK -> FAKE_BREAKOUT -> ACCELERATION -> EXHAUSTION -> FAKE_BREAKOUT -> PULLBACK -> FAKE_BREAKOUT -> REVERSAL -> FAKE_BREAKOUT -> REVERSAL -> EXIT,23,REVERSAL,-2.4835
long_2026-06-03T220000_ENAUSDT,long,2026-06-03 22:00:00,ENAUSDT,EARLY_BREAKOUT -> ACCELERATION -> FAKE_BREAKOUT -> ACCELERATION -> HEALTHY_TREND -> PULLBACK -> ACCELERATION -> HEALTHY_TREND -> ACCELERATION -> WEAK_TREND -> ACCELERATION -> PULLBACK -> EXHAUSTION -> PULLBACK -> ACCELERATION -> PULLBACK -> EXHAUSTION -> FAKE_BREAKOUT -> ACCELERATION -> FAKE_BREAKOUT -> ACCELERATION -> FAKE_BREAKOUT -> PULLBACK -> FAKE_BREAKOUT -> ACCELERATION -> PULLBACK -> EXHAUSTION -> PULLBACK -> EXHAUSTION -> FAKE_BREAKOUT -> PULLBACK -> EXHAUSTION -> EXIT,32,EXHAUSTION,4.6718
long_2026-06-03T220000_GUAUSDT,long,2026-06-03 22:00:00,GUAUSDT,EARLY_BREAKOUT -> ACCELERATION -> EARLY_BREAKOUT -> ACCELERATION -> FAKE_BREAKOUT -> REVERSAL -> FAKE_BREAKOUT -> HEALTHY_TREND -> WEAK_TREND -> ACCELERATION -> HEALTHY_TREND -> PULLBACK -> ACCELERATION -> WEAK_TREND -> PULLBACK -> ACCELERATION -> HEALTHY_TREND -> ACCELERATION -> WEAK_TREND -> ACCELERATION -> WEAK_TREND -> ACCELERATION -> PULLBACK -> EXHAUSTION -> PULLBACK -> EXHAUSTION -> PULLBACK -> ACCELERATION -> PULLBACK -> EXHAUSTION -> PULLBACK -> EXHAUSTION -> ACCELERATION -> PULLBACK -> EXHAUSTION -> PULLBACK -> EXHAUSTION -> PULLBACK -> EXHAUSTION -> ACCELERATION -> EXIT,40,ACCELERATION,8.5281
short_2026-06-03T220000_PLAYUSDT,short,2026-06-03 22:00:00,PLAYUSDT,EARLY_BREAKOUT -> ACCELERATION -> PULLBACK -> ACCELERATION -> PULLBACK -> ACCELERATION -> PULLBACK -> HEALTHY_TREND -> PULLBACK -> ACCELERATION -> PULLBACK -> ACCELERATION -> PULLBACK -> ACCELERATION -> PULLBACK -> ACCELERATION -> PULLBACK -> ACCELERATION -> PULLBACK -> ACCELERATION -> PULLBACK -> ACCELERATION -> PULLBACK -> ACCELERATION -> PULLBACK -> ACCELERATION -> PULLBACK -> EXIT,27,PULLBACK,21.7956
short_2026-06-03T220000_VICUSDT,short,2026-06-03 22:00:00,VICUSDT,EARLY_BREAKOUT -> ACCELERATION -> HEALTHY_TREND -> ACCELERATION -> HEALTHY_TREND -> WEAK_TREND -> ACCELERATION -> HEALTHY_TREND -> PULLBACK -> HEALTHY_TREND -> ACCELERATION -> HEALTHY_TREND -> WEAK_TREND -> PULLBACK -> HEALTHY_TREND -> WEAK_TREND -> ACCELERATION -> HEALTHY_TREND -> ACCELERATION -> HEALTHY_TREND -> ACCELERATION -> WEAK_TREND -> ACCELERATION -> WEAK_TREND -> ACCELERATION -> HEALTHY_TREND -> ACCELERATION -> WEAK_TREND -> PULLBACK -> ACCELERATION -> PULLBACK -> ACCELERATION -> WEAK_TREND -> PULLBACK -> ACCELERATION -> PULLBACK -> EXIT,36,PULLBACK,13.2221
short_2026-06-03T220000_HEIUSDT,short,2026-06-03 22:00:00,HEIUSDT,EARLY_BREAKOUT -> ACCELERATION -> HEALTHY_TREND -> WEAK_TREND -> ACCELERATION -> HEALTHY_TREND -> ACCELERATION -> WEAK_TREND -> ACCELERATION -> HEALTHY_TREND -> PULLBACK -> EXHAUSTION -> PULLBACK -> ACCELERATION -> PULLBACK -> EXHAUSTION -> PULLBACK -> EXHAUSTION -> ACCELERATION -> EXHAUSTION -> ACCELERATION -> EXHAUSTION -> ACCELERATION -> EXHAUSTION -> PULLBACK -> EXHAUSTION -> ACCELERATION -> EXHAUSTION -> ACCELERATION -> PULLBACK -> EXHAUSTION -> ACCELERATION -> EXHAUSTION -> PULLBACK -> ACCELERATION -> EXIT,35,ACCELERATION,8.9934
short_2026-06-03T220000_CUSDT,short,2026-06-03 22:00:00,CUSDT,EARLY_BREAKOUT -> WEAK_TREND -> PULLBACK -> EXHAUSTION -> PULLBACK -> FAKE_BREAKOUT -> PULLBACK -> ACCELERATION -> PULLBACK -> ACCELERATION -> PULLBACK -> ACCELERATION -> PULLBACK -> ACCELERATION -> WEAK_TREND -> PULLBACK -> HEALTHY_TREND -> WEAK_TREND -> PULLBACK -> EXHAUSTION -> FAKE_BREAKOUT -> REVERSAL -> FAKE_BREAKOUT -> REVERSAL -> FAKE_BREAKOUT -> REVERSAL -> EXIT,26,REVERSAL,-3.4659
short_2026-06-03T220000_CROSSUSDT,short,2026-06-03 22:00:00,CROSSUSDT,EARLY_BREAKOUT -> ACCELERATION -> HEALTHY_TREND -> ACCELERATION -> HEALTHY_TREND -> WEAK_TREND -> ACCELERATION -> WEAK_TREND -> ACCELERATION -> PULLBACK -> EXHAUSTION -> PULLBACK -> EXHAUSTION -> PULLBACK -> EXHAUSTION -> PULLBACK -> EXHAUSTION -> PULLBACK -> EXHAUSTION -> FAKE_BREAKOUT -> ACCELERATION -> PULLBACK -> EXHAUSTION -> PULLBACK -> FAKE_BREAKOUT -> PULLBACK -> ACCELERATION -> EXHAUSTION -> PULLBACK -> ACCELERATION -> PULLBACK -> ACCELERATION -> PULLBACK -> EXIT,33,PULLBACK,6.8624
long_2026-06-04T000000_OPNUSDT,long,2026-06-04 00:00:00,OPNUSDT,EARLY_BREAKOUT -> ACCELERATION -> EARLY_BREAKOUT -> ACCELERATION -> HEALTHY_TREND -> ACCELERATION -> HEALTHY_TREND -> PULLBACK -> ACCELERATION -> HEALTHY_TREND -> PULLBACK -> ACCELERATION -> PULLBACK -> ACCELERATION -> HEALTHY_TREND -> PULLBACK -> ACCELERATION -> HEALTHY_TREND -> PULLBACK -> EXHAUSTION -> PULLBACK -> EXHAUSTION -> PULLBACK -> ACCELERATION -> PULLBACK -> EXHAUSTION -> PULLBACK -> EXIT,27,PULLBACK,52.2923
long_2026-06-04T000000_XPLUSDT,long,2026-06-04 00:00:00,XPLUSDT,EARLY_BREAKOUT -> ACCELERATION -> PULLBACK -> ACCELERATION -> EXHAUSTION -> PULLBACK -> FAKE_BREAKOUT -> PULLBACK -> ACCELERATION -> WEAK_TREND -> PULLBACK -> ACCELERATION -> PULLBACK -> EXHAUSTION -> REVERSAL -> FAKE_BREAKOUT -> ACCELERATION -> FAKE_BREAKOUT -> ACCELERATION -> FAKE_BREAKOUT -> REVERSAL -> FAKE_BREAKOUT -> REVERSAL -> EXIT,23,REVERSAL,-3.3155
long_2026-06-04T000000_MAGMAUSDT,long,2026-06-04 00:00:00,MAGMAUSDT,EARLY_BREAKOUT -> ACCELERATION -> HEALTHY_TREND -> WEAK_TREND -> ACCELERATION -> HEALTHY_TREND -> WEAK_TREND -> ACCELERATION -> PULLBACK -> EXHAUSTION -> PULLBACK -> ACCELERATION -> HEALTHY_TREND -> PULLBACK -> ACCELERATION -> PULLBACK -> ACCELERATION -> PULLBACK -> ACCELERATION -> PULLBACK -> ACCELERATION -> PULLBACK -> ACCELERATION -> PULLBACK -> ACCELERATION -> HEALTHY_TREND -> PULLBACK -> EXIT,27,PULLBACK,17.4748
long_2026-06-04T000000_CLOUSDT,long,2026-06-04 00:00:00,CLOUSDT,EARLY_BREAKOUT -> REVERSAL -> ACCELERATION -> FAKE_BREAKOUT -> REVERSAL -> EXIT,5,REVERSAL,-10.8908
long_2026-06-04T000000_ICNTUSDT,long,2026-06-04 00:00:00,ICNTUSDT,EARLY_BREAKOUT -> WEAK_TREND -> ACCELERATION -> FAKE_BREAKOUT -> REVERSAL -> FAKE_BREAKOUT -> REVERSAL -> FAKE_BREAKOUT -> REVERSAL -> FAKE_BREAKOUT -> REVERSAL -> FAKE_BREAKOUT -> PULLBACK -> FAKE_BREAKOUT -> ACCELERATION -> FAKE_BREAKOUT -> REVERSAL -> FAKE_BREAKOUT -> REVERSAL -> FAKE_BREAKOUT -> REVERSAL -> FAKE_BREAKOUT -> ACCELERATION -> REVERSAL -> EXIT,24,REVERSAL,-1.3141
short_2026-06-04T000000_EPICUSDT,short,2026-06-04 00:00:00,EPICUSDT,EARLY_BREAKOUT -> ACCELERATION -> EARLY_BREAKOUT -> HEALTHY_TREND -> FAKE_BREAKOUT -> PULLBACK -> EXHAUSTION -> ACCELERATION -> PULLBACK -> ACCELERATION -> PULLBACK -> ACCELERATION -> EXHAUSTION -> PULLBACK -> FAKE_BREAKOUT -> PULLBACK -> EXHAUSTION -> FAKE_BREAKOUT -> ACCELERATION -> FAKE_BREAKOUT -> ACCELERATION -> EXHAUSTION -> FAKE_BREAKOUT -> ACCELERATION -> PULLBACK -> ACCELERATION -> EXHAUSTION -> REVERSAL -> FAKE_BREAKOUT -> ACCELERATION -> FAKE_BREAKOUT -> REVERSAL -> EXIT,32,REVERSAL,-10.0857
short_2026-06-04T000000_EDGEUSDT,short,2026-06-04 00:00:00,EDGEUSDT,EARLY_BREAKOUT -> ACCELERATION -> PULLBACK -> ACCELERATION -> PULLBACK -> ACCELERATION -> PULLBACK -> ACCELERATION -> PULLBACK -> ACCELERATION -> PULLBACK -> ACCELERATION -> PULLBACK -> ACCELERATION -> WEAK_TREND -> ACCELERATION -> WEAK_TREND -> PULLBACK -> ACCELERATION -> HEALTHY_TREND -> PULLBACK -> ACCELERATION -> HEALTHY_TREND -> WEAK_TREND -> EXIT,24,WEAK_TREND,10.4396
short_2026-06-04T000000_GRASSUSDT,short,2026-06-04 00:00:00,GRASSUSDT,EARLY_BREAKOUT -> FAKE_BREAKOUT -> ACCELERATION -> HEALTHY_TREND -> WEAK_TREND -> PULLBACK -> ACCELERATION -> WEAK_TREND -> ACCELERATION -> WEAK_TREND -> PULLBACK -> ACCELERATION -> WEAK_TREND -> PULLBACK -> ACCELERATION -> PULLBACK -> ACCELERATION -> PULLBACK -> ACCELERATION -> HEALTHY_TREND -> ACCELERATION -> PULLBACK -> ACCELERATION -> HEALTHY_TREND -> ACCELERATION -> PULLBACK -> ACCELERATION -> PULLBACK -> ACCELERATION -> PULLBACK -> EXIT,30,PULLBACK,15.3238
short_2026-06-04T000000_LITUSDT,short,2026-06-04 00:00:00,LITUSDT,EARLY_BREAKOUT -> REVERSAL -> ACCELERATION -> EARLY_BREAKOUT -> WEAK_TREND -> PULLBACK -> ACCELERATION -> WEAK_TREND -> ACCELERATION -> HEALTHY_TREND -> PULLBACK -> EXHAUSTION -> FAKE_BREAKOUT -> PULLBACK -> FAKE_BREAKOUT -> ACCELERATION -> FAKE_BREAKOUT -> ACCELERATION -> PULLBACK -> FAKE_BREAKOUT -> ACCELERATION -> FAKE_BREAKOUT -> REVERSAL -> FAKE_BREAKOUT -> ACCELERATION -> PULLBACK -> ACCELERATION -> EXHAUSTION -> PULLBACK -> FAKE_BREAKOUT -> REVERSAL -> EXIT,31,REVERSAL,-0.1019
short_2026-06-04T000000_VVVUSDT,short,2026-06-04 00:00:00,VVVUSDT,EARLY_BREAKOUT -> ACCELERATION -> HEALTHY_TREND -> ACCELERATION -> HEALTHY_TREND -> EXHAUSTION -> ACCELERATION -> HEALTHY_TREND -> PULLBACK -> ACCELERATION -> PULLBACK -> HEALTHY_TREND -> PULLBACK -> EXHAUSTION -> PULLBACK -> ACCELERATION -> PULLBACK -> ACCELERATION -> HEALTHY_TREND -> PULLBACK -> EXHAUSTION -> PULLBACK -> FAKE_BREAKOUT -> ACCELERATION -> EXHAUSTION -> ACCELERATION -> EXHAUSTION -> PULLBACK -> EXHAUSTION -> FAKE_BREAKOUT -> PULLBACK -> EXHAUSTION -> ACCELERATION -> PULLBACK -> HEALTHY_TREND -> ACCELERATION -> WEAK_TREND -> ACCELERATION -> PULLBACK -> HEALTHY_TREND -> PULLBACK -> EXIT,41,PULLBACK,6.0794
long_2026-06-04T020000_OPNUSDT,long,2026-06-04 02:00:00,OPNUSDT,EARLY_BREAKOUT -> ACCELERATION -> EARLY_BREAKOUT -> HEALTHY_TREND -> PULLBACK -> ACCELERATION -> PULLBACK -> ACCELERATION -> HEALTHY_TREND -> PULLBACK -> EXHAUSTION -> PULLBACK -> ACCELERATION -> HEALTHY_TREND -> WEAK_TREND -> PULLBACK -> EXHAUSTION -> FAKE_BREAKOUT -> PULLBACK -> EXHAUSTION -> FAKE_BREAKOUT -> REVERSAL -> FAKE_BREAKOUT -> REVERSAL -> FAKE_BREAKOUT -> REVERSAL -> FAKE_BREAKOUT -> REVERSAL -> FAKE_BREAKOUT -> REVERSAL -> FAKE_BREAKOUT -> EXIT,31,FAKE_BREAKOUT,0.1931
long_2026-06-04T020000_STOUSDT,long,2026-06-04 02:00:00,STOUSDT,EARLY_BREAKOUT -> ACCELERATION -> EARLY_BREAKOUT -> ACCELERATION -> HEALTHY_TREND -> ACCELERATION -> PULLBACK -> ACCELERATION -> PULLBACK -> EXHAUSTION -> FAKE_BREAKOUT -> PULLBACK -> EXHAUSTION -> PULLBACK -> EXHAUSTION -> FAKE_BREAKOUT -> EXIT,16,FAKE_BREAKOUT,9.1266
long_2026-06-04T020000_XPLUSDT,long,2026-06-04 02:00:00,XPLUSDT,EARLY_BREAKOUT -> ACCELERATION -> EARLY_BREAKOUT -> PULLBACK -> EXHAUSTION -> PULLBACK -> EXHAUSTION -> ACCELERATION -> EXHAUSTION -> PULLBACK -> FAKE_BREAKOUT -> REVERSAL -> FAKE_BREAKOUT -> REVERSAL -> FAKE_BREAKOUT -> REVERSAL -> EXIT,16,REVERSAL,-7.7568
long_2026-06-04T020000_PARTIUSDT,long,2026-06-04 02:00:00,PARTIUSDT,EARLY_BREAKOUT -> WEAK_TREND -> ACCELERATION -> WEAK_TREND -> ACCELERATION -> PULLBACK -> ACCELERATION -> HEALTHY_TREND -> ACCELERATION -> WEAK_TREND -> ACCELERATION -> WEAK_TREND -> ACCELERATION -> PULLBACK -> EXHAUSTION -> PULLBACK -> EXHAUSTION -> FAKE_BREAKOUT -> PULLBACK -> ACCELERATION -> EXHAUSTION -> FAKE_BREAKOUT -> REVERSAL -> FAKE_BREAKOUT -> EXIT,24,FAKE_BREAKOUT,2.4498
long_2026-06-04T020000_APRUSDT,long,2026-06-04 02:00:00,APRUSDT,EARLY_BREAKOUT -> ACCELERATION -> HEALTHY_TREND -> WEAK_TREND -> EXHAUSTION -> FAKE_BREAKOUT -> REVERSAL -> EXIT,7,REVERSAL,-3.0403
short_2026-06-04T020000_EDENUSDT,short,2026-06-04 02:00:00,EDENUSDT,EARLY_BREAKOUT -> HEALTHY_TREND -> ACCELERATION -> HEALTHY_TREND -> PULLBACK -> EXHAUSTION -> FAKE_BREAKOUT -> PULLBACK -> ACCELERATION -> HEALTHY_TREND -> WEAK_TREND -> PULLBACK -> EXHAUSTION -> PULLBACK -> ACCELERATION -> HEALTHY_TREND -> ACCELERATION -> WEAK_TREND -> ACCELERATION -> WEAK_TREND -> ACCELERATION -> WEAK_TREND -> PULLBACK -> ACCELERATION -> HEALTHY_TREND -> WEAK_TREND -> ACCELERATION -> PULLBACK -> ACCELERATION -> PULLBACK -> ACCELERATION -> PULLBACK -> HEALTHY_TREND -> ACCELERATION -> EXIT,34,ACCELERATION,14.9527
short_2026-06-04T020000_EPICUSDT,short,2026-06-04 02:00:00,EPICUSDT,EARLY_BREAKOUT -> ACCELERATION -> EXHAUSTION -> ACCELERATION -> FAKE_BREAKOUT -> REVERSAL -> FAKE_BREAKOUT -> REVERSAL -> FAKE_BREAKOUT -> REVERSAL -> FAKE_BREAKOUT -> REVERSAL -> FAKE_BREAKOUT -> REVERSAL -> FAKE_BREAKOUT -> REVERSAL -> EXIT,16,REVERSAL,-13.0235
short_2026-06-04T020000_WLDUSDT,short,2026-06-04 02:00:00,WLDUSDT,EARLY_BREAKOUT -> ACCELERATION -> PULLBACK -> ACCELERATION -> HEALTHY_TREND -> WEAK_TREND -> PULLBACK -> EXHAUSTION -> PULLBACK -> FAKE_BREAKOUT -> ACCELERATION -> FAKE_BREAKOUT -> ACCELERATION -> HEALTHY_TREND -> PULLBACK -> EXHAUSTION -> REVERSAL -> FAKE_BREAKOUT -> REVERSAL -> FAKE_BREAKOUT -> REVERSAL -> FAKE_BREAKOUT -> PULLBACK -> REVERSAL -> ACCELERATION -> EXHAUSTION -> ACCELERATION -> EXHAUSTION -> ACCELERATION -> HEALTHY_TREND -> WEAK_TREND -> FAKE_BREAKOUT -> REVERSAL -> FAKE_BREAKOUT -> ACCELERATION -> HEALTHY_TREND -> EXIT,36,HEALTHY_TREND,7.0793
short_2026-06-04T020000_CLOUSDT,short,2026-06-04 02:00:00,CLOUSDT,EARLY_BREAKOUT -> ACCELERATION -> HEALTHY_TREND -> REVERSAL -> FAKE_BREAKOUT -> REVERSAL -> FAKE_BREAKOUT -> REVERSAL -> ACCELERATION -> FAKE_BREAKOUT -> ACCELERATION -> HEALTHY_TREND -> FAKE_BREAKOUT -> ACCELERATION -> FAKE_BREAKOUT -> PULLBACK -> ACCELERATION -> HEALTHY_TREND -> PULLBACK -> EXIT,19,PULLBACK,7.898
short_2026-06-04T020000_IOUSDT,short,2026-06-04 02:00:00,IOUSDT,EARLY_BREAKOUT -> PULLBACK -> ACCELERATION -> PULLBACK -> HEALTHY_TREND -> WEAK_TREND -> HEALTHY_TREND -> PULLBACK -> ACCELERATION -> EXHAUSTION -> HEALTHY_TREND -> ACCELERATION -> HEALTHY_TREND -> PULLBACK -> REVERSAL -> FAKE_BREAKOUT -> REVERSAL -> FAKE_BREAKOUT -> PULLBACK -> ACCELERATION -> PULLBACK -> ACCELERATION -> HEALTHY_TREND -> WEAK_TREND -> PULLBACK -> ACCELERATION -> PULLBACK -> ACCELERATION -> HEALTHY_TREND -> ACCELERATION -> EXIT,30,ACCELERATION,9.2873
long_2026-06-04T040000_STOUSDT,long,2026-06-04 04:00:00,STOUSDT,EARLY_BREAKOUT -> PULLBACK -> ACCELERATION -> FAKE_BREAKOUT -> REVERSAL -> FAKE_BREAKOUT -> REVERSAL -> FAKE_BREAKOUT -> REVERSAL -> EXIT,9,REVERSAL,-21.7836
long_2026-06-04T040000_GWEIUSDT,long,2026-06-04 04:00:00,GWEIUSDT,EARLY_BREAKOUT -> ACCELERATION -> EARLY_BREAKOUT -> PULLBACK -> ACCELERATION -> WEAK_TREND -> EXHAUSTION -> PULLBACK -> EXHAUSTION -> FAKE_BREAKOUT -> REVERSAL -> FAKE_BREAKOUT -> REVERSAL -> FAKE_BREAKOUT -> REVERSAL -> EXIT,15,REVERSAL,-0.9467
long_2026-06-04T040000_PARTIUSDT,long,2026-06-04 04:00:00,PARTIUSDT,EARLY_BREAKOUT -> ACCELERATION -> EARLY_BREAKOUT -> ACCELERATION -> WEAK_TREND -> ACCELERATION -> PULLBACK -> FAKE_BREAKOUT -> PULLBACK -> FAKE_BREAKOUT -> REVERSAL -> FAKE_BREAKOUT -> REVERSAL -> FAKE_BREAKOUT -> REVERSAL -> EXIT,15,REVERSAL,-6.9089
long_2026-06-04T040000_BEATUSDT,long,2026-06-04 04:00:00,BEATUSDT,EARLY_BREAKOUT -> ACCELERATION -> WEAK_TREND -> ACCELERATION -> HEALTHY_TREND -> ACCELERATION -> HEALTHY_TREND -> ACCELERATION -> WEAK_TREND -> EXHAUSTION -> FAKE_BREAKOUT -> REVERSAL -> FAKE_BREAKOUT -> REVERSAL -> FAKE_BREAKOUT -> ACCELERATION -> FAKE_BREAKOUT -> PULLBACK -> EXHAUSTION -> FAKE_BREAKOUT -> ACCELERATION -> EXHAUSTION -> FAKE_BREAKOUT -> ACCELERATION -> PULLBACK -> EXHAUSTION -> ACCELERATION -> EXIT,27,ACCELERATION,6.9186
long_2026-06-04T040000_RAVEUSDT,long,2026-06-04 04:00:00,RAVEUSDT,EARLY_BREAKOUT -> ACCELERATION -> EARLY_BREAKOUT -> ACCELERATION -> EXHAUSTION -> ACCELERATION -> FAKE_BREAKOUT -> PULLBACK -> FAKE_BREAKOUT -> ACCELERATION -> FAKE_BREAKOUT -> REVERSAL -> EXIT,12,REVERSAL,-10.2368
short_2026-06-04T040000_LABUSDT,short,2026-06-04 04:00:00,LABUSDT,EARLY_BREAKOUT -> WEAK_TREND -> ACCELERATION -> PULLBACK -> ACCELERATION -> PULLBACK -> EXHAUSTION -> FAKE_BREAKOUT -> PULLBACK -> EXHAUSTION -> ACCELERATION -> FAKE_BREAKOUT -> ACCELERATION -> PULLBACK -> EXHAUSTION -> PULLBACK -> FAKE_BREAKOUT -> ACCELERATION -> FAKE_BREAKOUT -> EXIT,19,FAKE_BREAKOUT,2.1912
short_2026-06-04T040000_ALLOUSDT,short,2026-06-04 04:00:00,ALLOUSDT,EARLY_BREAKOUT -> ACCELERATION -> WEAK_TREND -> ACCELERATION -> WEAK_TREND -> ACCELERATION -> WEAK_TREND -> PULLBACK -> EXHAUSTION -> PULLBACK -> ACCELERATION -> HEALTHY_TREND -> PULLBACK -> ACCELERATION -> PULLBACK -> HEALTHY_TREND -> PULLBACK -> ACCELERATION -> WEAK_TREND -> ACCELERATION -> PULLBACK -> EXHAUSTION -> PULLBACK -> EXHAUSTION -> PULLBACK -> ACCELERATION -> FAKE_BREAKOUT -> ACCELERATION -> PULLBACK -> ACCELERATION -> WEAK_TREND -> EXIT,31,WEAK_TREND,7.2261
short_2026-06-04T040000_AIAUSDT,short,2026-06-04 04:00:00,AIAUSDT,EARLY_BREAKOUT -> ACCELERATION -> HEALTHY_TREND -> ACCELERATION -> HEALTHY_TREND -> WEAK_TREND -> PULLBACK -> EXHAUSTION -> FAKE_BREAKOUT -> PULLBACK -> ACCELERATION -> WEAK_TREND -> ACCELERATION -> WEAK_TREND -> REVERSAL -> FAKE_BREAKOUT -> HEALTHY_TREND -> WEAK_TREND -> ACCELERATION -> EXIT,19,ACCELERATION,6.7532
short_2026-06-04T040000_UBUSDT,short,2026-06-04 04:00:00,UBUSDT,EARLY_BREAKOUT -> ACCELERATION -> EARLY_BREAKOUT -> HEALTHY_TREND -> ACCELERATION -> WEAK_TREND -> PULLBACK -> ACCELERATION -> EXHAUSTION -> FAKE_BREAKOUT -> PULLBACK -> HEALTHY_TREND -> PULLBACK -> ACCELERATION -> PULLBACK -> EXHAUSTION -> PULLBACK -> ACCELERATION -> EXHAUSTION -> ACCELERATION -> PULLBACK -> EXHAUSTION -> ACCELERATION -> HEALTHY_TREND -> WEAK_TREND -> ACCELERATION -> PULLBACK -> HEALTHY_TREND -> WEAK_TREND -> HEALTHY_TREND -> WEAK_TREND -> PULLBACK -> EXHAUSTION -> PULLBACK -> EXHAUSTION -> REVERSAL -> FAKE_BREAKOUT -> EXIT,37,FAKE_BREAKOUT,2.8435
short_2026-06-04T040000_USELESSUSDT,short,2026-06-04 04:00:00,USELESSUSDT,EARLY_BREAKOUT -> ACCELERATION -> WEAK_TREND -> ACCELERATION -> WEAK_TREND -> ACCELERATION -> WEAK_TREND -> PULLBACK -> EXHAUSTION -> PULLBACK -> FAKE_BREAKOUT -> PULLBACK -> EXHAUSTION -> ACCELERATION -> FAKE_BREAKOUT -> ACCELERATION -> EXHAUSTION -> ACCELERATION -> PULLBACK -> ACCELERATION -> HEALTHY_TREND -> WEAK_TREND -> ACCELERATION -> HEALTHY_TREND -> PULLBACK -> ACCELERATION -> HEALTHY_TREND -> ACCELERATION -> HEALTHY_TREND -> WEAK_TREND -> ACCELERATION -> WEAK_TREND -> PULLBACK -> EXIT,33,PULLBACK,15.8924
long_2026-06-04T060000_OPNUSDT,long,2026-06-04 06:00:00,OPNUSDT,EARLY_BREAKOUT -> ACCELERATION -> EARLY_BREAKOUT -> WEAK_TREND -> FAKE_BREAKOUT -> REVERSAL -> FAKE_BREAKOUT -> REVERSAL -> EXIT,8,REVERSAL,-17.8912
long_2026-06-04T060000_WLDUSDT,long,2026-06-04 06:00:00,WLDUSDT,EARLY_BREAKOUT -> ACCELERATION -> PULLBACK -> ACCELERATION -> PULLBACK -> FAKE_BREAKOUT -> PULLBACK -> EXHAUSTION -> FAKE_BREAKOUT -> ACCELERATION -> FAKE_BREAKOUT -> REVERSAL -> FAKE_BREAKOUT -> ACCELERATION -> PULLBACK -> ACCELERATION -> PULLBACK -> FAKE_BREAKOUT -> REVERSAL -> FAKE_BREAKOUT -> EXIT,20,FAKE_BREAKOUT,1.6262
long_2026-06-04T060000_SUSHIUSDT,long,2026-06-04 06:00:00,SUSHIUSDT,EARLY_BREAKOUT -> ACCELERATION -> EARLY_BREAKOUT -> ACCELERATION -> PULLBACK -> ACCELERATION -> PULLBACK -> EXHAUSTION -> ACCELERATION -> EXHAUSTION -> ACCELERATION -> PULLBACK -> FAKE_BREAKOUT -> REVERSAL -> FAKE_BREAKOUT -> REVERSAL -> FAKE_BREAKOUT -> REVERSAL -> FAKE_BREAKOUT -> REVERSAL -> EXIT,20,REVERSAL,-5.5506
long_2026-06-04T060000_IOUSDT,long,2026-06-04 06:00:00,IOUSDT,EARLY_BREAKOUT -> ACCELERATION -> EARLY_BREAKOUT -> WEAK_TREND -> PULLBACK -> EXHAUSTION -> PULLBACK -> EXHAUSTION -> ACCELERATION -> EXHAUSTION -> FAKE_BREAKOUT -> REVERSAL -> EXIT,12,REVERSAL,-7.9661
long_2026-06-04T060000_WIFUSDT,long,2026-06-04 06:00:00,WIFUSDT,EARLY_BREAKOUT -> ACCELERATION -> EARLY_BREAKOUT -> HEALTHY_TREND -> PULLBACK -> ACCELERATION -> PULLBACK -> ACCELERATION -> FAKE_BREAKOUT -> PULLBACK -> FAKE_BREAKOUT -> REVERSAL -> EXIT,12,REVERSAL,-7.377
short_2026-06-04T060000_STOUSDT,short,2026-06-04 06:00:00,STOUSDT,EARLY_BREAKOUT -> ACCELERATION -> EARLY_BREAKOUT -> PULLBACK -> ACCELERATION -> PULLBACK -> ACCELERATION -> WEAK_TREND -> PULLBACK -> HEALTHY_TREND -> ACCELERATION -> PULLBACK -> ACCELERATION -> PULLBACK -> ACCELERATION -> PULLBACK -> ACCELERATION -> HEALTHY_TREND -> ACCELERATION -> HEALTHY_TREND -> ACCELERATION -> WEAK_TREND -> ACCELERATION -> HEALTHY_TREND -> WEAK_TREND -> PULLBACK -> HEALTHY_TREND -> ACCELERATION -> HEALTHY_TREND -> ACCELERATION -> EXIT,30,ACCELERATION,25.2673
short_2026-06-04T060000_BEATUSDT,short,2026-06-04 06:00:00,BEATUSDT,EARLY_BREAKOUT -> WEAK_TREND -> ACCELERATION -> EARLY_BREAKOUT -> HEALTHY_TREND -> WEAK_TREND -> ACCELERATION -> HEALTHY_TREND -> WEAK_TREND -> ACCELERATION -> PULLBACK -> ACCELERATION -> PULLBACK -> EXHAUSTION -> FAKE_BREAKOUT -> PULLBACK -> FAKE_BREAKOUT -> ACCELERATION -> PULLBACK -> FAKE_BREAKOUT -> REVERSAL -> FAKE_BREAKOUT -> REVERSAL -> FAKE_BREAKOUT -> REVERSAL -> FAKE_BREAKOUT -> EXIT,26,FAKE_BREAKOUT,1.2623
short_2026-06-04T060000_EPICUSDT,short,2026-06-04 06:00:00,EPICUSDT,EARLY_BREAKOUT -> ACCELERATION -> EARLY_BREAKOUT -> ACCELERATION -> WEAK_TREND -> ACCELERATION -> HEALTHY_TREND -> ACCELERATION -> PULLBACK -> REVERSAL -> FAKE_BREAKOUT -> REVERSAL -> FAKE_BREAKOUT -> REVERSAL -> EXIT,14,REVERSAL,-10.4571
short_2026-06-04T060000_GWEIUSDT,short,2026-06-04 06:00:00,GWEIUSDT,EARLY_BREAKOUT -> ACCELERATION -> WEAK_TREND -> PULLBACK -> ACCELERATION -> HEALTHY_TREND -> ACCELERATION -> WEAK_TREND -> ACCELERATION -> WEAK_TREND -> ACCELERATION -> WEAK_TREND -> ACCELERATION -> WEAK_TREND -> ACCELERATION -> PULLBACK -> ACCELERATION -> PULLBACK -> ACCELERATION -> PULLBACK -> ACCELERATION -> WEAK_TREND -> ACCELERATION -> WEAK_TREND -> HEALTHY_TREND -> ACCELERATION -> HEALTHY_TREND -> ACCELERATION -> WEAK_TREND -> ACCELERATION -> WEAK_TREND -> ACCELERATION -> WEAK_TREND -> ACCELERATION -> WEAK_TREND -> ACCELERATION -> EXIT,36,ACCELERATION,11.6012
short_2026-06-04T060000_PARTIUSDT,short,2026-06-04 06:00:00,PARTIUSDT,EARLY_BREAKOUT -> ACCELERATION -> WEAK_TREND -> EXHAUSTION -> ACCELERATION -> WEAK_TREND -> ACCELERATION -> HEALTHY_TREND -> WEAK_TREND -> PULLBACK -> EXHAUSTION -> HEALTHY_TREND -> WEAK_TREND -> ACCELERATION -> PULLBACK -> ACCELERATION -> PULLBACK -> FAKE_BREAKOUT -> ACCELERATION -> PULLBACK -> ACCELERATION -> HEALTHY_TREND -> ACCELERATION -> HEALTHY_TREND -> WEAK_TREND -> PULLBACK -> HEALTHY_TREND -> EXIT,27,HEALTHY_TREND,11.9993
long_2026-06-04T080000_CLOUSDT,long,2026-06-04 08:00:00,CLOUSDT,EARLY_BREAKOUT -> ACCELERATION -> WEAK_TREND -> ACCELERATION -> WEAK_TREND -> HEALTHY_TREND -> ACCELERATION -> HEALTHY_TREND -> FAKE_BREAKOUT -> PULLBACK -> FAKE_BREAKOUT -> REVERSAL -> EXIT,12,REVERSAL,-17.7671
long_2026-06-04T080000_TAUSDT,long,2026-06-04 08:00:00,TAUSDT,EARLY_BREAKOUT -> ACCELERATION -> HEALTHY_TREND -> WEAK_TREND -> ACCELERATION -> WEAK_TREND -> HEALTHY_TREND -> WEAK_TREND -> EXHAUSTION -> HEALTHY_TREND -> FAKE_BREAKOUT -> REVERSAL -> FAKE_BREAKOUT -> REVERSAL -> FAKE_BREAKOUT -> REVERSAL -> FAKE_BREAKOUT -> ACCELERATION -> HEALTHY_TREND -> WEAK_TREND -> HEALTHY_TREND -> WEAK_TREND -> ACCELERATION -> WEAK_TREND -> ACCELERATION -> EXHAUSTION -> FAKE_BREAKOUT -> PULLBACK -> HEALTHY_TREND -> PULLBACK -> EXIT,30,PULLBACK,2.2441
long_2026-06-04T080000_OPGUSDT,long,2026-06-04 08:00:00,OPGUSDT,EARLY_BREAKOUT -> ACCELERATION -> WEAK_TREND -> ACCELERATION -> EXHAUSTION -> REVERSAL -> HEALTHY_TREND -> REVERSAL -> EXIT,8,REVERSAL,-4.548
long_2026-06-04T080000_VVVUSDT,long,2026-06-04 08:00:00,VVVUSDT,EARLY_BREAKOUT -> WEAK_TREND -> ACCELERATION -> FAKE_BREAKOUT -> ACCELERATION -> FAKE_BREAKOUT -> REVERSAL -> EXIT,7,REVERSAL,-16.2396
long_2026-06-04T080000_BSBUSDT,long,2026-06-04 08:00:00,BSBUSDT,EARLY_BREAKOUT -> ACCELERATION -> EARLY_BREAKOUT -> WEAK_TREND -> ACCELERATION -> HEALTHY_TREND -> FAKE_BREAKOUT -> REVERSAL -> EXIT,8,REVERSAL,-10.4786
short_2026-06-04T080000_BRUSDT,short,2026-06-04 08:00:00,BRUSDT,EARLY_BREAKOUT -> WEAK_TREND -> ACCELERATION -> HEALTHY_TREND -> ACCELERATION -> WEAK_TREND -> ACCELERATION -> HEALTHY_TREND -> ACCELERATION -> HEALTHY_TREND -> WEAK_TREND -> ACCELERATION -> HEALTHY_TREND -> WEAK_TREND -> PULLBACK -> ACCELERATION -> EXHAUSTION -> PULLBACK -> EXHAUSTION -> ACCELERATION -> EXHAUSTION -> ACCELERATION -> PULLBACK -> FAKE_BREAKOUT -> ACCELERATION -> FAKE_BREAKOUT -> PULLBACK -> ACCELERATION -> PULLBACK -> ACCELERATION -> PULLBACK -> ACCELERATION -> PULLBACK -> ACCELERATION -> PULLBACK -> ACCELERATION -> PULLBACK -> ACCELERATION -> EXIT,38,ACCELERATION,15.7866
short_2026-06-04T080000_JELLYJELLYUSDT,short,2026-06-04 08:00:00,JELLYJELLYUSDT,EARLY_BREAKOUT -> WEAK_TREND -> ACCELERATION -> HEALTHY_TREND -> WEAK_TREND -> ACCELERATION -> WEAK_TREND -> FAKE_BREAKOUT -> HEALTHY_TREND -> ACCELERATION -> HEALTHY_TREND -> ACCELERATION -> PULLBACK -> EXHAUSTION -> PULLBACK -> ACCELERATION -> PULLBACK -> ACCELERATION -> EXHAUSTION -> PULLBACK -> EXHAUSTION -> PULLBACK -> FAKE_BREAKOUT -> PULLBACK -> FAKE_BREAKOUT -> PULLBACK -> ACCELERATION -> PULLBACK -> ACCELERATION -> PULLBACK -> ACCELERATION -> HEALTHY_TREND -> EXHAUSTION -> PULLBACK -> ACCELERATION -> PULLBACK -> EXIT,36,PULLBACK,4.8637
short_2026-06-04T080000_OPNUSDT,short,2026-06-04 08:00:00,OPNUSDT,EARLY_BREAKOUT -> REVERSAL -> ACCELERATION -> HEALTHY_TREND -> ACCELERATION -> PULLBACK -> HEALTHY_TREND -> ACCELERATION -> PULLBACK -> EXHAUSTION -> PULLBACK -> EXHAUSTION -> FAKE_BREAKOUT -> PULLBACK -> ACCELERATION -> PULLBACK -> ACCELERATION -> PULLBACK -> ACCELERATION -> EXHAUSTION -> ACCELERATION -> PULLBACK -> ACCELERATION -> PULLBACK -> ACCELERATION -> PULLBACK -> ACCELERATION -> HEALTHY_TREND -> PULLBACK -> ACCELERATION -> PULLBACK -> EXHAUSTION -> FAKE_BREAKOUT -> PULLBACK -> EXIT,34,PULLBACK,8.9109
short_2026-06-04T080000_NILUSDT,short,2026-06-04 08:00:00,NILUSDT,EARLY_BREAKOUT -> ACCELERATION -> HEALTHY_TREND -> WEAK_TREND -> ACCELERATION -> PULLBACK -> ACCELERATION -> WEAK_TREND -> ACCELERATION -> WEAK_TREND -> ACCELERATION -> PULLBACK -> ACCELERATION -> HEALTHY_TREND -> PULLBACK -> ACCELERATION -> PULLBACK -> ACCELERATION -> HEALTHY_TREND -> ACCELERATION -> WEAK_TREND -> PULLBACK -> HEALTHY_TREND -> ACCELERATION -> HEALTHY_TREND -> WEAK_TREND -> ACCELERATION -> HEALTHY_TREND -> PULLBACK -> EXIT,29,PULLBACK,16.6246
short_2026-06-04T080000_FETUSDT,short,2026-06-04 08:00:00,FETUSDT,EARLY_BREAKOUT -> WEAK_TREND -> ACCELERATION -> EXHAUSTION -> ACCELERATION -> WEAK_TREND -> ACCELERATION -> HEALTHY_TREND -> ACCELERATION -> PULLBACK -> ACCELERATION -> PULLBACK -> FAKE_BREAKOUT -> ACCELERATION -> PULLBACK -> ACCELERATION -> PULLBACK -> ACCELERATION -> PULLBACK -> ACCELERATION -> HEALTHY_TREND -> ACCELERATION -> HEALTHY_TREND -> ACCELERATION -> HEALTHY_TREND -> WEAK_TREND -> ACCELERATION -> WEAK_TREND -> PULLBACK -> ACCELERATION -> HEALTHY_TREND -> ACCELERATION -> HEALTHY_TREND -> EXIT,33,HEALTHY_TREND,15.3108
long_2026-06-04T100000_币安人生USDT,long,2026-06-04 10:00:00,币安人生USDT,EARLY_BREAKOUT -> ACCELERATION -> HEALTHY_TREND -> ACCELERATION -> PULLBACK -> ACCELERATION -> PULLBACK -> ACCELERATION -> PULLBACK -> ACCELERATION -> PULLBACK -> EXHAUSTION -> ACCELERATION -> EXHAUSTION -> ACCELERATION -> WEAK_TREND -> PULLBACK -> HEALTHY_TREND -> ACCELERATION -> WEAK_TREND -> ACCELERATION -> WEAK_TREND -> PULLBACK -> EXHAUSTION -> FAKE_BREAKOUT -> PULLBACK -> ACCELERATION -> EXHAUSTION -> ACCELERATION -> EXIT,29,ACCELERATION,4.6599
long_2026-06-04T100000_MAGMAUSDT,long,2026-06-04 10:00:00,MAGMAUSDT,EARLY_BREAKOUT -> WEAK_TREND -> ACCELERATION -> HEALTHY_TREND -> WEAK_TREND -> FAKE_BREAKOUT -> ACCELERATION -> HEALTHY_TREND -> PULLBACK -> ACCELERATION -> HEALTHY_TREND -> WEAK_TREND -> ACCELERATION -> PULLBACK -> REVERSAL -> FAKE_BREAKOUT -> REVERSAL -> EXIT,17,REVERSAL,-5.9785
long_2026-06-04T100000_EPICUSDT,long,2026-06-04 10:00:00,EPICUSDT,EARLY_BREAKOUT -> ACCELERATION -> WEAK_TREND -> ACCELERATION -> REVERSAL -> HEALTHY_TREND -> ACCELERATION -> HEALTHY_TREND -> ACCELERATION -> WEAK_TREND -> PULLBACK -> ACCELERATION -> PULLBACK -> EXHAUSTION -> PULLBACK -> ACCELERATION -> PULLBACK -> ACCELERATION -> PULLBACK -> EXHAUSTION -> FAKE_BREAKOUT -> PULLBACK -> EXHAUSTION -> PULLBACK -> ACCELERATION -> HEALTHY_TREND -> PULLBACK -> ACCELERATION -> PULLBACK -> ACCELERATION -> WEAK_TREND -> ACCELERATION -> HEALTHY_TREND -> PULLBACK -> EXIT,34,PULLBACK,23.5509
long_2026-06-04T100000_STARUSDT,long,2026-06-04 10:00:00,STARUSDT,EARLY_BREAKOUT -> ACCELERATION -> HEALTHY_TREND -> EXHAUSTION -> ACCELERATION -> REVERSAL -> FAKE_BREAKOUT -> ACCELERATION -> PULLBACK -> FAKE_BREAKOUT -> ACCELERATION -> PULLBACK -> FAKE_BREAKOUT -> REVERSAL -> FAKE_BREAKOUT -> EXIT,15,FAKE_BREAKOUT,0.3962
long_2026-06-04T100000_OPNUSDT,long,2026-06-04 10:00:00,OPNUSDT,EARLY_BREAKOUT -> FAKE_BREAKOUT -> REVERSAL -> ACCELERATION -> HEALTHY_TREND -> FAKE_BREAKOUT -> REVERSAL -> PULLBACK -> HEALTHY_TREND -> FAKE_BREAKOUT -> REVERSAL -> FAKE_BREAKOUT -> REVERSAL -> FAKE_BREAKOUT -> REVERSAL -> FAKE_BREAKOUT -> REVERSAL -> ACCELERATION -> FAKE_BREAKOUT -> ACCELERATION -> PULLBACK -> FAKE_BREAKOUT -> PULLBACK -> ACCELERATION -> PULLBACK -> EXIT,25,PULLBACK,14.4444
short_2026-06-04T100000_BASEDUSDT,short,2026-06-04 10:00:00,BASEDUSDT,EARLY_BREAKOUT -> ACCELERATION -> WEAK_TREND -> ACCELERATION -> PULLBACK -> EXHAUSTION -> FAKE_BREAKOUT -> PULLBACK -> FAKE_BREAKOUT -> ACCELERATION -> FAKE_BREAKOUT -> ACCELERATION -> EXHAUSTION -> ACCELERATION -> PULLBACK -> ACCELERATION -> PULLBACK -> ACCELERATION -> HEALTHY_TREND -> WEAK_TREND -> ACCELERATION -> WEAK_TREND -> PULLBACK -> ACCELERATION -> PULLBACK -> EXHAUSTION -> FAKE_BREAKOUT -> PULLBACK -> EXIT,28,PULLBACK,7.0062
short_2026-06-04T100000_BSBUSDT,short,2026-06-04 10:00:00,BSBUSDT,EARLY_BREAKOUT -> ACCELERATION -> WEAK_TREND -> ACCELERATION -> PULLBACK -> EXHAUSTION -> PULLBACK -> EXHAUSTION -> PULLBACK -> EXHAUSTION -> ACCELERATION -> EXHAUSTION -> FAKE_BREAKOUT -> ACCELERATION -> FAKE_BREAKOUT -> ACCELERATION -> PULLBACK -> ACCELERATION -> PULLBACK -> EXHAUSTION -> ACCELERATION -> PULLBACK -> EXHAUSTION -> ACCELERATION -> PULLBACK -> EXHAUSTION -> PULLBACK -> ACCELERATION -> PULLBACK -> ACCELERATION -> HEALTHY_TREND -> PULLBACK -> ACCELERATION -> EXIT,33,ACCELERATION,12.2418
short_2026-06-04T100000_XPLUSDT,short,2026-06-04 10:00:00,XPLUSDT,EARLY_BREAKOUT -> ACCELERATION -> PULLBACK -> ACCELERATION -> HEALTHY_TREND -> PULLBACK -> EXHAUSTION -> FAKE_BREAKOUT -> PULLBACK -> FAKE_BREAKOUT -> PULLBACK -> ACCELERATION -> PULLBACK -> ACCELERATION -> PULLBACK -> ACCELERATION -> HEALTHY_TREND -> WEAK_TREND -> PULLBACK -> ACCELERATION -> WEAK_TREND -> ACCELERATION -> WEAK_TREND -> PULLBACK -> HEALTHY_TREND -> PULLBACK -> EXIT,26,PULLBACK,9.8485
short_2026-06-04T100000_ICPUSDT,short,2026-06-04 10:00:00,ICPUSDT,EARLY_BREAKOUT -> ACCELERATION -> WEAK_TREND -> ACCELERATION -> HEALTHY_TREND -> WEAK_TREND -> PULLBACK -> ACCELERATION -> PULLBACK -> EXHAUSTION -> FAKE_BREAKOUT -> PULLBACK -> ACCELERATION -> HEALTHY_TREND -> PULLBACK -> ACCELERATION -> PULLBACK -> ACCELERATION -> HEALTHY_TREND -> ACCELERATION -> WEAK_TREND -> ACCELERATION -> HEALTHY_TREND -> WEAK_TREND -> ACCELERATION -> WEAK_TREND -> ACCELERATION -> HEALTHY_TREND -> WEAK_TREND -> PULLBACK -> ACCELERATION -> PULLBACK -> ACCELERATION -> HEALTHY_TREND -> WEAK_TREND -> ACCELERATION -> PULLBACK -> ACCELERATION -> PULLBACK -> EXIT,39,PULLBACK,12.9648
short_2026-06-04T100000_POWERUSDT,short,2026-06-04 10:00:00,POWERUSDT,EARLY_BREAKOUT -> ACCELERATION -> EARLY_BREAKOUT -> ACCELERATION -> WEAK_TREND -> ACCELERATION -> HEALTHY_TREND -> PULLBACK -> EXHAUSTION -> PULLBACK -> ACCELERATION -> PULLBACK -> ACCELERATION -> PULLBACK -> EXHAUSTION -> PULLBACK -> EXHAUSTION -> FAKE_BREAKOUT -> ACCELERATION -> PULLBACK -> ACCELERATION -> PULLBACK -> ACCELERATION -> PULLBACK -> ACCELERATION -> PULLBACK -> ACCELERATION -> PULLBACK -> EXIT,28,PULLBACK,9.2522
long_2026-06-04T120000_AIAUSDT,long,2026-06-04 12:00:00,AIAUSDT,EARLY_BREAKOUT -> ACCELERATION -> EARLY_BREAKOUT -> ACCELERATION -> EXHAUSTION -> FAKE_BREAKOUT -> ACCELERATION -> FAKE_BREAKOUT -> REVERSAL -> EXIT,9,REVERSAL,-24.0005
long_2026-06-04T120000_WLDUSDT,long,2026-06-04 12:00:00,WLDUSDT,EARLY_BREAKOUT -> PULLBACK -> ACCELERATION -> PULLBACK -> FAKE_BREAKOUT -> REVERSAL -> FAKE_BREAKOUT -> REVERSAL -> FAKE_BREAKOUT -> REVERSAL -> FAKE_BREAKOUT -> ACCELERATION -> EXIT,12,ACCELERATION,9.9499
long_2026-06-04T120000_SIRENUSDT,long,2026-06-04 12:00:00,SIRENUSDT,EARLY_BREAKOUT -> REVERSAL -> ACCELERATION -> HEALTHY_TREND -> ACCELERATION -> HEALTHY_TREND -> WEAK_TREND -> ACCELERATION -> PULLBACK -> ACCELERATION -> HEALTHY_TREND -> ACCELERATION -> HEALTHY_TREND -> WEAK_TREND -> ACCELERATION -> WEAK_TREND -> PULLBACK -> ACCELERATION -> WEAK_TREND -> ACCELERATION -> WEAK_TREND -> ACCELERATION -> WEAK_TREND -> ACCELERATION -> HEALTHY_TREND -> WEAK_TREND -> HEALTHY_TREND -> ACCELERATION -> WEAK_TREND -> ACCELERATION -> HEALTHY_TREND -> PULLBACK -> EXHAUSTION -> PULLBACK -> ACCELERATION -> PULLBACK -> ACCELERATION -> PULLBACK -> EXIT,38,PULLBACK,21.8703
long_2026-06-04T120000_SPORTFUNUSDT,long,2026-06-04 12:00:00,SPORTFUNUSDT,EARLY_BREAKOUT -> FAKE_BREAKOUT -> ACCELERATION -> PULLBACK -> FAKE_BREAKOUT -> REVERSAL -> FAKE_BREAKOUT -> REVERSAL -> FAKE_BREAKOUT -> ACCELERATION -> PULLBACK -> ACCELERATION -> HEALTHY_TREND -> WEAK_TREND -> PULLBACK -> EXHAUSTION -> ACCELERATION -> WEAK_TREND -> ACCELERATION -> WEAK_TREND -> EXHAUSTION -> FAKE_BREAKOUT -> REVERSAL -> FAKE_BREAKOUT -> REVERSAL -> EXIT,25,REVERSAL,-0.4108
long_2026-06-04T120000_ENAUSDT,long,2026-06-04 12:00:00,ENAUSDT,EARLY_BREAKOUT -> HEALTHY_TREND -> ACCELERATION -> PULLBACK -> ACCELERATION -> EXHAUSTION -> FAKE_BREAKOUT -> REVERSAL -> EXIT,8,REVERSAL,-8.8624
short_2026-06-04T120000_STARUSDT,short,2026-06-04 12:00:00,STARUSDT,EARLY_BREAKOUT -> ACCELERATION -> PULLBACK -> ACCELERATION -> PULLBACK -> ACCELERATION -> PULLBACK -> FAKE_BREAKOUT -> PULLBACK -> FAKE_BREAKOUT -> ACCELERATION -> PULLBACK -> EXHAUSTION -> ACCELERATION -> EXHAUSTION -> PULLBACK -> ACCELERATION -> EXHAUSTION -> ACCELERATION -> FAKE_BREAKOUT -> PULLBACK -> EXHAUSTION -> ACCELERATION -> FAKE_BREAKOUT -> PULLBACK -> FAKE_BREAKOUT -> EXIT,26,FAKE_BREAKOUT,3.1198
short_2026-06-04T120000_BANUSDT,short,2026-06-04 12:00:00,BANUSDT,EARLY_BREAKOUT -> ACCELERATION -> WEAK_TREND -> ACCELERATION -> HEALTHY_TREND -> ACCELERATION -> WEAK_TREND -> PULLBACK -> REVERSAL -> ACCELERATION -> FAKE_BREAKOUT -> ACCELERATION -> HEALTHY_TREND -> WEAK_TREND -> ACCELERATION -> HEALTHY_TREND -> ACCELERATION -> FAKE_BREAKOUT -> PULLBACK -> FAKE_BREAKOUT -> ACCELERATION -> PULLBACK -> FAKE_BREAKOUT -> REVERSAL -> FAKE_BREAKOUT -> REVERSAL -> EXIT,26,REVERSAL,-2.808
short_2026-06-04T120000_BEATUSDT,short,2026-06-04 12:00:00,BEATUSDT,EARLY_BREAKOUT -> WEAK_TREND -> ACCELERATION -> FAKE_BREAKOUT -> PULLBACK -> ACCELERATION -> HEALTHY_TREND -> FAKE_BREAKOUT -> PULLBACK -> FAKE_BREAKOUT -> REVERSAL -> FAKE_BREAKOUT -> REVERSAL -> EXIT,13,REVERSAL,-2.8704
short_2026-06-04T120000_HEIUSDT,short,2026-06-04 12:00:00,HEIUSDT,EARLY_BREAKOUT -> ACCELERATION -> REVERSAL -> ACCELERATION -> REVERSAL -> EXIT,5,REVERSAL,-13.7769
short_2026-06-04T120000_MYXUSDT,short,2026-06-04 12:00:00,MYXUSDT,EARLY_BREAKOUT -> WEAK_TREND -> ACCELERATION -> WEAK_TREND -> ACCELERATION -> WEAK_TREND -> REVERSAL -> WEAK_TREND -> HEALTHY_TREND -> WEAK_TREND -> ACCELERATION -> WEAK_TREND -> HEALTHY_TREND -> ACCELERATION -> WEAK_TREND -> REVERSAL -> WEAK_TREND -> REVERSAL -> ACCELERATION -> WEAK_TREND -> ACCELERATION -> WEAK_TREND -> HEALTHY_TREND -> WEAK_TREND -> ACCELERATION -> WEAK_TREND -> ACCELERATION -> REVERSAL -> WEAK_TREND -> ACCELERATION -> EXHAUSTION -> ACCELERATION -> PULLBACK -> HEALTHY_TREND -> WEAK_TREND -> PULLBACK -> EXIT,36,PULLBACK,9.8181
long_2026-06-04T140000_HEIUSDT,long,2026-06-04 14:00:00,HEIUSDT,EARLY_BREAKOUT -> ACCELERATION -> EARLY_BREAKOUT -> ACCELERATION -> PULLBACK -> EXHAUSTION -> ACCELERATION -> PULLBACK -> ACCELERATION -> PULLBACK -> EXHAUSTION -> FAKE_BREAKOUT -> PULLBACK -> FAKE_BREAKOUT -> ACCELERATION -> EXHAUSTION -> ACCELERATION -> EXHAUSTION -> FAKE_BREAKOUT -> EXIT,19,FAKE_BREAKOUT,7.6296
long_2026-06-04T140000_EPICUSDT,long,2026-06-04 14:00:00,EPICUSDT,EARLY_BREAKOUT -> ACCELERATION -> PULLBACK -> ACCELERATION -> WEAK_TREND -> PULLBACK -> FAKE_BREAKOUT -> REVERSAL -> FAKE_BREAKOUT -> PULLBACK -> FAKE_BREAKOUT -> ACCELERATION -> HEALTHY_TREND -> PULLBACK -> ACCELERATION -> PULLBACK -> ACCELERATION -> WEAK_TREND -> ACCELERATION -> HEALTHY_TREND -> PULLBACK -> EXHAUSTION -> PULLBACK -> ACCELERATION -> PULLBACK -> ACCELERATION -> HEALTHY_TREND -> PULLBACK -> ACCELERATION -> PULLBACK -> ACCELERATION -> PULLBACK -> ACCELERATION -> EXIT,33,ACCELERATION,18.0386
long_2026-06-04T140000_UBUSDT,long,2026-06-04 14:00:00,UBUSDT,EARLY_BREAKOUT -> ACCELERATION -> EARLY_BREAKOUT -> EXHAUSTION -> FAKE_BREAKOUT -> PULLBACK -> FAKE_BREAKOUT -> ACCELERATION -> HEALTHY_TREND -> EXHAUSTION -> FAKE_BREAKOUT -> REVERSAL -> FAKE_BREAKOUT -> REVERSAL -> EXIT,14,REVERSAL,-0.6435
long_2026-06-04T140000_SIRENUSDT,long,2026-06-04 14:00:00,SIRENUSDT,EARLY_BREAKOUT -> ACCELERATION -> EARLY_BREAKOUT -> ACCELERATION -> HEALTHY_TREND -> WEAK_TREND -> ACCELERATION -> WEAK_TREND -> PULLBACK -> ACCELERATION -> WEAK_TREND -> ACCELERATION -> WEAK_TREND -> ACCELERATION -> WEAK_TREND -> ACCELERATION -> HEALTHY_TREND -> WEAK_TREND -> HEALTHY_TREND -> ACCELERATION -> WEAK_TREND -> ACCELERATION -> HEALTHY_TREND -> PULLBACK -> FAKE_BREAKOUT -> ACCELERATION -> PULLBACK -> EXHAUSTION -> FAKE_BREAKOUT -> PULLBACK -> ACCELERATION -> PULLBACK -> EXIT,32,PULLBACK,8.583
long_2026-06-04T140000_APRUSDT,long,2026-06-04 14:00:00,APRUSDT,EARLY_BREAKOUT -> ACCELERATION -> HEALTHY_TREND -> ACCELERATION -> PULLBACK -> REVERSAL -> FAKE_BREAKOUT -> REVERSAL -> EXIT,8,REVERSAL,-3.1301
short_2026-06-04T140000_MAGMAUSDT,short,2026-06-04 14:00:00,MAGMAUSDT,EARLY_BREAKOUT -> PULLBACK -> EXHAUSTION -> ACCELERATION -> PULLBACK -> ACCELERATION -> HEALTHY_TREND -> ACCELERATION -> WEAK_TREND -> PULLBACK -> EXHAUSTION -> PULLBACK -> ACCELERATION -> HEALTHY_TREND -> PULLBACK -> ACCELERATION -> PULLBACK -> FAKE_BREAKOUT -> EXIT,18,FAKE_BREAKOUT,1.8632
short_2026-06-04T140000_USELESSUSDT,short,2026-06-04 14:00:00,USELESSUSDT,EARLY_BREAKOUT -> ACCELERATION -> WEAK_TREND -> ACCELERATION -> WEAK_TREND -> PULLBACK -> EXHAUSTION -> FAKE_BREAKOUT -> ACCELERATION -> PULLBACK -> ACCELERATION -> WEAK_TREND -> ACCELERATION -> WEAK_TREND -> ACCELERATION -> WEAK_TREND -> PULLBACK -> ACCELERATION -> WEAK_TREND -> HEALTHY_TREND -> ACCELERATION -> WEAK_TREND -> ACCELERATION -> PULLBACK -> ACCELERATION -> WEAK_TREND -> PULLBACK -> ACCELERATION -> PULLBACK -> EXHAUSTION -> PULLBACK -> EXHAUSTION -> ACCELERATION -> EXHAUSTION -> FAKE_BREAKOUT -> PULLBACK -> EXHAUSTION -> ACCELERATION -> EXHAUSTION -> EXIT,39,EXHAUSTION,7.0976
short_2026-06-04T140000_STOUSDT,short,2026-06-04 14:00:00,STOUSDT,EARLY_BREAKOUT -> ACCELERATION -> HEALTHY_TREND -> ACCELERATION -> PULLBACK -> ACCELERATION -> HEALTHY_TREND -> WEAK_TREND -> PULLBACK -> HEALTHY_TREND -> ACCELERATION -> HEALTHY_TREND -> ACCELERATION -> WEAK_TREND -> PULLBACK -> HEALTHY_TREND -> PULLBACK -> EXHAUSTION -> PULLBACK -> ACCELERATION -> PULLBACK -> EXHAUSTION -> PULLBACK -> EXHAUSTION -> ACCELERATION -> PULLBACK -> EXHAUSTION -> ACCELERATION -> PULLBACK -> EXHAUSTION -> ACCELERATION -> PULLBACK -> EXHAUSTION -> ACCELERATION -> PULLBACK -> ACCELERATION -> PULLBACK -> ACCELERATION -> EXIT,38,ACCELERATION,9.3353
short_2026-06-04T140000_ENAUSDT,short,2026-06-04 14:00:00,ENAUSDT,EARLY_BREAKOUT -> ACCELERATION -> EXHAUSTION -> ACCELERATION -> WEAK_TREND -> EXHAUSTION -> FAKE_BREAKOUT -> PULLBACK -> ACCELERATION -> HEALTHY_TREND -> WEAK_TREND -> ACCELERATION -> EXHAUSTION -> PULLBACK -> EXHAUSTION -> ACCELERATION -> HEALTHY_TREND -> WEAK_TREND -> PULLBACK -> ACCELERATION -> HEALTHY_TREND -> ACCELERATION -> HEALTHY_TREND -> ACCELERATION -> WEAK_TREND -> ACCELERATION -> PULLBACK -> ACCELERATION -> PULLBACK -> ACCELERATION -> HEALTHY_TREND -> WEAK_TREND -> PULLBACK -> EXHAUSTION -> PULLBACK -> EXHAUSTION -> FAKE_BREAKOUT -> EXIT,37,FAKE_BREAKOUT,2.2924
short_2026-06-04T140000_JTOUSDT,short,2026-06-04 14:00:00,JTOUSDT,EARLY_BREAKOUT -> ACCELERATION -> FAKE_BREAKOUT -> ACCELERATION -> EXHAUSTION -> HEALTHY_TREND -> ACCELERATION -> PULLBACK -> ACCELERATION -> WEAK_TREND -> ACCELERATION -> WEAK_TREND -> ACCELERATION -> PULLBACK -> HEALTHY_TREND -> WEAK_TREND -> ACCELERATION -> WEAK_TREND -> PULLBACK -> HEALTHY_TREND -> PULLBACK -> EXHAUSTION -> PULLBACK -> EXHAUSTION -> FAKE_BREAKOUT -> PULLBACK -> ACCELERATION -> PULLBACK -> ACCELERATION -> WEAK_TREND -> PULLBACK -> ACCELERATION -> PULLBACK -> ACCELERATION -> HEALTHY_TREND -> PULLBACK -> EXIT,36,PULLBACK,5.5715
long_2026-06-04T160000_SPORTFUNUSDT,long,2026-06-04 16:00:00,SPORTFUNUSDT,EARLY_BREAKOUT -> WEAK_TREND -> ACCELERATION -> WEAK_TREND -> ACCELERATION -> HEALTHY_TREND -> WEAK_TREND -> PULLBACK -> ACCELERATION -> WEAK_TREND -> ACCELERATION -> PULLBACK -> FAKE_BREAKOUT -> REVERSAL -> FAKE_BREAKOUT -> ACCELERATION -> FAKE_BREAKOUT -> REVERSAL -> FAKE_BREAKOUT -> REVERSAL -> FAKE_BREAKOUT -> EXIT,21,FAKE_BREAKOUT,2.0768
long_2026-06-04T160000_HEIUSDT,long,2026-06-04 16:00:00,HEIUSDT,EARLY_BREAKOUT -> ACCELERATION -> PULLBACK -> FAKE_BREAKOUT -> PULLBACK -> EXHAUSTION -> REVERSAL -> FAKE_BREAKOUT -> REVERSAL -> EXIT,9,REVERSAL,-1.7579
long_2026-06-04T160000_SKYAIUSDT,long,2026-06-04 16:00:00,SKYAIUSDT,EARLY_BREAKOUT -> ACCELERATION -> EARLY_BREAKOUT -> EXHAUSTION -> FAKE_BREAKOUT -> PULLBACK -> FAKE_BREAKOUT -> ACCELERATION -> PULLBACK -> ACCELERATION -> WEAK_TREND -> PULLBACK -> FAKE_BREAKOUT -> ACCELERATION -> FAKE_BREAKOUT -> ACCELERATION -> PULLBACK -> ACCELERATION -> PULLBACK -> ACCELERATION -> HEALTHY_TREND -> ACCELERATION -> HEALTHY_TREND -> ACCELERATION -> PULLBACK -> EXHAUSTION -> PULLBACK -> FAKE_BREAKOUT -> REVERSAL -> FAKE_BREAKOUT -> REVERSAL -> FAKE_BREAKOUT -> EXIT,32,FAKE_BREAKOUT,0.3057
long_2026-06-04T160000_MYXUSDT,long,2026-06-04 16:00:00,MYXUSDT,EARLY_BREAKOUT -> DEAD -> ACCELERATION -> FAKE_BREAKOUT -> ACCELERATION -> REVERSAL -> FAKE_BREAKOUT -> REVERSAL -> ACCELERATION -> HEALTHY_TREND -> WEAK_TREND -> FAKE_BREAKOUT -> REVERSAL -> EXIT,13,REVERSAL,-11.4777
long_2026-06-04T160000_POWERUSDT,long,2026-06-04 16:00:00,POWERUSDT,EARLY_BREAKOUT -> WEAK_TREND -> ACCELERATION -> HEALTHY_TREND -> WEAK_TREND -> ACCELERATION -> HEALTHY_TREND -> ACCELERATION -> WEAK_TREND -> FAKE_BREAKOUT -> REVERSAL -> FAKE_BREAKOUT -> REVERSAL -> FAKE_BREAKOUT -> REVERSAL -> EXIT,15,REVERSAL,-1.3399
short_2026-06-04T160000_EPICUSDT,short,2026-06-04 16:00:00,EPICUSDT,EARLY_BREAKOUT -> ACCELERATION -> EARLY_BREAKOUT -> ACCELERATION -> PULLBACK -> EXHAUSTION -> FAKE_BREAKOUT -> PULLBACK -> ACCELERATION -> EXHAUSTION -> REVERSAL -> EXIT,11,REVERSAL,-7.9993
short_2026-06-04T160000_SUSHIUSDT,short,2026-06-04 16:00:00,SUSHIUSDT,EARLY_BREAKOUT -> ACCELERATION -> WEAK_TREND -> ACCELERATION -> HEALTHY_TREND -> PULLBACK -> ACCELERATION -> PULLBACK -> ACCELERATION -> WEAK_TREND -> PULLBACK -> ACCELERATION -> PULLBACK -> ACCELERATION -> HEALTHY_TREND -> PULLBACK -> ACCELERATION -> PULLBACK -> ACCELERATION -> PULLBACK -> EXHAUSTION -> FAKE_BREAKOUT -> PULLBACK -> FAKE_BREAKOUT -> ACCELERATION -> EXHAUSTION -> ACCELERATION -> EXIT,27,ACCELERATION,5.6553
short_2026-06-04T160000_SYRUPUSDT,short,2026-06-04 16:00:00,SYRUPUSDT,EARLY_BREAKOUT -> ACCELERATION -> EARLY_BREAKOUT -> HEALTHY_TREND -> WEAK_TREND -> ACCELERATION -> HEALTHY_TREND -> WEAK_TREND -> ACCELERATION -> HEALTHY_TREND -> ACCELERATION -> HEALTHY_TREND -> PULLBACK -> EXHAUSTION -> PULLBACK -> EXHAUSTION -> PULLBACK -> FAKE_BREAKOUT -> PULLBACK -> FAKE_BREAKOUT -> ACCELERATION -> FAKE_BREAKOUT -> ACCELERATION -> PULLBACK -> FAKE_BREAKOUT -> ACCELERATION -> PULLBACK -> EXHAUSTION -> ACCELERATION -> EXHAUSTION -> ACCELERATION -> EXHAUSTION -> ACCELERATION -> EXIT,33,ACCELERATION,6.493
short_2026-06-04T160000_BANUSDT,short,2026-06-04 16:00:00,BANUSDT,EARLY_BREAKOUT -> ACCELERATION -> HEALTHY_TREND -> ACCELERATION -> REVERSAL -> FAKE_BREAKOUT -> REVERSAL -> EXIT,7,REVERSAL,-6.9191
short_2026-06-04T160000_COLLECTUSDT,short,2026-06-04 16:00:00,COLLECTUSDT,EARLY_BREAKOUT -> ACCELERATION -> WEAK_TREND -> ACCELERATION -> FAKE_BREAKOUT -> PULLBACK -> EXHAUSTION -> FAKE_BREAKOUT -> REVERSAL -> FAKE_BREAKOUT -> ACCELERATION -> FAKE_BREAKOUT -> EXIT,12,FAKE_BREAKOUT,2.5769
long_2026-06-04T180000_EPICUSDT,long,2026-06-04 18:00:00,EPICUSDT,EARLY_BREAKOUT -> ACCELERATION -> HEALTHY_TREND -> PULLBACK -> ACCELERATION -> PULLBACK -> ACCELERATION -> WEAK_TREND -> ACCELERATION -> HEALTHY_TREND -> PULLBACK -> EXHAUSTION -> PULLBACK -> ACCELERATION -> PULLBACK -> ACCELERATION -> HEALTHY_TREND -> PULLBACK -> ACCELERATION -> PULLBACK -> ACCELERATION -> PULLBACK -> ACCELERATION -> PULLBACK -> ACCELERATION -> PULLBACK -> ACCELERATION -> PULLBACK -> EXHAUSTION -> PULLBACK -> EXIT,30,PULLBACK,10.6232
long_2026-06-04T180000_币安人生USDT,long,2026-06-04 18:00:00,币安人生USDT,EARLY_BREAKOUT -> WEAK_TREND -> ACCELERATION -> WEAK_TREND -> REVERSAL -> PULLBACK -> HEALTHY_TREND -> WEAK_TREND -> ACCELERATION -> REVERSAL -> PULLBACK -> REVERSAL -> FAKE_BREAKOUT -> REVERSAL -> ACCELERATION -> HEALTHY_TREND -> WEAK_TREND -> ACCELERATION -> HEALTHY_TREND -> ACCELERATION -> PULLBACK -> ACCELERATION -> PULLBACK -> ACCELERATION -> HEALTHY_TREND -> WEAK_TREND -> ACCELERATION -> WEAK_TREND -> PULLBACK -> EXIT,29,PULLBACK,5.6777
long_2026-06-04T180000_KGENUSDT,long,2026-06-04 18:00:00,KGENUSDT,EARLY_BREAKOUT -> ACCELERATION -> WEAK_TREND -> ACCELERATION -> WEAK_TREND -> EXHAUSTION -> ACCELERATION -> HEALTHY_TREND -> PULLBACK -> HEALTHY_TREND -> WEAK_TREND -> PULLBACK -> EXHAUSTION -> FAKE_BREAKOUT -> PULLBACK -> EXHAUSTION -> FAKE_BREAKOUT -> ACCELERATION -> FAKE_BREAKOUT -> ACCELERATION -> EXHAUSTION -> FAKE_BREAKOUT -> ACCELERATION -> PULLBACK -> EXHAUSTION -> ACCELERATION -> PULLBACK -> ACCELERATION -> HEALTHY_TREND -> ACCELERATION -> WEAK_TREND -> EXIT,31,WEAK_TREND,6.6113
long_2026-06-04T180000_BANUSDT,long,2026-06-04 18:00:00,BANUSDT,EARLY_BREAKOUT -> REVERSAL -> ACCELERATION -> EARLY_BREAKOUT -> FAKE_BREAKOUT -> PULLBACK -> ACCELERATION -> HEALTHY_TREND -> WEAK_TREND -> ACCELERATION -> WEAK_TREND -> ACCELERATION -> WEAK_TREND -> ACCELERATION -> HEALTHY_TREND -> ACCELERATION -> WEAK_TREND -> HEALTHY_TREND -> WEAK_TREND -> ACCELERATION -> WEAK_TREND -> ACCELERATION -> WEAK_TREND -> PULLBACK -> HEALTHY_TREND -> ACCELERATION -> PULLBACK -> ACCELERATION -> WEAK_TREND -> PULLBACK -> EXHAUSTION -> FAKE_BREAKOUT -> PULLBACK -> EXHAUSTION -> PULLBACK -> ACCELERATION -> EXIT,36,ACCELERATION,4.1758
long_2026-06-04T180000_FORMUSDT,long,2026-06-04 18:00:00,FORMUSDT,EARLY_BREAKOUT -> REVERSAL -> EARLY_BREAKOUT -> ACCELERATION -> HEALTHY_TREND -> FAKE_BREAKOUT -> ACCELERATION -> FAKE_BREAKOUT -> ACCELERATION -> FAKE_BREAKOUT -> ACCELERATION -> HEALTHY_TREND -> ACCELERATION -> HEALTHY_TREND -> ACCELERATION -> PULLBACK -> EXHAUSTION -> PULLBACK -> EXHAUSTION -> PULLBACK -> FAKE_BREAKOUT -> ACCELERATION -> PULLBACK -> EXHAUSTION -> PULLBACK -> EXHAUSTION -> ACCELERATION -> PULLBACK -> ACCELERATION -> HEALTHY_TREND -> ACCELERATION -> HEALTHY_TREND -> PULLBACK -> FAKE_BREAKOUT -> PULLBACK -> EXIT,35,PULLBACK,4.2004
short_2026-06-04T180000_BILLUSDT,short,2026-06-04 18:00:00,BILLUSDT,EARLY_BREAKOUT -> ACCELERATION -> HEALTHY_TREND -> WEAK_TREND -> PULLBACK -> ACCELERATION -> PULLBACK -> ACCELERATION -> WEAK_TREND -> PULLBACK -> EXHAUSTION -> PULLBACK -> ACCELERATION -> PULLBACK -> ACCELERATION -> PULLBACK -> ACCELERATION -> PULLBACK -> ACCELERATION -> PULLBACK -> ACCELERATION -> PULLBACK -> ACCELERATION -> WEAK_TREND -> ACCELERATION -> WEAK_TREND -> ACCELERATION -> HEALTHY_TREND -> ACCELERATION -> WEAK_TREND -> PULLBACK -> HEALTHY_TREND -> EXIT,32,HEALTHY_TREND,10.9061
short_2026-06-04T180000_HEIUSDT,short,2026-06-04 18:00:00,HEIUSDT,EARLY_BREAKOUT -> ACCELERATION -> EARLY_BREAKOUT -> PULLBACK -> FAKE_BREAKOUT -> ACCELERATION -> WEAK_TREND -> PULLBACK -> EXHAUSTION -> PULLBACK -> ACCELERATION -> PULLBACK -> REVERSAL -> FAKE_BREAKOUT -> REVERSAL -> FAKE_BREAKOUT -> PULLBACK -> ACCELERATION -> FAKE_BREAKOUT -> ACCELERATION -> EXHAUSTION -> ACCELERATION -> EXHAUSTION -> ACCELERATION -> EXHAUSTION -> FAKE_BREAKOUT -> REVERSAL -> FAKE_BREAKOUT -> ACCELERATION -> EXHAUSTION -> EXIT,30,EXHAUSTION,4.1952
short_2026-06-04T180000_NILUSDT,short,2026-06-04 18:00:00,NILUSDT,EARLY_BREAKOUT -> ACCELERATION -> EARLY_BREAKOUT -> ACCELERATION -> HEALTHY_TREND -> FAKE_BREAKOUT -> PULLBACK -> ACCELERATION -> PULLBACK -> HEALTHY_TREND -> PULLBACK -> EXHAUSTION -> PULLBACK -> ACCELERATION -> PULLBACK -> EXHAUSTION -> PULLBACK -> ACCELERATION -> FAKE_BREAKOUT -> REVERSAL -> FAKE_BREAKOUT -> REVERSAL -> FAKE_BREAKOUT -> ACCELERATION -> PULLBACK -> ACCELERATION -> HEALTHY_TREND -> EXIT,27,HEALTHY_TREND,4.6985
short_2026-06-04T180000_UAIUSDT,short,2026-06-04 18:00:00,UAIUSDT,EARLY_BREAKOUT -> ACCELERATION -> WEAK_TREND -> ACCELERATION -> HEALTHY_TREND -> ACCELERATION -> WEAK_TREND -> ACCELERATION -> WEAK_TREND -> ACCELERATION -> WEAK_TREND -> HEALTHY_TREND -> ACCELERATION -> WEAK_TREND -> HEALTHY_TREND -> WEAK_TREND -> PULLBACK -> EXHAUSTION -> FAKE_BREAKOUT -> ACCELERATION -> PULLBACK -> ACCELERATION -> HEALTHY_TREND -> PULLBACK -> ACCELERATION -> PULLBACK -> ACCELERATION -> PULLBACK -> ACCELERATION -> HEALTHY_TREND -> PULLBACK -> ACCELERATION -> PULLBACK -> ACCELERATION -> EXIT,34,ACCELERATION,8.5614
short_2026-06-04T180000_YBUSDT,short,2026-06-04 18:00:00,YBUSDT,EARLY_BREAKOUT -> ACCELERATION -> WEAK_TREND -> PULLBACK -> ACCELERATION -> WEAK_TREND -> PULLBACK -> ACCELERATION -> HEALTHY_TREND -> WEAK_TREND -> ACCELERATION -> PULLBACK -> EXHAUSTION -> FAKE_BREAKOUT -> PULLBACK -> FAKE_BREAKOUT -> REVERSAL -> FAKE_BREAKOUT -> REVERSAL -> FAKE_BREAKOUT -> REVERSAL -> FAKE_BREAKOUT -> REVERSAL -> FAKE_BREAKOUT -> EXIT,24,FAKE_BREAKOUT,0.2014
long_2026-06-04T200000_BEATUSDT,long,2026-06-04 20:00:00,BEATUSDT,EARLY_BREAKOUT -> ACCELERATION -> WEAK_TREND -> ACCELERATION -> PULLBACK -> HEALTHY_TREND -> ACCELERATION -> WEAK_TREND -> PULLBACK -> EXHAUSTION -> PULLBACK -> EXHAUSTION -> ACCELERATION -> EXHAUSTION -> ACCELERATION -> PULLBACK -> EXHAUSTION -> ACCELERATION -> HEALTHY_TREND -> ACCELERATION -> HEALTHY_TREND -> ACCELERATION -> PULLBACK -> ACCELERATION -> PULLBACK -> ACCELERATION -> PULLBACK -> ACCELERATION -> PULLBACK -> EXHAUSTION -> PULLBACK -> EXIT,31,PULLBACK,10.2643
long_2026-06-04T200000_HEIUSDT,long,2026-06-04 20:00:00,HEIUSDT,EARLY_BREAKOUT -> ACCELERATION -> EARLY_BREAKOUT -> ACCELERATION -> WEAK_TREND -> PULLBACK -> ACCELERATION -> PULLBACK -> ACCELERATION -> PULLBACK -> EXHAUSTION -> FAKE_BREAKOUT -> PULLBACK -> FAKE_BREAKOUT -> ACCELERATION -> PULLBACK -> ACCELERATION -> PULLBACK -> EXHAUSTION -> PULLBACK -> EXHAUSTION -> FAKE_BREAKOUT -> ACCELERATION -> PULLBACK -> ACCELERATION -> EXIT,25,ACCELERATION,9.753
long_2026-06-04T200000_COLLECTUSDT,long,2026-06-04 20:00:00,COLLECTUSDT,EARLY_BREAKOUT -> ACCELERATION -> WEAK_TREND -> ACCELERATION -> HEALTHY_TREND -> ACCELERATION -> HEALTHY_TREND -> WEAK_TREND -> PULLBACK -> EXHAUSTION -> PULLBACK -> HEALTHY_TREND -> WEAK_TREND -> EXHAUSTION -> FAKE_BREAKOUT -> PULLBACK -> EXHAUSTION -> PULLBACK -> FAKE_BREAKOUT -> ACCELERATION -> FAKE_BREAKOUT -> REVERSAL -> FAKE_BREAKOUT -> REVERSAL -> EXIT,24,REVERSAL,-2.1696
long_2026-06-04T200000_ZBTUSDT,long,2026-06-04 20:00:00,ZBTUSDT,EARLY_BREAKOUT -> ACCELERATION -> FAKE_BREAKOUT -> ACCELERATION -> HEALTHY_TREND -> ACCELERATION -> HEALTHY_TREND -> PULLBACK -> ACCELERATION -> PULLBACK -> ACCELERATION -> PULLBACK -> HEALTHY_TREND -> ACCELERATION -> PULLBACK -> EXHAUSTION -> PULLBACK -> EXHAUSTION -> PULLBACK -> EXHAUSTION -> ACCELERATION -> EXHAUSTION -> ACCELERATION -> EXHAUSTION -> PULLBACK -> EXHAUSTION -> ACCELERATION -> PULLBACK -> EXHAUSTION -> ACCELERATION -> PULLBACK -> ACCELERATION -> PULLBACK -> ACCELERATION -> PULLBACK -> EXHAUSTION -> PULLBACK -> EXHAUSTION -> FAKE_BREAKOUT -> PULLBACK -> FAKE_BREAKOUT -> EXIT,41,FAKE_BREAKOUT,2.4396
long_2026-06-04T200000_PLAYUSDT,long,2026-06-04 20:00:00,PLAYUSDT,EARLY_BREAKOUT -> ACCELERATION -> PULLBACK -> ACCELERATION -> PULLBACK -> EXHAUSTION -> ACCELERATION -> REVERSAL -> EXIT,8,REVERSAL,-12.5178
short_2026-06-04T200000_CUSDT,short,2026-06-04 20:00:00,CUSDT,EARLY_BREAKOUT -> ACCELERATION -> EARLY_BREAKOUT -> ACCELERATION -> WEAK_TREND -> PULLBACK -> EXHAUSTION -> PULLBACK -> EXHAUSTION -> ACCELERATION -> PULLBACK -> ACCELERATION -> PULLBACK -> ACCELERATION -> PULLBACK -> ACCELERATION -> PULLBACK -> REVERSAL -> FAKE_BREAKOUT -> ACCELERATION -> PULLBACK -> ACCELERATION -> EXHAUSTION -> FAKE_BREAKOUT -> ACCELERATION -> EXHAUSTION -> ACCELERATION -> FAKE_BREAKOUT -> ACCELERATION -> FAKE_BREAKOUT -> ACCELERATION -> FAKE_BREAKOUT -> EXIT,32,FAKE_BREAKOUT,1.7874
short_2026-06-04T200000_SPORTFUNUSDT,short,2026-06-04 20:00:00,SPORTFUNUSDT,EARLY_BREAKOUT -> WEAK_TREND -> ACCELERATION -> HEALTHY_TREND -> ACCELERATION -> PULLBACK -> EXHAUSTION -> PULLBACK -> FAKE_BREAKOUT -> PULLBACK -> ACCELERATION -> PULLBACK -> ACCELERATION -> HEALTHY_TREND -> WEAK_TREND -> PULLBACK -> ACCELERATION -> PULLBACK -> EXHAUSTION -> PULLBACK -> EXHAUSTION -> ACCELERATION -> EXHAUSTION -> ACCELERATION -> PULLBACK -> ACCELERATION -> PULLBACK -> ACCELERATION -> WEAK_TREND -> ACCELERATION -> HEALTHY_TREND -> ACCELERATION -> EXIT,32,ACCELERATION,10.7166
short_2026-06-04T200000_AIOUSDT,short,2026-06-04 20:00:00,AIOUSDT,EARLY_BREAKOUT -> WEAK_TREND -> ACCELERATION -> EARLY_BREAKOUT -> HEALTHY_TREND -> PULLBACK -> HEALTHY_TREND -> EXHAUSTION -> FAKE_BREAKOUT -> PULLBACK -> FAKE_BREAKOUT -> ACCELERATION -> PULLBACK -> HEALTHY_TREND -> ACCELERATION -> HEALTHY_TREND -> WEAK_TREND -> ACCELERATION -> HEALTHY_TREND -> WEAK_TREND -> PULLBACK -> ACCELERATION -> PULLBACK -> ACCELERATION -> PULLBACK -> ACCELERATION -> PULLBACK -> HEALTHY_TREND -> WEAK_TREND -> PULLBACK -> EXIT,30,PULLBACK,5.72
short_2026-06-04T200000_LABUSDT,short,2026-06-04 20:00:00,LABUSDT,EARLY_BREAKOUT -> ACCELERATION -> PULLBACK -> EXHAUSTION -> ACCELERATION -> HEALTHY_TREND -> PULLBACK -> ACCELERATION -> PULLBACK -> ACCELERATION -> WEAK_TREND -> ACCELERATION -> PULLBACK -> ACCELERATION -> PULLBACK -> ACCELERATION -> PULLBACK -> EXHAUSTION -> FAKE_BREAKOUT -> PULLBACK -> ACCELERATION -> EXHAUSTION -> ACCELERATION -> PULLBACK -> ACCELERATION -> PULLBACK -> ACCELERATION -> EXIT,27,ACCELERATION,35.1124
short_2026-06-04T200000_MANTAUSDT,short,2026-06-04 20:00:00,MANTAUSDT,EARLY_BREAKOUT -> WEAK_TREND -> ACCELERATION -> WEAK_TREND -> REVERSAL -> EXIT,5,REVERSAL,-5.3548
long_2026-06-04T220000_FORMUSDT,long,2026-06-04 22:00:00,FORMUSDT,EARLY_BREAKOUT -> ACCELERATION -> EARLY_BREAKOUT -> ACCELERATION -> PULLBACK -> EXHAUSTION -> PULLBACK -> EXHAUSTION -> ACCELERATION -> PULLBACK -> EXHAUSTION -> PULLBACK -> EXHAUSTION -> ACCELERATION -> PULLBACK -> ACCELERATION -> HEALTHY_TREND -> ACCELERATION -> HEALTHY_TREND -> PULLBACK -> EXHAUSTION -> PULLBACK -> EXHAUSTION -> ACCELERATION -> PULLBACK -> ACCELERATION -> PULLBACK -> ACCELERATION -> PULLBACK -> ACCELERATION -> PULLBACK -> EXIT,31,PULLBACK,6.6692
long_2026-06-04T220000_HEIUSDT,long,2026-06-04 22:00:00,HEIUSDT,EARLY_BREAKOUT -> ACCELERATION -> PULLBACK -> EXHAUSTION -> ACCELERATION -> PULLBACK -> FAKE_BREAKOUT -> PULLBACK -> EXHAUSTION -> ACCELERATION -> PULLBACK -> EXHAUSTION -> FAKE_BREAKOUT -> PULLBACK -> EXHAUSTION -> FAKE_BREAKOUT -> ACCELERATION -> PULLBACK -> ACCELERATION -> PULLBACK -> ACCELERATION -> PULLBACK -> ACCELERATION -> PULLBACK -> EXIT,24,PULLBACK,7.5074
long_2026-06-04T220000_EPICUSDT,long,2026-06-04 22:00:00,EPICUSDT,EARLY_BREAKOUT -> ACCELERATION -> FAKE_BREAKOUT -> ACCELERATION -> HEALTHY_TREND -> PULLBACK -> FAKE_BREAKOUT -> ACCELERATION -> EXHAUSTION -> ACCELERATION -> FAKE_BREAKOUT -> ACCELERATION -> EXHAUSTION -> ACCELERATION -> PULLBACK -> EXHAUSTION -> FAKE_BREAKOUT -> PULLBACK -> FAKE_BREAKOUT -> ACCELERATION -> FAKE_BREAKOUT -> REVERSAL -> FAKE_BREAKOUT -> ACCELERATION -> EXHAUSTION -> ACCELERATION -> EXHAUSTION -> ACCELERATION -> EXHAUSTION -> FAKE_BREAKOUT -> PULLBACK -> EXIT,31,PULLBACK,2.9343
long_2026-06-04T220000_SKYAIUSDT,long,2026-06-04 22:00:00,SKYAIUSDT,EARLY_BREAKOUT -> REVERSAL -> ACCELERATION -> HEALTHY_TREND -> ACCELERATION -> HEALTHY_TREND -> ACCELERATION -> EXHAUSTION -> FAKE_BREAKOUT -> PULLBACK -> REVERSAL -> FAKE_BREAKOUT -> REVERSAL -> EXIT,13,REVERSAL,-1.5002
long_2026-06-04T220000_OPGUSDT,long,2026-06-04 22:00:00,OPGUSDT,EARLY_BREAKOUT -> WEAK_TREND -> ACCELERATION -> WEAK_TREND -> ACCELERATION -> HEALTHY_TREND -> WEAK_TREND -> FAKE_BREAKOUT -> HEALTHY_TREND -> ACCELERATION -> EXHAUSTION -> ACCELERATION -> HEALTHY_TREND -> WEAK_TREND -> EXHAUSTION -> FAKE_BREAKOUT -> ACCELERATION -> HEALTHY_TREND -> EXHAUSTION -> FAKE_BREAKOUT -> ACCELERATION -> FAKE_BREAKOUT -> REVERSAL -> EXIT,23,REVERSAL,-0.7328
short_2026-06-04T220000_PLAYUSDT,short,2026-06-04 22:00:00,PLAYUSDT,EARLY_BREAKOUT -> ACCELERATION -> PULLBACK -> ACCELERATION -> HEALTHY_TREND -> ACCELERATION -> HEALTHY_TREND -> ACCELERATION -> WEAK_TREND -> PULLBACK -> ACCELERATION -> PULLBACK -> ACCELERATION -> PULLBACK -> ACCELERATION -> WEAK_TREND -> ACCELERATION -> WEAK_TREND -> ACCELERATION -> WEAK_TREND -> HEALTHY_TREND -> ACCELERATION -> WEAK_TREND -> HEALTHY_TREND -> WEAK_TREND -> PULLBACK -> HEALTHY_TREND -> EXIT,27,HEALTHY_TREND,19.7126
short_2026-06-04T220000_MYXUSDT,short,2026-06-04 22:00:00,MYXUSDT,EARLY_BREAKOUT -> ACCELERATION -> PULLBACK -> ACCELERATION -> PULLBACK -> HEALTHY_TREND -> WEAK_TREND -> PULLBACK -> ACCELERATION -> PULLBACK -> ACCELERATION -> PULLBACK -> ACCELERATION -> PULLBACK -> ACCELERATION -> PULLBACK -> ACCELERATION -> HEALTHY_TREND -> ACCELERATION -> HEALTHY_TREND -> WEAK_TREND -> ACCELERATION -> HEALTHY_TREND -> ACCELERATION -> PULLBACK -> EXHAUSTION -> PULLBACK -> ACCELERATION -> PULLBACK -> ACCELERATION -> PULLBACK -> EXIT,31,PULLBACK,11.0813
short_2026-06-04T220000_OPNUSDT,short,2026-06-04 22:00:00,OPNUSDT,EARLY_BREAKOUT -> ACCELERATION -> WEAK_TREND -> PULLBACK -> ACCELERATION -> HEALTHY_TREND -> PULLBACK -> EXHAUSTION -> PULLBACK -> ACCELERATION -> PULLBACK -> ACCELERATION -> WEAK_TREND -> PULLBACK -> EXHAUSTION -> PULLBACK -> FAKE_BREAKOUT -> PULLBACK -> FAKE_BREAKOUT -> REVERSAL -> EXIT,20,REVERSAL,-8.8952
short_2026-06-04T220000_ZBTUSDT,short,2026-06-04 22:00:00,ZBTUSDT,EARLY_BREAKOUT -> WEAK_TREND -> FAKE_BREAKOUT -> ACCELERATION -> EXHAUSTION -> ACCELERATION -> FAKE_BREAKOUT -> REVERSAL -> HEALTHY_TREND -> WEAK_TREND -> ACCELERATION -> WEAK_TREND -> ACCELERATION -> PULLBACK -> HEALTHY_TREND -> PULLBACK -> ACCELERATION -> WEAK_TREND -> PULLBACK -> ACCELERATION -> PULLBACK -> ACCELERATION -> PULLBACK -> EXHAUSTION -> PULLBACK -> ACCELERATION -> WEAK_TREND -> PULLBACK -> ACCELERATION -> PULLBACK -> ACCELERATION -> HEALTHY_TREND -> WEAK_TREND -> ACCELERATION -> WEAK_TREND -> ACCELERATION -> WEAK_TREND -> EXIT,37,WEAK_TREND,7.1282
short_2026-06-04T220000_BEATUSDT,short,2026-06-04 22:00:00,BEATUSDT,EARLY_BREAKOUT -> ACCELERATION -> WEAK_TREND -> ACCELERATION -> WEAK_TREND -> ACCELERATION -> HEALTHY_TREND -> PULLBACK -> ACCELERATION -> HEALTHY_TREND -> WEAK_TREND -> PULLBACK -> HEALTHY_TREND -> FAKE_BREAKOUT -> PULLBACK -> FAKE_BREAKOUT -> REVERSAL -> FAKE_BREAKOUT -> REVERSAL -> EXIT,19,REVERSAL,-4.0312
long_2026-06-05T000000_VELVETUSDT,long,2026-06-05 00:00:00,VELVETUSDT,EARLY_BREAKOUT -> ACCELERATION -> EARLY_BREAKOUT -> PULLBACK -> FAKE_BREAKOUT -> PULLBACK -> ACCELERATION -> PULLBACK -> ACCELERATION -> PULLBACK -> ACCELERATION -> PULLBACK -> ACCELERATION -> HEALTHY_TREND -> WEAK_TREND -> ACCELERATION -> HEALTHY_TREND -> PULLBACK -> ACCELERATION -> PULLBACK -> ACCELERATION -> PULLBACK -> ACCELERATION -> HEALTHY_TREND -> ACCELERATION -> WEAK_TREND -> PULLBACK -> EXIT,27,PULLBACK,15.5545
long_2026-06-05T000000_WLDUSDT,long,2026-06-05 00:00:00,WLDUSDT,EARLY_BREAKOUT -> ACCELERATION -> WEAK_TREND -> PULLBACK -> ACCELERATION -> WEAK_TREND -> ACCELERATION -> PULLBACK -> EXHAUSTION -> FAKE_BREAKOUT -> PULLBACK -> EXHAUSTION -> FAKE_BREAKOUT -> REVERSAL -> FAKE_BREAKOUT -> REVERSAL -> FAKE_BREAKOUT -> REVERSAL -> EXIT,18,REVERSAL,-11.3933
long_2026-06-05T000000_EPICUSDT,long,2026-06-05 00:00:00,EPICUSDT,EARLY_BREAKOUT -> EXHAUSTION -> FAKE_BREAKOUT -> ACCELERATION -> FAKE_BREAKOUT -> ACCELERATION -> EXHAUSTION -> ACCELERATION -> PULLBACK -> EXHAUSTION -> FAKE_BREAKOUT -> PULLBACK -> FAKE_BREAKOUT -> REVERSAL -> FAKE_BREAKOUT -> REVERSAL -> FAKE_BREAKOUT -> ACCELERATION -> FAKE_BREAKOUT -> ACCELERATION -> EXHAUSTION -> ACCELERATION -> EXHAUSTION -> FAKE_BREAKOUT -> PULLBACK -> FAKE_BREAKOUT -> EXIT,26,FAKE_BREAKOUT,0.2982
long_2026-06-05T000000_ARKMUSDT,long,2026-06-05 00:00:00,ARKMUSDT,EARLY_BREAKOUT -> ACCELERATION -> HEALTHY_TREND -> WEAK_TREND -> ACCELERATION -> WEAK_TREND -> PULLBACK -> FAKE_BREAKOUT -> REVERSAL -> FAKE_BREAKOUT -> REVERSAL -> FAKE_BREAKOUT -> REVERSAL -> EXIT,13,REVERSAL,-8.6107
long_2026-06-05T000000_ONUSDT,long,2026-06-05 00:00:00,ONUSDT,EARLY_BREAKOUT -> ACCELERATION -> WEAK_TREND -> EXHAUSTION -> PULLBACK -> FAKE_BREAKOUT -> ACCELERATION -> EXHAUSTION -> ACCELERATION -> WEAK_TREND -> ACCELERATION -> PULLBACK -> ACCELERATION -> PULLBACK -> EXHAUSTION -> PULLBACK -> EXHAUSTION -> FAKE_BREAKOUT -> PULLBACK -> FAKE_BREAKOUT -> REVERSAL -> FAKE_BREAKOUT -> REVERSAL -> FAKE_BREAKOUT -> EXIT,24,FAKE_BREAKOUT,0.0209
short_2026-06-05T000000_GUAUSDT,short,2026-06-05 00:00:00,GUAUSDT,EARLY_BREAKOUT -> ACCELERATION -> HEALTHY_TREND -> PULLBACK -> ACCELERATION -> HEALTHY_TREND -> ACCELERATION -> HEALTHY_TREND -> PULLBACK -> ACCELERATION -> PULLBACK -> ACCELERATION -> PULLBACK -> ACCELERATION -> HEALTHY_TREND -> ACCELERATION -> HEALTHY_TREND -> WEAK_TREND -> PULLBACK -> ACCELERATION -> HEALTHY_TREND -> ACCELERATION -> HEALTHY_TREND -> WEAK_TREND -> ACCELERATION -> PULLBACK -> EXIT,26,PULLBACK,23.7442
short_2026-06-05T000000_HEIUSDT,short,2026-06-05 00:00:00,HEIUSDT,EARLY_BREAKOUT -> ACCELERATION -> HEALTHY_TREND -> ACCELERATION -> PULLBACK -> ACCELERATION -> PULLBACK -> ACCELERATION -> PULLBACK -> ACCELERATION -> PULLBACK -> FAKE_BREAKOUT -> REVERSAL -> FAKE_BREAKOUT -> ACCELERATION -> FAKE_BREAKOUT -> ACCELERATION -> EXHAUSTION -> ACCELERATION -> EXHAUSTION -> PULLBACK -> ACCELERATION -> EXHAUSTION -> FAKE_BREAKOUT -> REVERSAL -> EXIT,25,REVERSAL,-0.6296
short_2026-06-05T000000_SPORTFUNUSDT,short,2026-06-05 00:00:00,SPORTFUNUSDT,EARLY_BREAKOUT -> ACCELERATION -> WEAK_TREND -> ACCELERATION -> HEALTHY_TREND -> WEAK_TREND -> FAKE_BREAKOUT -> PULLBACK -> FAKE_BREAKOUT -> ACCELERATION -> PULLBACK -> FAKE_BREAKOUT -> REVERSAL -> FAKE_BREAKOUT -> REVERSAL -> FAKE_BREAKOUT -> ACCELERATION -> EXHAUSTION -> FAKE_BREAKOUT -> ACCELERATION -> PULLBACK -> ACCELERATION -> WEAK_TREND -> ACCELERATION -> HEALTHY_TREND -> ACCELERATION -> HEALTHY_TREND -> WEAK_TREND -> ACCELERATION -> WEAK_TREND -> PULLBACK -> ACCELERATION -> WEAK_TREND -> ACCELERATION -> WEAK_TREND -> ACCELERATION -> HEALTHY_TREND -> ACCELERATION -> HEALTHY_TREND -> EXIT,39,HEALTHY_TREND,10.8751
short_2026-06-05T000000_SKYAIUSDT,short,2026-06-05 00:00:00,SKYAIUSDT,EARLY_BREAKOUT -> PULLBACK -> ACCELERATION -> WEAK_TREND -> ACCELERATION -> WEAK_TREND -> ACCELERATION -> WEAK_TREND -> ACCELERATION -> HEALTHY_TREND -> ACCELERATION -> PULLBACK -> HEALTHY_TREND -> PULLBACK -> EXHAUSTION -> FAKE_BREAKOUT -> ACCELERATION -> PULLBACK -> ACCELERATION -> PULLBACK -> ACCELERATION -> PULLBACK -> EXHAUSTION -> PULLBACK -> FAKE_BREAKOUT -> ACCELERATION -> FAKE_BREAKOUT -> ACCELERATION -> EXHAUSTION -> PULLBACK -> FAKE_BREAKOUT -> ACCELERATION -> EXIT,32,ACCELERATION,4.9781
short_2026-06-05T000000_FORMUSDT,short,2026-06-05 00:00:00,FORMUSDT,EARLY_BREAKOUT -> WEAK_TREND -> ACCELERATION -> EXHAUSTION -> REVERSAL -> PULLBACK -> EXHAUSTION -> ACCELERATION -> EXHAUSTION -> ACCELERATION -> REVERSAL -> ACCELERATION -> EXHAUSTION -> PULLBACK -> REVERSAL -> PULLBACK -> REVERSAL -> FAKE_BREAKOUT -> REVERSAL -> FAKE_BREAKOUT -> REVERSAL -> FAKE_BREAKOUT -> ACCELERATION -> HEALTHY_TREND -> ACCELERATION -> EXIT,25,ACCELERATION,5.7213
long_2026-06-05T020000_UBUSDT,long,2026-06-05 02:00:00,UBUSDT,EARLY_BREAKOUT -> PULLBACK -> ACCELERATION -> WEAK_TREND -> ACCELERATION -> PULLBACK -> EXHAUSTION -> FAKE_BREAKOUT -> ACCELERATION -> PULLBACK -> FAKE_BREAKOUT -> REVERSAL -> FAKE_BREAKOUT -> REVERSAL -> FAKE_BREAKOUT -> REVERSAL -> FAKE_BREAKOUT -> ACCELERATION -> EXHAUSTION -> ACCELERATION -> PULLBACK -> FAKE_BREAKOUT -> ACCELERATION -> PULLBACK -> ACCELERATION -> HEALTHY_TREND -> PULLBACK -> EXHAUSTION -> FAKE_BREAKOUT -> PULLBACK -> ACCELERATION -> EXHAUSTION -> EXIT,32,EXHAUSTION,3.0194
long_2026-06-05T020000_SUSHIUSDT,long,2026-06-05 02:00:00,SUSHIUSDT,EARLY_BREAKOUT -> ACCELERATION -> FAKE_BREAKOUT -> REVERSAL -> EXIT,4,REVERSAL,-3.8679
long_2026-06-05T020000_KITEUSDT,long,2026-06-05 02:00:00,KITEUSDT,EARLY_BREAKOUT -> ACCELERATION -> WEAK_TREND -> ACCELERATION -> EXHAUSTION -> HEALTHY_TREND -> ACCELERATION -> EXHAUSTION -> FAKE_BREAKOUT -> REVERSAL -> ACCELERATION -> FAKE_BREAKOUT -> EXIT,12,FAKE_BREAKOUT,1.0405
long_2026-06-05T020000_EPICUSDT,long,2026-06-05 02:00:00,EPICUSDT,EARLY_BREAKOUT -> EXHAUSTION -> ACCELERATION -> HEALTHY_TREND -> FAKE_BREAKOUT -> REVERSAL -> FAKE_BREAKOUT -> REVERSAL -> ACCELERATION -> FAKE_BREAKOUT -> ACCELERATION -> FAKE_BREAKOUT -> ACCELERATION -> FAKE_BREAKOUT -> REVERSAL -> FAKE_BREAKOUT -> REVERSAL -> FAKE_BREAKOUT -> REVERSAL -> EXIT,19,REVERSAL,-0.7675
long_2026-06-05T020000_VELVETUSDT,long,2026-06-05 02:00:00,VELVETUSDT,EARLY_BREAKOUT -> ACCELERATION -> EARLY_BREAKOUT -> ACCELERATION -> PULLBACK -> ACCELERATION -> EXHAUSTION -> FAKE_BREAKOUT -> PULLBACK -> HEALTHY_TREND -> PULLBACK -> EXHAUSTION -> HEALTHY_TREND -> ACCELERATION -> HEALTHY_TREND -> WEAK_TREND -> ACCELERATION -> HEALTHY_TREND -> WEAK_TREND -> ACCELERATION -> WEAK_TREND -> PULLBACK -> EXHAUSTION -> PULLBACK -> ACCELERATION -> PULLBACK -> ACCELERATION -> HEALTHY_TREND -> ACCELERATION -> WEAK_TREND -> PULLBACK -> ACCELERATION -> WEAK_TREND -> ACCELERATION -> HEALTHY_TREND -> EXIT,35,HEALTHY_TREND,10.1869
short_2026-06-05T020000_WLDUSDT,short,2026-06-05 02:00:00,WLDUSDT,EARLY_BREAKOUT -> ACCELERATION -> EARLY_BREAKOUT -> HEALTHY_TREND -> PULLBACK -> EXHAUSTION -> PULLBACK -> ACCELERATION -> PULLBACK -> ACCELERATION -> WEAK_TREND -> ACCELERATION -> PULLBACK -> ACCELERATION -> HEALTHY_TREND -> ACCELERATION -> PULLBACK -> ACCELERATION -> PULLBACK -> ACCELERATION -> PULLBACK -> ACCELERATION -> PULLBACK -> ACCELERATION -> PULLBACK -> EXHAUSTION -> PULLBACK -> ACCELERATION -> HEALTHY_TREND -> PULLBACK -> ACCELERATION -> PULLBACK -> EXIT,32,PULLBACK,16.2711
short_2026-06-05T020000_SKYAIUSDT,short,2026-06-05 02:00:00,SKYAIUSDT,EARLY_BREAKOUT -> ACCELERATION -> PULLBACK -> EXHAUSTION -> HEALTHY_TREND -> EXHAUSTION -> PULLBACK -> EXHAUSTION -> REVERSAL -> FAKE_BREAKOUT -> ACCELERATION -> EXHAUSTION -> FAKE_BREAKOUT -> REVERSAL -> EXIT,14,REVERSAL,-3.8455
short_2026-06-05T020000_BUSDT,short,2026-06-05 02:00:00,BUSDT,EARLY_BREAKOUT -> ACCELERATION -> WEAK_TREND -> EXHAUSTION -> PULLBACK -> HEALTHY_TREND -> PULLBACK -> FAKE_BREAKOUT -> PULLBACK -> ACCELERATION -> EXHAUSTION -> FAKE_BREAKOUT -> REVERSAL -> FAKE_BREAKOUT -> ACCELERATION -> EXHAUSTION -> FAKE_BREAKOUT -> ACCELERATION -> WEAK_TREND -> PULLBACK -> ACCELERATION -> HEALTHY_TREND -> ACCELERATION -> WEAK_TREND -> ACCELERATION -> WEAK_TREND -> ACCELERATION -> WEAK_TREND -> PULLBACK -> EXHAUSTION -> EXIT,30,EXHAUSTION,2.3157
short_2026-06-05T020000_ICPUSDT,short,2026-06-05 02:00:00,ICPUSDT,EARLY_BREAKOUT -> ACCELERATION -> HEALTHY_TREND -> WEAK_TREND -> ACCELERATION -> PULLBACK -> HEALTHY_TREND -> PULLBACK -> HEALTHY_TREND -> ACCELERATION -> HEALTHY_TREND -> WEAK_TREND -> PULLBACK -> ACCELERATION -> HEALTHY_TREND -> ACCELERATION -> WEAK_TREND -> ACCELERATION -> WEAK_TREND -> HEALTHY_TREND -> PULLBACK -> ACCELERATION -> HEALTHY_TREND -> PULLBACK -> HEALTHY_TREND -> ACCELERATION -> HEALTHY_TREND -> ACCELERATION -> HEALTHY_TREND -> WEAK_TREND -> ACCELERATION -> HEALTHY_TREND -> WEAK_TREND -> PULLBACK -> HEALTHY_TREND -> PULLBACK -> EXIT,36,PULLBACK,11.3221
short_2026-06-05T020000_GUAUSDT,short,2026-06-05 02:00:00,GUAUSDT,EARLY_BREAKOUT -> ACCELERATION -> FAKE_BREAKOUT -> ACCELERATION -> PULLBACK -> FAKE_BREAKOUT -> ACCELERATION -> FAKE_BREAKOUT -> PULLBACK -> EXHAUSTION -> ACCELERATION -> HEALTHY_TREND -> ACCELERATION -> HEALTHY_TREND -> WEAK_TREND -> PULLBACK -> FAKE_BREAKOUT -> PULLBACK -> ACCELERATION -> HEALTHY_TREND -> ACCELERATION -> HEALTHY_TREND -> WEAK_TREND -> ACCELERATION -> PULLBACK -> EXHAUSTION -> PULLBACK -> EXHAUSTION -> PULLBACK -> EXHAUSTION -> FAKE_BREAKOUT -> PULLBACK -> ACCELERATION -> EXHAUSTION -> ACCELERATION -> EXHAUSTION -> PULLBACK -> EXIT,37,PULLBACK,7.2813
long_2026-06-05T040000_OPNUSDT,long,2026-06-05 04:00:00,OPNUSDT,EARLY_BREAKOUT -> ACCELERATION -> EARLY_BREAKOUT -> ACCELERATION -> PULLBACK -> ACCELERATION -> HEALTHY_TREND -> PULLBACK -> ACCELERATION -> PULLBACK -> EXHAUSTION -> FAKE_BREAKOUT -> PULLBACK -> ACCELERATION -> FAKE_BREAKOUT -> ACCELERATION -> FAKE_BREAKOUT -> ACCELERATION -> FAKE_BREAKOUT -> ACCELERATION -> PULLBACK -> EXHAUSTION -> ACCELERATION -> EXHAUSTION -> FAKE_BREAKOUT -> PULLBACK -> ACCELERATION -> EXIT,27,ACCELERATION,20.8688
long_2026-06-05T040000_币安人生USDT,long,2026-06-05 04:00:00,币安人生USDT,EARLY_BREAKOUT -> ACCELERATION -> EARLY_BREAKOUT -> WEAK_TREND -> ACCELERATION -> WEAK_TREND -> EXHAUSTION -> REVERSAL -> PULLBACK -> EXHAUSTION -> REVERSAL -> PULLBACK -> HEALTHY_TREND -> EXHAUSTION -> REVERSAL -> EXIT,15,REVERSAL,-12.1286
long_2026-06-05T040000_HEIUSDT,long,2026-06-05 04:00:00,HEIUSDT,EARLY_BREAKOUT -> FAKE_BREAKOUT -> HEALTHY_TREND -> FAKE_BREAKOUT -> REVERSAL -> FAKE_BREAKOUT -> ACCELERATION -> FAKE_BREAKOUT -> ACCELERATION -> WEAK_TREND -> ACCELERATION -> EXHAUSTION -> FAKE_BREAKOUT -> ACCELERATION -> HEALTHY_TREND -> PULLBACK -> EXHAUSTION -> ACCELERATION -> HEALTHY_TREND -> FAKE_BREAKOUT -> ACCELERATION -> FAKE_BREAKOUT -> PULLBACK -> ACCELERATION -> HEALTHY_TREND -> ACCELERATION -> HEALTHY_TREND -> PULLBACK -> ACCELERATION -> PULLBACK -> EXHAUSTION -> FAKE_BREAKOUT -> PULLBACK -> FAKE_BREAKOUT -> EXIT,34,FAKE_BREAKOUT,6.4126
long_2026-06-05T040000_BILLUSDT,long,2026-06-05 04:00:00,BILLUSDT,EARLY_BREAKOUT -> WEAK_TREND -> REVERSAL -> ACCELERATION -> HEALTHY_TREND -> REVERSAL -> HEALTHY_TREND -> ACCELERATION -> REVERSAL -> FAKE_BREAKOUT -> ACCELERATION -> WEAK_TREND -> ACCELERATION -> EXHAUSTION -> FAKE_BREAKOUT -> PULLBACK -> FAKE_BREAKOUT -> ACCELERATION -> PULLBACK -> FAKE_BREAKOUT -> ACCELERATION -> HEALTHY_TREND -> ACCELERATION -> WEAK_TREND -> PULLBACK -> HEALTHY_TREND -> FAKE_BREAKOUT -> REVERSAL -> EXIT,28,REVERSAL,-2.9091
long_2026-06-05T040000_ONUSDT,long,2026-06-05 04:00:00,ONUSDT,EARLY_BREAKOUT -> ACCELERATION -> EARLY_BREAKOUT -> REVERSAL -> EXIT,4,REVERSAL,-16.7737
short_2026-06-05T040000_SIRENUSDT,short,2026-06-05 04:00:00,SIRENUSDT,EARLY_BREAKOUT -> ACCELERATION -> EARLY_BREAKOUT -> HEALTHY_TREND -> WEAK_TREND -> PULLBACK -> EXHAUSTION -> PULLBACK -> ACCELERATION -> WEAK_TREND -> ACCELERATION -> WEAK_TREND -> ACCELERATION -> WEAK_TREND -> PULLBACK -> EXHAUSTION -> PULLBACK -> EXHAUSTION -> FAKE_BREAKOUT -> PULLBACK -> ACCELERATION -> PULLBACK -> EXHAUSTION -> PULLBACK -> EXHAUSTION -> PULLBACK -> FAKE_BREAKOUT -> PULLBACK -> FAKE_BREAKOUT -> PULLBACK -> ACCELERATION -> EXHAUSTION -> ACCELERATION -> EXHAUSTION -> PULLBACK -> EXIT,35,PULLBACK,4.2592
short_2026-06-05T040000_WLDUSDT,short,2026-06-05 04:00:00,WLDUSDT,EARLY_BREAKOUT -> ACCELERATION -> PULLBACK -> ACCELERATION -> WEAK_TREND -> ACCELERATION -> PULLBACK -> ACCELERATION -> HEALTHY_TREND -> ACCELERATION -> PULLBACK -> ACCELERATION -> PULLBACK -> EXHAUSTION -> PULLBACK -> ACCELERATION -> EXHAUSTION -> ACCELERATION -> PULLBACK -> EXHAUSTION -> ACCELERATION -> EXHAUSTION -> FAKE_BREAKOUT -> PULLBACK -> ACCELERATION -> HEALTHY_TREND -> PULLBACK -> ACCELERATION -> PULLBACK -> EXHAUSTION -> PULLBACK -> ACCELERATION -> PULLBACK -> EXHAUSTION -> PULLBACK -> EXIT,35,PULLBACK,10.7991
short_2026-06-05T040000_USELESSUSDT,short,2026-06-05 04:00:00,USELESSUSDT,EARLY_BREAKOUT -> WEAK_TREND -> ACCELERATION -> HEALTHY_TREND -> WEAK_TREND -> PULLBACK -> ACCELERATION -> WEAK_TREND -> ACCELERATION -> HEALTHY_TREND -> WEAK_TREND -> ACCELERATION -> PULLBACK -> ACCELERATION -> PULLBACK -> ACCELERATION -> PULLBACK -> FAKE_BREAKOUT -> PULLBACK -> EXHAUSTION -> PULLBACK -> EXHAUSTION -> ACCELERATION -> PULLBACK -> ACCELERATION -> HEALTHY_TREND -> PULLBACK -> ACCELERATION -> PULLBACK -> EXHAUSTION -> PULLBACK -> EXHAUSTION -> PULLBACK -> ACCELERATION -> HEALTHY_TREND -> ACCELERATION -> PULLBACK -> ACCELERATION -> EXIT,38,ACCELERATION,17.1279
short_2026-06-05T040000_POWERUSDT,short,2026-06-05 04:00:00,POWERUSDT,EARLY_BREAKOUT -> WEAK_TREND -> ACCELERATION -> HEALTHY_TREND -> WEAK_TREND -> ACCELERATION -> WEAK_TREND -> ACCELERATION -> HEALTHY_TREND -> ACCELERATION -> HEALTHY_TREND -> PULLBACK -> HEALTHY_TREND -> PULLBACK -> EXHAUSTION -> PULLBACK -> EXHAUSTION -> FAKE_BREAKOUT -> PULLBACK -> ACCELERATION -> PULLBACK -> ACCELERATION -> HEALTHY_TREND -> ACCELERATION -> HEALTHY_TREND -> WEAK_TREND -> PULLBACK -> EXHAUSTION -> PULLBACK -> ACCELERATION -> PULLBACK -> ACCELERATION -> EXIT,32,ACCELERATION,12.2672
short_2026-06-05T040000_ONUSDT,short,2026-06-05 04:00:00,ONUSDT,EARLY_BREAKOUT -> ACCELERATION -> HEALTHY_TREND -> WEAK_TREND -> ACCELERATION -> WEAK_TREND -> ACCELERATION -> HEALTHY_TREND -> WEAK_TREND -> ACCELERATION -> PULLBACK -> ACCELERATION -> WEAK_TREND -> ACCELERATION -> PULLBACK -> ACCELERATION -> HEALTHY_TREND -> PULLBACK -> HEALTHY_TREND -> PULLBACK -> HEALTHY_TREND -> ACCELERATION -> HEALTHY_TREND -> WEAK_TREND -> ACCELERATION -> WEAK_TREND -> ACCELERATION -> WEAK_TREND -> PULLBACK -> HEALTHY_TREND -> ACCELERATION -> HEALTHY_TREND -> ACCELERATION -> HEALTHY_TREND -> ACCELERATION -> EXIT,35,ACCELERATION,16.7737
long_2026-06-05T060000_RIFUSDT,long,2026-06-05 06:00:00,RIFUSDT,EARLY_BREAKOUT -> ACCELERATION -> WEAK_TREND -> PULLBACK -> FAKE_BREAKOUT -> ACCELERATION -> FAKE_BREAKOUT -> ACCELERATION -> FAKE_BREAKOUT -> ACCELERATION -> WEAK_TREND -> ACCELERATION -> WEAK_TREND -> PULLBACK -> FAKE_BREAKOUT -> REVERSAL -> FAKE_BREAKOUT -> REVERSAL -> FAKE_BREAKOUT -> EXIT,19,FAKE_BREAKOUT,-1.0063
long_2026-06-05T060000_XMRUSDT,long,2026-06-05 06:00:00,XMRUSDT,EARLY_BREAKOUT -> ACCELERATION -> FAKE_BREAKOUT -> ACCELERATION -> FAKE_BREAKOUT -> REVERSAL -> FAKE_BREAKOUT -> ACCELERATION -> EXHAUSTION -> ACCELERATION -> PULLBACK -> FAKE_BREAKOUT -> REVERSAL -> EXIT,13,REVERSAL,-8.6046
long_2026-06-05T060000_HEIUSDT,long,2026-06-05 06:00:00,HEIUSDT,EARLY_BREAKOUT -> ACCELERATION -> EARLY_BREAKOUT -> REVERSAL -> ACCELERATION -> HEALTHY_TREND -> ACCELERATION -> WEAK_TREND -> ACCELERATION -> WEAK_TREND -> ACCELERATION -> PULLBACK -> EXHAUSTION -> ACCELERATION -> HEALTHY_TREND -> PULLBACK -> ACCELERATION -> HEALTHY_TREND -> EXHAUSTION -> ACCELERATION -> FAKE_BREAKOUT -> PULLBACK -> ACCELERATION -> HEALTHY_TREND -> ACCELERATION -> HEALTHY_TREND -> PULLBACK -> ACCELERATION -> PULLBACK -> EXHAUSTION -> PULLBACK -> EXHAUSTION -> FAKE_BREAKOUT -> PULLBACK -> FAKE_BREAKOUT -> PULLBACK -> ACCELERATION -> PULLBACK -> EXIT,38,PULLBACK,11.1549
long_2026-06-05T060000_EPICUSDT,long,2026-06-05 06:00:00,EPICUSDT,EARLY_BREAKOUT -> WEAK_TREND -> ACCELERATION -> EARLY_BREAKOUT -> HEALTHY_TREND -> ACCELERATION -> EXHAUSTION -> ACCELERATION -> EXHAUSTION -> ACCELERATION -> PULLBACK -> EXHAUSTION -> PULLBACK -> EXHAUSTION -> FAKE_BREAKOUT -> PULLBACK -> FAKE_BREAKOUT -> ACCELERATION -> FAKE_BREAKOUT -> ACCELERATION -> FAKE_BREAKOUT -> ACCELERATION -> WEAK_TREND -> FAKE_BREAKOUT -> ACCELERATION -> PULLBACK -> ACCELERATION -> HEALTHY_TREND -> PULLBACK -> HEALTHY_TREND -> PULLBACK -> EXHAUSTION -> ACCELERATION -> WEAK_TREND -> ACCELERATION -> EXIT,35,ACCELERATION,10.4527
long_2026-06-05T060000_BSBUSDT,long,2026-06-05 06:00:00,BSBUSDT,EARLY_BREAKOUT -> REVERSAL -> ACCELERATION -> WEAK_TREND -> ACCELERATION -> WEAK_TREND -> FAKE_BREAKOUT -> PULLBACK -> REVERSAL -> FAKE_BREAKOUT -> REVERSAL -> FAKE_BREAKOUT -> REVERSAL -> ACCELERATION -> FAKE_BREAKOUT -> ACCELERATION -> FAKE_BREAKOUT -> REVERSAL -> EXIT,18,REVERSAL,-4.3691
short_2026-06-05T060000_OPNUSDT,short,2026-06-05 06:00:00,OPNUSDT,EARLY_BREAKOUT -> FAKE_BREAKOUT -> ACCELERATION -> HEALTHY_TREND -> WEAK_TREND -> PULLBACK -> ACCELERATION -> WEAK_TREND -> PULLBACK -> HEALTHY_TREND -> WEAK_TREND -> PULLBACK -> ACCELERATION -> PULLBACK -> ACCELERATION -> PULLBACK -> ACCELERATION -> EXHAUSTION -> PULLBACK -> EXHAUSTION -> PULLBACK -> EXHAUSTION -> ACCELERATION -> PULLBACK -> EXHAUSTION -> FAKE_BREAKOUT -> REVERSAL -> FAKE_BREAKOUT -> EXIT,28,FAKE_BREAKOUT,2.0395
short_2026-06-05T060000_XPLUSDT,short,2026-06-05 06:00:00,XPLUSDT,EARLY_BREAKOUT -> ACCELERATION -> EARLY_BREAKOUT -> ACCELERATION -> HEALTHY_TREND -> ACCELERATION -> PULLBACK -> ACCELERATION -> PULLBACK -> ACCELERATION -> PULLBACK -> ACCELERATION -> PULLBACK -> ACCELERATION -> WEAK_TREND -> ACCELERATION -> WEAK_TREND -> ACCELERATION -> HEALTHY_TREND -> WEAK_TREND -> PULLBACK -> HEALTHY_TREND -> PULLBACK -> HEALTHY_TREND -> PULLBACK -> ACCELERATION -> HEALTHY_TREND -> PULLBACK -> ACCELERATION -> PULLBACK -> ACCELERATION -> HEALTHY_TREND -> PULLBACK -> EXIT,33,PULLBACK,15.1717
short_2026-06-05T060000_FILUSDT,short,2026-06-05 06:00:00,FILUSDT,EARLY_BREAKOUT -> ACCELERATION -> EARLY_BREAKOUT -> WEAK_TREND -> ACCELERATION -> PULLBACK -> EXHAUSTION -> PULLBACK -> ACCELERATION -> FAKE_BREAKOUT -> ACCELERATION -> HEALTHY_TREND -> WEAK_TREND -> PULLBACK -> HEALTHY_TREND -> ACCELERATION -> HEALTHY_TREND -> PULLBACK -> ACCELERATION -> WEAK_TREND -> PULLBACK -> EXHAUSTION -> ACCELERATION -> HEALTHY_TREND -> ACCELERATION -> PULLBACK -> ACCELERATION -> PULLBACK -> ACCELERATION -> WEAK_TREND -> PULLBACK -> EXIT,31,PULLBACK,10.1124
short_2026-06-05T060000_WLDUSDT,short,2026-06-05 06:00:00,WLDUSDT,EARLY_BREAKOUT -> ACCELERATION -> EXHAUSTION -> ACCELERATION -> REVERSAL -> ACCELERATION -> HEALTHY_TREND -> FAKE_BREAKOUT -> ACCELERATION -> PULLBACK -> EXHAUSTION -> PULLBACK -> FAKE_BREAKOUT -> PULLBACK -> ACCELERATION -> FAKE_BREAKOUT -> REVERSAL -> EXIT,17,REVERSAL,-3.1006
short_2026-06-05T060000_ICPUSDT,short,2026-06-05 06:00:00,ICPUSDT,EARLY_BREAKOUT -> ACCELERATION -> EARLY_BREAKOUT -> ACCELERATION -> WEAK_TREND -> ACCELERATION -> PULLBACK -> HEALTHY_TREND -> EXHAUSTION -> FAKE_BREAKOUT -> PULLBACK -> FAKE_BREAKOUT -> ACCELERATION -> PULLBACK -> HEALTHY_TREND -> EXHAUSTION -> FAKE_BREAKOUT -> PULLBACK -> HEALTHY_TREND -> ACCELERATION -> HEALTHY_TREND -> ACCELERATION -> HEALTHY_TREND -> PULLBACK -> ACCELERATION -> HEALTHY_TREND -> WEAK_TREND -> PULLBACK -> HEALTHY_TREND -> PULLBACK -> ACCELERATION -> HEALTHY_TREND -> ACCELERATION -> WEAK_TREND -> ACCELERATION -> PULLBACK -> ACCELERATION -> PULLBACK -> EXIT,38,PULLBACK,9.9529
long_2026-06-05T080000_BSBUSDT,long,2026-06-05 08:00:00,BSBUSDT,EARLY_BREAKOUT -> WEAK_TREND -> ACCELERATION -> WEAK_TREND -> ACCELERATION -> WEAK_TREND -> FAKE_BREAKOUT -> ACCELERATION -> PULLBACK -> FAKE_BREAKOUT -> REVERSAL -> FAKE_BREAKOUT -> ACCELERATION -> FAKE_BREAKOUT -> ACCELERATION -> FAKE_BREAKOUT -> REVERSAL -> EXIT,17,REVERSAL,-5.9763
long_2026-06-05T080000_SKYAIUSDT,long,2026-06-05 08:00:00,SKYAIUSDT,EARLY_BREAKOUT -> WEAK_TREND -> ACCELERATION -> HEALTHY_TREND -> ACCELERATION -> HEALTHY_TREND -> ACCELERATION -> WEAK_TREND -> ACCELERATION -> HEALTHY_TREND -> PULLBACK -> ACCELERATION -> PULLBACK -> HEALTHY_TREND -> PULLBACK -> ACCELERATION -> EXHAUSTION -> ACCELERATION -> HEALTHY_TREND -> WEAK_TREND -> PULLBACK -> ACCELERATION -> HEALTHY_TREND -> WEAK_TREND -> PULLBACK -> EXHAUSTION -> PULLBACK -> FAKE_BREAKOUT -> REVERSAL -> FAKE_BREAKOUT -> PULLBACK -> ACCELERATION -> EXHAUSTION -> FAKE_BREAKOUT -> ACCELERATION -> HEALTHY_TREND -> ACCELERATION -> PULLBACK -> ACCELERATION -> HEALTHY_TREND -> PULLBACK -> ACCELERATION -> EXIT,42,ACCELERATION,5.4307
long_2026-06-05T080000_HEIUSDT,long,2026-06-05 08:00:00,HEIUSDT,EARLY_BREAKOUT -> WEAK_TREND -> ACCELERATION -> WEAK_TREND -> ACCELERATION -> EXHAUSTION -> FAKE_BREAKOUT -> ACCELERATION -> HEALTHY_TREND -> PULLBACK -> EXHAUSTION -> ACCELERATION -> HEALTHY_TREND -> FAKE_BREAKOUT -> ACCELERATION -> FAKE_BREAKOUT -> PULLBACK -> ACCELERATION -> HEALTHY_TREND -> ACCELERATION -> HEALTHY_TREND -> PULLBACK -> ACCELERATION -> PULLBACK -> EXHAUSTION -> FAKE_BREAKOUT -> PULLBACK -> FAKE_BREAKOUT -> PULLBACK -> FAKE_BREAKOUT -> ACCELERATION -> PULLBACK -> EXHAUSTION -> ACCELERATION -> EXHAUSTION -> PULLBACK -> FAKE_BREAKOUT -> EXIT,37,FAKE_BREAKOUT,6.163
long_2026-06-05T080000_APEUSDT,long,2026-06-05 08:00:00,APEUSDT,EARLY_BREAKOUT -> WEAK_TREND -> ACCELERATION -> WEAK_TREND -> ACCELERATION -> PULLBACK -> WEAK_TREND -> REVERSAL -> PULLBACK -> HEALTHY_TREND -> WEAK_TREND -> REVERSAL -> EXIT,12,REVERSAL,-6.4492
long_2026-06-05T080000_FARTCOINUSDT,long,2026-06-05 08:00:00,FARTCOINUSDT,EARLY_BREAKOUT -> WEAK_TREND -> ACCELERATION -> HEALTHY_TREND -> WEAK_TREND -> ACCELERATION -> WEAK_TREND -> HEALTHY_TREND -> WEAK_TREND -> ACCELERATION -> WEAK_TREND -> REVERSAL -> EXIT,12,REVERSAL,-9.0476
short_2026-06-05T080000_SPORTFUNUSDT,short,2026-06-05 08:00:00,SPORTFUNUSDT,EARLY_BREAKOUT -> ACCELERATION -> WEAK_TREND -> ACCELERATION -> WEAK_TREND -> FAKE_BREAKOUT -> PULLBACK -> ACCELERATION -> WEAK_TREND -> ACCELERATION -> WEAK_TREND -> ACCELERATION -> HEALTHY_TREND -> ACCELERATION -> HEALTHY_TREND -> PULLBACK -> ACCELERATION -> PULLBACK -> ACCELERATION -> HEALTHY_TREND -> ACCELERATION -> HEALTHY_TREND -> ACCELERATION -> HEALTHY_TREND -> PULLBACK -> ACCELERATION -> WEAK_TREND -> PULLBACK -> ACCELERATION -> HEALTHY_TREND -> WEAK_TREND -> ACCELERATION -> HEALTHY_TREND -> PULLBACK -> ACCELERATION -> PULLBACK -> ACCELERATION -> WEAK_TREND -> ACCELERATION -> EXIT,39,ACCELERATION,19.7113
short_2026-06-05T080000_INUSDT,short,2026-06-05 08:00:00,INUSDT,EARLY_BREAKOUT -> ACCELERATION -> HEALTHY_TREND -> REVERSAL -> PULLBACK -> HEALTHY_TREND -> WEAK_TREND -> FAKE_BREAKOUT -> PULLBACK -> ACCELERATION -> HEALTHY_TREND -> WEAK_TREND -> ACCELERATION -> WEAK_TREND -> ACCELERATION -> WEAK_TREND -> ACCELERATION -> WEAK_TREND -> ACCELERATION -> HEALTHY_TREND -> WEAK_TREND -> ACCELERATION -> WEAK_TREND -> PULLBACK -> HEALTHY_TREND -> WEAK_TREND -> ACCELERATION -> WEAK_TREND -> ACCELERATION -> HEALTHY_TREND -> WEAK_TREND -> ACCELERATION -> WEAK_TREND -> ACCELERATION -> WEAK_TREND -> HEALTHY_TREND -> EXIT,36,HEALTHY_TREND,19.0152
short_2026-06-05T080000_AIAUSDT,short,2026-06-05 08:00:00,AIAUSDT,EARLY_BREAKOUT -> ACCELERATION -> HEALTHY_TREND -> WEAK_TREND -> ACCELERATION -> HEALTHY_TREND -> PULLBACK -> ACCELERATION -> PULLBACK -> EXHAUSTION -> FAKE_BREAKOUT -> PULLBACK -> EXHAUSTION -> PULLBACK -> EXHAUSTION -> ACCELERATION -> EXHAUSTION -> ACCELERATION -> EXHAUSTION -> ACCELERATION -> HEALTHY_TREND -> EXHAUSTION -> ACCELERATION -> PULLBACK -> FAKE_BREAKOUT -> PULLBACK -> FAKE_BREAKOUT -> REVERSAL -> FAKE_BREAKOUT -> ACCELERATION -> PULLBACK -> ACCELERATION -> WEAK_TREND -> PULLBACK -> ACCELERATION -> HEALTHY_TREND -> EXIT,36,HEALTHY_TREND,11.0506
short_2026-06-05T080000_BEATUSDT,short,2026-06-05 08:00:00,BEATUSDT,EARLY_BREAKOUT -> ACCELERATION -> HEALTHY_TREND -> ACCELERATION -> FAKE_BREAKOUT -> REVERSAL -> FAKE_BREAKOUT -> REVERSAL -> EXIT,8,REVERSAL,-7.5693
short_2026-06-05T080000_EPICUSDT,short,2026-06-05 08:00:00,EPICUSDT,EARLY_BREAKOUT -> WEAK_TREND -> EXHAUSTION -> ACCELERATION -> EXHAUSTION -> ACCELERATION -> HEALTHY_TREND -> ACCELERATION -> WEAK_TREND -> ACCELERATION -> PULLBACK -> ACCELERATION -> EXHAUSTION -> HEALTHY_TREND -> WEAK_TREND -> ACCELERATION -> PULLBACK -> ACCELERATION -> HEALTHY_TREND -> WEAK_TREND -> REVERSAL -> PULLBACK -> FAKE_BREAKOUT -> REVERSAL -> FAKE_BREAKOUT -> REVERSAL -> EXIT,26,REVERSAL,-0.7267
long_2026-06-05T100000_BEATUSDT,long,2026-06-05 10:00:00,BEATUSDT,EARLY_BREAKOUT -> WEAK_TREND -> ACCELERATION -> HEALTHY_TREND -> ACCELERATION -> PULLBACK -> ACCELERATION -> PULLBACK -> ACCELERATION -> HEALTHY_TREND -> WEAK_TREND -> ACCELERATION -> PULLBACK -> ACCELERATION -> PULLBACK -> ACCELERATION -> PULLBACK -> ACCELERATION -> HEALTHY_TREND -> PULLBACK -> HEALTHY_TREND -> PULLBACK -> EXHAUSTION -> FAKE_BREAKOUT -> PULLBACK -> ACCELERATION -> HEALTHY_TREND -> PULLBACK -> ACCELERATION -> PULLBACK -> ACCELERATION -> PULLBACK -> ACCELERATION -> EXIT,33,ACCELERATION,10.2132
long_2026-06-05T100000_STGUSDT,long,2026-06-05 10:00:00,STGUSDT,EARLY_BREAKOUT -> ACCELERATION -> EARLY_BREAKOUT -> ACCELERATION -> HEALTHY_TREND -> PULLBACK -> FAKE_BREAKOUT -> REVERSAL -> FAKE_BREAKOUT -> REVERSAL -> FAKE_BREAKOUT -> ACCELERATION -> HEALTHY_TREND -> ACCELERATION -> PULLBACK -> HEALTHY_TREND -> WEAK_TREND -> PULLBACK -> ACCELERATION -> PULLBACK -> EXHAUSTION -> PULLBACK -> FAKE_BREAKOUT -> ACCELERATION -> PULLBACK -> ACCELERATION -> PULLBACK -> ACCELERATION -> PULLBACK -> EXIT,29,PULLBACK,6.9716
long_2026-06-05T100000_HEIUSDT,long,2026-06-05 10:00:00,HEIUSDT,EARLY_BREAKOUT -> ACCELERATION -> EARLY_BREAKOUT -> PULLBACK -> FAKE_BREAKOUT -> ACCELERATION -> HEALTHY_TREND -> FAKE_BREAKOUT -> ACCELERATION -> REVERSAL -> FAKE_BREAKOUT -> PULLBACK -> ACCELERATION -> HEALTHY_TREND -> ACCELERATION -> HEALTHY_TREND -> PULLBACK -> ACCELERATION -> PULLBACK -> FAKE_BREAKOUT -> PULLBACK -> FAKE_BREAKOUT -> ACCELERATION -> EXHAUSTION -> FAKE_BREAKOUT -> ACCELERATION -> FAKE_BREAKOUT -> ACCELERATION -> FAKE_BREAKOUT -> ACCELERATION -> HEALTHY_TREND -> PULLBACK -> ACCELERATION -> EXIT,33,ACCELERATION,13.3432
long_2026-06-05T100000_AIAUSDT,long,2026-06-05 10:00:00,AIAUSDT,EARLY_BREAKOUT -> WEAK_TREND -> ACCELERATION -> HEALTHY_TREND -> ACCELERATION -> HEALTHY_TREND -> EXHAUSTION -> PULLBACK -> ACCELERATION -> PULLBACK -> ACCELERATION -> PULLBACK -> FAKE_BREAKOUT -> REVERSAL -> FAKE_BREAKOUT -> REVERSAL -> ACCELERATION -> HEALTHY_TREND -> ACCELERATION -> FAKE_BREAKOUT -> ACCELERATION -> HEALTHY_TREND -> EXHAUSTION -> REVERSAL -> EXIT,24,REVERSAL,-4.7586
long_2026-06-05T100000_OPGUSDT,long,2026-06-05 10:00:00,OPGUSDT,EARLY_BREAKOUT -> ACCELERATION -> WEAK_TREND -> FAKE_BREAKOUT -> REVERSAL -> FAKE_BREAKOUT -> REVERSAL -> EXIT,7,REVERSAL,-0.287
short_2026-06-05T100000_XMRUSDT,short,2026-06-05 10:00:00,XMRUSDT,EARLY_BREAKOUT -> WEAK_TREND -> ACCELERATION -> WEAK_TREND -> ACCELERATION -> HEALTHY_TREND -> ACCELERATION -> HEALTHY_TREND -> ACCELERATION -> WEAK_TREND -> ACCELERATION -> WEAK_TREND -> ACCELERATION -> PULLBACK -> ACCELERATION -> HEALTHY_TREND -> ACCELERATION -> PULLBACK -> EXHAUSTION -> PULLBACK -> EXHAUSTION -> PULLBACK -> EXHAUSTION -> ACCELERATION -> EXHAUSTION -> PULLBACK -> EXHAUSTION -> ACCELERATION -> EXHAUSTION -> ACCELERATION -> PULLBACK -> EXHAUSTION -> EXIT,32,EXHAUSTION,9.0389
short_2026-06-05T100000_ESPUSDT,short,2026-06-05 10:00:00,ESPUSDT,EARLY_BREAKOUT -> ACCELERATION -> WEAK_TREND -> ACCELERATION -> WEAK_TREND -> ACCELERATION -> WEAK_TREND -> ACCELERATION -> WEAK_TREND -> EXHAUSTION -> PULLBACK -> FAKE_BREAKOUT -> PULLBACK -> ACCELERATION -> HEALTHY_TREND -> ACCELERATION -> HEALTHY_TREND -> PULLBACK -> ACCELERATION -> EXHAUSTION -> FAKE_BREAKOUT -> PULLBACK -> EXHAUSTION -> PULLBACK -> ACCELERATION -> PULLBACK -> EXHAUSTION -> ACCELERATION -> HEALTHY_TREND -> ACCELERATION -> HEALTHY_TREND -> WEAK_TREND -> PULLBACK -> HEALTHY_TREND -> PULLBACK -> EXHAUSTION -> EXIT,36,EXHAUSTION,5.1844
short_2026-06-05T100000_BUSDT,short,2026-06-05 10:00:00,BUSDT,EARLY_BREAKOUT -> WEAK_TREND -> EXHAUSTION -> ACCELERATION -> HEALTHY_TREND -> ACCELERATION -> WEAK_TREND -> ACCELERATION -> WEAK_TREND -> ACCELERATION -> WEAK_TREND -> PULLBACK -> EXHAUSTION -> FAKE_BREAKOUT -> ACCELERATION -> HEALTHY_TREND -> ACCELERATION -> HEALTHY_TREND -> WEAK_TREND -> ACCELERATION -> WEAK_TREND -> PULLBACK -> ACCELERATION -> PULLBACK -> ACCELERATION -> WEAK_TREND -> HEALTHY_TREND -> PULLBACK -> HEALTHY_TREND -> PULLBACK -> ACCELERATION -> PULLBACK -> EXIT,32,PULLBACK,6.8209
short_2026-06-05T100000_IOUSDT,short,2026-06-05 10:00:00,IOUSDT,EARLY_BREAKOUT -> WEAK_TREND -> ACCELERATION -> HEALTHY_TREND -> ACCELERATION -> HEALTHY_TREND -> ACCELERATION -> HEALTHY_TREND -> PULLBACK -> ACCELERATION -> HEALTHY_TREND -> PULLBACK -> ACCELERATION -> PULLBACK -> HEALTHY_TREND -> ACCELERATION -> PULLBACK -> ACCELERATION -> PULLBACK -> ACCELERATION -> PULLBACK -> ACCELERATION -> PULLBACK -> ACCELERATION -> PULLBACK -> ACCELERATION -> HEALTHY_TREND -> WEAK_TREND -> PULLBACK -> EXIT,29,PULLBACK,10.0
short_2026-06-05T100000_BSBUSDT,short,2026-06-05 10:00:00,BSBUSDT,EARLY_BREAKOUT -> ACCELERATION -> HEALTHY_TREND -> WEAK_TREND -> ACCELERATION -> HEALTHY_TREND -> WEAK_TREND -> PULLBACK -> HEALTHY_TREND -> EXHAUSTION -> ACCELERATION -> FAKE_BREAKOUT -> PULLBACK -> REVERSAL -> PULLBACK -> HEALTHY_TREND -> ACCELERATION -> HEALTHY_TREND -> PULLBACK -> ACCELERATION -> PULLBACK -> ACCELERATION -> PULLBACK -> ACCELERATION -> PULLBACK -> EXHAUSTION -> PULLBACK -> ACCELERATION -> WEAK_TREND -> PULLBACK -> ACCELERATION -> HEALTHY_TREND -> WEAK_TREND -> ACCELERATION -> WEAK_TREND -> PULLBACK -> EXIT,36,PULLBACK,6.4376
long_2026-06-05T120000_CLOUSDT,long,2026-06-05 12:00:00,CLOUSDT,EARLY_BREAKOUT -> ACCELERATION -> EARLY_BREAKOUT -> ACCELERATION -> HEALTHY_TREND -> PULLBACK -> ACCELERATION -> PULLBACK -> ACCELERATION -> HEALTHY_TREND -> ACCELERATION -> PULLBACK -> ACCELERATION -> HEALTHY_TREND -> PULLBACK -> ACCELERATION -> HEALTHY_TREND -> PULLBACK -> ACCELERATION -> PULLBACK -> ACCELERATION -> WEAK_TREND -> PULLBACK -> EXHAUSTION -> PULLBACK -> ACCELERATION -> PULLBACK -> ACCELERATION -> PULLBACK -> ACCELERATION -> PULLBACK -> EXIT,31,PULLBACK,25.8779
long_2026-06-05T120000_BEATUSDT,long,2026-06-05 12:00:00,BEATUSDT,EARLY_BREAKOUT -> ACCELERATION -> EARLY_BREAKOUT -> HEALTHY_TREND -> WEAK_TREND -> ACCELERATION -> PULLBACK -> FAKE_BREAKOUT -> ACCELERATION -> EXHAUSTION -> ACCELERATION -> PULLBACK -> EXHAUSTION -> ACCELERATION -> HEALTHY_TREND -> PULLBACK -> EXHAUSTION -> PULLBACK -> HEALTHY_TREND -> PULLBACK -> EXHAUSTION -> FAKE_BREAKOUT -> REVERSAL -> FAKE_BREAKOUT -> PULLBACK -> EXHAUSTION -> ACCELERATION -> HEALTHY_TREND -> FAKE_BREAKOUT -> PULLBACK -> FAKE_BREAKOUT -> ACCELERATION -> EXHAUSTION -> FAKE_BREAKOUT -> ACCELERATION -> FAKE_BREAKOUT -> ACCELERATION -> HEALTHY_TREND -> ACCELERATION -> WEAK_TREND -> ACCELERATION -> HEALTHY_TREND -> WEAK_TREND -> ACCELERATION -> EXIT,44,ACCELERATION,11.7973
long_2026-06-05T120000_KGENUSDT,long,2026-06-05 12:00:00,KGENUSDT,EARLY_BREAKOUT -> ACCELERATION -> EARLY_BREAKOUT -> HEALTHY_TREND -> WEAK_TREND -> ACCELERATION -> WEAK_TREND -> ACCELERATION -> EXHAUSTION -> PULLBACK -> FAKE_BREAKOUT -> REVERSAL -> FAKE_BREAKOUT -> REVERSAL -> FAKE_BREAKOUT -> REVERSAL -> FAKE_BREAKOUT -> REVERSAL -> FAKE_BREAKOUT -> REVERSAL -> FAKE_BREAKOUT -> REVERSAL -> FAKE_BREAKOUT -> PULLBACK -> ACCELERATION -> HEALTHY_TREND -> ACCELERATION -> HEALTHY_TREND -> ACCELERATION -> WEAK_TREND -> EXHAUSTION -> FAKE_BREAKOUT -> ACCELERATION -> HEALTHY_TREND -> EXIT,34,HEALTHY_TREND,4.2165
long_2026-06-05T120000_EPICUSDT,long,2026-06-05 12:00:00,EPICUSDT,EARLY_BREAKOUT -> ACCELERATION -> WEAK_TREND -> ACCELERATION -> WEAK_TREND -> PULLBACK -> REVERSAL -> PULLBACK -> ACCELERATION -> WEAK_TREND -> FAKE_BREAKOUT -> ACCELERATION -> PULLBACK -> ACCELERATION -> HEALTHY_TREND -> PULLBACK -> HEALTHY_TREND -> PULLBACK -> FAKE_BREAKOUT -> ACCELERATION -> WEAK_TREND -> ACCELERATION -> PULLBACK -> ACCELERATION -> PULLBACK -> EXHAUSTION -> PULLBACK -> EXHAUSTION -> FAKE_BREAKOUT -> REVERSAL -> EXIT,30,REVERSAL,-3.0568
long_2026-06-05T120000_CYSUSDT,long,2026-06-05 12:00:00,CYSUSDT,EARLY_BREAKOUT -> WEAK_TREND -> ACCELERATION -> WEAK_TREND -> HEALTHY_TREND -> WEAK_TREND -> ACCELERATION -> WEAK_TREND -> ACCELERATION -> WEAK_TREND -> EXHAUSTION -> PULLBACK -> REVERSAL -> PULLBACK -> EXHAUSTION -> ACCELERATION -> PULLBACK -> ACCELERATION -> HEALTHY_TREND -> WEAK_TREND -> ACCELERATION -> HEALTHY_TREND -> WEAK_TREND -> ACCELERATION -> WEAK_TREND -> ACCELERATION -> WEAK_TREND -> EXHAUSTION -> HEALTHY_TREND -> WEAK_TREND -> ACCELERATION -> HEALTHY_TREND -> WEAK_TREND -> ACCELERATION -> HEALTHY_TREND -> PULLBACK -> HEALTHY_TREND -> EXIT,37,HEALTHY_TREND,4.936
short_2026-06-05T120000_HEIUSDT,short,2026-06-05 12:00:00,HEIUSDT,EARLY_BREAKOUT -> FAKE_BREAKOUT -> ACCELERATION -> EXHAUSTION -> FAKE_BREAKOUT -> REVERSAL -> FAKE_BREAKOUT -> REVERSAL -> FAKE_BREAKOUT -> ACCELERATION -> FAKE_BREAKOUT -> REVERSAL -> ACCELERATION -> EXHAUSTION -> FAKE_BREAKOUT -> REVERSAL -> FAKE_BREAKOUT -> REVERSAL -> FAKE_BREAKOUT -> REVERSAL -> EXIT,20,REVERSAL,-0.2071
short_2026-06-05T120000_UBUSDT,short,2026-06-05 12:00:00,UBUSDT,EARLY_BREAKOUT -> ACCELERATION -> HEALTHY_TREND -> EXHAUSTION -> FAKE_BREAKOUT -> REVERSAL -> FAKE_BREAKOUT -> REVERSAL -> FAKE_BREAKOUT -> REVERSAL -> FAKE_BREAKOUT -> REVERSAL -> FAKE_BREAKOUT -> REVERSAL -> FAKE_BREAKOUT -> EXIT,15,FAKE_BREAKOUT,0.3099
short_2026-06-05T120000_MANTAUSDT,short,2026-06-05 12:00:00,MANTAUSDT,EARLY_BREAKOUT -> ACCELERATION -> HEALTHY_TREND -> EXHAUSTION -> HEALTHY_TREND -> EXHAUSTION -> PULLBACK -> ACCELERATION -> HEALTHY_TREND -> EXHAUSTION -> ACCELERATION -> WEAK_TREND -> ACCELERATION -> EXHAUSTION -> FAKE_BREAKOUT -> REVERSAL -> FAKE_BREAKOUT -> REVERSAL -> FAKE_BREAKOUT -> ACCELERATION -> FAKE_BREAKOUT -> ACCELERATION -> EXHAUSTION -> FAKE_BREAKOUT -> ACCELERATION -> EXHAUSTION -> ACCELERATION -> EXHAUSTION -> ACCELERATION -> HEALTHY_TREND -> EXIT,30,HEALTHY_TREND,5.3332
short_2026-06-05T120000_GENIUSUSDT,short,2026-06-05 12:00:00,GENIUSUSDT,EARLY_BREAKOUT -> ACCELERATION -> EARLY_BREAKOUT -> ACCELERATION -> HEALTHY_TREND -> EXHAUSTION -> HEALTHY_TREND -> FAKE_BREAKOUT -> REVERSAL -> FAKE_BREAKOUT -> REVERSAL -> ACCELERATION -> FAKE_BREAKOUT -> REVERSAL -> EXIT,14,REVERSAL,-1.6766
short_2026-06-05T120000_STGUSDT,short,2026-06-05 12:00:00,STGUSDT,EARLY_BREAKOUT -> WEAK_TREND -> ACCELERATION -> WEAK_TREND -> PULLBACK -> ACCELERATION -> PULLBACK -> ACCELERATION -> WEAK_TREND -> ACCELERATION -> FAKE_BREAKOUT -> REVERSAL -> EXIT,12,REVERSAL,-4.6481
long_2026-06-05T140000_CLOUSDT,long,2026-06-05 14:00:00,CLOUSDT,EARLY_BREAKOUT -> REVERSAL -> ACCELERATION -> EARLY_BREAKOUT -> ACCELERATION -> PULLBACK -> ACCELERATION -> HEALTHY_TREND -> FAKE_BREAKOUT -> ACCELERATION -> HEALTHY_TREND -> PULLBACK -> FAKE_BREAKOUT -> PULLBACK -> EXHAUSTION -> ACCELERATION -> PULLBACK -> ACCELERATION -> WEAK_TREND -> PULLBACK -> FAKE_BREAKOUT -> REVERSAL -> FAKE_BREAKOUT -> ACCELERATION -> REVERSAL -> ACCELERATION -> EXHAUSTION -> FAKE_BREAKOUT -> ACCELERATION -> FAKE_BREAKOUT -> ACCELERATION -> FAKE_BREAKOUT -> EXIT,32,FAKE_BREAKOUT,4.2353
long_2026-06-05T140000_BEATUSDT,long,2026-06-05 14:00:00,BEATUSDT,EARLY_BREAKOUT -> PULLBACK -> ACCELERATION -> PULLBACK -> ACCELERATION -> HEALTHY_TREND -> PULLBACK -> FAKE_BREAKOUT -> PULLBACK -> HEALTHY_TREND -> EXHAUSTION -> FAKE_BREAKOUT -> REVERSAL -> FAKE_BREAKOUT -> ACCELERATION -> HEALTHY_TREND -> FAKE_BREAKOUT -> PULLBACK -> FAKE_BREAKOUT -> REVERSAL -> FAKE_BREAKOUT -> ACCELERATION -> HEALTHY_TREND -> ACCELERATION -> WEAK_TREND -> ACCELERATION -> HEALTHY_TREND -> WEAK_TREND -> ACCELERATION -> WEAK_TREND -> ACCELERATION -> WEAK_TREND -> PULLBACK -> EXIT,33,PULLBACK,7.292
long_2026-06-05T140000_OPNUSDT,long,2026-06-05 14:00:00,OPNUSDT,EARLY_BREAKOUT -> REVERSAL -> ACCELERATION -> HEALTHY_TREND -> ACCELERATION -> HEALTHY_TREND -> PULLBACK -> EXHAUSTION -> PULLBACK -> ACCELERATION -> PULLBACK -> EXHAUSTION -> FAKE_BREAKOUT -> REVERSAL -> EXIT,14,REVERSAL,-37.5904
long_2026-06-05T140000_UBUSDT,long,2026-06-05 14:00:00,UBUSDT,EARLY_BREAKOUT -> REVERSAL -> ACCELERATION -> EARLY_BREAKOUT -> REVERSAL -> ACCELERATION -> EXHAUSTION -> FAKE_BREAKOUT -> REVERSAL -> HEALTHY_TREND -> EXHAUSTION -> ACCELERATION -> HEALTHY_TREND -> PULLBACK -> FAKE_BREAKOUT -> PULLBACK -> FAKE_BREAKOUT -> REVERSAL -> FAKE_BREAKOUT -> REVERSAL -> EXIT,20,REVERSAL,-6.1113
long_2026-06-05T140000_HEIUSDT,long,2026-06-05 14:00:00,HEIUSDT,EARLY_BREAKOUT -> REVERSAL -> FAKE_BREAKOUT -> REVERSAL -> FAKE_BREAKOUT -> HEALTHY_TREND -> FAKE_BREAKOUT -> ACCELERATION -> FAKE_BREAKOUT -> REVERSAL -> EXIT,10,REVERSAL,-4.8806
short_2026-06-05T140000_MYXUSDT,short,2026-06-05 14:00:00,MYXUSDT,EARLY_BREAKOUT -> ACCELERATION -> HEALTHY_TREND -> ACCELERATION -> PULLBACK -> ACCELERATION -> PULLBACK -> EXHAUSTION -> PULLBACK -> EXHAUSTION -> ACCELERATION -> PULLBACK -> ACCELERATION -> PULLBACK -> ACCELERATION -> PULLBACK -> ACCELERATION -> PULLBACK -> ACCELERATION -> WEAK_TREND -> PULLBACK -> ACCELERATION -> WEAK_TREND -> ACCELERATION -> WEAK_TREND -> ACCELERATION -> HEALTHY_TREND -> ACCELERATION -> HEALTHY_TREND -> WEAK_TREND -> PULLBACK -> EXIT,31,PULLBACK,15.6262
short_2026-06-05T140000_XPLUSDT,short,2026-06-05 14:00:00,XPLUSDT,EARLY_BREAKOUT -> WEAK_TREND -> ACCELERATION -> EARLY_BREAKOUT -> HEALTHY_TREND -> PULLBACK -> ACCELERATION -> PULLBACK -> EXHAUSTION -> PULLBACK -> ACCELERATION -> HEALTHY_TREND -> PULLBACK -> EXHAUSTION -> ACCELERATION -> PULLBACK -> ACCELERATION -> WEAK_TREND -> ACCELERATION -> WEAK_TREND -> ACCELERATION -> HEALTHY_TREND -> WEAK_TREND -> PULLBACK -> HEALTHY_TREND -> ACCELERATION -> PULLBACK -> ACCELERATION -> HEALTHY_TREND -> ACCELERATION -> HEALTHY_TREND -> PULLBACK -> HEALTHY_TREND -> PULLBACK -> EXIT,34,PULLBACK,16.5025
short_2026-06-05T140000_LIGHTUSDT,short,2026-06-05 14:00:00,LIGHTUSDT,EARLY_BREAKOUT -> WEAK_TREND -> ACCELERATION -> EARLY_BREAKOUT -> ACCELERATION -> EXHAUSTION -> ACCELERATION -> EXHAUSTION -> ACCELERATION -> PULLBACK -> ACCELERATION -> PULLBACK -> EXHAUSTION -> PULLBACK -> ACCELERATION -> PULLBACK -> ACCELERATION -> PULLBACK -> ACCELERATION -> PULLBACK -> ACCELERATION -> PULLBACK -> ACCELERATION -> PULLBACK -> ACCELERATION -> HEALTHY_TREND -> ACCELERATION -> HEALTHY_TREND -> ACCELERATION -> WEAK_TREND -> ACCELERATION -> PULLBACK -> HEALTHY_TREND -> EXIT,33,HEALTHY_TREND,11.0155
short_2026-06-05T140000_DYDXUSDT,short,2026-06-05 14:00:00,DYDXUSDT,EARLY_BREAKOUT -> WEAK_TREND -> ACCELERATION -> EARLY_BREAKOUT -> ACCELERATION -> HEALTHY_TREND -> PULLBACK -> ACCELERATION -> PULLBACK -> ACCELERATION -> PULLBACK -> ACCELERATION -> PULLBACK -> ACCELERATION -> WEAK_TREND -> ACCELERATION -> WEAK_TREND -> PULLBACK -> ACCELERATION -> PULLBACK -> ACCELERATION -> WEAK_TREND -> ACCELERATION -> WEAK_TREND -> PULLBACK -> ACCELERATION -> HEALTHY_TREND -> PULLBACK -> ACCELERATION -> EXIT,29,ACCELERATION,11.0426
short_2026-06-05T140000_KGENUSDT,short,2026-06-05 14:00:00,KGENUSDT,EARLY_BREAKOUT -> WEAK_TREND -> ACCELERATION -> HEALTHY_TREND -> WEAK_TREND -> ACCELERATION -> PULLBACK -> EXHAUSTION -> ACCELERATION -> EXHAUSTION -> PULLBACK -> HEALTHY_TREND -> PULLBACK -> ACCELERATION -> PULLBACK -> HEALTHY_TREND -> PULLBACK -> EXHAUSTION -> FAKE_BREAKOUT -> REVERSAL -> FAKE_BREAKOUT -> ACCELERATION -> EXHAUSTION -> ACCELERATION -> FAKE_BREAKOUT -> REVERSAL -> FAKE_BREAKOUT -> REVERSAL -> FAKE_BREAKOUT -> EXIT,29,FAKE_BREAKOUT,0.6053
long_2026-06-05T160000_OPNUSDT,long,2026-06-05 16:00:00,OPNUSDT,EARLY_BREAKOUT -> ACCELERATION -> EARLY_BREAKOUT -> PULLBACK -> EXHAUSTION -> PULLBACK -> ACCELERATION -> PULLBACK -> EXHAUSTION -> FAKE_BREAKOUT -> REVERSAL -> EXIT,11,REVERSAL,-7.4534
long_2026-06-05T160000_STGUSDT,long,2026-06-05 16:00:00,STGUSDT,EARLY_BREAKOUT -> ACCELERATION -> EARLY_BREAKOUT -> ACCELERATION -> PULLBACK -> HEALTHY_TREND -> WEAK_TREND -> PULLBACK -> ACCELERATION -> PULLBACK -> FAKE_BREAKOUT -> PULLBACK -> FAKE_BREAKOUT -> ACCELERATION -> PULLBACK -> EXHAUSTION -> ACCELERATION -> PULLBACK -> ACCELERATION -> PULLBACK -> ACCELERATION -> EXHAUSTION -> FAKE_BREAKOUT -> ACCELERATION -> FAKE_BREAKOUT -> ACCELERATION -> EXHAUSTION -> ACCELERATION -> EXHAUSTION -> ACCELERATION -> HEALTHY_TREND -> PULLBACK -> EXHAUSTION -> PULLBACK -> EXHAUSTION -> PULLBACK -> FAKE_BREAKOUT -> EXIT,37,FAKE_BREAKOUT,1.9625
long_2026-06-05T160000_APRUSDT,long,2026-06-05 16:00:00,APRUSDT,EARLY_BREAKOUT -> ACCELERATION -> WEAK_TREND -> ACCELERATION -> WEAK_TREND -> HEALTHY_TREND -> WEAK_TREND -> PULLBACK -> FAKE_BREAKOUT -> PULLBACK -> ACCELERATION -> WEAK_TREND -> ACCELERATION -> PULLBACK -> HEALTHY_TREND -> WEAK_TREND -> ACCELERATION -> PULLBACK -> EXHAUSTION -> PULLBACK -> EXHAUSTION -> PULLBACK -> ACCELERATION -> PULLBACK -> ACCELERATION -> WEAK_TREND -> PULLBACK -> EXHAUSTION -> ACCELERATION -> HEALTHY_TREND -> WEAK_TREND -> HEALTHY_TREND -> WEAK_TREND -> ACCELERATION -> WEAK_TREND -> ACCELERATION -> WEAK_TREND -> EXIT,37,WEAK_TREND,7.5408
long_2026-06-05T160000_TAUSDT,long,2026-06-05 16:00:00,TAUSDT,EARLY_BREAKOUT -> ACCELERATION -> WEAK_TREND -> ACCELERATION -> FAKE_BREAKOUT -> HEALTHY_TREND -> EXHAUSTION -> FAKE_BREAKOUT -> REVERSAL -> FAKE_BREAKOUT -> REVERSAL -> EXIT,11,REVERSAL,-3.6754
long_2026-06-05T160000_SOONUSDT,long,2026-06-05 16:00:00,SOONUSDT,EARLY_BREAKOUT -> ACCELERATION -> HEALTHY_TREND -> WEAK_TREND -> EXHAUSTION -> ACCELERATION -> WEAK_TREND -> ACCELERATION -> HEALTHY_TREND -> ACCELERATION -> HEALTHY_TREND -> WEAK_TREND -> ACCELERATION -> PULLBACK -> EXHAUSTION -> FAKE_BREAKOUT -> PULLBACK -> ACCELERATION -> PULLBACK -> ACCELERATION -> WEAK_TREND -> PULLBACK -> ACCELERATION -> HEALTHY_TREND -> WEAK_TREND -> EXHAUSTION -> PULLBACK -> EXHAUSTION -> FAKE_BREAKOUT -> ACCELERATION -> PULLBACK -> FAKE_BREAKOUT -> REVERSAL -> FAKE_BREAKOUT -> REVERSAL -> EXIT,35,REVERSAL,-1.8717
short_2026-06-05T160000_ONUSDT,short,2026-06-05 16:00:00,ONUSDT,EARLY_BREAKOUT -> PULLBACK -> EXHAUSTION -> ACCELERATION -> EXHAUSTION -> FAKE_BREAKOUT -> ACCELERATION -> PULLBACK -> EXHAUSTION -> ACCELERATION -> WEAK_TREND -> ACCELERATION -> HEALTHY_TREND -> ACCELERATION -> HEALTHY_TREND -> ACCELERATION -> WEAK_TREND -> HEALTHY_TREND -> ACCELERATION -> HEALTHY_TREND -> PULLBACK -> EXHAUSTION -> FAKE_BREAKOUT -> PULLBACK -> EXHAUSTION -> ACCELERATION -> EXHAUSTION -> ACCELERATION -> EXHAUSTION -> ACCELERATION -> PULLBACK -> ACCELERATION -> HEALTHY_TREND -> ACCELERATION -> EXIT,34,ACCELERATION,9.2847
short_2026-06-05T160000_AIOUSDT,short,2026-06-05 16:00:00,AIOUSDT,EARLY_BREAKOUT -> PULLBACK -> EXHAUSTION -> ACCELERATION -> FAKE_BREAKOUT -> PULLBACK -> EXHAUSTION -> FAKE_BREAKOUT -> ACCELERATION -> EXHAUSTION -> ACCELERATION -> FAKE_BREAKOUT -> PULLBACK -> FAKE_BREAKOUT -> ACCELERATION -> WEAK_TREND -> ACCELERATION -> PULLBACK -> FAKE_BREAKOUT -> REVERSAL -> FAKE_BREAKOUT -> REVERSAL -> EXIT,22,REVERSAL,-1.0614
short_2026-06-05T160000_CUSDT,short,2026-06-05 16:00:00,CUSDT,EARLY_BREAKOUT -> FAKE_BREAKOUT -> ACCELERATION -> EXHAUSTION -> FAKE_BREAKOUT -> ACCELERATION -> HEALTHY_TREND -> FAKE_BREAKOUT -> REVERSAL -> FAKE_BREAKOUT -> ACCELERATION -> FAKE_BREAKOUT -> REVERSAL -> FAKE_BREAKOUT -> REVERSAL -> FAKE_BREAKOUT -> REVERSAL -> FAKE_BREAKOUT -> PULLBACK -> ACCELERATION -> FAKE_BREAKOUT -> PULLBACK -> EXHAUSTION -> ACCELERATION -> PULLBACK -> FAKE_BREAKOUT -> ACCELERATION -> EXIT,27,ACCELERATION,3.4184
short_2026-06-05T160000_BANUSDT,short,2026-06-05 16:00:00,BANUSDT,EARLY_BREAKOUT -> ACCELERATION -> WEAK_TREND -> EXHAUSTION -> HEALTHY_TREND -> ACCELERATION -> EXHAUSTION -> ACCELERATION -> EXHAUSTION -> FAKE_BREAKOUT -> ACCELERATION -> EXHAUSTION -> ACCELERATION -> FAKE_BREAKOUT -> REVERSAL -> ACCELERATION -> HEALTHY_TREND -> PULLBACK -> ACCELERATION -> PULLBACK -> ACCELERATION -> WEAK_TREND -> ACCELERATION -> PULLBACK -> FAKE_BREAKOUT -> ACCELERATION -> PULLBACK -> ACCELERATION -> HEALTHY_TREND -> ACCELERATION -> HEALTHY_TREND -> EXIT,31,HEALTHY_TREND,12.7082
short_2026-06-05T160000_HEIUSDT,short,2026-06-05 16:00:00,HEIUSDT,EARLY_BREAKOUT -> ACCELERATION -> FAKE_BREAKOUT -> ACCELERATION -> WEAK_TREND -> PULLBACK -> FAKE_BREAKOUT -> REVERSAL -> FAKE_BREAKOUT -> ACCELERATION -> FAKE_BREAKOUT -> ACCELERATION -> PULLBACK -> FAKE_BREAKOUT -> ACCELERATION -> FAKE_BREAKOUT -> PULLBACK -> FAKE_BREAKOUT -> PULLBACK -> FAKE_BREAKOUT -> EXIT,20,FAKE_BREAKOUT,0.7138
long_2026-06-05T180000_HUSDT,long,2026-06-05 18:00:00,HUSDT,EARLY_BREAKOUT -> ACCELERATION -> PULLBACK -> ACCELERATION -> EXHAUSTION -> FAKE_BREAKOUT -> ACCELERATION -> PULLBACK -> FAKE_BREAKOUT -> PULLBACK -> FAKE_BREAKOUT -> ACCELERATION -> FAKE_BREAKOUT -> REVERSAL -> FAKE_BREAKOUT -> REVERSAL -> FAKE_BREAKOUT -> PULLBACK -> FAKE_BREAKOUT -> ACCELERATION -> FAKE_BREAKOUT -> ACCELERATION -> FAKE_BREAKOUT -> ACCELERATION -> FAKE_BREAKOUT -> EXIT,25,FAKE_BREAKOUT,3.4576
long_2026-06-05T180000_BEATUSDT,long,2026-06-05 18:00:00,BEATUSDT,EARLY_BREAKOUT -> ACCELERATION -> WEAK_TREND -> ACCELERATION -> HEALTHY_TREND -> PULLBACK -> HEALTHY_TREND -> PULLBACK -> ACCELERATION -> PULLBACK -> ACCELERATION -> EXHAUSTION -> PULLBACK -> ACCELERATION -> HEALTHY_TREND -> ACCELERATION -> WEAK_TREND -> ACCELERATION -> HEALTHY_TREND -> WEAK_TREND -> ACCELERATION -> WEAK_TREND -> ACCELERATION -> WEAK_TREND -> PULLBACK -> ACCELERATION -> PULLBACK -> ACCELERATION -> PULLBACK -> EXHAUSTION -> ACCELERATION -> PULLBACK -> ACCELERATION -> HEALTHY_TREND -> ACCELERATION -> WEAK_TREND -> ACCELERATION -> EXIT,37,ACCELERATION,16.9497
long_2026-06-05T180000_CUSDT,long,2026-06-05 18:00:00,CUSDT,EARLY_BREAKOUT -> ACCELERATION -> EARLY_BREAKOUT -> WEAK_TREND -> PULLBACK -> EXHAUSTION -> FAKE_BREAKOUT -> ACCELERATION -> PULLBACK -> EXHAUSTION -> ACCELERATION -> EXHAUSTION -> FAKE_BREAKOUT -> PULLBACK -> FAKE_BREAKOUT -> ACCELERATION -> EXHAUSTION -> ACCELERATION -> FAKE_BREAKOUT -> PULLBACK -> FAKE_BREAKOUT -> REVERSAL -> FAKE_BREAKOUT -> ACCELERATION -> FAKE_BREAKOUT -> REVERSAL -> FAKE_BREAKOUT -> ACCELERATION -> EXIT,28,ACCELERATION,2.6328
long_2026-06-05T180000_SKYAIUSDT,long,2026-06-05 18:00:00,SKYAIUSDT,EARLY_BREAKOUT -> ACCELERATION -> HEALTHY_TREND -> ACCELERATION -> PULLBACK -> ACCELERATION -> HEALTHY_TREND -> PULLBACK -> ACCELERATION -> HEALTHY_TREND -> WEAK_TREND -> ACCELERATION -> HEALTHY_TREND -> WEAK_TREND -> ACCELERATION -> WEAK_TREND -> ACCELERATION -> WEAK_TREND -> ACCELERATION -> PULLBACK -> ACCELERATION -> PULLBACK -> ACCELERATION -> PULLBACK -> EXHAUSTION -> PULLBACK -> EXHAUSTION -> ACCELERATION -> EXHAUSTION -> ACCELERATION -> PULLBACK -> ACCELERATION -> PULLBACK -> ACCELERATION -> PULLBACK -> ACCELERATION -> EXIT,36,ACCELERATION,8.8743
long_2026-06-05T180000_WLDUSDT,long,2026-06-05 18:00:00,WLDUSDT,EARLY_BREAKOUT -> ACCELERATION -> HEALTHY_TREND -> ACCELERATION -> HEALTHY_TREND -> EXHAUSTION -> PULLBACK -> REVERSAL -> FAKE_BREAKOUT -> REVERSAL -> FAKE_BREAKOUT -> REVERSAL -> FAKE_BREAKOUT -> REVERSAL -> FAKE_BREAKOUT -> REVERSAL -> EXIT,16,REVERSAL,-3.5438
short_2026-06-05T180000_AIAUSDT,short,2026-06-05 18:00:00,AIAUSDT,EARLY_BREAKOUT -> ACCELERATION -> WEAK_TREND -> PULLBACK -> HEALTHY_TREND -> ACCELERATION -> HEALTHY_TREND -> PULLBACK -> ACCELERATION -> HEALTHY_TREND -> WEAK_TREND -> ACCELERATION -> WEAK_TREND -> PULLBACK -> ACCELERATION -> PULLBACK -> ACCELERATION -> PULLBACK -> ACCELERATION -> WEAK_TREND -> PULLBACK -> ACCELERATION -> WEAK_TREND -> PULLBACK -> HEALTHY_TREND -> PULLBACK -> ACCELERATION -> WEAK_TREND -> ACCELERATION -> HEALTHY_TREND -> WEAK_TREND -> PULLBACK -> EXIT,32,PULLBACK,7.7327
short_2026-06-05T180000_ESPUSDT,short,2026-06-05 18:00:00,ESPUSDT,EARLY_BREAKOUT -> WEAK_TREND -> ACCELERATION -> HEALTHY_TREND -> ACCELERATION -> HEALTHY_TREND -> WEAK_TREND -> PULLBACK -> EXHAUSTION -> FAKE_BREAKOUT -> REVERSAL -> FAKE_BREAKOUT -> REVERSAL -> FAKE_BREAKOUT -> REVERSAL -> FAKE_BREAKOUT -> REVERSAL -> EXIT,17,REVERSAL,-4.3006
short_2026-06-05T180000_MUSDT,short,2026-06-05 18:00:00,MUSDT,EARLY_BREAKOUT -> WEAK_TREND -> ACCELERATION -> HEALTHY_TREND -> ACCELERATION -> PULLBACK -> ACCELERATION -> WEAK_TREND -> ACCELERATION -> WEAK_TREND -> ACCELERATION -> WEAK_TREND -> ACCELERATION -> HEALTHY_TREND -> PULLBACK -> ACCELERATION -> HEALTHY_TREND -> ACCELERATION -> WEAK_TREND -> ACCELERATION -> WEAK_TREND -> HEALTHY_TREND -> WEAK_TREND -> HEALTHY_TREND -> WEAK_TREND -> ACCELERATION -> WEAK_TREND -> ACCELERATION -> WEAK_TREND -> ACCELERATION -> HEALTHY_TREND -> ACCELERATION -> WEAK_TREND -> ACCELERATION -> PULLBACK -> HEALTHY_TREND -> PULLBACK -> EXIT,37,PULLBACK,11.2457
short_2026-06-05T180000_UBUSDT,short,2026-06-05 18:00:00,UBUSDT,EARLY_BREAKOUT -> ACCELERATION -> WEAK_TREND -> ACCELERATION -> HEALTHY_TREND -> WEAK_TREND -> ACCELERATION -> EXHAUSTION -> HEALTHY_TREND -> ACCELERATION -> WEAK_TREND -> PULLBACK -> ACCELERATION -> HEALTHY_TREND -> ACCELERATION -> WEAK_TREND -> ACCELERATION -> PULLBACK -> ACCELERATION -> PULLBACK -> ACCELERATION -> HEALTHY_TREND -> ACCELERATION -> HEALTHY_TREND -> WEAK_TREND -> ACCELERATION -> HEALTHY_TREND -> ACCELERATION -> HEALTHY_TREND -> ACCELERATION -> WEAK_TREND -> ACCELERATION -> HEALTHY_TREND -> ACCELERATION -> WEAK_TREND -> ACCELERATION -> WEAK_TREND -> PULLBACK -> ACCELERATION -> EXIT,39,ACCELERATION,11.1727
short_2026-06-05T180000_APRUSDT,short,2026-06-05 18:00:00,APRUSDT,EARLY_BREAKOUT -> ACCELERATION -> EARLY_BREAKOUT -> EXHAUSTION -> REVERSAL -> FAKE_BREAKOUT -> REVERSAL -> FAKE_BREAKOUT -> REVERSAL -> EXIT,9,REVERSAL,-3.9638
long_2026-06-05T200000_APRUSDT,long,2026-06-05 20:00:00,APRUSDT,EARLY_BREAKOUT -> ACCELERATION -> WEAK_TREND -> ACCELERATION -> FAKE_BREAKOUT -> REVERSAL -> ACCELERATION -> PULLBACK -> ACCELERATION -> WEAK_TREND -> FAKE_BREAKOUT -> PULLBACK -> FAKE_BREAKOUT -> REVERSAL -> ACCELERATION -> HEALTHY_TREND -> WEAK_TREND -> HEALTHY_TREND -> WEAK_TREND -> ACCELERATION -> WEAK_TREND -> ACCELERATION -> WEAK_TREND -> ACCELERATION -> WEAK_TREND -> ACCELERATION -> WEAK_TREND -> ACCELERATION -> WEAK_TREND -> HEALTHY_TREND -> WEAK_TREND -> HEALTHY_TREND -> ACCELERATION -> WEAK_TREND -> HEALTHY_TREND -> WEAK_TREND -> EXIT,36,WEAK_TREND,3.2479
long_2026-06-05T200000_ARCUSDT,long,2026-06-05 20:00:00,ARCUSDT,EARLY_BREAKOUT -> ACCELERATION -> HEALTHY_TREND -> PULLBACK -> EXHAUSTION -> PULLBACK -> ACCELERATION -> HEALTHY_TREND -> ACCELERATION -> WEAK_TREND -> EXHAUSTION -> ACCELERATION -> WEAK_TREND -> ACCELERATION -> HEALTHY_TREND -> EXHAUSTION -> PULLBACK -> HEALTHY_TREND -> EXHAUSTION -> ACCELERATION -> WEAK_TREND -> PULLBACK -> ACCELERATION -> HEALTHY_TREND -> ACCELERATION -> HEALTHY_TREND -> PULLBACK -> ACCELERATION -> WEAK_TREND -> ACCELERATION -> WEAK_TREND -> ACCELERATION -> HEALTHY_TREND -> WEAK_TREND -> ACCELERATION -> WEAK_TREND -> PULLBACK -> HEALTHY_TREND -> PULLBACK -> EXIT,39,PULLBACK,10.5335
long_2026-06-05T200000_HEIUSDT,long,2026-06-05 20:00:00,HEIUSDT,EARLY_BREAKOUT -> REVERSAL -> ACCELERATION -> EXHAUSTION -> ACCELERATION -> HEALTHY_TREND -> PULLBACK -> ACCELERATION -> PULLBACK -> EXHAUSTION -> FAKE_BREAKOUT -> REVERSAL -> FAKE_BREAKOUT -> REVERSAL -> FAKE_BREAKOUT -> REVERSAL -> FAKE_BREAKOUT -> REVERSAL -> FAKE_BREAKOUT -> REVERSAL -> FAKE_BREAKOUT -> REVERSAL -> FAKE_BREAKOUT -> REVERSAL -> FAKE_BREAKOUT -> REVERSAL -> FAKE_BREAKOUT -> EXIT,27,FAKE_BREAKOUT,0.4255
long_2026-06-05T200000_SKYAIUSDT,long,2026-06-05 20:00:00,SKYAIUSDT,EARLY_BREAKOUT -> ACCELERATION -> EARLY_BREAKOUT -> HEALTHY_TREND -> WEAK_TREND -> ACCELERATION -> HEALTHY_TREND -> WEAK_TREND -> ACCELERATION -> WEAK_TREND -> ACCELERATION -> WEAK_TREND -> ACCELERATION -> PULLBACK -> EXHAUSTION -> PULLBACK -> EXHAUSTION -> ACCELERATION -> PULLBACK -> ACCELERATION -> PULLBACK -> EXHAUSTION -> PULLBACK -> FAKE_BREAKOUT -> ACCELERATION -> FAKE_BREAKOUT -> ACCELERATION -> PULLBACK -> ACCELERATION -> PULLBACK -> ACCELERATION -> PULLBACK -> ACCELERATION -> PULLBACK -> ACCELERATION -> WEAK_TREND -> PULLBACK -> EXHAUSTION -> EXIT,38,EXHAUSTION,2.9218
long_2026-06-05T200000_AIOUSDT,long,2026-06-05 20:00:00,AIOUSDT,EARLY_BREAKOUT -> WEAK_TREND -> ACCELERATION -> HEALTHY_TREND -> WEAK_TREND -> ACCELERATION -> HEALTHY_TREND -> ACCELERATION -> WEAK_TREND -> REVERSAL -> ACCELERATION -> HEALTHY_TREND -> WEAK_TREND -> PULLBACK -> ACCELERATION -> HEALTHY_TREND -> ACCELERATION -> PULLBACK -> HEALTHY_TREND -> PULLBACK -> ACCELERATION -> HEALTHY_TREND -> PULLBACK -> ACCELERATION -> HEALTHY_TREND -> ACCELERATION -> WEAK_TREND -> ACCELERATION -> HEALTHY_TREND -> WEAK_TREND -> ACCELERATION -> HEALTHY_TREND -> PULLBACK -> ACCELERATION -> PULLBACK -> EXIT,35,PULLBACK,13.4903
short_2026-06-05T200000_HOLOUSDT,short,2026-06-05 20:00:00,HOLOUSDT,EARLY_BREAKOUT -> ACCELERATION -> HEALTHY_TREND -> WEAK_TREND -> EXHAUSTION -> FAKE_BREAKOUT -> ACCELERATION -> FAKE_BREAKOUT -> PULLBACK -> ACCELERATION -> EXHAUSTION -> FAKE_BREAKOUT -> ACCELERATION -> HEALTHY_TREND -> ACCELERATION -> HEALTHY_TREND -> PULLBACK -> HEALTHY_TREND -> PULLBACK -> ACCELERATION -> PULLBACK -> ACCELERATION -> HEALTHY_TREND -> WEAK_TREND -> ACCELERATION -> EXIT,25,ACCELERATION,10.0463
short_2026-06-05T200000_AINUSDT,short,2026-06-05 20:00:00,AINUSDT,EARLY_BREAKOUT -> ACCELERATION -> WEAK_TREND -> PULLBACK -> ACCELERATION -> WEAK_TREND -> ACCELERATION -> WEAK_TREND -> ACCELERATION -> WEAK_TREND -> ACCELERATION -> HEALTHY_TREND -> WEAK_TREND -> ACCELERATION -> WEAK_TREND -> PULLBACK -> FAKE_BREAKOUT -> PULLBACK -> ACCELERATION -> PULLBACK -> ACCELERATION -> HEALTHY_TREND -> WEAK_TREND -> ACCELERATION -> PULLBACK -> ACCELERATION -> PULLBACK -> ACCELERATION -> EXIT,28,ACCELERATION,9.4971
short_2026-06-05T200000_EPICUSDT,short,2026-06-05 20:00:00,EPICUSDT,EARLY_BREAKOUT -> ACCELERATION -> WEAK_TREND -> ACCELERATION -> PULLBACK -> HEALTHY_TREND -> PULLBACK -> HEALTHY_TREND -> ACCELERATION -> PULLBACK -> ACCELERATION -> PULLBACK -> ACCELERATION -> WEAK_TREND -> PULLBACK -> EXHAUSTION -> FAKE_BREAKOUT -> REVERSAL -> FAKE_BREAKOUT -> REVERSAL -> FAKE_BREAKOUT -> ACCELERATION -> PULLBACK -> EXHAUSTION -> FAKE_BREAKOUT -> ACCELERATION -> PULLBACK -> EXHAUSTION -> ACCELERATION -> PULLBACK -> ACCELERATION -> PULLBACK -> ACCELERATION -> PULLBACK -> EXIT,34,PULLBACK,10.4471
short_2026-06-05T200000_WLDUSDT,short,2026-06-05 20:00:00,WLDUSDT,EARLY_BREAKOUT -> EXHAUSTION -> ACCELERATION -> HEALTHY_TREND -> WEAK_TREND -> ACCELERATION -> EXHAUSTION -> ACCELERATION -> EXHAUSTION -> PULLBACK -> ACCELERATION -> EXHAUSTION -> FAKE_BREAKOUT -> PULLBACK -> ACCELERATION -> HEALTHY_TREND -> PULLBACK -> EXHAUSTION -> FAKE_BREAKOUT -> PULLBACK -> FAKE_BREAKOUT -> PULLBACK -> EXHAUSTION -> FAKE_BREAKOUT -> PULLBACK -> ACCELERATION -> PULLBACK -> EXHAUSTION -> PULLBACK -> EXHAUSTION -> PULLBACK -> EXHAUSTION -> ACCELERATION -> PULLBACK -> EXHAUSTION -> FAKE_BREAKOUT -> EXIT,36,FAKE_BREAKOUT,2.9728
short_2026-06-05T200000_OPNUSDT,short,2026-06-05 20:00:00,OPNUSDT,EARLY_BREAKOUT -> ACCELERATION -> EARLY_BREAKOUT -> ACCELERATION -> PULLBACK -> ACCELERATION -> PULLBACK -> ACCELERATION -> HEALTHY_TREND -> ACCELERATION -> PULLBACK -> ACCELERATION -> HEALTHY_TREND -> WEAK_TREND -> ACCELERATION -> WEAK_TREND -> ACCELERATION -> WEAK_TREND -> ACCELERATION -> WEAK_TREND -> PULLBACK -> FAKE_BREAKOUT -> REVERSAL -> FAKE_BREAKOUT -> EXIT,24,FAKE_BREAKOUT,3.0176
long_2026-06-05T220000_BEATUSDT,long,2026-06-05 22:00:00,BEATUSDT,EARLY_BREAKOUT -> ACCELERATION -> EARLY_BREAKOUT -> ACCELERATION -> HEALTHY_TREND -> WEAK_TREND -> ACCELERATION -> WEAK_TREND -> ACCELERATION -> WEAK_TREND -> PULLBACK -> ACCELERATION -> PULLBACK -> ACCELERATION -> PULLBACK -> EXHAUSTION -> FAKE_BREAKOUT -> ACCELERATION -> PULLBACK -> ACCELERATION -> HEALTHY_TREND -> ACCELERATION -> WEAK_TREND -> ACCELERATION -> WEAK_TREND -> ACCELERATION -> WEAK_TREND -> ACCELERATION -> WEAK_TREND -> ACCELERATION -> HEALTHY_TREND -> REVERSAL -> FAKE_BREAKOUT -> EXIT,33,FAKE_BREAKOUT,4.8396
long_2026-06-05T220000_CLOUSDT,long,2026-06-05 22:00:00,CLOUSDT,EARLY_BREAKOUT -> WEAK_TREND -> FAKE_BREAKOUT -> ACCELERATION -> PULLBACK -> FAKE_BREAKOUT -> ACCELERATION -> FAKE_BREAKOUT -> ACCELERATION -> HEALTHY_TREND -> PULLBACK -> ACCELERATION -> WEAK_TREND -> ACCELERATION -> HEALTHY_TREND -> PULLBACK -> FAKE_BREAKOUT -> ACCELERATION -> HEALTHY_TREND -> PULLBACK -> FAKE_BREAKOUT -> ACCELERATION -> HEALTHY_TREND -> PULLBACK -> EXIT,24,PULLBACK,7.5079
long_2026-06-05T220000_ESPUSDT,long,2026-06-05 22:00:00,ESPUSDT,EARLY_BREAKOUT -> ACCELERATION -> WEAK_TREND -> EXHAUSTION -> ACCELERATION -> WEAK_TREND -> ACCELERATION -> WEAK_TREND -> EXHAUSTION -> ACCELERATION -> PULLBACK -> FAKE_BREAKOUT -> ACCELERATION -> HEALTHY_TREND -> WEAK_TREND -> ACCELERATION -> HEALTHY_TREND -> FAKE_BREAKOUT -> PULLBACK -> FAKE_BREAKOUT -> ACCELERATION -> HEALTHY_TREND -> ACCELERATION -> WEAK_TREND -> ACCELERATION -> HEALTHY_TREND -> WEAK_TREND -> HEALTHY_TREND -> PULLBACK -> EXHAUSTION -> PULLBACK -> ACCELERATION -> HEALTHY_TREND -> WEAK_TREND -> HEALTHY_TREND -> EXIT,35,HEALTHY_TREND,4.7091
long_2026-06-05T220000_GLMUSDT,long,2026-06-05 22:00:00,GLMUSDT,EARLY_BREAKOUT -> ACCELERATION -> WEAK_TREND -> EXHAUSTION -> FAKE_BREAKOUT -> PULLBACK -> FAKE_BREAKOUT -> REVERSAL -> EXIT,8,REVERSAL,-2.8503
long_2026-06-05T220000_ENAUSDT,long,2026-06-05 22:00:00,ENAUSDT,EARLY_BREAKOUT -> ACCELERATION -> WEAK_TREND -> FAKE_BREAKOUT -> PULLBACK -> EXHAUSTION -> FAKE_BREAKOUT -> REVERSAL -> ACCELERATION -> HEALTHY_TREND -> WEAK_TREND -> ACCELERATION -> HEALTHY_TREND -> EXHAUSTION -> FAKE_BREAKOUT -> REVERSAL -> FAKE_BREAKOUT -> PULLBACK -> ACCELERATION -> HEALTHY_TREND -> ACCELERATION -> HEALTHY_TREND -> ACCELERATION -> PULLBACK -> ACCELERATION -> PULLBACK -> EXIT,26,PULLBACK,8.4732
short_2026-06-05T220000_LAUSDT,short,2026-06-05 22:00:00,LAUSDT,EARLY_BREAKOUT -> ACCELERATION -> HEALTHY_TREND -> ACCELERATION -> PULLBACK -> ACCELERATION -> HEALTHY_TREND -> PULLBACK -> ACCELERATION -> WEAK_TREND -> ACCELERATION -> PULLBACK -> ACCELERATION -> WEAK_TREND -> ACCELERATION -> HEALTHY_TREND -> WEAK_TREND -> PULLBACK -> ACCELERATION -> PULLBACK -> ACCELERATION -> PULLBACK -> ACCELERATION -> HEALTHY_TREND -> ACCELERATION -> EXIT,25,ACCELERATION,14.6821
short_2026-06-05T220000_EPICUSDT,short,2026-06-05 22:00:00,EPICUSDT,EARLY_BREAKOUT -> ACCELERATION -> PULLBACK -> ACCELERATION -> PULLBACK -> EXHAUSTION -> ACCELERATION -> WEAK_TREND -> PULLBACK -> EXHAUSTION -> FAKE_BREAKOUT -> REVERSAL -> FAKE_BREAKOUT -> REVERSAL -> FAKE_BREAKOUT -> ACCELERATION -> PULLBACK -> EXHAUSTION -> ACCELERATION -> PULLBACK -> ACCELERATION -> PULLBACK -> ACCELERATION -> PULLBACK -> EXHAUSTION -> PULLBACK -> ACCELERATION -> EXHAUSTION -> EXIT,28,EXHAUSTION,4.5725
short_2026-06-05T220000_USELESSUSDT,short,2026-06-05 22:00:00,USELESSUSDT,EARLY_BREAKOUT -> ACCELERATION -> WEAK_TREND -> PULLBACK -> ACCELERATION -> HEALTHY_TREND -> ACCELERATION -> HEALTHY_TREND -> WEAK_TREND -> ACCELERATION -> WEAK_TREND -> PULLBACK -> ACCELERATION -> HEALTHY_TREND -> ACCELERATION -> HEALTHY_TREND -> PULLBACK -> EXHAUSTION -> PULLBACK -> EXHAUSTION -> ACCELERATION -> EXHAUSTION -> ACCELERATION -> PULLBACK -> EXHAUSTION -> PULLBACK -> EXHAUSTION -> EXIT,27,EXHAUSTION,7.6944
short_2026-06-05T220000_AINUSDT,short,2026-06-05 22:00:00,AINUSDT,EARLY_BREAKOUT -> ACCELERATION -> EARLY_BREAKOUT -> ACCELERATION -> WEAK_TREND -> ACCELERATION -> HEALTHY_TREND -> WEAK_TREND -> ACCELERATION -> PULLBACK -> FAKE_BREAKOUT -> REVERSAL -> FAKE_BREAKOUT -> ACCELERATION -> HEALTHY_TREND -> WEAK_TREND -> ACCELERATION -> PULLBACK -> EXHAUSTION -> FAKE_BREAKOUT -> PULLBACK -> FAKE_BREAKOUT -> ACCELERATION -> PULLBACK -> ACCELERATION -> HEALTHY_TREND -> WEAK_TREND -> HEALTHY_TREND -> WEAK_TREND -> PULLBACK -> EXIT,30,PULLBACK,3.7996
short_2026-06-05T220000_EVAAUSDT,short,2026-06-05 22:00:00,EVAAUSDT,EARLY_BREAKOUT -> ACCELERATION -> WEAK_TREND -> ACCELERATION -> WEAK_TREND -> ACCELERATION -> PULLBACK -> EXHAUSTION -> FAKE_BREAKOUT -> PULLBACK -> EXHAUSTION -> ACCELERATION -> PULLBACK -> ACCELERATION -> HEALTHY_TREND -> ACCELERATION -> HEALTHY_TREND -> PULLBACK -> ACCELERATION -> PULLBACK -> EXHAUSTION -> PULLBACK -> EXHAUSTION -> ACCELERATION -> EXHAUSTION -> ACCELERATION -> EXHAUSTION -> ACCELERATION -> PULLBACK -> EXHAUSTION -> PULLBACK -> EXHAUSTION -> ACCELERATION -> EXIT,33,ACCELERATION,3.8863
long_2026-06-06T000000_AIOUSDT,long,2026-06-06 00:00:00,AIOUSDT,EARLY_BREAKOUT -> ACCELERATION -> EARLY_BREAKOUT -> WEAK_TREND -> PULLBACK -> ACCELERATION -> HEALTHY_TREND -> ACCELERATION -> PULLBACK -> HEALTHY_TREND -> PULLBACK -> ACCELERATION -> HEALTHY_TREND -> PULLBACK -> ACCELERATION -> HEALTHY_TREND -> ACCELERATION -> WEAK_TREND -> ACCELERATION -> HEALTHY_TREND -> WEAK_TREND -> ACCELERATION -> HEALTHY_TREND -> PULLBACK -> ACCELERATION -> PULLBACK -> ACCELERATION -> PULLBACK -> ACCELERATION -> HEALTHY_TREND -> WEAK_TREND -> ACCELERATION -> WEAK_TREND -> PULLBACK -> EXIT,34,PULLBACK,15.1609
long_2026-06-06T000000_KGENUSDT,long,2026-06-06 00:00:00,KGENUSDT,EARLY_BREAKOUT -> REVERSAL -> ACCELERATION -> EARLY_BREAKOUT -> WEAK_TREND -> REVERSAL -> WEAK_TREND -> REVERSAL -> EXIT,8,REVERSAL,-4.9519
long_2026-06-06T000000_APRUSDT,long,2026-06-06 00:00:00,APRUSDT,EARLY_BREAKOUT -> ACCELERATION -> EARLY_BREAKOUT -> WEAK_TREND -> HEALTHY_TREND -> WEAK_TREND -> ACCELERATION -> WEAK_TREND -> ACCELERATION -> WEAK_TREND -> ACCELERATION -> WEAK_TREND -> ACCELERATION -> WEAK_TREND -> ACCELERATION -> WEAK_TREND -> HEALTHY_TREND -> WEAK_TREND -> HEALTHY_TREND -> ACCELERATION -> WEAK_TREND -> HEALTHY_TREND -> WEAK_TREND -> ACCELERATION -> WEAK_TREND -> HEALTHY_TREND -> WEAK_TREND -> ACCELERATION -> WEAK_TREND -> ACCELERATION -> WEAK_TREND -> HEALTHY_TREND -> ACCELERATION -> WEAK_TREND -> EXIT,34,WEAK_TREND,3.6176
long_2026-06-06T000000_ALLOUSDT,long,2026-06-06 00:00:00,ALLOUSDT,EARLY_BREAKOUT -> WEAK_TREND -> EARLY_BREAKOUT -> ACCELERATION -> WEAK_TREND -> HEALTHY_TREND -> ACCELERATION -> WEAK_TREND -> EXHAUSTION -> ACCELERATION -> HEALTHY_TREND -> ACCELERATION -> PULLBACK -> ACCELERATION -> EXHAUSTION -> ACCELERATION -> HEALTHY_TREND -> PULLBACK -> ACCELERATION -> PULLBACK -> ACCELERATION -> PULLBACK -> ACCELERATION -> HEALTHY_TREND -> ACCELERATION -> PULLBACK -> ACCELERATION -> PULLBACK -> ACCELERATION -> PULLBACK -> ACCELERATION -> PULLBACK -> EXHAUSTION -> PULLBACK -> EXIT,34,PULLBACK,16.9199
long_2026-06-06T000000_BEATUSDT,long,2026-06-06 00:00:00,BEATUSDT,EARLY_BREAKOUT -> ACCELERATION -> EARLY_BREAKOUT -> REVERSAL -> ACCELERATION -> REVERSAL -> ACCELERATION -> HEALTHY_TREND -> ACCELERATION -> WEAK_TREND -> ACCELERATION -> WEAK_TREND -> ACCELERATION -> WEAK_TREND -> ACCELERATION -> WEAK_TREND -> ACCELERATION -> HEALTHY_TREND -> REVERSAL -> FAKE_BREAKOUT -> EXIT,20,FAKE_BREAKOUT,1.8765
short_2026-06-06T000000_XPLUSDT,short,2026-06-06 00:00:00,XPLUSDT,EARLY_BREAKOUT -> ACCELERATION -> HEALTHY_TREND -> PULLBACK -> ACCELERATION -> PULLBACK -> ACCELERATION -> HEALTHY_TREND -> ACCELERATION -> HEALTHY_TREND -> WEAK_TREND -> PULLBACK -> EXHAUSTION -> FAKE_BREAKOUT -> PULLBACK -> FAKE_BREAKOUT -> ACCELERATION -> PULLBACK -> EXHAUSTION -> PULLBACK -> ACCELERATION -> PULLBACK -> EXHAUSTION -> PULLBACK -> EXHAUSTION -> ACCELERATION -> EXHAUSTION -> ACCELERATION -> PULLBACK -> EXHAUSTION -> ACCELERATION -> PULLBACK -> EXIT,32,PULLBACK,7.6471
short_2026-06-06T000000_LITUSDT,short,2026-06-06 00:00:00,LITUSDT,EARLY_BREAKOUT -> ACCELERATION -> EARLY_BREAKOUT -> HEALTHY_TREND -> PULLBACK -> ACCELERATION -> PULLBACK -> FAKE_BREAKOUT -> ACCELERATION -> HEALTHY_TREND -> PULLBACK -> FAKE_BREAKOUT -> REVERSAL -> FAKE_BREAKOUT -> REVERSAL -> FAKE_BREAKOUT -> PULLBACK -> ACCELERATION -> EXIT,18,ACCELERATION,4.9398
short_2026-06-06T000000_USELESSUSDT,short,2026-06-06 00:00:00,USELESSUSDT,EARLY_BREAKOUT -> ACCELERATION -> EARLY_BREAKOUT -> ACCELERATION -> WEAK_TREND -> PULLBACK -> FAKE_BREAKOUT -> PULLBACK -> FAKE_BREAKOUT -> ACCELERATION -> HEALTHY_TREND -> ACCELERATION -> HEALTHY_TREND -> PULLBACK -> EXHAUSTION -> FAKE_BREAKOUT -> PULLBACK -> EXHAUSTION -> FAKE_BREAKOUT -> PULLBACK -> ACCELERATION -> EXHAUSTION -> ACCELERATION -> EXIT,23,ACCELERATION,4.3651
short_2026-06-06T000000_ENAUSDT,short,2026-06-06 00:00:00,ENAUSDT,EARLY_BREAKOUT -> ACCELERATION -> EARLY_BREAKOUT -> ACCELERATION -> PULLBACK -> ACCELERATION -> PULLBACK -> REVERSAL -> FAKE_BREAKOUT -> ACCELERATION -> HEALTHY_TREND -> EXHAUSTION -> FAKE_BREAKOUT -> REVERSAL -> EXIT,14,REVERSAL,-5.854
short_2026-06-06T000000_BSBUSDT,short,2026-06-06 00:00:00,BSBUSDT,EARLY_BREAKOUT -> ACCELERATION -> EARLY_BREAKOUT -> WEAK_TREND -> FAKE_BREAKOUT -> REVERSAL -> FAKE_BREAKOUT -> REVERSAL -> FAKE_BREAKOUT -> ACCELERATION -> FAKE_BREAKOUT -> ACCELERATION -> HEALTHY_TREND -> PULLBACK -> ACCELERATION -> PULLBACK -> EXHAUSTION -> PULLBACK -> EXHAUSTION -> ACCELERATION -> PULLBACK -> ACCELERATION -> HEALTHY_TREND -> WEAK_TREND -> PULLBACK -> EXHAUSTION -> FAKE_BREAKOUT -> PULLBACK -> FAKE_BREAKOUT -> ACCELERATION -> FAKE_BREAKOUT -> EXIT,31,FAKE_BREAKOUT,2.6591
long_2026-06-06T020000_VELVETUSDT,long,2026-06-06 02:00:00,VELVETUSDT,EARLY_BREAKOUT -> ACCELERATION -> EARLY_BREAKOUT -> ACCELERATION -> HEALTHY_TREND -> WEAK_TREND -> ACCELERATION -> WEAK_TREND -> ACCELERATION -> WEAK_TREND -> ACCELERATION -> PULLBACK -> ACCELERATION -> HEALTHY_TREND -> PULLBACK -> ACCELERATION -> PULLBACK -> ACCELERATION -> PULLBACK -> ACCELERATION -> WEAK_TREND -> ACCELERATION -> PULLBACK -> ACCELERATION -> PULLBACK -> ACCELERATION -> PULLBACK -> ACCELERATION -> PULLBACK -> ACCELERATION -> PULLBACK -> EXIT,31,PULLBACK,21.3441
long_2026-06-06T020000_ENAUSDT,long,2026-06-06 02:00:00,ENAUSDT,EARLY_BREAKOUT -> WEAK_TREND -> ACCELERATION -> HEALTHY_TREND -> FAKE_BREAKOUT -> REVERSAL -> FAKE_BREAKOUT -> ACCELERATION -> HEALTHY_TREND -> ACCELERATION -> HEALTHY_TREND -> ACCELERATION -> WEAK_TREND -> EXHAUSTION -> PULLBACK -> EXHAUSTION -> PULLBACK -> ACCELERATION -> PULLBACK -> EXHAUSTION -> PULLBACK -> ACCELERATION -> PULLBACK -> EXHAUSTION -> FAKE_BREAKOUT -> REVERSAL -> EXIT,26,REVERSAL,-1.4143
long_2026-06-06T020000_ALLOUSDT,long,2026-06-06 02:00:00,ALLOUSDT,EARLY_BREAKOUT -> ACCELERATION -> EARLY_BREAKOUT -> ACCELERATION -> EXHAUSTION -> ACCELERATION -> EXHAUSTION -> FAKE_BREAKOUT -> ACCELERATION -> HEALTHY_TREND -> PULLBACK -> ACCELERATION -> PULLBACK -> ACCELERATION -> PULLBACK -> ACCELERATION -> HEALTHY_TREND -> ACCELERATION -> PULLBACK -> ACCELERATION -> PULLBACK -> ACCELERATION -> PULLBACK -> ACCELERATION -> PULLBACK -> EXHAUSTION -> PULLBACK -> EXHAUSTION -> ACCELERATION -> PULLBACK -> EXHAUSTION -> ACCELERATION -> PULLBACK -> EXIT,33,PULLBACK,18.2705
long_2026-06-06T020000_XLMUSDT,long,2026-06-06 02:00:00,XLMUSDT,EARLY_BREAKOUT -> WEAK_TREND -> ACCELERATION -> HEALTHY_TREND -> WEAK_TREND -> FAKE_BREAKOUT -> REVERSAL -> FAKE_BREAKOUT -> ACCELERATION -> HEALTHY_TREND -> ACCELERATION -> HEALTHY_TREND -> WEAK_TREND -> ACCELERATION -> WEAK_TREND -> PULLBACK -> HEALTHY_TREND -> WEAK_TREND -> PULLBACK -> ACCELERATION -> PULLBACK -> ACCELERATION -> PULLBACK -> EXHAUSTION -> FAKE_BREAKOUT -> REVERSAL -> EXIT,26,REVERSAL,-0.6573
long_2026-06-06T020000_TAUSDT,long,2026-06-06 02:00:00,TAUSDT,EARLY_BREAKOUT -> REVERSAL -> ACCELERATION -> EARLY_BREAKOUT -> FAKE_BREAKOUT -> PULLBACK -> ACCELERATION -> EXHAUSTION -> ACCELERATION -> HEALTHY_TREND -> WEAK_TREND -> ACCELERATION -> WEAK_TREND -> ACCELERATION -> FAKE_BREAKOUT -> REVERSAL -> FAKE_BREAKOUT -> REVERSAL -> EXIT,18,REVERSAL,-12.0474
short_2026-06-06T020000_LABUSDT,short,2026-06-06 02:00:00,LABUSDT,EARLY_BREAKOUT -> FAKE_BREAKOUT -> REVERSAL -> FAKE_BREAKOUT -> ACCELERATION -> WEAK_TREND -> ACCELERATION -> WEAK_TREND -> PULLBACK -> ACCELERATION -> HEALTHY_TREND -> WEAK_TREND -> ACCELERATION -> PULLBACK -> ACCELERATION -> HEALTHY_TREND -> PULLBACK -> HEALTHY_TREND -> ACCELERATION -> PULLBACK -> ACCELERATION -> HEALTHY_TREND -> PULLBACK -> ACCELERATION -> PULLBACK -> ACCELERATION -> PULLBACK -> EXHAUSTION -> PULLBACK -> EXHAUSTION -> ACCELERATION -> PULLBACK -> EXHAUSTION -> EXIT,33,EXHAUSTION,8.3045
short_2026-06-06T020000_SKYAIUSDT,short,2026-06-06 02:00:00,SKYAIUSDT,EARLY_BREAKOUT -> ACCELERATION -> WEAK_TREND -> ACCELERATION -> WEAK_TREND -> ACCELERATION -> FAKE_BREAKOUT -> HEALTHY_TREND -> PULLBACK -> EXHAUSTION -> FAKE_BREAKOUT -> REVERSAL -> FAKE_BREAKOUT -> PULLBACK -> ACCELERATION -> PULLBACK -> ACCELERATION -> PULLBACK -> EXHAUSTION -> PULLBACK -> ACCELERATION -> EXHAUSTION -> PULLBACK -> FAKE_BREAKOUT -> REVERSAL -> FAKE_BREAKOUT -> REVERSAL -> EXIT,27,REVERSAL,-1.0411
short_2026-06-06T020000_ZBTUSDT,short,2026-06-06 02:00:00,ZBTUSDT,EARLY_BREAKOUT -> ACCELERATION -> HEALTHY_TREND -> REVERSAL -> PULLBACK -> ACCELERATION -> HEALTHY_TREND -> ACCELERATION -> PULLBACK -> ACCELERATION -> PULLBACK -> HEALTHY_TREND -> WEAK_TREND -> PULLBACK -> EXHAUSTION -> PULLBACK -> ACCELERATION -> HEALTHY_TREND -> WEAK_TREND -> ACCELERATION -> HEALTHY_TREND -> ACCELERATION -> HEALTHY_TREND -> PULLBACK -> EXHAUSTION -> FAKE_BREAKOUT -> PULLBACK -> FAKE_BREAKOUT -> ACCELERATION -> PULLBACK -> ACCELERATION -> HEALTHY_TREND -> ACCELERATION -> EXIT,33,ACCELERATION,9.3995
short_2026-06-06T020000_BASEDUSDT,short,2026-06-06 02:00:00,BASEDUSDT,EARLY_BREAKOUT -> ACCELERATION -> HEALTHY_TREND -> ACCELERATION -> HEALTHY_TREND -> ACCELERATION -> WEAK_TREND -> ACCELERATION -> WEAK_TREND -> PULLBACK -> EXHAUSTION -> PULLBACK -> EXHAUSTION -> FAKE_BREAKOUT -> REVERSAL -> FAKE_BREAKOUT -> REVERSAL -> FAKE_BREAKOUT -> REVERSAL -> FAKE_BREAKOUT -> ACCELERATION -> HEALTHY_TREND -> ACCELERATION -> WEAK_TREND -> EXIT,24,WEAK_TREND,5.0056
short_2026-06-06T020000_BRUSDT,short,2026-06-06 02:00:00,BRUSDT,EARLY_BREAKOUT -> ACCELERATION -> HEALTHY_TREND -> ACCELERATION -> WEAK_TREND -> ACCELERATION -> WEAK_TREND -> ACCELERATION -> HEALTHY_TREND -> ACCELERATION -> HEALTHY_TREND -> PULLBACK -> FAKE_BREAKOUT -> ACCELERATION -> PULLBACK -> EXHAUSTION -> ACCELERATION -> PULLBACK -> EXHAUSTION -> PULLBACK -> EXHAUSTION -> ACCELERATION -> EXHAUSTION -> ACCELERATION -> PULLBACK -> EXHAUSTION -> PULLBACK -> ACCELERATION -> PULLBACK -> ACCELERATION -> HEALTHY_TREND -> ACCELERATION -> WEAK_TREND -> PULLBACK -> EXIT,34,PULLBACK,7.771
long_2026-06-06T040000_BTWUSDT,long,2026-06-06 04:00:00,BTWUSDT,EARLY_BREAKOUT -> PULLBACK -> FAKE_BREAKOUT -> ACCELERATION -> REVERSAL -> FAKE_BREAKOUT -> REVERSAL -> FAKE_BREAKOUT -> REVERSAL -> FAKE_BREAKOUT -> REVERSAL -> FAKE_BREAKOUT -> REVERSAL -> EXIT,13,REVERSAL,-14.3663
long_2026-06-06T040000_ALLOUSDT,long,2026-06-06 04:00:00,ALLOUSDT,EARLY_BREAKOUT -> ACCELERATION -> EARLY_BREAKOUT -> PULLBACK -> ACCELERATION -> PULLBACK -> ACCELERATION -> PULLBACK -> ACCELERATION -> HEALTHY_TREND -> ACCELERATION -> PULLBACK -> ACCELERATION -> PULLBACK -> ACCELERATION -> PULLBACK -> ACCELERATION -> PULLBACK -> FAKE_BREAKOUT -> PULLBACK -> FAKE_BREAKOUT -> ACCELERATION -> PULLBACK -> EXHAUSTION -> ACCELERATION -> PULLBACK -> ACCELERATION -> HEALTHY_TREND -> ACCELERATION -> PULLBACK -> EXIT,30,PULLBACK,18.442
long_2026-06-06T040000_ZECUSDT,long,2026-06-06 04:00:00,ZECUSDT,EARLY_BREAKOUT -> ACCELERATION -> EARLY_BREAKOUT -> ACCELERATION -> HEALTHY_TREND -> ACCELERATION -> WEAK_TREND -> ACCELERATION -> HEALTHY_TREND -> WEAK_TREND -> PULLBACK -> ACCELERATION -> HEALTHY_TREND -> ACCELERATION -> PULLBACK -> ACCELERATION -> PULLBACK -> EXHAUSTION -> PULLBACK -> EXHAUSTION -> PULLBACK -> ACCELERATION -> PULLBACK -> ACCELERATION -> PULLBACK -> ACCELERATION -> EXIT,26,ACCELERATION,22.7727
long_2026-06-06T040000_AIOUSDT,long,2026-06-06 04:00:00,AIOUSDT,EARLY_BREAKOUT -> REVERSAL -> ACCELERATION -> HEALTHY_TREND -> ACCELERATION -> WEAK_TREND -> ACCELERATION -> HEALTHY_TREND -> WEAK_TREND -> ACCELERATION -> HEALTHY_TREND -> PULLBACK -> ACCELERATION -> PULLBACK -> ACCELERATION -> PULLBACK -> ACCELERATION -> HEALTHY_TREND -> WEAK_TREND -> ACCELERATION -> WEAK_TREND -> PULLBACK -> ACCELERATION -> WEAK_TREND -> PULLBACK -> ACCELERATION -> PULLBACK -> EXHAUSTION -> EXIT,28,EXHAUSTION,6.7658
long_2026-06-06T040000_SKYAIUSDT,long,2026-06-06 04:00:00,SKYAIUSDT,EARLY_BREAKOUT -> ACCELERATION -> HEALTHY_TREND -> ACCELERATION -> WEAK_TREND -> ACCELERATION -> HEALTHY_TREND -> ACCELERATION -> WEAK_TREND -> ACCELERATION -> WEAK_TREND -> EXHAUSTION -> FAKE_BREAKOUT -> ACCELERATION -> FAKE_BREAKOUT -> ACCELERATION -> HEALTHY_TREND -> ACCELERATION -> WEAK_TREND -> ACCELERATION -> WEAK_TREND -> PULLBACK -> EXHAUSTION -> PULLBACK -> ACCELERATION -> HEALTHY_TREND -> PULLBACK -> EXHAUSTION -> PULLBACK -> EXIT,29,PULLBACK,6.9469
short_2026-06-06T040000_LABUSDT,short,2026-06-06 04:00:00,LABUSDT,EARLY_BREAKOUT -> WEAK_TREND -> ACCELERATION -> WEAK_TREND -> PULLBACK -> ACCELERATION -> HEALTHY_TREND -> WEAK_TREND -> ACCELERATION -> PULLBACK -> ACCELERATION -> HEALTHY_TREND -> PULLBACK -> HEALTHY_TREND -> ACCELERATION -> PULLBACK -> ACCELERATION -> HEALTHY_TREND -> PULLBACK -> ACCELERATION -> PULLBACK -> ACCELERATION -> PULLBACK -> EXHAUSTION -> PULLBACK -> EXHAUSTION -> ACCELERATION -> PULLBACK -> EXHAUSTION -> ACCELERATION -> EXHAUSTION -> FAKE_BREAKOUT -> ACCELERATION -> PULLBACK -> EXIT,34,PULLBACK,14.206
short_2026-06-06T040000_RIFUSDT,short,2026-06-06 04:00:00,RIFUSDT,EARLY_BREAKOUT -> ACCELERATION -> EARLY_BREAKOUT -> HEALTHY_TREND -> PULLBACK -> ACCELERATION -> HEALTHY_TREND -> ACCELERATION -> WEAK_TREND -> ACCELERATION -> HEALTHY_TREND -> ACCELERATION -> HEALTHY_TREND -> WEAK_TREND -> ACCELERATION -> HEALTHY_TREND -> PULLBACK -> ACCELERATION -> HEALTHY_TREND -> PULLBACK -> EXHAUSTION -> PULLBACK -> ACCELERATION -> PULLBACK -> EXHAUSTION -> PULLBACK -> ACCELERATION -> PULLBACK -> ACCELERATION -> PULLBACK -> ACCELERATION -> PULLBACK -> ACCELERATION -> WEAK_TREND -> ACCELERATION -> EXIT,35,ACCELERATION,14.1145
short_2026-06-06T040000_STGUSDT,short,2026-06-06 04:00:00,STGUSDT,EARLY_BREAKOUT -> ACCELERATION -> HEALTHY_TREND -> WEAK_TREND -> ACCELERATION -> WEAK_TREND -> ACCELERATION -> WEAK_TREND -> ACCELERATION -> WEAK_TREND -> ACCELERATION -> HEALTHY_TREND -> ACCELERATION -> WEAK_TREND -> PULLBACK -> ACCELERATION -> WEAK_TREND -> PULLBACK -> HEALTHY_TREND -> WEAK_TREND -> PULLBACK -> ACCELERATION -> HEALTHY_TREND -> ACCELERATION -> HEALTHY_TREND -> ACCELERATION -> WEAK_TREND -> ACCELERATION -> WEAK_TREND -> ACCELERATION -> HEALTHY_TREND -> ACCELERATION -> WEAK_TREND -> PULLBACK -> HEALTHY_TREND -> PULLBACK -> EXIT,36,PULLBACK,9.7694
short_2026-06-06T040000_币安人生USDT,short,2026-06-06 04:00:00,币安人生USDT,EARLY_BREAKOUT -> WEAK_TREND -> ACCELERATION -> FAKE_BREAKOUT -> ACCELERATION -> PULLBACK -> EXHAUSTION -> FAKE_BREAKOUT -> ACCELERATION -> PULLBACK -> FAKE_BREAKOUT -> ACCELERATION -> EXHAUSTION -> ACCELERATION -> FAKE_BREAKOUT -> REVERSAL -> FAKE_BREAKOUT -> REVERSAL -> FAKE_BREAKOUT -> REVERSAL -> FAKE_BREAKOUT -> ACCELERATION -> HEALTHY_TREND -> WEAK_TREND -> ACCELERATION -> HEALTHY_TREND -> WEAK_TREND -> ACCELERATION -> WEAK_TREND -> HEALTHY_TREND -> ACCELERATION -> WEAK_TREND -> PULLBACK -> EXHAUSTION -> FAKE_BREAKOUT -> EXIT,35,FAKE_BREAKOUT,2.7722
short_2026-06-06T040000_ZBTUSDT,short,2026-06-06 04:00:00,ZBTUSDT,EARLY_BREAKOUT -> ACCELERATION -> PULLBACK -> ACCELERATION -> EXHAUSTION -> HEALTHY_TREND -> WEAK_TREND -> EXHAUSTION -> REVERSAL -> PULLBACK -> ACCELERATION -> HEALTHY_TREND -> WEAK_TREND -> ACCELERATION -> HEALTHY_TREND -> ACCELERATION -> HEALTHY_TREND -> EXHAUSTION -> FAKE_BREAKOUT -> PULLBACK -> FAKE_BREAKOUT -> REVERSAL -> FAKE_BREAKOUT -> ACCELERATION -> HEALTHY_TREND -> ACCELERATION -> PULLBACK -> EXHAUSTION -> ACCELERATION -> PULLBACK -> EXIT,30,PULLBACK,3.7546
long_2026-06-06T060000_ENAUSDT,long,2026-06-06 06:00:00,ENAUSDT,EARLY_BREAKOUT -> ACCELERATION -> EARLY_BREAKOUT -> FAKE_BREAKOUT -> PULLBACK -> FAKE_BREAKOUT -> PULLBACK -> ACCELERATION -> PULLBACK -> EXHAUSTION -> PULLBACK -> ACCELERATION -> PULLBACK -> EXHAUSTION -> FAKE_BREAKOUT -> REVERSAL -> FAKE_BREAKOUT -> PULLBACK -> EXHAUSTION -> FAKE_BREAKOUT -> ACCELERATION -> EXIT,21,ACCELERATION,3.8331
long_2026-06-06T060000_ZESTUSDT,long,2026-06-06 06:00:00,ZESTUSDT,EARLY_BREAKOUT -> EXHAUSTION -> ACCELERATION -> PULLBACK -> ACCELERATION -> FAKE_BREAKOUT -> ACCELERATION -> WEAK_TREND -> ACCELERATION -> HEALTHY_TREND -> PULLBACK -> EXHAUSTION -> PULLBACK -> EXHAUSTION -> ACCELERATION -> PULLBACK -> ACCELERATION -> FAKE_BREAKOUT -> ACCELERATION -> FAKE_BREAKOUT -> ACCELERATION -> PULLBACK -> ACCELERATION -> PULLBACK -> ACCELERATION -> PULLBACK -> ACCELERATION -> HEALTHY_TREND -> PULLBACK -> ACCELERATION -> PULLBACK -> EXIT,31,PULLBACK,15.7981
long_2026-06-06T060000_VELVETUSDT,long,2026-06-06 06:00:00,VELVETUSDT,EARLY_BREAKOUT -> ACCELERATION -> FAKE_BREAKOUT -> ACCELERATION -> PULLBACK -> ACCELERATION -> WEAK_TREND -> ACCELERATION -> FAKE_BREAKOUT -> HEALTHY_TREND -> PULLBACK -> REVERSAL -> ACCELERATION -> FAKE_BREAKOUT -> ACCELERATION -> EXHAUSTION -> FAKE_BREAKOUT -> ACCELERATION -> PULLBACK -> EXHAUSTION -> FAKE_BREAKOUT -> ACCELERATION -> PULLBACK -> REVERSAL -> FAKE_BREAKOUT -> ACCELERATION -> HEALTHY_TREND -> WEAK_TREND -> ACCELERATION -> HEALTHY_TREND -> WEAK_TREND -> ACCELERATION -> PULLBACK -> HEALTHY_TREND -> ACCELERATION -> HEALTHY_TREND -> WEAK_TREND -> EXIT,37,WEAK_TREND,8.4885
long_2026-06-06T060000_SIRENUSDT,long,2026-06-06 06:00:00,SIRENUSDT,EARLY_BREAKOUT -> WEAK_TREND -> ACCELERATION -> EXHAUSTION -> FAKE_BREAKOUT -> ACCELERATION -> EXHAUSTION -> ACCELERATION -> EXHAUSTION -> PULLBACK -> HEALTHY_TREND -> EXHAUSTION -> PULLBACK -> EXHAUSTION -> PULLBACK -> EXHAUSTION -> FAKE_BREAKOUT -> REVERSAL -> FAKE_BREAKOUT -> ACCELERATION -> PULLBACK -> ACCELERATION -> HEALTHY_TREND -> PULLBACK -> ACCELERATION -> EXHAUSTION -> PULLBACK -> EXHAUSTION -> PULLBACK -> FAKE_BREAKOUT -> ACCELERATION -> HEALTHY_TREND -> ACCELERATION -> EXIT,33,ACCELERATION,10.6164
long_2026-06-06T060000_ZECUSDT,long,2026-06-06 06:00:00,ZECUSDT,EARLY_BREAKOUT -> ACCELERATION -> HEALTHY_TREND -> WEAK_TREND -> EXHAUSTION -> REVERSAL -> HEALTHY_TREND -> EXHAUSTION -> REVERSAL -> ACCELERATION -> HEALTHY_TREND -> ACCELERATION -> PULLBACK -> ACCELERATION -> EXHAUSTION -> PULLBACK -> EXHAUSTION -> FAKE_BREAKOUT -> REVERSAL -> FAKE_BREAKOUT -> REVERSAL -> FAKE_BREAKOUT -> REVERSAL -> FAKE_BREAKOUT -> ACCELERATION -> EXHAUSTION -> ACCELERATION -> FAKE_BREAKOUT -> EXIT,28,FAKE_BREAKOUT,0.782
short_2026-06-06T060000_BTWUSDT,short,2026-06-06 06:00:00,BTWUSDT,EARLY_BREAKOUT -> ACCELERATION -> PULLBACK -> ACCELERATION -> HEALTHY_TREND -> WEAK_TREND -> PULLBACK -> FAKE_BREAKOUT -> PULLBACK -> FAKE_BREAKOUT -> ACCELERATION -> HEALTHY_TREND -> FAKE_BREAKOUT -> ACCELERATION -> PULLBACK -> HEALTHY_TREND -> FAKE_BREAKOUT -> ACCELERATION -> PULLBACK -> FAKE_BREAKOUT -> PULLBACK -> ACCELERATION -> PULLBACK -> FAKE_BREAKOUT -> ACCELERATION -> PULLBACK -> ACCELERATION -> PULLBACK -> ACCELERATION -> PULLBACK -> ACCELERATION -> HEALTHY_TREND -> EXIT,32,HEALTHY_TREND,21.133
short_2026-06-06T060000_CLOUSDT,short,2026-06-06 06:00:00,CLOUSDT,EARLY_BREAKOUT -> ACCELERATION -> EXHAUSTION -> ACCELERATION -> HEALTHY_TREND -> ACCELERATION -> WEAK_TREND -> ACCELERATION -> PULLBACK -> ACCELERATION -> PULLBACK -> FAKE_BREAKOUT -> REVERSAL -> EXIT,13,REVERSAL,-23.4103
short_2026-06-06T060000_LITUSDT,short,2026-06-06 06:00:00,LITUSDT,EARLY_BREAKOUT -> ACCELERATION -> EARLY_BREAKOUT -> ACCELERATION -> HEALTHY_TREND -> PULLBACK -> ACCELERATION -> WEAK_TREND -> ACCELERATION -> PULLBACK -> EXHAUSTION -> ACCELERATION -> PULLBACK -> ACCELERATION -> HEALTHY_TREND -> ACCELERATION -> HEALTHY_TREND -> ACCELERATION -> HEALTHY_TREND -> PULLBACK -> ACCELERATION -> WEAK_TREND -> ACCELERATION -> WEAK_TREND -> PULLBACK -> EXHAUSTION -> FAKE_BREAKOUT -> PULLBACK -> FAKE_BREAKOUT -> ACCELERATION -> EXHAUSTION -> FAKE_BREAKOUT -> ACCELERATION -> FAKE_BREAKOUT -> ACCELERATION -> EXHAUSTION -> EXIT,36,EXHAUSTION,4.0321
short_2026-06-06T060000_EPICUSDT,short,2026-06-06 06:00:00,EPICUSDT,EARLY_BREAKOUT -> ACCELERATION -> WEAK_TREND -> ACCELERATION -> WEAK_TREND -> ACCELERATION -> WEAK_TREND -> PULLBACK -> ACCELERATION -> HEALTHY_TREND -> EXHAUSTION -> PULLBACK -> ACCELERATION -> FAKE_BREAKOUT -> REVERSAL -> EXIT,15,REVERSAL,-4.1128
short_2026-06-06T060000_RIFUSDT,short,2026-06-06 06:00:00,RIFUSDT,EARLY_BREAKOUT -> ACCELERATION -> HEALTHY_TREND -> ACCELERATION -> HEALTHY_TREND -> WEAK_TREND -> ACCELERATION -> HEALTHY_TREND -> PULLBACK -> ACCELERATION -> HEALTHY_TREND -> PULLBACK -> FAKE_BREAKOUT -> PULLBACK -> ACCELERATION -> EXHAUSTION -> FAKE_BREAKOUT -> PULLBACK -> ACCELERATION -> PULLBACK -> ACCELERATION -> PULLBACK -> ACCELERATION -> PULLBACK -> ACCELERATION -> WEAK_TREND -> ACCELERATION -> HEALTHY_TREND -> EXHAUSTION -> PULLBACK -> EXIT,30,PULLBACK,9.7515
long_2026-06-06T080000_GUAUSDT,long,2026-06-06 08:00:00,GUAUSDT,EARLY_BREAKOUT -> ACCELERATION -> EARLY_BREAKOUT -> HEALTHY_TREND -> PULLBACK -> EXHAUSTION -> FAKE_BREAKOUT -> REVERSAL -> FAKE_BREAKOUT -> REVERSAL -> EXIT,10,REVERSAL,-0.5198
long_2026-06-06T080000_BTWUSDT,long,2026-06-06 08:00:00,BTWUSDT,EARLY_BREAKOUT -> PULLBACK -> ACCELERATION -> FAKE_BREAKOUT -> REVERSAL -> ACCELERATION -> FAKE_BREAKOUT -> REVERSAL -> PULLBACK -> FAKE_BREAKOUT -> REVERSAL -> FAKE_BREAKOUT -> PULLBACK -> FAKE_BREAKOUT -> REVERSAL -> FAKE_BREAKOUT -> PULLBACK -> REVERSAL -> EXIT,18,REVERSAL,-15.9698
long_2026-06-06T080000_INUSDT,long,2026-06-06 08:00:00,INUSDT,EARLY_BREAKOUT -> ACCELERATION -> WEAK_TREND -> EXHAUSTION -> FAKE_BREAKOUT -> REVERSAL -> EXIT,6,REVERSAL,-6.7972
long_2026-06-06T080000_ZECUSDT,long,2026-06-06 08:00:00,ZECUSDT,EARLY_BREAKOUT -> ACCELERATION -> HEALTHY_TREND -> ACCELERATION -> PULLBACK -> ACCELERATION -> EXHAUSTION -> PULLBACK -> EXHAUSTION -> PULLBACK -> EXHAUSTION -> FAKE_BREAKOUT -> REVERSAL -> FAKE_BREAKOUT -> ACCELERATION -> EXHAUSTION -> ACCELERATION -> FAKE_BREAKOUT -> REVERSAL -> FAKE_BREAKOUT -> REVERSAL -> FAKE_BREAKOUT -> REVERSAL -> EXIT,23,REVERSAL,-2.0443
long_2026-06-06T080000_HEIUSDT,long,2026-06-06 08:00:00,HEIUSDT,EARLY_BREAKOUT -> WEAK_TREND -> ACCELERATION -> HEALTHY_TREND -> ACCELERATION -> HEALTHY_TREND -> ACCELERATION -> WEAK_TREND -> PULLBACK -> HEALTHY_TREND -> PULLBACK -> EXHAUSTION -> FAKE_BREAKOUT -> PULLBACK -> FAKE_BREAKOUT -> REVERSAL -> ACCELERATION -> HEALTHY_TREND -> FAKE_BREAKOUT -> ACCELERATION -> FAKE_BREAKOUT -> PULLBACK -> FAKE_BREAKOUT -> PULLBACK -> ACCELERATION -> PULLBACK -> ACCELERATION -> PULLBACK -> HEALTHY_TREND -> WEAK_TREND -> ACCELERATION -> PULLBACK -> ACCELERATION -> PULLBACK -> EXHAUSTION -> EXIT,35,EXHAUSTION,21.327
short_2026-06-06T080000_BEATUSDT,short,2026-06-06 08:00:00,BEATUSDT,EARLY_BREAKOUT -> WEAK_TREND -> REVERSAL -> ACCELERATION -> PULLBACK -> FAKE_BREAKOUT -> PULLBACK -> FAKE_BREAKOUT -> ACCELERATION -> PULLBACK -> FAKE_BREAKOUT -> REVERSAL -> FAKE_BREAKOUT -> REVERSAL -> EXIT,14,REVERSAL,-7.4549
short_2026-06-06T080000_ALLOUSDT,short,2026-06-06 08:00:00,ALLOUSDT,EARLY_BREAKOUT -> ACCELERATION -> WEAK_TREND -> ACCELERATION -> EXHAUSTION -> FAKE_BREAKOUT -> REVERSAL -> PULLBACK -> HEALTHY_TREND -> PULLBACK -> REVERSAL -> FAKE_BREAKOUT -> ACCELERATION -> EXHAUSTION -> ACCELERATION -> EXHAUSTION -> ACCELERATION -> EXHAUSTION -> REVERSAL -> FAKE_BREAKOUT -> REVERSAL -> EXIT,21,REVERSAL,-74.8473
short_2026-06-06T080000_WLDUSDT,short,2026-06-06 08:00:00,WLDUSDT,EARLY_BREAKOUT -> ACCELERATION -> WEAK_TREND -> PULLBACK -> ACCELERATION -> WEAK_TREND -> ACCELERATION -> PULLBACK -> ACCELERATION -> HEALTHY_TREND -> ACCELERATION -> HEALTHY_TREND -> PULLBACK -> ACCELERATION -> PULLBACK -> HEALTHY_TREND -> WEAK_TREND -> PULLBACK -> EXHAUSTION -> ACCELERATION -> PULLBACK -> ACCELERATION -> PULLBACK -> ACCELERATION -> HEALTHY_TREND -> PULLBACK -> ACCELERATION -> HEALTHY_TREND -> ACCELERATION -> PULLBACK -> EXIT,30,PULLBACK,22.2979
short_2026-06-06T080000_币安人生USDT,short,2026-06-06 08:00:00,币安人生USDT,EARLY_BREAKOUT -> WEAK_TREND -> ACCELERATION -> EXHAUSTION -> REVERSAL -> PULLBACK -> ACCELERATION -> HEALTHY_TREND -> WEAK_TREND -> ACCELERATION -> HEALTHY_TREND -> WEAK_TREND -> ACCELERATION -> WEAK_TREND -> HEALTHY_TREND -> ACCELERATION -> WEAK_TREND -> PULLBACK -> FAKE_BREAKOUT -> REVERSAL -> FAKE_BREAKOUT -> ACCELERATION -> PULLBACK -> FAKE_BREAKOUT -> ACCELERATION -> PULLBACK -> FAKE_BREAKOUT -> REVERSAL -> EXIT,28,REVERSAL,-0.0802
short_2026-06-06T080000_CFGUSDT,short,2026-06-06 08:00:00,CFGUSDT,EARLY_BREAKOUT -> ACCELERATION -> EARLY_BREAKOUT -> EXHAUSTION -> HEALTHY_TREND -> EXHAUSTION -> PULLBACK -> ACCELERATION -> HEALTHY_TREND -> ACCELERATION -> HEALTHY_TREND -> ACCELERATION -> HEALTHY_TREND -> ACCELERATION -> HEALTHY_TREND -> ACCELERATION -> HEALTHY_TREND -> ACCELERATION -> WEAK_TREND -> ACCELERATION -> PULLBACK -> EXHAUSTION -> FAKE_BREAKOUT -> PULLBACK -> ACCELERATION -> FAKE_BREAKOUT -> ACCELERATION -> FAKE_BREAKOUT -> PULLBACK -> EXHAUSTION -> FAKE_BREAKOUT -> REVERSAL -> FAKE_BREAKOUT -> ACCELERATION -> PULLBACK -> EXHAUSTION -> EXIT,36,EXHAUSTION,3.5008
long_2026-06-06T100000_BEATUSDT,long,2026-06-06 10:00:00,BEATUSDT,EARLY_BREAKOUT -> EXHAUSTION -> FAKE_BREAKOUT -> ACCELERATION -> WEAK_TREND -> ACCELERATION -> HEALTHY_TREND -> WEAK_TREND -> ACCELERATION -> HEALTHY_TREND -> ACCELERATION -> HEALTHY_TREND -> PULLBACK -> HEALTHY_TREND -> PULLBACK -> ACCELERATION -> HEALTHY_TREND -> ACCELERATION -> HEALTHY_TREND -> WEAK_TREND -> PULLBACK -> HEALTHY_TREND -> PULLBACK -> ACCELERATION -> HEALTHY_TREND -> PULLBACK -> ACCELERATION -> WEAK_TREND -> ACCELERATION -> WEAK_TREND -> PULLBACK -> ACCELERATION -> PULLBACK -> ACCELERATION -> HEALTHY_TREND -> ACCELERATION -> PULLBACK -> ACCELERATION -> WEAK_TREND -> ACCELERATION -> PULLBACK -> EXIT,41,PULLBACK,25.1168
long_2026-06-06T100000_CLOUSDT,long,2026-06-06 10:00:00,CLOUSDT,EARLY_BREAKOUT -> ACCELERATION -> EARLY_BREAKOUT -> ACCELERATION -> HEALTHY_TREND -> PULLBACK -> ACCELERATION -> PULLBACK -> ACCELERATION -> PULLBACK -> ACCELERATION -> HEALTHY_TREND -> ACCELERATION -> HEALTHY_TREND -> ACCELERATION -> PULLBACK -> ACCELERATION -> PULLBACK -> ACCELERATION -> PULLBACK -> ACCELERATION -> PULLBACK -> ACCELERATION -> PULLBACK -> ACCELERATION -> PULLBACK -> EXHAUSTION -> PULLBACK -> ACCELERATION -> PULLBACK -> ACCELERATION -> PULLBACK -> EXIT,32,PULLBACK,24.598
long_2026-06-06T100000_OPNUSDT,long,2026-06-06 10:00:00,OPNUSDT,EARLY_BREAKOUT -> ACCELERATION -> HEALTHY_TREND -> PULLBACK -> ACCELERATION -> PULLBACK -> ACCELERATION -> WEAK_TREND -> ACCELERATION -> WEAK_TREND -> ACCELERATION -> WEAK_TREND -> EXHAUSTION -> PULLBACK -> HEALTHY_TREND -> ACCELERATION -> HEALTHY_TREND -> PULLBACK -> EXHAUSTION -> PULLBACK -> EXHAUSTION -> ACCELERATION -> HEALTHY_TREND -> PULLBACK -> ACCELERATION -> FAKE_BREAKOUT -> REVERSAL -> EXIT,27,REVERSAL,-21.9957
long_2026-06-06T100000_MYXUSDT,long,2026-06-06 10:00:00,MYXUSDT,EARLY_BREAKOUT -> ACCELERATION -> HEALTHY_TREND -> WEAK_TREND -> EXHAUSTION -> REVERSAL -> EXIT,6,REVERSAL,-3.9038
long_2026-06-06T100000_ZBTUSDT,long,2026-06-06 10:00:00,ZBTUSDT,EARLY_BREAKOUT -> PULLBACK -> ACCELERATION -> WEAK_TREND -> ACCELERATION -> WEAK_TREND -> ACCELERATION -> WEAK_TREND -> EXHAUSTION -> FAKE_BREAKOUT -> REVERSAL -> EXIT,11,REVERSAL,-5.3673
short_2026-06-06T100000_SLXUSDT,short,2026-06-06 10:00:00,SLXUSDT,EARLY_BREAKOUT -> WEAK_TREND -> EXHAUSTION -> ACCELERATION -> WEAK_TREND -> ACCELERATION -> PULLBACK -> ACCELERATION -> PULLBACK -> EXHAUSTION -> ACCELERATION -> PULLBACK -> ACCELERATION -> HEALTHY_TREND -> ACCELERATION -> PULLBACK -> HEALTHY_TREND -> PULLBACK -> ACCELERATION -> WEAK_TREND -> ACCELERATION -> HEALTHY_TREND -> ACCELERATION -> WEAK_TREND -> PULLBACK -> HEALTHY_TREND -> WEAK_TREND -> ACCELERATION -> HEALTHY_TREND -> WEAK_TREND -> PULLBACK -> EXIT,31,PULLBACK,17.6353
short_2026-06-06T100000_WLDUSDT,short,2026-06-06 10:00:00,WLDUSDT,EARLY_BREAKOUT -> PULLBACK -> FAKE_BREAKOUT -> ACCELERATION -> HEALTHY_TREND -> ACCELERATION -> HEALTHY_TREND -> PULLBACK -> ACCELERATION -> PULLBACK -> HEALTHY_TREND -> WEAK_TREND -> PULLBACK -> EXHAUSTION -> ACCELERATION -> PULLBACK -> ACCELERATION -> PULLBACK -> ACCELERATION -> HEALTHY_TREND -> PULLBACK -> ACCELERATION -> HEALTHY_TREND -> ACCELERATION -> PULLBACK -> ACCELERATION -> PULLBACK -> EXIT,27,PULLBACK,20.7324
short_2026-06-06T100000_GUAUSDT,short,2026-06-06 10:00:00,GUAUSDT,EARLY_BREAKOUT -> ACCELERATION -> WEAK_TREND -> ACCELERATION -> HEALTHY_TREND -> ACCELERATION -> PULLBACK -> FAKE_BREAKOUT -> PULLBACK -> ACCELERATION -> HEALTHY_TREND -> ACCELERATION -> PULLBACK -> EXHAUSTION -> PULLBACK -> FAKE_BREAKOUT -> PULLBACK -> ACCELERATION -> PULLBACK -> EXHAUSTION -> ACCELERATION -> EXHAUSTION -> ACCELERATION -> PULLBACK -> EXHAUSTION -> PULLBACK -> ACCELERATION -> PULLBACK -> EXHAUSTION -> FAKE_BREAKOUT -> PULLBACK -> EXHAUSTION -> ACCELERATION -> EXHAUSTION -> ACCELERATION -> PULLBACK -> EXHAUSTION -> EXIT,37,EXHAUSTION,8.4744
short_2026-06-06T100000_LAUSDT,short,2026-06-06 10:00:00,LAUSDT,EARLY_BREAKOUT -> WEAK_TREND -> ACCELERATION -> WEAK_TREND -> ACCELERATION -> HEALTHY_TREND -> ACCELERATION -> HEALTHY_TREND -> WEAK_TREND -> ACCELERATION -> HEALTHY_TREND -> ACCELERATION -> HEALTHY_TREND -> ACCELERATION -> HEALTHY_TREND -> ACCELERATION -> PULLBACK -> ACCELERATION -> PULLBACK -> ACCELERATION -> PULLBACK -> ACCELERATION -> PULLBACK -> EXIT,23,PULLBACK,7.1014
short_2026-06-06T100000_INUSDT,short,2026-06-06 10:00:00,INUSDT,EARLY_BREAKOUT -> ACCELERATION -> HEALTHY_TREND -> ACCELERATION -> WEAK_TREND -> ACCELERATION -> WEAK_TREND -> ACCELERATION -> WEAK_TREND -> PULLBACK -> ACCELERATION -> WEAK_TREND -> ACCELERATION -> WEAK_TREND -> PULLBACK -> ACCELERATION -> PULLBACK -> EXHAUSTION -> PULLBACK -> EXHAUSTION -> ACCELERATION -> PULLBACK -> ACCELERATION -> PULLBACK -> ACCELERATION -> PULLBACK -> ACCELERATION -> EXIT,27,ACCELERATION,8.1401
long_2026-06-06T120000_HOMEUSDT,long,2026-06-06 12:00:00,HOMEUSDT,EARLY_BREAKOUT -> ACCELERATION -> WEAK_TREND -> ACCELERATION -> HEALTHY_TREND -> WEAK_TREND -> FAKE_BREAKOUT -> REVERSAL -> EXIT,8,REVERSAL,-8.292
long_2026-06-06T120000_BSBUSDT,long,2026-06-06 12:00:00,BSBUSDT,EARLY_BREAKOUT -> WEAK_TREND -> ACCELERATION -> HEALTHY_TREND -> REVERSAL -> EXIT,5,REVERSAL,-5.2369
long_2026-06-06T120000_OPNUSDT,long,2026-06-06 12:00:00,OPNUSDT,EARLY_BREAKOUT -> WEAK_TREND -> ACCELERATION -> EARLY_BREAKOUT -> REVERSAL -> PULLBACK -> HEALTHY_TREND -> ACCELERATION -> HEALTHY_TREND -> EXHAUSTION -> FAKE_BREAKOUT -> PULLBACK -> FAKE_BREAKOUT -> ACCELERATION -> HEALTHY_TREND -> PULLBACK -> ACCELERATION -> FAKE_BREAKOUT -> REVERSAL -> EXIT,19,REVERSAL,-29.9291
long_2026-06-06T120000_EPICUSDT,long,2026-06-06 12:00:00,EPICUSDT,EARLY_BREAKOUT -> REVERSAL -> ACCELERATION -> HEALTHY_TREND -> WEAK_TREND -> PULLBACK -> FAKE_BREAKOUT -> ACCELERATION -> WEAK_TREND -> ACCELERATION -> HEALTHY_TREND -> EXHAUSTION -> ACCELERATION -> PULLBACK -> EXHAUSTION -> PULLBACK -> ACCELERATION -> EXHAUSTION -> FAKE_BREAKOUT -> PULLBACK -> FAKE_BREAKOUT -> PULLBACK -> FAKE_BREAKOUT -> ACCELERATION -> PULLBACK -> EXHAUSTION -> ACCELERATION -> PULLBACK -> EXIT,28,PULLBACK,6.2632
long_2026-06-06T120000_FOLKSUSDT,long,2026-06-06 12:00:00,FOLKSUSDT,EARLY_BREAKOUT -> WEAK_TREND -> FAKE_BREAKOUT -> REVERSAL -> FAKE_BREAKOUT -> REVERSAL -> FAKE_BREAKOUT -> REVERSAL -> FAKE_BREAKOUT -> HEALTHY_TREND -> PULLBACK -> FAKE_BREAKOUT -> ACCELERATION -> FAKE_BREAKOUT -> HEALTHY_TREND -> ACCELERATION -> FAKE_BREAKOUT -> ACCELERATION -> EXHAUSTION -> ACCELERATION -> HEALTHY_TREND -> ACCELERATION -> HEALTHY_TREND -> ACCELERATION -> WEAK_TREND -> ACCELERATION -> WEAK_TREND -> EXIT,27,WEAK_TREND,4.7965
short_2026-06-06T120000_API3USDT,short,2026-06-06 12:00:00,API3USDT,EARLY_BREAKOUT -> ACCELERATION -> WEAK_TREND -> ACCELERATION -> HEALTHY_TREND -> ACCELERATION -> HEALTHY_TREND -> ACCELERATION -> PULLBACK -> EXHAUSTION -> PULLBACK -> EXHAUSTION -> PULLBACK -> EXHAUSTION -> PULLBACK -> EXHAUSTION -> FAKE_BREAKOUT -> PULLBACK -> FAKE_BREAKOUT -> ACCELERATION -> EXHAUSTION -> ACCELERATION -> EXHAUSTION -> PULLBACK -> EXHAUSTION -> PULLBACK -> EXHAUSTION -> FAKE_BREAKOUT -> ACCELERATION -> EXIT,29,ACCELERATION,4.0168
short_2026-06-06T120000_CLOUSDT,short,2026-06-06 12:00:00,CLOUSDT,EARLY_BREAKOUT -> WEAK_TREND -> ACCELERATION -> PULLBACK -> ACCELERATION -> PULLBACK -> FAKE_BREAKOUT -> PULLBACK -> FAKE_BREAKOUT -> REVERSAL -> PULLBACK -> FAKE_BREAKOUT -> REVERSAL -> EXIT,13,REVERSAL,-3.2953
short_2026-06-06T120000_TAUSDT,short,2026-06-06 12:00:00,TAUSDT,EARLY_BREAKOUT -> ACCELERATION -> WEAK_TREND -> HEALTHY_TREND -> ACCELERATION -> WEAK_TREND -> ACCELERATION -> PULLBACK -> ACCELERATION -> PULLBACK -> ACCELERATION -> WEAK_TREND -> ACCELERATION -> WEAK_TREND -> ACCELERATION -> WEAK_TREND -> ACCELERATION -> HEALTHY_TREND -> ACCELERATION -> WEAK_TREND -> PULLBACK -> EXHAUSTION -> PULLBACK -> EXHAUSTION -> FAKE_BREAKOUT -> REVERSAL -> FAKE_BREAKOUT -> REVERSAL -> EXIT,28,REVERSAL,-2.5725
short_2026-06-06T120000_ZECUSDT,short,2026-06-06 12:00:00,ZECUSDT,EARLY_BREAKOUT -> ACCELERATION -> WEAK_TREND -> ACCELERATION -> HEALTHY_TREND -> WEAK_TREND -> ACCELERATION -> PULLBACK -> FAKE_BREAKOUT -> PULLBACK -> FAKE_BREAKOUT -> REVERSAL -> FAKE_BREAKOUT -> ACCELERATION -> PULLBACK -> ACCELERATION -> EXHAUSTION -> FAKE_BREAKOUT -> PULLBACK -> FAKE_BREAKOUT -> ACCELERATION -> PULLBACK -> EXHAUSTION -> FAKE_BREAKOUT -> PULLBACK -> HEALTHY_TREND -> EXHAUSTION -> ACCELERATION -> PULLBACK -> ACCELERATION -> WEAK_TREND -> EXIT,31,WEAK_TREND,9.1437
short_2026-06-06T120000_HEIUSDT,short,2026-06-06 12:00:00,HEIUSDT,EARLY_BREAKOUT -> WEAK_TREND -> ACCELERATION -> WEAK_TREND -> EXHAUSTION -> ACCELERATION -> PULLBACK -> ACCELERATION -> PULLBACK -> ACCELERATION -> REVERSAL -> EXIT,11,REVERSAL,-58.3085
long_2026-06-06T140000_BANUSDT,long,2026-06-06 14:00:00,BANUSDT,EARLY_BREAKOUT -> ACCELERATION -> EARLY_BREAKOUT -> PULLBACK -> ACCELERATION -> PULLBACK -> EXHAUSTION -> PULLBACK -> FAKE_BREAKOUT -> ACCELERATION -> PULLBACK -> EXHAUSTION -> PULLBACK -> EXHAUSTION -> PULLBACK -> EXHAUSTION -> ACCELERATION -> EXHAUSTION -> FAKE_BREAKOUT -> PULLBACK -> EXIT,20,PULLBACK,6.6951
long_2026-06-06T140000_EPICUSDT,long,2026-06-06 14:00:00,EPICUSDT,EARLY_BREAKOUT -> ACCELERATION -> WEAK_TREND -> ACCELERATION -> HEALTHY_TREND -> EXHAUSTION -> ACCELERATION -> PULLBACK -> EXHAUSTION -> PULLBACK -> ACCELERATION -> EXHAUSTION -> FAKE_BREAKOUT -> PULLBACK -> FAKE_BREAKOUT -> PULLBACK -> FAKE_BREAKOUT -> ACCELERATION -> PULLBACK -> EXHAUSTION -> ACCELERATION -> PULLBACK -> ACCELERATION -> HEALTHY_TREND -> PULLBACK -> EXIT,25,PULLBACK,6.1221
long_2026-06-06T140000_OPNUSDT,long,2026-06-06 14:00:00,OPNUSDT,EARLY_BREAKOUT -> ACCELERATION -> EARLY_BREAKOUT -> FAKE_BREAKOUT -> REVERSAL -> FAKE_BREAKOUT -> REVERSAL -> ACCELERATION -> HEALTHY_TREND -> PULLBACK -> ACCELERATION -> REVERSAL -> EXIT,12,REVERSAL,-42.2442
long_2026-06-06T140000_ZESTUSDT,long,2026-06-06 14:00:00,ZESTUSDT,EARLY_BREAKOUT -> ACCELERATION -> WEAK_TREND -> ACCELERATION -> PULLBACK -> ACCELERATION -> HEALTHY_TREND -> PULLBACK -> EXHAUSTION -> ACCELERATION -> HEALTHY_TREND -> PULLBACK -> ACCELERATION -> PULLBACK -> ACCELERATION -> PULLBACK -> ACCELERATION -> PULLBACK -> EXHAUSTION -> FAKE_BREAKOUT -> ACCELERATION -> EXHAUSTION -> ACCELERATION -> PULLBACK -> ACCELERATION -> PULLBACK -> ACCELERATION -> FAKE_BREAKOUT -> EXIT,28,FAKE_BREAKOUT,1.014
long_2026-06-06T140000_ALLOUSDT,long,2026-06-06 14:00:00,ALLOUSDT,EARLY_BREAKOUT -> ACCELERATION -> EARLY_BREAKOUT -> ACCELERATION -> EXHAUSTION -> FAKE_BREAKOUT -> ACCELERATION -> HEALTHY_TREND -> ACCELERATION -> HEALTHY_TREND -> ACCELERATION -> HEALTHY_TREND -> ACCELERATION -> HEALTHY_TREND -> ACCELERATION -> HEALTHY_TREND -> ACCELERATION -> PULLBACK -> ACCELERATION -> PULLBACK -> ACCELERATION -> PULLBACK -> ACCELERATION -> PULLBACK -> ACCELERATION -> PULLBACK -> ACCELERATION -> HEALTHY_TREND -> ACCELERATION -> PULLBACK -> ACCELERATION -> PULLBACK -> EXIT,32,PULLBACK,83.9418
short_2026-06-06T140000_HEIUSDT,short,2026-06-06 14:00:00,HEIUSDT,EARLY_BREAKOUT -> WEAK_TREND -> ACCELERATION -> REVERSAL -> EXIT,4,REVERSAL,-86.1701
short_2026-06-06T140000_TAUSDT,short,2026-06-06 14:00:00,TAUSDT,EARLY_BREAKOUT -> ACCELERATION -> EXHAUSTION -> ACCELERATION -> EXHAUSTION -> ACCELERATION -> WEAK_TREND -> ACCELERATION -> WEAK_TREND -> ACCELERATION -> WEAK_TREND -> ACCELERATION -> HEALTHY_TREND -> ACCELERATION -> WEAK_TREND -> PULLBACK -> FAKE_BREAKOUT -> REVERSAL -> EXIT,18,REVERSAL,-13.2863
short_2026-06-06T140000_B2USDT,short,2026-06-06 14:00:00,B2USDT,EARLY_BREAKOUT -> ACCELERATION -> WEAK_TREND -> HEALTHY_TREND -> WEAK_TREND -> REVERSAL -> EXIT,6,REVERSAL,-4.9955
short_2026-06-06T140000_ALLOUSDT,short,2026-06-06 14:00:00,ALLOUSDT,EARLY_BREAKOUT -> REVERSAL -> EXIT,2,REVERSAL,-83.9418
short_2026-06-06T140000_BANUSDT,short,2026-06-06 14:00:00,BANUSDT,EARLY_BREAKOUT -> REVERSAL -> EXIT,2,REVERSAL,-6.6951
long_2026-06-06T160000_ASRUSDT,long,2026-06-06 16:00:00,ASRUSDT,EARLY_BREAKOUT -> ACCELERATION -> EARLY_BREAKOUT -> EXHAUSTION -> ACCELERATION -> EXHAUSTION -> PULLBACK -> ACCELERATION -> PULLBACK -> ACCELERATION -> WEAK_TREND -> PULLBACK -> HEALTHY_TREND -> ACCELERATION -> PULLBACK -> ACCELERATION -> PULLBACK -> ACCELERATION -> PULLBACK -> ACCELERATION -> PULLBACK -> EXHAUSTION -> PULLBACK -> EXHAUSTION -> PULLBACK -> EXHAUSTION -> ACCELERATION -> PULLBACK -> ACCELERATION -> EXHAUSTION -> FAKE_BREAKOUT -> PULLBACK -> EXHAUSTION -> ACCELERATION -> PULLBACK -> ACCELERATION -> EXIT,36,ACCELERATION,18.1045
long_2026-06-06T160000_PLAYUSDT,long,2026-06-06 16:00:00,PLAYUSDT,EARLY_BREAKOUT -> ACCELERATION -> EARLY_BREAKOUT -> WEAK_TREND -> ACCELERATION -> PULLBACK -> ACCELERATION -> PULLBACK -> EXHAUSTION -> PULLBACK -> ACCELERATION -> EXHAUSTION -> PULLBACK -> EXHAUSTION -> PULLBACK -> ACCELERATION -> PULLBACK -> ACCELERATION -> PULLBACK -> EXHAUSTION -> PULLBACK -> ACCELERATION -> PULLBACK -> ACCELERATION -> PULLBACK -> ACCELERATION -> PULLBACK -> ACCELERATION -> PULLBACK -> EXIT,29,PULLBACK,9.4948
long_2026-06-06T160000_UAIUSDT,long,2026-06-06 16:00:00,UAIUSDT,EARLY_BREAKOUT -> PULLBACK -> ACCELERATION -> PULLBACK -> ACCELERATION -> PULLBACK -> ACCELERATION -> WEAK_TREND -> PULLBACK -> EXHAUSTION -> FAKE_BREAKOUT -> PULLBACK -> ACCELERATION -> FAKE_BREAKOUT -> ACCELERATION -> PULLBACK -> EXHAUSTION -> ACCELERATION -> PULLBACK -> ACCELERATION -> WEAK_TREND -> ACCELERATION -> WEAK_TREND -> PULLBACK -> HEALTHY_TREND -> PULLBACK -> ACCELERATION -> WEAK_TREND -> ACCELERATION -> HEALTHY_TREND -> WEAK_TREND -> PULLBACK -> EXIT,32,PULLBACK,5.8249
long_2026-06-06T160000_UBUSDT,long,2026-06-06 16:00:00,UBUSDT,EARLY_BREAKOUT -> ACCELERATION -> EARLY_BREAKOUT -> ACCELERATION -> WEAK_TREND -> EXHAUSTION -> PULLBACK -> ACCELERATION -> PULLBACK -> ACCELERATION -> EXHAUSTION -> PULLBACK -> EXHAUSTION -> ACCELERATION -> EXHAUSTION -> FAKE_BREAKOUT -> ACCELERATION -> HEALTHY_TREND -> PULLBACK -> ACCELERATION -> PULLBACK -> EXHAUSTION -> PULLBACK -> HEALTHY_TREND -> ACCELERATION -> HEALTHY_TREND -> PULLBACK -> ACCELERATION -> HEALTHY_TREND -> EXHAUSTION -> PULLBACK -> EXHAUSTION -> ACCELERATION -> EXHAUSTION -> ACCELERATION -> EXIT,35,ACCELERATION,6.0508
long_2026-06-06T160000_XLMUSDT,long,2026-06-06 16:00:00,XLMUSDT,EARLY_BREAKOUT -> ACCELERATION -> EARLY_BREAKOUT -> ACCELERATION -> HEALTHY_TREND -> ACCELERATION -> PULLBACK -> ACCELERATION -> PULLBACK -> EXHAUSTION -> FAKE_BREAKOUT -> ACCELERATION -> EXHAUSTION -> ACCELERATION -> PULLBACK -> EXHAUSTION -> PULLBACK -> ACCELERATION -> PULLBACK -> ACCELERATION -> PULLBACK -> ACCELERATION -> HEALTHY_TREND -> WEAK_TREND -> ACCELERATION -> WEAK_TREND -> ACCELERATION -> WEAK_TREND -> PULLBACK -> EXIT,29,PULLBACK,6.27
short_2026-06-06T160000_BANUSDT,short,2026-06-06 16:00:00,BANUSDT,EARLY_BREAKOUT -> ACCELERATION -> HEALTHY_TREND -> ACCELERATION -> WEAK_TREND -> ACCELERATION -> HEALTHY_TREND -> REVERSAL -> FAKE_BREAKOUT -> ACCELERATION -> PULLBACK -> ACCELERATION -> PULLBACK -> ACCELERATION -> PULLBACK -> ACCELERATION -> HEALTHY_TREND -> WEAK_TREND -> PULLBACK -> EXHAUSTION -> FAKE_BREAKOUT -> PULLBACK -> ACCELERATION -> PULLBACK -> EXIT,24,PULLBACK,3.5541
short_2026-06-06T160000_HEIUSDT,short,2026-06-06 16:00:00,HEIUSDT,EARLY_BREAKOUT -> REVERSAL -> ACCELERATION -> FAKE_BREAKOUT -> REVERSAL -> EXIT,5,REVERSAL,-46.023
short_2026-06-06T160000_AIOUSDT,short,2026-06-06 16:00:00,AIOUSDT,EARLY_BREAKOUT -> ACCELERATION -> EARLY_BREAKOUT -> ACCELERATION -> EXHAUSTION -> REVERSAL -> EXIT,6,REVERSAL,-13.8789
short_2026-06-06T160000_EPICUSDT,short,2026-06-06 16:00:00,EPICUSDT,EARLY_BREAKOUT -> ACCELERATION -> HEALTHY_TREND -> WEAK_TREND -> EXHAUSTION -> HEALTHY_TREND -> ACCELERATION -> HEALTHY_TREND -> WEAK_TREND -> ACCELERATION -> PULLBACK -> EXHAUSTION -> PULLBACK -> EXHAUSTION -> PULLBACK -> ACCELERATION -> PULLBACK -> EXHAUSTION -> PULLBACK -> EXHAUSTION -> FAKE_BREAKOUT -> REVERSAL -> FAKE_BREAKOUT -> ACCELERATION -> EXHAUSTION -> ACCELERATION -> EXHAUSTION -> EXIT,27,EXHAUSTION,2.8871
short_2026-06-06T160000_ENAUSDT,short,2026-06-06 16:00:00,ENAUSDT,EARLY_BREAKOUT -> ACCELERATION -> HEALTHY_TREND -> ACCELERATION -> WEAK_TREND -> EXHAUSTION -> FAKE_BREAKOUT -> REVERSAL -> ACCELERATION -> HEALTHY_TREND -> WEAK_TREND -> ACCELERATION -> HEALTHY_TREND -> WEAK_TREND -> PULLBACK -> ACCELERATION -> HEALTHY_TREND -> WEAK_TREND -> EXHAUSTION -> FAKE_BREAKOUT -> REVERSAL -> ACCELERATION -> FAKE_BREAKOUT -> ACCELERATION -> HEALTHY_TREND -> PULLBACK -> ACCELERATION -> PULLBACK -> HEALTHY_TREND -> ACCELERATION -> WEAK_TREND -> PULLBACK -> HEALTHY_TREND -> ACCELERATION -> WEAK_TREND -> PULLBACK -> HEALTHY_TREND -> PULLBACK -> EXIT,38,PULLBACK,3.5873
long_2026-06-06T180000_ALLOUSDT,long,2026-06-06 18:00:00,ALLOUSDT,EARLY_BREAKOUT -> ACCELERATION -> HEALTHY_TREND -> ACCELERATION -> HEALTHY_TREND -> ACCELERATION -> PULLBACK -> ACCELERATION -> PULLBACK -> ACCELERATION -> PULLBACK -> ACCELERATION -> PULLBACK -> ACCELERATION -> PULLBACK -> ACCELERATION -> HEALTHY_TREND -> ACCELERATION -> PULLBACK -> ACCELERATION -> PULLBACK -> ACCELERATION -> PULLBACK -> ACCELERATION -> PULLBACK -> ACCELERATION -> HEALTHY_TREND -> ACCELERATION -> PULLBACK -> EXIT,29,PULLBACK,67.5213
long_2026-06-06T180000_ASRUSDT,long,2026-06-06 18:00:00,ASRUSDT,EARLY_BREAKOUT -> PULLBACK -> ACCELERATION -> WEAK_TREND -> PULLBACK -> HEALTHY_TREND -> ACCELERATION -> PULLBACK -> ACCELERATION -> PULLBACK -> EXHAUSTION -> PULLBACK -> ACCELERATION -> PULLBACK -> ACCELERATION -> EXHAUSTION -> FAKE_BREAKOUT -> EXIT,17,FAKE_BREAKOUT,4.8335
long_2026-06-06T180000_SANTOSUSDT,long,2026-06-06 18:00:00,SANTOSUSDT,EARLY_BREAKOUT -> WEAK_TREND -> ACCELERATION -> EARLY_BREAKOUT -> PULLBACK -> FAKE_BREAKOUT -> PULLBACK -> FAKE_BREAKOUT -> ACCELERATION -> FAKE_BREAKOUT -> REVERSAL -> FAKE_BREAKOUT -> REVERSAL -> FAKE_BREAKOUT -> REVERSAL -> EXIT,15,REVERSAL,-1.5564
long_2026-06-06T180000_JELLYJELLYUSDT,long,2026-06-06 18:00:00,JELLYJELLYUSDT,EARLY_BREAKOUT -> ACCELERATION -> WEAK_TREND -> PULLBACK -> EXHAUSTION -> PULLBACK -> ACCELERATION -> PULLBACK -> EXHAUSTION -> PULLBACK -> EXHAUSTION -> PULLBACK -> EXHAUSTION -> PULLBACK -> FAKE_BREAKOUT -> PULLBACK -> EXHAUSTION -> ACCELERATION -> EXHAUSTION -> FAKE_BREAKOUT -> REVERSAL -> EXIT,21,REVERSAL,-2.011
long_2026-06-06T180000_BANUSDT,long,2026-06-06 18:00:00,BANUSDT,EARLY_BREAKOUT -> ACCELERATION -> EARLY_BREAKOUT -> PULLBACK -> EXHAUSTION -> FAKE_BREAKOUT -> PULLBACK -> FAKE_BREAKOUT -> REVERSAL -> FAKE_BREAKOUT -> REVERSAL -> FAKE_BREAKOUT -> EXIT,12,FAKE_BREAKOUT,2.1578
short_2026-06-06T180000_OPNUSDT,short,2026-06-06 18:00:00,OPNUSDT,EARLY_BREAKOUT -> ACCELERATION -> EARLY_BREAKOUT -> ACCELERATION -> PULLBACK -> ACCELERATION -> HEALTHY_TREND -> EXHAUSTION -> ACCELERATION -> PULLBACK -> ACCELERATION -> HEALTHY_TREND -> PULLBACK -> ACCELERATION -> WEAK_TREND -> PULLBACK -> ACCELERATION -> WEAK_TREND -> ACCELERATION -> PULLBACK -> ACCELERATION -> HEALTHY_TREND -> ACCELERATION -> PULLBACK -> ACCELERATION -> PULLBACK -> ACCELERATION -> EXIT,27,ACCELERATION,42.6134
short_2026-06-06T180000_RIFUSDT,short,2026-06-06 18:00:00,RIFUSDT,EARLY_BREAKOUT -> ACCELERATION -> HEALTHY_TREND -> ACCELERATION -> PULLBACK -> ACCELERATION -> EXHAUSTION -> PULLBACK -> HEALTHY_TREND -> ACCELERATION -> HEALTHY_TREND -> WEAK_TREND -> HEALTHY_TREND -> FAKE_BREAKOUT -> PULLBACK -> FAKE_BREAKOUT -> ACCELERATION -> PULLBACK -> EXHAUSTION -> ACCELERATION -> FAKE_BREAKOUT -> ACCELERATION -> EXHAUSTION -> ACCELERATION -> HEALTHY_TREND -> WEAK_TREND -> ACCELERATION -> PULLBACK -> ACCELERATION -> HEALTHY_TREND -> ACCELERATION -> HEALTHY_TREND -> WEAK_TREND -> ACCELERATION -> HEALTHY_TREND -> ACCELERATION -> HEALTHY_TREND -> WEAK_TREND -> PULLBACK -> EXHAUSTION -> EXIT,40,EXHAUSTION,3.3788
short_2026-06-06T180000_USELESSUSDT,short,2026-06-06 18:00:00,USELESSUSDT,EARLY_BREAKOUT -> WEAK_TREND -> ACCELERATION -> HEALTHY_TREND -> ACCELERATION -> WEAK_TREND -> PULLBACK -> EXHAUSTION -> ACCELERATION -> HEALTHY_TREND -> WEAK_TREND -> ACCELERATION -> PULLBACK -> ACCELERATION -> PULLBACK -> HEALTHY_TREND -> ACCELERATION -> WEAK_TREND -> ACCELERATION -> WEAK_TREND -> ACCELERATION -> WEAK_TREND -> ACCELERATION -> PULLBACK -> ACCELERATION -> HEALTHY_TREND -> PULLBACK -> ACCELERATION -> PULLBACK -> ACCELERATION -> HEALTHY_TREND -> PULLBACK -> ACCELERATION -> WEAK_TREND -> EXIT,34,WEAK_TREND,8.4374
short_2026-06-06T180000_ENAUSDT,short,2026-06-06 18:00:00,ENAUSDT,EARLY_BREAKOUT -> REVERSAL -> WEAK_TREND -> ACCELERATION -> HEALTHY_TREND -> WEAK_TREND -> ACCELERATION -> HEALTHY_TREND -> WEAK_TREND -> PULLBACK -> ACCELERATION -> HEALTHY_TREND -> WEAK_TREND -> FAKE_BREAKOUT -> REVERSAL -> FAKE_BREAKOUT -> ACCELERATION -> HEALTHY_TREND -> EXHAUSTION -> ACCELERATION -> PULLBACK -> HEALTHY_TREND -> ACCELERATION -> WEAK_TREND -> PULLBACK -> HEALTHY_TREND -> ACCELERATION -> WEAK_TREND -> PULLBACK -> HEALTHY_TREND -> PULLBACK -> ACCELERATION -> HEALTHY_TREND -> ACCELERATION -> WEAK_TREND -> PULLBACK -> HEALTHY_TREND -> PULLBACK -> EXIT,38,PULLBACK,3.2472
short_2026-06-06T180000_XLMUSDT,short,2026-06-06 18:00:00,XLMUSDT,EARLY_BREAKOUT -> WEAK_TREND -> ACCELERATION -> WEAK_TREND -> ACCELERATION -> WEAK_TREND -> PULLBACK -> EXHAUSTION -> PULLBACK -> FAKE_BREAKOUT -> PULLBACK -> FAKE_BREAKOUT -> REVERSAL -> FAKE_BREAKOUT -> REVERSAL -> FAKE_BREAKOUT -> REVERSAL -> FAKE_BREAKOUT -> REVERSAL -> EXIT,19,REVERSAL,-1.6168
long_2026-06-06T200000_VELVETUSDT,long,2026-06-06 20:00:00,VELVETUSDT,EARLY_BREAKOUT -> ACCELERATION -> WEAK_TREND -> ACCELERATION -> WEAK_TREND -> ACCELERATION -> HEALTHY_TREND -> PULLBACK -> ACCELERATION -> FAKE_BREAKOUT -> PULLBACK -> EXHAUSTION -> ACCELERATION -> HEALTHY_TREND -> PULLBACK -> ACCELERATION -> PULLBACK -> ACCELERATION -> HEALTHY_TREND -> ACCELERATION -> WEAK_TREND -> ACCELERATION -> PULLBACK -> EXHAUSTION -> PULLBACK -> EXHAUSTION -> ACCELERATION -> PULLBACK -> ACCELERATION -> PULLBACK -> ACCELERATION -> PULLBACK -> EXIT,32,PULLBACK,10.6143
long_2026-06-06T200000_CLOUSDT,long,2026-06-06 20:00:00,CLOUSDT,EARLY_BREAKOUT -> ACCELERATION -> EARLY_BREAKOUT -> ACCELERATION -> HEALTHY_TREND -> ACCELERATION -> WEAK_TREND -> PULLBACK -> HEALTHY_TREND -> WEAK_TREND -> PULLBACK -> ACCELERATION -> PULLBACK -> EXHAUSTION -> FAKE_BREAKOUT -> PULLBACK -> EXHAUSTION -> PULLBACK -> EXHAUSTION -> ACCELERATION -> EXHAUSTION -> ACCELERATION -> FAKE_BREAKOUT -> ACCELERATION -> EXHAUSTION -> FAKE_BREAKOUT -> ACCELERATION -> FAKE_BREAKOUT -> ACCELERATION -> PULLBACK -> EXHAUSTION -> ACCELERATION -> FAKE_BREAKOUT -> PULLBACK -> FAKE_BREAKOUT -> PULLBACK -> EXIT,36,PULLBACK,6.3671
long_2026-06-06T200000_FORMUSDT,long,2026-06-06 20:00:00,FORMUSDT,EARLY_BREAKOUT -> ACCELERATION -> HEALTHY_TREND -> WEAK_TREND -> ACCELERATION -> PULLBACK -> EXHAUSTION -> PULLBACK -> ACCELERATION -> PULLBACK -> EXHAUSTION -> PULLBACK -> EXHAUSTION -> ACCELERATION -> EXHAUSTION -> PULLBACK -> ACCELERATION -> HEALTHY_TREND -> PULLBACK -> EXHAUSTION -> PULLBACK -> ACCELERATION -> PULLBACK -> ACCELERATION -> HEALTHY_TREND -> WEAK_TREND -> ACCELERATION -> WEAK_TREND -> HEALTHY_TREND -> WEAK_TREND -> PULLBACK -> ACCELERATION -> WEAK_TREND -> ACCELERATION -> EXIT,34,ACCELERATION,8.4457
long_2026-06-06T200000_BEATUSDT,long,2026-06-06 20:00:00,BEATUSDT,EARLY_BREAKOUT -> ACCELERATION -> EARLY_BREAKOUT -> ACCELERATION -> PULLBACK -> ACCELERATION -> WEAK_TREND -> ACCELERATION -> PULLBACK -> EXHAUSTION -> ACCELERATION -> HEALTHY_TREND -> ACCELERATION -> WEAK_TREND -> ACCELERATION -> HEALTHY_TREND -> ACCELERATION -> HEALTHY_TREND -> ACCELERATION -> PULLBACK -> ACCELERATION -> WEAK_TREND -> ACCELERATION -> PULLBACK -> HEALTHY_TREND -> PULLBACK -> ACCELERATION -> PULLBACK -> ACCELERATION -> PULLBACK -> ACCELERATION -> PULLBACK -> EXIT,32,PULLBACK,14.9995
long_2026-06-06T200000_ALLOUSDT,long,2026-06-06 20:00:00,ALLOUSDT,EARLY_BREAKOUT -> ACCELERATION -> PULLBACK -> FAKE_BREAKOUT -> ACCELERATION -> REVERSAL -> FAKE_BREAKOUT -> ACCELERATION -> PULLBACK -> ACCELERATION -> PULLBACK -> FAKE_BREAKOUT -> PULLBACK -> FAKE_BREAKOUT -> PULLBACK -> ACCELERATION -> HEALTHY_TREND -> ACCELERATION -> PULLBACK -> ACCELERATION -> PULLBACK -> ACCELERATION -> WEAK_TREND -> PULLBACK -> ACCELERATION -> PULLBACK -> HEALTHY_TREND -> ACCELERATION -> HEALTHY_TREND -> ACCELERATION -> PULLBACK -> ACCELERATION -> PULLBACK -> EXHAUSTION -> FAKE_BREAKOUT -> PULLBACK -> FAKE_BREAKOUT -> EXIT,37,FAKE_BREAKOUT,3.0918
short_2026-06-06T200000_HEIUSDT,short,2026-06-06 20:00:00,HEIUSDT,EARLY_BREAKOUT -> PULLBACK -> ACCELERATION -> PULLBACK -> ACCELERATION -> PULLBACK -> EXHAUSTION -> REVERSAL -> PULLBACK -> FAKE_BREAKOUT -> ACCELERATION -> HEALTHY_TREND -> PULLBACK -> ACCELERATION -> HEALTHY_TREND -> PULLBACK -> EXHAUSTION -> PULLBACK -> ACCELERATION -> EXIT,19,ACCELERATION,16.5243
short_2026-06-06T200000_AIOUSDT,short,2026-06-06 20:00:00,AIOUSDT,EARLY_BREAKOUT -> WEAK_TREND -> ACCELERATION -> WEAK_TREND -> FAKE_BREAKOUT -> REVERSAL -> FAKE_BREAKOUT -> REVERSAL -> FAKE_BREAKOUT -> PULLBACK -> FAKE_BREAKOUT -> REVERSAL -> FAKE_BREAKOUT -> REVERSAL -> FAKE_BREAKOUT -> REVERSAL -> FAKE_BREAKOUT -> EXIT,17,FAKE_BREAKOUT,1.2244
short_2026-06-06T200000_ICNTUSDT,short,2026-06-06 20:00:00,ICNTUSDT,EARLY_BREAKOUT -> ACCELERATION -> WEAK_TREND -> ACCELERATION -> WEAK_TREND -> HEALTHY_TREND -> WEAK_TREND -> HEALTHY_TREND -> WEAK_TREND -> PULLBACK -> EXHAUSTION -> ACCELERATION -> WEAK_TREND -> FAKE_BREAKOUT -> REVERSAL -> FAKE_BREAKOUT -> REVERSAL -> FAKE_BREAKOUT -> ACCELERATION -> WEAK_TREND -> ACCELERATION -> WEAK_TREND -> ACCELERATION -> WEAK_TREND -> ACCELERATION -> WEAK_TREND -> ACCELERATION -> PULLBACK -> HEALTHY_TREND -> PULLBACK -> EXHAUSTION -> FAKE_BREAKOUT -> ACCELERATION -> WEAK_TREND -> PULLBACK -> EXHAUSTION -> PULLBACK -> FAKE_BREAKOUT -> EXIT,38,FAKE_BREAKOUT,0.9672
short_2026-06-06T200000_SANTOSUSDT,short,2026-06-06 20:00:00,SANTOSUSDT,EARLY_BREAKOUT -> WEAK_TREND -> REVERSAL -> ACCELERATION -> PULLBACK -> ACCELERATION -> HEALTHY_TREND -> EXHAUSTION -> PULLBACK -> HEALTHY_TREND -> ACCELERATION -> HEALTHY_TREND -> WEAK_TREND -> ACCELERATION -> PULLBACK -> HEALTHY_TREND -> ACCELERATION -> WEAK_TREND -> ACCELERATION -> HEALTHY_TREND -> WEAK_TREND -> PULLBACK -> ACCELERATION -> PULLBACK -> ACCELERATION -> PULLBACK -> EXHAUSTION -> PULLBACK -> EXHAUSTION -> EXIT,29,EXHAUSTION,3.5558
short_2026-06-06T200000_ZESTUSDT,short,2026-06-06 20:00:00,ZESTUSDT,EARLY_BREAKOUT -> ACCELERATION -> WEAK_TREND -> PULLBACK -> EXHAUSTION -> HEALTHY_TREND -> WEAK_TREND -> FAKE_BREAKOUT -> ACCELERATION -> PULLBACK -> FAKE_BREAKOUT -> REVERSAL -> ACCELERATION -> WEAK_TREND -> ACCELERATION -> WEAK_TREND -> PULLBACK -> EXHAUSTION -> ACCELERATION -> PULLBACK -> FAKE_BREAKOUT -> REVERSAL -> EXIT,22,REVERSAL,-1.3918
long_2026-06-06T220000_HEIUSDT,long,2026-06-06 22:00:00,HEIUSDT,EARLY_BREAKOUT -> ACCELERATION -> HEALTHY_TREND -> ACCELERATION -> HEALTHY_TREND -> ACCELERATION -> PULLBACK -> ACCELERATION -> PULLBACK -> EXHAUSTION -> PULLBACK -> ACCELERATION -> PULLBACK -> EXHAUSTION -> PULLBACK -> ACCELERATION -> PULLBACK -> EXHAUSTION -> FAKE_BREAKOUT -> REVERSAL -> EXIT,20,REVERSAL,-20.9937
long_2026-06-06T220000_SKYAIUSDT,long,2026-06-06 22:00:00,SKYAIUSDT,EARLY_BREAKOUT -> ACCELERATION -> WEAK_TREND -> ACCELERATION -> PULLBACK -> ACCELERATION -> HEALTHY_TREND -> ACCELERATION -> HEALTHY_TREND -> PULLBACK -> ACCELERATION -> HEALTHY_TREND -> WEAK_TREND -> ACCELERATION -> HEALTHY_TREND -> ACCELERATION -> PULLBACK -> ACCELERATION -> HEALTHY_TREND -> ACCELERATION -> HEALTHY_TREND -> PULLBACK -> ACCELERATION -> PULLBACK -> ACCELERATION -> PULLBACK -> ACCELERATION -> PULLBACK -> EXIT,28,PULLBACK,71.5099
long_2026-06-06T220000_TAUSDT,long,2026-06-06 22:00:00,TAUSDT,EARLY_BREAKOUT -> FAKE_BREAKOUT -> ACCELERATION -> HEALTHY_TREND -> PULLBACK -> EXHAUSTION -> PULLBACK -> EXHAUSTION -> PULLBACK -> ACCELERATION -> PULLBACK -> ACCELERATION -> PULLBACK -> ACCELERATION -> FAKE_BREAKOUT -> PULLBACK -> REVERSAL -> EXIT,17,REVERSAL,-7.0609
long_2026-06-06T220000_SOONUSDT,long,2026-06-06 22:00:00,SOONUSDT,EARLY_BREAKOUT -> ACCELERATION -> HEALTHY_TREND -> ACCELERATION -> HEALTHY_TREND -> PULLBACK -> ACCELERATION -> PULLBACK -> ACCELERATION -> PULLBACK -> ACCELERATION -> PULLBACK -> ACCELERATION -> PULLBACK -> HEALTHY_TREND -> PULLBACK -> ACCELERATION -> PULLBACK -> HEALTHY_TREND -> PULLBACK -> ACCELERATION -> HEALTHY_TREND -> WEAK_TREND -> ACCELERATION -> WEAK_TREND -> ACCELERATION -> HEALTHY_TREND -> WEAK_TREND -> EXIT,28,WEAK_TREND,12.7632
long_2026-06-06T220000_BILLUSDT,long,2026-06-06 22:00:00,BILLUSDT,EARLY_BREAKOUT -> EXHAUSTION -> ACCELERATION -> EXHAUSTION -> PULLBACK -> EXHAUSTION -> ACCELERATION -> PULLBACK -> FAKE_BREAKOUT -> REVERSAL -> FAKE_BREAKOUT -> ACCELERATION -> FAKE_BREAKOUT -> ACCELERATION -> FAKE_BREAKOUT -> ACCELERATION -> EXHAUSTION -> ACCELERATION -> PULLBACK -> EXHAUSTION -> ACCELERATION -> PULLBACK -> EXIT,22,PULLBACK,3.1536
short_2026-06-06T220000_SKYUSDT,short,2026-06-06 22:00:00,SKYUSDT,EARLY_BREAKOUT -> WEAK_TREND -> ACCELERATION -> WEAK_TREND -> ACCELERATION -> HEALTHY_TREND -> ACCELERATION -> WEAK_TREND -> HEALTHY_TREND -> PULLBACK -> HEALTHY_TREND -> ACCELERATION -> WEAK_TREND -> ACCELERATION -> WEAK_TREND -> ACCELERATION -> WEAK_TREND -> PULLBACK -> HEALTHY_TREND -> WEAK_TREND -> ACCELERATION -> HEALTHY_TREND -> ACCELERATION -> WEAK_TREND -> ACCELERATION -> WEAK_TREND -> ACCELERATION -> WEAK_TREND -> ACCELERATION -> HEALTHY_TREND -> WEAK_TREND -> HEALTHY_TREND -> WEAK_TREND -> HEALTHY_TREND -> PULLBACK -> EXIT,35,PULLBACK,4.4745
short_2026-06-06T220000_ESPORTSUSDT,short,2026-06-06 22:00:00,ESPORTSUSDT,EARLY_BREAKOUT -> ACCELERATION -> FAKE_BREAKOUT -> REVERSAL -> FAKE_BREAKOUT -> REVERSAL -> FAKE_BREAKOUT -> REVERSAL -> FAKE_BREAKOUT -> REVERSAL -> FAKE_BREAKOUT -> REVERSAL -> FAKE_BREAKOUT -> ACCELERATION -> WEAK_TREND -> ACCELERATION -> PULLBACK -> EXHAUSTION -> PULLBACK -> EXHAUSTION -> PULLBACK -> FAKE_BREAKOUT -> EXIT,22,FAKE_BREAKOUT,2.5543
short_2026-06-06T220000_ALLOUSDT,short,2026-06-06 22:00:00,ALLOUSDT,EARLY_BREAKOUT -> REVERSAL -> ACCELERATION -> REVERSAL -> ACCELERATION -> HEALTHY_TREND -> EXHAUSTION -> FAKE_BREAKOUT -> REVERSAL -> FAKE_BREAKOUT -> REVERSAL -> ACCELERATION -> PULLBACK -> ACCELERATION -> REVERSAL -> FAKE_BREAKOUT -> REVERSAL -> EXIT,17,REVERSAL,-8.0849
short_2026-06-06T220000_USELESSUSDT,short,2026-06-06 22:00:00,USELESSUSDT,EARLY_BREAKOUT -> ACCELERATION -> WEAK_TREND -> ACCELERATION -> FAKE_BREAKOUT -> ACCELERATION -> FAKE_BREAKOUT -> HEALTHY_TREND -> ACCELERATION -> WEAK_TREND -> ACCELERATION -> WEAK_TREND -> ACCELERATION -> WEAK_TREND -> ACCELERATION -> PULLBACK -> ACCELERATION -> HEALTHY_TREND -> PULLBACK -> ACCELERATION -> PULLBACK -> ACCELERATION -> HEALTHY_TREND -> PULLBACK -> ACCELERATION -> WEAK_TREND -> PULLBACK -> EXHAUSTION -> PULLBACK -> EXHAUSTION -> ACCELERATION -> EXHAUSTION -> PULLBACK -> EXHAUSTION -> PULLBACK -> EXHAUSTION -> FAKE_BREAKOUT -> PULLBACK -> REVERSAL -> EXIT,39,REVERSAL,-0.6876
short_2026-06-06T220000_币安人生USDT,short,2026-06-06 22:00:00,币安人生USDT,EARLY_BREAKOUT -> WEAK_TREND -> PULLBACK -> ACCELERATION -> HEALTHY_TREND -> PULLBACK -> FAKE_BREAKOUT -> REVERSAL -> FAKE_BREAKOUT -> ACCELERATION -> FAKE_BREAKOUT -> REVERSAL -> EXIT,12,REVERSAL,-13.1563
long_2026-06-07T000000_SKYAIUSDT,long,2026-06-07 00:00:00,SKYAIUSDT,EARLY_BREAKOUT -> ACCELERATION -> EARLY_BREAKOUT -> ACCELERATION -> HEALTHY_TREND -> PULLBACK -> ACCELERATION -> HEALTHY_TREND -> WEAK_TREND -> ACCELERATION -> HEALTHY_TREND -> ACCELERATION -> PULLBACK -> ACCELERATION -> HEALTHY_TREND -> ACCELERATION -> HEALTHY_TREND -> PULLBACK -> ACCELERATION -> PULLBACK -> ACCELERATION -> PULLBACK -> ACCELERATION -> PULLBACK -> ACCELERATION -> PULLBACK -> ACCELERATION -> PULLBACK -> EXHAUSTION -> EXIT,29,EXHAUSTION,27.9943
long_2026-06-07T000000_GWEIUSDT,long,2026-06-07 00:00:00,GWEIUSDT,EARLY_BREAKOUT -> ACCELERATION -> PULLBACK -> ACCELERATION -> PULLBACK -> HEALTHY_TREND -> PULLBACK -> ACCELERATION -> PULLBACK -> ACCELERATION -> PULLBACK -> ACCELERATION -> HEALTHY_TREND -> PULLBACK -> ACCELERATION -> HEALTHY_TREND -> ACCELERATION -> WEAK_TREND -> ACCELERATION -> WEAK_TREND -> PULLBACK -> HEALTHY_TREND -> ACCELERATION -> HEALTHY_TREND -> ACCELERATION -> HEALTHY_TREND -> PULLBACK -> ACCELERATION -> HEALTHY_TREND -> PULLBACK -> ACCELERATION -> HEALTHY_TREND -> ACCELERATION -> PULLBACK -> ACCELERATION -> HEALTHY_TREND -> ACCELERATION -> HEALTHY_TREND -> EXIT,38,HEALTHY_TREND,32.9818
long_2026-06-07T000000_ALLOUSDT,long,2026-06-07 00:00:00,ALLOUSDT,EARLY_BREAKOUT -> ACCELERATION -> HEALTHY_TREND -> ACCELERATION -> EXHAUSTION -> ACCELERATION -> EXHAUSTION -> PULLBACK -> ACCELERATION -> WEAK_TREND -> PULLBACK -> ACCELERATION -> PULLBACK -> HEALTHY_TREND -> ACCELERATION -> HEALTHY_TREND -> ACCELERATION -> PULLBACK -> ACCELERATION -> PULLBACK -> FAKE_BREAKOUT -> REVERSAL -> ACCELERATION -> HEALTHY_TREND -> FAKE_BREAKOUT -> ACCELERATION -> PULLBACK -> EXHAUSTION -> ACCELERATION -> PULLBACK -> ACCELERATION -> PULLBACK -> ACCELERATION -> EXIT,33,ACCELERATION,13.9637
long_2026-06-07T000000_VELVETUSDT,long,2026-06-07 00:00:00,VELVETUSDT,EARLY_BREAKOUT -> ACCELERATION -> EARLY_BREAKOUT -> HEALTHY_TREND -> EXHAUSTION -> ACCELERATION -> PULLBACK -> HEALTHY_TREND -> PULLBACK -> ACCELERATION -> HEALTHY_TREND -> ACCELERATION -> WEAK_TREND -> ACCELERATION -> EXHAUSTION -> PULLBACK -> FAKE_BREAKOUT -> ACCELERATION -> FAKE_BREAKOUT -> ACCELERATION -> FAKE_BREAKOUT -> ACCELERATION -> PULLBACK -> EXHAUSTION -> ACCELERATION -> PULLBACK -> ACCELERATION -> PULLBACK -> ACCELERATION -> EXIT,29,ACCELERATION,6.5331
long_2026-06-07T000000_LAUSDT,long,2026-06-07 00:00:00,LAUSDT,EARLY_BREAKOUT -> HEALTHY_TREND -> ACCELERATION -> HEALTHY_TREND -> PULLBACK -> ACCELERATION -> WEAK_TREND -> EXHAUSTION -> FAKE_BREAKOUT -> ACCELERATION -> EXHAUSTION -> FAKE_BREAKOUT -> ACCELERATION -> EXHAUSTION -> ACCELERATION -> EXHAUSTION -> FAKE_BREAKOUT -> PULLBACK -> FAKE_BREAKOUT -> ACCELERATION -> PULLBACK -> EXHAUSTION -> ACCELERATION -> EXHAUSTION -> ACCELERATION -> PULLBACK -> EXHAUSTION -> ACCELERATION -> FAKE_BREAKOUT -> ACCELERATION -> HEALTHY_TREND -> PULLBACK -> ACCELERATION -> HEALTHY_TREND -> ACCELERATION -> WEAK_TREND -> PULLBACK -> EXIT,37,PULLBACK,4.4358
short_2026-06-07T000000_HEIUSDT,short,2026-06-07 00:00:00,HEIUSDT,EARLY_BREAKOUT -> FAKE_BREAKOUT -> REVERSAL -> ACCELERATION -> EXHAUSTION -> FAKE_BREAKOUT -> REVERSAL -> ACCELERATION -> HEALTHY_TREND -> PULLBACK -> EXHAUSTION -> PULLBACK -> ACCELERATION -> HEALTHY_TREND -> PULLBACK -> ACCELERATION -> HEALTHY_TREND -> PULLBACK -> ACCELERATION -> HEALTHY_TREND -> PULLBACK -> ACCELERATION -> HEALTHY_TREND -> WEAK_TREND -> ACCELERATION -> HEALTHY_TREND -> WEAK_TREND -> ACCELERATION -> HEALTHY_TREND -> WEAK_TREND -> PULLBACK -> ACCELERATION -> PULLBACK -> ACCELERATION -> WEAK_TREND -> ACCELERATION -> EXIT,36,ACCELERATION,43.6101
short_2026-06-07T000000_HUSDT,short,2026-06-07 00:00:00,HUSDT,EARLY_BREAKOUT -> ACCELERATION -> PULLBACK -> ACCELERATION -> HEALTHY_TREND -> PULLBACK -> ACCELERATION -> HEALTHY_TREND -> ACCELERATION -> PULLBACK -> ACCELERATION -> PULLBACK -> ACCELERATION -> PULLBACK -> EXHAUSTION -> FAKE_BREAKOUT -> PULLBACK -> FAKE_BREAKOUT -> ACCELERATION -> PULLBACK -> EXHAUSTION -> ACCELERATION -> EXHAUSTION -> FAKE_BREAKOUT -> ACCELERATION -> EXHAUSTION -> ACCELERATION -> EXHAUSTION -> FAKE_BREAKOUT -> REVERSAL -> EXIT,30,REVERSAL,-5.5572
short_2026-06-07T000000_EDGEUSDT,short,2026-06-07 00:00:00,EDGEUSDT,EARLY_BREAKOUT -> ACCELERATION -> HEALTHY_TREND -> ACCELERATION -> WEAK_TREND -> ACCELERATION -> WEAK_TREND -> PULLBACK -> ACCELERATION -> HEALTHY_TREND -> WEAK_TREND -> ACCELERATION -> WEAK_TREND -> ACCELERATION -> WEAK_TREND -> ACCELERATION -> WEAK_TREND -> ACCELERATION -> PULLBACK -> EXHAUSTION -> FAKE_BREAKOUT -> PULLBACK -> ACCELERATION -> WEAK_TREND -> ACCELERATION -> WEAK_TREND -> HEALTHY_TREND -> ACCELERATION -> WEAK_TREND -> PULLBACK -> ACCELERATION -> EXHAUSTION -> PULLBACK -> ACCELERATION -> EXHAUSTION -> FAKE_BREAKOUT -> EXIT,36,FAKE_BREAKOUT,2.4959
short_2026-06-07T000000_KGENUSDT,short,2026-06-07 00:00:00,KGENUSDT,EARLY_BREAKOUT -> ACCELERATION -> WEAK_TREND -> ACCELERATION -> WEAK_TREND -> ACCELERATION -> FAKE_BREAKOUT -> REVERSAL -> PULLBACK -> HEALTHY_TREND -> WEAK_TREND -> PULLBACK -> FAKE_BREAKOUT -> REVERSAL -> FAKE_BREAKOUT -> REVERSAL -> FAKE_BREAKOUT -> REVERSAL -> FAKE_BREAKOUT -> ACCELERATION -> FAKE_BREAKOUT -> ACCELERATION -> PULLBACK -> EXHAUSTION -> FAKE_BREAKOUT -> REVERSAL -> EXIT,26,REVERSAL,-3.6164
short_2026-06-07T000000_MEUSDT,short,2026-06-07 00:00:00,MEUSDT,EARLY_BREAKOUT -> WEAK_TREND -> ACCELERATION -> WEAK_TREND -> ACCELERATION -> WEAK_TREND -> ACCELERATION -> HEALTHY_TREND -> ACCELERATION -> HEALTHY_TREND -> WEAK_TREND -> EXHAUSTION -> PULLBACK -> HEALTHY_TREND -> ACCELERATION -> WEAK_TREND -> ACCELERATION -> WEAK_TREND -> ACCELERATION -> WEAK_TREND -> ACCELERATION -> HEALTHY_TREND -> WEAK_TREND -> HEALTHY_TREND -> WEAK_TREND -> PULLBACK -> HEALTHY_TREND -> PULLBACK -> ACCELERATION -> EXHAUSTION -> FAKE_BREAKOUT -> PULLBACK -> EXHAUSTION -> ACCELERATION -> PULLBACK -> EXHAUSTION -> EXIT,36,EXHAUSTION,2.3252
long_2026-06-07T020000_SKYAIUSDT,long,2026-06-07 02:00:00,SKYAIUSDT,EARLY_BREAKOUT -> ACCELERATION -> EARLY_BREAKOUT -> ACCELERATION -> HEALTHY_TREND -> ACCELERATION -> PULLBACK -> ACCELERATION -> HEALTHY_TREND -> ACCELERATION -> HEALTHY_TREND -> PULLBACK -> ACCELERATION -> PULLBACK -> EXHAUSTION -> PULLBACK -> HEALTHY_TREND -> PULLBACK -> ACCELERATION -> PULLBACK -> ACCELERATION -> PULLBACK -> ACCELERATION -> PULLBACK -> ACCELERATION -> PULLBACK -> FAKE_BREAKOUT -> PULLBACK -> REVERSAL -> FAKE_BREAKOUT -> REVERSAL -> FAKE_BREAKOUT -> REVERSAL -> FAKE_BREAKOUT -> EXIT,34,FAKE_BREAKOUT,1.7393
long_2026-06-07T020000_SIRENUSDT,long,2026-06-07 02:00:00,SIRENUSDT,EARLY_BREAKOUT -> ACCELERATION -> HEALTHY_TREND -> ACCELERATION -> PULLBACK -> ACCELERATION -> HEALTHY_TREND -> WEAK_TREND -> PULLBACK -> ACCELERATION -> HEALTHY_TREND -> ACCELERATION -> PULLBACK -> ACCELERATION -> PULLBACK -> ACCELERATION -> WEAK_TREND -> ACCELERATION -> HEALTHY_TREND -> ACCELERATION -> WEAK_TREND -> ACCELERATION -> PULLBACK -> HEALTHY_TREND -> ACCELERATION -> PULLBACK -> EXHAUSTION -> PULLBACK -> EXHAUSTION -> ACCELERATION -> EXHAUSTION -> PULLBACK -> EXHAUSTION -> PULLBACK -> EXHAUSTION -> EXIT,35,EXHAUSTION,6.4695
long_2026-06-07T020000_CUSDT,long,2026-06-07 02:00:00,CUSDT,EARLY_BREAKOUT -> ACCELERATION -> HEALTHY_TREND -> ACCELERATION -> WEAK_TREND -> ACCELERATION -> WEAK_TREND -> PULLBACK -> EXHAUSTION -> FAKE_BREAKOUT -> ACCELERATION -> HEALTHY_TREND -> ACCELERATION -> WEAK_TREND -> ACCELERATION -> WEAK_TREND -> ACCELERATION -> HEALTHY_TREND -> WEAK_TREND -> ACCELERATION -> HEALTHY_TREND -> ACCELERATION -> PULLBACK -> EXHAUSTION -> PULLBACK -> ACCELERATION -> PULLBACK -> ACCELERATION -> PULLBACK -> FAKE_BREAKOUT -> PULLBACK -> ACCELERATION -> PULLBACK -> ACCELERATION -> PULLBACK -> EXIT,35,PULLBACK,4.5571
long_2026-06-07T020000_ALLOUSDT,long,2026-06-07 02:00:00,ALLOUSDT,EARLY_BREAKOUT -> ACCELERATION -> EARLY_BREAKOUT -> ACCELERATION -> WEAK_TREND -> PULLBACK -> FAKE_BREAKOUT -> HEALTHY_TREND -> REVERSAL -> ACCELERATION -> REVERSAL -> FAKE_BREAKOUT -> HEALTHY_TREND -> ACCELERATION -> HEALTHY_TREND -> ACCELERATION -> EXHAUSTION -> ACCELERATION -> PULLBACK -> EXHAUSTION -> REVERSAL -> HEALTHY_TREND -> REVERSAL -> FAKE_BREAKOUT -> PULLBACK -> FAKE_BREAKOUT -> PULLBACK -> FAKE_BREAKOUT -> ACCELERATION -> PULLBACK -> ACCELERATION -> REVERSAL -> EXIT,32,REVERSAL,-21.8295
long_2026-06-07T020000_ESPORTSUSDT,long,2026-06-07 02:00:00,ESPORTSUSDT,EARLY_BREAKOUT -> REVERSAL -> EARLY_BREAKOUT -> ACCELERATION -> HEALTHY_TREND -> ACCELERATION -> REVERSAL -> FAKE_BREAKOUT -> ACCELERATION -> FAKE_BREAKOUT -> REVERSAL -> FAKE_BREAKOUT -> REVERSAL -> FAKE_BREAKOUT -> REVERSAL -> FAKE_BREAKOUT -> EXIT,16,FAKE_BREAKOUT,1.0247
short_2026-06-07T020000_ZESTUSDT,short,2026-06-07 02:00:00,ZESTUSDT,EARLY_BREAKOUT -> WEAK_TREND -> ACCELERATION -> WEAK_TREND -> PULLBACK -> ACCELERATION -> PULLBACK -> FAKE_BREAKOUT -> ACCELERATION -> PULLBACK -> ACCELERATION -> EXHAUSTION -> FAKE_BREAKOUT -> PULLBACK -> ACCELERATION -> EXHAUSTION -> FAKE_BREAKOUT -> REVERSAL -> FAKE_BREAKOUT -> REVERSAL -> EXIT,20,REVERSAL,-3.1046
short_2026-06-07T020000_HEIUSDT,short,2026-06-07 02:00:00,HEIUSDT,EARLY_BREAKOUT -> ACCELERATION -> EARLY_BREAKOUT -> PULLBACK -> EXHAUSTION -> FAKE_BREAKOUT -> PULLBACK -> ACCELERATION -> HEALTHY_TREND -> PULLBACK -> ACCELERATION -> HEALTHY_TREND -> PULLBACK -> ACCELERATION -> HEALTHY_TREND -> PULLBACK -> ACCELERATION -> HEALTHY_TREND -> WEAK_TREND -> ACCELERATION -> HEALTHY_TREND -> WEAK_TREND -> ACCELERATION -> HEALTHY_TREND -> WEAK_TREND -> PULLBACK -> ACCELERATION -> PULLBACK -> ACCELERATION -> WEAK_TREND -> ACCELERATION -> PULLBACK -> ACCELERATION -> PULLBACK -> EXIT,34,PULLBACK,34.7862
short_2026-06-07T020000_HUSDT,short,2026-06-07 02:00:00,HUSDT,EARLY_BREAKOUT -> ACCELERATION -> EXHAUSTION -> ACCELERATION -> FAKE_BREAKOUT -> REVERSAL -> FAKE_BREAKOUT -> REVERSAL -> ACCELERATION -> FAKE_BREAKOUT -> REVERSAL -> EXIT,11,REVERSAL,-21.5378
short_2026-06-07T020000_ASRUSDT,short,2026-06-07 02:00:00,ASRUSDT,EARLY_BREAKOUT -> ACCELERATION -> WEAK_TREND -> ACCELERATION -> PULLBACK -> EXHAUSTION -> FAKE_BREAKOUT -> PULLBACK -> EXHAUSTION -> FAKE_BREAKOUT -> ACCELERATION -> FAKE_BREAKOUT -> REVERSAL -> FAKE_BREAKOUT -> REVERSAL -> FAKE_BREAKOUT -> REVERSAL -> FAKE_BREAKOUT -> PULLBACK -> FAKE_BREAKOUT -> ACCELERATION -> PULLBACK -> FAKE_BREAKOUT -> REVERSAL -> EXIT,24,REVERSAL,-0.2035
short_2026-06-07T020000_KGENUSDT,short,2026-06-07 02:00:00,KGENUSDT,EARLY_BREAKOUT -> ACCELERATION -> WEAK_TREND -> PULLBACK -> FAKE_BREAKOUT -> ACCELERATION -> FAKE_BREAKOUT -> ACCELERATION -> PULLBACK -> FAKE_BREAKOUT -> REVERSAL -> EXIT,11,REVERSAL,-8.5341
long_2026-06-07T040000_BTWUSDT,long,2026-06-07 04:00:00,BTWUSDT,EARLY_BREAKOUT -> ACCELERATION -> PULLBACK -> ACCELERATION -> PULLBACK -> ACCELERATION -> EXHAUSTION -> PULLBACK -> FAKE_BREAKOUT -> PULLBACK -> EXHAUSTION -> ACCELERATION -> PULLBACK -> EXHAUSTION -> PULLBACK -> EXHAUSTION -> ACCELERATION -> EXHAUSTION -> ACCELERATION -> EXHAUSTION -> PULLBACK -> ACCELERATION -> EXHAUSTION -> ACCELERATION -> EXHAUSTION -> ACCELERATION -> PULLBACK -> EXHAUSTION -> ACCELERATION -> EXHAUSTION -> FAKE_BREAKOUT -> ACCELERATION -> PULLBACK -> EXIT,33,PULLBACK,11.4932
long_2026-06-07T040000_LABUSDT,long,2026-06-07 04:00:00,LABUSDT,EARLY_BREAKOUT -> ACCELERATION -> PULLBACK -> ACCELERATION -> HEALTHY_TREND -> ACCELERATION -> HEALTHY_TREND -> ACCELERATION -> PULLBACK -> EXHAUSTION -> PULLBACK -> EXHAUSTION -> ACCELERATION -> EXHAUSTION -> PULLBACK -> EXHAUSTION -> PULLBACK -> ACCELERATION -> PULLBACK -> EXHAUSTION -> ACCELERATION -> PULLBACK -> ACCELERATION -> PULLBACK -> EXHAUSTION -> PULLBACK -> EXHAUSTION -> FAKE_BREAKOUT -> ACCELERATION -> EXHAUSTION -> ACCELERATION -> EXHAUSTION -> PULLBACK -> EXHAUSTION -> EXIT,34,EXHAUSTION,16.2974
long_2026-06-07T040000_SKYAIUSDT,long,2026-06-07 04:00:00,SKYAIUSDT,EARLY_BREAKOUT -> ACCELERATION -> EARLY_BREAKOUT -> HEALTHY_TREND -> PULLBACK -> ACCELERATION -> PULLBACK -> FAKE_BREAKOUT -> PULLBACK -> HEALTHY_TREND -> PULLBACK -> ACCELERATION -> PULLBACK -> ACCELERATION -> PULLBACK -> EXHAUSTION -> FAKE_BREAKOUT -> PULLBACK -> ACCELERATION -> PULLBACK -> ACCELERATION -> FAKE_BREAKOUT -> REVERSAL -> EXIT,23,REVERSAL,-12.012
long_2026-06-07T040000_币安人生USDT,long,2026-06-07 04:00:00,币安人生USDT,EARLY_BREAKOUT -> ACCELERATION -> HEALTHY_TREND -> ACCELERATION -> PULLBACK -> EXHAUSTION -> PULLBACK -> EXHAUSTION -> PULLBACK -> ACCELERATION -> PULLBACK -> ACCELERATION -> PULLBACK -> ACCELERATION -> HEALTHY_TREND -> WEAK_TREND -> ACCELERATION -> WEAK_TREND -> ACCELERATION -> PULLBACK -> ACCELERATION -> HEALTHY_TREND -> ACCELERATION -> PULLBACK -> ACCELERATION -> WEAK_TREND -> PULLBACK -> ACCELERATION -> PULLBACK -> ACCELERATION -> WEAK_TREND -> ACCELERATION -> WEAK_TREND -> PULLBACK -> ACCELERATION -> HEALTHY_TREND -> WEAK_TREND -> PULLBACK -> EXIT,38,PULLBACK,12.7973
long_2026-06-07T040000_MANTAUSDT,long,2026-06-07 04:00:00,MANTAUSDT,EARLY_BREAKOUT -> ACCELERATION -> HEALTHY_TREND -> ACCELERATION -> PULLBACK -> EXHAUSTION -> FAKE_BREAKOUT -> ACCELERATION -> FAKE_BREAKOUT -> PULLBACK -> FAKE_BREAKOUT -> ACCELERATION -> WEAK_TREND -> PULLBACK -> ACCELERATION -> WEAK_TREND -> ACCELERATION -> PULLBACK -> EXHAUSTION -> PULLBACK -> EXHAUSTION -> PULLBACK -> ACCELERATION -> HEALTHY_TREND -> ACCELERATION -> HEALTHY_TREND -> PULLBACK -> EXHAUSTION -> FAKE_BREAKOUT -> EXIT,29,FAKE_BREAKOUT,1.99
short_2026-06-07T040000_HEIUSDT,short,2026-06-07 04:00:00,HEIUSDT,EARLY_BREAKOUT -> ACCELERATION -> HEALTHY_TREND -> PULLBACK -> ACCELERATION -> HEALTHY_TREND -> PULLBACK -> ACCELERATION -> HEALTHY_TREND -> PULLBACK -> ACCELERATION -> HEALTHY_TREND -> WEAK_TREND -> ACCELERATION -> HEALTHY_TREND -> WEAK_TREND -> ACCELERATION -> HEALTHY_TREND -> WEAK_TREND -> PULLBACK -> ACCELERATION -> PULLBACK -> ACCELERATION -> WEAK_TREND -> ACCELERATION -> PULLBACK -> ACCELERATION -> PULLBACK -> ACCELERATION -> PULLBACK -> ACCELERATION -> EXIT,31,ACCELERATION,29.6652
short_2026-06-07T040000_HOMEUSDT,short,2026-06-07 04:00:00,HOMEUSDT,EARLY_BREAKOUT -> ACCELERATION -> PULLBACK -> ACCELERATION -> PULLBACK -> ACCELERATION -> PULLBACK -> ACCELERATION -> PULLBACK -> HEALTHY_TREND -> ACCELERATION -> HEALTHY_TREND -> WEAK_TREND -> ACCELERATION -> HEALTHY_TREND -> WEAK_TREND -> PULLBACK -> EXHAUSTION -> ACCELERATION -> PULLBACK -> ACCELERATION -> PULLBACK -> EXHAUSTION -> PULLBACK -> ACCELERATION -> PULLBACK -> EXHAUSTION -> PULLBACK -> EXHAUSTION -> PULLBACK -> FAKE_BREAKOUT -> ACCELERATION -> EXHAUSTION -> EXIT,33,EXHAUSTION,4.4606
short_2026-06-07T040000_VELVETUSDT,short,2026-06-07 04:00:00,VELVETUSDT,EARLY_BREAKOUT -> ACCELERATION -> WEAK_TREND -> ACCELERATION -> HEALTHY_TREND -> WEAK_TREND -> PULLBACK -> ACCELERATION -> PULLBACK -> ACCELERATION -> PULLBACK -> ACCELERATION -> PULLBACK -> ACCELERATION -> PULLBACK -> EXHAUSTION -> PULLBACK -> EXHAUSTION -> PULLBACK -> EXHAUSTION -> FAKE_BREAKOUT -> REVERSAL -> ACCELERATION -> FAKE_BREAKOUT -> ACCELERATION -> FAKE_BREAKOUT -> REVERSAL -> FAKE_BREAKOUT -> REVERSAL -> EXIT,29,REVERSAL,-2.2203
short_2026-06-07T040000_CROSSUSDT,short,2026-06-07 04:00:00,CROSSUSDT,EARLY_BREAKOUT -> WEAK_TREND -> ACCELERATION -> WEAK_TREND -> PULLBACK -> ACCELERATION -> HEALTHY_TREND -> WEAK_TREND -> PULLBACK -> HEALTHY_TREND -> PULLBACK -> ACCELERATION -> PULLBACK -> ACCELERATION -> WEAK_TREND -> PULLBACK -> HEALTHY_TREND -> PULLBACK -> EXHAUSTION -> FAKE_BREAKOUT -> PULLBACK -> EXHAUSTION -> FAKE_BREAKOUT -> ACCELERATION -> EXHAUSTION -> ACCELERATION -> EXHAUSTION -> FAKE_BREAKOUT -> ACCELERATION -> PULLBACK -> ACCELERATION -> PULLBACK -> ACCELERATION -> PULLBACK -> ACCELERATION -> PULLBACK -> ACCELERATION -> PULLBACK -> ACCELERATION -> EXIT,39,ACCELERATION,4.4368
short_2026-06-07T040000_ALLOUSDT,short,2026-06-07 04:00:00,ALLOUSDT,EARLY_BREAKOUT -> FAKE_BREAKOUT -> ACCELERATION -> FAKE_BREAKOUT -> REVERSAL -> ACCELERATION -> HEALTHY_TREND -> PULLBACK -> ACCELERATION -> HEALTHY_TREND -> WEAK_TREND -> ACCELERATION -> FAKE_BREAKOUT -> REVERSAL -> PULLBACK -> FAKE_BREAKOUT -> REVERSAL -> FAKE_BREAKOUT -> REVERSAL -> ACCELERATION -> HEALTHY_TREND -> PULLBACK -> ACCELERATION -> PULLBACK -> ACCELERATION -> PULLBACK -> ACCELERATION -> PULLBACK -> ACCELERATION -> HEALTHY_TREND -> WEAK_TREND -> EXIT,31,WEAK_TREND,34.3531
long_2026-06-07T060000_MAGMAUSDT,long,2026-06-07 06:00:00,MAGMAUSDT,EARLY_BREAKOUT -> ACCELERATION -> PULLBACK -> ACCELERATION -> HEALTHY_TREND -> WEAK_TREND -> ACCELERATION -> WEAK_TREND -> HEALTHY_TREND -> WEAK_TREND -> PULLBACK -> ACCELERATION -> PULLBACK -> ACCELERATION -> PULLBACK -> EXHAUSTION -> PULLBACK -> FAKE_BREAKOUT -> PULLBACK -> FAKE_BREAKOUT -> EXIT,20,FAKE_BREAKOUT,2.3497
long_2026-06-07T060000_CCUSDT,long,2026-06-07 06:00:00,CCUSDT,EARLY_BREAKOUT -> ACCELERATION -> WEAK_TREND -> PULLBACK -> ACCELERATION -> FAKE_BREAKOUT -> REVERSAL -> FAKE_BREAKOUT -> REVERSAL -> FAKE_BREAKOUT -> ACCELERATION -> PULLBACK -> FAKE_BREAKOUT -> ACCELERATION -> PULLBACK -> EXHAUSTION -> ACCELERATION -> EXHAUSTION -> ACCELERATION -> EXHAUSTION -> HEALTHY_TREND -> WEAK_TREND -> ACCELERATION -> WEAK_TREND -> FAKE_BREAKOUT -> PULLBACK -> EXHAUSTION -> PULLBACK -> EXHAUSTION -> FAKE_BREAKOUT -> PULLBACK -> FAKE_BREAKOUT -> ACCELERATION -> PULLBACK -> ACCELERATION -> EXIT,35,ACCELERATION,2.3873
long_2026-06-07T060000_QNTUSDT,long,2026-06-07 06:00:00,QNTUSDT,EARLY_BREAKOUT -> ACCELERATION -> EXHAUSTION -> HEALTHY_TREND -> EXHAUSTION -> PULLBACK -> EXHAUSTION -> PULLBACK -> ACCELERATION -> EXHAUSTION -> PULLBACK -> ACCELERATION -> PULLBACK -> ACCELERATION -> EXHAUSTION -> PULLBACK -> EXHAUSTION -> ACCELERATION -> EXHAUSTION -> PULLBACK -> ACCELERATION -> PULLBACK -> EXHAUSTION -> ACCELERATION -> PULLBACK -> EXHAUSTION -> ACCELERATION -> PULLBACK -> ACCELERATION -> PULLBACK -> ACCELERATION -> PULLBACK -> ACCELERATION -> HEALTHY_TREND -> ACCELERATION -> WEAK_TREND -> EXIT,36,WEAK_TREND,5.7216
long_2026-06-07T060000_GUAUSDT,long,2026-06-07 06:00:00,GUAUSDT,EARLY_BREAKOUT -> ACCELERATION -> EARLY_BREAKOUT -> PULLBACK -> FAKE_BREAKOUT -> ACCELERATION -> WEAK_TREND -> ACCELERATION -> HEALTHY_TREND -> PULLBACK -> ACCELERATION -> WEAK_TREND -> ACCELERATION -> WEAK_TREND -> HEALTHY_TREND -> PULLBACK -> HEALTHY_TREND -> ACCELERATION -> WEAK_TREND -> PULLBACK -> ACCELERATION -> PULLBACK -> ACCELERATION -> HEALTHY_TREND -> ACCELERATION -> HEALTHY_TREND -> PULLBACK -> EXHAUSTION -> FAKE_BREAKOUT -> ACCELERATION -> PULLBACK -> EXHAUSTION -> FAKE_BREAKOUT -> PULLBACK -> FAKE_BREAKOUT -> EXIT,35,FAKE_BREAKOUT,3.83
long_2026-06-07T060000_OPGUSDT,long,2026-06-07 06:00:00,OPGUSDT,EARLY_BREAKOUT -> ACCELERATION -> WEAK_TREND -> ACCELERATION -> WEAK_TREND -> PULLBACK -> WEAK_TREND -> HEALTHY_TREND -> WEAK_TREND -> ACCELERATION -> HEALTHY_TREND -> ACCELERATION -> HEALTHY_TREND -> ACCELERATION -> WEAK_TREND -> PULLBACK -> HEALTHY_TREND -> FAKE_BREAKOUT -> PULLBACK -> FAKE_BREAKOUT -> REVERSAL -> FAKE_BREAKOUT -> ACCELERATION -> HEALTHY_TREND -> ACCELERATION -> HEALTHY_TREND -> ACCELERATION -> EXIT,27,ACCELERATION,9.2784
short_2026-06-07T060000_BTWUSDT,short,2026-06-07 06:00:00,BTWUSDT,EARLY_BREAKOUT -> PULLBACK -> ACCELERATION -> PULLBACK -> EXHAUSTION -> PULLBACK -> EXHAUSTION -> PULLBACK -> ACCELERATION -> EXHAUSTION -> ACCELERATION -> PULLBACK -> EXHAUSTION -> ACCELERATION -> PULLBACK -> EXHAUSTION -> ACCELERATION -> PULLBACK -> EXHAUSTION -> PULLBACK -> EXHAUSTION -> ACCELERATION -> PULLBACK -> ACCELERATION -> HEALTHY_TREND -> ACCELERATION -> WEAK_TREND -> ACCELERATION -> HEALTHY_TREND -> WEAK_TREND -> PULLBACK -> FAKE_BREAKOUT -> PULLBACK -> FAKE_BREAKOUT -> REVERSAL -> EXIT,35,REVERSAL,-7.5063
short_2026-06-07T060000_LABUSDT,short,2026-06-07 06:00:00,LABUSDT,EARLY_BREAKOUT -> REVERSAL -> ACCELERATION -> EARLY_BREAKOUT -> WEAK_TREND -> ACCELERATION -> WEAK_TREND -> ACCELERATION -> WEAK_TREND -> PULLBACK -> ACCELERATION -> WEAK_TREND -> PULLBACK -> EXHAUSTION -> PULLBACK -> FAKE_BREAKOUT -> REVERSAL -> FAKE_BREAKOUT -> PULLBACK -> ACCELERATION -> PULLBACK -> ACCELERATION -> HEALTHY_TREND -> PULLBACK -> ACCELERATION -> PULLBACK -> ACCELERATION -> PULLBACK -> ACCELERATION -> PULLBACK -> EXIT,30,PULLBACK,9.5684
short_2026-06-07T060000_ESPORTSUSDT,short,2026-06-07 06:00:00,ESPORTSUSDT,EARLY_BREAKOUT -> ACCELERATION -> EARLY_BREAKOUT -> WEAK_TREND -> ACCELERATION -> PULLBACK -> EXHAUSTION -> PULLBACK -> FAKE_BREAKOUT -> REVERSAL -> FAKE_BREAKOUT -> REVERSAL -> FAKE_BREAKOUT -> EXIT,13,FAKE_BREAKOUT,0.0383
short_2026-06-07T060000_ALLOUSDT,short,2026-06-07 06:00:00,ALLOUSDT,EARLY_BREAKOUT -> WEAK_TREND -> ACCELERATION -> HEALTHY_TREND -> PULLBACK -> ACCELERATION -> HEALTHY_TREND -> WEAK_TREND -> ACCELERATION -> EXHAUSTION -> FAKE_BREAKOUT -> PULLBACK -> FAKE_BREAKOUT -> ACCELERATION -> HEALTHY_TREND -> PULLBACK -> ACCELERATION -> PULLBACK -> ACCELERATION -> PULLBACK -> ACCELERATION -> PULLBACK -> ACCELERATION -> HEALTHY_TREND -> WEAK_TREND -> PULLBACK -> EXIT,26,PULLBACK,36.5287
short_2026-06-07T060000_HEIUSDT,short,2026-06-07 06:00:00,HEIUSDT,EARLY_BREAKOUT -> ACCELERATION -> HEALTHY_TREND -> FAKE_BREAKOUT -> REVERSAL -> FAKE_BREAKOUT -> ACCELERATION -> HEALTHY_TREND -> WEAK_TREND -> ACCELERATION -> HEALTHY_TREND -> WEAK_TREND -> ACCELERATION -> HEALTHY_TREND -> WEAK_TREND -> PULLBACK -> ACCELERATION -> PULLBACK -> ACCELERATION -> WEAK_TREND -> ACCELERATION -> PULLBACK -> FAKE_BREAKOUT -> PULLBACK -> FAKE_BREAKOUT -> REVERSAL -> FAKE_BREAKOUT -> PULLBACK -> EXIT,28,PULLBACK,6.4836
long_2026-06-07T080000_ALLOUSDT,long,2026-06-07 08:00:00,ALLOUSDT,EARLY_BREAKOUT -> REVERSAL -> ACCELERATION -> HEALTHY_TREND -> FAKE_BREAKOUT -> ACCELERATION -> PULLBACK -> ACCELERATION -> PULLBACK -> ACCELERATION -> PULLBACK -> ACCELERATION -> FAKE_BREAKOUT -> REVERSAL -> EXIT,14,REVERSAL,-24.1506
long_2026-06-07T080000_SLXUSDT,long,2026-06-07 08:00:00,SLXUSDT,EARLY_BREAKOUT -> WEAK_TREND -> ACCELERATION -> FAKE_BREAKOUT -> ACCELERATION -> PULLBACK -> ACCELERATION -> HEALTHY_TREND -> PULLBACK -> FAKE_BREAKOUT -> PULLBACK -> FAKE_BREAKOUT -> PULLBACK -> FAKE_BREAKOUT -> ACCELERATION -> WEAK_TREND -> ACCELERATION -> PULLBACK -> ACCELERATION -> WEAK_TREND -> PULLBACK -> ACCELERATION -> WEAK_TREND -> PULLBACK -> EXHAUSTION -> FAKE_BREAKOUT -> EXIT,26,FAKE_BREAKOUT,1.0349
long_2026-06-07T080000_GWEIUSDT,long,2026-06-07 08:00:00,GWEIUSDT,EARLY_BREAKOUT -> ACCELERATION -> EARLY_BREAKOUT -> EXHAUSTION -> FAKE_BREAKOUT -> PULLBACK -> EXHAUSTION -> ACCELERATION -> HEALTHY_TREND -> ACCELERATION -> EXHAUSTION -> PULLBACK -> ACCELERATION -> HEALTHY_TREND -> ACCELERATION -> HEALTHY_TREND -> PULLBACK -> EXHAUSTION -> REVERSAL -> FAKE_BREAKOUT -> REVERSAL -> EXIT,21,REVERSAL,-1.4871
long_2026-06-07T080000_BSBUSDT,long,2026-06-07 08:00:00,BSBUSDT,EARLY_BREAKOUT -> REVERSAL -> ACCELERATION -> EARLY_BREAKOUT -> HEALTHY_TREND -> EXHAUSTION -> ACCELERATION -> FAKE_BREAKOUT -> ACCELERATION -> HEALTHY_TREND -> WEAK_TREND -> ACCELERATION -> PULLBACK -> EXHAUSTION -> PULLBACK -> REVERSAL -> PULLBACK -> FAKE_BREAKOUT -> ACCELERATION -> HEALTHY_TREND -> ACCELERATION -> HEALTHY_TREND -> ACCELERATION -> PULLBACK -> ACCELERATION -> WEAK_TREND -> PULLBACK -> ACCELERATION -> PULLBACK -> ACCELERATION -> PULLBACK -> ACCELERATION -> EXIT,32,ACCELERATION,19.6766
long_2026-06-07T080000_RIFUSDT,long,2026-06-07 08:00:00,RIFUSDT,EARLY_BREAKOUT -> ACCELERATION -> PULLBACK -> EXHAUSTION -> FAKE_BREAKOUT -> ACCELERATION -> EXHAUSTION -> FAKE_BREAKOUT -> REVERSAL -> ACCELERATION -> FAKE_BREAKOUT -> REVERSAL -> FAKE_BREAKOUT -> REVERSAL -> ACCELERATION -> FAKE_BREAKOUT -> REVERSAL -> FAKE_BREAKOUT -> ACCELERATION -> PULLBACK -> EXHAUSTION -> FAKE_BREAKOUT -> EXIT,22,FAKE_BREAKOUT,1.0606
short_2026-06-07T080000_SKYAIUSDT,short,2026-06-07 08:00:00,SKYAIUSDT,EARLY_BREAKOUT -> ACCELERATION -> EARLY_BREAKOUT -> ACCELERATION -> HEALTHY_TREND -> ACCELERATION -> FAKE_BREAKOUT -> REVERSAL -> FAKE_BREAKOUT -> REVERSAL -> FAKE_BREAKOUT -> REVERSAL -> ACCELERATION -> PULLBACK -> ACCELERATION -> WEAK_TREND -> ACCELERATION -> PULLBACK -> ACCELERATION -> PULLBACK -> HEALTHY_TREND -> WEAK_TREND -> ACCELERATION -> WEAK_TREND -> PULLBACK -> EXHAUSTION -> PULLBACK -> ACCELERATION -> PULLBACK -> ACCELERATION -> PULLBACK -> ACCELERATION -> PULLBACK -> ACCELERATION -> PULLBACK -> EXIT,35,PULLBACK,18.7901
short_2026-06-07T080000_BTWUSDT,short,2026-06-07 08:00:00,BTWUSDT,EARLY_BREAKOUT -> ACCELERATION -> EARLY_BREAKOUT -> WEAK_TREND -> FAKE_BREAKOUT -> HEALTHY_TREND -> WEAK_TREND -> ACCELERATION -> FAKE_BREAKOUT -> ACCELERATION -> WEAK_TREND -> FAKE_BREAKOUT -> HEALTHY_TREND -> FAKE_BREAKOUT -> REVERSAL -> FAKE_BREAKOUT -> ACCELERATION -> HEALTHY_TREND -> ACCELERATION -> HEALTHY_TREND -> ACCELERATION -> WEAK_TREND -> ACCELERATION -> HEALTHY_TREND -> WEAK_TREND -> EXHAUSTION -> REVERSAL -> FAKE_BREAKOUT -> ACCELERATION -> FAKE_BREAKOUT -> REVERSAL -> EXIT,31,REVERSAL,-1.6892
short_2026-06-07T080000_PARTIUSDT,short,2026-06-07 08:00:00,PARTIUSDT,EARLY_BREAKOUT -> ACCELERATION -> WEAK_TREND -> ACCELERATION -> WEAK_TREND -> ACCELERATION -> WEAK_TREND -> ACCELERATION -> WEAK_TREND -> HEALTHY_TREND -> WEAK_TREND -> ACCELERATION -> HEALTHY_TREND -> FAKE_BREAKOUT -> PULLBACK -> ACCELERATION -> WEAK_TREND -> EXHAUSTION -> ACCELERATION -> HEALTHY_TREND -> WEAK_TREND -> HEALTHY_TREND -> WEAK_TREND -> FAKE_BREAKOUT -> REVERSAL -> FAKE_BREAKOUT -> REVERSAL -> FAKE_BREAKOUT -> PULLBACK -> EXHAUSTION -> ACCELERATION -> EXIT,31,ACCELERATION,3.4331
short_2026-06-07T080000_WLDUSDT,short,2026-06-07 08:00:00,WLDUSDT,EARLY_BREAKOUT -> ACCELERATION -> WEAK_TREND -> ACCELERATION -> WEAK_TREND -> REVERSAL -> WEAK_TREND -> REVERSAL -> WEAK_TREND -> EXIT,9,WEAK_TREND,-0.9141
short_2026-06-07T080000_VELVETUSDT,short,2026-06-07 08:00:00,VELVETUSDT,EARLY_BREAKOUT -> WEAK_TREND -> ACCELERATION -> WEAK_TREND -> HEALTHY_TREND -> WEAK_TREND -> HEALTHY_TREND -> WEAK_TREND -> REVERSAL -> WEAK_TREND -> REVERSAL -> WEAK_TREND -> REVERSAL -> EXIT,13,REVERSAL,-15.8911
long_2026-06-07T100000_CLOUSDT,long,2026-06-07 10:00:00,CLOUSDT,EARLY_BREAKOUT -> ACCELERATION -> EXHAUSTION -> ACCELERATION -> PULLBACK -> EXHAUSTION -> ACCELERATION -> EXHAUSTION -> PULLBACK -> FAKE_BREAKOUT -> PULLBACK -> ACCELERATION -> EXHAUSTION -> ACCELERATION -> EXHAUSTION -> ACCELERATION -> EXHAUSTION -> PULLBACK -> EXHAUSTION -> PULLBACK -> EXHAUSTION -> PULLBACK -> ACCELERATION -> EXHAUSTION -> ACCELERATION -> PULLBACK -> ACCELERATION -> EXHAUSTION -> ACCELERATION -> EXIT,29,ACCELERATION,20.0179
long_2026-06-07T100000_GIGGLEUSDT,long,2026-06-07 10:00:00,GIGGLEUSDT,EARLY_BREAKOUT -> ACCELERATION -> WEAK_TREND -> PULLBACK -> ACCELERATION -> PULLBACK -> EXHAUSTION -> PULLBACK -> EXHAUSTION -> PULLBACK -> EXHAUSTION -> ACCELERATION -> PULLBACK -> EXHAUSTION -> ACCELERATION -> EXHAUSTION -> ACCELERATION -> EXHAUSTION -> ACCELERATION -> PULLBACK -> ACCELERATION -> PULLBACK -> EXHAUSTION -> PULLBACK -> ACCELERATION -> PULLBACK -> ACCELERATION -> HEALTHY_TREND -> WEAK_TREND -> PULLBACK -> HEALTHY_TREND -> PULLBACK -> EXHAUSTION -> PULLBACK -> EXIT,34,PULLBACK,6.8864
long_2026-06-07T100000_1000LUNCUSDT,long,2026-06-07 10:00:00,1000LUNCUSDT,EARLY_BREAKOUT -> ACCELERATION -> EARLY_BREAKOUT -> HEALTHY_TREND -> WEAK_TREND -> PULLBACK -> ACCELERATION -> WEAK_TREND -> PULLBACK -> ACCELERATION -> PULLBACK -> ACCELERATION -> PULLBACK -> EXHAUSTION -> PULLBACK -> ACCELERATION -> PULLBACK -> ACCELERATION -> HEALTHY_TREND -> PULLBACK -> ACCELERATION -> PULLBACK -> ACCELERATION -> PULLBACK -> EXIT,24,PULLBACK,7.4485
long_2026-06-07T100000_WLDUSDT,long,2026-06-07 10:00:00,WLDUSDT,EARLY_BREAKOUT -> ACCELERATION -> WEAK_TREND -> ACCELERATION -> EXHAUSTION -> FAKE_BREAKOUT -> PULLBACK -> EXHAUSTION -> ACCELERATION -> PULLBACK -> EXHAUSTION -> PULLBACK -> EXHAUSTION -> FAKE_BREAKOUT -> PULLBACK -> EXHAUSTION -> FAKE_BREAKOUT -> ACCELERATION -> PULLBACK -> FAKE_BREAKOUT -> PULLBACK -> FAKE_BREAKOUT -> REVERSAL -> FAKE_BREAKOUT -> EXIT,24,FAKE_BREAKOUT,1.6314
long_2026-06-07T100000_TONUSDT,long,2026-06-07 10:00:00,TONUSDT,EARLY_BREAKOUT -> ACCELERATION -> EARLY_BREAKOUT -> HEALTHY_TREND -> ACCELERATION -> PULLBACK -> ACCELERATION -> PULLBACK -> EXHAUSTION -> PULLBACK -> ACCELERATION -> PULLBACK -> ACCELERATION -> EXHAUSTION -> PULLBACK -> EXHAUSTION -> PULLBACK -> ACCELERATION -> PULLBACK -> ACCELERATION -> PULLBACK -> ACCELERATION -> PULLBACK -> EXHAUSTION -> PULLBACK -> EXHAUSTION -> ACCELERATION -> PULLBACK -> ACCELERATION -> EXHAUSTION -> FAKE_BREAKOUT -> PULLBACK -> EXIT,32,PULLBACK,3.6555
short_2026-06-07T100000_GUAUSDT,short,2026-06-07 10:00:00,GUAUSDT,EARLY_BREAKOUT -> WEAK_TREND -> ACCELERATION -> HEALTHY_TREND -> WEAK_TREND -> REVERSAL -> WEAK_TREND -> REVERSAL -> WEAK_TREND -> ACCELERATION -> REVERSAL -> WEAK_TREND -> HEALTHY_TREND -> ACCELERATION -> HEALTHY_TREND -> FAKE_BREAKOUT -> REVERSAL -> FAKE_BREAKOUT -> ACCELERATION -> PULLBACK -> FAKE_BREAKOUT -> ACCELERATION -> PULLBACK -> ACCELERATION -> HEALTHY_TREND -> WEAK_TREND -> ACCELERATION -> WEAK_TREND -> ACCELERATION -> EXIT,29,ACCELERATION,5.0975
short_2026-06-07T100000_INUSDT,short,2026-06-07 10:00:00,INUSDT,EARLY_BREAKOUT -> ACCELERATION -> EARLY_BREAKOUT -> ACCELERATION -> REVERSAL -> EXIT,5,REVERSAL,-4.6398
short_2026-06-07T100000_MIRAUSDT,short,2026-06-07 10:00:00,MIRAUSDT,EARLY_BREAKOUT -> WEAK_TREND -> ACCELERATION -> WEAK_TREND -> ACCELERATION -> WEAK_TREND -> PULLBACK -> ACCELERATION -> WEAK_TREND -> HEALTHY_TREND -> WEAK_TREND -> ACCELERATION -> HEALTHY_TREND -> WEAK_TREND -> EXHAUSTION -> PULLBACK -> HEALTHY_TREND -> WEAK_TREND -> EXHAUSTION -> PULLBACK -> EXHAUSTION -> ACCELERATION -> EXHAUSTION -> PULLBACK -> ACCELERATION -> EXHAUSTION -> REVERSAL -> PULLBACK -> EXHAUSTION -> ACCELERATION -> EXHAUSTION -> ACCELERATION -> WEAK_TREND -> EXHAUSTION -> PULLBACK -> ACCELERATION -> HEALTHY_TREND -> WEAK_TREND -> EXIT,38,WEAK_TREND,2.5916
short_2026-06-07T100000_OPGUSDT,short,2026-06-07 10:00:00,OPGUSDT,EARLY_BREAKOUT -> WEAK_TREND -> DEAD -> WEAK_TREND -> ACCELERATION -> HEALTHY_TREND -> WEAK_TREND -> HEALTHY_TREND -> ACCELERATION -> EXHAUSTION -> HEALTHY_TREND -> WEAK_TREND -> ACCELERATION -> HEALTHY_TREND -> WEAK_TREND -> ACCELERATION -> WEAK_TREND -> FAKE_BREAKOUT -> REVERSAL -> EXIT,19,REVERSAL,-11.9422
short_2026-06-07T100000_CLOUSDT,short,2026-06-07 10:00:00,CLOUSDT,EARLY_BREAKOUT -> REVERSAL -> EXIT,2,REVERSAL,-20.0179
long_2026-06-07T120000_UBUSDT,long,2026-06-07 12:00:00,UBUSDT,EARLY_BREAKOUT -> ACCELERATION -> HEALTHY_TREND -> ACCELERATION -> WEAK_TREND -> EXHAUSTION -> HEALTHY_TREND -> PULLBACK -> EXHAUSTION -> FAKE_BREAKOUT -> PULLBACK -> FAKE_BREAKOUT -> ACCELERATION -> PULLBACK -> ACCELERATION -> WEAK_TREND -> EXHAUSTION -> ACCELERATION -> HEALTHY_TREND -> WEAK_TREND -> PULLBACK -> ACCELERATION -> WEAK_TREND -> ACCELERATION -> HEALTHY_TREND -> ACCELERATION -> PULLBACK -> ACCELERATION -> HEALTHY_TREND -> PULLBACK -> ACCELERATION -> HEALTHY_TREND -> ACCELERATION -> PULLBACK -> ACCELERATION -> WEAK_TREND -> PULLBACK -> ACCELERATION -> HEALTHY_TREND -> EXIT,39,HEALTHY_TREND,19.9097
long_2026-06-07T120000_ZESTUSDT,long,2026-06-07 12:00:00,ZESTUSDT,EARLY_BREAKOUT -> ACCELERATION -> PULLBACK -> FAKE_BREAKOUT -> ACCELERATION -> HEALTHY_TREND -> ACCELERATION -> PULLBACK -> ACCELERATION -> HEALTHY_TREND -> PULLBACK -> EXHAUSTION -> PULLBACK -> FAKE_BREAKOUT -> PULLBACK -> ACCELERATION -> EXHAUSTION -> ACCELERATION -> PULLBACK -> EXHAUSTION -> ACCELERATION -> PULLBACK -> ACCELERATION -> WEAK_TREND -> PULLBACK -> EXHAUSTION -> PULLBACK -> ACCELERATION -> HEALTHY_TREND -> WEAK_TREND -> ACCELERATION -> WEAK_TREND -> ACCELERATION -> WEAK_TREND -> ACCELERATION -> WEAK_TREND -> HEALTHY_TREND -> PULLBACK -> ACCELERATION -> PULLBACK -> EXHAUSTION -> PULLBACK -> EXIT,42,PULLBACK,6.2816
long_2026-06-07T120000_INUSDT,long,2026-06-07 12:00:00,INUSDT,EARLY_BREAKOUT -> ACCELERATION -> FAKE_BREAKOUT -> REVERSAL -> FAKE_BREAKOUT -> ACCELERATION -> PULLBACK -> EXHAUSTION -> FAKE_BREAKOUT -> PULLBACK -> REVERSAL -> FAKE_BREAKOUT -> REVERSAL -> FAKE_BREAKOUT -> ACCELERATION -> FAKE_BREAKOUT -> ACCELERATION -> FAKE_BREAKOUT -> REVERSAL -> EXIT,19,REVERSAL,-3.5693
long_2026-06-07T120000_EDGEUSDT,long,2026-06-07 12:00:00,EDGEUSDT,EARLY_BREAKOUT -> ACCELERATION -> HEALTHY_TREND -> EXHAUSTION -> HEALTHY_TREND -> ACCELERATION -> HEALTHY_TREND -> ACCELERATION -> PULLBACK -> ACCELERATION -> HEALTHY_TREND -> WEAK_TREND -> PULLBACK -> EXHAUSTION -> FAKE_BREAKOUT -> PULLBACK -> FAKE_BREAKOUT -> REVERSAL -> FAKE_BREAKOUT -> REVERSAL -> FAKE_BREAKOUT -> REVERSAL -> FAKE_BREAKOUT -> REVERSAL -> EXIT,24,REVERSAL,-1.2688
long_2026-06-07T120000_AIAUSDT,long,2026-06-07 12:00:00,AIAUSDT,EARLY_BREAKOUT -> FAKE_BREAKOUT -> ACCELERATION -> FAKE_BREAKOUT -> REVERSAL -> FAKE_BREAKOUT -> ACCELERATION -> FAKE_BREAKOUT -> ACCELERATION -> WEAK_TREND -> FAKE_BREAKOUT -> WEAK_TREND -> FAKE_BREAKOUT -> HEALTHY_TREND -> ACCELERATION -> HEALTHY_TREND -> WEAK_TREND -> FAKE_BREAKOUT -> REVERSAL -> FAKE_BREAKOUT -> REVERSAL -> FAKE_BREAKOUT -> REVERSAL -> FAKE_BREAKOUT -> EXIT,24,FAKE_BREAKOUT,0.8465
short_2026-06-07T120000_SKYAIUSDT,short,2026-06-07 12:00:00,SKYAIUSDT,EARLY_BREAKOUT -> PULLBACK -> ACCELERATION -> WEAK_TREND -> ACCELERATION -> PULLBACK -> ACCELERATION -> PULLBACK -> HEALTHY_TREND -> WEAK_TREND -> ACCELERATION -> WEAK_TREND -> PULLBACK -> EXHAUSTION -> PULLBACK -> ACCELERATION -> PULLBACK -> ACCELERATION -> PULLBACK -> ACCELERATION -> PULLBACK -> ACCELERATION -> PULLBACK -> ACCELERATION -> PULLBACK -> ACCELERATION -> HEALTHY_TREND -> WEAK_TREND -> ACCELERATION -> HEALTHY_TREND -> PULLBACK -> HEALTHY_TREND -> ACCELERATION -> HEALTHY_TREND -> WEAK_TREND -> EXIT,35,WEAK_TREND,31.2878
short_2026-06-07T120000_ALLOUSDT,short,2026-06-07 12:00:00,ALLOUSDT,EARLY_BREAKOUT -> REVERSAL -> ACCELERATION -> HEALTHY_TREND -> PULLBACK -> ACCELERATION -> PULLBACK -> ACCELERATION -> PULLBACK -> ACCELERATION -> PULLBACK -> ACCELERATION -> HEALTHY_TREND -> WEAK_TREND -> PULLBACK -> ACCELERATION -> PULLBACK -> ACCELERATION -> PULLBACK -> ACCELERATION -> PULLBACK -> ACCELERATION -> PULLBACK -> ACCELERATION -> PULLBACK -> ACCELERATION -> PULLBACK -> ACCELERATION -> PULLBACK -> ACCELERATION -> PULLBACK -> ACCELERATION -> PULLBACK -> EXIT,33,PULLBACK,33.1836
short_2026-06-07T120000_BSBUSDT,short,2026-06-07 12:00:00,BSBUSDT,EARLY_BREAKOUT -> ACCELERATION -> WEAK_TREND -> ACCELERATION -> WEAK_TREND -> ACCELERATION -> FAKE_BREAKOUT -> PULLBACK -> EXHAUSTION -> FAKE_BREAKOUT -> REVERSAL -> EXIT,11,REVERSAL,-46.3247
short_2026-06-07T120000_LABUSDT,short,2026-06-07 12:00:00,LABUSDT,EARLY_BREAKOUT -> ACCELERATION -> PULLBACK -> ACCELERATION -> HEALTHY_TREND -> EXHAUSTION -> ACCELERATION -> PULLBACK -> EXHAUSTION -> PULLBACK -> EXHAUSTION -> PULLBACK -> ACCELERATION -> PULLBACK -> ACCELERATION -> PULLBACK -> ACCELERATION -> PULLBACK -> ACCELERATION -> EXHAUSTION -> PULLBACK -> ACCELERATION -> EXHAUSTION -> ACCELERATION -> EXHAUSTION -> ACCELERATION -> PULLBACK -> ACCELERATION -> PULLBACK -> EXHAUSTION -> PULLBACK -> EXIT,31,PULLBACK,7.3429
short_2026-06-07T120000_MAGMAUSDT,short,2026-06-07 12:00:00,MAGMAUSDT,EARLY_BREAKOUT -> ACCELERATION -> WEAK_TREND -> ACCELERATION -> WEAK_TREND -> PULLBACK -> ACCELERATION -> HEALTHY_TREND -> WEAK_TREND -> PULLBACK -> HEALTHY_TREND -> WEAK_TREND -> PULLBACK -> ACCELERATION -> PULLBACK -> ACCELERATION -> PULLBACK -> ACCELERATION -> HEALTHY_TREND -> PULLBACK -> HEALTHY_TREND -> PULLBACK -> ACCELERATION -> PULLBACK -> ACCELERATION -> PULLBACK -> ACCELERATION -> EXHAUSTION -> PULLBACK -> ACCELERATION -> EXIT,30,ACCELERATION,4.8503
long_2026-06-07T140000_BSBUSDT,long,2026-06-07 14:00:00,BSBUSDT,EARLY_BREAKOUT -> ACCELERATION -> EARLY_BREAKOUT -> ACCELERATION -> HEALTHY_TREND -> ACCELERATION -> PULLBACK -> ACCELERATION -> WEAK_TREND -> PULLBACK -> ACCELERATION -> PULLBACK -> ACCELERATION -> PULLBACK -> ACCELERATION -> PULLBACK -> ACCELERATION -> HEALTHY_TREND -> WEAK_TREND -> ACCELERATION -> PULLBACK -> ACCELERATION -> HEALTHY_TREND -> WEAK_TREND -> ACCELERATION -> HEALTHY_TREND -> ACCELERATION -> PULLBACK -> ACCELERATION -> HEALTHY_TREND -> ACCELERATION -> HEALTHY_TREND -> PULLBACK -> EXIT,33,PULLBACK,59.2686
long_2026-06-07T140000_GUAUSDT,long,2026-06-07 14:00:00,GUAUSDT,EARLY_BREAKOUT -> ACCELERATION -> HEALTHY_TREND -> EXHAUSTION -> FAKE_BREAKOUT -> REVERSAL -> FAKE_BREAKOUT -> REVERSAL -> FAKE_BREAKOUT -> REVERSAL -> FAKE_BREAKOUT -> REVERSAL -> EXIT,12,REVERSAL,-9.6464
long_2026-06-07T140000_CLOUSDT,long,2026-06-07 14:00:00,CLOUSDT,EARLY_BREAKOUT -> ACCELERATION -> HEALTHY_TREND -> ACCELERATION -> WEAK_TREND -> ACCELERATION -> PULLBACK -> ACCELERATION -> EXHAUSTION -> PULLBACK -> HEALTHY_TREND -> PULLBACK -> HEALTHY_TREND -> PULLBACK -> EXHAUSTION -> PULLBACK -> ACCELERATION -> PULLBACK -> ACCELERATION -> PULLBACK -> ACCELERATION -> PULLBACK -> ACCELERATION -> PULLBACK -> ACCELERATION -> WEAK_TREND -> PULLBACK -> ACCELERATION -> PULLBACK -> ACCELERATION -> PULLBACK -> EXIT,31,PULLBACK,9.1339
long_2026-06-07T140000_GWEIUSDT,long,2026-06-07 14:00:00,GWEIUSDT,EARLY_BREAKOUT -> WEAK_TREND -> ACCELERATION -> EARLY_BREAKOUT -> HEALTHY_TREND -> ACCELERATION -> EXHAUSTION -> FAKE_BREAKOUT -> PULLBACK -> FAKE_BREAKOUT -> ACCELERATION -> FAKE_BREAKOUT -> PULLBACK -> EXHAUSTION -> ACCELERATION -> PULLBACK -> ACCELERATION -> PULLBACK -> EXHAUSTION -> FAKE_BREAKOUT -> REVERSAL -> FAKE_BREAKOUT -> ACCELERATION -> PULLBACK -> FAKE_BREAKOUT -> PULLBACK -> FAKE_BREAKOUT -> EXIT,27,FAKE_BREAKOUT,3.2386
long_2026-06-07T140000_AIOUSDT,long,2026-06-07 14:00:00,AIOUSDT,EARLY_BREAKOUT -> ACCELERATION -> EARLY_BREAKOUT -> PULLBACK -> ACCELERATION -> PULLBACK -> ACCELERATION -> PULLBACK -> EXHAUSTION -> ACCELERATION -> PULLBACK -> ACCELERATION -> PULLBACK -> EXHAUSTION -> FAKE_BREAKOUT -> PULLBACK -> FAKE_BREAKOUT -> ACCELERATION -> PULLBACK -> ACCELERATION -> PULLBACK -> ACCELERATION -> PULLBACK -> ACCELERATION -> PULLBACK -> ACCELERATION -> EXHAUSTION -> FAKE_BREAKOUT -> ACCELERATION -> PULLBACK -> EXIT,30,PULLBACK,3.6364
short_2026-06-07T140000_BEATUSDT,short,2026-06-07 14:00:00,BEATUSDT,EARLY_BREAKOUT -> WEAK_TREND -> ACCELERATION -> EARLY_BREAKOUT -> WEAK_TREND -> ACCELERATION -> PULLBACK -> ACCELERATION -> EXHAUSTION -> ACCELERATION -> EXHAUSTION -> FAKE_BREAKOUT -> REVERSAL -> EXIT,13,REVERSAL,-35.4318
short_2026-06-07T140000_ACUUSDT,short,2026-06-07 14:00:00,ACUUSDT,EARLY_BREAKOUT -> WEAK_TREND -> ACCELERATION -> WEAK_TREND -> HEALTHY_TREND -> WEAK_TREND -> ACCELERATION -> WEAK_TREND -> ACCELERATION -> WEAK_TREND -> ACCELERATION -> WEAK_TREND -> PULLBACK -> EXHAUSTION -> ACCELERATION -> PULLBACK -> ACCELERATION -> PULLBACK -> ACCELERATION -> PULLBACK -> EXHAUSTION -> PULLBACK -> EXHAUSTION -> PULLBACK -> EXHAUSTION -> ACCELERATION -> PULLBACK -> ACCELERATION -> PULLBACK -> ACCELERATION -> EXHAUSTION -> PULLBACK -> EXHAUSTION -> EXIT,33,EXHAUSTION,3.9123
short_2026-06-07T140000_BTWUSDT,short,2026-06-07 14:00:00,BTWUSDT,EARLY_BREAKOUT -> ACCELERATION -> EARLY_BREAKOUT -> ACCELERATION -> HEALTHY_TREND -> WEAK_TREND -> FAKE_BREAKOUT -> REVERSAL -> ACCELERATION -> REVERSAL -> FAKE_BREAKOUT -> REVERSAL -> ACCELERATION -> PULLBACK -> ACCELERATION -> PULLBACK -> ACCELERATION -> FAKE_BREAKOUT -> REVERSAL -> EXIT,19,REVERSAL,-3.924
short_2026-06-07T140000_WLDUSDT,short,2026-06-07 14:00:00,WLDUSDT,EARLY_BREAKOUT -> WEAK_TREND -> ACCELERATION -> WEAK_TREND -> EXHAUSTION -> ACCELERATION -> HEALTHY_TREND -> FAKE_BREAKOUT -> ACCELERATION -> HEALTHY_TREND -> PULLBACK -> ACCELERATION -> WEAK_TREND -> PULLBACK -> ACCELERATION -> WEAK_TREND -> ACCELERATION -> HEALTHY_TREND -> PULLBACK -> ACCELERATION -> WEAK_TREND -> HEALTHY_TREND -> PULLBACK -> EXHAUSTION -> PULLBACK -> ACCELERATION -> PULLBACK -> EXHAUSTION -> FAKE_BREAKOUT -> PULLBACK -> FAKE_BREAKOUT -> REVERSAL -> EXIT,32,REVERSAL,-5.8568
short_2026-06-07T140000_STGUSDT,short,2026-06-07 14:00:00,STGUSDT,EARLY_BREAKOUT -> ACCELERATION -> WEAK_TREND -> ACCELERATION -> FAKE_BREAKOUT -> REVERSAL -> FAKE_BREAKOUT -> ACCELERATION -> EXHAUSTION -> ACCELERATION -> HEALTHY_TREND -> PULLBACK -> ACCELERATION -> PULLBACK -> EXHAUSTION -> ACCELERATION -> EXHAUSTION -> PULLBACK -> EXHAUSTION -> ACCELERATION -> PULLBACK -> ACCELERATION -> EXHAUSTION -> ACCELERATION -> EXHAUSTION -> PULLBACK -> EXHAUSTION -> FAKE_BREAKOUT -> REVERSAL -> EXIT,29,REVERSAL,-1.3321
long_2026-06-07T160000_BTWUSDT,long,2026-06-07 16:00:00,BTWUSDT,EARLY_BREAKOUT -> ACCELERATION -> PULLBACK -> ACCELERATION -> PULLBACK -> ACCELERATION -> PULLBACK -> FAKE_BREAKOUT -> REVERSAL -> FAKE_BREAKOUT -> ACCELERATION -> FAKE_BREAKOUT -> REVERSAL -> FAKE_BREAKOUT -> REVERSAL -> FAKE_BREAKOUT -> ACCELERATION -> EXHAUSTION -> EXIT,18,EXHAUSTION,16.4115
long_2026-06-07T160000_HUSDT,long,2026-06-07 16:00:00,HUSDT,EARLY_BREAKOUT -> ACCELERATION -> HEALTHY_TREND -> ACCELERATION -> EXHAUSTION -> FAKE_BREAKOUT -> ACCELERATION -> EXHAUSTION -> ACCELERATION -> PULLBACK -> FAKE_BREAKOUT -> ACCELERATION -> PULLBACK -> EXHAUSTION -> ACCELERATION -> HEALTHY_TREND -> ACCELERATION -> PULLBACK -> ACCELERATION -> PULLBACK -> ACCELERATION -> PULLBACK -> ACCELERATION -> HEALTHY_TREND -> ACCELERATION -> HEALTHY_TREND -> WEAK_TREND -> PULLBACK -> ACCELERATION -> HEALTHY_TREND -> WEAK_TREND -> ACCELERATION -> PULLBACK -> ACCELERATION -> PULLBACK -> EXHAUSTION -> EXIT,36,EXHAUSTION,10.3096
long_2026-06-07T160000_JTOUSDT,long,2026-06-07 16:00:00,JTOUSDT,EARLY_BREAKOUT -> ACCELERATION -> HEALTHY_TREND -> ACCELERATION -> EXHAUSTION -> ACCELERATION -> PULLBACK -> ACCELERATION -> HEALTHY_TREND -> WEAK_TREND -> ACCELERATION -> HEALTHY_TREND -> ACCELERATION -> PULLBACK -> ACCELERATION -> HEALTHY_TREND -> PULLBACK -> ACCELERATION -> PULLBACK -> ACCELERATION -> WEAK_TREND -> ACCELERATION -> WEAK_TREND -> PULLBACK -> ACCELERATION -> PULLBACK -> EXHAUSTION -> PULLBACK -> ACCELERATION -> PULLBACK -> ACCELERATION -> PULLBACK -> EXHAUSTION -> EXIT,33,EXHAUSTION,7.2077
long_2026-06-07T160000_UBUSDT,long,2026-06-07 16:00:00,UBUSDT,EARLY_BREAKOUT -> ACCELERATION -> WEAK_TREND -> EXHAUSTION -> ACCELERATION -> HEALTHY_TREND -> WEAK_TREND -> PULLBACK -> ACCELERATION -> WEAK_TREND -> ACCELERATION -> HEALTHY_TREND -> ACCELERATION -> PULLBACK -> ACCELERATION -> HEALTHY_TREND -> PULLBACK -> ACCELERATION -> HEALTHY_TREND -> ACCELERATION -> PULLBACK -> ACCELERATION -> WEAK_TREND -> PULLBACK -> ACCELERATION -> HEALTHY_TREND -> WEAK_TREND -> ACCELERATION -> PULLBACK -> EXHAUSTION -> PULLBACK -> FAKE_BREAKOUT -> EXIT,32,FAKE_BREAKOUT,4.2012
long_2026-06-07T160000_HOMEUSDT,long,2026-06-07 16:00:00,HOMEUSDT,EARLY_BREAKOUT -> ACCELERATION -> EARLY_BREAKOUT -> EXHAUSTION -> ACCELERATION -> EXHAUSTION -> ACCELERATION -> REVERSAL -> EXIT,8,REVERSAL,-42.975
short_2026-06-07T160000_HEIUSDT,short,2026-06-07 16:00:00,HEIUSDT,EARLY_BREAKOUT -> WEAK_TREND -> ACCELERATION -> HEALTHY_TREND -> ACCELERATION -> HEALTHY_TREND -> ACCELERATION -> EXHAUSTION -> PULLBACK -> ACCELERATION -> PULLBACK -> ACCELERATION -> PULLBACK -> ACCELERATION -> HEALTHY_TREND -> ACCELERATION -> HEALTHY_TREND -> ACCELERATION -> WEAK_TREND -> ACCELERATION -> WEAK_TREND -> HEALTHY_TREND -> ACCELERATION -> HEALTHY_TREND -> ACCELERATION -> WEAK_TREND -> ACCELERATION -> PULLBACK -> HEALTHY_TREND -> PULLBACK -> ACCELERATION -> HEALTHY_TREND -> ACCELERATION -> EXIT,33,ACCELERATION,19.9348
short_2026-06-07T160000_APRUSDT,short,2026-06-07 16:00:00,APRUSDT,EARLY_BREAKOUT -> ACCELERATION -> REVERSAL -> ACCELERATION -> WEAK_TREND -> PULLBACK -> ACCELERATION -> HEALTHY_TREND -> FAKE_BREAKOUT -> ACCELERATION -> PULLBACK -> ACCELERATION -> FAKE_BREAKOUT -> REVERSAL -> FAKE_BREAKOUT -> PULLBACK -> FAKE_BREAKOUT -> REVERSAL -> FAKE_BREAKOUT -> EXIT,19,FAKE_BREAKOUT,0.7884
short_2026-06-07T160000_INUSDT,short,2026-06-07 16:00:00,INUSDT,EARLY_BREAKOUT -> WEAK_TREND -> ACCELERATION -> HEALTHY_TREND -> WEAK_TREND -> ACCELERATION -> WEAK_TREND -> HEALTHY_TREND -> EXHAUSTION -> PULLBACK -> ACCELERATION -> WEAK_TREND -> REVERSAL -> FAKE_BREAKOUT -> REVERSAL -> ACCELERATION -> PULLBACK -> ACCELERATION -> HEALTHY_TREND -> WEAK_TREND -> ACCELERATION -> HEALTHY_TREND -> WEAK_TREND -> ACCELERATION -> HEALTHY_TREND -> ACCELERATION -> WEAK_TREND -> HEALTHY_TREND -> ACCELERATION -> HEALTHY_TREND -> ACCELERATION -> PULLBACK -> HEALTHY_TREND -> WEAK_TREND -> ACCELERATION -> WEAK_TREND -> ACCELERATION -> HEALTHY_TREND -> ACCELERATION -> WEAK_TREND -> ACCELERATION -> WEAK_TREND -> ACCELERATION -> HEALTHY_TREND -> ACCELERATION -> EXIT,45,ACCELERATION,7.4065
short_2026-06-07T160000_ZESTUSDT,short,2026-06-07 16:00:00,ZESTUSDT,EARLY_BREAKOUT -> WEAK_TREND -> EXHAUSTION -> ACCELERATION -> EXHAUSTION -> ACCELERATION -> REVERSAL -> ACCELERATION -> REVERSAL -> EXIT,9,REVERSAL,-1.8738
short_2026-06-07T160000_ASRUSDT,short,2026-06-07 16:00:00,ASRUSDT,EARLY_BREAKOUT -> ACCELERATION -> HEALTHY_TREND -> EXHAUSTION -> ACCELERATION -> EXHAUSTION -> HEALTHY_TREND -> ACCELERATION -> WEAK_TREND -> ACCELERATION -> WEAK_TREND -> PULLBACK -> EXHAUSTION -> HEALTHY_TREND -> ACCELERATION -> WEAK_TREND -> ACCELERATION -> WEAK_TREND -> EXHAUSTION -> PULLBACK -> EXHAUSTION -> PULLBACK -> HEALTHY_TREND -> WEAK_TREND -> ACCELERATION -> PULLBACK -> HEALTHY_TREND -> ACCELERATION -> HEALTHY_TREND -> ACCELERATION -> WEAK_TREND -> ACCELERATION -> HEALTHY_TREND -> WEAK_TREND -> ACCELERATION -> WEAK_TREND -> PULLBACK -> HEALTHY_TREND -> PULLBACK -> ACCELERATION -> EXIT,40,ACCELERATION,5.0285
long_2026-06-07T180000_EDENUSDT,long,2026-06-07 18:00:00,EDENUSDT,EARLY_BREAKOUT -> REVERSAL -> ACCELERATION -> EARLY_BREAKOUT -> WEAK_TREND -> ACCELERATION -> PULLBACK -> EXHAUSTION -> PULLBACK -> EXHAUSTION -> PULLBACK -> FAKE_BREAKOUT -> PULLBACK -> FAKE_BREAKOUT -> ACCELERATION -> FAKE_BREAKOUT -> REVERSAL -> FAKE_BREAKOUT -> EXIT,18,FAKE_BREAKOUT,1.797
long_2026-06-07T180000_JTOUSDT,long,2026-06-07 18:00:00,JTOUSDT,EARLY_BREAKOUT -> ACCELERATION -> EARLY_BREAKOUT -> WEAK_TREND -> ACCELERATION -> HEALTHY_TREND -> ACCELERATION -> PULLBACK -> ACCELERATION -> HEALTHY_TREND -> PULLBACK -> ACCELERATION -> PULLBACK -> ACCELERATION -> WEAK_TREND -> ACCELERATION -> WEAK_TREND -> PULLBACK -> ACCELERATION -> PULLBACK -> EXHAUSTION -> PULLBACK -> EXHAUSTION -> PULLBACK -> ACCELERATION -> EXHAUSTION -> ACCELERATION -> PULLBACK -> EXHAUSTION -> FAKE_BREAKOUT -> ACCELERATION -> EXIT,31,ACCELERATION,5.7646
long_2026-06-07T180000_BUSDT,long,2026-06-07 18:00:00,BUSDT,EARLY_BREAKOUT -> ACCELERATION -> PULLBACK -> ACCELERATION -> REVERSAL -> FAKE_BREAKOUT -> ACCELERATION -> FAKE_BREAKOUT -> ACCELERATION -> PULLBACK -> EXHAUSTION -> FAKE_BREAKOUT -> REVERSAL -> FAKE_BREAKOUT -> REVERSAL -> FAKE_BREAKOUT -> REVERSAL -> FAKE_BREAKOUT -> ACCELERATION -> PULLBACK -> FAKE_BREAKOUT -> ACCELERATION -> PULLBACK -> ACCELERATION -> HEALTHY_TREND -> FAKE_BREAKOUT -> ACCELERATION -> PULLBACK -> ACCELERATION -> PULLBACK -> ACCELERATION -> PULLBACK -> EXIT,32,PULLBACK,2.8975
long_2026-06-07T180000_OPGUSDT,long,2026-06-07 18:00:00,OPGUSDT,EARLY_BREAKOUT -> ACCELERATION -> PULLBACK -> ACCELERATION -> FAKE_BREAKOUT -> PULLBACK -> FAKE_BREAKOUT -> ACCELERATION -> HEALTHY_TREND -> WEAK_TREND -> ACCELERATION -> WEAK_TREND -> PULLBACK -> EXHAUSTION -> PULLBACK -> EXHAUSTION -> ACCELERATION -> HEALTHY_TREND -> WEAK_TREND -> ACCELERATION -> WEAK_TREND -> ACCELERATION -> PULLBACK -> EXHAUSTION -> PULLBACK -> EXHAUSTION -> PULLBACK -> EXHAUSTION -> FAKE_BREAKOUT -> REVERSAL -> FAKE_BREAKOUT -> REVERSAL -> EXIT,32,REVERSAL,-0.182
long_2026-06-07T180000_ZESTUSDT,long,2026-06-07 18:00:00,ZESTUSDT,EARLY_BREAKOUT -> PULLBACK -> ACCELERATION -> WEAK_TREND -> PULLBACK -> FAKE_BREAKOUT -> REVERSAL -> FAKE_BREAKOUT -> ACCELERATION -> HEALTHY_TREND -> WEAK_TREND -> ACCELERATION -> WEAK_TREND -> ACCELERATION -> WEAK_TREND -> ACCELERATION -> WEAK_TREND -> HEALTHY_TREND -> EXHAUSTION -> ACCELERATION -> EXHAUSTION -> FAKE_BREAKOUT -> PULLBACK -> ACCELERATION -> HEALTHY_TREND -> ACCELERATION -> HEALTHY_TREND -> WEAK_TREND -> ACCELERATION -> WEAK_TREND -> HEALTHY_TREND -> PULLBACK -> EXHAUSTION -> FAKE_BREAKOUT -> ACCELERATION -> EXHAUSTION -> FAKE_BREAKOUT -> EXIT,37,FAKE_BREAKOUT,0.1658
short_2026-06-07T180000_HOMEUSDT,short,2026-06-07 18:00:00,HOMEUSDT,EARLY_BREAKOUT -> ACCELERATION -> EARLY_BREAKOUT -> HEALTHY_TREND -> ACCELERATION -> HEALTHY_TREND -> WEAK_TREND -> ACCELERATION -> HEALTHY_TREND -> PULLBACK -> ACCELERATION -> HEALTHY_TREND -> WEAK_TREND -> PULLBACK -> ACCELERATION -> WEAK_TREND -> PULLBACK -> ACCELERATION -> HEALTHY_TREND -> ACCELERATION -> WEAK_TREND -> ACCELERATION -> PULLBACK -> ACCELERATION -> PULLBACK -> ACCELERATION -> PULLBACK -> ACCELERATION -> HEALTHY_TREND -> ACCELERATION -> PULLBACK -> ACCELERATION -> PULLBACK -> EXIT,33,PULLBACK,47.5974
short_2026-06-07T180000_BTWUSDT,short,2026-06-07 18:00:00,BTWUSDT,EARLY_BREAKOUT -> ACCELERATION -> EARLY_BREAKOUT -> HEALTHY_TREND -> ACCELERATION -> PULLBACK -> EXHAUSTION -> PULLBACK -> ACCELERATION -> PULLBACK -> ACCELERATION -> WEAK_TREND -> ACCELERATION -> PULLBACK -> ACCELERATION -> PULLBACK -> EXHAUSTION -> PULLBACK -> ACCELERATION -> EXHAUSTION -> FAKE_BREAKOUT -> PULLBACK -> FAKE_BREAKOUT -> EXIT,23,FAKE_BREAKOUT,2.2316
short_2026-06-07T180000_SPXUSDT,short,2026-06-07 18:00:00,SPXUSDT,EARLY_BREAKOUT -> ACCELERATION -> HEALTHY_TREND -> WEAK_TREND -> ACCELERATION -> WEAK_TREND -> ACCELERATION -> WEAK_TREND -> PULLBACK -> ACCELERATION -> HEALTHY_TREND -> WEAK_TREND -> ACCELERATION -> HEALTHY_TREND -> WEAK_TREND -> ACCELERATION -> WEAK_TREND -> PULLBACK -> HEALTHY_TREND -> PULLBACK -> ACCELERATION -> HEALTHY_TREND -> PULLBACK -> ACCELERATION -> PULLBACK -> ACCELERATION -> HEALTHY_TREND -> ACCELERATION -> HEALTHY_TREND -> ACCELERATION -> WEAK_TREND -> PULLBACK -> EXIT,32,PULLBACK,6.7263
short_2026-06-07T180000_WLDUSDT,short,2026-06-07 18:00:00,WLDUSDT,EARLY_BREAKOUT -> ACCELERATION -> WEAK_TREND -> ACCELERATION -> HEALTHY_TREND -> PULLBACK -> ACCELERATION -> WEAK_TREND -> HEALTHY_TREND -> PULLBACK -> EXHAUSTION -> PULLBACK -> ACCELERATION -> EXHAUSTION -> FAKE_BREAKOUT -> REVERSAL -> EXIT,16,REVERSAL,-6.0058
short_2026-06-07T180000_BSBUSDT,short,2026-06-07 18:00:00,BSBUSDT,EARLY_BREAKOUT -> WEAK_TREND -> ACCELERATION -> PULLBACK -> FAKE_BREAKOUT -> REVERSAL -> FAKE_BREAKOUT -> REVERSAL -> EXIT,8,REVERSAL,-37.3665
long_2026-06-07T200000_SIRENUSDT,long,2026-06-07 20:00:00,SIRENUSDT,EARLY_BREAKOUT -> ACCELERATION -> EARLY_BREAKOUT -> HEALTHY_TREND -> ACCELERATION -> HEALTHY_TREND -> PULLBACK -> ACCELERATION -> WEAK_TREND -> ACCELERATION -> HEALTHY_TREND -> PULLBACK -> HEALTHY_TREND -> ACCELERATION -> WEAK_TREND -> PULLBACK -> HEALTHY_TREND -> PULLBACK -> EXHAUSTION -> PULLBACK -> FAKE_BREAKOUT -> PULLBACK -> ACCELERATION -> PULLBACK -> ACCELERATION -> PULLBACK -> ACCELERATION -> PULLBACK -> EXIT,28,PULLBACK,36.7941
long_2026-06-07T200000_HUSDT,long,2026-06-07 20:00:00,HUSDT,EARLY_BREAKOUT -> ACCELERATION -> EARLY_BREAKOUT -> ACCELERATION -> EXHAUSTION -> ACCELERATION -> EXHAUSTION -> PULLBACK -> ACCELERATION -> PULLBACK -> ACCELERATION -> HEALTHY_TREND -> ACCELERATION -> HEALTHY_TREND -> WEAK_TREND -> PULLBACK -> ACCELERATION -> HEALTHY_TREND -> WEAK_TREND -> ACCELERATION -> PULLBACK -> ACCELERATION -> EXHAUSTION -> PULLBACK -> FAKE_BREAKOUT -> REVERSAL -> FAKE_BREAKOUT -> EXIT,27,FAKE_BREAKOUT,1.62
long_2026-06-07T200000_BSBUSDT,long,2026-06-07 20:00:00,BSBUSDT,EARLY_BREAKOUT -> EXHAUSTION -> ACCELERATION -> EARLY_BREAKOUT -> WEAK_TREND -> ACCELERATION -> PULLBACK -> ACCELERATION -> HEALTHY_TREND -> WEAK_TREND -> ACCELERATION -> HEALTHY_TREND -> ACCELERATION -> PULLBACK -> ACCELERATION -> HEALTHY_TREND -> ACCELERATION -> HEALTHY_TREND -> PULLBACK -> ACCELERATION -> PULLBACK -> ACCELERATION -> PULLBACK -> EXHAUSTION -> EXIT,24,EXHAUSTION,22.9009
long_2026-06-07T200000_AIOTUSDT,long,2026-06-07 20:00:00,AIOTUSDT,EARLY_BREAKOUT -> WEAK_TREND -> ACCELERATION -> EARLY_BREAKOUT -> FAKE_BREAKOUT -> ACCELERATION -> FAKE_BREAKOUT -> PULLBACK -> FAKE_BREAKOUT -> ACCELERATION -> HEALTHY_TREND -> ACCELERATION -> PULLBACK -> ACCELERATION -> HEALTHY_TREND -> ACCELERATION -> EXHAUSTION -> PULLBACK -> EXHAUSTION -> PULLBACK -> EXHAUSTION -> PULLBACK -> EXHAUSTION -> FAKE_BREAKOUT -> PULLBACK -> ACCELERATION -> EXHAUSTION -> ACCELERATION -> PULLBACK -> ACCELERATION -> PULLBACK -> ACCELERATION -> PULLBACK -> EXIT,33,PULLBACK,6.365
long_2026-06-07T200000_AIOUSDT,long,2026-06-07 20:00:00,AIOUSDT,EARLY_BREAKOUT -> WEAK_TREND -> ACCELERATION -> HEALTHY_TREND -> ACCELERATION -> WEAK_TREND -> HEALTHY_TREND -> WEAK_TREND -> ACCELERATION -> WEAK_TREND -> ACCELERATION -> WEAK_TREND -> HEALTHY_TREND -> WEAK_TREND -> ACCELERATION -> EXHAUSTION -> FAKE_BREAKOUT -> ACCELERATION -> PULLBACK -> FAKE_BREAKOUT -> REVERSAL -> FAKE_BREAKOUT -> REVERSAL -> FAKE_BREAKOUT -> ACCELERATION -> FAKE_BREAKOUT -> ACCELERATION -> FAKE_BREAKOUT -> PULLBACK -> EXIT,29,PULLBACK,2.3155
short_2026-06-07T200000_ESPORTSUSDT,short,2026-06-07 20:00:00,ESPORTSUSDT,EARLY_BREAKOUT -> FAKE_BREAKOUT -> REVERSAL -> ACCELERATION -> FAKE_BREAKOUT -> REVERSAL -> FAKE_BREAKOUT -> REVERSAL -> EXIT,8,REVERSAL,-17.3065
short_2026-06-07T200000_PARTIUSDT,short,2026-06-07 20:00:00,PARTIUSDT,EARLY_BREAKOUT -> ACCELERATION -> WEAK_TREND -> ACCELERATION -> WEAK_TREND -> ACCELERATION -> WEAK_TREND -> PULLBACK -> ACCELERATION -> WEAK_TREND -> PULLBACK -> EXHAUSTION -> FAKE_BREAKOUT -> PULLBACK -> ACCELERATION -> HEALTHY_TREND -> PULLBACK -> EXHAUSTION -> PULLBACK -> EXHAUSTION -> PULLBACK -> ACCELERATION -> PULLBACK -> ACCELERATION -> HEALTHY_TREND -> ACCELERATION -> WEAK_TREND -> ACCELERATION -> HEALTHY_TREND -> WEAK_TREND -> ACCELERATION -> HEALTHY_TREND -> WEAK_TREND -> PULLBACK -> HEALTHY_TREND -> PULLBACK -> EXIT,36,PULLBACK,6.5337
short_2026-06-07T200000_EDENUSDT,short,2026-06-07 20:00:00,EDENUSDT,EARLY_BREAKOUT -> EXHAUSTION -> ACCELERATION -> WEAK_TREND -> EXHAUSTION -> ACCELERATION -> PULLBACK -> ACCELERATION -> EXHAUSTION -> PULLBACK -> ACCELERATION -> WEAK_TREND -> ACCELERATION -> WEAK_TREND -> PULLBACK -> ACCELERATION -> HEALTHY_TREND -> PULLBACK -> HEALTHY_TREND -> PULLBACK -> HEALTHY_TREND -> PULLBACK -> ACCELERATION -> HEALTHY_TREND -> WEAK_TREND -> PULLBACK -> ACCELERATION -> HEALTHY_TREND -> PULLBACK -> ACCELERATION -> HEALTHY_TREND -> WEAK_TREND -> EXIT,32,WEAK_TREND,10.3938
short_2026-06-07T200000_GWEIUSDT,short,2026-06-07 20:00:00,GWEIUSDT,EARLY_BREAKOUT -> ACCELERATION -> HEALTHY_TREND -> ACCELERATION -> WEAK_TREND -> ACCELERATION -> HEALTHY_TREND -> ACCELERATION -> HEALTHY_TREND -> PULLBACK -> EXHAUSTION -> PULLBACK -> EXHAUSTION -> FAKE_BREAKOUT -> ACCELERATION -> PULLBACK -> EXHAUSTION -> FAKE_BREAKOUT -> PULLBACK -> EXHAUSTION -> ACCELERATION -> EXHAUSTION -> ACCELERATION -> EXHAUSTION -> ACCELERATION -> EXHAUSTION -> PULLBACK -> FAKE_BREAKOUT -> ACCELERATION -> PULLBACK -> EXHAUSTION -> PULLBACK -> ACCELERATION -> EXIT,33,ACCELERATION,9.6482
short_2026-06-07T200000_VELVETUSDT,short,2026-06-07 20:00:00,VELVETUSDT,EARLY_BREAKOUT -> WEAK_TREND -> REVERSAL -> ACCELERATION -> HEALTHY_TREND -> FAKE_BREAKOUT -> REVERSAL -> FAKE_BREAKOUT -> REVERSAL -> ACCELERATION -> REVERSAL -> FAKE_BREAKOUT -> REVERSAL -> EXIT,13,REVERSAL,-13.6457
long_2026-06-07T220000_POWERUSDT,long,2026-06-07 22:00:00,POWERUSDT,EARLY_BREAKOUT -> WEAK_TREND -> ACCELERATION -> WEAK_TREND -> ACCELERATION -> HEALTHY_TREND -> ACCELERATION -> WEAK_TREND -> PULLBACK -> EXHAUSTION -> PULLBACK -> ACCELERATION -> PULLBACK -> EXHAUSTION -> FAKE_BREAKOUT -> PULLBACK -> FAKE_BREAKOUT -> ACCELERATION -> PULLBACK -> EXHAUSTION -> PULLBACK -> ACCELERATION -> EXHAUSTION -> ACCELERATION -> PULLBACK -> ACCELERATION -> PULLBACK -> ACCELERATION -> PULLBACK -> EXHAUSTION -> EXIT,30,EXHAUSTION,5.7731
long_2026-06-07T220000_OGUSDT,long,2026-06-07 22:00:00,OGUSDT,EARLY_BREAKOUT -> ACCELERATION -> HEALTHY_TREND -> PULLBACK -> EXHAUSTION -> PULLBACK -> EXHAUSTION -> ACCELERATION -> HEALTHY_TREND -> FAKE_BREAKOUT -> ACCELERATION -> PULLBACK -> EXHAUSTION -> FAKE_BREAKOUT -> REVERSAL -> FAKE_BREAKOUT -> PULLBACK -> EXHAUSTION -> ACCELERATION -> EXHAUSTION -> PULLBACK -> FAKE_BREAKOUT -> ACCELERATION -> WEAK_TREND -> PULLBACK -> ACCELERATION -> HEALTHY_TREND -> WEAK_TREND -> PULLBACK -> EXHAUSTION -> PULLBACK -> EXHAUSTION -> EXIT,32,EXHAUSTION,2.1481
long_2026-06-07T220000_UAIUSDT,long,2026-06-07 22:00:00,UAIUSDT,EARLY_BREAKOUT -> ACCELERATION -> HEALTHY_TREND -> ACCELERATION -> HEALTHY_TREND -> WEAK_TREND -> ACCELERATION -> HEALTHY_TREND -> EXHAUSTION -> PULLBACK -> HEALTHY_TREND -> PULLBACK -> EXHAUSTION -> ACCELERATION -> HEALTHY_TREND -> EXHAUSTION -> PULLBACK -> EXHAUSTION -> FAKE_BREAKOUT -> ACCELERATION -> PULLBACK -> HEALTHY_TREND -> PULLBACK -> EXHAUSTION -> FAKE_BREAKOUT -> PULLBACK -> ACCELERATION -> EXHAUSTION -> PULLBACK -> ACCELERATION -> EXHAUSTION -> ACCELERATION -> EXHAUSTION -> PULLBACK -> ACCELERATION -> HEALTHY_TREND -> WEAK_TREND -> PULLBACK -> EXHAUSTION -> PULLBACK -> ACCELERATION -> EXIT,41,ACCELERATION,3.3369
long_2026-06-07T220000_BSBUSDT,long,2026-06-07 22:00:00,BSBUSDT,EARLY_BREAKOUT -> ACCELERATION -> EARLY_BREAKOUT -> ACCELERATION -> PULLBACK -> ACCELERATION -> HEALTHY_TREND -> ACCELERATION -> HEALTHY_TREND -> WEAK_TREND -> PULLBACK -> EXHAUSTION -> PULLBACK -> ACCELERATION -> PULLBACK -> EXHAUSTION -> PULLBACK -> EXHAUSTION -> PULLBACK -> EXHAUSTION -> ACCELERATION -> PULLBACK -> EXHAUSTION -> FAKE_BREAKOUT -> ACCELERATION -> EXHAUSTION -> ACCELERATION -> EXHAUSTION -> PULLBACK -> EXIT,29,PULLBACK,18.6019
long_2026-06-07T220000_BRUSDT,long,2026-06-07 22:00:00,BRUSDT,EARLY_BREAKOUT -> ACCELERATION -> EARLY_BREAKOUT -> WEAK_TREND -> ACCELERATION -> PULLBACK -> FAKE_BREAKOUT -> REVERSAL -> FAKE_BREAKOUT -> REVERSAL -> FAKE_BREAKOUT -> PULLBACK -> HEALTHY_TREND -> PULLBACK -> EXHAUSTION -> PULLBACK -> FAKE_BREAKOUT -> REVERSAL -> EXIT,18,REVERSAL,-0.5655
short_2026-06-07T220000_EPICUSDT,short,2026-06-07 22:00:00,EPICUSDT,EARLY_BREAKOUT -> WEAK_TREND -> FAKE_BREAKOUT -> ACCELERATION -> FAKE_BREAKOUT -> REVERSAL -> FAKE_BREAKOUT -> REVERSAL -> EXIT,8,REVERSAL,-11.2944
short_2026-06-07T220000_BTWUSDT,short,2026-06-07 22:00:00,BTWUSDT,EARLY_BREAKOUT -> FAKE_BREAKOUT -> ACCELERATION -> WEAK_TREND -> ACCELERATION -> PULLBACK -> ACCELERATION -> FAKE_BREAKOUT -> REVERSAL -> EXIT,9,REVERSAL,-3.198
short_2026-06-07T220000_GWEIUSDT,short,2026-06-07 22:00:00,GWEIUSDT,EARLY_BREAKOUT -> ACCELERATION -> EARLY_BREAKOUT -> ACCELERATION -> HEALTHY_TREND -> EXHAUSTION -> FAKE_BREAKOUT -> REVERSAL -> FAKE_BREAKOUT -> REVERSAL -> FAKE_BREAKOUT -> REVERSAL -> FAKE_BREAKOUT -> REVERSAL -> FAKE_BREAKOUT -> REVERSAL -> FAKE_BREAKOUT -> ACCELERATION -> PULLBACK -> ACCELERATION -> EXHAUSTION -> FAKE_BREAKOUT -> PULLBACK -> FAKE_BREAKOUT -> EXIT,24,FAKE_BREAKOUT,2.1995
short_2026-06-07T220000_LABUSDT,short,2026-06-07 22:00:00,LABUSDT,EARLY_BREAKOUT -> WEAK_TREND -> ACCELERATION -> WEAK_TREND -> FAKE_BREAKOUT -> REVERSAL -> HEALTHY_TREND -> WEAK_TREND -> ACCELERATION -> WEAK_TREND -> FAKE_BREAKOUT -> REVERSAL -> FAKE_BREAKOUT -> REVERSAL -> FAKE_BREAKOUT -> ACCELERATION -> WEAK_TREND -> ACCELERATION -> HEALTHY_TREND -> WEAK_TREND -> ACCELERATION -> WEAK_TREND -> FAKE_BREAKOUT -> PULLBACK -> REVERSAL -> FAKE_BREAKOUT -> ACCELERATION -> EXHAUSTION -> ACCELERATION -> WEAK_TREND -> ACCELERATION -> HEALTHY_TREND -> ACCELERATION -> EXIT,33,ACCELERATION,5.9873
short_2026-06-07T220000_OPGUSDT,short,2026-06-07 22:00:00,OPGUSDT,EARLY_BREAKOUT -> ACCELERATION -> PULLBACK -> ACCELERATION -> FAKE_BREAKOUT -> REVERSAL -> FAKE_BREAKOUT -> ACCELERATION -> PULLBACK -> ACCELERATION -> WEAK_TREND -> ACCELERATION -> HEALTHY_TREND -> ACCELERATION -> WEAK_TREND -> ACCELERATION -> HEALTHY_TREND -> ACCELERATION -> WEAK_TREND -> PULLBACK -> ACCELERATION -> PULLBACK -> EXHAUSTION -> PULLBACK -> ACCELERATION -> PULLBACK -> ACCELERATION -> PULLBACK -> ACCELERATION -> EXIT,29,ACCELERATION,9.2789
long_2026-06-08T000000_BSBUSDT,long,2026-06-08 00:00:00,BSBUSDT,EARLY_BREAKOUT -> EXHAUSTION -> ACCELERATION -> EARLY_BREAKOUT -> HEALTHY_TREND -> ACCELERATION -> HEALTHY_TREND -> WEAK_TREND -> EXHAUSTION -> FAKE_BREAKOUT -> PULLBACK -> EXHAUSTION -> ACCELERATION -> EXHAUSTION -> PULLBACK -> EXHAUSTION -> FAKE_BREAKOUT -> PULLBACK -> FAKE_BREAKOUT -> PULLBACK -> FAKE_BREAKOUT -> ACCELERATION -> EXHAUSTION -> PULLBACK -> FAKE_BREAKOUT -> REVERSAL -> FAKE_BREAKOUT -> REVERSAL -> EXIT,28,REVERSAL,-5.9181
long_2026-06-08T000000_BTWUSDT,long,2026-06-08 00:00:00,BTWUSDT,EARLY_BREAKOUT -> ACCELERATION -> WEAK_TREND -> ACCELERATION -> HEALTHY_TREND -> WEAK_TREND -> ACCELERATION -> HEALTHY_TREND -> PULLBACK -> ACCELERATION -> HEALTHY_TREND -> ACCELERATION -> PULLBACK -> ACCELERATION -> PULLBACK -> ACCELERATION -> HEALTHY_TREND -> ACCELERATION -> HEALTHY_TREND -> ACCELERATION -> WEAK_TREND -> ACCELERATION -> PULLBACK -> ACCELERATION -> HEALTHY_TREND -> PULLBACK -> EXHAUSTION -> FAKE_BREAKOUT -> ACCELERATION -> EXIT,29,ACCELERATION,24.9416
long_2026-06-08T000000_BEATUSDT,long,2026-06-08 00:00:00,BEATUSDT,EARLY_BREAKOUT -> ACCELERATION -> EARLY_BREAKOUT -> ACCELERATION -> HEALTHY_TREND -> ACCELERATION -> PULLBACK -> ACCELERATION -> PULLBACK -> HEALTHY_TREND -> WEAK_TREND -> PULLBACK -> ACCELERATION -> HEALTHY_TREND -> ACCELERATION -> HEALTHY_TREND -> WEAK_TREND -> ACCELERATION -> HEALTHY_TREND -> WEAK_TREND -> PULLBACK -> ACCELERATION -> HEALTHY_TREND -> PULLBACK -> ACCELERATION -> PULLBACK -> ACCELERATION -> PULLBACK -> ACCELERATION -> PULLBACK -> EXIT,30,PULLBACK,30.7636
long_2026-06-08T000000_WLDUSDT,long,2026-06-08 00:00:00,WLDUSDT,EARLY_BREAKOUT -> ACCELERATION -> EXHAUSTION -> FAKE_BREAKOUT -> REVERSAL -> FAKE_BREAKOUT -> REVERSAL -> FAKE_BREAKOUT -> REVERSAL -> FAKE_BREAKOUT -> REVERSAL -> ACCELERATION -> FAKE_BREAKOUT -> REVERSAL -> FAKE_BREAKOUT -> REVERSAL -> FAKE_BREAKOUT -> REVERSAL -> EXIT,18,REVERSAL,-0.783
long_2026-06-08T000000_ZESTUSDT,long,2026-06-08 00:00:00,ZESTUSDT,EARLY_BREAKOUT -> ACCELERATION -> HEALTHY_TREND -> ACCELERATION -> HEALTHY_TREND -> ACCELERATION -> HEALTHY_TREND -> WEAK_TREND -> ACCELERATION -> WEAK_TREND -> HEALTHY_TREND -> PULLBACK -> EXHAUSTION -> FAKE_BREAKOUT -> REVERSAL -> FAKE_BREAKOUT -> ACCELERATION -> EXHAUSTION -> FAKE_BREAKOUT -> REVERSAL -> EXIT,20,REVERSAL,-2.5391
short_2026-06-08T000000_JTOUSDT,short,2026-06-08 00:00:00,JTOUSDT,EARLY_BREAKOUT -> ACCELERATION -> WEAK_TREND -> ACCELERATION -> WEAK_TREND -> PULLBACK -> FAKE_BREAKOUT -> ACCELERATION -> HEALTHY_TREND -> ACCELERATION -> HEALTHY_TREND -> ACCELERATION -> HEALTHY_TREND -> ACCELERATION -> HEALTHY_TREND -> WEAK_TREND -> PULLBACK -> ACCELERATION -> PULLBACK -> FAKE_BREAKOUT -> PULLBACK -> EXHAUSTION -> ACCELERATION -> EXHAUSTION -> PULLBACK -> EXHAUSTION -> FAKE_BREAKOUT -> ACCELERATION -> PULLBACK -> EXHAUSTION -> ACCELERATION -> EXHAUSTION -> ACCELERATION -> PULLBACK -> EXIT,34,PULLBACK,5.6433
short_2026-06-08T000000_UBUSDT,short,2026-06-08 00:00:00,UBUSDT,EARLY_BREAKOUT -> ACCELERATION -> WEAK_TREND -> ACCELERATION -> FAKE_BREAKOUT -> ACCELERATION -> HEALTHY_TREND -> ACCELERATION -> HEALTHY_TREND -> WEAK_TREND -> ACCELERATION -> WEAK_TREND -> ACCELERATION -> HEALTHY_TREND -> WEAK_TREND -> PULLBACK -> ACCELERATION -> PULLBACK -> EXHAUSTION -> PULLBACK -> ACCELERATION -> EXHAUSTION -> ACCELERATION -> PULLBACK -> EXHAUSTION -> ACCELERATION -> EXHAUSTION -> PULLBACK -> ACCELERATION -> EXHAUSTION -> FAKE_BREAKOUT -> EXIT,31,FAKE_BREAKOUT,4.5905
short_2026-06-08T000000_BRUSDT,short,2026-06-08 00:00:00,BRUSDT,EARLY_BREAKOUT -> WEAK_TREND -> ACCELERATION -> WEAK_TREND -> ACCELERATION -> WEAK_TREND -> PULLBACK -> EXHAUSTION -> PULLBACK -> EXHAUSTION -> FAKE_BREAKOUT -> PULLBACK -> ACCELERATION -> HEALTHY_TREND -> ACCELERATION -> HEALTHY_TREND -> WEAK_TREND -> PULLBACK -> EXHAUSTION -> PULLBACK -> EXHAUSTION -> REVERSAL -> FAKE_BREAKOUT -> REVERSAL -> FAKE_BREAKOUT -> PULLBACK -> FAKE_BREAKOUT -> EXIT,27,FAKE_BREAKOUT,2.0819
short_2026-06-08T000000_TAUSDT,short,2026-06-08 00:00:00,TAUSDT,EARLY_BREAKOUT -> EXHAUSTION -> ACCELERATION -> EXHAUSTION -> HEALTHY_TREND -> FAKE_BREAKOUT -> ACCELERATION -> HEALTHY_TREND -> WEAK_TREND -> ACCELERATION -> WEAK_TREND -> HEALTHY_TREND -> WEAK_TREND -> EXHAUSTION -> ACCELERATION -> WEAK_TREND -> ACCELERATION -> WEAK_TREND -> HEALTHY_TREND -> WEAK_TREND -> HEALTHY_TREND -> ACCELERATION -> HEALTHY_TREND -> WEAK_TREND -> PULLBACK -> EXHAUSTION -> PULLBACK -> HEALTHY_TREND -> PULLBACK -> ACCELERATION -> WEAK_TREND -> PULLBACK -> ACCELERATION -> EXHAUSTION -> FAKE_BREAKOUT -> HEALTHY_TREND -> PULLBACK -> ACCELERATION -> PULLBACK -> ACCELERATION -> EXIT,40,ACCELERATION,2.8111
short_2026-06-08T000000_PLAYUSDT,short,2026-06-08 00:00:00,PLAYUSDT,EARLY_BREAKOUT -> ACCELERATION -> EARLY_BREAKOUT -> HEALTHY_TREND -> WEAK_TREND -> ACCELERATION -> WEAK_TREND -> ACCELERATION -> HEALTHY_TREND -> WEAK_TREND -> ACCELERATION -> WEAK_TREND -> FAKE_BREAKOUT -> REVERSAL -> FAKE_BREAKOUT -> PULLBACK -> ACCELERATION -> EXHAUSTION -> FAKE_BREAKOUT -> REVERSAL -> FAKE_BREAKOUT -> PULLBACK -> REVERSAL -> FAKE_BREAKOUT -> REVERSAL -> FAKE_BREAKOUT -> ACCELERATION -> WEAK_TREND -> PULLBACK -> ACCELERATION -> WEAK_TREND -> EXIT,31,WEAK_TREND,2.4166
long_2026-06-08T020000_ESPORTSUSDT,long,2026-06-08 02:00:00,ESPORTSUSDT,EARLY_BREAKOUT -> ACCELERATION -> EARLY_BREAKOUT -> WEAK_TREND -> EXHAUSTION -> FAKE_BREAKOUT -> ACCELERATION -> PULLBACK -> ACCELERATION -> PULLBACK -> ACCELERATION -> HEALTHY_TREND -> ACCELERATION -> HEALTHY_TREND -> PULLBACK -> ACCELERATION -> WEAK_TREND -> PULLBACK -> HEALTHY_TREND -> ACCELERATION -> HEALTHY_TREND -> ACCELERATION -> HEALTHY_TREND -> PULLBACK -> ACCELERATION -> HEALTHY_TREND -> PULLBACK -> FAKE_BREAKOUT -> PULLBACK -> FAKE_BREAKOUT -> ACCELERATION -> PULLBACK -> EXIT,32,PULLBACK,15.2441
long_2026-06-08T020000_STGUSDT,long,2026-06-08 02:00:00,STGUSDT,EARLY_BREAKOUT -> ACCELERATION -> EARLY_BREAKOUT -> PULLBACK -> ACCELERATION -> EXHAUSTION -> FAKE_BREAKOUT -> REVERSAL -> FAKE_BREAKOUT -> REVERSAL -> FAKE_BREAKOUT -> REVERSAL -> FAKE_BREAKOUT -> REVERSAL -> FAKE_BREAKOUT -> EXIT,15,FAKE_BREAKOUT,0.7303
long_2026-06-08T020000_EPICUSDT,long,2026-06-08 02:00:00,EPICUSDT,EARLY_BREAKOUT -> ACCELERATION -> PULLBACK -> ACCELERATION -> HEALTHY_TREND -> WEAK_TREND -> PULLBACK -> FAKE_BREAKOUT -> PULLBACK -> ACCELERATION -> HEALTHY_TREND -> WEAK_TREND -> ACCELERATION -> WEAK_TREND -> ACCELERATION -> WEAK_TREND -> HEALTHY_TREND -> PULLBACK -> FAKE_BREAKOUT -> PULLBACK -> FAKE_BREAKOUT -> ACCELERATION -> EXHAUSTION -> ACCELERATION -> EXHAUSTION -> ACCELERATION -> PULLBACK -> ACCELERATION -> WEAK_TREND -> ACCELERATION -> PULLBACK -> FAKE_BREAKOUT -> REVERSAL -> EXIT,33,REVERSAL,-13.6873
long_2026-06-08T020000_MYXUSDT,long,2026-06-08 02:00:00,MYXUSDT,EARLY_BREAKOUT -> ACCELERATION -> HEALTHY_TREND -> PULLBACK -> EXHAUSTION -> PULLBACK -> EXHAUSTION -> ACCELERATION -> PULLBACK -> ACCELERATION -> PULLBACK -> EXHAUSTION -> PULLBACK -> ACCELERATION -> WEAK_TREND -> PULLBACK -> ACCELERATION -> HEALTHY_TREND -> WEAK_TREND -> PULLBACK -> HEALTHY_TREND -> WEAK_TREND -> ACCELERATION -> WEAK_TREND -> ACCELERATION -> WEAK_TREND -> PULLBACK -> EXHAUSTION -> PULLBACK -> EXHAUSTION -> FAKE_BREAKOUT -> EXIT,31,FAKE_BREAKOUT,3.23
long_2026-06-08T020000_BTWUSDT,long,2026-06-08 02:00:00,BTWUSDT,EARLY_BREAKOUT -> ACCELERATION -> HEALTHY_TREND -> ACCELERATION -> PULLBACK -> ACCELERATION -> PULLBACK -> ACCELERATION -> HEALTHY_TREND -> ACCELERATION -> HEALTHY_TREND -> ACCELERATION -> WEAK_TREND -> ACCELERATION -> PULLBACK -> ACCELERATION -> HEALTHY_TREND -> PULLBACK -> EXHAUSTION -> PULLBACK -> FAKE_BREAKOUT -> REVERSAL -> FAKE_BREAKOUT -> REVERSAL -> EXIT,24,REVERSAL,-1.0027
short_2026-06-08T020000_BSBUSDT,short,2026-06-08 02:00:00,BSBUSDT,EARLY_BREAKOUT -> ACCELERATION -> PULLBACK -> EXHAUSTION -> ACCELERATION -> EXHAUSTION -> PULLBACK -> ACCELERATION -> PULLBACK -> ACCELERATION -> PULLBACK -> HEALTHY_TREND -> PULLBACK -> ACCELERATION -> HEALTHY_TREND -> ACCELERATION -> HEALTHY_TREND -> WEAK_TREND -> PULLBACK -> ACCELERATION -> PULLBACK -> ACCELERATION -> WEAK_TREND -> ACCELERATION -> WEAK_TREND -> ACCELERATION -> WEAK_TREND -> ACCELERATION -> HEALTHY_TREND -> ACCELERATION -> WEAK_TREND -> ACCELERATION -> PULLBACK -> ACCELERATION -> EXIT,34,ACCELERATION,30.7825
short_2026-06-08T020000_VELVETUSDT,short,2026-06-08 02:00:00,VELVETUSDT,EARLY_BREAKOUT -> ACCELERATION -> FAKE_BREAKOUT -> ACCELERATION -> HEALTHY_TREND -> PULLBACK -> ACCELERATION -> HEALTHY_TREND -> EXHAUSTION -> FAKE_BREAKOUT -> REVERSAL -> FAKE_BREAKOUT -> REVERSAL -> FAKE_BREAKOUT -> PULLBACK -> FAKE_BREAKOUT -> REVERSAL -> FAKE_BREAKOUT -> REVERSAL -> EXIT,19,REVERSAL,-2.1708
short_2026-06-08T020000_LABUSDT,short,2026-06-08 02:00:00,LABUSDT,EARLY_BREAKOUT -> WEAK_TREND -> ACCELERATION -> HEALTHY_TREND -> ACCELERATION -> HEALTHY_TREND -> WEAK_TREND -> PULLBACK -> ACCELERATION -> HEALTHY_TREND -> ACCELERATION -> WEAK_TREND -> ACCELERATION -> HEALTHY_TREND -> WEAK_TREND -> ACCELERATION -> WEAK_TREND -> PULLBACK -> EXHAUSTION -> PULLBACK -> ACCELERATION -> PULLBACK -> ACCELERATION -> WEAK_TREND -> ACCELERATION -> HEALTHY_TREND -> ACCELERATION -> PULLBACK -> HEALTHY_TREND -> WEAK_TREND -> PULLBACK -> ACCELERATION -> WEAK_TREND -> PULLBACK -> ACCELERATION -> PULLBACK -> EXIT,36,PULLBACK,10.614
short_2026-06-08T020000_UBUSDT,short,2026-06-08 02:00:00,UBUSDT,EARLY_BREAKOUT -> ACCELERATION -> WEAK_TREND -> ACCELERATION -> WEAK_TREND -> ACCELERATION -> HEALTHY_TREND -> PULLBACK -> EXHAUSTION -> PULLBACK -> ACCELERATION -> FAKE_BREAKOUT -> REVERSAL -> FAKE_BREAKOUT -> REVERSAL -> FAKE_BREAKOUT -> REVERSAL -> FAKE_BREAKOUT -> ACCELERATION -> EXIT,19,ACCELERATION,10.331
short_2026-06-08T020000_SIRENUSDT,short,2026-06-08 02:00:00,SIRENUSDT,EARLY_BREAKOUT -> WEAK_TREND -> ACCELERATION -> WEAK_TREND -> ACCELERATION -> FAKE_BREAKOUT -> REVERSAL -> FAKE_BREAKOUT -> REVERSAL -> FAKE_BREAKOUT -> REVERSAL -> FAKE_BREAKOUT -> EXIT,12,FAKE_BREAKOUT,3.9293
long_2026-06-08T040000_ESPORTSUSDT,long,2026-06-08 04:00:00,ESPORTSUSDT,EARLY_BREAKOUT -> ACCELERATION -> PULLBACK -> ACCELERATION -> PULLBACK -> ACCELERATION -> HEALTHY_TREND -> ACCELERATION -> HEALTHY_TREND -> PULLBACK -> EXHAUSTION -> PULLBACK -> EXHAUSTION -> PULLBACK -> ACCELERATION -> WEAK_TREND -> PULLBACK -> HEALTHY_TREND -> ACCELERATION -> HEALTHY_TREND -> ACCELERATION -> HEALTHY_TREND -> PULLBACK -> ACCELERATION -> HEALTHY_TREND -> PULLBACK -> FAKE_BREAKOUT -> PULLBACK -> EXHAUSTION -> FAKE_BREAKOUT -> ACCELERATION -> PULLBACK -> ACCELERATION -> EXIT,33,ACCELERATION,59.651
long_2026-06-08T040000_SIRENUSDT,long,2026-06-08 04:00:00,SIRENUSDT,EARLY_BREAKOUT -> ACCELERATION -> PULLBACK -> HEALTHY_TREND -> PULLBACK -> EXHAUSTION -> PULLBACK -> ACCELERATION -> HEALTHY_TREND -> PULLBACK -> ACCELERATION -> PULLBACK -> ACCELERATION -> PULLBACK -> ACCELERATION -> PULLBACK -> ACCELERATION -> PULLBACK -> EXHAUSTION -> PULLBACK -> ACCELERATION -> PULLBACK -> ACCELERATION -> PULLBACK -> EXHAUSTION -> PULLBACK -> FAKE_BREAKOUT -> PULLBACK -> FAKE_BREAKOUT -> REVERSAL -> EXIT,30,REVERSAL,-1.5401
long_2026-06-08T040000_ALLOUSDT,long,2026-06-08 04:00:00,ALLOUSDT,EARLY_BREAKOUT -> ACCELERATION -> WEAK_TREND -> ACCELERATION -> WEAK_TREND -> ACCELERATION -> WEAK_TREND -> ACCELERATION -> HEALTHY_TREND -> ACCELERATION -> WEAK_TREND -> EXHAUSTION -> ACCELERATION -> HEALTHY_TREND -> ACCELERATION -> PULLBACK -> ACCELERATION -> PULLBACK -> EXHAUSTION -> ACCELERATION -> HEALTHY_TREND -> PULLBACK -> HEALTHY_TREND -> ACCELERATION -> PULLBACK -> ACCELERATION -> PULLBACK -> ACCELERATION -> PULLBACK -> ACCELERATION -> PULLBACK -> ACCELERATION -> HEALTHY_TREND -> EXIT,33,HEALTHY_TREND,37.2088
long_2026-06-08T040000_BEATUSDT,long,2026-06-08 04:00:00,BEATUSDT,EARLY_BREAKOUT -> ACCELERATION -> EARLY_BREAKOUT -> ACCELERATION -> HEALTHY_TREND -> WEAK_TREND -> PULLBACK -> ACCELERATION -> HEALTHY_TREND -> PULLBACK -> ACCELERATION -> PULLBACK -> EXHAUSTION -> FAKE_BREAKOUT -> PULLBACK -> ACCELERATION -> PULLBACK -> ACCELERATION -> PULLBACK -> EXHAUSTION -> PULLBACK -> EXHAUSTION -> PULLBACK -> ACCELERATION -> PULLBACK -> ACCELERATION -> PULLBACK -> ACCELERATION -> HEALTHY_TREND -> PULLBACK -> ACCELERATION -> HEALTHY_TREND -> ACCELERATION -> PULLBACK -> ACCELERATION -> EXIT,35,ACCELERATION,36.5627
long_2026-06-08T040000_VELVETUSDT,long,2026-06-08 04:00:00,VELVETUSDT,EARLY_BREAKOUT -> ACCELERATION -> EARLY_BREAKOUT -> ACCELERATION -> HEALTHY_TREND -> WEAK_TREND -> EXHAUSTION -> PULLBACK -> EXHAUSTION -> ACCELERATION -> PULLBACK -> EXHAUSTION -> FAKE_BREAKOUT -> PULLBACK -> ACCELERATION -> HEALTHY_TREND -> WEAK_TREND -> ACCELERATION -> PULLBACK -> ACCELERATION -> HEALTHY_TREND -> PULLBACK -> ACCELERATION -> HEALTHY_TREND -> PULLBACK -> EXHAUSTION -> ACCELERATION -> PULLBACK -> ACCELERATION -> PULLBACK -> ACCELERATION -> HEALTHY_TREND -> ACCELERATION -> WEAK_TREND -> PULLBACK -> EXIT,35,PULLBACK,9.6024
short_2026-06-08T040000_HUSDT,short,2026-06-08 04:00:00,HUSDT,EARLY_BREAKOUT -> ACCELERATION -> WEAK_TREND -> ACCELERATION -> PULLBACK -> ACCELERATION -> PULLBACK -> EXHAUSTION -> ACCELERATION -> PULLBACK -> ACCELERATION -> PULLBACK -> ACCELERATION -> WEAK_TREND -> ACCELERATION -> WEAK_TREND -> PULLBACK -> ACCELERATION -> PULLBACK -> ACCELERATION -> PULLBACK -> ACCELERATION -> PULLBACK -> ACCELERATION -> PULLBACK -> ACCELERATION -> PULLBACK -> ACCELERATION -> PULLBACK -> EXIT,29,PULLBACK,9.3466
short_2026-06-08T040000_OPNUSDT,short,2026-06-08 04:00:00,OPNUSDT,EARLY_BREAKOUT -> ACCELERATION -> EARLY_BREAKOUT -> PULLBACK -> ACCELERATION -> PULLBACK -> ACCELERATION -> WEAK_TREND -> PULLBACK -> ACCELERATION -> PULLBACK -> ACCELERATION -> PULLBACK -> ACCELERATION -> PULLBACK -> EXHAUSTION -> PULLBACK -> ACCELERATION -> PULLBACK -> ACCELERATION -> WEAK_TREND -> PULLBACK -> ACCELERATION -> WEAK_TREND -> ACCELERATION -> WEAK_TREND -> ACCELERATION -> WEAK_TREND -> ACCELERATION -> WEAK_TREND -> PULLBACK -> EXIT,31,PULLBACK,15.9109
short_2026-06-08T040000_STGUSDT,short,2026-06-08 04:00:00,STGUSDT,EARLY_BREAKOUT -> ACCELERATION -> WEAK_TREND -> PULLBACK -> ACCELERATION -> PULLBACK -> EXHAUSTION -> PULLBACK -> EXHAUSTION -> PULLBACK -> ACCELERATION -> HEALTHY_TREND -> WEAK_TREND -> ACCELERATION -> EXHAUSTION -> PULLBACK -> HEALTHY_TREND -> PULLBACK -> EXHAUSTION -> PULLBACK -> EXHAUSTION -> ACCELERATION -> EXHAUSTION -> FAKE_BREAKOUT -> PULLBACK -> FAKE_BREAKOUT -> ACCELERATION -> FAKE_BREAKOUT -> ACCELERATION -> PULLBACK -> EXHAUSTION -> FAKE_BREAKOUT -> REVERSAL -> EXIT,33,REVERSAL,-0.1775
short_2026-06-08T040000_YBUSDT,short,2026-06-08 04:00:00,YBUSDT,EARLY_BREAKOUT -> ACCELERATION -> EARLY_BREAKOUT -> WEAK_TREND -> PULLBACK -> HEALTHY_TREND -> PULLBACK -> ACCELERATION -> PULLBACK -> FAKE_BREAKOUT -> PULLBACK -> FAKE_BREAKOUT -> ACCELERATION -> PULLBACK -> EXHAUSTION -> ACCELERATION -> EXHAUSTION -> PULLBACK -> EXHAUSTION -> ACCELERATION -> EXHAUSTION -> PULLBACK -> FAKE_BREAKOUT -> PULLBACK -> ACCELERATION -> PULLBACK -> ACCELERATION -> EXHAUSTION -> ACCELERATION -> FAKE_BREAKOUT -> REVERSAL -> EXIT,31,REVERSAL,-4.6729
short_2026-06-08T040000_VVVUSDT,short,2026-06-08 04:00:00,VVVUSDT,EARLY_BREAKOUT -> ACCELERATION -> PULLBACK -> EXHAUSTION -> PULLBACK -> EXHAUSTION -> ACCELERATION -> PULLBACK -> EXHAUSTION -> REVERSAL -> FAKE_BREAKOUT -> REVERSAL -> FAKE_BREAKOUT -> REVERSAL -> FAKE_BREAKOUT -> REVERSAL -> FAKE_BREAKOUT -> REVERSAL -> FAKE_BREAKOUT -> ACCELERATION -> EXHAUSTION -> FAKE_BREAKOUT -> ACCELERATION -> FAKE_BREAKOUT -> REVERSAL -> EXIT,25,REVERSAL,-5.198
long_2026-06-08T060000_GENIUSUSDT,long,2026-06-08 06:00:00,GENIUSUSDT,EARLY_BREAKOUT -> WEAK_TREND -> ACCELERATION -> EARLY_BREAKOUT -> ACCELERATION -> PULLBACK -> ACCELERATION -> EXHAUSTION -> ACCELERATION -> PULLBACK -> ACCELERATION -> PULLBACK -> EXHAUSTION -> FAKE_BREAKOUT -> PULLBACK -> ACCELERATION -> FAKE_BREAKOUT -> PULLBACK -> FAKE_BREAKOUT -> ACCELERATION -> FAKE_BREAKOUT -> ACCELERATION -> EXHAUSTION -> FAKE_BREAKOUT -> PULLBACK -> ACCELERATION -> EXHAUSTION -> ACCELERATION -> PULLBACK -> EXHAUSTION -> ACCELERATION -> EXHAUSTION -> FAKE_BREAKOUT -> EXIT,33,FAKE_BREAKOUT,1.9509
long_2026-06-08T060000_BANUSDT,long,2026-06-08 06:00:00,BANUSDT,EARLY_BREAKOUT -> ACCELERATION -> HEALTHY_TREND -> PULLBACK -> EXHAUSTION -> FAKE_BREAKOUT -> ACCELERATION -> FAKE_BREAKOUT -> ACCELERATION -> PULLBACK -> HEALTHY_TREND -> PULLBACK -> FAKE_BREAKOUT -> REVERSAL -> FAKE_BREAKOUT -> ACCELERATION -> EXHAUSTION -> ACCELERATION -> EXHAUSTION -> EXIT,19,EXHAUSTION,3.8268
long_2026-06-08T060000_BTWUSDT,long,2026-06-08 06:00:00,BTWUSDT,EARLY_BREAKOUT -> ACCELERATION -> WEAK_TREND -> ACCELERATION -> PULLBACK -> ACCELERATION -> HEALTHY_TREND -> FAKE_BREAKOUT -> REVERSAL -> EXIT,9,REVERSAL,-30.835
long_2026-06-08T060000_SIRENUSDT,long,2026-06-08 06:00:00,SIRENUSDT,EARLY_BREAKOUT -> ACCELERATION -> HEALTHY_TREND -> WEAK_TREND -> ACCELERATION -> PULLBACK -> EXHAUSTION -> ACCELERATION -> PULLBACK -> ACCELERATION -> PULLBACK -> ACCELERATION -> PULLBACK -> EXHAUSTION -> PULLBACK -> FAKE_BREAKOUT -> ACCELERATION -> PULLBACK -> ACCELERATION -> EXHAUSTION -> PULLBACK -> FAKE_BREAKOUT -> REVERSAL -> FAKE_BREAKOUT -> REVERSAL -> EXIT,25,REVERSAL,-4.7829
long_2026-06-08T060000_NXPCUSDT,long,2026-06-08 06:00:00,NXPCUSDT,EARLY_BREAKOUT -> EXHAUSTION -> ACCELERATION -> WEAK_TREND -> ACCELERATION -> EXHAUSTION -> HEALTHY_TREND -> WEAK_TREND -> EXHAUSTION -> ACCELERATION -> EXHAUSTION -> ACCELERATION -> WEAK_TREND -> EXHAUSTION -> FAKE_BREAKOUT -> PULLBACK -> HEALTHY_TREND -> WEAK_TREND -> ACCELERATION -> WEAK_TREND -> ACCELERATION -> WEAK_TREND -> EXHAUSTION -> HEALTHY_TREND -> WEAK_TREND -> ACCELERATION -> WEAK_TREND -> PULLBACK -> ACCELERATION -> WEAK_TREND -> EXHAUSTION -> PULLBACK -> EXHAUSTION -> PULLBACK -> EXHAUSTION -> PULLBACK -> EXHAUSTION -> ACCELERATION -> HEALTHY_TREND -> WEAK_TREND -> EXIT,40,WEAK_TREND,4.6041
short_2026-06-08T060000_ESPORTSUSDT,short,2026-06-08 06:00:00,ESPORTSUSDT,EARLY_BREAKOUT -> ACCELERATION -> EARLY_BREAKOUT -> WEAK_TREND -> ACCELERATION -> WEAK_TREND -> FAKE_BREAKOUT -> PULLBACK -> FAKE_BREAKOUT -> REVERSAL -> ACCELERATION -> FAKE_BREAKOUT -> ACCELERATION -> HEALTHY_TREND -> FAKE_BREAKOUT -> ACCELERATION -> FAKE_BREAKOUT -> REVERSAL -> FAKE_BREAKOUT -> EXIT,19,FAKE_BREAKOUT,2.0681
short_2026-06-08T060000_EDENUSDT,short,2026-06-08 06:00:00,EDENUSDT,EARLY_BREAKOUT -> ACCELERATION -> EARLY_BREAKOUT -> HEALTHY_TREND -> EXHAUSTION -> ACCELERATION -> HEALTHY_TREND -> WEAK_TREND -> PULLBACK -> ACCELERATION -> HEALTHY_TREND -> ACCELERATION -> WEAK_TREND -> ACCELERATION -> WEAK_TREND -> HEALTHY_TREND -> ACCELERATION -> WEAK_TREND -> ACCELERATION -> WEAK_TREND -> ACCELERATION -> HEALTHY_TREND -> WEAK_TREND -> ACCELERATION -> HEALTHY_TREND -> ACCELERATION -> WEAK_TREND -> ACCELERATION -> PULLBACK -> HEALTHY_TREND -> PULLBACK -> EXHAUSTION -> PULLBACK -> ACCELERATION -> WEAK_TREND -> ACCELERATION -> HEALTHY_TREND -> WEAK_TREND -> EXIT,38,WEAK_TREND,11.0461
short_2026-06-08T060000_BEATUSDT,short,2026-06-08 06:00:00,BEATUSDT,EARLY_BREAKOUT -> ACCELERATION -> EARLY_BREAKOUT -> REVERSAL -> PULLBACK -> HEALTHY_TREND -> REVERSAL -> EXIT,7,REVERSAL,-26.2842
short_2026-06-08T060000_ZESTUSDT,short,2026-06-08 06:00:00,ZESTUSDT,EARLY_BREAKOUT -> WEAK_TREND -> ACCELERATION -> WEAK_TREND -> ACCELERATION -> WEAK_TREND -> ACCELERATION -> HEALTHY_TREND -> ACCELERATION -> WEAK_TREND -> ACCELERATION -> WEAK_TREND -> FAKE_BREAKOUT -> PULLBACK -> HEALTHY_TREND -> FAKE_BREAKOUT -> ACCELERATION -> HEALTHY_TREND -> EXHAUSTION -> ACCELERATION -> HEALTHY_TREND -> WEAK_TREND -> PULLBACK -> ACCELERATION -> HEALTHY_TREND -> WEAK_TREND -> HEALTHY_TREND -> ACCELERATION -> WEAK_TREND -> ACCELERATION -> PULLBACK -> EXHAUSTION -> PULLBACK -> ACCELERATION -> PULLBACK -> ACCELERATION -> PULLBACK -> ACCELERATION -> PULLBACK -> EXIT,39,PULLBACK,4.3952
short_2026-06-08T060000_APRUSDT,short,2026-06-08 06:00:00,APRUSDT,EARLY_BREAKOUT -> WEAK_TREND -> ACCELERATION -> EXHAUSTION -> REVERSAL -> FAKE_BREAKOUT -> REVERSAL -> FAKE_BREAKOUT -> PULLBACK -> ACCELERATION -> HEALTHY_TREND -> WEAK_TREND -> ACCELERATION -> REVERSAL -> FAKE_BREAKOUT -> ACCELERATION -> FAKE_BREAKOUT -> PULLBACK -> ACCELERATION -> EXHAUSTION -> ACCELERATION -> HEALTHY_TREND -> PULLBACK -> ACCELERATION -> HEALTHY_TREND -> WEAK_TREND -> ACCELERATION -> HEALTHY_TREND -> WEAK_TREND -> ACCELERATION -> WEAK_TREND -> ACCELERATION -> WEAK_TREND -> EXIT,33,WEAK_TREND,8.4073
long_2026-06-08T080000_BSBUSDT,long,2026-06-08 08:00:00,BSBUSDT,EARLY_BREAKOUT -> ACCELERATION -> PULLBACK -> ACCELERATION -> WEAK_TREND -> EXHAUSTION -> FAKE_BREAKOUT -> REVERSAL -> FAKE_BREAKOUT -> PULLBACK -> HEALTHY_TREND -> PULLBACK -> ACCELERATION -> FAKE_BREAKOUT -> HEALTHY_TREND -> EXHAUSTION -> PULLBACK -> FAKE_BREAKOUT -> ACCELERATION -> PULLBACK -> FAKE_BREAKOUT -> EXIT,21,FAKE_BREAKOUT,3.7746
long_2026-06-08T080000_NXPCUSDT,long,2026-06-08 08:00:00,NXPCUSDT,EARLY_BREAKOUT -> WEAK_TREND -> ACCELERATION -> WEAK_TREND -> ACCELERATION -> WEAK_TREND -> EXHAUSTION -> FAKE_BREAKOUT -> PULLBACK -> HEALTHY_TREND -> WEAK_TREND -> ACCELERATION -> WEAK_TREND -> ACCELERATION -> WEAK_TREND -> FAKE_BREAKOUT -> HEALTHY_TREND -> WEAK_TREND -> ACCELERATION -> WEAK_TREND -> PULLBACK -> ACCELERATION -> WEAK_TREND -> EXHAUSTION -> PULLBACK -> EXHAUSTION -> PULLBACK -> EXHAUSTION -> PULLBACK -> EXHAUSTION -> ACCELERATION -> HEALTHY_TREND -> WEAK_TREND -> ACCELERATION -> WEAK_TREND -> ACCELERATION -> PULLBACK -> ACCELERATION -> HEALTHY_TREND -> WEAK_TREND -> EXIT,40,WEAK_TREND,4.5594
long_2026-06-08T080000_OGUSDT,long,2026-06-08 08:00:00,OGUSDT,EARLY_BREAKOUT -> ACCELERATION -> WEAK_TREND -> PULLBACK -> WEAK_TREND -> PULLBACK -> REVERSAL -> EXIT,7,REVERSAL,-3.6865
long_2026-06-08T080000_AIAUSDT,long,2026-06-08 08:00:00,AIAUSDT,EARLY_BREAKOUT -> WEAK_TREND -> ACCELERATION -> HEALTHY_TREND -> WEAK_TREND -> REVERSAL -> ACCELERATION -> PULLBACK -> ACCELERATION -> HEALTHY_TREND -> WEAK_TREND -> HEALTHY_TREND -> WEAK_TREND -> ACCELERATION -> WEAK_TREND -> ACCELERATION -> EXIT,16,ACCELERATION,1.6964
long_2026-06-08T080000_ALLOUSDT,long,2026-06-08 08:00:00,ALLOUSDT,EARLY_BREAKOUT -> ACCELERATION -> FAKE_BREAKOUT -> ACCELERATION -> EXHAUSTION -> FAKE_BREAKOUT -> ACCELERATION -> HEALTHY_TREND -> PULLBACK -> HEALTHY_TREND -> ACCELERATION -> PULLBACK -> ACCELERATION -> PULLBACK -> ACCELERATION -> EXHAUSTION -> ACCELERATION -> PULLBACK -> ACCELERATION -> HEALTHY_TREND -> ACCELERATION -> HEALTHY_TREND -> PULLBACK -> ACCELERATION -> PULLBACK -> ACCELERATION -> HEALTHY_TREND -> PULLBACK -> ACCELERATION -> HEALTHY_TREND -> ACCELERATION -> HEALTHY_TREND -> EXIT,32,HEALTHY_TREND,65.1188
short_2026-06-08T080000_BTWUSDT,short,2026-06-08 08:00:00,BTWUSDT,EARLY_BREAKOUT -> ACCELERATION -> EARLY_BREAKOUT -> ACCELERATION -> WEAK_TREND -> ACCELERATION -> HEALTHY_TREND -> PULLBACK -> ACCELERATION -> PULLBACK -> ACCELERATION -> HEALTHY_TREND -> PULLBACK -> ACCELERATION -> PULLBACK -> ACCELERATION -> HEALTHY_TREND -> ACCELERATION -> PULLBACK -> ACCELERATION -> PULLBACK -> ACCELERATION -> HEALTHY_TREND -> ACCELERATION -> HEALTHY_TREND -> WEAK_TREND -> ACCELERATION -> PULLBACK -> EXIT,28,PULLBACK,26.5598
short_2026-06-08T080000_BEATUSDT,short,2026-06-08 08:00:00,BEATUSDT,EARLY_BREAKOUT -> ACCELERATION -> EARLY_BREAKOUT -> FAKE_BREAKOUT -> REVERSAL -> FAKE_BREAKOUT -> REVERSAL -> FAKE_BREAKOUT -> REVERSAL -> EXIT,9,REVERSAL,-19.6044
short_2026-06-08T080000_ESPORTSUSDT,short,2026-06-08 08:00:00,ESPORTSUSDT,EARLY_BREAKOUT -> ACCELERATION -> HEALTHY_TREND -> FAKE_BREAKOUT -> REVERSAL -> ACCELERATION -> FAKE_BREAKOUT -> ACCELERATION -> HEALTHY_TREND -> PULLBACK -> FAKE_BREAKOUT -> ACCELERATION -> FAKE_BREAKOUT -> REVERSAL -> FAKE_BREAKOUT -> PULLBACK -> ACCELERATION -> HEALTHY_TREND -> PULLBACK -> ACCELERATION -> PULLBACK -> EXIT,21,PULLBACK,10.0122
short_2026-06-08T080000_GWEIUSDT,short,2026-06-08 08:00:00,GWEIUSDT,EARLY_BREAKOUT -> ACCELERATION -> WEAK_TREND -> ACCELERATION -> REVERSAL -> FAKE_BREAKOUT -> REVERSAL -> ACCELERATION -> FAKE_BREAKOUT -> REVERSAL -> FAKE_BREAKOUT -> REVERSAL -> EXIT,12,REVERSAL,-10.6303
short_2026-06-08T080000_DYDXUSDT,short,2026-06-08 08:00:00,DYDXUSDT,EARLY_BREAKOUT -> ACCELERATION -> WEAK_TREND -> ACCELERATION -> HEALTHY_TREND -> WEAK_TREND -> ACCELERATION -> HEALTHY_TREND -> PULLBACK -> ACCELERATION -> HEALTHY_TREND -> WEAK_TREND -> PULLBACK -> HEALTHY_TREND -> EXHAUSTION -> ACCELERATION -> PULLBACK -> ACCELERATION -> WEAK_TREND -> ACCELERATION -> PULLBACK -> HEALTHY_TREND -> PULLBACK -> EXHAUSTION -> FAKE_BREAKOUT -> PULLBACK -> FAKE_BREAKOUT -> ACCELERATION -> PULLBACK -> ACCELERATION -> PULLBACK -> ACCELERATION -> HEALTHY_TREND -> WEAK_TREND -> PULLBACK -> HEALTHY_TREND -> WEAK_TREND -> ACCELERATION -> WEAK_TREND -> EXIT,39,WEAK_TREND,3.5374
long_2026-06-08T100000_EPICUSDT,long,2026-06-08 10:00:00,EPICUSDT,EARLY_BREAKOUT -> ACCELERATION -> EARLY_BREAKOUT -> ACCELERATION -> PULLBACK -> FAKE_BREAKOUT -> REVERSAL -> EXIT,7,REVERSAL,-24.2528
long_2026-06-08T100000_ESPORTSUSDT,long,2026-06-08 10:00:00,ESPORTSUSDT,EARLY_BREAKOUT -> ACCELERATION -> EARLY_BREAKOUT -> FAKE_BREAKOUT -> ACCELERATION -> HEALTHY_TREND -> REVERSAL -> FAKE_BREAKOUT -> PULLBACK -> ACCELERATION -> HEALTHY_TREND -> PULLBACK -> EXHAUSTION -> FAKE_BREAKOUT -> REVERSAL -> EXIT,15,REVERSAL,-28.5239
long_2026-06-08T100000_ALLOUSDT,long,2026-06-08 10:00:00,ALLOUSDT,EARLY_BREAKOUT -> ACCELERATION -> EARLY_BREAKOUT -> HEALTHY_TREND -> WEAK_TREND -> PULLBACK -> HEALTHY_TREND -> ACCELERATION -> PULLBACK -> ACCELERATION -> PULLBACK -> EXHAUSTION -> PULLBACK -> ACCELERATION -> FAKE_BREAKOUT -> ACCELERATION -> PULLBACK -> ACCELERATION -> HEALTHY_TREND -> ACCELERATION -> HEALTHY_TREND -> PULLBACK -> ACCELERATION -> PULLBACK -> ACCELERATION -> HEALTHY_TREND -> PULLBACK -> ACCELERATION -> HEALTHY_TREND -> ACCELERATION -> HEALTHY_TREND -> PULLBACK -> EXHAUSTION -> FAKE_BREAKOUT -> PULLBACK -> EXHAUSTION -> ACCELERATION -> EXIT,37,ACCELERATION,21.4564
long_2026-06-08T100000_BEATUSDT,long,2026-06-08 10:00:00,BEATUSDT,EARLY_BREAKOUT -> ACCELERATION -> EXHAUSTION -> FAKE_BREAKOUT -> REVERSAL -> FAKE_BREAKOUT -> REVERSAL -> FAKE_BREAKOUT -> PULLBACK -> FAKE_BREAKOUT -> ACCELERATION -> HEALTHY_TREND -> PULLBACK -> ACCELERATION -> HEALTHY_TREND -> ACCELERATION -> PULLBACK -> ACCELERATION -> WEAK_TREND -> PULLBACK -> HEALTHY_TREND -> ACCELERATION -> PULLBACK -> ACCELERATION -> HEALTHY_TREND -> PULLBACK -> ACCELERATION -> HEALTHY_TREND -> PULLBACK -> ACCELERATION -> PULLBACK -> ACCELERATION -> PULLBACK -> EXIT,33,PULLBACK,18.305
long_2026-06-08T100000_MYXUSDT,long,2026-06-08 10:00:00,MYXUSDT,EARLY_BREAKOUT -> ACCELERATION -> WEAK_TREND -> PULLBACK -> REVERSAL -> ACCELERATION -> HEALTHY_TREND -> ACCELERATION -> HEALTHY_TREND -> PULLBACK -> ACCELERATION -> HEALTHY_TREND -> EXHAUSTION -> PULLBACK -> EXHAUSTION -> ACCELERATION -> EXHAUSTION -> EXIT,17,EXHAUSTION,4.9049
short_2026-06-08T100000_BTWUSDT,short,2026-06-08 10:00:00,BTWUSDT,EARLY_BREAKOUT -> FAKE_BREAKOUT -> ACCELERATION -> PULLBACK -> ACCELERATION -> HEALTHY_TREND -> FAKE_BREAKOUT -> REVERSAL -> FAKE_BREAKOUT -> ACCELERATION -> PULLBACK -> EXHAUSTION -> FAKE_BREAKOUT -> PULLBACK -> ACCELERATION -> HEALTHY_TREND -> ACCELERATION -> PULLBACK -> ACCELERATION -> PULLBACK -> ACCELERATION -> HEALTHY_TREND -> ACCELERATION -> HEALTHY_TREND -> WEAK_TREND -> ACCELERATION -> PULLBACK -> FAKE_BREAKOUT -> REVERSAL -> EXIT,29,REVERSAL,-5.4645
short_2026-06-08T100000_HYPERUSDT,short,2026-06-08 10:00:00,HYPERUSDT,EARLY_BREAKOUT -> ACCELERATION -> WEAK_TREND -> ACCELERATION -> WEAK_TREND -> ACCELERATION -> HEALTHY_TREND -> ACCELERATION -> HEALTHY_TREND -> ACCELERATION -> HEALTHY_TREND -> WEAK_TREND -> ACCELERATION -> HEALTHY_TREND -> ACCELERATION -> WEAK_TREND -> ACCELERATION -> WEAK_TREND -> ACCELERATION -> WEAK_TREND -> PULLBACK -> ACCELERATION -> PULLBACK -> ACCELERATION -> PULLBACK -> ACCELERATION -> PULLBACK -> ACCELERATION -> PULLBACK -> ACCELERATION -> PULLBACK -> EXIT,31,PULLBACK,4.9729
short_2026-06-08T100000_JTOUSDT,short,2026-06-08 10:00:00,JTOUSDT,EARLY_BREAKOUT -> HEALTHY_TREND -> WEAK_TREND -> ACCELERATION -> WEAK_TREND -> ACCELERATION -> WEAK_TREND -> ACCELERATION -> WEAK_TREND -> ACCELERATION -> PULLBACK -> ACCELERATION -> WEAK_TREND -> ACCELERATION -> HEALTHY_TREND -> ACCELERATION -> WEAK_TREND -> PULLBACK -> EXHAUSTION -> PULLBACK -> FAKE_BREAKOUT -> PULLBACK -> EXHAUSTION -> ACCELERATION -> EXHAUSTION -> FAKE_BREAKOUT -> REVERSAL -> FAKE_BREAKOUT -> REVERSAL -> EXIT,29,REVERSAL,-1.6224
short_2026-06-08T100000_USELESSUSDT,short,2026-06-08 10:00:00,USELESSUSDT,EARLY_BREAKOUT -> ACCELERATION -> WEAK_TREND -> ACCELERATION -> HEALTHY_TREND -> WEAK_TREND -> PULLBACK -> EXHAUSTION -> ACCELERATION -> HEALTHY_TREND -> WEAK_TREND -> ACCELERATION -> WEAK_TREND -> ACCELERATION -> HEALTHY_TREND -> ACCELERATION -> PULLBACK -> ACCELERATION -> WEAK_TREND -> PULLBACK -> EXHAUSTION -> PULLBACK -> EXHAUSTION -> FAKE_BREAKOUT -> REVERSAL -> EXIT,25,REVERSAL,-12.4799
short_2026-06-08T100000_ARUSDT,short,2026-06-08 10:00:00,ARUSDT,EARLY_BREAKOUT -> ACCELERATION -> WEAK_TREND -> HEALTHY_TREND -> WEAK_TREND -> ACCELERATION -> WEAK_TREND -> ACCELERATION -> WEAK_TREND -> ACCELERATION -> WEAK_TREND -> ACCELERATION -> HEALTHY_TREND -> WEAK_TREND -> ACCELERATION -> WEAK_TREND -> HEALTHY_TREND -> PULLBACK -> HEALTHY_TREND -> WEAK_TREND -> PULLBACK -> EXHAUSTION -> PULLBACK -> ACCELERATION -> PULLBACK -> ACCELERATION -> PULLBACK -> EXHAUSTION -> ACCELERATION -> PULLBACK -> EXHAUSTION -> PULLBACK -> EXHAUSTION -> ACCELERATION -> EXHAUSTION -> FAKE_BREAKOUT -> PULLBACK -> EXIT,37,PULLBACK,2.0398
long_2026-06-08T120000_HEIUSDT,long,2026-06-08 12:00:00,HEIUSDT,EARLY_BREAKOUT -> ACCELERATION -> FAKE_BREAKOUT -> ACCELERATION -> EXHAUSTION -> FAKE_BREAKOUT -> ACCELERATION -> HEALTHY_TREND -> WEAK_TREND -> PULLBACK -> EXHAUSTION -> PULLBACK -> EXHAUSTION -> ACCELERATION -> EXHAUSTION -> PULLBACK -> FAKE_BREAKOUT -> PULLBACK -> EXHAUSTION -> FAKE_BREAKOUT -> ACCELERATION -> PULLBACK -> EXHAUSTION -> EXIT,23,EXHAUSTION,7.0295
long_2026-06-08T120000_RAVEUSDT,long,2026-06-08 12:00:00,RAVEUSDT,EARLY_BREAKOUT -> WEAK_TREND -> ACCELERATION -> FAKE_BREAKOUT -> REVERSAL -> FAKE_BREAKOUT -> ACCELERATION -> HEALTHY_TREND -> ACCELERATION -> EXHAUSTION -> PULLBACK -> FAKE_BREAKOUT -> PULLBACK -> ACCELERATION -> WEAK_TREND -> EXHAUSTION -> HEALTHY_TREND -> ACCELERATION -> WEAK_TREND -> PULLBACK -> ACCELERATION -> HEALTHY_TREND -> WEAK_TREND -> PULLBACK -> EXHAUSTION -> PULLBACK -> EXHAUSTION -> PULLBACK -> EXHAUSTION -> ACCELERATION -> EXIT,30,ACCELERATION,3.6642
long_2026-06-08T120000_BEATUSDT,long,2026-06-08 12:00:00,BEATUSDT,EARLY_BREAKOUT -> ACCELERATION -> EXHAUSTION -> ACCELERATION -> HEALTHY_TREND -> WEAK_TREND -> ACCELERATION -> HEALTHY_TREND -> PULLBACK -> ACCELERATION -> HEALTHY_TREND -> ACCELERATION -> PULLBACK -> ACCELERATION -> WEAK_TREND -> PULLBACK -> HEALTHY_TREND -> ACCELERATION -> PULLBACK -> ACCELERATION -> HEALTHY_TREND -> PULLBACK -> ACCELERATION -> HEALTHY_TREND -> PULLBACK -> ACCELERATION -> PULLBACK -> ACCELERATION -> PULLBACK -> ACCELERATION -> PULLBACK -> ACCELERATION -> PULLBACK -> EXIT,33,PULLBACK,24.2054
long_2026-06-08T120000_GUAUSDT,long,2026-06-08 12:00:00,GUAUSDT,EARLY_BREAKOUT -> ACCELERATION -> WEAK_TREND -> ACCELERATION -> FAKE_BREAKOUT -> REVERSAL -> FAKE_BREAKOUT -> REVERSAL -> EXIT,8,REVERSAL,-5.9222
long_2026-06-08T120000_AIOUSDT,long,2026-06-08 12:00:00,AIOUSDT,EARLY_BREAKOUT -> ACCELERATION -> WEAK_TREND -> ACCELERATION -> WEAK_TREND -> EXHAUSTION -> ACCELERATION -> WEAK_TREND -> ACCELERATION -> WEAK_TREND -> EXHAUSTION -> FAKE_BREAKOUT -> REVERSAL -> FAKE_BREAKOUT -> REVERSAL -> EXIT,15,REVERSAL,-5.9474
short_2026-06-08T120000_CLOUSDT,short,2026-06-08 12:00:00,CLOUSDT,EARLY_BREAKOUT -> ACCELERATION -> WEAK_TREND -> ACCELERATION -> HEALTHY_TREND -> PULLBACK -> ACCELERATION -> WEAK_TREND -> ACCELERATION -> WEAK_TREND -> ACCELERATION -> PULLBACK -> ACCELERATION -> PULLBACK -> EXHAUSTION -> PULLBACK -> ACCELERATION -> PULLBACK -> ACCELERATION -> PULLBACK -> HEALTHY_TREND -> PULLBACK -> ACCELERATION -> PULLBACK -> ACCELERATION -> WEAK_TREND -> PULLBACK -> ACCELERATION -> HEALTHY_TREND -> ACCELERATION -> PULLBACK -> EXIT,31,PULLBACK,30.0212
short_2026-06-08T120000_ESPORTSUSDT,short,2026-06-08 12:00:00,ESPORTSUSDT,EARLY_BREAKOUT -> ACCELERATION -> PULLBACK -> ACCELERATION -> HEALTHY_TREND -> PULLBACK -> ACCELERATION -> PULLBACK -> EXHAUSTION -> FAKE_BREAKOUT -> REVERSAL -> FAKE_BREAKOUT -> ACCELERATION -> PULLBACK -> ACCELERATION -> HEALTHY_TREND -> PULLBACK -> ACCELERATION -> PULLBACK -> ACCELERATION -> PULLBACK -> ACCELERATION -> PULLBACK -> ACCELERATION -> WEAK_TREND -> ACCELERATION -> HEALTHY_TREND -> WEAK_TREND -> ACCELERATION -> WEAK_TREND -> ACCELERATION -> EXIT,31,ACCELERATION,36.4353
short_2026-06-08T120000_MYXUSDT,short,2026-06-08 12:00:00,MYXUSDT,EARLY_BREAKOUT -> WEAK_TREND -> ACCELERATION -> HEALTHY_TREND -> ACCELERATION -> HEALTHY_TREND -> WEAK_TREND -> PULLBACK -> HEALTHY_TREND -> PULLBACK -> EXHAUSTION -> PULLBACK -> ACCELERATION -> EXHAUSTION -> ACCELERATION -> FAKE_BREAKOUT -> REVERSAL -> EXIT,17,REVERSAL,-10.7519
short_2026-06-08T120000_BANUSDT,short,2026-06-08 12:00:00,BANUSDT,EARLY_BREAKOUT -> ACCELERATION -> EARLY_BREAKOUT -> PULLBACK -> ACCELERATION -> HEALTHY_TREND -> WEAK_TREND -> ACCELERATION -> PULLBACK -> HEALTHY_TREND -> PULLBACK -> EXHAUSTION -> FAKE_BREAKOUT -> ACCELERATION -> PULLBACK -> ACCELERATION -> EXHAUSTION -> ACCELERATION -> EXHAUSTION -> FAKE_BREAKOUT -> EXIT,20,FAKE_BREAKOUT,2.6139
short_2026-06-08T120000_币安人生USDT,short,2026-06-08 12:00:00,币安人生USDT,EARLY_BREAKOUT -> ACCELERATION -> EARLY_BREAKOUT -> ACCELERATION -> WEAK_TREND -> ACCELERATION -> WEAK_TREND -> HEALTHY_TREND -> ACCELERATION -> WEAK_TREND -> ACCELERATION -> WEAK_TREND -> ACCELERATION -> HEALTHY_TREND -> ACCELERATION -> PULLBACK -> ACCELERATION -> WEAK_TREND -> HEALTHY_TREND -> ACCELERATION -> HEALTHY_TREND -> ACCELERATION -> HEALTHY_TREND -> PULLBACK -> EXHAUSTION -> HEALTHY_TREND -> WEAK_TREND -> ACCELERATION -> HEALTHY_TREND -> ACCELERATION -> WEAK_TREND -> ACCELERATION -> PULLBACK -> ACCELERATION -> HEALTHY_TREND -> PULLBACK -> EXIT,36,PULLBACK,13.2157
long_2026-06-08T140000_BEATUSDT,long,2026-06-08 14:00:00,BEATUSDT,EARLY_BREAKOUT -> ACCELERATION -> HEALTHY_TREND -> ACCELERATION -> PULLBACK -> ACCELERATION -> WEAK_TREND -> PULLBACK -> HEALTHY_TREND -> ACCELERATION -> PULLBACK -> ACCELERATION -> HEALTHY_TREND -> PULLBACK -> EXHAUSTION -> PULLBACK -> EXHAUSTION -> PULLBACK -> ACCELERATION -> HEALTHY_TREND -> PULLBACK -> ACCELERATION -> PULLBACK -> ACCELERATION -> PULLBACK -> ACCELERATION -> PULLBACK -> FAKE_BREAKOUT -> PULLBACK -> ACCELERATION -> PULLBACK -> ACCELERATION -> PULLBACK -> EXIT,33,PULLBACK,9.7066
long_2026-06-08T140000_PROVEUSDT,long,2026-06-08 14:00:00,PROVEUSDT,EARLY_BREAKOUT -> ACCELERATION -> EXHAUSTION -> FAKE_BREAKOUT -> ACCELERATION -> REVERSAL -> FAKE_BREAKOUT -> PULLBACK -> FAKE_BREAKOUT -> REVERSAL -> EXIT,10,REVERSAL,-3.4126
long_2026-06-08T140000_GWEIUSDT,long,2026-06-08 14:00:00,GWEIUSDT,EARLY_BREAKOUT -> ACCELERATION -> WEAK_TREND -> ACCELERATION -> WEAK_TREND -> PULLBACK -> ACCELERATION -> PULLBACK -> ACCELERATION -> PULLBACK -> EXHAUSTION -> ACCELERATION -> HEALTHY_TREND -> PULLBACK -> EXHAUSTION -> PULLBACK -> ACCELERATION -> WEAK_TREND -> PULLBACK -> ACCELERATION -> HEALTHY_TREND -> ACCELERATION -> HEALTHY_TREND -> PULLBACK -> ACCELERATION -> PULLBACK -> ACCELERATION -> PULLBACK -> ACCELERATION -> PULLBACK -> ACCELERATION -> HEALTHY_TREND -> ACCELERATION -> HEALTHY_TREND -> EXIT,34,HEALTHY_TREND,25.7352
long_2026-06-08T140000_DEXEUSDT,long,2026-06-08 14:00:00,DEXEUSDT,EARLY_BREAKOUT -> ACCELERATION -> PULLBACK -> ACCELERATION -> PULLBACK -> HEALTHY_TREND -> WEAK_TREND -> HEALTHY_TREND -> ACCELERATION -> WEAK_TREND -> ACCELERATION -> EXHAUSTION -> HEALTHY_TREND -> ACCELERATION -> PULLBACK -> ACCELERATION -> WEAK_TREND -> ACCELERATION -> HEALTHY_TREND -> ACCELERATION -> PULLBACK -> ACCELERATION -> WEAK_TREND -> PULLBACK -> ACCELERATION -> WEAK_TREND -> ACCELERATION -> WEAK_TREND -> ACCELERATION -> WEAK_TREND -> PULLBACK -> EXIT,31,PULLBACK,6.1834
long_2026-06-08T140000_PLAYUSDT,long,2026-06-08 14:00:00,PLAYUSDT,EARLY_BREAKOUT -> ACCELERATION -> WEAK_TREND -> ACCELERATION -> HEALTHY_TREND -> WEAK_TREND -> HEALTHY_TREND -> WEAK_TREND -> ACCELERATION -> HEALTHY_TREND -> WEAK_TREND -> PULLBACK -> FAKE_BREAKOUT -> PULLBACK -> FAKE_BREAKOUT -> ACCELERATION -> FAKE_BREAKOUT -> ACCELERATION -> PULLBACK -> ACCELERATION -> EXHAUSTION -> FAKE_BREAKOUT -> ACCELERATION -> PULLBACK -> EXHAUSTION -> FAKE_BREAKOUT -> ACCELERATION -> HEALTHY_TREND -> ACCELERATION -> WEAK_TREND -> PULLBACK -> EXHAUSTION -> PULLBACK -> EXHAUSTION -> EXIT,34,EXHAUSTION,1.6024
short_2026-06-08T140000_UBUSDT,short,2026-06-08 14:00:00,UBUSDT,EARLY_BREAKOUT -> ACCELERATION -> PULLBACK -> EXHAUSTION -> FAKE_BREAKOUT -> PULLBACK -> EXHAUSTION -> FAKE_BREAKOUT -> ACCELERATION -> EXHAUSTION -> FAKE_BREAKOUT -> ACCELERATION -> FAKE_BREAKOUT -> REVERSAL -> FAKE_BREAKOUT -> REVERSAL -> FAKE_BREAKOUT -> REVERSAL -> FAKE_BREAKOUT -> REVERSAL -> EXIT,20,REVERSAL,-0.5097
short_2026-06-08T140000_SIRENUSDT,short,2026-06-08 14:00:00,SIRENUSDT,EARLY_BREAKOUT -> ACCELERATION -> EARLY_BREAKOUT -> HEALTHY_TREND -> ACCELERATION -> HEALTHY_TREND -> WEAK_TREND -> HEALTHY_TREND -> ACCELERATION -> FAKE_BREAKOUT -> ACCELERATION -> HEALTHY_TREND -> WEAK_TREND -> ACCELERATION -> PULLBACK -> ACCELERATION -> WEAK_TREND -> ACCELERATION -> WEAK_TREND -> PULLBACK -> FAKE_BREAKOUT -> REVERSAL -> ACCELERATION -> HEALTHY_TREND -> EXHAUSTION -> ACCELERATION -> HEALTHY_TREND -> WEAK_TREND -> ACCELERATION -> PULLBACK -> EXHAUSTION -> PULLBACK -> HEALTHY_TREND -> ACCELERATION -> HEALTHY_TREND -> WEAK_TREND -> ACCELERATION -> PULLBACK -> EXHAUSTION -> PULLBACK -> EXHAUSTION -> EXIT,41,EXHAUSTION,5.7367
short_2026-06-08T140000_BILLUSDT,short,2026-06-08 14:00:00,BILLUSDT,EARLY_BREAKOUT -> ACCELERATION -> WEAK_TREND -> HEALTHY_TREND -> WEAK_TREND -> EXHAUSTION -> HEALTHY_TREND -> EXHAUSTION -> ACCELERATION -> HEALTHY_TREND -> ACCELERATION -> EXHAUSTION -> ACCELERATION -> WEAK_TREND -> ACCELERATION -> HEALTHY_TREND -> WEAK_TREND -> ACCELERATION -> WEAK_TREND -> HEALTHY_TREND -> ACCELERATION -> WEAK_TREND -> ACCELERATION -> WEAK_TREND -> ACCELERATION -> HEALTHY_TREND -> WEAK_TREND -> EXHAUSTION -> FAKE_BREAKOUT -> ACCELERATION -> WEAK_TREND -> ACCELERATION -> WEAK_TREND -> ACCELERATION -> WEAK_TREND -> EXIT,35,WEAK_TREND,4.5497
short_2026-06-08T140000_INUSDT,short,2026-06-08 14:00:00,INUSDT,EARLY_BREAKOUT -> ACCELERATION -> WEAK_TREND -> EXHAUSTION -> HEALTHY_TREND -> WEAK_TREND -> EXHAUSTION -> PULLBACK -> ACCELERATION -> WEAK_TREND -> REVERSAL -> PULLBACK -> EXHAUSTION -> REVERSAL -> ACCELERATION -> PULLBACK -> EXHAUSTION -> ACCELERATION -> HEALTHY_TREND -> WEAK_TREND -> ACCELERATION -> HEALTHY_TREND -> ACCELERATION -> WEAK_TREND -> PULLBACK -> HEALTHY_TREND -> WEAK_TREND -> PULLBACK -> EXHAUSTION -> PULLBACK -> EXHAUSTION -> ACCELERATION -> EXHAUSTION -> FAKE_BREAKOUT -> ACCELERATION -> EXHAUSTION -> ACCELERATION -> EXIT,37,ACCELERATION,2.7651
short_2026-06-08T140000_EIGENUSDT,short,2026-06-08 14:00:00,EIGENUSDT,EARLY_BREAKOUT -> ACCELERATION -> EARLY_BREAKOUT -> FAKE_BREAKOUT -> REVERSAL -> FAKE_BREAKOUT -> REVERSAL -> FAKE_BREAKOUT -> ACCELERATION -> PULLBACK -> ACCELERATION -> EXHAUSTION -> FAKE_BREAKOUT -> PULLBACK -> FAKE_BREAKOUT -> REVERSAL -> ACCELERATION -> FAKE_BREAKOUT -> REVERSAL -> FAKE_BREAKOUT -> REVERSAL -> FAKE_BREAKOUT -> REVERSAL -> FAKE_BREAKOUT -> EXIT,24,FAKE_BREAKOUT,0.3806
long_2026-06-08T160000_ESPORTSUSDT,long,2026-06-08 16:00:00,ESPORTSUSDT,EARLY_BREAKOUT -> ACCELERATION -> EXHAUSTION -> FAKE_BREAKOUT -> REVERSAL -> EXIT,5,REVERSAL,-18.879
long_2026-06-08T160000_SKYAIUSDT,long,2026-06-08 16:00:00,SKYAIUSDT,EARLY_BREAKOUT -> ACCELERATION -> EARLY_BREAKOUT -> ACCELERATION -> PULLBACK -> ACCELERATION -> PULLBACK -> FAKE_BREAKOUT -> PULLBACK -> FAKE_BREAKOUT -> ACCELERATION -> PULLBACK -> ACCELERATION -> FAKE_BREAKOUT -> ACCELERATION -> FAKE_BREAKOUT -> PULLBACK -> REVERSAL -> EXIT,18,REVERSAL,-3.2532
long_2026-06-08T160000_ALLOUSDT,long,2026-06-08 16:00:00,ALLOUSDT,EARLY_BREAKOUT -> ACCELERATION -> EARLY_BREAKOUT -> PULLBACK -> ACCELERATION -> PULLBACK -> ACCELERATION -> HEALTHY_TREND -> PULLBACK -> ACCELERATION -> HEALTHY_TREND -> ACCELERATION -> HEALTHY_TREND -> PULLBACK -> FAKE_BREAKOUT -> ACCELERATION -> EXHAUSTION -> FAKE_BREAKOUT -> REVERSAL -> FAKE_BREAKOUT -> REVERSAL -> EXIT,21,REVERSAL,-6.0731
long_2026-06-08T160000_HEIUSDT,long,2026-06-08 16:00:00,HEIUSDT,EARLY_BREAKOUT -> WEAK_TREND -> ACCELERATION -> EARLY_BREAKOUT -> WEAK_TREND -> PULLBACK -> EXHAUSTION -> PULLBACK -> FAKE_BREAKOUT -> ACCELERATION -> FAKE_BREAKOUT -> PULLBACK -> FAKE_BREAKOUT -> PULLBACK -> EXHAUSTION -> FAKE_BREAKOUT -> ACCELERATION -> PULLBACK -> EXHAUSTION -> FAKE_BREAKOUT -> REVERSAL -> FAKE_BREAKOUT -> EXIT,22,FAKE_BREAKOUT,1.4309
long_2026-06-08T160000_VVVUSDT,long,2026-06-08 16:00:00,VVVUSDT,EARLY_BREAKOUT -> WEAK_TREND -> ACCELERATION -> PULLBACK -> ACCELERATION -> EXHAUSTION -> FAKE_BREAKOUT -> PULLBACK -> FAKE_BREAKOUT -> REVERSAL -> FAKE_BREAKOUT -> ACCELERATION -> PULLBACK -> EXHAUSTION -> ACCELERATION -> PULLBACK -> ACCELERATION -> PULLBACK -> ACCELERATION -> WEAK_TREND -> PULLBACK -> EXHAUSTION -> PULLBACK -> EXHAUSTION -> PULLBACK -> EXHAUSTION -> FAKE_BREAKOUT -> PULLBACK -> EXHAUSTION -> ACCELERATION -> EXHAUSTION -> ACCELERATION -> EXHAUSTION -> ACCELERATION -> EXHAUSTION -> EXIT,35,EXHAUSTION,4.1817
short_2026-06-08T160000_GWEIUSDT,short,2026-06-08 16:00:00,GWEIUSDT,EARLY_BREAKOUT -> WEAK_TREND -> ACCELERATION -> WEAK_TREND -> ACCELERATION -> HEALTHY_TREND -> FAKE_BREAKOUT -> PULLBACK -> ACCELERATION -> EXHAUSTION -> ACCELERATION -> EXHAUSTION -> FAKE_BREAKOUT -> REVERSAL -> FAKE_BREAKOUT -> REVERSAL -> EXIT,16,REVERSAL,-15.4901
short_2026-06-08T160000_ICNTUSDT,short,2026-06-08 16:00:00,ICNTUSDT,EARLY_BREAKOUT -> ACCELERATION -> EARLY_BREAKOUT -> EXHAUSTION -> REVERSAL -> PULLBACK -> HEALTHY_TREND -> WEAK_TREND -> ACCELERATION -> FAKE_BREAKOUT -> ACCELERATION -> EXHAUSTION -> FAKE_BREAKOUT -> PULLBACK -> ACCELERATION -> EXHAUSTION -> ACCELERATION -> EXHAUSTION -> FAKE_BREAKOUT -> REVERSAL -> FAKE_BREAKOUT -> ACCELERATION -> PULLBACK -> FAKE_BREAKOUT -> ACCELERATION -> PULLBACK -> ACCELERATION -> EXIT,27,ACCELERATION,2.8112
short_2026-06-08T160000_AIOUSDT,short,2026-06-08 16:00:00,AIOUSDT,EARLY_BREAKOUT -> WEAK_TREND -> ACCELERATION -> WEAK_TREND -> ACCELERATION -> WEAK_TREND -> ACCELERATION -> WEAK_TREND -> ACCELERATION -> HEALTHY_TREND -> WEAK_TREND -> ACCELERATION -> WEAK_TREND -> HEALTHY_TREND -> WEAK_TREND -> PULLBACK -> ACCELERATION -> HEALTHY_TREND -> PULLBACK -> ACCELERATION -> WEAK_TREND -> ACCELERATION -> WEAK_TREND -> PULLBACK -> ACCELERATION -> HEALTHY_TREND -> ACCELERATION -> PULLBACK -> ACCELERATION -> PULLBACK -> ACCELERATION -> PULLBACK -> EXIT,32,PULLBACK,6.7298
short_2026-06-08T160000_LABUSDT,short,2026-06-08 16:00:00,LABUSDT,EARLY_BREAKOUT -> REVERSAL -> WEAK_TREND -> ACCELERATION -> WEAK_TREND -> REVERSAL -> WEAK_TREND -> HEALTHY_TREND -> WEAK_TREND -> HEALTHY_TREND -> ACCELERATION -> HEALTHY_TREND -> WEAK_TREND -> ACCELERATION -> WEAK_TREND -> PULLBACK -> FAKE_BREAKOUT -> PULLBACK -> HEALTHY_TREND -> PULLBACK -> EXHAUSTION -> ACCELERATION -> EXHAUSTION -> PULLBACK -> ACCELERATION -> EXHAUSTION -> FAKE_BREAKOUT -> ACCELERATION -> EXHAUSTION -> FAKE_BREAKOUT -> ACCELERATION -> HEALTHY_TREND -> ACCELERATION -> HEALTHY_TREND -> PULLBACK -> EXIT,35,PULLBACK,5.1691
short_2026-06-08T160000_WLDUSDT,short,2026-06-08 16:00:00,WLDUSDT,EARLY_BREAKOUT -> ACCELERATION -> HEALTHY_TREND -> WEAK_TREND -> ACCELERATION -> WEAK_TREND -> ACCELERATION -> FAKE_BREAKOUT -> ACCELERATION -> WEAK_TREND -> ACCELERATION -> HEALTHY_TREND -> ACCELERATION -> EXHAUSTION -> FAKE_BREAKOUT -> PULLBACK -> HEALTHY_TREND -> FAKE_BREAKOUT -> REVERSAL -> FAKE_BREAKOUT -> REVERSAL -> EXIT,21,REVERSAL,-17.2558
long_2026-06-08T180000_VELVETUSDT,long,2026-06-08 18:00:00,VELVETUSDT,EARLY_BREAKOUT -> ACCELERATION -> PULLBACK -> ACCELERATION -> HEALTHY_TREND -> ACCELERATION -> HEALTHY_TREND -> ACCELERATION -> PULLBACK -> ACCELERATION -> PULLBACK -> ACCELERATION -> PULLBACK -> ACCELERATION -> PULLBACK -> ACCELERATION -> HEALTHY_TREND -> ACCELERATION -> WEAK_TREND -> PULLBACK -> ACCELERATION -> HEALTHY_TREND -> ACCELERATION -> HEALTHY_TREND -> ACCELERATION -> PULLBACK -> EXHAUSTION -> PULLBACK -> EXHAUSTION -> PULLBACK -> EXHAUSTION -> PULLBACK -> EXHAUSTION -> FAKE_BREAKOUT -> PULLBACK -> EXHAUSTION -> FAKE_BREAKOUT -> EXIT,37,FAKE_BREAKOUT,14.9239
long_2026-06-08T180000_MYXUSDT,long,2026-06-08 18:00:00,MYXUSDT,EARLY_BREAKOUT -> ACCELERATION -> HEALTHY_TREND -> ACCELERATION -> HEALTHY_TREND -> PULLBACK -> ACCELERATION -> HEALTHY_TREND -> PULLBACK -> ACCELERATION -> PULLBACK -> ACCELERATION -> PULLBACK -> ACCELERATION -> PULLBACK -> ACCELERATION -> PULLBACK -> ACCELERATION -> PULLBACK -> ACCELERATION -> PULLBACK -> EXHAUSTION -> PULLBACK -> EXIT,23,PULLBACK,10.1349
long_2026-06-08T180000_AIOTUSDT,long,2026-06-08 18:00:00,AIOTUSDT,EARLY_BREAKOUT -> ACCELERATION -> EARLY_BREAKOUT -> WEAK_TREND -> EXHAUSTION -> FAKE_BREAKOUT -> PULLBACK -> HEALTHY_TREND -> PULLBACK -> FAKE_BREAKOUT -> PULLBACK -> FAKE_BREAKOUT -> ACCELERATION -> EXHAUSTION -> FAKE_BREAKOUT -> ACCELERATION -> HEALTHY_TREND -> WEAK_TREND -> ACCELERATION -> WEAK_TREND -> ACCELERATION -> HEALTHY_TREND -> EXHAUSTION -> FAKE_BREAKOUT -> REVERSAL -> FAKE_BREAKOUT -> REVERSAL -> FAKE_BREAKOUT -> REVERSAL -> FAKE_BREAKOUT -> REVERSAL -> FAKE_BREAKOUT -> EXIT,32,FAKE_BREAKOUT,1.7278
long_2026-06-08T180000_EVAAUSDT,long,2026-06-08 18:00:00,EVAAUSDT,EARLY_BREAKOUT -> ACCELERATION -> EARLY_BREAKOUT -> ACCELERATION -> WEAK_TREND -> PULLBACK -> EXHAUSTION -> FAKE_BREAKOUT -> PULLBACK -> FAKE_BREAKOUT -> ACCELERATION -> FAKE_BREAKOUT -> PULLBACK -> FAKE_BREAKOUT -> ACCELERATION -> FAKE_BREAKOUT -> PULLBACK -> FAKE_BREAKOUT -> ACCELERATION -> EXHAUSTION -> ACCELERATION -> FAKE_BREAKOUT -> REVERSAL -> EXIT,23,REVERSAL,-0.4687
long_2026-06-08T180000_ZBTUSDT,long,2026-06-08 18:00:00,ZBTUSDT,EARLY_BREAKOUT -> WEAK_TREND -> ACCELERATION -> HEALTHY_TREND -> ACCELERATION -> HEALTHY_TREND -> PULLBACK -> HEALTHY_TREND -> ACCELERATION -> HEALTHY_TREND -> PULLBACK -> EXHAUSTION -> PULLBACK -> EXHAUSTION -> PULLBACK -> EXHAUSTION -> PULLBACK -> ACCELERATION -> EXHAUSTION -> ACCELERATION -> EXHAUSTION -> FAKE_BREAKOUT -> PULLBACK -> EXHAUSTION -> FAKE_BREAKOUT -> PULLBACK -> FAKE_BREAKOUT -> ACCELERATION -> FAKE_BREAKOUT -> PULLBACK -> ACCELERATION -> PULLBACK -> ACCELERATION -> PULLBACK -> EXHAUSTION -> ACCELERATION -> EXHAUSTION -> EXIT,37,EXHAUSTION,7.5151
short_2026-06-08T180000_ESPORTSUSDT,short,2026-06-08 18:00:00,ESPORTSUSDT,EARLY_BREAKOUT -> ACCELERATION -> HEALTHY_TREND -> PULLBACK -> ACCELERATION -> PULLBACK -> ACCELERATION -> PULLBACK -> ACCELERATION -> PULLBACK -> ACCELERATION -> WEAK_TREND -> ACCELERATION -> HEALTHY_TREND -> WEAK_TREND -> ACCELERATION -> WEAK_TREND -> ACCELERATION -> HEALTHY_TREND -> WEAK_TREND -> ACCELERATION -> WEAK_TREND -> EXHAUSTION -> PULLBACK -> FAKE_BREAKOUT -> ACCELERATION -> PULLBACK -> FAKE_BREAKOUT -> PULLBACK -> ACCELERATION -> EXIT,30,ACCELERATION,15.582
short_2026-06-08T180000_SKYAIUSDT,short,2026-06-08 18:00:00,SKYAIUSDT,EARLY_BREAKOUT -> ACCELERATION -> FAKE_BREAKOUT -> ACCELERATION -> HEALTHY_TREND -> PULLBACK -> HEALTHY_TREND -> PULLBACK -> EXHAUSTION -> ACCELERATION -> EXHAUSTION -> ACCELERATION -> PULLBACK -> ACCELERATION -> WEAK_TREND -> ACCELERATION -> HEALTHY_TREND -> ACCELERATION -> HEALTHY_TREND -> WEAK_TREND -> ACCELERATION -> HEALTHY_TREND -> ACCELERATION -> HEALTHY_TREND -> ACCELERATION -> PULLBACK -> ACCELERATION -> WEAK_TREND -> ACCELERATION -> PULLBACK -> ACCELERATION -> PULLBACK -> ACCELERATION -> PULLBACK -> EXIT,34,PULLBACK,15.6659
short_2026-06-08T180000_STGUSDT,short,2026-06-08 18:00:00,STGUSDT,EARLY_BREAKOUT -> ACCELERATION -> EARLY_BREAKOUT -> ACCELERATION -> PULLBACK -> EXHAUSTION -> PULLBACK -> EXHAUSTION -> FAKE_BREAKOUT -> REVERSAL -> PULLBACK -> REVERSAL -> EXIT,12,REVERSAL,-5.8615
short_2026-06-08T180000_FORMUSDT,short,2026-06-08 18:00:00,FORMUSDT,EARLY_BREAKOUT -> HEALTHY_TREND -> ACCELERATION -> EARLY_BREAKOUT -> PULLBACK -> ACCELERATION -> PULLBACK -> HEALTHY_TREND -> PULLBACK -> HEALTHY_TREND -> EXHAUSTION -> PULLBACK -> ACCELERATION -> HEALTHY_TREND -> WEAK_TREND -> HEALTHY_TREND -> EXHAUSTION -> PULLBACK -> ACCELERATION -> EXHAUSTION -> PULLBACK -> ACCELERATION -> FAKE_BREAKOUT -> ACCELERATION -> HEALTHY_TREND -> ACCELERATION -> WEAK_TREND -> ACCELERATION -> WEAK_TREND -> ACCELERATION -> WEAK_TREND -> ACCELERATION -> HEALTHY_TREND -> ACCELERATION -> WEAK_TREND -> ACCELERATION -> HEALTHY_TREND -> WEAK_TREND -> ACCELERATION -> PULLBACK -> HEALTHY_TREND -> EXIT,41,HEALTHY_TREND,5.9359
short_2026-06-08T180000_LABUSDT,short,2026-06-08 18:00:00,LABUSDT,EARLY_BREAKOUT -> ACCELERATION -> HEALTHY_TREND -> EXHAUSTION -> HEALTHY_TREND -> ACCELERATION -> HEALTHY_TREND -> WEAK_TREND -> ACCELERATION -> WEAK_TREND -> PULLBACK -> HEALTHY_TREND -> PULLBACK -> ACCELERATION -> PULLBACK -> ACCELERATION -> PULLBACK -> ACCELERATION -> PULLBACK -> ACCELERATION -> HEALTHY_TREND -> ACCELERATION -> HEALTHY_TREND -> PULLBACK -> ACCELERATION -> HEALTHY_TREND -> ACCELERATION -> HEALTHY_TREND -> WEAK_TREND -> EXIT,29,WEAK_TREND,10.6463
long_2026-06-08T200000_BTWUSDT,long,2026-06-08 20:00:00,BTWUSDT,EARLY_BREAKOUT -> ACCELERATION -> EARLY_BREAKOUT -> HEALTHY_TREND -> PULLBACK -> ACCELERATION -> FAKE_BREAKOUT -> ACCELERATION -> PULLBACK -> ACCELERATION -> PULLBACK -> ACCELERATION -> PULLBACK -> REVERSAL -> ACCELERATION -> PULLBACK -> EXHAUSTION -> ACCELERATION -> PULLBACK -> EXHAUSTION -> PULLBACK -> EXHAUSTION -> ACCELERATION -> PULLBACK -> ACCELERATION -> PULLBACK -> EXHAUSTION -> PULLBACK -> ACCELERATION -> PULLBACK -> ACCELERATION -> PULLBACK -> EXIT,32,PULLBACK,12.1243
long_2026-06-08T200000_BEATUSDT,long,2026-06-08 20:00:00,BEATUSDT,EARLY_BREAKOUT -> ACCELERATION -> EARLY_BREAKOUT -> PULLBACK -> ACCELERATION -> EXHAUSTION -> ACCELERATION -> PULLBACK -> ACCELERATION -> EXHAUSTION -> REVERSAL -> FAKE_BREAKOUT -> ACCELERATION -> PULLBACK -> FAKE_BREAKOUT -> ACCELERATION -> PULLBACK -> EXHAUSTION -> FAKE_BREAKOUT -> PULLBACK -> FAKE_BREAKOUT -> ACCELERATION -> PULLBACK -> FAKE_BREAKOUT -> PULLBACK -> ACCELERATION -> PULLBACK -> EXHAUSTION -> PULLBACK -> EXHAUSTION -> ACCELERATION -> FAKE_BREAKOUT -> ACCELERATION -> FAKE_BREAKOUT -> EXIT,34,FAKE_BREAKOUT,0.4727
long_2026-06-08T200000_VELVETUSDT,long,2026-06-08 20:00:00,VELVETUSDT,EARLY_BREAKOUT -> ACCELERATION -> PULLBACK -> EXHAUSTION -> ACCELERATION -> EXHAUSTION -> ACCELERATION -> FAKE_BREAKOUT -> PULLBACK -> ACCELERATION -> PULLBACK -> ACCELERATION -> HEALTHY_TREND -> ACCELERATION -> WEAK_TREND -> PULLBACK -> ACCELERATION -> HEALTHY_TREND -> ACCELERATION -> HEALTHY_TREND -> ACCELERATION -> PULLBACK -> FAKE_BREAKOUT -> REVERSAL -> FAKE_BREAKOUT -> REVERSAL -> FAKE_BREAKOUT -> REVERSAL -> EXIT,28,REVERSAL,-0.4711
long_2026-06-08T200000_STGUSDT,long,2026-06-08 20:00:00,STGUSDT,EARLY_BREAKOUT -> ACCELERATION -> EARLY_BREAKOUT -> PULLBACK -> FAKE_BREAKOUT -> ACCELERATION -> PULLBACK -> HEALTHY_TREND -> ACCELERATION -> HEALTHY_TREND -> ACCELERATION -> PULLBACK -> ACCELERATION -> PULLBACK -> EXHAUSTION -> ACCELERATION -> PULLBACK -> ACCELERATION -> PULLBACK -> ACCELERATION -> PULLBACK -> ACCELERATION -> PULLBACK -> ACCELERATION -> PULLBACK -> ACCELERATION -> PULLBACK -> ACCELERATION -> HEALTHY_TREND -> ACCELERATION -> WEAK_TREND -> ACCELERATION -> PULLBACK -> EXHAUSTION -> PULLBACK -> EXIT,35,PULLBACK,7.3938
long_2026-06-08T200000_DEXEUSDT,long,2026-06-08 20:00:00,DEXEUSDT,EARLY_BREAKOUT -> ACCELERATION -> EARLY_BREAKOUT -> ACCELERATION -> PULLBACK -> EXHAUSTION -> ACCELERATION -> WEAK_TREND -> EXHAUSTION -> PULLBACK -> ACCELERATION -> WEAK_TREND -> ACCELERATION -> WEAK_TREND -> ACCELERATION -> WEAK_TREND -> EXHAUSTION -> FAKE_BREAKOUT -> PULLBACK -> EXHAUSTION -> REVERSAL -> EXIT,21,REVERSAL,-4.151
short_2026-06-08T200000_ALLOUSDT,short,2026-06-08 20:00:00,ALLOUSDT,EARLY_BREAKOUT -> ACCELERATION -> HEALTHY_TREND -> PULLBACK -> ACCELERATION -> WEAK_TREND -> PULLBACK -> EXHAUSTION -> PULLBACK -> ACCELERATION -> PULLBACK -> ACCELERATION -> PULLBACK -> ACCELERATION -> HEALTHY_TREND -> PULLBACK -> ACCELERATION -> PULLBACK -> ACCELERATION -> PULLBACK -> ACCELERATION -> HEALTHY_TREND -> PULLBACK -> ACCELERATION -> PULLBACK -> ACCELERATION -> PULLBACK -> EXIT,27,PULLBACK,22.2293
short_2026-06-08T200000_MYXUSDT,short,2026-06-08 20:00:00,MYXUSDT,EARLY_BREAKOUT -> REVERSAL -> ACCELERATION -> EARLY_BREAKOUT -> FAKE_BREAKOUT -> ACCELERATION -> EXHAUSTION -> REVERSAL -> ACCELERATION -> FAKE_BREAKOUT -> ACCELERATION -> EXHAUSTION -> HEALTHY_TREND -> FAKE_BREAKOUT -> REVERSAL -> FAKE_BREAKOUT -> ACCELERATION -> REVERSAL -> FAKE_BREAKOUT -> PULLBACK -> HEALTHY_TREND -> EXHAUSTION -> FAKE_BREAKOUT -> REVERSAL -> PULLBACK -> REVERSAL -> FAKE_BREAKOUT -> ACCELERATION -> PULLBACK -> ACCELERATION -> EXHAUSTION -> ACCELERATION -> HEALTHY_TREND -> ACCELERATION -> HEALTHY_TREND -> WEAK_TREND -> ACCELERATION -> EXHAUSTION -> PULLBACK -> FAKE_BREAKOUT -> PULLBACK -> EXHAUSTION -> FAKE_BREAKOUT -> EXIT,43,FAKE_BREAKOUT,2.1231
short_2026-06-08T200000_LITUSDT,short,2026-06-08 20:00:00,LITUSDT,EARLY_BREAKOUT -> WEAK_TREND -> ACCELERATION -> HEALTHY_TREND -> WEAK_TREND -> FAKE_BREAKOUT -> HEALTHY_TREND -> FAKE_BREAKOUT -> ACCELERATION -> FAKE_BREAKOUT -> ACCELERATION -> FAKE_BREAKOUT -> REVERSAL -> FAKE_BREAKOUT -> REVERSAL -> FAKE_BREAKOUT -> PULLBACK -> HEALTHY_TREND -> EXHAUSTION -> FAKE_BREAKOUT -> ACCELERATION -> EXHAUSTION -> ACCELERATION -> HEALTHY_TREND -> ACCELERATION -> WEAK_TREND -> PULLBACK -> ACCELERATION -> HEALTHY_TREND -> WEAK_TREND -> PULLBACK -> EXHAUSTION -> PULLBACK -> EXHAUSTION -> ACCELERATION -> PULLBACK -> ACCELERATION -> PULLBACK -> ACCELERATION -> EXIT,39,ACCELERATION,4.7828
short_2026-06-08T200000_AIOTUSDT,short,2026-06-08 20:00:00,AIOTUSDT,EARLY_BREAKOUT -> ACCELERATION -> EARLY_BREAKOUT -> ACCELERATION -> WEAK_TREND -> PULLBACK -> ACCELERATION -> HEALTHY_TREND -> PULLBACK -> FAKE_BREAKOUT -> REVERSAL -> FAKE_BREAKOUT -> REVERSAL -> HEALTHY_TREND -> WEAK_TREND -> ACCELERATION -> PULLBACK -> ACCELERATION -> PULLBACK -> HEALTHY_TREND -> PULLBACK -> EXHAUSTION -> ACCELERATION -> HEALTHY_TREND -> WEAK_TREND -> ACCELERATION -> PULLBACK -> EXHAUSTION -> PULLBACK -> ACCELERATION -> HEALTHY_TREND -> ACCELERATION -> WEAK_TREND -> ACCELERATION -> WEAK_TREND -> EXIT,35,WEAK_TREND,4.9045
short_2026-06-08T200000_ZESTUSDT,short,2026-06-08 20:00:00,ZESTUSDT,EARLY_BREAKOUT -> ACCELERATION -> WEAK_TREND -> FAKE_BREAKOUT -> HEALTHY_TREND -> ACCELERATION -> HEALTHY_TREND -> WEAK_TREND -> ACCELERATION -> HEALTHY_TREND -> ACCELERATION -> WEAK_TREND -> ACCELERATION -> PULLBACK -> EXHAUSTION -> PULLBACK -> EXHAUSTION -> PULLBACK -> FAKE_BREAKOUT -> PULLBACK -> FAKE_BREAKOUT -> ACCELERATION -> PULLBACK -> ACCELERATION -> HEALTHY_TREND -> PULLBACK -> ACCELERATION -> PULLBACK -> EXHAUSTION -> PULLBACK -> EXHAUSTION -> FAKE_BREAKOUT -> REVERSAL -> EXIT,33,REVERSAL,-0.2212
long_2026-06-08T220000_ALLOUSDT,long,2026-06-08 22:00:00,ALLOUSDT,EARLY_BREAKOUT -> ACCELERATION -> PULLBACK -> FAKE_BREAKOUT -> PULLBACK -> FAKE_BREAKOUT -> REVERSAL -> EXIT,7,REVERSAL,-3.8346
long_2026-06-08T220000_BTWUSDT,long,2026-06-08 22:00:00,BTWUSDT,EARLY_BREAKOUT -> ACCELERATION -> WEAK_TREND -> ACCELERATION -> PULLBACK -> ACCELERATION -> PULLBACK -> HEALTHY_TREND -> PULLBACK -> REVERSAL -> ACCELERATION -> PULLBACK -> FAKE_BREAKOUT -> ACCELERATION -> HEALTHY_TREND -> EXHAUSTION -> FAKE_BREAKOUT -> PULLBACK -> FAKE_BREAKOUT -> ACCELERATION -> EXHAUSTION -> PULLBACK -> ACCELERATION -> PULLBACK -> EXHAUSTION -> PULLBACK -> ACCELERATION -> PULLBACK -> ACCELERATION -> PULLBACK -> ACCELERATION -> PULLBACK -> EXHAUSTION -> EXIT,33,EXHAUSTION,5.024
long_2026-06-08T220000_VELVETUSDT,long,2026-06-08 22:00:00,VELVETUSDT,EARLY_BREAKOUT -> WEAK_TREND -> ACCELERATION -> PULLBACK -> ACCELERATION -> HEALTHY_TREND -> ACCELERATION -> WEAK_TREND -> PULLBACK -> ACCELERATION -> HEALTHY_TREND -> ACCELERATION -> HEALTHY_TREND -> ACCELERATION -> EXHAUSTION -> PULLBACK -> FAKE_BREAKOUT -> REVERSAL -> FAKE_BREAKOUT -> REVERSAL -> FAKE_BREAKOUT -> REVERSAL -> FAKE_BREAKOUT -> REVERSAL -> FAKE_BREAKOUT -> REVERSAL -> EXIT,26,REVERSAL,-2.7435
long_2026-06-08T220000_MUSDT,long,2026-06-08 22:00:00,MUSDT,EARLY_BREAKOUT -> ACCELERATION -> WEAK_TREND -> ACCELERATION -> PULLBACK -> EXHAUSTION -> FAKE_BREAKOUT -> PULLBACK -> FAKE_BREAKOUT -> PULLBACK -> ACCELERATION -> EXHAUSTION -> ACCELERATION -> EXHAUSTION -> ACCELERATION -> HEALTHY_TREND -> EXHAUSTION -> ACCELERATION -> EXHAUSTION -> PULLBACK -> EXHAUSTION -> PULLBACK -> ACCELERATION -> PULLBACK -> EXHAUSTION -> ACCELERATION -> PULLBACK -> ACCELERATION -> EXHAUSTION -> PULLBACK -> EXHAUSTION -> FAKE_BREAKOUT -> REVERSAL -> EXIT,33,REVERSAL,-1.3533
long_2026-06-08T220000_POWERUSDT,long,2026-06-08 22:00:00,POWERUSDT,EARLY_BREAKOUT -> ACCELERATION -> EARLY_BREAKOUT -> WEAK_TREND -> EXHAUSTION -> PULLBACK -> ACCELERATION -> WEAK_TREND -> ACCELERATION -> HEALTHY_TREND -> PULLBACK -> ACCELERATION -> PULLBACK -> ACCELERATION -> PULLBACK -> HEALTHY_TREND -> PULLBACK -> ACCELERATION -> PULLBACK -> ACCELERATION -> HEALTHY_TREND -> WEAK_TREND -> PULLBACK -> ACCELERATION -> WEAK_TREND -> PULLBACK -> ACCELERATION -> PULLBACK -> ACCELERATION -> PULLBACK -> ACCELERATION -> PULLBACK -> ACCELERATION -> PULLBACK -> EXIT,34,PULLBACK,16.1642
short_2026-06-08T220000_SKYAIUSDT,short,2026-06-08 22:00:00,SKYAIUSDT,EARLY_BREAKOUT -> WEAK_TREND -> ACCELERATION -> HEALTHY_TREND -> ACCELERATION -> HEALTHY_TREND -> WEAK_TREND -> ACCELERATION -> HEALTHY_TREND -> ACCELERATION -> HEALTHY_TREND -> ACCELERATION -> PULLBACK -> ACCELERATION -> WEAK_TREND -> ACCELERATION -> PULLBACK -> ACCELERATION -> PULLBACK -> EXHAUSTION -> PULLBACK -> EXHAUSTION -> ACCELERATION -> PULLBACK -> ACCELERATION -> PULLBACK -> ACCELERATION -> PULLBACK -> ACCELERATION -> PULLBACK -> ACCELERATION -> WEAK_TREND -> PULLBACK -> EXIT,33,PULLBACK,14.6398
short_2026-06-08T220000_GWEIUSDT,short,2026-06-08 22:00:00,GWEIUSDT,EARLY_BREAKOUT -> ACCELERATION -> WEAK_TREND -> ACCELERATION -> PULLBACK -> FAKE_BREAKOUT -> PULLBACK -> FAKE_BREAKOUT -> REVERSAL -> EXIT,9,REVERSAL,-11.4001
short_2026-06-08T220000_ZBTUSDT,short,2026-06-08 22:00:00,ZBTUSDT,EARLY_BREAKOUT -> WEAK_TREND -> ACCELERATION -> HEALTHY_TREND -> WEAK_TREND -> ACCELERATION -> WEAK_TREND -> ACCELERATION -> WEAK_TREND -> ACCELERATION -> WEAK_TREND -> ACCELERATION -> WEAK_TREND -> ACCELERATION -> WEAK_TREND -> ACCELERATION -> WEAK_TREND -> ACCELERATION -> WEAK_TREND -> PULLBACK -> EXHAUSTION -> PULLBACK -> EXHAUSTION -> ACCELERATION -> PULLBACK -> ACCELERATION -> PULLBACK -> ACCELERATION -> PULLBACK -> ACCELERATION -> PULLBACK -> ACCELERATION -> HEALTHY_TREND -> ACCELERATION -> WEAK_TREND -> EXIT,35,WEAK_TREND,8.4713
short_2026-06-08T220000_MYXUSDT,short,2026-06-08 22:00:00,MYXUSDT,EARLY_BREAKOUT -> EXHAUSTION -> ACCELERATION -> PULLBACK -> HEALTHY_TREND -> PULLBACK -> EXHAUSTION -> FAKE_BREAKOUT -> PULLBACK -> ACCELERATION -> FAKE_BREAKOUT -> ACCELERATION -> PULLBACK -> HEALTHY_TREND -> PULLBACK -> EXHAUSTION -> FAKE_BREAKOUT -> PULLBACK -> FAKE_BREAKOUT -> ACCELERATION -> PULLBACK -> ACCELERATION -> PULLBACK -> ACCELERATION -> HEALTHY_TREND -> ACCELERATION -> HEALTHY_TREND -> WEAK_TREND -> ACCELERATION -> PULLBACK -> EXHAUSTION -> PULLBACK -> EXHAUSTION -> PULLBACK -> ACCELERATION -> HEALTHY_TREND -> WEAK_TREND -> ACCELERATION -> WEAK_TREND -> PULLBACK -> EXIT,40,PULLBACK,9.8435
short_2026-06-08T220000_AKTUSDT,short,2026-06-08 22:00:00,AKTUSDT,EARLY_BREAKOUT -> WEAK_TREND -> ACCELERATION -> HEALTHY_TREND -> ACCELERATION -> HEALTHY_TREND -> PULLBACK -> EXHAUSTION -> FAKE_BREAKOUT -> PULLBACK -> ACCELERATION -> FAKE_BREAKOUT -> ACCELERATION -> PULLBACK -> ACCELERATION -> PULLBACK -> ACCELERATION -> EXHAUSTION -> PULLBACK -> ACCELERATION -> PULLBACK -> EXHAUSTION -> PULLBACK -> HEALTHY_TREND -> ACCELERATION -> WEAK_TREND -> PULLBACK -> EXHAUSTION -> PULLBACK -> ACCELERATION -> HEALTHY_TREND -> ACCELERATION -> WEAK_TREND -> ACCELERATION -> WEAK_TREND -> ACCELERATION -> WEAK_TREND -> ACCELERATION -> HEALTHY_TREND -> WEAK_TREND -> EXIT,40,WEAK_TREND,7.6579
long_2026-06-09T000000_POWERUSDT,long,2026-06-09 00:00:00,POWERUSDT,EARLY_BREAKOUT -> WEAK_TREND -> ACCELERATION -> HEALTHY_TREND -> PULLBACK -> ACCELERATION -> PULLBACK -> ACCELERATION -> PULLBACK -> HEALTHY_TREND -> PULLBACK -> ACCELERATION -> PULLBACK -> ACCELERATION -> HEALTHY_TREND -> WEAK_TREND -> PULLBACK -> ACCELERATION -> WEAK_TREND -> PULLBACK -> ACCELERATION -> PULLBACK -> ACCELERATION -> PULLBACK -> ACCELERATION -> PULLBACK -> ACCELERATION -> PULLBACK -> ACCELERATION -> PULLBACK -> EXHAUSTION -> PULLBACK -> EXIT,32,PULLBACK,12.7508
long_2026-06-09T000000_EDGEUSDT,long,2026-06-09 00:00:00,EDGEUSDT,EARLY_BREAKOUT -> ACCELERATION -> FAKE_BREAKOUT -> REVERSAL -> FAKE_BREAKOUT -> REVERSAL -> FAKE_BREAKOUT -> REVERSAL -> EXIT,8,REVERSAL,-15.2969
long_2026-06-09T000000_BERAUSDT,long,2026-06-09 00:00:00,BERAUSDT,EARLY_BREAKOUT -> ACCELERATION -> EARLY_BREAKOUT -> PULLBACK -> ACCELERATION -> HEALTHY_TREND -> FAKE_BREAKOUT -> PULLBACK -> ACCELERATION -> PULLBACK -> ACCELERATION -> PULLBACK -> FAKE_BREAKOUT -> REVERSAL -> EXIT,14,REVERSAL,-5.2372
long_2026-06-09T000000_TONUSDT,long,2026-06-09 00:00:00,TONUSDT,EARLY_BREAKOUT -> WEAK_TREND -> ACCELERATION -> EXHAUSTION -> HEALTHY_TREND -> WEAK_TREND -> ACCELERATION -> EXHAUSTION -> PULLBACK -> EXHAUSTION -> PULLBACK -> EXHAUSTION -> PULLBACK -> EXHAUSTION -> PULLBACK -> FAKE_BREAKOUT -> REVERSAL -> EXIT,17,REVERSAL,-0.7192
long_2026-06-09T000000_ORCAUSDT,long,2026-06-09 00:00:00,ORCAUSDT,EARLY_BREAKOUT -> WEAK_TREND -> ACCELERATION -> WEAK_TREND -> HEALTHY_TREND -> EXHAUSTION -> PULLBACK -> EXHAUSTION -> HEALTHY_TREND -> EXHAUSTION -> ACCELERATION -> WEAK_TREND -> EXHAUSTION -> HEALTHY_TREND -> EXHAUSTION -> PULLBACK -> EXHAUSTION -> PULLBACK -> ACCELERATION -> HEALTHY_TREND -> EXHAUSTION -> ACCELERATION -> EXHAUSTION -> PULLBACK -> REVERSAL -> EXIT,25,REVERSAL,-3.7002
short_2026-06-09T000000_AIOTUSDT,short,2026-06-09 00:00:00,AIOTUSDT,EARLY_BREAKOUT -> ACCELERATION -> EARLY_BREAKOUT -> WEAK_TREND -> ACCELERATION -> PULLBACK -> ACCELERATION -> PULLBACK -> HEALTHY_TREND -> PULLBACK -> ACCELERATION -> HEALTHY_TREND -> WEAK_TREND -> ACCELERATION -> PULLBACK -> ACCELERATION -> HEALTHY_TREND -> ACCELERATION -> WEAK_TREND -> ACCELERATION -> WEAK_TREND -> HEALTHY_TREND -> ACCELERATION -> WEAK_TREND -> ACCELERATION -> WEAK_TREND -> ACCELERATION -> HEALTHY_TREND -> ACCELERATION -> WEAK_TREND -> HEALTHY_TREND -> PULLBACK -> HEALTHY_TREND -> ACCELERATION -> HEALTHY_TREND -> WEAK_TREND -> EXIT,36,WEAK_TREND,14.2323
short_2026-06-09T000000_MORPHOUSDT,short,2026-06-09 00:00:00,MORPHOUSDT,EARLY_BREAKOUT -> ACCELERATION -> EXHAUSTION -> ACCELERATION -> HEALTHY_TREND -> ACCELERATION -> HEALTHY_TREND -> WEAK_TREND -> ACCELERATION -> HEALTHY_TREND -> PULLBACK -> EXHAUSTION -> PULLBACK -> ACCELERATION -> PULLBACK -> ACCELERATION -> PULLBACK -> ACCELERATION -> PULLBACK -> ACCELERATION -> WEAK_TREND -> PULLBACK -> ACCELERATION -> HEALTHY_TREND -> ACCELERATION -> WEAK_TREND -> PULLBACK -> HEALTHY_TREND -> PULLBACK -> EXIT,29,PULLBACK,7.8968
short_2026-06-09T000000_JTOUSDT,short,2026-06-09 00:00:00,JTOUSDT,EARLY_BREAKOUT -> ACCELERATION -> HEALTHY_TREND -> ACCELERATION -> HEALTHY_TREND -> ACCELERATION -> PULLBACK -> HEALTHY_TREND -> PULLBACK -> EXHAUSTION -> PULLBACK -> EXHAUSTION -> REVERSAL -> PULLBACK -> EXHAUSTION -> ACCELERATION -> EXHAUSTION -> PULLBACK -> EXHAUSTION -> ACCELERATION -> PULLBACK -> HEALTHY_TREND -> ACCELERATION -> HEALTHY_TREND -> WEAK_TREND -> ACCELERATION -> HEALTHY_TREND -> ACCELERATION -> HEALTHY_TREND -> WEAK_TREND -> PULLBACK -> EXIT,31,PULLBACK,7.4506
short_2026-06-09T000000_ALLOUSDT,short,2026-06-09 00:00:00,ALLOUSDT,EARLY_BREAKOUT -> ACCELERATION -> EXHAUSTION -> ACCELERATION -> HEALTHY_TREND -> PULLBACK -> EXHAUSTION -> PULLBACK -> ACCELERATION -> PULLBACK -> ACCELERATION -> PULLBACK -> ACCELERATION -> HEALTHY_TREND -> PULLBACK -> ACCELERATION -> PULLBACK -> ACCELERATION -> PULLBACK -> EXHAUSTION -> PULLBACK -> EXHAUSTION -> PULLBACK -> EXHAUSTION -> PULLBACK -> EXHAUSTION -> PULLBACK -> FAKE_BREAKOUT -> PULLBACK -> REVERSAL -> FAKE_BREAKOUT -> REVERSAL -> FAKE_BREAKOUT -> EXIT,33,FAKE_BREAKOUT,1.082
short_2026-06-09T000000_VVVUSDT,short,2026-06-09 00:00:00,VVVUSDT,EARLY_BREAKOUT -> ACCELERATION -> EARLY_BREAKOUT -> WEAK_TREND -> ACCELERATION -> WEAK_TREND -> ACCELERATION -> HEALTHY_TREND -> PULLBACK -> ACCELERATION -> PULLBACK -> EXHAUSTION -> PULLBACK -> HEALTHY_TREND -> ACCELERATION -> HEALTHY_TREND -> WEAK_TREND -> PULLBACK -> ACCELERATION -> HEALTHY_TREND -> ACCELERATION -> WEAK_TREND -> ACCELERATION -> HEALTHY_TREND -> WEAK_TREND -> ACCELERATION -> WEAK_TREND -> ACCELERATION -> HEALTHY_TREND -> ACCELERATION -> WEAK_TREND -> ACCELERATION -> WEAK_TREND -> ACCELERATION -> WEAK_TREND -> ACCELERATION -> EXIT,36,ACCELERATION,14.4042
long_2026-06-09T020000_WLDUSDT,long,2026-06-09 02:00:00,WLDUSDT,EARLY_BREAKOUT -> ACCELERATION -> EARLY_BREAKOUT -> ACCELERATION -> HEALTHY_TREND -> ACCELERATION -> PULLBACK -> EXHAUSTION -> PULLBACK -> EXHAUSTION -> PULLBACK -> FAKE_BREAKOUT -> REVERSAL -> EXIT,13,REVERSAL,-0.5768
long_2026-06-09T020000_BSBUSDT,long,2026-06-09 02:00:00,BSBUSDT,EARLY_BREAKOUT -> ACCELERATION -> EARLY_BREAKOUT -> HEALTHY_TREND -> ACCELERATION -> PULLBACK -> ACCELERATION -> PULLBACK -> EXHAUSTION -> PULLBACK -> ACCELERATION -> PULLBACK -> FAKE_BREAKOUT -> PULLBACK -> FAKE_BREAKOUT -> REVERSAL -> FAKE_BREAKOUT -> REVERSAL -> FAKE_BREAKOUT -> REVERSAL -> FAKE_BREAKOUT -> PULLBACK -> REVERSAL -> ACCELERATION -> FAKE_BREAKOUT -> ACCELERATION -> PULLBACK -> EXHAUSTION -> ACCELERATION -> EXIT,29,ACCELERATION,5.4707
long_2026-06-09T020000_ENSOUSDT,long,2026-06-09 02:00:00,ENSOUSDT,EARLY_BREAKOUT -> ACCELERATION -> EARLY_BREAKOUT -> WEAK_TREND -> EXHAUSTION -> FAKE_BREAKOUT -> REVERSAL -> FAKE_BREAKOUT -> PULLBACK -> EXHAUSTION -> ACCELERATION -> FAKE_BREAKOUT -> REVERSAL -> FAKE_BREAKOUT -> REVERSAL -> EXIT,15,REVERSAL,-1.8082
long_2026-06-09T020000_GWEIUSDT,long,2026-06-09 02:00:00,GWEIUSDT,EARLY_BREAKOUT -> ACCELERATION -> EXHAUSTION -> ACCELERATION -> EXHAUSTION -> ACCELERATION -> FAKE_BREAKOUT -> REVERSAL -> FAKE_BREAKOUT -> PULLBACK -> EXHAUSTION -> ACCELERATION -> HEALTHY_TREND -> EXHAUSTION -> PULLBACK -> EXHAUSTION -> FAKE_BREAKOUT -> PULLBACK -> ACCELERATION -> PULLBACK -> ACCELERATION -> PULLBACK -> ACCELERATION -> EXHAUSTION -> PULLBACK -> ACCELERATION -> PULLBACK -> EXHAUSTION -> PULLBACK -> EXHAUSTION -> PULLBACK -> EXHAUSTION -> PULLBACK -> FAKE_BREAKOUT -> ACCELERATION -> EXIT,35,ACCELERATION,11.9324
long_2026-06-09T020000_LIGHTUSDT,long,2026-06-09 02:00:00,LIGHTUSDT,EARLY_BREAKOUT -> REVERSAL -> ACCELERATION -> EARLY_BREAKOUT -> WEAK_TREND -> PULLBACK -> HEALTHY_TREND -> WEAK_TREND -> PULLBACK -> FAKE_BREAKOUT -> PULLBACK -> EXHAUSTION -> PULLBACK -> EXHAUSTION -> ACCELERATION -> HEALTHY_TREND -> ACCELERATION -> PULLBACK -> ACCELERATION -> PULLBACK -> FAKE_BREAKOUT -> REVERSAL -> FAKE_BREAKOUT -> REVERSAL -> FAKE_BREAKOUT -> REVERSAL -> ACCELERATION -> PULLBACK -> HEALTHY_TREND -> EXHAUSTION -> ACCELERATION -> WEAK_TREND -> ACCELERATION -> HEALTHY_TREND -> ACCELERATION -> EXIT,35,ACCELERATION,6.7708
short_2026-06-09T020000_VELVETUSDT,short,2026-06-09 02:00:00,VELVETUSDT,EARLY_BREAKOUT -> ACCELERATION -> FAKE_BREAKOUT -> ACCELERATION -> HEALTHY_TREND -> PULLBACK -> ACCELERATION -> WEAK_TREND -> ACCELERATION -> PULLBACK -> ACCELERATION -> PULLBACK -> ACCELERATION -> PULLBACK -> ACCELERATION -> PULLBACK -> ACCELERATION -> PULLBACK -> ACCELERATION -> PULLBACK -> ACCELERATION -> PULLBACK -> HEALTHY_TREND -> PULLBACK -> ACCELERATION -> PULLBACK -> ACCELERATION -> HEALTHY_TREND -> PULLBACK -> EXIT,29,PULLBACK,13.0567
short_2026-06-09T020000_POWERUSDT,short,2026-06-09 02:00:00,POWERUSDT,EARLY_BREAKOUT -> FAKE_BREAKOUT -> ACCELERATION -> HEALTHY_TREND -> WEAK_TREND -> FAKE_BREAKOUT -> HEALTHY_TREND -> FAKE_BREAKOUT -> PULLBACK -> HEALTHY_TREND -> FAKE_BREAKOUT -> REVERSAL -> FAKE_BREAKOUT -> REVERSAL -> ACCELERATION -> FAKE_BREAKOUT -> REVERSAL -> FAKE_BREAKOUT -> REVERSAL -> FAKE_BREAKOUT -> REVERSAL -> FAKE_BREAKOUT -> ACCELERATION -> WEAK_TREND -> FAKE_BREAKOUT -> REVERSAL -> FAKE_BREAKOUT -> REVERSAL -> EXIT,28,REVERSAL,-9.7412
short_2026-06-09T020000_LAYERUSDT,short,2026-06-09 02:00:00,LAYERUSDT,EARLY_BREAKOUT -> ACCELERATION -> FAKE_BREAKOUT -> ACCELERATION -> HEALTHY_TREND -> WEAK_TREND -> ACCELERATION -> EXHAUSTION -> REVERSAL -> FAKE_BREAKOUT -> HEALTHY_TREND -> PULLBACK -> REVERSAL -> FAKE_BREAKOUT -> ACCELERATION -> PULLBACK -> ACCELERATION -> WEAK_TREND -> ACCELERATION -> PULLBACK -> EXHAUSTION -> FAKE_BREAKOUT -> PULLBACK -> ACCELERATION -> PULLBACK -> ACCELERATION -> PULLBACK -> ACCELERATION -> HEALTHY_TREND -> PULLBACK -> ACCELERATION -> HEALTHY_TREND -> WEAK_TREND -> ACCELERATION -> HEALTHY_TREND -> ACCELERATION -> HEALTHY_TREND -> WEAK_TREND -> ACCELERATION -> HEALTHY_TREND -> WEAK_TREND -> PULLBACK -> EXIT,42,PULLBACK,15.3315
short_2026-06-09T020000_STGUSDT,short,2026-06-09 02:00:00,STGUSDT,EARLY_BREAKOUT -> WEAK_TREND -> EARLY_BREAKOUT -> ACCELERATION -> PULLBACK -> ACCELERATION -> HEALTHY_TREND -> WEAK_TREND -> PULLBACK -> WEAK_TREND -> REVERSAL -> WEAK_TREND -> ACCELERATION -> WEAK_TREND -> ACCELERATION -> WEAK_TREND -> PULLBACK -> ACCELERATION -> WEAK_TREND -> ACCELERATION -> EXHAUSTION -> ACCELERATION -> EXHAUSTION -> HEALTHY_TREND -> ACCELERATION -> PULLBACK -> ACCELERATION -> PULLBACK -> EXHAUSTION -> FAKE_BREAKOUT -> PULLBACK -> EXIT,31,PULLBACK,3.6246
short_2026-06-09T020000_COMPUSDT,short,2026-06-09 02:00:00,COMPUSDT,EARLY_BREAKOUT -> ACCELERATION -> WEAK_TREND -> HEALTHY_TREND -> WEAK_TREND -> REVERSAL -> WEAK_TREND -> REVERSAL -> WEAK_TREND -> ACCELERATION -> HEALTHY_TREND -> WEAK_TREND -> ACCELERATION -> WEAK_TREND -> HEALTHY_TREND -> WEAK_TREND -> REVERSAL -> WEAK_TREND -> EXIT,18,WEAK_TREND,-0.8465
long_2026-06-09T040000_CUSDT,long,2026-06-09 04:00:00,CUSDT,EARLY_BREAKOUT -> ACCELERATION -> WEAK_TREND -> ACCELERATION -> WEAK_TREND -> EXHAUSTION -> PULLBACK -> EXHAUSTION -> ACCELERATION -> HEALTHY_TREND -> WEAK_TREND -> ACCELERATION -> PULLBACK -> HEALTHY_TREND -> PULLBACK -> EXHAUSTION -> FAKE_BREAKOUT -> PULLBACK -> EXHAUSTION -> ACCELERATION -> FAKE_BREAKOUT -> PULLBACK -> EXHAUSTION -> ACCELERATION -> EXHAUSTION -> ACCELERATION -> HEALTHY_TREND -> PULLBACK -> ACCELERATION -> HEALTHY_TREND -> PULLBACK -> EXIT,31,PULLBACK,4.9162
long_2026-06-09T040000_HEIUSDT,long,2026-06-09 04:00:00,HEIUSDT,EARLY_BREAKOUT -> ACCELERATION -> EXHAUSTION -> ACCELERATION -> PULLBACK -> ACCELERATION -> PULLBACK -> EXHAUSTION -> PULLBACK -> FAKE_BREAKOUT -> REVERSAL -> EXIT,11,REVERSAL,-1.2853
long_2026-06-09T040000_SIRENUSDT,long,2026-06-09 04:00:00,SIRENUSDT,EARLY_BREAKOUT -> WEAK_TREND -> ACCELERATION -> REVERSAL -> FAKE_BREAKOUT -> PULLBACK -> FAKE_BREAKOUT -> REVERSAL -> ACCELERATION -> FAKE_BREAKOUT -> ACCELERATION -> FAKE_BREAKOUT -> REVERSAL -> ACCELERATION -> FAKE_BREAKOUT -> EXIT,15,FAKE_BREAKOUT,2.417
long_2026-06-09T040000_COMPUSDT,long,2026-06-09 04:00:00,COMPUSDT,EARLY_BREAKOUT -> ACCELERATION -> WEAK_TREND -> ACCELERATION -> HEALTHY_TREND -> WEAK_TREND -> ACCELERATION -> PULLBACK -> EXHAUSTION -> PULLBACK -> EXHAUSTION -> FAKE_BREAKOUT -> REVERSAL -> FAKE_BREAKOUT -> REVERSAL -> FAKE_BREAKOUT -> EXIT,16,FAKE_BREAKOUT,1.3544
long_2026-06-09T040000_UBUSDT,long,2026-06-09 04:00:00,UBUSDT,EARLY_BREAKOUT -> ACCELERATION -> WEAK_TREND -> ACCELERATION -> WEAK_TREND -> ACCELERATION -> WEAK_TREND -> PULLBACK -> FAKE_BREAKOUT -> REVERSAL -> FAKE_BREAKOUT -> REVERSAL -> FAKE_BREAKOUT -> PULLBACK -> FAKE_BREAKOUT -> REVERSAL -> EXIT,16,REVERSAL,-2.4672
short_2026-06-09T040000_WLDUSDT,short,2026-06-09 04:00:00,WLDUSDT,EARLY_BREAKOUT -> ACCELERATION -> WEAK_TREND -> ACCELERATION -> HEALTHY_TREND -> WEAK_TREND -> PULLBACK -> ACCELERATION -> WEAK_TREND -> ACCELERATION -> HEALTHY_TREND -> ACCELERATION -> WEAK_TREND -> ACCELERATION -> WEAK_TREND -> HEALTHY_TREND -> WEAK_TREND -> ACCELERATION -> HEALTHY_TREND -> ACCELERATION -> WEAK_TREND -> PULLBACK -> ACCELERATION -> WEAK_TREND -> PULLBACK -> ACCELERATION -> WEAK_TREND -> ACCELERATION -> WEAK_TREND -> PULLBACK -> ACCELERATION -> PULLBACK -> EXIT,32,PULLBACK,11.982
short_2026-06-09T040000_VVVUSDT,short,2026-06-09 04:00:00,VVVUSDT,EARLY_BREAKOUT -> ACCELERATION -> HEALTHY_TREND -> ACCELERATION -> HEALTHY_TREND -> PULLBACK -> ACCELERATION -> HEALTHY_TREND -> ACCELERATION -> WEAK_TREND -> ACCELERATION -> HEALTHY_TREND -> WEAK_TREND -> ACCELERATION -> WEAK_TREND -> ACCELERATION -> HEALTHY_TREND -> ACCELERATION -> WEAK_TREND -> ACCELERATION -> WEAK_TREND -> ACCELERATION -> WEAK_TREND -> ACCELERATION -> WEAK_TREND -> PULLBACK -> ACCELERATION -> PULLBACK -> ACCELERATION -> PULLBACK -> ACCELERATION -> PULLBACK -> EXIT,32,PULLBACK,10.6004
short_2026-06-09T040000_USELESSUSDT,short,2026-06-09 04:00:00,USELESSUSDT,EARLY_BREAKOUT -> WEAK_TREND -> ACCELERATION -> HEALTHY_TREND -> WEAK_TREND -> HEALTHY_TREND -> WEAK_TREND -> ACCELERATION -> HEALTHY_TREND -> ACCELERATION -> WEAK_TREND -> ACCELERATION -> HEALTHY_TREND -> WEAK_TREND -> ACCELERATION -> HEALTHY_TREND -> ACCELERATION -> HEALTHY_TREND -> PULLBACK -> HEALTHY_TREND -> ACCELERATION -> WEAK_TREND -> ACCELERATION -> WEAK_TREND -> HEALTHY_TREND -> WEAK_TREND -> PULLBACK -> EXHAUSTION -> PULLBACK -> EXIT,29,PULLBACK,5.8695
short_2026-06-09T040000_STARUSDT,short,2026-06-09 04:00:00,STARUSDT,EARLY_BREAKOUT -> WEAK_TREND -> ACCELERATION -> HEALTHY_TREND -> EXHAUSTION -> FAKE_BREAKOUT -> PULLBACK -> ACCELERATION -> EXHAUSTION -> FAKE_BREAKOUT -> ACCELERATION -> HEALTHY_TREND -> FAKE_BREAKOUT -> REVERSAL -> FAKE_BREAKOUT -> REVERSAL -> FAKE_BREAKOUT -> REVERSAL -> EXIT,18,REVERSAL,-2.7315
short_2026-06-09T040000_INJUSDT,short,2026-06-09 04:00:00,INJUSDT,EARLY_BREAKOUT -> ACCELERATION -> HEALTHY_TREND -> ACCELERATION -> HEALTHY_TREND -> PULLBACK -> HEALTHY_TREND -> FAKE_BREAKOUT -> ACCELERATION -> PULLBACK -> ACCELERATION -> HEALTHY_TREND -> ACCELERATION -> HEALTHY_TREND -> ACCELERATION -> WEAK_TREND -> ACCELERATION -> HEALTHY_TREND -> ACCELERATION -> WEAK_TREND -> ACCELERATION -> WEAK_TREND -> HEALTHY_TREND -> PULLBACK -> ACCELERATION -> PULLBACK -> ACCELERATION -> HEALTHY_TREND -> WEAK_TREND -> PULLBACK -> EXHAUSTION -> PULLBACK -> EXHAUSTION -> EXIT,33,EXHAUSTION,3.6577
long_2026-06-09T060000_CCUSDT,long,2026-06-09 06:00:00,CCUSDT,EARLY_BREAKOUT -> ACCELERATION -> WEAK_TREND -> HEALTHY_TREND -> WEAK_TREND -> PULLBACK -> FAKE_BREAKOUT -> REVERSAL -> FAKE_BREAKOUT -> ACCELERATION -> PULLBACK -> ACCELERATION -> PULLBACK -> ACCELERATION -> PULLBACK -> FAKE_BREAKOUT -> ACCELERATION -> HEALTHY_TREND -> WEAK_TREND -> ACCELERATION -> WEAK_TREND -> PULLBACK -> WEAK_TREND -> ACCELERATION -> PULLBACK -> ACCELERATION -> PULLBACK -> FAKE_BREAKOUT -> ACCELERATION -> FAKE_BREAKOUT -> ACCELERATION -> HEALTHY_TREND -> EXIT,32,HEALTHY_TREND,1.0284
long_2026-06-09T060000_MYXUSDT,long,2026-06-09 06:00:00,MYXUSDT,EARLY_BREAKOUT -> WEAK_TREND -> ACCELERATION -> WEAK_TREND -> ACCELERATION -> PULLBACK -> ACCELERATION -> WEAK_TREND -> PULLBACK -> REVERSAL -> FAKE_BREAKOUT -> REVERSAL -> FAKE_BREAKOUT -> PULLBACK -> FAKE_BREAKOUT -> EXIT,15,FAKE_BREAKOUT,0.4873
long_2026-06-09T060000_FOLKSUSDT,long,2026-06-09 06:00:00,FOLKSUSDT,EARLY_BREAKOUT -> ACCELERATION -> EXHAUSTION -> FAKE_BREAKOUT -> REVERSAL -> FAKE_BREAKOUT -> REVERSAL -> FAKE_BREAKOUT -> ACCELERATION -> FAKE_BREAKOUT -> ACCELERATION -> WEAK_TREND -> ACCELERATION -> HEALTHY_TREND -> EXHAUSTION -> FAKE_BREAKOUT -> REVERSAL -> ACCELERATION -> FAKE_BREAKOUT -> ACCELERATION -> EXHAUSTION -> ACCELERATION -> PULLBACK -> FAKE_BREAKOUT -> PULLBACK -> FAKE_BREAKOUT -> ACCELERATION -> HEALTHY_TREND -> ACCELERATION -> EXHAUSTION -> FAKE_BREAKOUT -> EXIT,31,FAKE_BREAKOUT,1.2493
long_2026-06-09T060000_GWEIUSDT,long,2026-06-09 06:00:00,GWEIUSDT,EARLY_BREAKOUT -> ACCELERATION -> REVERSAL -> ACCELERATION -> HEALTHY_TREND -> ACCELERATION -> FAKE_BREAKOUT -> ACCELERATION -> REVERSAL -> HEALTHY_TREND -> FAKE_BREAKOUT -> ACCELERATION -> HEALTHY_TREND -> REVERSAL -> FAKE_BREAKOUT -> REVERSAL -> FAKE_BREAKOUT -> REVERSAL -> ACCELERATION -> WEAK_TREND -> ACCELERATION -> PULLBACK -> ACCELERATION -> EXHAUSTION -> FAKE_BREAKOUT -> PULLBACK -> ACCELERATION -> EXIT,27,ACCELERATION,6.5114
long_2026-06-09T060000_WLDUSDT,long,2026-06-09 06:00:00,WLDUSDT,EARLY_BREAKOUT -> REVERSAL -> EXIT,2,REVERSAL,-6.422
short_2026-06-09T060000_WLDUSDT,short,2026-06-09 06:00:00,WLDUSDT,EARLY_BREAKOUT -> ACCELERATION -> EARLY_BREAKOUT -> ACCELERATION -> HEALTHY_TREND -> ACCELERATION -> WEAK_TREND -> ACCELERATION -> WEAK_TREND -> HEALTHY_TREND -> WEAK_TREND -> ACCELERATION -> HEALTHY_TREND -> ACCELERATION -> WEAK_TREND -> PULLBACK -> ACCELERATION -> WEAK_TREND -> PULLBACK -> ACCELERATION -> WEAK_TREND -> ACCELERATION -> WEAK_TREND -> PULLBACK -> EXHAUSTION -> ACCELERATION -> PULLBACK -> EXHAUSTION -> PULLBACK -> EXHAUSTION -> PULLBACK -> EXIT,31,PULLBACK,6.422
short_2026-06-09T060000_BSBUSDT,short,2026-06-09 06:00:00,BSBUSDT,EARLY_BREAKOUT -> ACCELERATION -> WEAK_TREND -> ACCELERATION -> WEAK_TREND -> ACCELERATION -> WEAK_TREND -> FAKE_BREAKOUT -> PULLBACK -> ACCELERATION -> WEAK_TREND -> ACCELERATION -> HEALTHY_TREND -> PULLBACK -> EXHAUSTION -> FAKE_BREAKOUT -> PULLBACK -> FAKE_BREAKOUT -> REVERSAL -> PULLBACK -> EXHAUSTION -> ACCELERATION -> FAKE_BREAKOUT -> REVERSAL -> FAKE_BREAKOUT -> REVERSAL -> FAKE_BREAKOUT -> PULLBACK -> FAKE_BREAKOUT -> ACCELERATION -> PULLBACK -> EXHAUSTION -> ACCELERATION -> EXIT,33,ACCELERATION,3.9927
short_2026-06-09T060000_GUAUSDT,short,2026-06-09 06:00:00,GUAUSDT,EARLY_BREAKOUT -> REVERSAL -> ACCELERATION -> EARLY_BREAKOUT -> ACCELERATION -> PULLBACK -> EXHAUSTION -> ACCELERATION -> HEALTHY_TREND -> WEAK_TREND -> PULLBACK -> HEALTHY_TREND -> WEAK_TREND -> PULLBACK -> EXHAUSTION -> FAKE_BREAKOUT -> PULLBACK -> ACCELERATION -> EXHAUSTION -> FAKE_BREAKOUT -> PULLBACK -> FAKE_BREAKOUT -> ACCELERATION -> PULLBACK -> ACCELERATION -> PULLBACK -> EXHAUSTION -> FAKE_BREAKOUT -> REVERSAL -> FAKE_BREAKOUT -> REVERSAL -> EXIT,31,REVERSAL,-1.2361
short_2026-06-09T060000_GWEIUSDT,short,2026-06-09 06:00:00,GWEIUSDT,EARLY_BREAKOUT -> WEAK_TREND -> ACCELERATION -> EXHAUSTION -> FAKE_BREAKOUT -> REVERSAL -> FAKE_BREAKOUT -> REVERSAL -> ACCELERATION -> EXHAUSTION -> REVERSAL -> FAKE_BREAKOUT -> REVERSAL -> ACCELERATION -> FAKE_BREAKOUT -> ACCELERATION -> HEALTHY_TREND -> WEAK_TREND -> REVERSAL -> EXIT,19,REVERSAL,-6.5114
short_2026-06-09T060000_LAYERUSDT,short,2026-06-09 06:00:00,LAYERUSDT,EARLY_BREAKOUT -> ACCELERATION -> WEAK_TREND -> ACCELERATION -> EXHAUSTION -> REVERSAL -> ACCELERATION -> PULLBACK -> ACCELERATION -> EXHAUSTION -> ACCELERATION -> HEALTHY_TREND -> PULLBACK -> ACCELERATION -> HEALTHY_TREND -> WEAK_TREND -> ACCELERATION -> HEALTHY_TREND -> ACCELERATION -> HEALTHY_TREND -> WEAK_TREND -> ACCELERATION -> HEALTHY_TREND -> WEAK_TREND -> PULLBACK -> ACCELERATION -> PULLBACK -> ACCELERATION -> PULLBACK -> ACCELERATION -> EXIT,30,ACCELERATION,12.0819
long_2026-06-09T080000_ESPORTSUSDT,long,2026-06-09 08:00:00,ESPORTSUSDT,EARLY_BREAKOUT -> FAKE_BREAKOUT -> ACCELERATION -> PULLBACK -> FAKE_BREAKOUT -> REVERSAL -> ACCELERATION -> HEALTHY_TREND -> PULLBACK -> FAKE_BREAKOUT -> PULLBACK -> HEALTHY_TREND -> WEAK_TREND -> EXHAUSTION -> FAKE_BREAKOUT -> PULLBACK -> ACCELERATION -> PULLBACK -> ACCELERATION -> PULLBACK -> ACCELERATION -> PULLBACK -> ACCELERATION -> PULLBACK -> ACCELERATION -> PULLBACK -> EXIT,26,PULLBACK,15.9915
long_2026-06-09T080000_POWERUSDT,long,2026-06-09 08:00:00,POWERUSDT,EARLY_BREAKOUT -> EXHAUSTION -> ACCELERATION -> EXHAUSTION -> FAKE_BREAKOUT -> ACCELERATION -> REVERSAL -> FAKE_BREAKOUT -> PULLBACK -> ACCELERATION -> FAKE_BREAKOUT -> REVERSAL -> FAKE_BREAKOUT -> PULLBACK -> FAKE_BREAKOUT -> ACCELERATION -> HEALTHY_TREND -> ACCELERATION -> PULLBACK -> ACCELERATION -> HEALTHY_TREND -> WEAK_TREND -> ACCELERATION -> PULLBACK -> HEALTHY_TREND -> PULLBACK -> ACCELERATION -> PULLBACK -> ACCELERATION -> PULLBACK -> ACCELERATION -> PULLBACK -> ACCELERATION -> PULLBACK -> ACCELERATION -> WEAK_TREND -> ACCELERATION -> EXIT,37,ACCELERATION,17.2209
long_2026-06-09T080000_ZESTUSDT,long,2026-06-09 08:00:00,ZESTUSDT,EARLY_BREAKOUT -> ACCELERATION -> WEAK_TREND -> HEALTHY_TREND -> ACCELERATION -> HEALTHY_TREND -> ACCELERATION -> HEALTHY_TREND -> PULLBACK -> EXHAUSTION -> HEALTHY_TREND -> WEAK_TREND -> ACCELERATION -> HEALTHY_TREND -> WEAK_TREND -> ACCELERATION -> PULLBACK -> EXHAUSTION -> PULLBACK -> FAKE_BREAKOUT -> REVERSAL -> FAKE_BREAKOUT -> REVERSAL -> FAKE_BREAKOUT -> REVERSAL -> EXIT,25,REVERSAL,-2.4536
long_2026-06-09T080000_GUAUSDT,long,2026-06-09 08:00:00,GUAUSDT,EARLY_BREAKOUT -> REVERSAL -> DEAD -> ACCELERATION -> WEAK_TREND -> REVERSAL -> HEALTHY_TREND -> WEAK_TREND -> ACCELERATION -> REVERSAL -> ACCELERATION -> HEALTHY_TREND -> ACCELERATION -> PULLBACK -> ACCELERATION -> FAKE_BREAKOUT -> HEALTHY_TREND -> ACCELERATION -> HEALTHY_TREND -> PULLBACK -> HEALTHY_TREND -> PULLBACK -> ACCELERATION -> HEALTHY_TREND -> PULLBACK -> FAKE_BREAKOUT -> PULLBACK -> ACCELERATION -> EXIT,28,ACCELERATION,6.6602
long_2026-06-09T080000_LIGHTUSDT,long,2026-06-09 08:00:00,LIGHTUSDT,EARLY_BREAKOUT -> ACCELERATION -> REVERSAL -> HEALTHY_TREND -> REVERSAL -> ACCELERATION -> REVERSAL -> ACCELERATION -> HEALTHY_TREND -> ACCELERATION -> EXHAUSTION -> ACCELERATION -> WEAK_TREND -> ACCELERATION -> FAKE_BREAKOUT -> PULLBACK -> ACCELERATION -> WEAK_TREND -> PULLBACK -> EXHAUSTION -> FAKE_BREAKOUT -> REVERSAL -> FAKE_BREAKOUT -> REVERSAL -> FAKE_BREAKOUT -> REVERSAL -> EXIT,26,REVERSAL,-3.8365
short_2026-06-09T080000_GUAUSDT,short,2026-06-09 08:00:00,GUAUSDT,EARLY_BREAKOUT -> ACCELERATION -> HEALTHY_TREND -> WEAK_TREND -> PULLBACK -> HEALTHY_TREND -> WEAK_TREND -> PULLBACK -> FAKE_BREAKOUT -> REVERSAL -> FAKE_BREAKOUT -> ACCELERATION -> FAKE_BREAKOUT -> REVERSAL -> FAKE_BREAKOUT -> ACCELERATION -> FAKE_BREAKOUT -> REVERSAL -> EXIT,18,REVERSAL,-6.6602
short_2026-06-09T080000_EPICUSDT,short,2026-06-09 08:00:00,EPICUSDT,EARLY_BREAKOUT -> ACCELERATION -> EARLY_BREAKOUT -> HEALTHY_TREND -> FAKE_BREAKOUT -> REVERSAL -> HEALTHY_TREND -> WEAK_TREND -> ACCELERATION -> WEAK_TREND -> HEALTHY_TREND -> ACCELERATION -> WEAK_TREND -> ACCELERATION -> PULLBACK -> HEALTHY_TREND -> WEAK_TREND -> ACCELERATION -> WEAK_TREND -> HEALTHY_TREND -> EXHAUSTION -> REVERSAL -> FAKE_BREAKOUT -> REVERSAL -> ACCELERATION -> HEALTHY_TREND -> ACCELERATION -> HEALTHY_TREND -> ACCELERATION -> PULLBACK -> EXHAUSTION -> REVERSAL -> FAKE_BREAKOUT -> ACCELERATION -> FAKE_BREAKOUT -> REVERSAL -> FAKE_BREAKOUT -> EXIT,37,FAKE_BREAKOUT,1.4727
short_2026-06-09T080000_BTWUSDT,short,2026-06-09 08:00:00,BTWUSDT,EARLY_BREAKOUT -> ACCELERATION -> WEAK_TREND -> ACCELERATION -> EXHAUSTION -> ACCELERATION -> WEAK_TREND -> ACCELERATION -> HEALTHY_TREND -> WEAK_TREND -> ACCELERATION -> WEAK_TREND -> EXHAUSTION -> ACCELERATION -> HEALTHY_TREND -> ACCELERATION -> HEALTHY_TREND -> PULLBACK -> EXHAUSTION -> PULLBACK -> ACCELERATION -> PULLBACK -> ACCELERATION -> HEALTHY_TREND -> ACCELERATION -> WEAK_TREND -> PULLBACK -> EXHAUSTION -> PULLBACK -> ACCELERATION -> EXHAUSTION -> PULLBACK -> EXHAUSTION -> FAKE_BREAKOUT -> EXIT,34,FAKE_BREAKOUT,4.7164
short_2026-06-09T080000_MANTAUSDT,short,2026-06-09 08:00:00,MANTAUSDT,EARLY_BREAKOUT -> ACCELERATION -> WEAK_TREND -> ACCELERATION -> HEALTHY_TREND -> WEAK_TREND -> ACCELERATION -> HEALTHY_TREND -> WEAK_TREND -> ACCELERATION -> PULLBACK -> EXHAUSTION -> PULLBACK -> EXHAUSTION -> FAKE_BREAKOUT -> PULLBACK -> FAKE_BREAKOUT -> ACCELERATION -> EXHAUSTION -> FAKE_BREAKOUT -> REVERSAL -> FAKE_BREAKOUT -> EXIT,22,FAKE_BREAKOUT,0.2936
short_2026-06-09T080000_LAYERUSDT,short,2026-06-09 08:00:00,LAYERUSDT,EARLY_BREAKOUT -> ACCELERATION -> EARLY_BREAKOUT -> ACCELERATION -> PULLBACK -> ACCELERATION -> HEALTHY_TREND -> PULLBACK -> ACCELERATION -> HEALTHY_TREND -> WEAK_TREND -> ACCELERATION -> HEALTHY_TREND -> ACCELERATION -> HEALTHY_TREND -> WEAK_TREND -> ACCELERATION -> HEALTHY_TREND -> WEAK_TREND -> PULLBACK -> ACCELERATION -> PULLBACK -> ACCELERATION -> PULLBACK -> ACCELERATION -> PULLBACK -> ACCELERATION -> PULLBACK -> EXIT,28,PULLBACK,13.3035
long_2026-06-09T100000_ALLOUSDT,long,2026-06-09 10:00:00,ALLOUSDT,EARLY_BREAKOUT -> ACCELERATION -> WEAK_TREND -> ACCELERATION -> PULLBACK -> FAKE_BREAKOUT -> PULLBACK -> HEALTHY_TREND -> PULLBACK -> ACCELERATION -> WEAK_TREND -> ACCELERATION -> PULLBACK -> ACCELERATION -> EXHAUSTION -> PULLBACK -> EXHAUSTION -> FAKE_BREAKOUT -> PULLBACK -> EXHAUSTION -> ACCELERATION -> PULLBACK -> ACCELERATION -> HEALTHY_TREND -> ACCELERATION -> HEALTHY_TREND -> WEAK_TREND -> HEALTHY_TREND -> PULLBACK -> EXHAUSTION -> PULLBACK -> EXHAUSTION -> ACCELERATION -> PULLBACK -> EXHAUSTION -> PULLBACK -> EXHAUSTION -> PULLBACK -> EXIT,38,PULLBACK,9.2272
long_2026-06-09T100000_MEUSDT,long,2026-06-09 10:00:00,MEUSDT,EARLY_BREAKOUT -> WEAK_TREND -> ACCELERATION -> HEALTHY_TREND -> FAKE_BREAKOUT -> REVERSAL -> EXIT,6,REVERSAL,-2.1291
long_2026-06-09T100000_SLXUSDT,long,2026-06-09 10:00:00,SLXUSDT,EARLY_BREAKOUT -> ACCELERATION -> EARLY_BREAKOUT -> WEAK_TREND -> PULLBACK -> FAKE_BREAKOUT -> PULLBACK -> HEALTHY_TREND -> PULLBACK -> EXHAUSTION -> PULLBACK -> FAKE_BREAKOUT -> PULLBACK -> ACCELERATION -> HEALTHY_TREND -> PULLBACK -> ACCELERATION -> HEALTHY_TREND -> ACCELERATION -> PULLBACK -> ACCELERATION -> PULLBACK -> EXHAUSTION -> PULLBACK -> EXHAUSTION -> PULLBACK -> EXIT,26,PULLBACK,20.5722
long_2026-06-09T100000_ZESTUSDT,long,2026-06-09 10:00:00,ZESTUSDT,EARLY_BREAKOUT -> ACCELERATION -> HEALTHY_TREND -> EXHAUSTION -> FAKE_BREAKOUT -> HEALTHY_TREND -> WEAK_TREND -> ACCELERATION -> HEALTHY_TREND -> WEAK_TREND -> ACCELERATION -> PULLBACK -> EXHAUSTION -> PULLBACK -> FAKE_BREAKOUT -> REVERSAL -> FAKE_BREAKOUT -> REVERSAL -> EXIT,18,REVERSAL,-4.6212
long_2026-06-09T100000_GUAUSDT,long,2026-06-09 10:00:00,GUAUSDT,EARLY_BREAKOUT -> ACCELERATION -> EARLY_BREAKOUT -> ACCELERATION -> WEAK_TREND -> EXHAUSTION -> FAKE_BREAKOUT -> PULLBACK -> HEALTHY_TREND -> WEAK_TREND -> ACCELERATION -> EXHAUSTION -> FAKE_BREAKOUT -> ACCELERATION -> HEALTHY_TREND -> ACCELERATION -> PULLBACK -> ACCELERATION -> EXHAUSTION -> HEALTHY_TREND -> ACCELERATION -> HEALTHY_TREND -> PULLBACK -> HEALTHY_TREND -> PULLBACK -> ACCELERATION -> HEALTHY_TREND -> PULLBACK -> EXHAUSTION -> PULLBACK -> ACCELERATION -> HEALTHY_TREND -> PULLBACK -> EXHAUSTION -> PULLBACK -> EXHAUSTION -> EXIT,36,EXHAUSTION,4.745
short_2026-06-09T100000_ESPORTSUSDT,short,2026-06-09 10:00:00,ESPORTSUSDT,EARLY_BREAKOUT -> WEAK_TREND -> ACCELERATION -> PULLBACK -> FAKE_BREAKOUT -> REVERSAL -> EXIT,6,REVERSAL,-12.5352
short_2026-06-09T100000_UBUSDT,short,2026-06-09 10:00:00,UBUSDT,EARLY_BREAKOUT -> ACCELERATION -> WEAK_TREND -> ACCELERATION -> WEAK_TREND -> ACCELERATION -> WEAK_TREND -> PULLBACK -> EXHAUSTION -> PULLBACK -> FAKE_BREAKOUT -> PULLBACK -> EXHAUSTION -> FAKE_BREAKOUT -> ACCELERATION -> EXHAUSTION -> ACCELERATION -> EXHAUSTION -> ACCELERATION -> EXHAUSTION -> FAKE_BREAKOUT -> ACCELERATION -> PULLBACK -> ACCELERATION -> EXHAUSTION -> ACCELERATION -> EXHAUSTION -> FAKE_BREAKOUT -> PULLBACK -> EXHAUSTION -> FAKE_BREAKOUT -> EXIT,31,FAKE_BREAKOUT,2.631
short_2026-06-09T100000_LAYERUSDT,short,2026-06-09 10:00:00,LAYERUSDT,EARLY_BREAKOUT -> EXHAUSTION -> ACCELERATION -> EARLY_BREAKOUT -> WEAK_TREND -> ACCELERATION -> HEALTHY_TREND -> ACCELERATION -> HEALTHY_TREND -> WEAK_TREND -> ACCELERATION -> HEALTHY_TREND -> PULLBACK -> ACCELERATION -> PULLBACK -> ACCELERATION -> PULLBACK -> ACCELERATION -> PULLBACK -> ACCELERATION -> PULLBACK -> EXHAUSTION -> PULLBACK -> EXIT,23,PULLBACK,6.1224
short_2026-06-09T100000_INUSDT,short,2026-06-09 10:00:00,INUSDT,EARLY_BREAKOUT -> WEAK_TREND -> ACCELERATION -> WEAK_TREND -> PULLBACK -> ACCELERATION -> HEALTHY_TREND -> ACCELERATION -> HEALTHY_TREND -> PULLBACK -> ACCELERATION -> EXHAUSTION -> PULLBACK -> EXHAUSTION -> PULLBACK -> EXHAUSTION -> FAKE_BREAKOUT -> ACCELERATION -> EXHAUSTION -> ACCELERATION -> EXHAUSTION -> FAKE_BREAKOUT -> ACCELERATION -> PULLBACK -> EXIT,24,PULLBACK,3.5034
short_2026-06-09T100000_GWEIUSDT,short,2026-06-09 10:00:00,GWEIUSDT,EARLY_BREAKOUT -> ACCELERATION -> EARLY_BREAKOUT -> FAKE_BREAKOUT -> PULLBACK -> HEALTHY_TREND -> FAKE_BREAKOUT -> ACCELERATION -> WEAK_TREND -> ACCELERATION -> HEALTHY_TREND -> WEAK_TREND -> REVERSAL -> EXIT,13,REVERSAL,-3.2362
long_2026-06-09T120000_ESPORTSUSDT,long,2026-06-09 12:00:00,ESPORTSUSDT,EARLY_BREAKOUT -> ACCELERATION -> EARLY_BREAKOUT -> HEALTHY_TREND -> PULLBACK -> EXHAUSTION -> PULLBACK -> HEALTHY_TREND -> WEAK_TREND -> PULLBACK -> EXHAUSTION -> PULLBACK -> ACCELERATION -> PULLBACK -> ACCELERATION -> PULLBACK -> ACCELERATION -> PULLBACK -> ACCELERATION -> PULLBACK -> ACCELERATION -> PULLBACK -> EXHAUSTION -> PULLBACK -> EXHAUSTION -> ACCELERATION -> PULLBACK -> EXHAUSTION -> FAKE_BREAKOUT -> PULLBACK -> EXHAUSTION -> FAKE_BREAKOUT -> EXIT,32,FAKE_BREAKOUT,4.1834
long_2026-06-09T120000_PLAYUSDT,long,2026-06-09 12:00:00,PLAYUSDT,EARLY_BREAKOUT -> ACCELERATION -> WEAK_TREND -> HEALTHY_TREND -> WEAK_TREND -> ACCELERATION -> WEAK_TREND -> HEALTHY_TREND -> PULLBACK -> ACCELERATION -> WEAK_TREND -> PULLBACK -> ACCELERATION -> HEALTHY_TREND -> ACCELERATION -> WEAK_TREND -> PULLBACK -> HEALTHY_TREND -> ACCELERATION -> WEAK_TREND -> ACCELERATION -> HEALTHY_TREND -> PULLBACK -> ACCELERATION -> PULLBACK -> ACCELERATION -> HEALTHY_TREND -> ACCELERATION -> PULLBACK -> ACCELERATION -> PULLBACK -> ACCELERATION -> EXIT,32,ACCELERATION,30.3218
long_2026-06-09T120000_LIGHTUSDT,long,2026-06-09 12:00:00,LIGHTUSDT,EARLY_BREAKOUT -> ACCELERATION -> HEALTHY_TREND -> PULLBACK -> ACCELERATION -> WEAK_TREND -> ACCELERATION -> HEALTHY_TREND -> ACCELERATION -> PULLBACK -> ACCELERATION -> WEAK_TREND -> ACCELERATION -> PULLBACK -> ACCELERATION -> WEAK_TREND -> PULLBACK -> EXHAUSTION -> PULLBACK -> EXHAUSTION -> ACCELERATION -> EXHAUSTION -> FAKE_BREAKOUT -> REVERSAL -> FAKE_BREAKOUT -> REVERSAL -> EXIT,26,REVERSAL,-5.0655
long_2026-06-09T120000_GUAUSDT,long,2026-06-09 12:00:00,GUAUSDT,EARLY_BREAKOUT -> ACCELERATION -> WEAK_TREND -> ACCELERATION -> EXHAUSTION -> FAKE_BREAKOUT -> ACCELERATION -> HEALTHY_TREND -> ACCELERATION -> PULLBACK -> ACCELERATION -> EXHAUSTION -> HEALTHY_TREND -> ACCELERATION -> HEALTHY_TREND -> PULLBACK -> HEALTHY_TREND -> PULLBACK -> ACCELERATION -> HEALTHY_TREND -> PULLBACK -> EXHAUSTION -> PULLBACK -> ACCELERATION -> HEALTHY_TREND -> PULLBACK -> EXHAUSTION -> PULLBACK -> EXHAUSTION -> FAKE_BREAKOUT -> REVERSAL -> FAKE_BREAKOUT -> EXIT,32,FAKE_BREAKOUT,2.1496
long_2026-06-09T120000_BSBUSDT,long,2026-06-09 12:00:00,BSBUSDT,EARLY_BREAKOUT -> WEAK_TREND -> ACCELERATION -> WEAK_TREND -> ACCELERATION -> HEALTHY_TREND -> PULLBACK -> ACCELERATION -> PULLBACK -> FAKE_BREAKOUT -> PULLBACK -> FAKE_BREAKOUT -> ACCELERATION -> PULLBACK -> ACCELERATION -> PULLBACK -> ACCELERATION -> WEAK_TREND -> PULLBACK -> EXHAUSTION -> PULLBACK -> ACCELERATION -> HEALTHY_TREND -> PULLBACK -> EXHAUSTION -> FAKE_BREAKOUT -> EXIT,26,FAKE_BREAKOUT,2.6192
short_2026-06-09T120000_BEATUSDT,short,2026-06-09 12:00:00,BEATUSDT,EARLY_BREAKOUT -> ACCELERATION -> PULLBACK -> ACCELERATION -> PULLBACK -> FAKE_BREAKOUT -> PULLBACK -> ACCELERATION -> HEALTHY_TREND -> PULLBACK -> ACCELERATION -> WEAK_TREND -> ACCELERATION -> HEALTHY_TREND -> EXHAUSTION -> FAKE_BREAKOUT -> REVERSAL -> FAKE_BREAKOUT -> REVERSAL -> FAKE_BREAKOUT -> REVERSAL -> FAKE_BREAKOUT -> REVERSAL -> EXIT,23,REVERSAL,-10.1267
short_2026-06-09T120000_BTWUSDT,short,2026-06-09 12:00:00,BTWUSDT,EARLY_BREAKOUT -> ACCELERATION -> EARLY_BREAKOUT -> PULLBACK -> FAKE_BREAKOUT -> PULLBACK -> EXHAUSTION -> ACCELERATION -> PULLBACK -> ACCELERATION -> HEALTHY_TREND -> ACCELERATION -> WEAK_TREND -> PULLBACK -> EXHAUSTION -> FAKE_BREAKOUT -> PULLBACK -> ACCELERATION -> FAKE_BREAKOUT -> REVERSAL -> EXIT,20,REVERSAL,-16.1624
short_2026-06-09T120000_AIOUSDT,short,2026-06-09 12:00:00,AIOUSDT,EARLY_BREAKOUT -> ACCELERATION -> WEAK_TREND -> ACCELERATION -> HEALTHY_TREND -> WEAK_TREND -> PULLBACK -> EXHAUSTION -> FAKE_BREAKOUT -> PULLBACK -> ACCELERATION -> PULLBACK -> ACCELERATION -> PULLBACK -> ACCELERATION -> HEALTHY_TREND -> WEAK_TREND -> PULLBACK -> HEALTHY_TREND -> PULLBACK -> ACCELERATION -> PULLBACK -> ACCELERATION -> PULLBACK -> ACCELERATION -> WEAK_TREND -> PULLBACK -> EXHAUSTION -> FAKE_BREAKOUT -> PULLBACK -> ACCELERATION -> HEALTHY_TREND -> WEAK_TREND -> PULLBACK -> ACCELERATION -> EXIT,35,ACCELERATION,8.4283
short_2026-06-09T120000_HEIUSDT,short,2026-06-09 12:00:00,HEIUSDT,EARLY_BREAKOUT -> ACCELERATION -> WEAK_TREND -> PULLBACK -> EXHAUSTION -> PULLBACK -> EXHAUSTION -> ACCELERATION -> EXHAUSTION -> FAKE_BREAKOUT -> REVERSAL -> EXIT,11,REVERSAL,-0.9241
short_2026-06-09T120000_SLXUSDT,short,2026-06-09 12:00:00,SLXUSDT,EARLY_BREAKOUT -> REVERSAL -> WEAK_TREND -> ACCELERATION -> WEAK_TREND -> ACCELERATION -> REVERSAL -> EXIT,7,REVERSAL,-21.7143
long_2026-06-09T140000_SLXUSDT,long,2026-06-09 14:00:00,SLXUSDT,EARLY_BREAKOUT -> ACCELERATION -> HEALTHY_TREND -> PULLBACK -> ACCELERATION -> HEALTHY_TREND -> ACCELERATION -> PULLBACK -> ACCELERATION -> PULLBACK -> EXHAUSTION -> FAKE_BREAKOUT -> PULLBACK -> EXHAUSTION -> FAKE_BREAKOUT -> PULLBACK -> EXHAUSTION -> ACCELERATION -> PULLBACK -> FAKE_BREAKOUT -> ACCELERATION -> EXHAUSTION -> ACCELERATION -> PULLBACK -> ACCELERATION -> EXHAUSTION -> PULLBACK -> EXHAUSTION -> EXIT,28,EXHAUSTION,16.8699
long_2026-06-09T140000_GWEIUSDT,long,2026-06-09 14:00:00,GWEIUSDT,EARLY_BREAKOUT -> WEAK_TREND -> ACCELERATION -> EXHAUSTION -> PULLBACK -> EXHAUSTION -> PULLBACK -> ACCELERATION -> FAKE_BREAKOUT -> PULLBACK -> ACCELERATION -> PULLBACK -> EXHAUSTION -> PULLBACK -> EXHAUSTION -> FAKE_BREAKOUT -> ACCELERATION -> FAKE_BREAKOUT -> ACCELERATION -> PULLBACK -> EXHAUSTION -> FAKE_BREAKOUT -> PULLBACK -> EXHAUSTION -> PULLBACK -> FAKE_BREAKOUT -> ACCELERATION -> FAKE_BREAKOUT -> REVERSAL -> FAKE_BREAKOUT -> REVERSAL -> EXIT,31,REVERSAL,-1.0726
long_2026-06-09T140000_AIOTUSDT,long,2026-06-09 14:00:00,AIOTUSDT,EARLY_BREAKOUT -> ACCELERATION -> EARLY_BREAKOUT -> PULLBACK -> ACCELERATION -> WEAK_TREND -> HEALTHY_TREND -> WEAK_TREND -> FAKE_BREAKOUT -> ACCELERATION -> EXHAUSTION -> ACCELERATION -> PULLBACK -> ACCELERATION -> HEALTHY_TREND -> ACCELERATION -> WEAK_TREND -> PULLBACK -> EXHAUSTION -> PULLBACK -> EXHAUSTION -> PULLBACK -> ACCELERATION -> EXHAUSTION -> ACCELERATION -> EXHAUSTION -> ACCELERATION -> EXIT,27,ACCELERATION,5.3924
long_2026-06-09T140000_SIRENUSDT,long,2026-06-09 14:00:00,SIRENUSDT,EARLY_BREAKOUT -> ACCELERATION -> FAKE_BREAKOUT -> PULLBACK -> FAKE_BREAKOUT -> ACCELERATION -> FAKE_BREAKOUT -> REVERSAL -> EXIT,8,REVERSAL,-23.6353
long_2026-06-09T140000_ZESTUSDT,long,2026-06-09 14:00:00,ZESTUSDT,EARLY_BREAKOUT -> ACCELERATION -> EXHAUSTION -> FAKE_BREAKOUT -> REVERSAL -> EXIT,5,REVERSAL,-16.6188
short_2026-06-09T140000_ALLOUSDT,short,2026-06-09 14:00:00,ALLOUSDT,EARLY_BREAKOUT -> REVERSAL -> ACCELERATION -> WEAK_TREND -> PULLBACK -> ACCELERATION -> PULLBACK -> EXHAUSTION -> ACCELERATION -> EXHAUSTION -> FAKE_BREAKOUT -> PULLBACK -> EXHAUSTION -> FAKE_BREAKOUT -> REVERSAL -> FAKE_BREAKOUT -> ACCELERATION -> FAKE_BREAKOUT -> ACCELERATION -> PULLBACK -> EXHAUSTION -> ACCELERATION -> EXHAUSTION -> FAKE_BREAKOUT -> ACCELERATION -> EXHAUSTION -> ACCELERATION -> FAKE_BREAKOUT -> ACCELERATION -> PULLBACK -> FAKE_BREAKOUT -> ACCELERATION -> PULLBACK -> ACCELERATION -> PULLBACK -> EXIT,35,PULLBACK,5.6844
short_2026-06-09T140000_ESPORTSUSDT,short,2026-06-09 14:00:00,ESPORTSUSDT,EARLY_BREAKOUT -> ACCELERATION -> EARLY_BREAKOUT -> PULLBACK -> FAKE_BREAKOUT -> REVERSAL -> FAKE_BREAKOUT -> REVERSAL -> FAKE_BREAKOUT -> REVERSAL -> FAKE_BREAKOUT -> REVERSAL -> FAKE_BREAKOUT -> ACCELERATION -> FAKE_BREAKOUT -> ACCELERATION -> PULLBACK -> ACCELERATION -> WEAK_TREND -> ACCELERATION -> WEAK_TREND -> HEALTHY_TREND -> ACCELERATION -> HEALTHY_TREND -> PULLBACK -> EXHAUSTION -> FAKE_BREAKOUT -> EXIT,27,FAKE_BREAKOUT,3.5674
short_2026-06-09T140000_BSBUSDT,short,2026-06-09 14:00:00,BSBUSDT,EARLY_BREAKOUT -> ACCELERATION -> HEALTHY_TREND -> WEAK_TREND -> EXHAUSTION -> HEALTHY_TREND -> FAKE_BREAKOUT -> REVERSAL -> ACCELERATION -> HEALTHY_TREND -> PULLBACK -> ACCELERATION -> HEALTHY_TREND -> WEAK_TREND -> ACCELERATION -> PULLBACK -> FAKE_BREAKOUT -> PULLBACK -> FAKE_BREAKOUT -> REVERSAL -> FAKE_BREAKOUT -> REVERSAL -> FAKE_BREAKOUT -> ACCELERATION -> WEAK_TREND -> FAKE_BREAKOUT -> EXIT,26,FAKE_BREAKOUT,2.4942
short_2026-06-09T140000_STARUSDT,short,2026-06-09 14:00:00,STARUSDT,EARLY_BREAKOUT -> ACCELERATION -> EARLY_BREAKOUT -> PULLBACK -> ACCELERATION -> WEAK_TREND -> FAKE_BREAKOUT -> REVERSAL -> FAKE_BREAKOUT -> ACCELERATION -> PULLBACK -> FAKE_BREAKOUT -> ACCELERATION -> HEALTHY_TREND -> ACCELERATION -> FAKE_BREAKOUT -> PULLBACK -> HEALTHY_TREND -> WEAK_TREND -> PULLBACK -> EXHAUSTION -> FAKE_BREAKOUT -> REVERSAL -> FAKE_BREAKOUT -> ACCELERATION -> HEALTHY_TREND -> WEAK_TREND -> ACCELERATION -> WEAK_TREND -> EXHAUSTION -> PULLBACK -> EXHAUSTION -> PULLBACK -> EXHAUSTION -> FAKE_BREAKOUT -> PULLBACK -> EXIT,36,PULLBACK,3.3377
short_2026-06-09T140000_SKYAIUSDT,short,2026-06-09 14:00:00,SKYAIUSDT,EARLY_BREAKOUT -> ACCELERATION -> HEALTHY_TREND -> EARLY_BREAKOUT -> PULLBACK -> ACCELERATION -> EXHAUSTION -> ACCELERATION -> HEALTHY_TREND -> EXHAUSTION -> ACCELERATION -> HEALTHY_TREND -> ACCELERATION -> PULLBACK -> ACCELERATION -> PULLBACK -> EXHAUSTION -> FAKE_BREAKOUT -> PULLBACK -> FAKE_BREAKOUT -> ACCELERATION -> EXHAUSTION -> ACCELERATION -> PULLBACK -> ACCELERATION -> WEAK_TREND -> ACCELERATION -> WEAK_TREND -> ACCELERATION -> EXIT,29,ACCELERATION,13.5453
long_2026-06-09T160000_SLXUSDT,long,2026-06-09 16:00:00,SLXUSDT,EARLY_BREAKOUT -> ACCELERATION -> EARLY_BREAKOUT -> ACCELERATION -> WEAK_TREND -> EXHAUSTION -> PULLBACK -> ACCELERATION -> PULLBACK -> FAKE_BREAKOUT -> PULLBACK -> FAKE_BREAKOUT -> REVERSAL -> FAKE_BREAKOUT -> REVERSAL -> FAKE_BREAKOUT -> REVERSAL -> FAKE_BREAKOUT -> PULLBACK -> FAKE_BREAKOUT -> REVERSAL -> FAKE_BREAKOUT -> REVERSAL -> FAKE_BREAKOUT -> EXIT,24,FAKE_BREAKOUT,0.1104
long_2026-06-09T160000_HEIUSDT,long,2026-06-09 16:00:00,HEIUSDT,EARLY_BREAKOUT -> ACCELERATION -> EARLY_BREAKOUT -> ACCELERATION -> EXHAUSTION -> ACCELERATION -> PULLBACK -> ACCELERATION -> HEALTHY_TREND -> PULLBACK -> FAKE_BREAKOUT -> PULLBACK -> FAKE_BREAKOUT -> REVERSAL -> FAKE_BREAKOUT -> REVERSAL -> FAKE_BREAKOUT -> EXIT,17,FAKE_BREAKOUT,2.1173
long_2026-06-09T160000_ESPORTSUSDT,long,2026-06-09 16:00:00,ESPORTSUSDT,EARLY_BREAKOUT -> ACCELERATION -> PULLBACK -> ACCELERATION -> PULLBACK -> ACCELERATION -> PULLBACK -> ACCELERATION -> PULLBACK -> EXHAUSTION -> PULLBACK -> EXHAUSTION -> FAKE_BREAKOUT -> REVERSAL -> FAKE_BREAKOUT -> PULLBACK -> FAKE_BREAKOUT -> REVERSAL -> FAKE_BREAKOUT -> ACCELERATION -> PULLBACK -> ACCELERATION -> EXIT,22,ACCELERATION,13.2987
long_2026-06-09T160000_OPGUSDT,long,2026-06-09 16:00:00,OPGUSDT,EARLY_BREAKOUT -> WEAK_TREND -> ACCELERATION -> HEALTHY_TREND -> WEAK_TREND -> ACCELERATION -> EXHAUSTION -> PULLBACK -> FAKE_BREAKOUT -> PULLBACK -> FAKE_BREAKOUT -> REVERSAL -> FAKE_BREAKOUT -> REVERSAL -> FAKE_BREAKOUT -> ACCELERATION -> PULLBACK -> FAKE_BREAKOUT -> REVERSAL -> FAKE_BREAKOUT -> REVERSAL -> FAKE_BREAKOUT -> EXIT,22,FAKE_BREAKOUT,1.3907
long_2026-06-09T160000_STARUSDT,long,2026-06-09 16:00:00,STARUSDT,EARLY_BREAKOUT -> ACCELERATION -> EARLY_BREAKOUT -> FAKE_BREAKOUT -> REVERSAL -> FAKE_BREAKOUT -> REVERSAL -> FAKE_BREAKOUT -> PULLBACK -> FAKE_BREAKOUT -> REVERSAL -> FAKE_BREAKOUT -> REVERSAL -> EXIT,13,REVERSAL,-2.427
short_2026-06-09T160000_VELVETUSDT,short,2026-06-09 16:00:00,VELVETUSDT,EARLY_BREAKOUT -> REVERSAL -> ACCELERATION -> EARLY_BREAKOUT -> REVERSAL -> EXIT,5,REVERSAL,-32.8746
short_2026-06-09T160000_ZESTUSDT,short,2026-06-09 16:00:00,ZESTUSDT,EARLY_BREAKOUT -> ACCELERATION -> HEALTHY_TREND -> FAKE_BREAKOUT -> REVERSAL -> FAKE_BREAKOUT -> ACCELERATION -> HEALTHY_TREND -> PULLBACK -> ACCELERATION -> HEALTHY_TREND -> WEAK_TREND -> ACCELERATION -> WEAK_TREND -> ACCELERATION -> WEAK_TREND -> PULLBACK -> HEALTHY_TREND -> ACCELERATION -> HEALTHY_TREND -> WEAK_TREND -> ACCELERATION -> PULLBACK -> HEALTHY_TREND -> ACCELERATION -> WEAK_TREND -> PULLBACK -> HEALTHY_TREND -> ACCELERATION -> HEALTHY_TREND -> WEAK_TREND -> ACCELERATION -> PULLBACK -> EXHAUSTION -> PULLBACK -> HEALTHY_TREND -> PULLBACK -> EXHAUSTION -> PULLBACK -> EXHAUSTION -> EXIT,40,EXHAUSTION,5.6073
short_2026-06-09T160000_AIOTUSDT,short,2026-06-09 16:00:00,AIOTUSDT,EARLY_BREAKOUT -> ACCELERATION -> HEALTHY_TREND -> ACCELERATION -> EXHAUSTION -> REVERSAL -> FAKE_BREAKOUT -> REVERSAL -> FAKE_BREAKOUT -> EXIT,9,FAKE_BREAKOUT,0.8088
short_2026-06-09T160000_GWEIUSDT,short,2026-06-09 16:00:00,GWEIUSDT,EARLY_BREAKOUT -> ACCELERATION -> EARLY_BREAKOUT -> FAKE_BREAKOUT -> REVERSAL -> FAKE_BREAKOUT -> REVERSAL -> FAKE_BREAKOUT -> ACCELERATION -> FAKE_BREAKOUT -> ACCELERATION -> PULLBACK -> FAKE_BREAKOUT -> ACCELERATION -> HEALTHY_TREND -> PULLBACK -> ACCELERATION -> WEAK_TREND -> ACCELERATION -> HEALTHY_TREND -> PULLBACK -> EXIT,21,PULLBACK,4.4403
short_2026-06-09T160000_POWERUSDT,short,2026-06-09 16:00:00,POWERUSDT,EARLY_BREAKOUT -> ACCELERATION -> EXHAUSTION -> PULLBACK -> REVERSAL -> FAKE_BREAKOUT -> PULLBACK -> ACCELERATION -> PULLBACK -> EXHAUSTION -> FAKE_BREAKOUT -> REVERSAL -> FAKE_BREAKOUT -> REVERSAL -> ACCELERATION -> WEAK_TREND -> ACCELERATION -> PULLBACK -> ACCELERATION -> PULLBACK -> FAKE_BREAKOUT -> EXIT,21,FAKE_BREAKOUT,3.1301
long_2026-06-09T180000_VELVETUSDT,long,2026-06-09 18:00:00,VELVETUSDT,EARLY_BREAKOUT -> PULLBACK -> ACCELERATION -> HEALTHY_TREND -> ACCELERATION -> EXHAUSTION -> ACCELERATION -> HEALTHY_TREND -> ACCELERATION -> PULLBACK -> ACCELERATION -> PULLBACK -> ACCELERATION -> HEALTHY_TREND -> ACCELERATION -> HEALTHY_TREND -> PULLBACK -> ACCELERATION -> PULLBACK -> EXHAUSTION -> PULLBACK -> EXHAUSTION -> FAKE_BREAKOUT -> REVERSAL -> ACCELERATION -> FAKE_BREAKOUT -> ACCELERATION -> FAKE_BREAKOUT -> ACCELERATION -> FAKE_BREAKOUT -> EXIT,30,FAKE_BREAKOUT,12.0516
long_2026-06-09T180000_CUSDT,long,2026-06-09 18:00:00,CUSDT,EARLY_BREAKOUT -> FAKE_BREAKOUT -> ACCELERATION -> PULLBACK -> EXHAUSTION -> FAKE_BREAKOUT -> REVERSAL -> FAKE_BREAKOUT -> REVERSAL -> EXIT,9,REVERSAL,-15.0005
long_2026-06-09T180000_ALLOUSDT,long,2026-06-09 18:00:00,ALLOUSDT,EARLY_BREAKOUT -> ACCELERATION -> EARLY_BREAKOUT -> HEALTHY_TREND -> REVERSAL -> EXIT,5,REVERSAL,-11.8156
long_2026-06-09T180000_AIOTUSDT,long,2026-06-09 18:00:00,AIOTUSDT,EARLY_BREAKOUT -> ACCELERATION -> EARLY_BREAKOUT -> ACCELERATION -> HEALTHY_TREND -> ACCELERATION -> WEAK_TREND -> PULLBACK -> EXHAUSTION -> PULLBACK -> EXHAUSTION -> PULLBACK -> EXHAUSTION -> FAKE_BREAKOUT -> PULLBACK -> FAKE_BREAKOUT -> REVERSAL -> EXIT,17,REVERSAL,-0.8757
long_2026-06-09T180000_NMRUSDT,long,2026-06-09 18:00:00,NMRUSDT,EARLY_BREAKOUT -> ACCELERATION -> WEAK_TREND -> ACCELERATION -> WEAK_TREND -> EXHAUSTION -> PULLBACK -> FAKE_BREAKOUT -> PULLBACK -> FAKE_BREAKOUT -> REVERSAL -> EXIT,11,REVERSAL,-1.1036
short_2026-06-09T180000_SLXUSDT,short,2026-06-09 18:00:00,SLXUSDT,EARLY_BREAKOUT -> REVERSAL -> ACCELERATION -> EXHAUSTION -> ACCELERATION -> HEALTHY_TREND -> WEAK_TREND -> PULLBACK -> ACCELERATION -> HEALTHY_TREND -> WEAK_TREND -> PULLBACK -> HEALTHY_TREND -> PULLBACK -> ACCELERATION -> PULLBACK -> ACCELERATION -> EXHAUSTION -> FAKE_BREAKOUT -> PULLBACK -> EXHAUSTION -> ACCELERATION -> PULLBACK -> EXHAUSTION -> PULLBACK -> ACCELERATION -> PULLBACK -> ACCELERATION -> PULLBACK -> ACCELERATION -> HEALTHY_TREND -> PULLBACK -> EXIT,32,PULLBACK,13.4543
short_2026-06-09T180000_OPGUSDT,short,2026-06-09 18:00:00,OPGUSDT,EARLY_BREAKOUT -> WEAK_TREND -> ACCELERATION -> WEAK_TREND -> ACCELERATION -> HEALTHY_TREND -> WEAK_TREND -> ACCELERATION -> WEAK_TREND -> PULLBACK -> EXHAUSTION -> PULLBACK -> ACCELERATION -> HEALTHY_TREND -> ACCELERATION -> HEALTHY_TREND -> ACCELERATION -> PULLBACK -> ACCELERATION -> WEAK_TREND -> PULLBACK -> EXHAUSTION -> PULLBACK -> ACCELERATION -> PULLBACK -> ACCELERATION -> EXIT,26,ACCELERATION,5.7161
short_2026-06-09T180000_ZESTUSDT,short,2026-06-09 18:00:00,ZESTUSDT,EARLY_BREAKOUT -> ACCELERATION -> WEAK_TREND -> ACCELERATION -> HEALTHY_TREND -> WEAK_TREND -> ACCELERATION -> WEAK_TREND -> ACCELERATION -> WEAK_TREND -> PULLBACK -> HEALTHY_TREND -> ACCELERATION -> HEALTHY_TREND -> WEAK_TREND -> ACCELERATION -> PULLBACK -> HEALTHY_TREND -> ACCELERATION -> WEAK_TREND -> PULLBACK -> HEALTHY_TREND -> ACCELERATION -> HEALTHY_TREND -> WEAK_TREND -> ACCELERATION -> PULLBACK -> EXHAUSTION -> PULLBACK -> HEALTHY_TREND -> PULLBACK -> EXHAUSTION -> PULLBACK -> EXHAUSTION -> PULLBACK -> ACCELERATION -> PULLBACK -> ACCELERATION -> PULLBACK -> EXIT,39,PULLBACK,5.7771
short_2026-06-09T180000_FOLKSUSDT,short,2026-06-09 18:00:00,FOLKSUSDT,EARLY_BREAKOUT -> ACCELERATION -> EARLY_BREAKOUT -> WEAK_TREND -> FAKE_BREAKOUT -> REVERSAL -> FAKE_BREAKOUT -> REVERSAL -> FAKE_BREAKOUT -> REVERSAL -> EXIT,10,REVERSAL,-1.227
short_2026-06-09T180000_STGUSDT,short,2026-06-09 18:00:00,STGUSDT,EARLY_BREAKOUT -> WEAK_TREND -> ACCELERATION -> WEAK_TREND -> PULLBACK -> EXHAUSTION -> HEALTHY_TREND -> REVERSAL -> FAKE_BREAKOUT -> REVERSAL -> FAKE_BREAKOUT -> REVERSAL -> EXIT,12,REVERSAL,-21.6872
long_2026-06-09T200000_BTWUSDT,long,2026-06-09 20:00:00,BTWUSDT,EARLY_BREAKOUT -> ACCELERATION -> WEAK_TREND -> PULLBACK -> EXHAUSTION -> PULLBACK -> ACCELERATION -> WEAK_TREND -> ACCELERATION -> PULLBACK -> ACCELERATION -> PULLBACK -> ACCELERATION -> HEALTHY_TREND -> PULLBACK -> ACCELERATION -> HEALTHY_TREND -> PULLBACK -> ACCELERATION -> HEALTHY_TREND -> ACCELERATION -> HEALTHY_TREND -> PULLBACK -> ACCELERATION -> PULLBACK -> ACCELERATION -> HEALTHY_TREND -> ACCELERATION -> HEALTHY_TREND -> WEAK_TREND -> ACCELERATION -> PULLBACK -> ACCELERATION -> PULLBACK -> ACCELERATION -> HEALTHY_TREND -> WEAK_TREND -> ACCELERATION -> PULLBACK -> ACCELERATION -> HEALTHY_TREND -> EXIT,41,HEALTHY_TREND,48.3531
long_2026-06-09T200000_PLAYUSDT,long,2026-06-09 20:00:00,PLAYUSDT,EARLY_BREAKOUT -> EXHAUSTION -> ACCELERATION -> FAKE_BREAKOUT -> ACCELERATION -> HEALTHY_TREND -> ACCELERATION -> PULLBACK -> FAKE_BREAKOUT -> ACCELERATION -> WEAK_TREND -> ACCELERATION -> PULLBACK -> EXHAUSTION -> ACCELERATION -> HEALTHY_TREND -> PULLBACK -> ACCELERATION -> WEAK_TREND -> ACCELERATION -> HEALTHY_TREND -> ACCELERATION -> HEALTHY_TREND -> WEAK_TREND -> PULLBACK -> HEALTHY_TREND -> PULLBACK -> ACCELERATION -> PULLBACK -> ACCELERATION -> PULLBACK -> EXIT,31,PULLBACK,8.3737
long_2026-06-09T200000_BSBUSDT,long,2026-06-09 20:00:00,BSBUSDT,EARLY_BREAKOUT -> FAKE_BREAKOUT -> ACCELERATION -> WEAK_TREND -> EXHAUSTION -> FAKE_BREAKOUT -> REVERSAL -> FAKE_BREAKOUT -> ACCELERATION -> HEALTHY_TREND -> EXHAUSTION -> FAKE_BREAKOUT -> REVERSAL -> FAKE_BREAKOUT -> REVERSAL -> EXIT,15,REVERSAL,-12.0557
long_2026-06-09T200000_POWERUSDT,long,2026-06-09 20:00:00,POWERUSDT,EARLY_BREAKOUT -> ACCELERATION -> HEALTHY_TREND -> ACCELERATION -> FAKE_BREAKOUT -> ACCELERATION -> HEALTHY_TREND -> FAKE_BREAKOUT -> REVERSAL -> FAKE_BREAKOUT -> REVERSAL -> FAKE_BREAKOUT -> ACCELERATION -> HEALTHY_TREND -> FAKE_BREAKOUT -> REVERSAL -> EXIT,16,REVERSAL,-8.5328
long_2026-06-09T200000_VELVETUSDT,long,2026-06-09 20:00:00,VELVETUSDT,EARLY_BREAKOUT -> ACCELERATION -> PULLBACK -> ACCELERATION -> FAKE_BREAKOUT -> ACCELERATION -> HEALTHY_TREND -> ACCELERATION -> HEALTHY_TREND -> PULLBACK -> ACCELERATION -> PULLBACK -> EXHAUSTION -> PULLBACK -> FAKE_BREAKOUT -> REVERSAL -> FAKE_BREAKOUT -> REVERSAL -> FAKE_BREAKOUT -> REVERSAL -> FAKE_BREAKOUT -> REVERSAL -> FAKE_BREAKOUT -> EXIT,23,FAKE_BREAKOUT,3.6494
short_2026-06-09T200000_HUSDT,short,2026-06-09 20:00:00,HUSDT,EARLY_BREAKOUT -> ACCELERATION -> FAKE_BREAKOUT -> ACCELERATION -> PULLBACK -> ACCELERATION -> WEAK_TREND -> ACCELERATION -> PULLBACK -> ACCELERATION -> HEALTHY_TREND -> ACCELERATION -> PULLBACK -> ACCELERATION -> WEAK_TREND -> PULLBACK -> ACCELERATION -> HEALTHY_TREND -> WEAK_TREND -> ACCELERATION -> HEALTHY_TREND -> ACCELERATION -> PULLBACK -> ACCELERATION -> PULLBACK -> ACCELERATION -> HEALTHY_TREND -> WEAK_TREND -> ACCELERATION -> HEALTHY_TREND -> PULLBACK -> ACCELERATION -> PULLBACK -> EXIT,33,PULLBACK,43.5276
short_2026-06-09T200000_BEATUSDT,short,2026-06-09 20:00:00,BEATUSDT,EARLY_BREAKOUT -> ACCELERATION -> EXHAUSTION -> ACCELERATION -> HEALTHY_TREND -> ACCELERATION -> HEALTHY_TREND -> ACCELERATION -> WEAK_TREND -> PULLBACK -> ACCELERATION -> FAKE_BREAKOUT -> PULLBACK -> FAKE_BREAKOUT -> REVERSAL -> FAKE_BREAKOUT -> REVERSAL -> FAKE_BREAKOUT -> EXIT,18,FAKE_BREAKOUT,0.5421
short_2026-06-09T200000_EPICUSDT,short,2026-06-09 20:00:00,EPICUSDT,EARLY_BREAKOUT -> ACCELERATION -> HEALTHY_TREND -> ACCELERATION -> WEAK_TREND -> ACCELERATION -> HEALTHY_TREND -> ACCELERATION -> HEALTHY_TREND -> ACCELERATION -> WEAK_TREND -> PULLBACK -> HEALTHY_TREND -> PULLBACK -> ACCELERATION -> EXHAUSTION -> PULLBACK -> EXHAUSTION -> FAKE_BREAKOUT -> REVERSAL -> EXIT,20,REVERSAL,-3.8024
short_2026-06-09T200000_ESPORTSUSDT,short,2026-06-09 20:00:00,ESPORTSUSDT,EARLY_BREAKOUT -> ACCELERATION -> EARLY_BREAKOUT -> PULLBACK -> ACCELERATION -> FAKE_BREAKOUT -> REVERSAL -> FAKE_BREAKOUT -> PULLBACK -> ACCELERATION -> EXHAUSTION -> ACCELERATION -> PULLBACK -> ACCELERATION -> WEAK_TREND -> ACCELERATION -> WEAK_TREND -> HEALTHY_TREND -> ACCELERATION -> HEALTHY_TREND -> PULLBACK -> EXHAUSTION -> FAKE_BREAKOUT -> REVERSAL -> ACCELERATION -> HEALTHY_TREND -> PULLBACK -> EXHAUSTION -> PULLBACK -> ACCELERATION -> PULLBACK -> EXHAUSTION -> PULLBACK -> EXHAUSTION -> ACCELERATION -> EXIT,35,ACCELERATION,18.1253
short_2026-06-09T200000_LIGHTUSDT,short,2026-06-09 20:00:00,LIGHTUSDT,EARLY_BREAKOUT -> WEAK_TREND -> ACCELERATION -> WEAK_TREND -> ACCELERATION -> WEAK_TREND -> HEALTHY_TREND -> WEAK_TREND -> ACCELERATION -> WEAK_TREND -> PULLBACK -> ACCELERATION -> WEAK_TREND -> ACCELERATION -> WEAK_TREND -> PULLBACK -> ACCELERATION -> PULLBACK -> ACCELERATION -> PULLBACK -> ACCELERATION -> PULLBACK -> EXIT,22,PULLBACK,10.017
long_2026-06-09T220000_BSBUSDT,long,2026-06-09 22:00:00,BSBUSDT,EARLY_BREAKOUT -> ACCELERATION -> EARLY_BREAKOUT -> EXHAUSTION -> FAKE_BREAKOUT -> REVERSAL -> FAKE_BREAKOUT -> REVERSAL -> EXIT,8,REVERSAL,-15.2438
long_2026-06-09T220000_BTWUSDT,long,2026-06-09 22:00:00,BTWUSDT,EARLY_BREAKOUT -> WEAK_TREND -> ACCELERATION -> EXHAUSTION -> ACCELERATION -> EXHAUSTION -> ACCELERATION -> HEALTHY_TREND -> PULLBACK -> ACCELERATION -> HEALTHY_TREND -> PULLBACK -> ACCELERATION -> HEALTHY_TREND -> ACCELERATION -> HEALTHY_TREND -> PULLBACK -> ACCELERATION -> PULLBACK -> ACCELERATION -> HEALTHY_TREND -> ACCELERATION -> HEALTHY_TREND -> WEAK_TREND -> ACCELERATION -> PULLBACK -> ACCELERATION -> PULLBACK -> ACCELERATION -> HEALTHY_TREND -> WEAK_TREND -> ACCELERATION -> PULLBACK -> ACCELERATION -> HEALTHY_TREND -> ACCELERATION -> HEALTHY_TREND -> WEAK_TREND -> ACCELERATION -> HEALTHY_TREND -> ACCELERATION -> EXIT,41,ACCELERATION,84.6129
long_2026-06-09T220000_EVAAUSDT,long,2026-06-09 22:00:00,EVAAUSDT,EARLY_BREAKOUT -> WEAK_TREND -> ACCELERATION -> EARLY_BREAKOUT -> HEALTHY_TREND -> ACCELERATION -> EXHAUSTION -> FAKE_BREAKOUT -> REVERSAL -> FAKE_BREAKOUT -> ACCELERATION -> HEALTHY_TREND -> WEAK_TREND -> ACCELERATION -> PULLBACK -> ACCELERATION -> HEALTHY_TREND -> PULLBACK -> ACCELERATION -> HEALTHY_TREND -> ACCELERATION -> WEAK_TREND -> ACCELERATION -> WEAK_TREND -> HEALTHY_TREND -> ACCELERATION -> HEALTHY_TREND -> PULLBACK -> EXIT,28,PULLBACK,15.3588
long_2026-06-09T220000_STGUSDT,long,2026-06-09 22:00:00,STGUSDT,EARLY_BREAKOUT -> ACCELERATION -> HEALTHY_TREND -> EXHAUSTION -> ACCELERATION -> HEALTHY_TREND -> PULLBACK -> ACCELERATION -> EXHAUSTION -> FAKE_BREAKOUT -> ACCELERATION -> PULLBACK -> ACCELERATION -> PULLBACK -> ACCELERATION -> PULLBACK -> ACCELERATION -> HEALTHY_TREND -> ACCELERATION -> HEALTHY_TREND -> ACCELERATION -> PULLBACK -> ACCELERATION -> HEALTHY_TREND -> PULLBACK -> ACCELERATION -> HEALTHY_TREND -> PULLBACK -> ACCELERATION -> PULLBACK -> ACCELERATION -> PULLBACK -> ACCELERATION -> PULLBACK -> ACCELERATION -> HEALTHY_TREND -> ACCELERATION -> PULLBACK -> ACCELERATION -> EXIT,39,ACCELERATION,34.888
long_2026-06-09T220000_BEATUSDT,long,2026-06-09 22:00:00,BEATUSDT,EARLY_BREAKOUT -> ACCELERATION -> REVERSAL -> ACCELERATION -> PULLBACK -> ACCELERATION -> WEAK_TREND -> ACCELERATION -> WEAK_TREND -> ACCELERATION -> PULLBACK -> HEALTHY_TREND -> PULLBACK -> ACCELERATION -> PULLBACK -> EXHAUSTION -> ACCELERATION -> PULLBACK -> HEALTHY_TREND -> WEAK_TREND -> PULLBACK -> ACCELERATION -> PULLBACK -> ACCELERATION -> HEALTHY_TREND -> PULLBACK -> ACCELERATION -> PULLBACK -> HEALTHY_TREND -> EXIT,29,HEALTHY_TREND,13.0066
short_2026-06-09T220000_HUSDT,short,2026-06-09 22:00:00,HUSDT,EARLY_BREAKOUT -> ACCELERATION -> EARLY_BREAKOUT -> ACCELERATION -> FAKE_BREAKOUT -> ACCELERATION -> HEALTHY_TREND -> ACCELERATION -> PULLBACK -> ACCELERATION -> PULLBACK -> ACCELERATION -> HEALTHY_TREND -> WEAK_TREND -> ACCELERATION -> HEALTHY_TREND -> ACCELERATION -> PULLBACK -> ACCELERATION -> PULLBACK -> ACCELERATION -> HEALTHY_TREND -> WEAK_TREND -> ACCELERATION -> HEALTHY_TREND -> PULLBACK -> ACCELERATION -> PULLBACK -> EXHAUSTION -> FAKE_BREAKOUT -> PULLBACK -> EXIT,31,PULLBACK,16.8881
short_2026-06-09T220000_POWERUSDT,short,2026-06-09 22:00:00,POWERUSDT,EARLY_BREAKOUT -> REVERSAL -> ACCELERATION -> EARLY_BREAKOUT -> FAKE_BREAKOUT -> ACCELERATION -> REVERSAL -> PULLBACK -> REVERSAL -> ACCELERATION -> WEAK_TREND -> PULLBACK -> ACCELERATION -> WEAK_TREND -> ACCELERATION -> WEAK_TREND -> ACCELERATION -> PULLBACK -> EXHAUSTION -> PULLBACK -> EXHAUSTION -> ACCELERATION -> EXHAUSTION -> PULLBACK -> ACCELERATION -> PULLBACK -> ACCELERATION -> PULLBACK -> ACCELERATION -> PULLBACK -> EXHAUSTION -> PULLBACK -> ACCELERATION -> EXIT,33,ACCELERATION,10.5148
short_2026-06-09T220000_MORPHOUSDT,short,2026-06-09 22:00:00,MORPHOUSDT,EARLY_BREAKOUT -> ACCELERATION -> EARLY_BREAKOUT -> WEAK_TREND -> ACCELERATION -> WEAK_TREND -> PULLBACK -> HEALTHY_TREND -> PULLBACK -> EXHAUSTION -> PULLBACK -> FAKE_BREAKOUT -> REVERSAL -> FAKE_BREAKOUT -> REVERSAL -> FAKE_BREAKOUT -> REVERSAL -> EXIT,17,REVERSAL,-0.9167
short_2026-06-09T220000_ESPORTSUSDT,short,2026-06-09 22:00:00,ESPORTSUSDT,EARLY_BREAKOUT -> ACCELERATION -> FAKE_BREAKOUT -> ACCELERATION -> PULLBACK -> ACCELERATION -> WEAK_TREND -> ACCELERATION -> WEAK_TREND -> HEALTHY_TREND -> ACCELERATION -> HEALTHY_TREND -> PULLBACK -> EXHAUSTION -> FAKE_BREAKOUT -> REVERSAL -> FAKE_BREAKOUT -> ACCELERATION -> HEALTHY_TREND -> PULLBACK -> EXHAUSTION -> PULLBACK -> ACCELERATION -> PULLBACK -> EXHAUSTION -> PULLBACK -> FAKE_BREAKOUT -> ACCELERATION -> PULLBACK -> EXHAUSTION -> ACCELERATION -> EXHAUSTION -> PULLBACK -> EXHAUSTION -> PULLBACK -> EXIT,35,PULLBACK,14.9667
short_2026-06-09T220000_OGUSDT,short,2026-06-09 22:00:00,OGUSDT,EARLY_BREAKOUT -> WEAK_TREND -> ACCELERATION -> HEALTHY_TREND -> ACCELERATION -> HEALTHY_TREND -> PULLBACK -> HEALTHY_TREND -> PULLBACK -> ACCELERATION -> PULLBACK -> EXHAUSTION -> FAKE_BREAKOUT -> PULLBACK -> FAKE_BREAKOUT -> ACCELERATION -> PULLBACK -> EXHAUSTION -> FAKE_BREAKOUT -> ACCELERATION -> PULLBACK -> FAKE_BREAKOUT -> ACCELERATION -> EXHAUSTION -> FAKE_BREAKOUT -> ACCELERATION -> FAKE_BREAKOUT -> REVERSAL -> FAKE_BREAKOUT -> ACCELERATION -> FAKE_BREAKOUT -> EXIT,31,FAKE_BREAKOUT,0.9043
long_2026-06-10T000000_POWERUSDT,long,2026-06-10 00:00:00,POWERUSDT,EARLY_BREAKOUT -> ACCELERATION -> HEALTHY_TREND -> EXHAUSTION -> REVERSAL -> FAKE_BREAKOUT -> REVERSAL -> EXIT,7,REVERSAL,-0.3718
long_2026-06-10T000000_BASEDUSDT,long,2026-06-10 00:00:00,BASEDUSDT,EARLY_BREAKOUT -> WEAK_TREND -> ACCELERATION -> FAKE_BREAKOUT -> REVERSAL -> FAKE_BREAKOUT -> REVERSAL -> FAKE_BREAKOUT -> REVERSAL -> FAKE_BREAKOUT -> REVERSAL -> EXIT,11,REVERSAL,-6.0369
long_2026-06-10T000000_ATOMUSDT,long,2026-06-10 00:00:00,ATOMUSDT,EARLY_BREAKOUT -> ACCELERATION -> EARLY_BREAKOUT -> FAKE_BREAKOUT -> REVERSAL -> FAKE_BREAKOUT -> ACCELERATION -> FAKE_BREAKOUT -> ACCELERATION -> EXHAUSTION -> ACCELERATION -> WEAK_TREND -> EXHAUSTION -> HEALTHY_TREND -> ACCELERATION -> HEALTHY_TREND -> ACCELERATION -> WEAK_TREND -> ACCELERATION -> WEAK_TREND -> PULLBACK -> EXHAUSTION -> HEALTHY_TREND -> PULLBACK -> EXHAUSTION -> PULLBACK -> EXHAUSTION -> PULLBACK -> ACCELERATION -> HEALTHY_TREND -> WEAK_TREND -> ACCELERATION -> WEAK_TREND -> HEALTHY_TREND -> WEAK_TREND -> EXHAUSTION -> FAKE_BREAKOUT -> EXIT,37,FAKE_BREAKOUT,1.2021
long_2026-06-10T000000_BTWUSDT,long,2026-06-10 00:00:00,BTWUSDT,EARLY_BREAKOUT -> ACCELERATION -> REVERSAL -> ACCELERATION -> HEALTHY_TREND -> EXHAUSTION -> ACCELERATION -> HEALTHY_TREND -> ACCELERATION -> HEALTHY_TREND -> PULLBACK -> ACCELERATION -> PULLBACK -> ACCELERATION -> HEALTHY_TREND -> ACCELERATION -> HEALTHY_TREND -> WEAK_TREND -> ACCELERATION -> PULLBACK -> ACCELERATION -> PULLBACK -> ACCELERATION -> HEALTHY_TREND -> WEAK_TREND -> ACCELERATION -> PULLBACK -> ACCELERATION -> HEALTHY_TREND -> ACCELERATION -> HEALTHY_TREND -> WEAK_TREND -> ACCELERATION -> HEALTHY_TREND -> ACCELERATION -> HEALTHY_TREND -> PULLBACK -> ACCELERATION -> WEAK_TREND -> ACCELERATION -> PULLBACK -> EXHAUSTION -> FAKE_BREAKOUT -> EXIT,43,FAKE_BREAKOUT,31.8341
long_2026-06-10T000000_INITUSDT,long,2026-06-10 00:00:00,INITUSDT,EARLY_BREAKOUT -> ACCELERATION -> EARLY_BREAKOUT -> ACCELERATION -> HEALTHY_TREND -> WEAK_TREND -> ACCELERATION -> WEAK_TREND -> EXHAUSTION -> REVERSAL -> FAKE_BREAKOUT -> REVERSAL -> EXIT,12,REVERSAL,-2.3971
short_2026-06-10T000000_CUSDT,short,2026-06-10 00:00:00,CUSDT,EARLY_BREAKOUT -> ACCELERATION -> HEALTHY_TREND -> ACCELERATION -> WEAK_TREND -> PULLBACK -> ACCELERATION -> PULLBACK -> ACCELERATION -> PULLBACK -> ACCELERATION -> HEALTHY_TREND -> ACCELERATION -> WEAK_TREND -> PULLBACK -> HEALTHY_TREND -> WEAK_TREND -> HEALTHY_TREND -> PULLBACK -> HEALTHY_TREND -> PULLBACK -> ACCELERATION -> PULLBACK -> ACCELERATION -> HEALTHY_TREND -> ACCELERATION -> WEAK_TREND -> PULLBACK -> FAKE_BREAKOUT -> EXIT,29,FAKE_BREAKOUT,4.2732
short_2026-06-10T000000_VELVETUSDT,short,2026-06-10 00:00:00,VELVETUSDT,EARLY_BREAKOUT -> ACCELERATION -> WEAK_TREND -> ACCELERATION -> WEAK_TREND -> PULLBACK -> ACCELERATION -> HEALTHY_TREND -> ACCELERATION -> HEALTHY_TREND -> ACCELERATION -> EXHAUSTION -> PULLBACK -> EXHAUSTION -> PULLBACK -> ACCELERATION -> PULLBACK -> EXHAUSTION -> PULLBACK -> EXHAUSTION -> PULLBACK -> EXHAUSTION -> ACCELERATION -> EXHAUSTION -> PULLBACK -> ACCELERATION -> PULLBACK -> ACCELERATION -> EXHAUSTION -> ACCELERATION -> EXHAUSTION -> ACCELERATION -> PULLBACK -> ACCELERATION -> PULLBACK -> EXIT,35,PULLBACK,16.8854
short_2026-06-10T000000_WLDUSDT,short,2026-06-10 00:00:00,WLDUSDT,EARLY_BREAKOUT -> ACCELERATION -> EARLY_BREAKOUT -> ACCELERATION -> WEAK_TREND -> ACCELERATION -> HEALTHY_TREND -> ACCELERATION -> PULLBACK -> FAKE_BREAKOUT -> PULLBACK -> EXHAUSTION -> FAKE_BREAKOUT -> PULLBACK -> EXHAUSTION -> FAKE_BREAKOUT -> ACCELERATION -> EXHAUSTION -> FAKE_BREAKOUT -> ACCELERATION -> PULLBACK -> EXHAUSTION -> ACCELERATION -> PULLBACK -> EXHAUSTION -> ACCELERATION -> FAKE_BREAKOUT -> PULLBACK -> EXHAUSTION -> ACCELERATION -> EXHAUSTION -> ACCELERATION -> EXHAUSTION -> EXIT,33,EXHAUSTION,3.7295
short_2026-06-10T000000_STGUSDT,short,2026-06-10 00:00:00,STGUSDT,EARLY_BREAKOUT -> WEAK_TREND -> ACCELERATION -> EARLY_BREAKOUT -> WEAK_TREND -> ACCELERATION -> HEALTHY_TREND -> PULLBACK -> EXHAUSTION -> FAKE_BREAKOUT -> REVERSAL -> EXIT,11,REVERSAL,-11.5201
short_2026-06-10T000000_BSBUSDT,short,2026-06-10 00:00:00,BSBUSDT,EARLY_BREAKOUT -> WEAK_TREND -> FAKE_BREAKOUT -> ACCELERATION -> WEAK_TREND -> PULLBACK -> FAKE_BREAKOUT -> PULLBACK -> FAKE_BREAKOUT -> REVERSAL -> ACCELERATION -> HEALTHY_TREND -> ACCELERATION -> PULLBACK -> ACCELERATION -> PULLBACK -> ACCELERATION -> PULLBACK -> ACCELERATION -> HEALTHY_TREND -> WEAK_TREND -> ACCELERATION -> WEAK_TREND -> ACCELERATION -> WEAK_TREND -> ACCELERATION -> PULLBACK -> ACCELERATION -> WEAK_TREND -> ACCELERATION -> WEAK_TREND -> ACCELERATION -> EXIT,32,ACCELERATION,21.1327
long_2026-06-10T020000_BTWUSDT,long,2026-06-10 02:00:00,BTWUSDT,EARLY_BREAKOUT -> ACCELERATION -> PULLBACK -> ACCELERATION -> PULLBACK -> ACCELERATION -> HEALTHY_TREND -> ACCELERATION -> HEALTHY_TREND -> WEAK_TREND -> ACCELERATION -> PULLBACK -> EXHAUSTION -> ACCELERATION -> PULLBACK -> ACCELERATION -> HEALTHY_TREND -> WEAK_TREND -> ACCELERATION -> PULLBACK -> ACCELERATION -> HEALTHY_TREND -> ACCELERATION -> HEALTHY_TREND -> WEAK_TREND -> ACCELERATION -> HEALTHY_TREND -> ACCELERATION -> HEALTHY_TREND -> PULLBACK -> ACCELERATION -> WEAK_TREND -> ACCELERATION -> PULLBACK -> FAKE_BREAKOUT -> PULLBACK -> EXHAUSTION -> FAKE_BREAKOUT -> EXIT,38,FAKE_BREAKOUT,29.6671
long_2026-06-10T020000_STGUSDT,long,2026-06-10 02:00:00,STGUSDT,EARLY_BREAKOUT -> ACCELERATION -> WEAK_TREND -> ACCELERATION -> WEAK_TREND -> ACCELERATION -> HEALTHY_TREND -> ACCELERATION -> HEALTHY_TREND -> ACCELERATION -> PULLBACK -> ACCELERATION -> HEALTHY_TREND -> PULLBACK -> ACCELERATION -> HEALTHY_TREND -> PULLBACK -> ACCELERATION -> PULLBACK -> ACCELERATION -> PULLBACK -> ACCELERATION -> PULLBACK -> ACCELERATION -> HEALTHY_TREND -> ACCELERATION -> PULLBACK -> ACCELERATION -> HEALTHY_TREND -> WEAK_TREND -> PULLBACK -> EXHAUSTION -> PULLBACK -> EXHAUSTION -> ACCELERATION -> PULLBACK -> ACCELERATION -> PULLBACK -> EXIT,38,PULLBACK,24.6466
long_2026-06-10T020000_PLAYUSDT,long,2026-06-10 02:00:00,PLAYUSDT,EARLY_BREAKOUT -> ACCELERATION -> HEALTHY_TREND -> ACCELERATION -> HEALTHY_TREND -> WEAK_TREND -> PULLBACK -> HEALTHY_TREND -> EXHAUSTION -> PULLBACK -> ACCELERATION -> PULLBACK -> ACCELERATION -> EXHAUSTION -> PULLBACK -> EXHAUSTION -> PULLBACK -> EXHAUSTION -> PULLBACK -> FAKE_BREAKOUT -> ACCELERATION -> PULLBACK -> REVERSAL -> FAKE_BREAKOUT -> REVERSAL -> EXIT,25,REVERSAL,-9.0126
long_2026-06-10T020000_ENAUSDT,long,2026-06-10 02:00:00,ENAUSDT,EARLY_BREAKOUT -> ACCELERATION -> WEAK_TREND -> HEALTHY_TREND -> WEAK_TREND -> ACCELERATION -> WEAK_TREND -> ACCELERATION -> WEAK_TREND -> HEALTHY_TREND -> ACCELERATION -> WEAK_TREND -> ACCELERATION -> HEALTHY_TREND -> WEAK_TREND -> PULLBACK -> EXHAUSTION -> PULLBACK -> EXHAUSTION -> PULLBACK -> ACCELERATION -> FAKE_BREAKOUT -> ACCELERATION -> EXHAUSTION -> PULLBACK -> FAKE_BREAKOUT -> PULLBACK -> FAKE_BREAKOUT -> EXIT,28,FAKE_BREAKOUT,1.7327
long_2026-06-10T020000_CRVUSDT,long,2026-06-10 02:00:00,CRVUSDT,EARLY_BREAKOUT -> ACCELERATION -> WEAK_TREND -> ACCELERATION -> HEALTHY_TREND -> EXHAUSTION -> ACCELERATION -> WEAK_TREND -> HEALTHY_TREND -> WEAK_TREND -> EXHAUSTION -> HEALTHY_TREND -> PULLBACK -> EXHAUSTION -> PULLBACK -> ACCELERATION -> WEAK_TREND -> EXHAUSTION -> FAKE_BREAKOUT -> PULLBACK -> FAKE_BREAKOUT -> ACCELERATION -> EXHAUSTION -> ACCELERATION -> HEALTHY_TREND -> WEAK_TREND -> ACCELERATION -> WEAK_TREND -> ACCELERATION -> WEAK_TREND -> ACCELERATION -> HEALTHY_TREND -> ACCELERATION -> WEAK_TREND -> HEALTHY_TREND -> WEAK_TREND -> ACCELERATION -> EXIT,37,ACCELERATION,2.6606
short_2026-06-10T020000_VELVETUSDT,short,2026-06-10 02:00:00,VELVETUSDT,EARLY_BREAKOUT -> ACCELERATION -> HEALTHY_TREND -> ACCELERATION -> FAKE_BREAKOUT -> PULLBACK -> FAKE_BREAKOUT -> PULLBACK -> ACCELERATION -> PULLBACK -> FAKE_BREAKOUT -> PULLBACK -> FAKE_BREAKOUT -> ACCELERATION -> FAKE_BREAKOUT -> ACCELERATION -> EXHAUSTION -> ACCELERATION -> PULLBACK -> EXHAUSTION -> ACCELERATION -> EXHAUSTION -> ACCELERATION -> EXHAUSTION -> PULLBACK -> FAKE_BREAKOUT -> PULLBACK -> EXIT,27,PULLBACK,8.2173
short_2026-06-10T020000_POWERUSDT,short,2026-06-10 02:00:00,POWERUSDT,EARLY_BREAKOUT -> WEAK_TREND -> ACCELERATION -> PULLBACK -> ACCELERATION -> PULLBACK -> EXHAUSTION -> FAKE_BREAKOUT -> REVERSAL -> FAKE_BREAKOUT -> ACCELERATION -> EXHAUSTION -> ACCELERATION -> PULLBACK -> ACCELERATION -> PULLBACK -> FAKE_BREAKOUT -> REVERSAL -> FAKE_BREAKOUT -> ACCELERATION -> FAKE_BREAKOUT -> REVERSAL -> FAKE_BREAKOUT -> PULLBACK -> FAKE_BREAKOUT -> EXIT,25,FAKE_BREAKOUT,1.9942
short_2026-06-10T020000_SLXUSDT,short,2026-06-10 02:00:00,SLXUSDT,EARLY_BREAKOUT -> ACCELERATION -> HEALTHY_TREND -> ACCELERATION -> HEALTHY_TREND -> WEAK_TREND -> ACCELERATION -> WEAK_TREND -> ACCELERATION -> HEALTHY_TREND -> PULLBACK -> ACCELERATION -> HEALTHY_TREND -> PULLBACK -> ACCELERATION -> WEAK_TREND -> ACCELERATION -> WEAK_TREND -> ACCELERATION -> PULLBACK -> ACCELERATION -> WEAK_TREND -> HEALTHY_TREND -> ACCELERATION -> WEAK_TREND -> ACCELERATION -> WEAK_TREND -> ACCELERATION -> HEALTHY_TREND -> WEAK_TREND -> EXIT,30,WEAK_TREND,19.1001
short_2026-06-10T020000_BEATUSDT,short,2026-06-10 02:00:00,BEATUSDT,EARLY_BREAKOUT -> WEAK_TREND -> ACCELERATION -> HEALTHY_TREND -> ACCELERATION -> HEALTHY_TREND -> ACCELERATION -> FAKE_BREAKOUT -> PULLBACK -> ACCELERATION -> EXHAUSTION -> FAKE_BREAKOUT -> ACCELERATION -> PULLBACK -> EXHAUSTION -> FAKE_BREAKOUT -> PULLBACK -> FAKE_BREAKOUT -> REVERSAL -> FAKE_BREAKOUT -> REVERSAL -> FAKE_BREAKOUT -> REVERSAL -> FAKE_BREAKOUT -> ACCELERATION -> FAKE_BREAKOUT -> ACCELERATION -> FAKE_BREAKOUT -> ACCELERATION -> EXIT,29,ACCELERATION,3.1479
short_2026-06-10T020000_PARTIUSDT,short,2026-06-10 02:00:00,PARTIUSDT,EARLY_BREAKOUT -> ACCELERATION -> HEALTHY_TREND -> ACCELERATION -> WEAK_TREND -> ACCELERATION -> WEAK_TREND -> HEALTHY_TREND -> EXHAUSTION -> PULLBACK -> ACCELERATION -> HEALTHY_TREND -> WEAK_TREND -> ACCELERATION -> WEAK_TREND -> HEALTHY_TREND -> ACCELERATION -> WEAK_TREND -> ACCELERATION -> WEAK_TREND -> HEALTHY_TREND -> WEAK_TREND -> ACCELERATION -> WEAK_TREND -> FAKE_BREAKOUT -> HEALTHY_TREND -> EXHAUSTION -> ACCELERATION -> PULLBACK -> FAKE_BREAKOUT -> ACCELERATION -> PULLBACK -> FAKE_BREAKOUT -> ACCELERATION -> HEALTHY_TREND -> PULLBACK -> FAKE_BREAKOUT -> ACCELERATION -> HEALTHY_TREND -> ACCELERATION -> EXIT,40,ACCELERATION,6.3022
long_2026-06-10T040000_OPNUSDT,long,2026-06-10 04:00:00,OPNUSDT,EARLY_BREAKOUT -> WEAK_TREND -> PULLBACK -> ACCELERATION -> PULLBACK -> ACCELERATION -> EXHAUSTION -> PULLBACK -> EXHAUSTION -> FAKE_BREAKOUT -> PULLBACK -> FAKE_BREAKOUT -> ACCELERATION -> PULLBACK -> ACCELERATION -> HEALTHY_TREND -> PULLBACK -> EXHAUSTION -> FAKE_BREAKOUT -> PULLBACK -> ACCELERATION -> PULLBACK -> ACCELERATION -> WEAK_TREND -> ACCELERATION -> EXHAUSTION -> FAKE_BREAKOUT -> ACCELERATION -> FAKE_BREAKOUT -> EXIT,29,FAKE_BREAKOUT,2.9478
long_2026-06-10T040000_BTWUSDT,long,2026-06-10 04:00:00,BTWUSDT,EARLY_BREAKOUT -> ACCELERATION -> EARLY_BREAKOUT -> ACCELERATION -> EXHAUSTION -> FAKE_BREAKOUT -> ACCELERATION -> PULLBACK -> ACCELERATION -> HEALTHY_TREND -> WEAK_TREND -> ACCELERATION -> PULLBACK -> ACCELERATION -> HEALTHY_TREND -> ACCELERATION -> HEALTHY_TREND -> WEAK_TREND -> ACCELERATION -> HEALTHY_TREND -> ACCELERATION -> HEALTHY_TREND -> PULLBACK -> ACCELERATION -> WEAK_TREND -> ACCELERATION -> PULLBACK -> FAKE_BREAKOUT -> EXIT,28,FAKE_BREAKOUT,18.2308
long_2026-06-10T040000_STGUSDT,long,2026-06-10 04:00:00,STGUSDT,EARLY_BREAKOUT -> ACCELERATION -> EARLY_BREAKOUT -> ACCELERATION -> PULLBACK -> ACCELERATION -> HEALTHY_TREND -> PULLBACK -> ACCELERATION -> HEALTHY_TREND -> PULLBACK -> ACCELERATION -> PULLBACK -> ACCELERATION -> PULLBACK -> ACCELERATION -> PULLBACK -> ACCELERATION -> HEALTHY_TREND -> ACCELERATION -> PULLBACK -> ACCELERATION -> HEALTHY_TREND -> WEAK_TREND -> PULLBACK -> EXHAUSTION -> FAKE_BREAKOUT -> ACCELERATION -> PULLBACK -> ACCELERATION -> PULLBACK -> ACCELERATION -> PULLBACK -> ACCELERATION -> PULLBACK -> ACCELERATION -> EXIT,36,ACCELERATION,33.6169
long_2026-06-10T040000_MORPHOUSDT,long,2026-06-10 04:00:00,MORPHOUSDT,EARLY_BREAKOUT -> ACCELERATION -> EXHAUSTION -> ACCELERATION -> WEAK_TREND -> ACCELERATION -> HEALTHY_TREND -> ACCELERATION -> FAKE_BREAKOUT -> ACCELERATION -> EXHAUSTION -> ACCELERATION -> EXHAUSTION -> ACCELERATION -> FAKE_BREAKOUT -> PULLBACK -> EXHAUSTION -> PULLBACK -> FAKE_BREAKOUT -> ACCELERATION -> EXHAUSTION -> ACCELERATION -> WEAK_TREND -> PULLBACK -> ACCELERATION -> EXHAUSTION -> PULLBACK -> ACCELERATION -> EXHAUSTION -> FAKE_BREAKOUT -> ACCELERATION -> EXIT,31,ACCELERATION,2.1032
long_2026-06-10T040000_RIFUSDT,long,2026-06-10 04:00:00,RIFUSDT,EARLY_BREAKOUT -> ACCELERATION -> EARLY_BREAKOUT -> ACCELERATION -> EXHAUSTION -> REVERSAL -> EXIT,6,REVERSAL,-5.7259
short_2026-06-10T040000_ESPORTSUSDT,short,2026-06-10 04:00:00,ESPORTSUSDT,EARLY_BREAKOUT -> REVERSAL -> ACCELERATION -> HEALTHY_TREND -> PULLBACK -> EXHAUSTION -> PULLBACK -> ACCELERATION -> PULLBACK -> EXHAUSTION -> PULLBACK -> EXHAUSTION -> ACCELERATION -> PULLBACK -> ACCELERATION -> EXHAUSTION -> PULLBACK -> EXHAUSTION -> PULLBACK -> EXHAUSTION -> ACCELERATION -> EXHAUSTION -> ACCELERATION -> EXHAUSTION -> ACCELERATION -> EXHAUSTION -> PULLBACK -> EXHAUSTION -> ACCELERATION -> PULLBACK -> ACCELERATION -> PULLBACK -> EXHAUSTION -> PULLBACK -> ACCELERATION -> PULLBACK -> ACCELERATION -> PULLBACK -> FAKE_BREAKOUT -> EXIT,39,FAKE_BREAKOUT,9.9917
short_2026-06-10T040000_SLXUSDT,short,2026-06-10 04:00:00,SLXUSDT,EARLY_BREAKOUT -> WEAK_TREND -> ACCELERATION -> EARLY_BREAKOUT -> PULLBACK -> FAKE_BREAKOUT -> PULLBACK -> ACCELERATION -> HEALTHY_TREND -> PULLBACK -> ACCELERATION -> WEAK_TREND -> ACCELERATION -> WEAK_TREND -> ACCELERATION -> PULLBACK -> ACCELERATION -> WEAK_TREND -> HEALTHY_TREND -> ACCELERATION -> WEAK_TREND -> ACCELERATION -> WEAK_TREND -> ACCELERATION -> HEALTHY_TREND -> WEAK_TREND -> ACCELERATION -> WEAK_TREND -> HEALTHY_TREND -> ACCELERATION -> WEAK_TREND -> PULLBACK -> EXIT,32,PULLBACK,14.547
short_2026-06-10T040000_GUAUSDT,short,2026-06-10 04:00:00,GUAUSDT,EARLY_BREAKOUT -> ACCELERATION -> EXHAUSTION -> ACCELERATION -> WEAK_TREND -> ACCELERATION -> HEALTHY_TREND -> WEAK_TREND -> ACCELERATION -> HEALTHY_TREND -> ACCELERATION -> PULLBACK -> ACCELERATION -> HEALTHY_TREND -> PULLBACK -> ACCELERATION -> PULLBACK -> ACCELERATION -> PULLBACK -> EXHAUSTION -> ACCELERATION -> PULLBACK -> ACCELERATION -> HEALTHY_TREND -> PULLBACK -> ACCELERATION -> PULLBACK -> ACCELERATION -> PULLBACK -> ACCELERATION -> PULLBACK -> EXIT,31,PULLBACK,32.8256
short_2026-06-10T040000_IMXUSDT,short,2026-06-10 04:00:00,IMXUSDT,EARLY_BREAKOUT -> WEAK_TREND -> ACCELERATION -> WEAK_TREND -> PULLBACK -> HEALTHY_TREND -> WEAK_TREND -> ACCELERATION -> HEALTHY_TREND -> WEAK_TREND -> HEALTHY_TREND -> WEAK_TREND -> ACCELERATION -> HEALTHY_TREND -> WEAK_TREND -> ACCELERATION -> WEAK_TREND -> ACCELERATION -> WEAK_TREND -> ACCELERATION -> WEAK_TREND -> ACCELERATION -> WEAK_TREND -> HEALTHY_TREND -> WEAK_TREND -> HEALTHY_TREND -> WEAK_TREND -> ACCELERATION -> WEAK_TREND -> ACCELERATION -> WEAK_TREND -> ACCELERATION -> HEALTHY_TREND -> WEAK_TREND -> PULLBACK -> HEALTHY_TREND -> EXIT,36,HEALTHY_TREND,3.0641
short_2026-06-10T040000_ASRUSDT,short,2026-06-10 04:00:00,ASRUSDT,EARLY_BREAKOUT -> ACCELERATION -> HEALTHY_TREND -> ACCELERATION -> WEAK_TREND -> ACCELERATION -> WEAK_TREND -> ACCELERATION -> WEAK_TREND -> HEALTHY_TREND -> WEAK_TREND -> PULLBACK -> EXHAUSTION -> HEALTHY_TREND -> WEAK_TREND -> PULLBACK -> EXHAUSTION -> FAKE_BREAKOUT -> PULLBACK -> FAKE_BREAKOUT -> ACCELERATION -> WEAK_TREND -> ACCELERATION -> HEALTHY_TREND -> ACCELERATION -> HEALTHY_TREND -> ACCELERATION -> WEAK_TREND -> HEALTHY_TREND -> WEAK_TREND -> ACCELERATION -> WEAK_TREND -> PULLBACK -> EXHAUSTION -> PULLBACK -> EXHAUSTION -> PULLBACK -> EXHAUSTION -> EXIT,38,EXHAUSTION,2.8515
long_2026-06-10T060000_BTWUSDT,long,2026-06-10 06:00:00,BTWUSDT,EARLY_BREAKOUT -> PULLBACK -> ACCELERATION -> EARLY_BREAKOUT -> WEAK_TREND -> ACCELERATION -> PULLBACK -> ACCELERATION -> HEALTHY_TREND -> ACCELERATION -> HEALTHY_TREND -> WEAK_TREND -> ACCELERATION -> HEALTHY_TREND -> ACCELERATION -> HEALTHY_TREND -> PULLBACK -> ACCELERATION -> WEAK_TREND -> ACCELERATION -> EXHAUSTION -> FAKE_BREAKOUT -> EXIT,22,FAKE_BREAKOUT,9.3135
long_2026-06-10T060000_UBUSDT,long,2026-06-10 06:00:00,UBUSDT,EARLY_BREAKOUT -> ACCELERATION -> EARLY_BREAKOUT -> ACCELERATION -> FAKE_BREAKOUT -> PULLBACK -> HEALTHY_TREND -> ACCELERATION -> HEALTHY_TREND -> WEAK_TREND -> ACCELERATION -> WEAK_TREND -> ACCELERATION -> WEAK_TREND -> FAKE_BREAKOUT -> REVERSAL -> FAKE_BREAKOUT -> ACCELERATION -> REVERSAL -> FAKE_BREAKOUT -> ACCELERATION -> PULLBACK -> ACCELERATION -> HEALTHY_TREND -> WEAK_TREND -> ACCELERATION -> HEALTHY_TREND -> ACCELERATION -> PULLBACK -> ACCELERATION -> EXIT,30,ACCELERATION,13.3343
long_2026-06-10T060000_INUSDT,long,2026-06-10 06:00:00,INUSDT,EARLY_BREAKOUT -> WEAK_TREND -> HEALTHY_TREND -> ACCELERATION -> WEAK_TREND -> EXHAUSTION -> PULLBACK -> REVERSAL -> ACCELERATION -> EXHAUSTION -> REVERSAL -> ACCELERATION -> HEALTHY_TREND -> FAKE_BREAKOUT -> ACCELERATION -> FAKE_BREAKOUT -> REVERSAL -> EXIT,17,REVERSAL,-3.5292
long_2026-06-10T060000_EVAAUSDT,long,2026-06-10 06:00:00,EVAAUSDT,EARLY_BREAKOUT -> WEAK_TREND -> ACCELERATION -> WEAK_TREND -> HEALTHY_TREND -> ACCELERATION -> HEALTHY_TREND -> PULLBACK -> FAKE_BREAKOUT -> ACCELERATION -> FAKE_BREAKOUT -> ACCELERATION -> FAKE_BREAKOUT -> REVERSAL -> EXIT,14,REVERSAL,-4.277
long_2026-06-10T060000_UAIUSDT,long,2026-06-10 06:00:00,UAIUSDT,EARLY_BREAKOUT -> ACCELERATION -> HEALTHY_TREND -> WEAK_TREND -> ACCELERATION -> WEAK_TREND -> ACCELERATION -> WEAK_TREND -> HEALTHY_TREND -> ACCELERATION -> WEAK_TREND -> ACCELERATION -> WEAK_TREND -> HEALTHY_TREND -> ACCELERATION -> WEAK_TREND -> ACCELERATION -> WEAK_TREND -> ACCELERATION -> HEALTHY_TREND -> ACCELERATION -> HEALTHY_TREND -> ACCELERATION -> WEAK_TREND -> ACCELERATION -> WEAK_TREND -> EXHAUSTION -> PULLBACK -> EXHAUSTION -> ACCELERATION -> PULLBACK -> ACCELERATION -> HEALTHY_TREND -> ACCELERATION -> PULLBACK -> EXIT,35,PULLBACK,10.4934
short_2026-06-10T060000_ESPORTSUSDT,short,2026-06-10 06:00:00,ESPORTSUSDT,EARLY_BREAKOUT -> ACCELERATION -> EXHAUSTION -> REVERSAL -> FAKE_BREAKOUT -> REVERSAL -> FAKE_BREAKOUT -> REVERSAL -> FAKE_BREAKOUT -> REVERSAL -> FAKE_BREAKOUT -> REVERSAL -> FAKE_BREAKOUT -> ACCELERATION -> PULLBACK -> ACCELERATION -> FAKE_BREAKOUT -> REVERSAL -> EXIT,18,REVERSAL,-47.6737
short_2026-06-10T060000_POWERUSDT,short,2026-06-10 06:00:00,POWERUSDT,EARLY_BREAKOUT -> ACCELERATION -> PULLBACK -> ACCELERATION -> HEALTHY_TREND -> WEAK_TREND -> ACCELERATION -> HEALTHY_TREND -> WEAK_TREND -> FAKE_BREAKOUT -> REVERSAL -> PULLBACK -> FAKE_BREAKOUT -> ACCELERATION -> EXHAUSTION -> ACCELERATION -> REVERSAL -> FAKE_BREAKOUT -> PULLBACK -> EXHAUSTION -> REVERSAL -> FAKE_BREAKOUT -> PULLBACK -> FAKE_BREAKOUT -> ACCELERATION -> FAKE_BREAKOUT -> ACCELERATION -> EXHAUSTION -> EXIT,28,EXHAUSTION,2.7895
short_2026-06-10T060000_WLDUSDT,short,2026-06-10 06:00:00,WLDUSDT,EARLY_BREAKOUT -> ACCELERATION -> WEAK_TREND -> FAKE_BREAKOUT -> PULLBACK -> ACCELERATION -> HEALTHY_TREND -> WEAK_TREND -> ACCELERATION -> HEALTHY_TREND -> WEAK_TREND -> ACCELERATION -> EXHAUSTION -> PULLBACK -> HEALTHY_TREND -> PULLBACK -> ACCELERATION -> PULLBACK -> ACCELERATION -> WEAK_TREND -> PULLBACK -> EXHAUSTION -> PULLBACK -> ACCELERATION -> HEALTHY_TREND -> ACCELERATION -> PULLBACK -> ACCELERATION -> WEAK_TREND -> ACCELERATION -> WEAK_TREND -> PULLBACK -> EXHAUSTION -> PULLBACK -> EXHAUSTION -> ACCELERATION -> PULLBACK -> EXIT,37,PULLBACK,6.2026
short_2026-06-10T060000_NEARUSDT,short,2026-06-10 06:00:00,NEARUSDT,EARLY_BREAKOUT -> ACCELERATION -> HEALTHY_TREND -> WEAK_TREND -> ACCELERATION -> WEAK_TREND -> ACCELERATION -> WEAK_TREND -> ACCELERATION -> HEALTHY_TREND -> ACCELERATION -> WEAK_TREND -> PULLBACK -> EXHAUSTION -> PULLBACK -> ACCELERATION -> HEALTHY_TREND -> PULLBACK -> EXHAUSTION -> PULLBACK -> ACCELERATION -> WEAK_TREND -> ACCELERATION -> HEALTHY_TREND -> ACCELERATION -> HEALTHY_TREND -> ACCELERATION -> HEALTHY_TREND -> WEAK_TREND -> ACCELERATION -> PULLBACK -> ACCELERATION -> PULLBACK -> ACCELERATION -> EXIT,34,ACCELERATION,7.3061
short_2026-06-10T060000_ONUSDT,short,2026-06-10 06:00:00,ONUSDT,EARLY_BREAKOUT -> WEAK_TREND -> DEAD -> ACCELERATION -> WEAK_TREND -> ACCELERATION -> HEALTHY_TREND -> WEAK_TREND -> ACCELERATION -> WEAK_TREND -> ACCELERATION -> WEAK_TREND -> REVERSAL -> WEAK_TREND -> REVERSAL -> EXIT,15,REVERSAL,-4.8189
long_2026-06-10T080000_BTWUSDT,long,2026-06-10 08:00:00,BTWUSDT,EARLY_BREAKOUT -> ACCELERATION -> EARLY_BREAKOUT -> HEALTHY_TREND -> WEAK_TREND -> ACCELERATION -> HEALTHY_TREND -> ACCELERATION -> HEALTHY_TREND -> PULLBACK -> ACCELERATION -> WEAK_TREND -> ACCELERATION -> EXHAUSTION -> FAKE_BREAKOUT -> REVERSAL -> FAKE_BREAKOUT -> REVERSAL -> FAKE_BREAKOUT -> REVERSAL -> FAKE_BREAKOUT -> REVERSAL -> EXIT,22,REVERSAL,-1.6632
long_2026-06-10T080000_STGUSDT,long,2026-06-10 08:00:00,STGUSDT,EARLY_BREAKOUT -> REVERSAL -> ACCELERATION -> EARLY_BREAKOUT -> ACCELERATION -> FAKE_BREAKOUT -> ACCELERATION -> HEALTHY_TREND -> WEAK_TREND -> PULLBACK -> FAKE_BREAKOUT -> REVERSAL -> FAKE_BREAKOUT -> ACCELERATION -> PULLBACK -> ACCELERATION -> PULLBACK -> ACCELERATION -> PULLBACK -> ACCELERATION -> WEAK_TREND -> ACCELERATION -> PULLBACK -> ACCELERATION -> HEALTHY_TREND -> PULLBACK -> ACCELERATION -> PULLBACK -> ACCELERATION -> PULLBACK -> ACCELERATION -> EXIT,31,ACCELERATION,28.5144
long_2026-06-10T080000_EVAAUSDT,long,2026-06-10 08:00:00,EVAAUSDT,EARLY_BREAKOUT -> ACCELERATION -> EARLY_BREAKOUT -> PULLBACK -> FAKE_BREAKOUT -> REVERSAL -> FAKE_BREAKOUT -> REVERSAL -> EXIT,8,REVERSAL,-11.9176
long_2026-06-10T080000_OPENUSDT,long,2026-06-10 08:00:00,OPENUSDT,EARLY_BREAKOUT -> ACCELERATION -> WEAK_TREND -> ACCELERATION -> WEAK_TREND -> EXHAUSTION -> HEALTHY_TREND -> EXHAUSTION -> REVERSAL -> HEALTHY_TREND -> EXHAUSTION -> ACCELERATION -> EXHAUSTION -> PULLBACK -> EXHAUSTION -> PULLBACK -> EXHAUSTION -> PULLBACK -> ACCELERATION -> EXHAUSTION -> REVERSAL -> ACCELERATION -> PULLBACK -> ACCELERATION -> REVERSAL -> ACCELERATION -> EXHAUSTION -> REVERSAL -> EXIT,28,REVERSAL,-2.3055
long_2026-06-10T080000_SAPIENUSDT,long,2026-06-10 08:00:00,SAPIENUSDT,EARLY_BREAKOUT -> ACCELERATION -> HEALTHY_TREND -> WEAK_TREND -> ACCELERATION -> WEAK_TREND -> EXHAUSTION -> ACCELERATION -> EXHAUSTION -> PULLBACK -> EXHAUSTION -> ACCELERATION -> EXHAUSTION -> PULLBACK -> ACCELERATION -> EXHAUSTION -> REVERSAL -> ACCELERATION -> EXHAUSTION -> ACCELERATION -> EXHAUSTION -> ACCELERATION -> EXHAUSTION -> PULLBACK -> ACCELERATION -> EXHAUSTION -> REVERSAL -> EXIT,27,REVERSAL,-2.2938
short_2026-06-10T080000_EPICUSDT,short,2026-06-10 08:00:00,EPICUSDT,EARLY_BREAKOUT -> ACCELERATION -> HEALTHY_TREND -> WEAK_TREND -> ACCELERATION -> EXHAUSTION -> PULLBACK -> FAKE_BREAKOUT -> REVERSAL -> ACCELERATION -> FAKE_BREAKOUT -> REVERSAL -> FAKE_BREAKOUT -> REVERSAL -> FAKE_BREAKOUT -> REVERSAL -> FAKE_BREAKOUT -> REVERSAL -> FAKE_BREAKOUT -> ACCELERATION -> HEALTHY_TREND -> WEAK_TREND -> ACCELERATION -> EXIT,23,ACCELERATION,4.4492
short_2026-06-10T080000_LITUSDT,short,2026-06-10 08:00:00,LITUSDT,EARLY_BREAKOUT -> ACCELERATION -> EARLY_BREAKOUT -> ACCELERATION -> WEAK_TREND -> ACCELERATION -> EXHAUSTION -> FAKE_BREAKOUT -> REVERSAL -> ACCELERATION -> FAKE_BREAKOUT -> ACCELERATION -> FAKE_BREAKOUT -> ACCELERATION -> EXHAUSTION -> ACCELERATION -> HEALTHY_TREND -> ACCELERATION -> WEAK_TREND -> ACCELERATION -> WEAK_TREND -> HEALTHY_TREND -> WEAK_TREND -> ACCELERATION -> WEAK_TREND -> ACCELERATION -> PULLBACK -> HEALTHY_TREND -> WEAK_TREND -> ACCELERATION -> WEAK_TREND -> PULLBACK -> HEALTHY_TREND -> WEAK_TREND -> ACCELERATION -> EXIT,35,ACCELERATION,8.038
short_2026-06-10T080000_DUSKUSDT,short,2026-06-10 08:00:00,DUSKUSDT,EARLY_BREAKOUT -> ACCELERATION -> WEAK_TREND -> ACCELERATION -> WEAK_TREND -> ACCELERATION -> WEAK_TREND -> HEALTHY_TREND -> WEAK_TREND -> ACCELERATION -> HEALTHY_TREND -> WEAK_TREND -> REVERSAL -> PULLBACK -> REVERSAL -> ACCELERATION -> PULLBACK -> HEALTHY_TREND -> PULLBACK -> ACCELERATION -> PULLBACK -> REVERSAL -> ACCELERATION -> PULLBACK -> ACCELERATION -> EXIT,25,ACCELERATION,1.1643
short_2026-06-10T080000_XPLUSDT,short,2026-06-10 08:00:00,XPLUSDT,EARLY_BREAKOUT -> ACCELERATION -> WEAK_TREND -> ACCELERATION -> WEAK_TREND -> ACCELERATION -> PULLBACK -> WEAK_TREND -> PULLBACK -> ACCELERATION -> HEALTHY_TREND -> ACCELERATION -> HEALTHY_TREND -> WEAK_TREND -> PULLBACK -> HEALTHY_TREND -> ACCELERATION -> WEAK_TREND -> ACCELERATION -> WEAK_TREND -> HEALTHY_TREND -> WEAK_TREND -> ACCELERATION -> HEALTHY_TREND -> WEAK_TREND -> EXHAUSTION -> PULLBACK -> ACCELERATION -> HEALTHY_TREND -> ACCELERATION -> WEAK_TREND -> ACCELERATION -> WEAK_TREND -> HEALTHY_TREND -> WEAK_TREND -> HEALTHY_TREND -> ACCELERATION -> WEAK_TREND -> ACCELERATION -> EXIT,39,ACCELERATION,4.6596
short_2026-06-10T080000_BTWUSDT,short,2026-06-10 08:00:00,BTWUSDT,EARLY_BREAKOUT -> REVERSAL -> ACCELERATION -> REVERSAL -> FAKE_BREAKOUT -> HEALTHY_TREND -> REVERSAL -> FAKE_BREAKOUT -> REVERSAL -> ACCELERATION -> FAKE_BREAKOUT -> REVERSAL -> ACCELERATION -> FAKE_BREAKOUT -> ACCELERATION -> FAKE_BREAKOUT -> EXIT,16,FAKE_BREAKOUT,1.6632
long_2026-06-10T100000_BTWUSDT,long,2026-06-10 10:00:00,BTWUSDT,EARLY_BREAKOUT -> ACCELERATION -> PULLBACK -> ACCELERATION -> WEAK_TREND -> ACCELERATION -> FAKE_BREAKOUT -> REVERSAL -> EXIT,8,REVERSAL,-12.7146
long_2026-06-10T100000_STGUSDT,long,2026-06-10 10:00:00,STGUSDT,EARLY_BREAKOUT -> ACCELERATION -> HEALTHY_TREND -> WEAK_TREND -> PULLBACK -> FAKE_BREAKOUT -> REVERSAL -> FAKE_BREAKOUT -> PULLBACK -> FAKE_BREAKOUT -> ACCELERATION -> PULLBACK -> ACCELERATION -> PULLBACK -> ACCELERATION -> WEAK_TREND -> ACCELERATION -> PULLBACK -> ACCELERATION -> HEALTHY_TREND -> PULLBACK -> ACCELERATION -> PULLBACK -> ACCELERATION -> PULLBACK -> ACCELERATION -> PULLBACK -> ACCELERATION -> PULLBACK -> ACCELERATION -> HEALTHY_TREND -> PULLBACK -> EXIT,32,PULLBACK,20.557
long_2026-06-10T100000_STARUSDT,long,2026-06-10 10:00:00,STARUSDT,EARLY_BREAKOUT -> ACCELERATION -> HEALTHY_TREND -> WEAK_TREND -> PULLBACK -> FAKE_BREAKOUT -> PULLBACK -> EXHAUSTION -> FAKE_BREAKOUT -> REVERSAL -> FAKE_BREAKOUT -> PULLBACK -> ACCELERATION -> PULLBACK -> FAKE_BREAKOUT -> PULLBACK -> FAKE_BREAKOUT -> ACCELERATION -> FAKE_BREAKOUT -> ACCELERATION -> EXHAUSTION -> ACCELERATION -> EXHAUSTION -> FAKE_BREAKOUT -> REVERSAL -> FAKE_BREAKOUT -> REVERSAL -> EXIT,27,REVERSAL,-0.8864
long_2026-06-10T100000_POWERUSDT,long,2026-06-10 10:00:00,POWERUSDT,EARLY_BREAKOUT -> REVERSAL -> ACCELERATION -> EXHAUSTION -> ACCELERATION -> EXHAUSTION -> ACCELERATION -> WEAK_TREND -> PULLBACK -> ACCELERATION -> REVERSAL -> FAKE_BREAKOUT -> REVERSAL -> FAKE_BREAKOUT -> REVERSAL -> FAKE_BREAKOUT -> REVERSAL -> FAKE_BREAKOUT -> REVERSAL -> FAKE_BREAKOUT -> REVERSAL -> EXIT,21,REVERSAL,-3.7672
long_2026-06-10T100000_CLOUSDT,long,2026-06-10 10:00:00,CLOUSDT,EARLY_BREAKOUT -> ACCELERATION -> EARLY_BREAKOUT -> WEAK_TREND -> PULLBACK -> REVERSAL -> ACCELERATION -> PULLBACK -> ACCELERATION -> PULLBACK -> ACCELERATION -> EXHAUSTION -> PULLBACK -> HEALTHY_TREND -> PULLBACK -> ACCELERATION -> PULLBACK -> FAKE_BREAKOUT -> PULLBACK -> ACCELERATION -> PULLBACK -> ACCELERATION -> HEALTHY_TREND -> PULLBACK -> ACCELERATION -> WEAK_TREND -> PULLBACK -> ACCELERATION -> HEALTHY_TREND -> PULLBACK -> ACCELERATION -> PULLBACK -> ACCELERATION -> PULLBACK -> EXIT,34,PULLBACK,3.3948
short_2026-06-10T100000_HUSDT,short,2026-06-10 10:00:00,HUSDT,EARLY_BREAKOUT -> PULLBACK -> ACCELERATION -> PULLBACK -> ACCELERATION -> PULLBACK -> EXHAUSTION -> PULLBACK -> ACCELERATION -> PULLBACK -> EXHAUSTION -> PULLBACK -> ACCELERATION -> PULLBACK -> HEALTHY_TREND -> PULLBACK -> ACCELERATION -> WEAK_TREND -> PULLBACK -> EXHAUSTION -> PULLBACK -> EXHAUSTION -> ACCELERATION -> PULLBACK -> ACCELERATION -> PULLBACK -> ACCELERATION -> PULLBACK -> ACCELERATION -> PULLBACK -> ACCELERATION -> EXIT,31,ACCELERATION,16.1812
short_2026-06-10T100000_OPGUSDT,short,2026-06-10 10:00:00,OPGUSDT,EARLY_BREAKOUT -> ACCELERATION -> WEAK_TREND -> ACCELERATION -> WEAK_TREND -> HEALTHY_TREND -> ACCELERATION -> EXHAUSTION -> PULLBACK -> EXHAUSTION -> ACCELERATION -> HEALTHY_TREND -> ACCELERATION -> HEALTHY_TREND -> ACCELERATION -> WEAK_TREND -> EXHAUSTION -> HEALTHY_TREND -> WEAK_TREND -> PULLBACK -> ACCELERATION -> HEALTHY_TREND -> ACCELERATION -> WEAK_TREND -> HEALTHY_TREND -> ACCELERATION -> HEALTHY_TREND -> PULLBACK -> ACCELERATION -> HEALTHY_TREND -> WEAK_TREND -> ACCELERATION -> HEALTHY_TREND -> WEAK_TREND -> PULLBACK -> EXHAUSTION -> PULLBACK -> EXIT,37,PULLBACK,5.4677
short_2026-06-10T100000_ASRUSDT,short,2026-06-10 10:00:00,ASRUSDT,EARLY_BREAKOUT -> ACCELERATION -> HEALTHY_TREND -> EARLY_BREAKOUT -> ACCELERATION -> HEALTHY_TREND -> ACCELERATION -> WEAK_TREND -> HEALTHY_TREND -> WEAK_TREND -> ACCELERATION -> WEAK_TREND -> EXHAUSTION -> FAKE_BREAKOUT -> PULLBACK -> FAKE_BREAKOUT -> EXIT,16,FAKE_BREAKOUT,0.4012
short_2026-06-10T100000_EDGEUSDT,short,2026-06-10 10:00:00,EDGEUSDT,EARLY_BREAKOUT -> ACCELERATION -> EARLY_BREAKOUT -> EXHAUSTION -> ACCELERATION -> HEALTHY_TREND -> ACCELERATION -> HEALTHY_TREND -> WEAK_TREND -> HEALTHY_TREND -> WEAK_TREND -> ACCELERATION -> HEALTHY_TREND -> ACCELERATION -> PULLBACK -> FAKE_BREAKOUT -> PULLBACK -> EXHAUSTION -> ACCELERATION -> PULLBACK -> EXHAUSTION -> FAKE_BREAKOUT -> PULLBACK -> FAKE_BREAKOUT -> ACCELERATION -> EXHAUSTION -> ACCELERATION -> FAKE_BREAKOUT -> REVERSAL -> FAKE_BREAKOUT -> PULLBACK -> ACCELERATION -> EXHAUSTION -> ACCELERATION -> PULLBACK -> EXHAUSTION -> PULLBACK -> EXIT,37,PULLBACK,2.8503
short_2026-06-10T100000_PLAYUSDT,short,2026-06-10 10:00:00,PLAYUSDT,EARLY_BREAKOUT -> WEAK_TREND -> ACCELERATION -> EXHAUSTION -> REVERSAL -> PULLBACK -> HEALTHY_TREND -> EXHAUSTION -> ACCELERATION -> EXHAUSTION -> ACCELERATION -> HEALTHY_TREND -> WEAK_TREND -> ACCELERATION -> HEALTHY_TREND -> ACCELERATION -> PULLBACK -> ACCELERATION -> PULLBACK -> ACCELERATION -> PULLBACK -> ACCELERATION -> PULLBACK -> HEALTHY_TREND -> PULLBACK -> ACCELERATION -> PULLBACK -> ACCELERATION -> HEALTHY_TREND -> ACCELERATION -> WEAK_TREND -> ACCELERATION -> PULLBACK -> ACCELERATION -> WEAK_TREND -> ACCELERATION -> EXIT,36,ACCELERATION,19.7961
long_2026-06-10T120000_OPNUSDT,long,2026-06-10 12:00:00,OPNUSDT,EARLY_BREAKOUT -> ACCELERATION -> FAKE_BREAKOUT -> REVERSAL -> ACCELERATION -> EXIT,5,ACCELERATION,4.6858
long_2026-06-10T120000_CUSDT,long,2026-06-10 12:00:00,CUSDT,EARLY_BREAKOUT -> ACCELERATION -> WEAK_TREND -> ACCELERATION -> WEAK_TREND -> PULLBACK -> HEALTHY_TREND -> WEAK_TREND -> ACCELERATION -> HEALTHY_TREND -> ACCELERATION -> PULLBACK -> EXHAUSTION -> PULLBACK -> EXHAUSTION -> PULLBACK -> ACCELERATION -> PULLBACK -> ACCELERATION -> PULLBACK -> ACCELERATION -> HEALTHY_TREND -> WEAK_TREND -> ACCELERATION -> HEALTHY_TREND -> PULLBACK -> EXHAUSTION -> PULLBACK -> EXHAUSTION -> PULLBACK -> ACCELERATION -> PULLBACK -> ACCELERATION -> PULLBACK -> ACCELERATION -> PULLBACK -> EXHAUSTION -> EXIT,37,EXHAUSTION,3.2925
long_2026-06-10T120000_CLOUSDT,long,2026-06-10 12:00:00,CLOUSDT,EARLY_BREAKOUT -> ACCELERATION -> WEAK_TREND -> ACCELERATION -> EXHAUSTION -> HEALTHY_TREND -> WEAK_TREND -> ACCELERATION -> WEAK_TREND -> FAKE_BREAKOUT -> PULLBACK -> ACCELERATION -> PULLBACK -> ACCELERATION -> HEALTHY_TREND -> WEAK_TREND -> ACCELERATION -> WEAK_TREND -> PULLBACK -> ACCELERATION -> HEALTHY_TREND -> PULLBACK -> ACCELERATION -> PULLBACK -> ACCELERATION -> PULLBACK -> ACCELERATION -> PULLBACK -> ACCELERATION -> EXHAUSTION -> FAKE_BREAKOUT -> PULLBACK -> HEALTHY_TREND -> EXIT,33,HEALTHY_TREND,4.1643
long_2026-06-10T120000_ONUSDT,long,2026-06-10 12:00:00,ONUSDT,EARLY_BREAKOUT -> ACCELERATION -> HEALTHY_TREND -> ACCELERATION -> WEAK_TREND -> FAKE_BREAKOUT -> HEALTHY_TREND -> PULLBACK -> EXHAUSTION -> ACCELERATION -> WEAK_TREND -> ACCELERATION -> WEAK_TREND -> ACCELERATION -> HEALTHY_TREND -> WEAK_TREND -> FAKE_BREAKOUT -> REVERSAL -> FAKE_BREAKOUT -> REVERSAL -> FAKE_BREAKOUT -> REVERSAL -> FAKE_BREAKOUT -> ACCELERATION -> EXHAUSTION -> FAKE_BREAKOUT -> EXIT,26,FAKE_BREAKOUT,1.0819
long_2026-06-10T120000_PRLUSDT,long,2026-06-10 12:00:00,PRLUSDT,EARLY_BREAKOUT -> ACCELERATION -> WEAK_TREND -> ACCELERATION -> WEAK_TREND -> EXHAUSTION -> REVERSAL -> ACCELERATION -> PULLBACK -> EXHAUSTION -> REVERSAL -> ACCELERATION -> REVERSAL -> ACCELERATION -> EXHAUSTION -> ACCELERATION -> REVERSAL -> PULLBACK -> REVERSAL -> ACCELERATION -> EXHAUSTION -> ACCELERATION -> EXHAUSTION -> PULLBACK -> EXHAUSTION -> ACCELERATION -> EXHAUSTION -> ACCELERATION -> EXHAUSTION -> PULLBACK -> EXHAUSTION -> EXIT,31,EXHAUSTION,0.5695
short_2026-06-10T120000_HUSDT,short,2026-06-10 12:00:00,HUSDT,EARLY_BREAKOUT -> REVERSAL -> EARLY_BREAKOUT -> ACCELERATION -> PULLBACK -> FAKE_BREAKOUT -> PULLBACK -> FAKE_BREAKOUT -> REVERSAL -> FAKE_BREAKOUT -> PULLBACK -> HEALTHY_TREND -> PULLBACK -> FAKE_BREAKOUT -> PULLBACK -> ACCELERATION -> WEAK_TREND -> PULLBACK -> REVERSAL -> FAKE_BREAKOUT -> REVERSAL -> ACCELERATION -> PULLBACK -> ACCELERATION -> PULLBACK -> ACCELERATION -> EXHAUSTION -> FAKE_BREAKOUT -> ACCELERATION -> PULLBACK -> ACCELERATION -> PULLBACK -> FAKE_BREAKOUT -> PULLBACK -> FAKE_BREAKOUT -> REVERSAL -> EXIT,36,REVERSAL,-4.1865
short_2026-06-10T120000_BTWUSDT,short,2026-06-10 12:00:00,BTWUSDT,EARLY_BREAKOUT -> REVERSAL -> FAKE_BREAKOUT -> EARLY_BREAKOUT -> ACCELERATION -> FAKE_BREAKOUT -> ACCELERATION -> HEALTHY_TREND -> FAKE_BREAKOUT -> ACCELERATION -> FAKE_BREAKOUT -> ACCELERATION -> PULLBACK -> FAKE_BREAKOUT -> REVERSAL -> FAKE_BREAKOUT -> ACCELERATION -> EXHAUSTION -> ACCELERATION -> PULLBACK -> EXHAUSTION -> ACCELERATION -> PULLBACK -> EXHAUSTION -> PULLBACK -> EXHAUSTION -> PULLBACK -> FAKE_BREAKOUT -> ACCELERATION -> PULLBACK -> FAKE_BREAKOUT -> EXIT,31,FAKE_BREAKOUT,1.8039
short_2026-06-10T120000_IOUSDT,short,2026-06-10 12:00:00,IOUSDT,EARLY_BREAKOUT -> WEAK_TREND -> ACCELERATION -> HEALTHY_TREND -> ACCELERATION -> HEALTHY_TREND -> WEAK_TREND -> HEALTHY_TREND -> PULLBACK -> EXHAUSTION -> FAKE_BREAKOUT -> REVERSAL -> FAKE_BREAKOUT -> REVERSAL -> FAKE_BREAKOUT -> REVERSAL -> EXIT,16,REVERSAL,-3.0048
short_2026-06-10T120000_EVAAUSDT,short,2026-06-10 12:00:00,EVAAUSDT,EARLY_BREAKOUT -> ACCELERATION -> PULLBACK -> ACCELERATION -> WEAK_TREND -> ACCELERATION -> WEAK_TREND -> ACCELERATION -> PULLBACK -> HEALTHY_TREND -> PULLBACK -> FAKE_BREAKOUT -> REVERSAL -> FAKE_BREAKOUT -> REVERSAL -> FAKE_BREAKOUT -> ACCELERATION -> EXHAUSTION -> FAKE_BREAKOUT -> ACCELERATION -> HEALTHY_TREND -> WEAK_TREND -> ACCELERATION -> PULLBACK -> HEALTHY_TREND -> PULLBACK -> EXIT,26,PULLBACK,10.9175
short_2026-06-10T120000_STGUSDT,short,2026-06-10 12:00:00,STGUSDT,EARLY_BREAKOUT -> ACCELERATION -> EARLY_BREAKOUT -> PULLBACK -> ACCELERATION -> FAKE_BREAKOUT -> REVERSAL -> EXIT,7,REVERSAL,-26.2774
long_2026-06-10T140000_STGUSDT,long,2026-06-10 14:00:00,STGUSDT,EARLY_BREAKOUT -> ACCELERATION -> EARLY_BREAKOUT -> PULLBACK -> ACCELERATION -> PULLBACK -> ACCELERATION -> PULLBACK -> ACCELERATION -> WEAK_TREND -> ACCELERATION -> PULLBACK -> ACCELERATION -> HEALTHY_TREND -> PULLBACK -> ACCELERATION -> PULLBACK -> ACCELERATION -> PULLBACK -> ACCELERATION -> PULLBACK -> ACCELERATION -> PULLBACK -> ACCELERATION -> HEALTHY_TREND -> PULLBACK -> EXHAUSTION -> PULLBACK -> ACCELERATION -> PULLBACK -> ACCELERATION -> PULLBACK -> EXIT,32,PULLBACK,20.6406
long_2026-06-10T140000_BTWUSDT,long,2026-06-10 14:00:00,BTWUSDT,EARLY_BREAKOUT -> FAKE_BREAKOUT -> ACCELERATION -> PULLBACK -> REVERSAL -> FAKE_BREAKOUT -> PULLBACK -> EXHAUSTION -> ACCELERATION -> PULLBACK -> FAKE_BREAKOUT -> PULLBACK -> REVERSAL -> FAKE_BREAKOUT -> REVERSAL -> FAKE_BREAKOUT -> REVERSAL -> FAKE_BREAKOUT -> ACCELERATION -> FAKE_BREAKOUT -> ACCELERATION -> EXHAUSTION -> FAKE_BREAKOUT -> REVERSAL -> FAKE_BREAKOUT -> ACCELERATION -> FAKE_BREAKOUT -> REVERSAL -> FAKE_BREAKOUT -> REVERSAL -> FAKE_BREAKOUT -> EXIT,31,FAKE_BREAKOUT,3.8283
long_2026-06-10T140000_HUSDT,long,2026-06-10 14:00:00,HUSDT,EARLY_BREAKOUT -> ACCELERATION -> EARLY_BREAKOUT -> PULLBACK -> FAKE_BREAKOUT -> REVERSAL -> FAKE_BREAKOUT -> REVERSAL -> ACCELERATION -> PULLBACK -> FAKE_BREAKOUT -> ACCELERATION -> FAKE_BREAKOUT -> REVERSAL -> FAKE_BREAKOUT -> REVERSAL -> FAKE_BREAKOUT -> REVERSAL -> FAKE_BREAKOUT -> ACCELERATION -> HEALTHY_TREND -> ACCELERATION -> WEAK_TREND -> ACCELERATION -> EXHAUSTION -> PULLBACK -> EXIT,26,PULLBACK,9.0823
long_2026-06-10T140000_UBUSDT,long,2026-06-10 14:00:00,UBUSDT,EARLY_BREAKOUT -> ACCELERATION -> PULLBACK -> ACCELERATION -> HEALTHY_TREND -> ACCELERATION -> HEALTHY_TREND -> WEAK_TREND -> ACCELERATION -> HEALTHY_TREND -> ACCELERATION -> PULLBACK -> ACCELERATION -> HEALTHY_TREND -> PULLBACK -> FAKE_BREAKOUT -> PULLBACK -> EXHAUSTION -> PULLBACK -> EXHAUSTION -> ACCELERATION -> EXHAUSTION -> PULLBACK -> EXHAUSTION -> PULLBACK -> FAKE_BREAKOUT -> ACCELERATION -> PULLBACK -> FAKE_BREAKOUT -> ACCELERATION -> EXHAUSTION -> FAKE_BREAKOUT -> PULLBACK -> EXIT,33,PULLBACK,7.5184
long_2026-06-10T140000_HEIUSDT,long,2026-06-10 14:00:00,HEIUSDT,EARLY_BREAKOUT -> ACCELERATION -> FAKE_BREAKOUT -> ACCELERATION -> WEAK_TREND -> ACCELERATION -> WEAK_TREND -> PULLBACK -> ACCELERATION -> WEAK_TREND -> ACCELERATION -> PULLBACK -> FAKE_BREAKOUT -> REVERSAL -> FAKE_BREAKOUT -> REVERSAL -> EXIT,16,REVERSAL,-3.5727
short_2026-06-10T140000_PLAYUSDT,short,2026-06-10 14:00:00,PLAYUSDT,EARLY_BREAKOUT -> ACCELERATION -> EARLY_BREAKOUT -> ACCELERATION -> EXHAUSTION -> ACCELERATION -> PULLBACK -> ACCELERATION -> PULLBACK -> ACCELERATION -> PULLBACK -> HEALTHY_TREND -> PULLBACK -> ACCELERATION -> PULLBACK -> ACCELERATION -> HEALTHY_TREND -> ACCELERATION -> WEAK_TREND -> ACCELERATION -> PULLBACK -> ACCELERATION -> WEAK_TREND -> PULLBACK -> ACCELERATION -> HEALTHY_TREND -> PULLBACK -> ACCELERATION -> HEALTHY_TREND -> ACCELERATION -> WEAK_TREND -> ACCELERATION -> WEAK_TREND -> ACCELERATION -> PULLBACK -> HEALTHY_TREND -> PULLBACK -> EXIT,37,PULLBACK,15.2448
short_2026-06-10T140000_MAGMAUSDT,short,2026-06-10 14:00:00,MAGMAUSDT,EARLY_BREAKOUT -> ACCELERATION -> FAKE_BREAKOUT -> PULLBACK -> FAKE_BREAKOUT -> REVERSAL -> EXIT,6,REVERSAL,-21.1865
short_2026-06-10T140000_UAIUSDT,short,2026-06-10 14:00:00,UAIUSDT,EARLY_BREAKOUT -> ACCELERATION -> PULLBACK -> ACCELERATION -> REVERSAL -> FAKE_BREAKOUT -> REVERSAL -> FAKE_BREAKOUT -> REVERSAL -> FAKE_BREAKOUT -> REVERSAL -> FAKE_BREAKOUT -> REVERSAL -> FAKE_BREAKOUT -> REVERSAL -> FAKE_BREAKOUT -> REVERSAL -> EXIT,17,REVERSAL,-0.0617
short_2026-06-10T140000_BEATUSDT,short,2026-06-10 14:00:00,BEATUSDT,EARLY_BREAKOUT -> ACCELERATION -> EXHAUSTION -> ACCELERATION -> REVERSAL -> EXIT,5,REVERSAL,-26.0732
short_2026-06-10T140000_PARTIUSDT,short,2026-06-10 14:00:00,PARTIUSDT,EARLY_BREAKOUT -> WEAK_TREND -> ACCELERATION -> WEAK_TREND -> ACCELERATION -> WEAK_TREND -> HEALTHY_TREND -> WEAK_TREND -> REVERSAL -> WEAK_TREND -> REVERSAL -> HEALTHY_TREND -> WEAK_TREND -> REVERSAL -> HEALTHY_TREND -> REVERSAL -> EXIT,16,REVERSAL,-1.1086
long_2026-06-10T160000_ESPORTSUSDT,long,2026-06-10 16:00:00,ESPORTSUSDT,EARLY_BREAKOUT -> ACCELERATION -> PULLBACK -> ACCELERATION -> EXHAUSTION -> ACCELERATION -> PULLBACK -> EXHAUSTION -> PULLBACK -> EXHAUSTION -> ACCELERATION -> PULLBACK -> ACCELERATION -> PULLBACK -> ACCELERATION -> PULLBACK -> ACCELERATION -> PULLBACK -> ACCELERATION -> PULLBACK -> ACCELERATION -> PULLBACK -> ACCELERATION -> PULLBACK -> ACCELERATION -> PULLBACK -> ACCELERATION -> EXIT,27,ACCELERATION,64.2022
long_2026-06-10T160000_IOUSDT,long,2026-06-10 16:00:00,IOUSDT,EARLY_BREAKOUT -> ACCELERATION -> HEALTHY_TREND -> ACCELERATION -> FAKE_BREAKOUT -> ACCELERATION -> PULLBACK -> EXHAUSTION -> PULLBACK -> EXHAUSTION -> FAKE_BREAKOUT -> PULLBACK -> ACCELERATION -> PULLBACK -> EXHAUSTION -> FAKE_BREAKOUT -> REVERSAL -> FAKE_BREAKOUT -> PULLBACK -> ACCELERATION -> PULLBACK -> EXHAUSTION -> PULLBACK -> EXHAUSTION -> ACCELERATION -> PULLBACK -> EXHAUSTION -> ACCELERATION -> HEALTHY_TREND -> ACCELERATION -> WEAK_TREND -> PULLBACK -> ACCELERATION -> PULLBACK -> ACCELERATION -> PULLBACK -> EXIT,36,PULLBACK,10.0979
long_2026-06-10T160000_EPICUSDT,long,2026-06-10 16:00:00,EPICUSDT,EARLY_BREAKOUT -> ACCELERATION -> EARLY_BREAKOUT -> REVERSAL -> ACCELERATION -> FAKE_BREAKOUT -> REVERSAL -> EXIT,7,REVERSAL,-2.176
long_2026-06-10T160000_WLFIUSDT,long,2026-06-10 16:00:00,WLFIUSDT,EARLY_BREAKOUT -> ACCELERATION -> WEAK_TREND -> ACCELERATION -> WEAK_TREND -> ACCELERATION -> WEAK_TREND -> ACCELERATION -> HEALTHY_TREND -> WEAK_TREND -> ACCELERATION -> WEAK_TREND -> ACCELERATION -> WEAK_TREND -> ACCELERATION -> PULLBACK -> HEALTHY_TREND -> ACCELERATION -> WEAK_TREND -> FAKE_BREAKOUT -> PULLBACK -> ACCELERATION -> HEALTHY_TREND -> PULLBACK -> HEALTHY_TREND -> PULLBACK -> ACCELERATION -> WEAK_TREND -> PULLBACK -> ACCELERATION -> PULLBACK -> EXIT,31,PULLBACK,6.2668
long_2026-06-10T160000_UAIUSDT,long,2026-06-10 16:00:00,UAIUSDT,EARLY_BREAKOUT -> ACCELERATION -> HEALTHY_TREND -> ACCELERATION -> FAKE_BREAKOUT -> PULLBACK -> REVERSAL -> FAKE_BREAKOUT -> ACCELERATION -> FAKE_BREAKOUT -> ACCELERATION -> PULLBACK -> FAKE_BREAKOUT -> ACCELERATION -> FAKE_BREAKOUT -> PULLBACK -> ACCELERATION -> PULLBACK -> ACCELERATION -> EXHAUSTION -> PULLBACK -> EXHAUSTION -> ACCELERATION -> HEALTHY_TREND -> WEAK_TREND -> EXHAUSTION -> PULLBACK -> FAKE_BREAKOUT -> ACCELERATION -> WEAK_TREND -> ACCELERATION -> EXIT,31,ACCELERATION,10.6932
short_2026-06-10T160000_BEATUSDT,short,2026-06-10 16:00:00,BEATUSDT,EARLY_BREAKOUT -> WEAK_TREND -> FAKE_BREAKOUT -> ACCELERATION -> FAKE_BREAKOUT -> REVERSAL -> EXIT,6,REVERSAL,-15.59
short_2026-06-10T160000_AVNTUSDT,short,2026-06-10 16:00:00,AVNTUSDT,EARLY_BREAKOUT -> WEAK_TREND -> ACCELERATION -> WEAK_TREND -> ACCELERATION -> HEALTHY_TREND -> ACCELERATION -> WEAK_TREND -> EXHAUSTION -> FAKE_BREAKOUT -> PULLBACK -> FAKE_BREAKOUT -> REVERSAL -> FAKE_BREAKOUT -> PULLBACK -> ACCELERATION -> PULLBACK -> EXHAUSTION -> FAKE_BREAKOUT -> ACCELERATION -> FAKE_BREAKOUT -> ACCELERATION -> FAKE_BREAKOUT -> REVERSAL -> FAKE_BREAKOUT -> ACCELERATION -> EXHAUSTION -> FAKE_BREAKOUT -> ACCELERATION -> FAKE_BREAKOUT -> ACCELERATION -> EXHAUSTION -> ACCELERATION -> EXIT,33,ACCELERATION,3.6078
short_2026-06-10T160000_GWEIUSDT,short,2026-06-10 16:00:00,GWEIUSDT,EARLY_BREAKOUT -> WEAK_TREND -> ACCELERATION -> HEALTHY_TREND -> EXHAUSTION -> HEALTHY_TREND -> ACCELERATION -> WEAK_TREND -> EXHAUSTION -> ACCELERATION -> PULLBACK -> ACCELERATION -> WEAK_TREND -> HEALTHY_TREND -> EXHAUSTION -> PULLBACK -> EXHAUSTION -> PULLBACK -> FAKE_BREAKOUT -> PULLBACK -> HEALTHY_TREND -> ACCELERATION -> PULLBACK -> EXHAUSTION -> FAKE_BREAKOUT -> ACCELERATION -> PULLBACK -> ACCELERATION -> PULLBACK -> FAKE_BREAKOUT -> PULLBACK -> EXHAUSTION -> FAKE_BREAKOUT -> EXIT,33,FAKE_BREAKOUT,0.992
short_2026-06-10T160000_VELVETUSDT,short,2026-06-10 16:00:00,VELVETUSDT,EARLY_BREAKOUT -> ACCELERATION -> EARLY_BREAKOUT -> HEALTHY_TREND -> FAKE_BREAKOUT -> REVERSAL -> HEALTHY_TREND -> WEAK_TREND -> ACCELERATION -> HEALTHY_TREND -> ACCELERATION -> PULLBACK -> ACCELERATION -> PULLBACK -> HEALTHY_TREND -> ACCELERATION -> HEALTHY_TREND -> ACCELERATION -> HEALTHY_TREND -> PULLBACK -> FAKE_BREAKOUT -> REVERSAL -> EXIT,22,REVERSAL,-44.7514
short_2026-06-10T160000_ESPORTSUSDT,short,2026-06-10 16:00:00,ESPORTSUSDT,EARLY_BREAKOUT -> REVERSAL -> EXIT,2,REVERSAL,-64.2022
long_2026-06-10T180000_GENIUSUSDT,long,2026-06-10 18:00:00,GENIUSUSDT,EARLY_BREAKOUT -> PULLBACK -> FAKE_BREAKOUT -> PULLBACK -> HEALTHY_TREND -> ACCELERATION -> HEALTHY_TREND -> PULLBACK -> ACCELERATION -> HEALTHY_TREND -> ACCELERATION -> WEAK_TREND -> ACCELERATION -> PULLBACK -> ACCELERATION -> PULLBACK -> ACCELERATION -> WEAK_TREND -> ACCELERATION -> HEALTHY_TREND -> ACCELERATION -> PULLBACK -> EXHAUSTION -> PULLBACK -> EXHAUSTION -> PULLBACK -> EXHAUSTION -> FAKE_BREAKOUT -> EXIT,28,FAKE_BREAKOUT,1.5255
long_2026-06-10T180000_AVNTUSDT,long,2026-06-10 18:00:00,AVNTUSDT,EARLY_BREAKOUT -> ACCELERATION -> EARLY_BREAKOUT -> HEALTHY_TREND -> WEAK_TREND -> ACCELERATION -> HEALTHY_TREND -> PULLBACK -> EXHAUSTION -> FAKE_BREAKOUT -> ACCELERATION -> PULLBACK -> ACCELERATION -> PULLBACK -> ACCELERATION -> PULLBACK -> EXHAUSTION -> PULLBACK -> EXHAUSTION -> ACCELERATION -> PULLBACK -> EXHAUSTION -> PULLBACK -> ACCELERATION -> HEALTHY_TREND -> WEAK_TREND -> PULLBACK -> FAKE_BREAKOUT -> PULLBACK -> EXHAUSTION -> ACCELERATION -> EXHAUSTION -> PULLBACK -> FAKE_BREAKOUT -> REVERSAL -> EXIT,35,REVERSAL,-1.0721
long_2026-06-10T180000_UAIUSDT,long,2026-06-10 18:00:00,UAIUSDT,EARLY_BREAKOUT -> ACCELERATION -> HEALTHY_TREND -> EXHAUSTION -> ACCELERATION -> PULLBACK -> ACCELERATION -> HEALTHY_TREND -> EXHAUSTION -> ACCELERATION -> EXHAUSTION -> PULLBACK -> ACCELERATION -> WEAK_TREND -> ACCELERATION -> PULLBACK -> HEALTHY_TREND -> WEAK_TREND -> ACCELERATION -> HEALTHY_TREND -> WEAK_TREND -> PULLBACK -> EXHAUSTION -> PULLBACK -> EXHAUSTION -> FAKE_BREAKOUT -> ACCELERATION -> WEAK_TREND -> ACCELERATION -> PULLBACK -> ACCELERATION -> PULLBACK -> ACCELERATION -> PULLBACK -> EXIT,34,PULLBACK,10.3427
long_2026-06-10T180000_HYPERUSDT,long,2026-06-10 18:00:00,HYPERUSDT,EARLY_BREAKOUT -> ACCELERATION -> HEALTHY_TREND -> WEAK_TREND -> ACCELERATION -> WEAK_TREND -> REVERSAL -> ACCELERATION -> WEAK_TREND -> ACCELERATION -> REVERSAL -> EXIT,11,REVERSAL,-5.9624
long_2026-06-10T180000_USELESSUSDT,long,2026-06-10 18:00:00,USELESSUSDT,EARLY_BREAKOUT -> ACCELERATION -> HEALTHY_TREND -> ACCELERATION -> WEAK_TREND -> REVERSAL -> WEAK_TREND -> REVERSAL -> ACCELERATION -> EXHAUSTION -> ACCELERATION -> WEAK_TREND -> EXHAUSTION -> ACCELERATION -> HEALTHY_TREND -> WEAK_TREND -> PULLBACK -> FAKE_BREAKOUT -> REVERSAL -> FAKE_BREAKOUT -> REVERSAL -> FAKE_BREAKOUT -> ACCELERATION -> FAKE_BREAKOUT -> REVERSAL -> EXIT,25,REVERSAL,-3.0407
short_2026-06-10T180000_VELVETUSDT,short,2026-06-10 18:00:00,VELVETUSDT,EARLY_BREAKOUT -> WEAK_TREND -> ACCELERATION -> HEALTHY_TREND -> ACCELERATION -> PULLBACK -> ACCELERATION -> PULLBACK -> HEALTHY_TREND -> ACCELERATION -> HEALTHY_TREND -> ACCELERATION -> HEALTHY_TREND -> PULLBACK -> EXHAUSTION -> FAKE_BREAKOUT -> REVERSAL -> EXIT,17,REVERSAL,-92.3415
short_2026-06-10T180000_UBUSDT,short,2026-06-10 18:00:00,UBUSDT,EARLY_BREAKOUT -> REVERSAL -> ACCELERATION -> PULLBACK -> ACCELERATION -> PULLBACK -> ACCELERATION -> PULLBACK -> ACCELERATION -> PULLBACK -> ACCELERATION -> PULLBACK -> ACCELERATION -> WEAK_TREND -> PULLBACK -> EXHAUSTION -> PULLBACK -> ACCELERATION -> PULLBACK -> ACCELERATION -> PULLBACK -> EXHAUSTION -> ACCELERATION -> PULLBACK -> ACCELERATION -> PULLBACK -> ACCELERATION -> EXIT,27,ACCELERATION,8.7063
short_2026-06-10T180000_ESPORTSUSDT,short,2026-06-10 18:00:00,ESPORTSUSDT,EARLY_BREAKOUT -> REVERSAL -> ACCELERATION -> EARLY_BREAKOUT -> PULLBACK -> FAKE_BREAKOUT -> ACCELERATION -> PULLBACK -> REVERSAL -> FAKE_BREAKOUT -> REVERSAL -> EXIT,11,REVERSAL,-0.9042
short_2026-06-10T180000_HEIUSDT,short,2026-06-10 18:00:00,HEIUSDT,EARLY_BREAKOUT -> ACCELERATION -> EARLY_BREAKOUT -> HEALTHY_TREND -> ACCELERATION -> HEALTHY_TREND -> ACCELERATION -> WEAK_TREND -> ACCELERATION -> HEALTHY_TREND -> WEAK_TREND -> ACCELERATION -> WEAK_TREND -> ACCELERATION -> WEAK_TREND -> HEALTHY_TREND -> WEAK_TREND -> ACCELERATION -> PULLBACK -> EXHAUSTION -> PULLBACK -> EXHAUSTION -> PULLBACK -> ACCELERATION -> PULLBACK -> ACCELERATION -> PULLBACK -> ACCELERATION -> PULLBACK -> ACCELERATION -> PULLBACK -> ACCELERATION -> PULLBACK -> ACCELERATION -> HEALTHY_TREND -> ACCELERATION -> EXIT,36,ACCELERATION,10.3827
short_2026-06-10T180000_IOUSDT,short,2026-06-10 18:00:00,IOUSDT,EARLY_BREAKOUT -> WEAK_TREND -> ACCELERATION -> EARLY_BREAKOUT -> WEAK_TREND -> FAKE_BREAKOUT -> REVERSAL -> FAKE_BREAKOUT -> PULLBACK -> ACCELERATION -> EXHAUSTION -> FAKE_BREAKOUT -> REVERSAL -> FAKE_BREAKOUT -> REVERSAL -> FAKE_BREAKOUT -> REVERSAL -> FAKE_BREAKOUT -> EXIT,18,FAKE_BREAKOUT,0.8772
long_2026-06-10T200000_ESPORTSUSDT,long,2026-06-10 20:00:00,ESPORTSUSDT,EARLY_BREAKOUT -> ACCELERATION -> WEAK_TREND -> ACCELERATION -> HEALTHY_TREND -> PULLBACK -> ACCELERATION -> PULLBACK -> ACCELERATION -> HEALTHY_TREND -> ACCELERATION -> WEAK_TREND -> PULLBACK -> ACCELERATION -> EXHAUSTION -> PULLBACK -> EXHAUSTION -> ACCELERATION -> WEAK_TREND -> ACCELERATION -> HEALTHY_TREND -> WEAK_TREND -> PULLBACK -> FAKE_BREAKOUT -> PULLBACK -> FAKE_BREAKOUT -> REVERSAL -> FAKE_BREAKOUT -> REVERSAL -> FAKE_BREAKOUT -> EXIT,30,FAKE_BREAKOUT,3.739
long_2026-06-10T200000_MAGMAUSDT,long,2026-06-10 20:00:00,MAGMAUSDT,EARLY_BREAKOUT -> WEAK_TREND -> ACCELERATION -> WEAK_TREND -> ACCELERATION -> PULLBACK -> ACCELERATION -> EXHAUSTION -> PULLBACK -> ACCELERATION -> WEAK_TREND -> PULLBACK -> ACCELERATION -> PULLBACK -> ACCELERATION -> WEAK_TREND -> PULLBACK -> ACCELERATION -> WEAK_TREND -> PULLBACK -> HEALTHY_TREND -> EXHAUSTION -> PULLBACK -> EXHAUSTION -> FAKE_BREAKOUT -> ACCELERATION -> PULLBACK -> ACCELERATION -> EXHAUSTION -> ACCELERATION -> FAKE_BREAKOUT -> ACCELERATION -> FAKE_BREAKOUT -> EXIT,33,FAKE_BREAKOUT,3.6309
long_2026-06-10T200000_STGUSDT,long,2026-06-10 20:00:00,STGUSDT,EARLY_BREAKOUT -> WEAK_TREND -> ACCELERATION -> WEAK_TREND -> ACCELERATION -> HEALTHY_TREND -> PULLBACK -> FAKE_BREAKOUT -> PULLBACK -> FAKE_BREAKOUT -> PULLBACK -> FAKE_BREAKOUT -> PULLBACK -> FAKE_BREAKOUT -> REVERSAL -> FAKE_BREAKOUT -> REVERSAL -> FAKE_BREAKOUT -> EXIT,18,FAKE_BREAKOUT,3.742
long_2026-06-10T200000_MELANIAUSDT,long,2026-06-10 20:00:00,MELANIAUSDT,EARLY_BREAKOUT -> REVERSAL -> ACCELERATION -> PULLBACK -> ACCELERATION -> HEALTHY_TREND -> WEAK_TREND -> ACCELERATION -> WEAK_TREND -> PULLBACK -> EXHAUSTION -> HEALTHY_TREND -> EXHAUSTION -> FAKE_BREAKOUT -> PULLBACK -> FAKE_BREAKOUT -> REVERSAL -> FAKE_BREAKOUT -> REVERSAL -> FAKE_BREAKOUT -> REVERSAL -> EXIT,21,REVERSAL,-2.7299
long_2026-06-10T200000_GUAUSDT,long,2026-06-10 20:00:00,GUAUSDT,EARLY_BREAKOUT -> ACCELERATION -> FAKE_BREAKOUT -> REVERSAL -> FAKE_BREAKOUT -> ACCELERATION -> PULLBACK -> FAKE_BREAKOUT -> ACCELERATION -> HEALTHY_TREND -> PULLBACK -> REVERSAL -> EXIT,12,REVERSAL,-17.3057
short_2026-06-10T200000_EVAAUSDT,short,2026-06-10 20:00:00,EVAAUSDT,EARLY_BREAKOUT -> ACCELERATION -> HEALTHY_TREND -> WEAK_TREND -> ACCELERATION -> PULLBACK -> HEALTHY_TREND -> PULLBACK -> ACCELERATION -> PULLBACK -> ACCELERATION -> WEAK_TREND -> ACCELERATION -> WEAK_TREND -> PULLBACK -> HEALTHY_TREND -> PULLBACK -> EXHAUSTION -> PULLBACK -> ACCELERATION -> WEAK_TREND -> PULLBACK -> ACCELERATION -> HEALTHY_TREND -> PULLBACK -> ACCELERATION -> EXIT,26,ACCELERATION,14.6156
short_2026-06-10T200000_ALLOUSDT,short,2026-06-10 20:00:00,ALLOUSDT,EARLY_BREAKOUT -> ACCELERATION -> HEALTHY_TREND -> ACCELERATION -> HEALTHY_TREND -> PULLBACK -> ACCELERATION -> HEALTHY_TREND -> PULLBACK -> ACCELERATION -> PULLBACK -> ACCELERATION -> PULLBACK -> ACCELERATION -> PULLBACK -> ACCELERATION -> PULLBACK -> ACCELERATION -> PULLBACK -> ACCELERATION -> WEAK_TREND -> ACCELERATION -> HEALTHY_TREND -> ACCELERATION -> WEAK_TREND -> PULLBACK -> HEALTHY_TREND -> WEAK_TREND -> PULLBACK -> ACCELERATION -> PULLBACK -> EXIT,31,PULLBACK,11.5666
short_2026-06-10T200000_ICNTUSDT,short,2026-06-10 20:00:00,ICNTUSDT,EARLY_BREAKOUT -> ACCELERATION -> EARLY_BREAKOUT -> HEALTHY_TREND -> WEAK_TREND -> PULLBACK -> HEALTHY_TREND -> WEAK_TREND -> ACCELERATION -> HEALTHY_TREND -> WEAK_TREND -> PULLBACK -> ACCELERATION -> WEAK_TREND -> PULLBACK -> ACCELERATION -> HEALTHY_TREND -> ACCELERATION -> WEAK_TREND -> ACCELERATION -> WEAK_TREND -> ACCELERATION -> WEAK_TREND -> PULLBACK -> HEALTHY_TREND -> WEAK_TREND -> ACCELERATION -> HEALTHY_TREND -> WEAK_TREND -> ACCELERATION -> HEALTHY_TREND -> ACCELERATION -> WEAK_TREND -> PULLBACK -> HEALTHY_TREND -> WEAK_TREND -> ACCELERATION -> WEAK_TREND -> EXIT,38,WEAK_TREND,9.1443
short_2026-06-10T200000_JTOUSDT,short,2026-06-10 20:00:00,JTOUSDT,EARLY_BREAKOUT -> ACCELERATION -> HEALTHY_TREND -> ACCELERATION -> WEAK_TREND -> ACCELERATION -> PULLBACK -> EXHAUSTION -> FAKE_BREAKOUT -> REVERSAL -> FAKE_BREAKOUT -> REVERSAL -> FAKE_BREAKOUT -> PULLBACK -> EXHAUSTION -> FAKE_BREAKOUT -> ACCELERATION -> EXHAUSTION -> ACCELERATION -> HEALTHY_TREND -> WEAK_TREND -> PULLBACK -> ACCELERATION -> WEAK_TREND -> ACCELERATION -> HEALTHY_TREND -> PULLBACK -> HEALTHY_TREND -> EXIT,28,HEALTHY_TREND,5.9997
short_2026-06-10T200000_IOUSDT,short,2026-06-10 20:00:00,IOUSDT,EARLY_BREAKOUT -> ACCELERATION -> PULLBACK -> EXHAUSTION -> FAKE_BREAKOUT -> REVERSAL -> FAKE_BREAKOUT -> REVERSAL -> FAKE_BREAKOUT -> REVERSAL -> FAKE_BREAKOUT -> ACCELERATION -> PULLBACK -> ACCELERATION -> PULLBACK -> HEALTHY_TREND -> EXIT,16,HEALTHY_TREND,4.2467
long_2026-06-10T220000_FOLKSUSDT,long,2026-06-10 22:00:00,FOLKSUSDT,EARLY_BREAKOUT -> ACCELERATION -> EARLY_BREAKOUT -> HEALTHY_TREND -> PULLBACK -> ACCELERATION -> WEAK_TREND -> HEALTHY_TREND -> ACCELERATION -> WEAK_TREND -> ACCELERATION -> HEALTHY_TREND -> PULLBACK -> ACCELERATION -> HEALTHY_TREND -> ACCELERATION -> HEALTHY_TREND -> ACCELERATION -> WEAK_TREND -> PULLBACK -> EXHAUSTION -> FAKE_BREAKOUT -> PULLBACK -> EXHAUSTION -> FAKE_BREAKOUT -> PULLBACK -> ACCELERATION -> EXHAUSTION -> PULLBACK -> EXHAUSTION -> PULLBACK -> EXHAUSTION -> ACCELERATION -> PULLBACK -> EXIT,34,PULLBACK,20.9995
long_2026-06-10T220000_ZESTUSDT,long,2026-06-10 22:00:00,ZESTUSDT,EARLY_BREAKOUT -> ACCELERATION -> EARLY_BREAKOUT -> ACCELERATION -> EXHAUSTION -> FAKE_BREAKOUT -> PULLBACK -> ACCELERATION -> PULLBACK -> ACCELERATION -> HEALTHY_TREND -> PULLBACK -> ACCELERATION -> HEALTHY_TREND -> WEAK_TREND -> ACCELERATION -> PULLBACK -> ACCELERATION -> HEALTHY_TREND -> EXIT,19,HEALTHY_TREND,20.1703
long_2026-06-10T220000_ESPORTSUSDT,long,2026-06-10 22:00:00,ESPORTSUSDT,EARLY_BREAKOUT -> ACCELERATION -> HEALTHY_TREND -> ACCELERATION -> WEAK_TREND -> EXHAUSTION -> PULLBACK -> ACCELERATION -> FAKE_BREAKOUT -> PULLBACK -> EXHAUSTION -> PULLBACK -> FAKE_BREAKOUT -> PULLBACK -> FAKE_BREAKOUT -> REVERSAL -> ACCELERATION -> WEAK_TREND -> ACCELERATION -> HEALTHY_TREND -> WEAK_TREND -> PULLBACK -> FAKE_BREAKOUT -> REVERSAL -> EXIT,24,REVERSAL,-7.788
long_2026-06-10T220000_WLFIUSDT,long,2026-06-10 22:00:00,WLFIUSDT,EARLY_BREAKOUT -> WEAK_TREND -> ACCELERATION -> HEALTHY_TREND -> PULLBACK -> EXHAUSTION -> PULLBACK -> HEALTHY_TREND -> PULLBACK -> ACCELERATION -> WEAK_TREND -> PULLBACK -> ACCELERATION -> PULLBACK -> EXHAUSTION -> PULLBACK -> EXHAUSTION -> PULLBACK -> EXHAUSTION -> ACCELERATION -> PULLBACK -> EXHAUSTION -> FAKE_BREAKOUT -> ACCELERATION -> FAKE_BREAKOUT -> PULLBACK -> FAKE_BREAKOUT -> ACCELERATION -> EXHAUSTION -> ACCELERATION -> PULLBACK -> EXIT,31,PULLBACK,4.2661
long_2026-06-10T220000_BANUSDT,long,2026-06-10 22:00:00,BANUSDT,EARLY_BREAKOUT -> WEAK_TREND -> ACCELERATION -> HEALTHY_TREND -> WEAK_TREND -> EXHAUSTION -> PULLBACK -> FAKE_BREAKOUT -> ACCELERATION -> WEAK_TREND -> EXHAUSTION -> ACCELERATION -> WEAK_TREND -> PULLBACK -> EXHAUSTION -> PULLBACK -> EXHAUSTION -> ACCELERATION -> PULLBACK -> EXHAUSTION -> ACCELERATION -> EXHAUSTION -> PULLBACK -> ACCELERATION -> PULLBACK -> FAKE_BREAKOUT -> PULLBACK -> ACCELERATION -> EXHAUSTION -> FAKE_BREAKOUT -> EXIT,30,FAKE_BREAKOUT,1.5143
short_2026-06-10T220000_SKYAIUSDT,short,2026-06-10 22:00:00,SKYAIUSDT,EARLY_BREAKOUT -> EXHAUSTION -> ACCELERATION -> HEALTHY_TREND -> ACCELERATION -> HEALTHY_TREND -> PULLBACK -> FAKE_BREAKOUT -> REVERSAL -> FAKE_BREAKOUT -> REVERSAL -> EXIT,11,REVERSAL,-4.7666
short_2026-06-10T220000_BTWUSDT,short,2026-06-10 22:00:00,BTWUSDT,EARLY_BREAKOUT -> FAKE_BREAKOUT -> ACCELERATION -> PULLBACK -> EXHAUSTION -> FAKE_BREAKOUT -> ACCELERATION -> PULLBACK -> EXHAUSTION -> ACCELERATION -> EXHAUSTION -> FAKE_BREAKOUT -> REVERSAL -> FAKE_BREAKOUT -> PULLBACK -> EXHAUSTION -> FAKE_BREAKOUT -> ACCELERATION -> PULLBACK -> ACCELERATION -> WEAK_TREND -> PULLBACK -> ACCELERATION -> PULLBACK -> ACCELERATION -> PULLBACK -> ACCELERATION -> HEALTHY_TREND -> PULLBACK -> EXHAUSTION -> FAKE_BREAKOUT -> REVERSAL -> FAKE_BREAKOUT -> EXIT,33,FAKE_BREAKOUT,2.0649
short_2026-06-10T220000_STGUSDT,short,2026-06-10 22:00:00,STGUSDT,EARLY_BREAKOUT -> FAKE_BREAKOUT -> ACCELERATION -> EXHAUSTION -> ACCELERATION -> FAKE_BREAKOUT -> HEALTHY_TREND -> PULLBACK -> ACCELERATION -> HEALTHY_TREND -> PULLBACK -> EXHAUSTION -> PULLBACK -> EXHAUSTION -> PULLBACK -> HEALTHY_TREND -> ACCELERATION -> WEAK_TREND -> ACCELERATION -> PULLBACK -> ACCELERATION -> PULLBACK -> ACCELERATION -> HEALTHY_TREND -> PULLBACK -> ACCELERATION -> HEALTHY_TREND -> PULLBACK -> EXHAUSTION -> FAKE_BREAKOUT -> REVERSAL -> FAKE_BREAKOUT -> REVERSAL -> FAKE_BREAKOUT -> REVERSAL -> FAKE_BREAKOUT -> EXIT,36,FAKE_BREAKOUT,0.0689
short_2026-06-10T220000_ATOMUSDT,short,2026-06-10 22:00:00,ATOMUSDT,EARLY_BREAKOUT -> WEAK_TREND -> ACCELERATION -> WEAK_TREND -> ACCELERATION -> WEAK_TREND -> HEALTHY_TREND -> WEAK_TREND -> ACCELERATION -> WEAK_TREND -> ACCELERATION -> HEALTHY_TREND -> WEAK_TREND -> ACCELERATION -> WEAK_TREND -> HEALTHY_TREND -> WEAK_TREND -> ACCELERATION -> HEALTHY_TREND -> ACCELERATION -> HEALTHY_TREND -> ACCELERATION -> WEAK_TREND -> ACCELERATION -> HEALTHY_TREND -> WEAK_TREND -> ACCELERATION -> HEALTHY_TREND -> WEAK_TREND -> HEALTHY_TREND -> PULLBACK -> EXHAUSTION -> PULLBACK -> EXHAUSTION -> EXIT,34,EXHAUSTION,2.0697
short_2026-06-10T220000_RIFUSDT,short,2026-06-10 22:00:00,RIFUSDT,EARLY_BREAKOUT -> ACCELERATION -> WEAK_TREND -> ACCELERATION -> WEAK_TREND -> HEALTHY_TREND -> WEAK_TREND -> PULLBACK -> HEALTHY_TREND -> FAKE_BREAKOUT -> REVERSAL -> FAKE_BREAKOUT -> REVERSAL -> FAKE_BREAKOUT -> ACCELERATION -> EXHAUSTION -> ACCELERATION -> FAKE_BREAKOUT -> REVERSAL -> FAKE_BREAKOUT -> ACCELERATION -> FAKE_BREAKOUT -> REVERSAL -> FAKE_BREAKOUT -> REVERSAL -> FAKE_BREAKOUT -> EXIT,26,FAKE_BREAKOUT,0.4411
long_2026-06-11T000000_OPNUSDT,long,2026-06-11 00:00:00,OPNUSDT,EARLY_BREAKOUT -> ACCELERATION -> EARLY_BREAKOUT -> PULLBACK -> ACCELERATION -> HEALTHY_TREND -> PULLBACK -> EXHAUSTION -> PULLBACK -> EXHAUSTION -> PULLBACK -> EXHAUSTION -> ACCELERATION -> EXHAUSTION -> FAKE_BREAKOUT -> ACCELERATION -> PULLBACK -> EXHAUSTION -> FAKE_BREAKOUT -> PULLBACK -> FAKE_BREAKOUT -> EXIT,21,FAKE_BREAKOUT,8.3514
long_2026-06-11T000000_HUSDT,long,2026-06-11 00:00:00,HUSDT,EARLY_BREAKOUT -> ACCELERATION -> WEAK_TREND -> ACCELERATION -> FAKE_BREAKOUT -> PULLBACK -> REVERSAL -> FAKE_BREAKOUT -> ACCELERATION -> PULLBACK -> ACCELERATION -> PULLBACK -> FAKE_BREAKOUT -> ACCELERATION -> PULLBACK -> EXHAUSTION -> ACCELERATION -> PULLBACK -> ACCELERATION -> PULLBACK -> EXHAUSTION -> PULLBACK -> EXHAUSTION -> ACCELERATION -> PULLBACK -> ACCELERATION -> PULLBACK -> ACCELERATION -> PULLBACK -> EXHAUSTION -> PULLBACK -> EXIT,31,PULLBACK,14.9791
long_2026-06-11T000000_ORDIUSDT,long,2026-06-11 00:00:00,ORDIUSDT,EARLY_BREAKOUT -> ACCELERATION -> EARLY_BREAKOUT -> ACCELERATION -> EXHAUSTION -> ACCELERATION -> FAKE_BREAKOUT -> PULLBACK -> FAKE_BREAKOUT -> PULLBACK -> FAKE_BREAKOUT -> ACCELERATION -> FAKE_BREAKOUT -> REVERSAL -> FAKE_BREAKOUT -> ACCELERATION -> FAKE_BREAKOUT -> ACCELERATION -> EXHAUSTION -> ACCELERATION -> FAKE_BREAKOUT -> EXIT,21,FAKE_BREAKOUT,1.9072
long_2026-06-11T000000_BSBUSDT,long,2026-06-11 00:00:00,BSBUSDT,EARLY_BREAKOUT -> REVERSAL -> ACCELERATION -> EARLY_BREAKOUT -> PULLBACK -> ACCELERATION -> WEAK_TREND -> REVERSAL -> ACCELERATION -> HEALTHY_TREND -> FAKE_BREAKOUT -> ACCELERATION -> WEAK_TREND -> FAKE_BREAKOUT -> HEALTHY_TREND -> ACCELERATION -> HEALTHY_TREND -> PULLBACK -> ACCELERATION -> HEALTHY_TREND -> EXHAUSTION -> ACCELERATION -> EXHAUSTION -> PULLBACK -> FAKE_BREAKOUT -> PULLBACK -> FAKE_BREAKOUT -> ACCELERATION -> PULLBACK -> ACCELERATION -> EXHAUSTION -> ACCELERATION -> PULLBACK -> ACCELERATION -> HEALTHY_TREND -> ACCELERATION -> PULLBACK -> EXHAUSTION -> PULLBACK -> EXIT,39,PULLBACK,4.9506
long_2026-06-11T000000_UBUSDT,long,2026-06-11 00:00:00,UBUSDT,EARLY_BREAKOUT -> REVERSAL -> ACCELERATION -> WEAK_TREND -> EXHAUSTION -> HEALTHY_TREND -> WEAK_TREND -> ACCELERATION -> FAKE_BREAKOUT -> REVERSAL -> FAKE_BREAKOUT -> ACCELERATION -> WEAK_TREND -> FAKE_BREAKOUT -> REVERSAL -> FAKE_BREAKOUT -> ACCELERATION -> EXHAUSTION -> FAKE_BREAKOUT -> ACCELERATION -> FAKE_BREAKOUT -> ACCELERATION -> HEALTHY_TREND -> WEAK_TREND -> FAKE_BREAKOUT -> REVERSAL -> FAKE_BREAKOUT -> EXIT,27,FAKE_BREAKOUT,0.9676
short_2026-06-11T000000_STGUSDT,short,2026-06-11 00:00:00,STGUSDT,EARLY_BREAKOUT -> WEAK_TREND -> ACCELERATION -> EARLY_BREAKOUT -> PULLBACK -> FAKE_BREAKOUT -> PULLBACK -> HEALTHY_TREND -> ACCELERATION -> WEAK_TREND -> ACCELERATION -> PULLBACK -> ACCELERATION -> PULLBACK -> ACCELERATION -> HEALTHY_TREND -> PULLBACK -> ACCELERATION -> HEALTHY_TREND -> PULLBACK -> EXHAUSTION -> FAKE_BREAKOUT -> REVERSAL -> ACCELERATION -> FAKE_BREAKOUT -> ACCELERATION -> PULLBACK -> FAKE_BREAKOUT -> EXIT,28,FAKE_BREAKOUT,2.9557
short_2026-06-11T000000_BEATUSDT,short,2026-06-11 00:00:00,BEATUSDT,EARLY_BREAKOUT -> ACCELERATION -> EARLY_BREAKOUT -> REVERSAL -> FAKE_BREAKOUT -> ACCELERATION -> REVERSAL -> FAKE_BREAKOUT -> REVERSAL -> FAKE_BREAKOUT -> REVERSAL -> EXIT,11,REVERSAL,-19.0542
short_2026-06-11T000000_BTWUSDT,short,2026-06-11 00:00:00,BTWUSDT,EARLY_BREAKOUT -> REVERSAL -> ACCELERATION -> WEAK_TREND -> FAKE_BREAKOUT -> ACCELERATION -> FAKE_BREAKOUT -> REVERSAL -> FAKE_BREAKOUT -> REVERSAL -> ACCELERATION -> PULLBACK -> ACCELERATION -> WEAK_TREND -> FAKE_BREAKOUT -> ACCELERATION -> EXHAUSTION -> PULLBACK -> ACCELERATION -> PULLBACK -> ACCELERATION -> HEALTHY_TREND -> PULLBACK -> EXHAUSTION -> FAKE_BREAKOUT -> REVERSAL -> FAKE_BREAKOUT -> REVERSAL -> ACCELERATION -> FAKE_BREAKOUT -> EXIT,30,FAKE_BREAKOUT,13.2008
short_2026-06-11T000000_OPENUSDT,short,2026-06-11 00:00:00,OPENUSDT,EARLY_BREAKOUT -> ACCELERATION -> WEAK_TREND -> ACCELERATION -> HEALTHY_TREND -> ACCELERATION -> HEALTHY_TREND -> ACCELERATION -> WEAK_TREND -> HEALTHY_TREND -> ACCELERATION -> WEAK_TREND -> ACCELERATION -> HEALTHY_TREND -> WEAK_TREND -> HEALTHY_TREND -> PULLBACK -> ACCELERATION -> HEALTHY_TREND -> ACCELERATION -> HEALTHY_TREND -> WEAK_TREND -> PULLBACK -> ACCELERATION -> PULLBACK -> EXHAUSTION -> FAKE_BREAKOUT -> PULLBACK -> EXHAUSTION -> PULLBACK -> EXHAUSTION -> PULLBACK -> EXHAUSTION -> FAKE_BREAKOUT -> ACCELERATION -> EXHAUSTION -> EXIT,36,EXHAUSTION,3.3193
short_2026-06-11T000000_ESPORTSUSDT,short,2026-06-11 00:00:00,ESPORTSUSDT,EARLY_BREAKOUT -> REVERSAL -> ACCELERATION -> FAKE_BREAKOUT -> REVERSAL -> FAKE_BREAKOUT -> ACCELERATION -> FAKE_BREAKOUT -> ACCELERATION -> HEALTHY_TREND -> ACCELERATION -> REVERSAL -> FAKE_BREAKOUT -> REVERSAL -> ACCELERATION -> HEALTHY_TREND -> PULLBACK -> ACCELERATION -> PULLBACK -> EXHAUSTION -> PULLBACK -> ACCELERATION -> PULLBACK -> ACCELERATION -> PULLBACK -> ACCELERATION -> PULLBACK -> EXIT,27,PULLBACK,10.0313
long_2026-06-11T020000_AIOUSDT,long,2026-06-11 02:00:00,AIOUSDT,EARLY_BREAKOUT -> ACCELERATION -> EARLY_BREAKOUT -> WEAK_TREND -> ACCELERATION -> HEALTHY_TREND -> WEAK_TREND -> ACCELERATION -> WEAK_TREND -> ACCELERATION -> WEAK_TREND -> PULLBACK -> ACCELERATION -> HEALTHY_TREND -> WEAK_TREND -> ACCELERATION -> HEALTHY_TREND -> WEAK_TREND -> ACCELERATION -> HEALTHY_TREND -> ACCELERATION -> PULLBACK -> ACCELERATION -> HEALTHY_TREND -> PULLBACK -> ACCELERATION -> HEALTHY_TREND -> ACCELERATION -> PULLBACK -> EXHAUSTION -> PULLBACK -> EXIT,31,PULLBACK,67.626
long_2026-06-11T020000_BSBUSDT,long,2026-06-11 02:00:00,BSBUSDT,EARLY_BREAKOUT -> ACCELERATION -> EXHAUSTION -> ACCELERATION -> WEAK_TREND -> PULLBACK -> HEALTHY_TREND -> ACCELERATION -> HEALTHY_TREND -> PULLBACK -> ACCELERATION -> HEALTHY_TREND -> PULLBACK -> ACCELERATION -> PULLBACK -> EXHAUSTION -> PULLBACK -> EXHAUSTION -> PULLBACK -> EXHAUSTION -> FAKE_BREAKOUT -> ACCELERATION -> PULLBACK -> ACCELERATION -> PULLBACK -> ACCELERATION -> PULLBACK -> ACCELERATION -> HEALTHY_TREND -> ACCELERATION -> PULLBACK -> ACCELERATION -> HEALTHY_TREND -> PULLBACK -> ACCELERATION -> EXHAUSTION -> EXIT,36,EXHAUSTION,6.4168
long_2026-06-11T020000_BTWUSDT,long,2026-06-11 02:00:00,BTWUSDT,EARLY_BREAKOUT -> ACCELERATION -> EARLY_BREAKOUT -> WEAK_TREND -> ACCELERATION -> FAKE_BREAKOUT -> REVERSAL -> ACCELERATION -> REVERSAL -> FAKE_BREAKOUT -> REVERSAL -> EXIT,11,REVERSAL,-18.0654
long_2026-06-11T020000_FOLKSUSDT,long,2026-06-11 02:00:00,FOLKSUSDT,EARLY_BREAKOUT -> ACCELERATION -> WEAK_TREND -> ACCELERATION -> HEALTHY_TREND -> ACCELERATION -> WEAK_TREND -> PULLBACK -> EXHAUSTION -> REVERSAL -> ACCELERATION -> PULLBACK -> REVERSAL -> FAKE_BREAKOUT -> REVERSAL -> EXIT,15,REVERSAL,-12.6186
long_2026-06-11T020000_IOUSDT,long,2026-06-11 02:00:00,IOUSDT,EARLY_BREAKOUT -> ACCELERATION -> EARLY_BREAKOUT -> FAKE_BREAKOUT -> ACCELERATION -> FAKE_BREAKOUT -> ACCELERATION -> PULLBACK -> FAKE_BREAKOUT -> PULLBACK -> FAKE_BREAKOUT -> PULLBACK -> REVERSAL -> FAKE_BREAKOUT -> ACCELERATION -> FAKE_BREAKOUT -> ACCELERATION -> FAKE_BREAKOUT -> REVERSAL -> EXIT,19,REVERSAL,-1.0926
short_2026-06-11T020000_BIRBUSDT,short,2026-06-11 02:00:00,BIRBUSDT,EARLY_BREAKOUT -> ACCELERATION -> HEALTHY_TREND -> PULLBACK -> EXHAUSTION -> PULLBACK -> EXHAUSTION -> ACCELERATION -> HEALTHY_TREND -> PULLBACK -> ACCELERATION -> HEALTHY_TREND -> WEAK_TREND -> ACCELERATION -> PULLBACK -> ACCELERATION -> HEALTHY_TREND -> PULLBACK -> ACCELERATION -> WEAK_TREND -> PULLBACK -> ACCELERATION -> WEAK_TREND -> PULLBACK -> EXIT,24,PULLBACK,10.3688
short_2026-06-11T020000_GUAUSDT,short,2026-06-11 02:00:00,GUAUSDT,EARLY_BREAKOUT -> ACCELERATION -> WEAK_TREND -> ACCELERATION -> WEAK_TREND -> ACCELERATION -> HEALTHY_TREND -> FAKE_BREAKOUT -> PULLBACK -> EXHAUSTION -> ACCELERATION -> PULLBACK -> ACCELERATION -> PULLBACK -> EXHAUSTION -> PULLBACK -> EXHAUSTION -> PULLBACK -> EXHAUSTION -> FAKE_BREAKOUT -> ACCELERATION -> PULLBACK -> ACCELERATION -> EXHAUSTION -> ACCELERATION -> EXHAUSTION -> FAKE_BREAKOUT -> REVERSAL -> EXIT,28,REVERSAL,-2.461
short_2026-06-11T020000_STGUSDT,short,2026-06-11 02:00:00,STGUSDT,EARLY_BREAKOUT -> ACCELERATION -> EARLY_BREAKOUT -> ACCELERATION -> WEAK_TREND -> ACCELERATION -> PULLBACK -> ACCELERATION -> PULLBACK -> ACCELERATION -> HEALTHY_TREND -> PULLBACK -> ACCELERATION -> HEALTHY_TREND -> EXHAUSTION -> FAKE_BREAKOUT -> REVERSAL -> FAKE_BREAKOUT -> ACCELERATION -> PULLBACK -> EXHAUSTION -> FAKE_BREAKOUT -> PULLBACK -> EXHAUSTION -> ACCELERATION -> FAKE_BREAKOUT -> REVERSAL -> EXIT,27,REVERSAL,-0.0238
short_2026-06-11T020000_BRUSDT,short,2026-06-11 02:00:00,BRUSDT,EARLY_BREAKOUT -> WEAK_TREND -> ACCELERATION -> HEALTHY_TREND -> WEAK_TREND -> ACCELERATION -> WEAK_TREND -> ACCELERATION -> WEAK_TREND -> ACCELERATION -> WEAK_TREND -> ACCELERATION -> PULLBACK -> ACCELERATION -> WEAK_TREND -> PULLBACK -> ACCELERATION -> WEAK_TREND -> PULLBACK -> HEALTHY_TREND -> PULLBACK -> EXHAUSTION -> FAKE_BREAKOUT -> REVERSAL -> FAKE_BREAKOUT -> REVERSAL -> FAKE_BREAKOUT -> EXIT,27,FAKE_BREAKOUT,1.9394
short_2026-06-11T020000_HUSDT,short,2026-06-11 02:00:00,HUSDT,EARLY_BREAKOUT -> ACCELERATION -> PULLBACK -> FAKE_BREAKOUT -> REVERSAL -> FAKE_BREAKOUT -> REVERSAL -> EXIT,7,REVERSAL,-15.9644
long_2026-06-11T040000_VELVETUSDT,long,2026-06-11 04:00:00,VELVETUSDT,EARLY_BREAKOUT -> ACCELERATION -> FAKE_BREAKOUT -> PULLBACK -> ACCELERATION -> PULLBACK -> ACCELERATION -> PULLBACK -> FAKE_BREAKOUT -> PULLBACK -> ACCELERATION -> HEALTHY_TREND -> ACCELERATION -> HEALTHY_TREND -> PULLBACK -> ACCELERATION -> PULLBACK -> ACCELERATION -> PULLBACK -> EXHAUSTION -> PULLBACK -> ACCELERATION -> PULLBACK -> ACCELERATION -> EXHAUSTION -> PULLBACK -> EXHAUSTION -> ACCELERATION -> PULLBACK -> ACCELERATION -> HEALTHY_TREND -> PULLBACK -> EXIT,32,PULLBACK,56.615
long_2026-06-11T040000_ZESTUSDT,long,2026-06-11 04:00:00,ZESTUSDT,EARLY_BREAKOUT -> ACCELERATION -> EARLY_BREAKOUT -> EXHAUSTION -> HEALTHY_TREND -> PULLBACK -> ACCELERATION -> HEALTHY_TREND -> PULLBACK -> EXHAUSTION -> PULLBACK -> ACCELERATION -> HEALTHY_TREND -> WEAK_TREND -> ACCELERATION -> PULLBACK -> ACCELERATION -> HEALTHY_TREND -> WEAK_TREND -> ACCELERATION -> PULLBACK -> EXHAUSTION -> PULLBACK -> ACCELERATION -> PULLBACK -> ACCELERATION -> PULLBACK -> ACCELERATION -> PULLBACK -> ACCELERATION -> PULLBACK -> ACCELERATION -> EXIT,32,ACCELERATION,17.8983
long_2026-06-11T040000_BSBUSDT,long,2026-06-11 04:00:00,BSBUSDT,EARLY_BREAKOUT -> ACCELERATION -> HEALTHY_TREND -> PULLBACK -> ACCELERATION -> HEALTHY_TREND -> EXHAUSTION -> ACCELERATION -> FAKE_BREAKOUT -> PULLBACK -> EXHAUSTION -> FAKE_BREAKOUT -> REVERSAL -> FAKE_BREAKOUT -> REVERSAL -> FAKE_BREAKOUT -> ACCELERATION -> EXHAUSTION -> ACCELERATION -> HEALTHY_TREND -> ACCELERATION -> PULLBACK -> FAKE_BREAKOUT -> PULLBACK -> FAKE_BREAKOUT -> PULLBACK -> ACCELERATION -> HEALTHY_TREND -> PULLBACK -> ACCELERATION -> FAKE_BREAKOUT -> PULLBACK -> ACCELERATION -> FAKE_BREAKOUT -> EXIT,34,FAKE_BREAKOUT,0.8286
long_2026-06-11T040000_AIOUSDT,long,2026-06-11 04:00:00,AIOUSDT,EARLY_BREAKOUT -> ACCELERATION -> WEAK_TREND -> ACCELERATION -> WEAK_TREND -> PULLBACK -> ACCELERATION -> HEALTHY_TREND -> WEAK_TREND -> ACCELERATION -> HEALTHY_TREND -> WEAK_TREND -> ACCELERATION -> HEALTHY_TREND -> ACCELERATION -> PULLBACK -> ACCELERATION -> HEALTHY_TREND -> PULLBACK -> ACCELERATION -> HEALTHY_TREND -> ACCELERATION -> PULLBACK -> EXHAUSTION -> PULLBACK -> ACCELERATION -> PULLBACK -> ACCELERATION -> PULLBACK -> ACCELERATION -> PULLBACK -> EXIT,31,PULLBACK,52.9243
long_2026-06-11T040000_SKYAIUSDT,long,2026-06-11 04:00:00,SKYAIUSDT,EARLY_BREAKOUT -> REVERSAL -> ACCELERATION -> HEALTHY_TREND -> WEAK_TREND -> ACCELERATION -> HEALTHY_TREND -> PULLBACK -> EXHAUSTION -> FAKE_BREAKOUT -> ACCELERATION -> PULLBACK -> FAKE_BREAKOUT -> ACCELERATION -> FAKE_BREAKOUT -> ACCELERATION -> EXHAUSTION -> ACCELERATION -> HEALTHY_TREND -> ACCELERATION -> HEALTHY_TREND -> ACCELERATION -> PULLBACK -> ACCELERATION -> PULLBACK -> EXHAUSTION -> ACCELERATION -> PULLBACK -> ACCELERATION -> PULLBACK -> EXIT,30,PULLBACK,16.0767
short_2026-06-11T040000_HUSDT,short,2026-06-11 04:00:00,HUSDT,EARLY_BREAKOUT -> ACCELERATION -> EXHAUSTION -> ACCELERATION -> PULLBACK -> EXHAUSTION -> FAKE_BREAKOUT -> ACCELERATION -> FAKE_BREAKOUT -> ACCELERATION -> PULLBACK -> ACCELERATION -> EXHAUSTION -> ACCELERATION -> FAKE_BREAKOUT -> PULLBACK -> FAKE_BREAKOUT -> REVERSAL -> FAKE_BREAKOUT -> REVERSAL -> EXIT,20,REVERSAL,-31.8626
short_2026-06-11T040000_ORDIUSDT,short,2026-06-11 04:00:00,ORDIUSDT,EARLY_BREAKOUT -> ACCELERATION -> HEALTHY_TREND -> WEAK_TREND -> ACCELERATION -> HEALTHY_TREND -> ACCELERATION -> HEALTHY_TREND -> WEAK_TREND -> ACCELERATION -> WEAK_TREND -> PULLBACK -> EXHAUSTION -> PULLBACK -> FAKE_BREAKOUT -> PULLBACK -> FAKE_BREAKOUT -> REVERSAL -> FAKE_BREAKOUT -> REVERSAL -> FAKE_BREAKOUT -> PULLBACK -> ACCELERATION -> PULLBACK -> EXHAUSTION -> ACCELERATION -> PULLBACK -> EXIT,27,PULLBACK,4.5159
short_2026-06-11T040000_LITUSDT,short,2026-06-11 04:00:00,LITUSDT,EARLY_BREAKOUT -> ACCELERATION -> EARLY_BREAKOUT -> ACCELERATION -> WEAK_TREND -> ACCELERATION -> HEALTHY_TREND -> ACCELERATION -> PULLBACK -> ACCELERATION -> PULLBACK -> ACCELERATION -> HEALTHY_TREND -> WEAK_TREND -> PULLBACK -> ACCELERATION -> WEAK_TREND -> PULLBACK -> EXHAUSTION -> ACCELERATION -> PULLBACK -> EXHAUSTION -> PULLBACK -> EXHAUSTION -> FAKE_BREAKOUT -> PULLBACK -> EXHAUSTION -> FAKE_BREAKOUT -> ACCELERATION -> EXHAUSTION -> ACCELERATION -> EXHAUSTION -> FAKE_BREAKOUT -> ACCELERATION -> FAKE_BREAKOUT -> EXIT,35,FAKE_BREAKOUT,2.8419
short_2026-06-11T040000_OPNUSDT,short,2026-06-11 04:00:00,OPNUSDT,EARLY_BREAKOUT -> REVERSAL -> ACCELERATION -> HEALTHY_TREND -> ACCELERATION -> HEALTHY_TREND -> ACCELERATION -> HEALTHY_TREND -> PULLBACK -> ACCELERATION -> PULLBACK -> ACCELERATION -> PULLBACK -> EXHAUSTION -> PULLBACK -> ACCELERATION -> PULLBACK -> EXHAUSTION -> FAKE_BREAKOUT -> PULLBACK -> EXHAUSTION -> ACCELERATION -> PULLBACK -> ACCELERATION -> PULLBACK -> EXHAUSTION -> PULLBACK -> ACCELERATION -> PULLBACK -> ACCELERATION -> WEAK_TREND -> EXIT,31,WEAK_TREND,13.6531
short_2026-06-11T040000_STOUSDT,short,2026-06-11 04:00:00,STOUSDT,EARLY_BREAKOUT -> ACCELERATION -> HEALTHY_TREND -> ACCELERATION -> HEALTHY_TREND -> ACCELERATION -> WEAK_TREND -> ACCELERATION -> WEAK_TREND -> ACCELERATION -> WEAK_TREND -> PULLBACK -> FAKE_BREAKOUT -> REVERSAL -> EXIT,14,REVERSAL,-2.4011
long_2026-06-11T060000_BEATUSDT,long,2026-06-11 06:00:00,BEATUSDT,EARLY_BREAKOUT -> ACCELERATION -> HEALTHY_TREND -> EARLY_BREAKOUT -> ACCELERATION -> REVERSAL -> FAKE_BREAKOUT -> REVERSAL -> FAKE_BREAKOUT -> REVERSAL -> FAKE_BREAKOUT -> ACCELERATION -> PULLBACK -> ACCELERATION -> WEAK_TREND -> ACCELERATION -> WEAK_TREND -> PULLBACK -> ACCELERATION -> HEALTHY_TREND -> PULLBACK -> ACCELERATION -> EXIT,22,ACCELERATION,17.895
long_2026-06-11T060000_FOLKSUSDT,long,2026-06-11 06:00:00,FOLKSUSDT,EARLY_BREAKOUT -> ACCELERATION -> PULLBACK -> EXHAUSTION -> PULLBACK -> HEALTHY_TREND -> PULLBACK -> EXHAUSTION -> PULLBACK -> ACCELERATION -> HEALTHY_TREND -> ACCELERATION -> WEAK_TREND -> ACCELERATION -> HEALTHY_TREND -> EXHAUSTION -> PULLBACK -> EXHAUSTION -> FAKE_BREAKOUT -> REVERSAL -> FAKE_BREAKOUT -> ACCELERATION -> EXHAUSTION -> ACCELERATION -> PULLBACK -> EXIT,25,PULLBACK,10.5579
long_2026-06-11T060000_AIOUSDT,long,2026-06-11 06:00:00,AIOUSDT,EARLY_BREAKOUT -> ACCELERATION -> EARLY_BREAKOUT -> HEALTHY_TREND -> WEAK_TREND -> ACCELERATION -> HEALTHY_TREND -> WEAK_TREND -> ACCELERATION -> HEALTHY_TREND -> ACCELERATION -> PULLBACK -> ACCELERATION -> HEALTHY_TREND -> PULLBACK -> ACCELERATION -> HEALTHY_TREND -> ACCELERATION -> PULLBACK -> EXHAUSTION -> PULLBACK -> ACCELERATION -> PULLBACK -> ACCELERATION -> PULLBACK -> ACCELERATION -> PULLBACK -> ACCELERATION -> PULLBACK -> ACCELERATION -> PULLBACK -> ACCELERATION -> PULLBACK -> EXIT,33,PULLBACK,50.8267
long_2026-06-11T060000_MYXUSDT,long,2026-06-11 06:00:00,MYXUSDT,EARLY_BREAKOUT -> ACCELERATION -> WEAK_TREND -> ACCELERATION -> PULLBACK -> ACCELERATION -> WEAK_TREND -> EXHAUSTION -> ACCELERATION -> PULLBACK -> ACCELERATION -> HEALTHY_TREND -> WEAK_TREND -> ACCELERATION -> WEAK_TREND -> ACCELERATION -> HEALTHY_TREND -> WEAK_TREND -> PULLBACK -> ACCELERATION -> WEAK_TREND -> ACCELERATION -> PULLBACK -> HEALTHY_TREND -> PULLBACK -> EXHAUSTION -> PULLBACK -> EXHAUSTION -> PULLBACK -> ACCELERATION -> EXHAUSTION -> PULLBACK -> ACCELERATION -> PULLBACK -> ACCELERATION -> PULLBACK -> ACCELERATION -> EXIT,37,ACCELERATION,6.8353
long_2026-06-11T060000_CUSDT,long,2026-06-11 06:00:00,CUSDT,EARLY_BREAKOUT -> ACCELERATION -> PULLBACK -> EXHAUSTION -> FAKE_BREAKOUT -> PULLBACK -> HEALTHY_TREND -> FAKE_BREAKOUT -> ACCELERATION -> REVERSAL -> FAKE_BREAKOUT -> REVERSAL -> FAKE_BREAKOUT -> REVERSAL -> EXIT,14,REVERSAL,-6.2456
short_2026-06-11T060000_VELVETUSDT,short,2026-06-11 06:00:00,VELVETUSDT,EARLY_BREAKOUT -> ACCELERATION -> EARLY_BREAKOUT -> FAKE_BREAKOUT -> REVERSAL -> FAKE_BREAKOUT -> REVERSAL -> EXIT,7,REVERSAL,-6.9652
short_2026-06-11T060000_BTWUSDT,short,2026-06-11 06:00:00,BTWUSDT,EARLY_BREAKOUT -> ACCELERATION -> PULLBACK -> ACCELERATION -> HEALTHY_TREND -> PULLBACK -> EXHAUSTION -> FAKE_BREAKOUT -> REVERSAL -> FAKE_BREAKOUT -> REVERSAL -> FAKE_BREAKOUT -> PULLBACK -> FAKE_BREAKOUT -> ACCELERATION -> EXHAUSTION -> FAKE_BREAKOUT -> REVERSAL -> EXIT,18,REVERSAL,-5.386
short_2026-06-11T060000_ESPORTSUSDT,short,2026-06-11 06:00:00,ESPORTSUSDT,EARLY_BREAKOUT -> ACCELERATION -> EARLY_BREAKOUT -> PULLBACK -> ACCELERATION -> PULLBACK -> EXHAUSTION -> PULLBACK -> ACCELERATION -> PULLBACK -> ACCELERATION -> PULLBACK -> ACCELERATION -> PULLBACK -> ACCELERATION -> PULLBACK -> ACCELERATION -> PULLBACK -> EXHAUSTION -> PULLBACK -> EXHAUSTION -> ACCELERATION -> EXHAUSTION -> ACCELERATION -> PULLBACK -> FAKE_BREAKOUT -> PULLBACK -> FAKE_BREAKOUT -> PULLBACK -> FAKE_BREAKOUT -> EXIT,30,FAKE_BREAKOUT,3.1373
short_2026-06-11T060000_SKYAIUSDT,short,2026-06-11 06:00:00,SKYAIUSDT,EARLY_BREAKOUT -> ACCELERATION -> HEALTHY_TREND -> ACCELERATION -> HEALTHY_TREND -> ACCELERATION -> PULLBACK -> EXHAUSTION -> PULLBACK -> EXHAUSTION -> ACCELERATION -> PULLBACK -> ACCELERATION -> PULLBACK -> EXHAUSTION -> FAKE_BREAKOUT -> PULLBACK -> REVERSAL -> FAKE_BREAKOUT -> REVERSAL -> EXIT,20,REVERSAL,-14.0968
short_2026-06-11T060000_BIRBUSDT,short,2026-06-11 06:00:00,BIRBUSDT,EARLY_BREAKOUT -> ACCELERATION -> HEALTHY_TREND -> WEAK_TREND -> ACCELERATION -> PULLBACK -> ACCELERATION -> HEALTHY_TREND -> EXHAUSTION -> PULLBACK -> ACCELERATION -> WEAK_TREND -> PULLBACK -> ACCELERATION -> WEAK_TREND -> PULLBACK -> EXHAUSTION -> PULLBACK -> FAKE_BREAKOUT -> ACCELERATION -> PULLBACK -> EXHAUSTION -> PULLBACK -> ACCELERATION -> PULLBACK -> ACCELERATION -> PULLBACK -> ACCELERATION -> EXHAUSTION -> FAKE_BREAKOUT -> PULLBACK -> EXHAUSTION -> EXIT,32,EXHAUSTION,2.6599
long_2026-06-11T080000_VELVETUSDT,long,2026-06-11 08:00:00,VELVETUSDT,EARLY_BREAKOUT -> ACCELERATION -> EARLY_BREAKOUT -> PULLBACK -> ACCELERATION -> FAKE_BREAKOUT -> PULLBACK -> ACCELERATION -> EXHAUSTION -> REVERSAL -> FAKE_BREAKOUT -> REVERSAL -> FAKE_BREAKOUT -> ACCELERATION -> HEALTHY_TREND -> PULLBACK -> FAKE_BREAKOUT -> PULLBACK -> FAKE_BREAKOUT -> REVERSAL -> EXIT,20,REVERSAL,-5.1842
long_2026-06-11T080000_UAIUSDT,long,2026-06-11 08:00:00,UAIUSDT,EARLY_BREAKOUT -> ACCELERATION -> EXHAUSTION -> ACCELERATION -> HEALTHY_TREND -> ACCELERATION -> REVERSAL -> FAKE_BREAKOUT -> REVERSAL -> EXIT,9,REVERSAL,-7.6989
long_2026-06-11T080000_PARTIUSDT,long,2026-06-11 08:00:00,PARTIUSDT,EARLY_BREAKOUT -> ACCELERATION -> WEAK_TREND -> ACCELERATION -> PULLBACK -> HEALTHY_TREND -> PULLBACK -> EXHAUSTION -> ACCELERATION -> PULLBACK -> ACCELERATION -> PULLBACK -> HEALTHY_TREND -> WEAK_TREND -> ACCELERATION -> HEALTHY_TREND -> ACCELERATION -> WEAK_TREND -> ACCELERATION -> PULLBACK -> HEALTHY_TREND -> ACCELERATION -> PULLBACK -> EXHAUSTION -> PULLBACK -> EXHAUSTION -> PULLBACK -> ACCELERATION -> EXHAUSTION -> ACCELERATION -> PULLBACK -> EXHAUSTION -> PULLBACK -> FAKE_BREAKOUT -> EXIT,34,FAKE_BREAKOUT,3.1622
long_2026-06-11T080000_COLLECTUSDT,long,2026-06-11 08:00:00,COLLECTUSDT,EARLY_BREAKOUT -> ACCELERATION -> HEALTHY_TREND -> ACCELERATION -> HEALTHY_TREND -> WEAK_TREND -> ACCELERATION -> HEALTHY_TREND -> PULLBACK -> HEALTHY_TREND -> ACCELERATION -> PULLBACK -> ACCELERATION -> REVERSAL -> FAKE_BREAKOUT -> ACCELERATION -> PULLBACK -> ACCELERATION -> EXHAUSTION -> PULLBACK -> ACCELERATION -> PULLBACK -> ACCELERATION -> PULLBACK -> HEALTHY_TREND -> PULLBACK -> ACCELERATION -> PULLBACK -> ACCELERATION -> HEALTHY_TREND -> EXHAUSTION -> PULLBACK -> ACCELERATION -> HEALTHY_TREND -> EXHAUSTION -> ACCELERATION -> PULLBACK -> EXIT,37,PULLBACK,15.7586
long_2026-06-11T080000_SKYAIUSDT,long,2026-06-11 08:00:00,SKYAIUSDT,EARLY_BREAKOUT -> ACCELERATION -> HEALTHY_TREND -> WEAK_TREND -> ACCELERATION -> PULLBACK -> EXHAUSTION -> PULLBACK -> ACCELERATION -> PULLBACK -> ACCELERATION -> HEALTHY_TREND -> ACCELERATION -> HEALTHY_TREND -> ACCELERATION -> PULLBACK -> ACCELERATION -> PULLBACK -> EXHAUSTION -> PULLBACK -> EXHAUSTION -> ACCELERATION -> PULLBACK -> ACCELERATION -> PULLBACK -> ACCELERATION -> PULLBACK -> ACCELERATION -> PULLBACK -> ACCELERATION -> PULLBACK -> ACCELERATION -> PULLBACK -> ACCELERATION -> PULLBACK -> ACCELERATION -> PULLBACK -> EXIT,37,PULLBACK,31.5373
short_2026-06-11T080000_BEATUSDT,short,2026-06-11 08:00:00,BEATUSDT,EARLY_BREAKOUT -> ACCELERATION -> WEAK_TREND -> ACCELERATION -> FAKE_BREAKOUT -> REVERSAL -> FAKE_BREAKOUT -> REVERSAL -> ACCELERATION -> FAKE_BREAKOUT -> REVERSAL -> EXIT,11,REVERSAL,-17.1416
short_2026-06-11T080000_FOLKSUSDT,short,2026-06-11 08:00:00,FOLKSUSDT,EARLY_BREAKOUT -> ACCELERATION -> FAKE_BREAKOUT -> REVERSAL -> FAKE_BREAKOUT -> REVERSAL -> FAKE_BREAKOUT -> HEALTHY_TREND -> ACCELERATION -> EXHAUSTION -> PULLBACK -> EXHAUSTION -> FAKE_BREAKOUT -> PULLBACK -> ACCELERATION -> EXHAUSTION -> FAKE_BREAKOUT -> ACCELERATION -> FAKE_BREAKOUT -> REVERSAL -> FAKE_BREAKOUT -> REVERSAL -> EXIT,22,REVERSAL,-2.3067
short_2026-06-11T080000_CUSDT,short,2026-06-11 08:00:00,CUSDT,EARLY_BREAKOUT -> WEAK_TREND -> ACCELERATION -> HEALTHY_TREND -> PULLBACK -> HEALTHY_TREND -> EXHAUSTION -> PULLBACK -> EXHAUSTION -> HEALTHY_TREND -> PULLBACK -> EXHAUSTION -> PULLBACK -> ACCELERATION -> WEAK_TREND -> ACCELERATION -> HEALTHY_TREND -> WEAK_TREND -> ACCELERATION -> HEALTHY_TREND -> ACCELERATION -> HEALTHY_TREND -> PULLBACK -> ACCELERATION -> HEALTHY_TREND -> WEAK_TREND -> ACCELERATION -> WEAK_TREND -> ACCELERATION -> PULLBACK -> HEALTHY_TREND -> PULLBACK -> EXIT,32,PULLBACK,6.0125
short_2026-06-11T080000_ESPORTSUSDT,short,2026-06-11 08:00:00,ESPORTSUSDT,EARLY_BREAKOUT -> ACCELERATION -> PULLBACK -> EXHAUSTION -> ACCELERATION -> HEALTHY_TREND -> WEAK_TREND -> ACCELERATION -> PULLBACK -> EXHAUSTION -> PULLBACK -> EXHAUSTION -> PULLBACK -> FAKE_BREAKOUT -> ACCELERATION -> EXHAUSTION -> ACCELERATION -> PULLBACK -> FAKE_BREAKOUT -> REVERSAL -> FAKE_BREAKOUT -> REVERSAL -> FAKE_BREAKOUT -> REVERSAL -> EXIT,24,REVERSAL,-6.7709
short_2026-06-11T080000_CLOUSDT,short,2026-06-11 08:00:00,CLOUSDT,EARLY_BREAKOUT -> WEAK_TREND -> ACCELERATION -> WEAK_TREND -> REVERSAL -> EXIT,5,REVERSAL,-37.6619
long_2026-06-11T100000_AIOUSDT,long,2026-06-11 10:00:00,AIOUSDT,EARLY_BREAKOUT -> ACCELERATION -> EARLY_BREAKOUT -> PULLBACK -> ACCELERATION -> HEALTHY_TREND -> ACCELERATION -> PULLBACK -> EXHAUSTION -> PULLBACK -> EXHAUSTION -> FAKE_BREAKOUT -> PULLBACK -> EXHAUSTION -> ACCELERATION -> EXHAUSTION -> ACCELERATION -> EXHAUSTION -> ACCELERATION -> EXHAUSTION -> ACCELERATION -> PULLBACK -> ACCELERATION -> EXHAUSTION -> ACCELERATION -> PULLBACK -> ACCELERATION -> PULLBACK -> EXHAUSTION -> FAKE_BREAKOUT -> ACCELERATION -> FAKE_BREAKOUT -> EXIT,32,FAKE_BREAKOUT,10.5863
long_2026-06-11T100000_CLOUSDT,long,2026-06-11 10:00:00,CLOUSDT,EARLY_BREAKOUT -> ACCELERATION -> EARLY_BREAKOUT -> ACCELERATION -> EXHAUSTION -> ACCELERATION -> PULLBACK -> ACCELERATION -> PULLBACK -> ACCELERATION -> HEALTHY_TREND -> ACCELERATION -> PULLBACK -> ACCELERATION -> PULLBACK -> ACCELERATION -> PULLBACK -> ACCELERATION -> PULLBACK -> ACCELERATION -> WEAK_TREND -> ACCELERATION -> WEAK_TREND -> PULLBACK -> ACCELERATION -> PULLBACK -> ACCELERATION -> HEALTHY_TREND -> PULLBACK -> ACCELERATION -> EXIT,30,ACCELERATION,39.7708
long_2026-06-11T100000_FOLKSUSDT,long,2026-06-11 10:00:00,FOLKSUSDT,EARLY_BREAKOUT -> ACCELERATION -> WEAK_TREND -> ACCELERATION -> HEALTHY_TREND -> REVERSAL -> FAKE_BREAKOUT -> REVERSAL -> FAKE_BREAKOUT -> REVERSAL -> FAKE_BREAKOUT -> PULLBACK -> REVERSAL -> EXIT,13,REVERSAL,-0.5451
long_2026-06-11T100000_OPNUSDT,long,2026-06-11 10:00:00,OPNUSDT,EARLY_BREAKOUT -> ACCELERATION -> EARLY_BREAKOUT -> PULLBACK -> EXHAUSTION -> PULLBACK -> FAKE_BREAKOUT -> REVERSAL -> ACCELERATION -> FAKE_BREAKOUT -> REVERSAL -> EXIT,11,REVERSAL,-0.4057
long_2026-06-11T100000_IOUSDT,long,2026-06-11 10:00:00,IOUSDT,EARLY_BREAKOUT -> WEAK_TREND -> ACCELERATION -> EXHAUSTION -> FAKE_BREAKOUT -> ACCELERATION -> PULLBACK -> FAKE_BREAKOUT -> ACCELERATION -> EXHAUSTION -> FAKE_BREAKOUT -> REVERSAL -> ACCELERATION -> HEALTHY_TREND -> EXHAUSTION -> FAKE_BREAKOUT -> REVERSAL -> FAKE_BREAKOUT -> REVERSAL -> FAKE_BREAKOUT -> REVERSAL -> EXIT,21,REVERSAL,-0.7506
short_2026-06-11T100000_UAIUSDT,short,2026-06-11 10:00:00,UAIUSDT,EARLY_BREAKOUT -> ACCELERATION -> EARLY_BREAKOUT -> ACCELERATION -> HEALTHY_TREND -> PULLBACK -> ACCELERATION -> PULLBACK -> ACCELERATION -> HEALTHY_TREND -> PULLBACK -> ACCELERATION -> HEALTHY_TREND -> ACCELERATION -> PULLBACK -> ACCELERATION -> PULLBACK -> ACCELERATION -> PULLBACK -> ACCELERATION -> WEAK_TREND -> ACCELERATION -> PULLBACK -> EXHAUSTION -> PULLBACK -> ACCELERATION -> PULLBACK -> ACCELERATION -> PULLBACK -> ACCELERATION -> PULLBACK -> ACCELERATION -> PULLBACK -> ACCELERATION -> PULLBACK -> EXIT,35,PULLBACK,10.1989
short_2026-06-11T100000_STGUSDT,short,2026-06-11 10:00:00,STGUSDT,EARLY_BREAKOUT -> ACCELERATION -> EARLY_BREAKOUT -> ACCELERATION -> HEALTHY_TREND -> PULLBACK -> EXHAUSTION -> PULLBACK -> ACCELERATION -> EXHAUSTION -> FAKE_BREAKOUT -> REVERSAL -> EXIT,12,REVERSAL,-10.4124
short_2026-06-11T100000_HUSDT,short,2026-06-11 10:00:00,HUSDT,EARLY_BREAKOUT -> ACCELERATION -> FAKE_BREAKOUT -> ACCELERATION -> PULLBACK -> EXHAUSTION -> FAKE_BREAKOUT -> PULLBACK -> EXHAUSTION -> FAKE_BREAKOUT -> REVERSAL -> FAKE_BREAKOUT -> REVERSAL -> EXIT,13,REVERSAL,-82.5173
short_2026-06-11T100000_ZESTUSDT,short,2026-06-11 10:00:00,ZESTUSDT,EARLY_BREAKOUT -> REVERSAL -> ACCELERATION -> REVERSAL -> ACCELERATION -> HEALTHY_TREND -> WEAK_TREND -> EXHAUSTION -> FAKE_BREAKOUT -> ACCELERATION -> HEALTHY_TREND -> WEAK_TREND -> FAKE_BREAKOUT -> PULLBACK -> FAKE_BREAKOUT -> REVERSAL -> FAKE_BREAKOUT -> REVERSAL -> FAKE_BREAKOUT -> ACCELERATION -> HEALTHY_TREND -> EXIT,21,HEALTHY_TREND,3.1972
short_2026-06-11T100000_UBUSDT,short,2026-06-11 10:00:00,UBUSDT,EARLY_BREAKOUT -> WEAK_TREND -> ACCELERATION -> HEALTHY_TREND -> ACCELERATION -> HEALTHY_TREND -> WEAK_TREND -> EXHAUSTION -> PULLBACK -> HEALTHY_TREND -> EXHAUSTION -> ACCELERATION -> HEALTHY_TREND -> PULLBACK -> ACCELERATION -> HEALTHY_TREND -> PULLBACK -> ACCELERATION -> HEALTHY_TREND -> ACCELERATION -> HEALTHY_TREND -> WEAK_TREND -> PULLBACK -> ACCELERATION -> PULLBACK -> ACCELERATION -> HEALTHY_TREND -> WEAK_TREND -> HEALTHY_TREND -> ACCELERATION -> HEALTHY_TREND -> ACCELERATION -> HEALTHY_TREND -> ACCELERATION -> HEALTHY_TREND -> WEAK_TREND -> PULLBACK -> ACCELERATION -> HEALTHY_TREND -> EXIT,39,HEALTHY_TREND,19.4619
long_2026-06-11T120000_AINUSDT,long,2026-06-11 12:00:00,AINUSDT,EARLY_BREAKOUT -> ACCELERATION -> EARLY_BREAKOUT -> PULLBACK -> ACCELERATION -> PULLBACK -> HEALTHY_TREND -> PULLBACK -> ACCELERATION -> PULLBACK -> ACCELERATION -> PULLBACK -> EXHAUSTION -> PULLBACK -> EXHAUSTION -> PULLBACK -> ACCELERATION -> PULLBACK -> ACCELERATION -> PULLBACK -> ACCELERATION -> PULLBACK -> ACCELERATION -> HEALTHY_TREND -> ACCELERATION -> PULLBACK -> ACCELERATION -> HEALTHY_TREND -> WEAK_TREND -> PULLBACK -> ACCELERATION -> PULLBACK -> ACCELERATION -> PULLBACK -> ACCELERATION -> PULLBACK -> ACCELERATION -> EXIT,37,ACCELERATION,15.2388
long_2026-06-11T120000_VELVETUSDT,long,2026-06-11 12:00:00,VELVETUSDT,EARLY_BREAKOUT -> ACCELERATION -> EXHAUSTION -> ACCELERATION -> EXHAUSTION -> PULLBACK -> FAKE_BREAKOUT -> ACCELERATION -> HEALTHY_TREND -> ACCELERATION -> HEALTHY_TREND -> PULLBACK -> EXHAUSTION -> PULLBACK -> EXHAUSTION -> PULLBACK -> EXHAUSTION -> FAKE_BREAKOUT -> ACCELERATION -> PULLBACK -> EXHAUSTION -> EXIT,21,EXHAUSTION,17.7871
long_2026-06-11T120000_BEATUSDT,long,2026-06-11 12:00:00,BEATUSDT,EARLY_BREAKOUT -> ACCELERATION -> EARLY_BREAKOUT -> WEAK_TREND -> ACCELERATION -> HEALTHY_TREND -> ACCELERATION -> WEAK_TREND -> ACCELERATION -> WEAK_TREND -> PULLBACK -> ACCELERATION -> HEALTHY_TREND -> PULLBACK -> ACCELERATION -> PULLBACK -> ACCELERATION -> PULLBACK -> ACCELERATION -> PULLBACK -> ACCELERATION -> HEALTHY_TREND -> PULLBACK -> ACCELERATION -> WEAK_TREND -> ACCELERATION -> HEALTHY_TREND -> PULLBACK -> ACCELERATION -> WEAK_TREND -> HEALTHY_TREND -> EXIT,31,HEALTHY_TREND,28.9527
long_2026-06-11T120000_CRVUSDT,long,2026-06-11 12:00:00,CRVUSDT,EARLY_BREAKOUT -> ACCELERATION -> WEAK_TREND -> ACCELERATION -> HEALTHY_TREND -> ACCELERATION -> HEALTHY_TREND -> ACCELERATION -> PULLBACK -> HEALTHY_TREND -> EXHAUSTION -> ACCELERATION -> HEALTHY_TREND -> ACCELERATION -> PULLBACK -> ACCELERATION -> PULLBACK -> ACCELERATION -> HEALTHY_TREND -> ACCELERATION -> PULLBACK -> ACCELERATION -> PULLBACK -> ACCELERATION -> PULLBACK -> ACCELERATION -> PULLBACK -> ACCELERATION -> PULLBACK -> EXHAUSTION -> ACCELERATION -> PULLBACK -> ACCELERATION -> PULLBACK -> ACCELERATION -> EXIT,35,ACCELERATION,11.6586
long_2026-06-11T120000_CLOUSDT,long,2026-06-11 12:00:00,CLOUSDT,EARLY_BREAKOUT -> EXHAUSTION -> ACCELERATION -> WEAK_TREND -> ACCELERATION -> HEALTHY_TREND -> ACCELERATION -> PULLBACK -> ACCELERATION -> PULLBACK -> ACCELERATION -> PULLBACK -> ACCELERATION -> PULLBACK -> ACCELERATION -> WEAK_TREND -> ACCELERATION -> WEAK_TREND -> PULLBACK -> ACCELERATION -> PULLBACK -> ACCELERATION -> HEALTHY_TREND -> PULLBACK -> ACCELERATION -> WEAK_TREND -> ACCELERATION -> PULLBACK -> ACCELERATION -> EXIT,29,ACCELERATION,15.7109
short_2026-06-11T120000_AIOUSDT,short,2026-06-11 12:00:00,AIOUSDT,EARLY_BREAKOUT -> PULLBACK -> ACCELERATION -> PULLBACK -> ACCELERATION -> HEALTHY_TREND -> PULLBACK -> ACCELERATION -> EXHAUSTION -> PULLBACK -> EXHAUSTION -> PULLBACK -> EXHAUSTION -> PULLBACK -> EXHAUSTION -> FAKE_BREAKOUT -> PULLBACK -> ACCELERATION -> PULLBACK -> ACCELERATION -> WEAK_TREND -> PULLBACK -> EXHAUSTION -> ACCELERATION -> PULLBACK -> EXHAUSTION -> PULLBACK -> EXIT,27,PULLBACK,11.7631
short_2026-06-11T120000_COLLECTUSDT,short,2026-06-11 12:00:00,COLLECTUSDT,EARLY_BREAKOUT -> ACCELERATION -> EARLY_BREAKOUT -> EXHAUSTION -> FAKE_BREAKOUT -> REVERSAL -> FAKE_BREAKOUT -> REVERSAL -> EXIT,8,REVERSAL,-10.7378
short_2026-06-11T120000_FOLKSUSDT,short,2026-06-11 12:00:00,FOLKSUSDT,EARLY_BREAKOUT -> ACCELERATION -> HEALTHY_TREND -> ACCELERATION -> PULLBACK -> EXHAUSTION -> PULLBACK -> ACCELERATION -> PULLBACK -> EXHAUSTION -> ACCELERATION -> EXHAUSTION -> FAKE_BREAKOUT -> REVERSAL -> FAKE_BREAKOUT -> REVERSAL -> FAKE_BREAKOUT -> REVERSAL -> EXIT,18,REVERSAL,-1.2874
short_2026-06-11T120000_BTWUSDT,short,2026-06-11 12:00:00,BTWUSDT,EARLY_BREAKOUT -> ACCELERATION -> DEAD -> ACCELERATION -> FAKE_BREAKOUT -> ACCELERATION -> HEALTHY_TREND -> WEAK_TREND -> ACCELERATION -> PULLBACK -> FAKE_BREAKOUT -> REVERSAL -> EXIT,12,REVERSAL,-11.9054
short_2026-06-11T120000_HIVEUSDT,short,2026-06-11 12:00:00,HIVEUSDT,EARLY_BREAKOUT -> ACCELERATION -> EXHAUSTION -> FAKE_BREAKOUT -> REVERSAL -> FAKE_BREAKOUT -> REVERSAL -> ACCELERATION -> FAKE_BREAKOUT -> REVERSAL -> FAKE_BREAKOUT -> ACCELERATION -> FAKE_BREAKOUT -> ACCELERATION -> HEALTHY_TREND -> WEAK_TREND -> ACCELERATION -> HEALTHY_TREND -> ACCELERATION -> HEALTHY_TREND -> WEAK_TREND -> ACCELERATION -> PULLBACK -> ACCELERATION -> PULLBACK -> ACCELERATION -> PULLBACK -> EXIT,27,PULLBACK,3.9372
long_2026-06-11T140000_VELVETUSDT,long,2026-06-11 14:00:00,VELVETUSDT,EARLY_BREAKOUT -> ACCELERATION -> HEALTHY_TREND -> PULLBACK -> FAKE_BREAKOUT -> PULLBACK -> FAKE_BREAKOUT -> REVERSAL -> FAKE_BREAKOUT -> ACCELERATION -> FAKE_BREAKOUT -> EXIT,11,FAKE_BREAKOUT,8.7772
long_2026-06-11T140000_GUAUSDT,long,2026-06-11 14:00:00,GUAUSDT,EARLY_BREAKOUT -> ACCELERATION -> EARLY_BREAKOUT -> ACCELERATION -> EXHAUSTION -> FAKE_BREAKOUT -> PULLBACK -> FAKE_BREAKOUT -> REVERSAL -> FAKE_BREAKOUT -> REVERSAL -> FAKE_BREAKOUT -> PULLBACK -> FAKE_BREAKOUT -> REVERSAL -> FAKE_BREAKOUT -> EXIT,16,FAKE_BREAKOUT,1.9143
long_2026-06-11T140000_HUSDT,long,2026-06-11 14:00:00,HUSDT,EARLY_BREAKOUT -> ACCELERATION -> EARLY_BREAKOUT -> HEALTHY_TREND -> ACCELERATION -> HEALTHY_TREND -> PULLBACK -> ACCELERATION -> PULLBACK -> ACCELERATION -> PULLBACK -> ACCELERATION -> PULLBACK -> ACCELERATION -> PULLBACK -> ACCELERATION -> PULLBACK -> ACCELERATION -> PULLBACK -> ACCELERATION -> PULLBACK -> ACCELERATION -> HEALTHY_TREND -> ACCELERATION -> PULLBACK -> ACCELERATION -> PULLBACK -> ACCELERATION -> PULLBACK -> ACCELERATION -> PULLBACK -> EXIT,31,PULLBACK,81.6697
long_2026-06-11T140000_AIOUSDT,long,2026-06-11 14:00:00,AIOUSDT,EARLY_BREAKOUT -> EXHAUSTION -> ACCELERATION -> PULLBACK -> ACCELERATION -> PULLBACK -> ACCELERATION -> PULLBACK -> EXHAUSTION -> ACCELERATION -> HEALTHY_TREND -> ACCELERATION -> PULLBACK -> ACCELERATION -> HEALTHY_TREND -> ACCELERATION -> HEALTHY_TREND -> PULLBACK -> FAKE_BREAKOUT -> REVERSAL -> FAKE_BREAKOUT -> REVERSAL -> FAKE_BREAKOUT -> ACCELERATION -> PULLBACK -> EXHAUSTION -> ACCELERATION -> PULLBACK -> ACCELERATION -> PULLBACK -> ACCELERATION -> WEAK_TREND -> PULLBACK -> EXIT,33,PULLBACK,15.9925
long_2026-06-11T140000_BEATUSDT,long,2026-06-11 14:00:00,BEATUSDT,EARLY_BREAKOUT -> ACCELERATION -> EARLY_BREAKOUT -> FAKE_BREAKOUT -> PULLBACK -> HEALTHY_TREND -> PULLBACK -> ACCELERATION -> HEALTHY_TREND -> EXHAUSTION -> FAKE_BREAKOUT -> PULLBACK -> ACCELERATION -> PULLBACK -> EXHAUSTION -> FAKE_BREAKOUT -> PULLBACK -> FAKE_BREAKOUT -> PULLBACK -> ACCELERATION -> PULLBACK -> ACCELERATION -> HEALTHY_TREND -> PULLBACK -> ACCELERATION -> WEAK_TREND -> ACCELERATION -> HEALTHY_TREND -> PULLBACK -> ACCELERATION -> WEAK_TREND -> HEALTHY_TREND -> PULLBACK -> ACCELERATION -> WEAK_TREND -> ACCELERATION -> WEAK_TREND -> PULLBACK -> EXIT,38,PULLBACK,17.3631
short_2026-06-11T140000_CUSDT,short,2026-06-11 14:00:00,CUSDT,EARLY_BREAKOUT -> ACCELERATION -> HEALTHY_TREND -> ACCELERATION -> HEALTHY_TREND -> PULLBACK -> ACCELERATION -> HEALTHY_TREND -> WEAK_TREND -> ACCELERATION -> WEAK_TREND -> ACCELERATION -> PULLBACK -> HEALTHY_TREND -> PULLBACK -> EXHAUSTION -> FAKE_BREAKOUT -> PULLBACK -> EXHAUSTION -> FAKE_BREAKOUT -> ACCELERATION -> FAKE_BREAKOUT -> ACCELERATION -> EXHAUSTION -> ACCELERATION -> PULLBACK -> EXHAUSTION -> ACCELERATION -> EXHAUSTION -> ACCELERATION -> FAKE_BREAKOUT -> PULLBACK -> EXHAUSTION -> EXIT,33,EXHAUSTION,2.8933
short_2026-06-11T140000_AVNTUSDT,short,2026-06-11 14:00:00,AVNTUSDT,EARLY_BREAKOUT -> ACCELERATION -> HEALTHY_TREND -> ACCELERATION -> WEAK_TREND -> ACCELERATION -> WEAK_TREND -> ACCELERATION -> HEALTHY_TREND -> ACCELERATION -> WEAK_TREND -> HEALTHY_TREND -> WEAK_TREND -> ACCELERATION -> WEAK_TREND -> ACCELERATION -> WEAK_TREND -> ACCELERATION -> WEAK_TREND -> HEALTHY_TREND -> WEAK_TREND -> PULLBACK -> EXHAUSTION -> FAKE_BREAKOUT -> PULLBACK -> FAKE_BREAKOUT -> REVERSAL -> FAKE_BREAKOUT -> EXIT,28,FAKE_BREAKOUT,0.7136
short_2026-06-11T140000_PARTIUSDT,short,2026-06-11 14:00:00,PARTIUSDT,EARLY_BREAKOUT -> ACCELERATION -> WEAK_TREND -> ACCELERATION -> HEALTHY_TREND -> ACCELERATION -> WEAK_TREND -> ACCELERATION -> WEAK_TREND -> EXHAUSTION -> HEALTHY_TREND -> PULLBACK -> EXHAUSTION -> PULLBACK -> HEALTHY_TREND -> ACCELERATION -> WEAK_TREND -> ACCELERATION -> HEALTHY_TREND -> WEAK_TREND -> HEALTHY_TREND -> PULLBACK -> EXHAUSTION -> PULLBACK -> EXHAUSTION -> FAKE_BREAKOUT -> PULLBACK -> EXHAUSTION -> ACCELERATION -> EXHAUSTION -> ACCELERATION -> EXHAUSTION -> ACCELERATION -> EXHAUSTION -> PULLBACK -> EXHAUSTION -> EXIT,36,EXHAUSTION,3.7751
short_2026-06-11T140000_PHAROSUSDT,short,2026-06-11 14:00:00,PHAROSUSDT,EARLY_BREAKOUT -> ACCELERATION -> WEAK_TREND -> ACCELERATION -> WEAK_TREND -> HEALTHY_TREND -> ACCELERATION -> HEALTHY_TREND -> WEAK_TREND -> PULLBACK -> HEALTHY_TREND -> PULLBACK -> ACCELERATION -> PULLBACK -> HEALTHY_TREND -> WEAK_TREND -> ACCELERATION -> HEALTHY_TREND -> WEAK_TREND -> HEALTHY_TREND -> WEAK_TREND -> ACCELERATION -> WEAK_TREND -> PULLBACK -> HEALTHY_TREND -> WEAK_TREND -> ACCELERATION -> WEAK_TREND -> ACCELERATION -> HEALTHY_TREND -> WEAK_TREND -> PULLBACK -> HEALTHY_TREND -> PULLBACK -> ACCELERATION -> PULLBACK -> EXIT,36,PULLBACK,8.8518
short_2026-06-11T140000_BSBUSDT,short,2026-06-11 14:00:00,BSBUSDT,EARLY_BREAKOUT -> PULLBACK -> FAKE_BREAKOUT -> ACCELERATION -> PULLBACK -> ACCELERATION -> HEALTHY_TREND -> ACCELERATION -> WEAK_TREND -> PULLBACK -> EXHAUSTION -> PULLBACK -> EXHAUSTION -> ACCELERATION -> EXHAUSTION -> ACCELERATION -> HEALTHY_TREND -> PULLBACK -> ACCELERATION -> HEALTHY_TREND -> WEAK_TREND -> PULLBACK -> ACCELERATION -> FAKE_BREAKOUT -> PULLBACK -> ACCELERATION -> PULLBACK -> ACCELERATION -> PULLBACK -> EXHAUSTION -> PULLBACK -> ACCELERATION -> EXIT,32,ACCELERATION,6.9255
long_2026-06-11T160000_ALLOUSDT,long,2026-06-11 16:00:00,ALLOUSDT,EARLY_BREAKOUT -> ACCELERATION -> FAKE_BREAKOUT -> ACCELERATION -> PULLBACK -> EXHAUSTION -> FAKE_BREAKOUT -> ACCELERATION -> FAKE_BREAKOUT -> ACCELERATION -> EXIT,10,ACCELERATION,6.4369
long_2026-06-11T160000_BTWUSDT,long,2026-06-11 16:00:00,BTWUSDT,EARLY_BREAKOUT -> ACCELERATION -> WEAK_TREND -> ACCELERATION -> PULLBACK -> HEALTHY_TREND -> ACCELERATION -> HEALTHY_TREND -> PULLBACK -> ACCELERATION -> HEALTHY_TREND -> ACCELERATION -> PULLBACK -> FAKE_BREAKOUT -> PULLBACK -> ACCELERATION -> PULLBACK -> ACCELERATION -> HEALTHY_TREND -> ACCELERATION -> EXHAUSTION -> PULLBACK -> FAKE_BREAKOUT -> REVERSAL -> EXIT,24,REVERSAL,-5.7897
long_2026-06-11T160000_WLDUSDT,long,2026-06-11 16:00:00,WLDUSDT,EARLY_BREAKOUT -> ACCELERATION -> EARLY_BREAKOUT -> ACCELERATION -> PULLBACK -> FAKE_BREAKOUT -> PULLBACK -> FAKE_BREAKOUT -> ACCELERATION -> PULLBACK -> ACCELERATION -> PULLBACK -> ACCELERATION -> PULLBACK -> ACCELERATION -> PULLBACK -> EXHAUSTION -> ACCELERATION -> PULLBACK -> ACCELERATION -> PULLBACK -> FAKE_BREAKOUT -> PULLBACK -> ACCELERATION -> EXHAUSTION -> FAKE_BREAKOUT -> PULLBACK -> FAKE_BREAKOUT -> ACCELERATION -> HEALTHY_TREND -> PULLBACK -> ACCELERATION -> PULLBACK -> EXIT,33,PULLBACK,6.1056
long_2026-06-11T160000_BASEDUSDT,long,2026-06-11 16:00:00,BASEDUSDT,EARLY_BREAKOUT -> WEAK_TREND -> ACCELERATION -> WEAK_TREND -> ACCELERATION -> WEAK_TREND -> EXHAUSTION -> FAKE_BREAKOUT -> REVERSAL -> FAKE_BREAKOUT -> REVERSAL -> FAKE_BREAKOUT -> ACCELERATION -> PULLBACK -> EXHAUSTION -> FAKE_BREAKOUT -> PULLBACK -> FAKE_BREAKOUT -> ACCELERATION -> FAKE_BREAKOUT -> ACCELERATION -> HEALTHY_TREND -> ACCELERATION -> WEAK_TREND -> PULLBACK -> EXHAUSTION -> PULLBACK -> HEALTHY_TREND -> ACCELERATION -> EXIT,29,ACCELERATION,10.2766
long_2026-06-11T160000_ZESTUSDT,long,2026-06-11 16:00:00,ZESTUSDT,EARLY_BREAKOUT -> ACCELERATION -> WEAK_TREND -> ACCELERATION -> EXHAUSTION -> ACCELERATION -> HEALTHY_TREND -> FAKE_BREAKOUT -> PULLBACK -> HEALTHY_TREND -> EXHAUSTION -> ACCELERATION -> HEALTHY_TREND -> ACCELERATION -> FAKE_BREAKOUT -> REVERSAL -> EXIT,16,REVERSAL,-11.5999
short_2026-06-11T160000_PHAROSUSDT,short,2026-06-11 16:00:00,PHAROSUSDT,EARLY_BREAKOUT -> ACCELERATION -> EARLY_BREAKOUT -> PULLBACK -> HEALTHY_TREND -> PULLBACK -> ACCELERATION -> PULLBACK -> HEALTHY_TREND -> WEAK_TREND -> ACCELERATION -> HEALTHY_TREND -> WEAK_TREND -> HEALTHY_TREND -> WEAK_TREND -> ACCELERATION -> WEAK_TREND -> PULLBACK -> HEALTHY_TREND -> WEAK_TREND -> ACCELERATION -> PULLBACK -> ACCELERATION -> HEALTHY_TREND -> WEAK_TREND -> PULLBACK -> HEALTHY_TREND -> PULLBACK -> ACCELERATION -> PULLBACK -> ACCELERATION -> PULLBACK -> EXIT,32,PULLBACK,6.0214
short_2026-06-11T160000_GUAUSDT,short,2026-06-11 16:00:00,GUAUSDT,EARLY_BREAKOUT -> ACCELERATION -> EARLY_BREAKOUT -> HEALTHY_TREND -> WEAK_TREND -> ACCELERATION -> HEALTHY_TREND -> WEAK_TREND -> PULLBACK -> FAKE_BREAKOUT -> PULLBACK -> REVERSAL -> FAKE_BREAKOUT -> ACCELERATION -> FAKE_BREAKOUT -> ACCELERATION -> EXHAUSTION -> FAKE_BREAKOUT -> ACCELERATION -> FAKE_BREAKOUT -> ACCELERATION -> EXHAUSTION -> ACCELERATION -> PULLBACK -> EXHAUSTION -> PULLBACK -> ACCELERATION -> WEAK_TREND -> ACCELERATION -> WEAK_TREND -> ACCELERATION -> WEAK_TREND -> EXIT,32,WEAK_TREND,5.5504
short_2026-06-11T160000_VELVETUSDT,short,2026-06-11 16:00:00,VELVETUSDT,EARLY_BREAKOUT -> ACCELERATION -> PULLBACK -> ACCELERATION -> HEALTHY_TREND -> WEAK_TREND -> PULLBACK -> ACCELERATION -> HEALTHY_TREND -> ACCELERATION -> PULLBACK -> ACCELERATION -> HEALTHY_TREND -> PULLBACK -> ACCELERATION -> PULLBACK -> ACCELERATION -> PULLBACK -> ACCELERATION -> PULLBACK -> EXHAUSTION -> FAKE_BREAKOUT -> PULLBACK -> EXHAUSTION -> ACCELERATION -> FAKE_BREAKOUT -> PULLBACK -> FAKE_BREAKOUT -> REVERSAL -> EXIT,29,REVERSAL,-40.9607
short_2026-06-11T160000_STGUSDT,short,2026-06-11 16:00:00,STGUSDT,EARLY_BREAKOUT -> ACCELERATION -> FAKE_BREAKOUT -> ACCELERATION -> HEALTHY_TREND -> EXHAUSTION -> ACCELERATION -> HEALTHY_TREND -> PULLBACK -> ACCELERATION -> WEAK_TREND -> ACCELERATION -> WEAK_TREND -> PULLBACK -> ACCELERATION -> PULLBACK -> EXHAUSTION -> PULLBACK -> ACCELERATION -> EXHAUSTION -> PULLBACK -> EXHAUSTION -> REVERSAL -> FAKE_BREAKOUT -> REVERSAL -> FAKE_BREAKOUT -> ACCELERATION -> PULLBACK -> EXHAUSTION -> FAKE_BREAKOUT -> REVERSAL -> FAKE_BREAKOUT -> REVERSAL -> EXIT,33,REVERSAL,-2.1961
short_2026-06-11T160000_HUSDT,short,2026-06-11 16:00:00,HUSDT,EARLY_BREAKOUT -> ACCELERATION -> REVERSAL -> FAKE_BREAKOUT -> REVERSAL -> FAKE_BREAKOUT -> ACCELERATION -> REVERSAL -> EXIT,8,REVERSAL,-43.2333
long_2026-06-11T180000_EVAAUSDT,long,2026-06-11 18:00:00,EVAAUSDT,EARLY_BREAKOUT -> ACCELERATION -> EARLY_BREAKOUT -> PULLBACK -> ACCELERATION -> EXHAUSTION -> PULLBACK -> EXHAUSTION -> PULLBACK -> EXHAUSTION -> PULLBACK -> EXHAUSTION -> PULLBACK -> EXHAUSTION -> ACCELERATION -> EXHAUSTION -> PULLBACK -> EXHAUSTION -> ACCELERATION -> EXHAUSTION -> ACCELERATION -> HEALTHY_TREND -> PULLBACK -> EXHAUSTION -> PULLBACK -> ACCELERATION -> PULLBACK -> ACCELERATION -> PULLBACK -> EXHAUSTION -> PULLBACK -> ACCELERATION -> EXIT,32,ACCELERATION,5.4784
long_2026-06-11T180000_BRUSDT,long,2026-06-11 18:00:00,BRUSDT,EARLY_BREAKOUT -> WEAK_TREND -> ACCELERATION -> WEAK_TREND -> REVERSAL -> FAKE_BREAKOUT -> REVERSAL -> FAKE_BREAKOUT -> ACCELERATION -> HEALTHY_TREND -> WEAK_TREND -> ACCELERATION -> WEAK_TREND -> PULLBACK -> HEALTHY_TREND -> ACCELERATION -> HEALTHY_TREND -> WEAK_TREND -> ACCELERATION -> HEALTHY_TREND -> ACCELERATION -> FAKE_BREAKOUT -> ACCELERATION -> PULLBACK -> EXHAUSTION -> PULLBACK -> ACCELERATION -> HEALTHY_TREND -> WEAK_TREND -> EXIT,29,WEAK_TREND,8.2483
long_2026-06-11T180000_SKYAIUSDT,long,2026-06-11 18:00:00,SKYAIUSDT,EARLY_BREAKOUT -> REVERSAL -> ACCELERATION -> FAKE_BREAKOUT -> ACCELERATION -> PULLBACK -> ACCELERATION -> EXHAUSTION -> ACCELERATION -> HEALTHY_TREND -> WEAK_TREND -> ACCELERATION -> PULLBACK -> EXHAUSTION -> ACCELERATION -> PULLBACK -> ACCELERATION -> WEAK_TREND -> PULLBACK -> EXHAUSTION -> FAKE_BREAKOUT -> ACCELERATION -> EXHAUSTION -> ACCELERATION -> HEALTHY_TREND -> WEAK_TREND -> ACCELERATION -> HEALTHY_TREND -> ACCELERATION -> WEAK_TREND -> PULLBACK -> ACCELERATION -> WEAK_TREND -> ACCELERATION -> PULLBACK -> ACCELERATION -> PULLBACK -> ACCELERATION -> PULLBACK -> EXIT,39,PULLBACK,17.8187
long_2026-06-11T180000_EPICUSDT,long,2026-06-11 18:00:00,EPICUSDT,EARLY_BREAKOUT -> ACCELERATION -> HEALTHY_TREND -> ACCELERATION -> HEALTHY_TREND -> ACCELERATION -> WEAK_TREND -> PULLBACK -> ACCELERATION -> PULLBACK -> ACCELERATION -> EXHAUSTION -> PULLBACK -> ACCELERATION -> HEALTHY_TREND -> ACCELERATION -> HEALTHY_TREND -> ACCELERATION -> WEAK_TREND -> PULLBACK -> ACCELERATION -> PULLBACK -> ACCELERATION -> PULLBACK -> ACCELERATION -> PULLBACK -> ACCELERATION -> PULLBACK -> ACCELERATION -> WEAK_TREND -> ACCELERATION -> HEALTHY_TREND -> PULLBACK -> EXHAUSTION -> PULLBACK -> EXHAUSTION -> EXIT,36,EXHAUSTION,13.1101
long_2026-06-11T180000_AIOUSDT,long,2026-06-11 18:00:00,AIOUSDT,EARLY_BREAKOUT -> ACCELERATION -> HEALTHY_TREND -> FAKE_BREAKOUT -> REVERSAL -> FAKE_BREAKOUT -> REVERSAL -> FAKE_BREAKOUT -> ACCELERATION -> PULLBACK -> ACCELERATION -> WEAK_TREND -> FAKE_BREAKOUT -> PULLBACK -> ACCELERATION -> PULLBACK -> ACCELERATION -> EXHAUSTION -> FAKE_BREAKOUT -> REVERSAL -> FAKE_BREAKOUT -> REVERSAL -> FAKE_BREAKOUT -> EXIT,23,FAKE_BREAKOUT,1.3921
short_2026-06-11T180000_VELVETUSDT,short,2026-06-11 18:00:00,VELVETUSDT,EARLY_BREAKOUT -> ACCELERATION -> HEALTHY_TREND -> ACCELERATION -> PULLBACK -> ACCELERATION -> HEALTHY_TREND -> FAKE_BREAKOUT -> REVERSAL -> ACCELERATION -> FAKE_BREAKOUT -> ACCELERATION -> FAKE_BREAKOUT -> ACCELERATION -> FAKE_BREAKOUT -> REVERSAL -> EXIT,16,REVERSAL,-89.3256
short_2026-06-11T180000_BEATUSDT,short,2026-06-11 18:00:00,BEATUSDT,EARLY_BREAKOUT -> ACCELERATION -> EARLY_BREAKOUT -> ACCELERATION -> REVERSAL -> ACCELERATION -> HEALTHY_TREND -> WEAK_TREND -> EXHAUSTION -> REVERSAL -> FAKE_BREAKOUT -> REVERSAL -> EXIT,12,REVERSAL,-14.0289
short_2026-06-11T180000_PARTIUSDT,short,2026-06-11 18:00:00,PARTIUSDT,EARLY_BREAKOUT -> ACCELERATION -> WEAK_TREND -> ACCELERATION -> HEALTHY_TREND -> WEAK_TREND -> HEALTHY_TREND -> PULLBACK -> FAKE_BREAKOUT -> REVERSAL -> FAKE_BREAKOUT -> REVERSAL -> FAKE_BREAKOUT -> REVERSAL -> FAKE_BREAKOUT -> ACCELERATION -> PULLBACK -> ACCELERATION -> HEALTHY_TREND -> PULLBACK -> ACCELERATION -> FAKE_BREAKOUT -> PULLBACK -> FAKE_BREAKOUT -> ACCELERATION -> FAKE_BREAKOUT -> EXIT,26,FAKE_BREAKOUT,1.5328
short_2026-06-11T180000_NEARUSDT,short,2026-06-11 18:00:00,NEARUSDT,EARLY_BREAKOUT -> ACCELERATION -> WEAK_TREND -> REVERSAL -> PULLBACK -> EXHAUSTION -> REVERSAL -> ACCELERATION -> PULLBACK -> EXHAUSTION -> ACCELERATION -> PULLBACK -> ACCELERATION -> EXHAUSTION -> ACCELERATION -> EXHAUSTION -> ACCELERATION -> PULLBACK -> EXHAUSTION -> ACCELERATION -> HEALTHY_TREND -> ACCELERATION -> HEALTHY_TREND -> WEAK_TREND -> REVERSAL -> FAKE_BREAKOUT -> REVERSAL -> EXIT,27,REVERSAL,-3.2004
short_2026-06-11T180000_OPNUSDT,short,2026-06-11 18:00:00,OPNUSDT,EARLY_BREAKOUT -> WEAK_TREND -> ACCELERATION -> HEALTHY_TREND -> WEAK_TREND -> REVERSAL -> WEAK_TREND -> REVERSAL -> WEAK_TREND -> REVERSAL -> WEAK_TREND -> ACCELERATION -> WEAK_TREND -> HEALTHY_TREND -> WEAK_TREND -> FAKE_BREAKOUT -> ACCELERATION -> HEALTHY_TREND -> WEAK_TREND -> FAKE_BREAKOUT -> HEALTHY_TREND -> WEAK_TREND -> ACCELERATION -> WEAK_TREND -> PULLBACK -> EXIT,25,PULLBACK,0.3165
long_2026-06-11T200000_BTWUSDT,long,2026-06-11 20:00:00,BTWUSDT,EARLY_BREAKOUT -> ACCELERATION -> HEALTHY_TREND -> WEAK_TREND -> ACCELERATION -> PULLBACK -> ACCELERATION -> HEALTHY_TREND -> ACCELERATION -> EXHAUSTION -> PULLBACK -> FAKE_BREAKOUT -> REVERSAL -> FAKE_BREAKOUT -> REVERSAL -> FAKE_BREAKOUT -> REVERSAL -> FAKE_BREAKOUT -> EXIT,18,FAKE_BREAKOUT,0.978
long_2026-06-11T200000_BEATUSDT,long,2026-06-11 20:00:00,BEATUSDT,EARLY_BREAKOUT -> ACCELERATION -> PULLBACK -> ACCELERATION -> HEALTHY_TREND -> PULLBACK -> ACCELERATION -> WEAK_TREND -> ACCELERATION -> HEALTHY_TREND -> PULLBACK -> ACCELERATION -> WEAK_TREND -> HEALTHY_TREND -> PULLBACK -> ACCELERATION -> WEAK_TREND -> ACCELERATION -> WEAK_TREND -> PULLBACK -> HEALTHY_TREND -> PULLBACK -> ACCELERATION -> PULLBACK -> ACCELERATION -> PULLBACK -> ACCELERATION -> PULLBACK -> ACCELERATION -> PULLBACK -> ACCELERATION -> PULLBACK -> EXIT,32,PULLBACK,16.9729
long_2026-06-11T200000_HUSDT,long,2026-06-11 20:00:00,HUSDT,EARLY_BREAKOUT -> ACCELERATION -> FAKE_BREAKOUT -> ACCELERATION -> PULLBACK -> ACCELERATION -> HEALTHY_TREND -> ACCELERATION -> PULLBACK -> ACCELERATION -> PULLBACK -> EXHAUSTION -> FAKE_BREAKOUT -> PULLBACK -> ACCELERATION -> FAKE_BREAKOUT -> ACCELERATION -> EXHAUSTION -> PULLBACK -> ACCELERATION -> PULLBACK -> EXHAUSTION -> PULLBACK -> EXHAUSTION -> PULLBACK -> EXHAUSTION -> PULLBACK -> EXHAUSTION -> ACCELERATION -> EXHAUSTION -> ACCELERATION -> PULLBACK -> ACCELERATION -> PULLBACK -> ACCELERATION -> PULLBACK -> EXIT,36,PULLBACK,18.5181
long_2026-06-11T200000_ESPORTSUSDT,long,2026-06-11 20:00:00,ESPORTSUSDT,EARLY_BREAKOUT -> ACCELERATION -> EXHAUSTION -> ACCELERATION -> HEALTHY_TREND -> PULLBACK -> ACCELERATION -> EXHAUSTION -> ACCELERATION -> WEAK_TREND -> PULLBACK -> ACCELERATION -> HEALTHY_TREND -> ACCELERATION -> WEAK_TREND -> ACCELERATION -> WEAK_TREND -> PULLBACK -> ACCELERATION -> PULLBACK -> ACCELERATION -> HEALTHY_TREND -> ACCELERATION -> PULLBACK -> ACCELERATION -> PULLBACK -> ACCELERATION -> PULLBACK -> ACCELERATION -> PULLBACK -> ACCELERATION -> PULLBACK -> ACCELERATION -> HEALTHY_TREND -> PULLBACK -> ACCELERATION -> PULLBACK -> EXIT,37,PULLBACK,125.2831
long_2026-06-11T200000_COLLECTUSDT,long,2026-06-11 20:00:00,COLLECTUSDT,EARLY_BREAKOUT -> WEAK_TREND -> ACCELERATION -> WEAK_TREND -> ACCELERATION -> EXHAUSTION -> ACCELERATION -> FAKE_BREAKOUT -> PULLBACK -> FAKE_BREAKOUT -> ACCELERATION -> EXHAUSTION -> ACCELERATION -> HEALTHY_TREND -> PULLBACK -> FAKE_BREAKOUT -> ACCELERATION -> PULLBACK -> ACCELERATION -> WEAK_TREND -> PULLBACK -> ACCELERATION -> WEAK_TREND -> PULLBACK -> ACCELERATION -> PULLBACK -> HEALTHY_TREND -> PULLBACK -> EXHAUSTION -> FAKE_BREAKOUT -> ACCELERATION -> PULLBACK -> ACCELERATION -> PULLBACK -> FAKE_BREAKOUT -> REVERSAL -> FAKE_BREAKOUT -> EXIT,37,FAKE_BREAKOUT,1.4089
short_2026-06-11T200000_ZESTUSDT,short,2026-06-11 20:00:00,ZESTUSDT,EARLY_BREAKOUT -> ACCELERATION -> EARLY_BREAKOUT -> WEAK_TREND -> ACCELERATION -> HEALTHY_TREND -> PULLBACK -> ACCELERATION -> HEALTHY_TREND -> WEAK_TREND -> ACCELERATION -> WEAK_TREND -> ACCELERATION -> PULLBACK -> ACCELERATION -> PULLBACK -> HEALTHY_TREND -> ACCELERATION -> HEALTHY_TREND -> ACCELERATION -> WEAK_TREND -> PULLBACK -> ACCELERATION -> PULLBACK -> ACCELERATION -> HEALTHY_TREND -> PULLBACK -> ACCELERATION -> PULLBACK -> ACCELERATION -> PULLBACK -> ACCELERATION -> EXIT,32,ACCELERATION,16.6084
short_2026-06-11T200000_IOUSDT,short,2026-06-11 20:00:00,IOUSDT,EARLY_BREAKOUT -> ACCELERATION -> HEALTHY_TREND -> ACCELERATION -> EXHAUSTION -> PULLBACK -> EXHAUSTION -> PULLBACK -> HEALTHY_TREND -> ACCELERATION -> HEALTHY_TREND -> ACCELERATION -> HEALTHY_TREND -> WEAK_TREND -> PULLBACK -> HEALTHY_TREND -> WEAK_TREND -> ACCELERATION -> WEAK_TREND -> PULLBACK -> EXHAUSTION -> PULLBACK -> EXHAUSTION -> FAKE_BREAKOUT -> PULLBACK -> FAKE_BREAKOUT -> ACCELERATION -> EXHAUSTION -> ACCELERATION -> EXHAUSTION -> FAKE_BREAKOUT -> REVERSAL -> FAKE_BREAKOUT -> REVERSAL -> FAKE_BREAKOUT -> REVERSAL -> EXIT,36,REVERSAL,-0.0573
short_2026-06-11T200000_EPICUSDT,short,2026-06-11 20:00:00,EPICUSDT,EARLY_BREAKOUT -> ACCELERATION -> REVERSAL -> ACCELERATION -> FAKE_BREAKOUT -> ACCELERATION -> WEAK_TREND -> REVERSAL -> EXIT,8,REVERSAL,-4.2355
short_2026-06-11T200000_OPNUSDT,short,2026-06-11 20:00:00,OPNUSDT,EARLY_BREAKOUT -> HEALTHY_TREND -> WEAK_TREND -> ACCELERATION -> HEALTHY_TREND -> REVERSAL -> WEAK_TREND -> HEALTHY_TREND -> WEAK_TREND -> ACCELERATION -> WEAK_TREND -> FAKE_BREAKOUT -> HEALTHY_TREND -> WEAK_TREND -> FAKE_BREAKOUT -> ACCELERATION -> HEALTHY_TREND -> WEAK_TREND -> FAKE_BREAKOUT -> HEALTHY_TREND -> WEAK_TREND -> ACCELERATION -> WEAK_TREND -> EXHAUSTION -> ACCELERATION -> HEALTHY_TREND -> WEAK_TREND -> ACCELERATION -> HEALTHY_TREND -> EXIT,29,HEALTHY_TREND,5.9499
short_2026-06-11T200000_GUAUSDT,short,2026-06-11 20:00:00,GUAUSDT,EARLY_BREAKOUT -> ACCELERATION -> PULLBACK -> ACCELERATION -> WEAK_TREND -> ACCELERATION -> WEAK_TREND -> EXHAUSTION -> ACCELERATION -> EXHAUSTION -> FAKE_BREAKOUT -> PULLBACK -> ACCELERATION -> WEAK_TREND -> ACCELERATION -> WEAK_TREND -> PULLBACK -> ACCELERATION -> WEAK_TREND -> ACCELERATION -> WEAK_TREND -> ACCELERATION -> WEAK_TREND -> PULLBACK -> EXHAUSTION -> FAKE_BREAKOUT -> PULLBACK -> FAKE_BREAKOUT -> REVERSAL -> EXIT,29,REVERSAL,-0.0929
long_2026-06-11T220000_HUSDT,long,2026-06-11 22:00:00,HUSDT,EARLY_BREAKOUT -> ACCELERATION -> FAKE_BREAKOUT -> ACCELERATION -> PULLBACK -> EXHAUSTION -> FAKE_BREAKOUT -> REVERSAL -> FAKE_BREAKOUT -> ACCELERATION -> REVERSAL -> FAKE_BREAKOUT -> REVERSAL -> FAKE_BREAKOUT -> PULLBACK -> EXHAUSTION -> ACCELERATION -> FAKE_BREAKOUT -> REVERSAL -> FAKE_BREAKOUT -> ACCELERATION -> PULLBACK -> ACCELERATION -> EXHAUSTION -> PULLBACK -> ACCELERATION -> EXHAUSTION -> ACCELERATION -> WEAK_TREND -> ACCELERATION -> HEALTHY_TREND -> ACCELERATION -> EXIT,32,ACCELERATION,35.5995
long_2026-06-11T220000_BEATUSDT,long,2026-06-11 22:00:00,BEATUSDT,EARLY_BREAKOUT -> WEAK_TREND -> ACCELERATION -> EARLY_BREAKOUT -> HEALTHY_TREND -> WEAK_TREND -> ACCELERATION -> WEAK_TREND -> HEALTHY_TREND -> PULLBACK -> ACCELERATION -> WEAK_TREND -> ACCELERATION -> WEAK_TREND -> PULLBACK -> HEALTHY_TREND -> PULLBACK -> EXHAUSTION -> PULLBACK -> ACCELERATION -> PULLBACK -> ACCELERATION -> PULLBACK -> ACCELERATION -> PULLBACK -> ACCELERATION -> PULLBACK -> ACCELERATION -> PULLBACK -> FAKE_BREAKOUT -> REVERSAL -> FAKE_BREAKOUT -> REVERSAL -> EXIT,33,REVERSAL,-1.7846
long_2026-06-11T220000_EPICUSDT,long,2026-06-11 22:00:00,EPICUSDT,EARLY_BREAKOUT -> ACCELERATION -> EARLY_BREAKOUT -> ACCELERATION -> WEAK_TREND -> EXHAUSTION -> ACCELERATION -> EXHAUSTION -> PULLBACK -> ACCELERATION -> PULLBACK -> ACCELERATION -> WEAK_TREND -> ACCELERATION -> PULLBACK -> ACCELERATION -> WEAK_TREND -> ACCELERATION -> HEALTHY_TREND -> PULLBACK -> HEALTHY_TREND -> PULLBACK -> FAKE_BREAKOUT -> REVERSAL -> FAKE_BREAKOUT -> REVERSAL -> FAKE_BREAKOUT -> REVERSAL -> EXIT,28,REVERSAL,-0.7918
long_2026-06-11T220000_CLOUSDT,long,2026-06-11 22:00:00,CLOUSDT,EARLY_BREAKOUT -> WEAK_TREND -> ACCELERATION -> FAKE_BREAKOUT -> PULLBACK -> FAKE_BREAKOUT -> ACCELERATION -> EXHAUSTION -> ACCELERATION -> WEAK_TREND -> PULLBACK -> EXHAUSTION -> PULLBACK -> ACCELERATION -> PULLBACK -> ACCELERATION -> WEAK_TREND -> PULLBACK -> ACCELERATION -> WEAK_TREND -> PULLBACK -> FAKE_BREAKOUT -> REVERSAL -> PULLBACK -> REVERSAL -> FAKE_BREAKOUT -> REVERSAL -> FAKE_BREAKOUT -> REVERSAL -> ACCELERATION -> EXIT,30,ACCELERATION,5.992
long_2026-06-11T220000_LITUSDT,long,2026-06-11 22:00:00,LITUSDT,EARLY_BREAKOUT -> WEAK_TREND -> ACCELERATION -> EARLY_BREAKOUT -> WEAK_TREND -> ACCELERATION -> WEAK_TREND -> HEALTHY_TREND -> ACCELERATION -> HEALTHY_TREND -> ACCELERATION -> WEAK_TREND -> PULLBACK -> ACCELERATION -> HEALTHY_TREND -> WEAK_TREND -> ACCELERATION -> WEAK_TREND -> PULLBACK -> HEALTHY_TREND -> WEAK_TREND -> PULLBACK -> ACCELERATION -> WEAK_TREND -> ACCELERATION -> WEAK_TREND -> ACCELERATION -> PULLBACK -> ACCELERATION -> PULLBACK -> ACCELERATION -> WEAK_TREND -> PULLBACK -> EXIT,33,PULLBACK,8.4778
short_2026-06-11T220000_LABUSDT,short,2026-06-11 22:00:00,LABUSDT,EARLY_BREAKOUT -> ACCELERATION -> PULLBACK -> FAKE_BREAKOUT -> REVERSAL -> FAKE_BREAKOUT -> REVERSAL -> FAKE_BREAKOUT -> ACCELERATION -> PULLBACK -> ACCELERATION -> HEALTHY_TREND -> PULLBACK -> ACCELERATION -> PULLBACK -> ACCELERATION -> HEALTHY_TREND -> PULLBACK -> ACCELERATION -> PULLBACK -> EXHAUSTION -> FAKE_BREAKOUT -> ACCELERATION -> FAKE_BREAKOUT -> ACCELERATION -> EXHAUSTION -> ACCELERATION -> EXHAUSTION -> FAKE_BREAKOUT -> EXIT,29,FAKE_BREAKOUT,3.7501
short_2026-06-11T220000_BTWUSDT,short,2026-06-11 22:00:00,BTWUSDT,EARLY_BREAKOUT -> ACCELERATION -> PULLBACK -> EXHAUSTION -> ACCELERATION -> HEALTHY_TREND -> PULLBACK -> ACCELERATION -> PULLBACK -> ACCELERATION -> HEALTHY_TREND -> WEAK_TREND -> EXHAUSTION -> PULLBACK -> ACCELERATION -> HEALTHY_TREND -> ACCELERATION -> PULLBACK -> ACCELERATION -> PULLBACK -> FAKE_BREAKOUT -> PULLBACK -> EXHAUSTION -> ACCELERATION -> PULLBACK -> ACCELERATION -> PULLBACK -> EXHAUSTION -> PULLBACK -> EXHAUSTION -> PULLBACK -> ACCELERATION -> EXHAUSTION -> ACCELERATION -> PULLBACK -> ACCELERATION -> PULLBACK -> EXIT,37,PULLBACK,15.4156
short_2026-06-11T220000_ZESTUSDT,short,2026-06-11 22:00:00,ZESTUSDT,EARLY_BREAKOUT -> ACCELERATION -> HEALTHY_TREND -> WEAK_TREND -> ACCELERATION -> WEAK_TREND -> ACCELERATION -> PULLBACK -> ACCELERATION -> PULLBACK -> HEALTHY_TREND -> ACCELERATION -> HEALTHY_TREND -> ACCELERATION -> PULLBACK -> ACCELERATION -> PULLBACK -> ACCELERATION -> PULLBACK -> ACCELERATION -> PULLBACK -> ACCELERATION -> PULLBACK -> ACCELERATION -> PULLBACK -> ACCELERATION -> PULLBACK -> EXIT,27,PULLBACK,8.1016
short_2026-06-11T220000_BANUSDT,short,2026-06-11 22:00:00,BANUSDT,EARLY_BREAKOUT -> ACCELERATION -> WEAK_TREND -> ACCELERATION -> HEALTHY_TREND -> WEAK_TREND -> REVERSAL -> EXIT,7,REVERSAL,-4.2951
short_2026-06-11T220000_PRLUSDT,short,2026-06-11 22:00:00,PRLUSDT,EARLY_BREAKOUT -> ACCELERATION -> HEALTHY_TREND -> WEAK_TREND -> ACCELERATION -> HEALTHY_TREND -> EXHAUSTION -> ACCELERATION -> EXHAUSTION -> PULLBACK -> EXHAUSTION -> REVERSAL -> ACCELERATION -> PULLBACK -> EXHAUSTION -> ACCELERATION -> EXHAUSTION -> REVERSAL -> WEAK_TREND -> ACCELERATION -> EXHAUSTION -> ACCELERATION -> PULLBACK -> ACCELERATION -> HEALTHY_TREND -> WEAK_TREND -> ACCELERATION -> EXIT,27,ACCELERATION,2.292
long_2026-06-12T000000_AIOUSDT,long,2026-06-12 00:00:00,AIOUSDT,EARLY_BREAKOUT -> ACCELERATION -> EARLY_BREAKOUT -> ACCELERATION -> PULLBACK -> ACCELERATION -> WEAK_TREND -> FAKE_BREAKOUT -> PULLBACK -> ACCELERATION -> PULLBACK -> ACCELERATION -> FAKE_BREAKOUT -> REVERSAL -> FAKE_BREAKOUT -> REVERSAL -> FAKE_BREAKOUT -> REVERSAL -> FAKE_BREAKOUT -> REVERSAL -> FAKE_BREAKOUT -> REVERSAL -> FAKE_BREAKOUT -> REVERSAL -> FAKE_BREAKOUT -> REVERSAL -> EXIT,26,REVERSAL,-2.4269
long_2026-06-12T000000_LABUSDT,long,2026-06-12 00:00:00,LABUSDT,EARLY_BREAKOUT -> ACCELERATION -> WEAK_TREND -> ACCELERATION -> WEAK_TREND -> REVERSAL -> FAKE_BREAKOUT -> PULLBACK -> ACCELERATION -> EXHAUSTION -> FAKE_BREAKOUT -> EXIT,11,FAKE_BREAKOUT,2.5926
long_2026-06-12T000000_KITEUSDT,long,2026-06-12 00:00:00,KITEUSDT,EARLY_BREAKOUT -> ACCELERATION -> WEAK_TREND -> ACCELERATION -> HEALTHY_TREND -> WEAK_TREND -> ACCELERATION -> HEALTHY_TREND -> PULLBACK -> ACCELERATION -> PULLBACK -> ACCELERATION -> HEALTHY_TREND -> WEAK_TREND -> ACCELERATION -> WEAK_TREND -> PULLBACK -> HEALTHY_TREND -> PULLBACK -> EXHAUSTION -> PULLBACK -> EXHAUSTION -> PULLBACK -> EXHAUSTION -> PULLBACK -> EXHAUSTION -> ACCELERATION -> EXHAUSTION -> FAKE_BREAKOUT -> ACCELERATION -> PULLBACK -> EXHAUSTION -> ACCELERATION -> PULLBACK -> EXIT,34,PULLBACK,2.6515
long_2026-06-12T000000_POWERUSDT,long,2026-06-12 00:00:00,POWERUSDT,EARLY_BREAKOUT -> ACCELERATION -> HEALTHY_TREND -> ACCELERATION -> HEALTHY_TREND -> WEAK_TREND -> PULLBACK -> ACCELERATION -> WEAK_TREND -> PULLBACK -> ACCELERATION -> PULLBACK -> ACCELERATION -> HEALTHY_TREND -> WEAK_TREND -> PULLBACK -> ACCELERATION -> PULLBACK -> EXHAUSTION -> FAKE_BREAKOUT -> PULLBACK -> ACCELERATION -> EXHAUSTION -> ACCELERATION -> FAKE_BREAKOUT -> PULLBACK -> FAKE_BREAKOUT -> EXIT,27,FAKE_BREAKOUT,0.3858
long_2026-06-12T000000_HUSDT,long,2026-06-12 00:00:00,HUSDT,EARLY_BREAKOUT -> ACCELERATION -> EARLY_BREAKOUT -> HEALTHY_TREND -> ACCELERATION -> REVERSAL -> ACCELERATION -> FAKE_BREAKOUT -> PULLBACK -> HEALTHY_TREND -> WEAK_TREND -> ACCELERATION -> PULLBACK -> EXHAUSTION -> PULLBACK -> EXHAUSTION -> PULLBACK -> FAKE_BREAKOUT -> PULLBACK -> ACCELERATION -> PULLBACK -> ACCELERATION -> HEALTHY_TREND -> ACCELERATION -> WEAK_TREND -> PULLBACK -> ACCELERATION -> PULLBACK -> ACCELERATION -> WEAK_TREND -> ACCELERATION -> HEALTHY_TREND -> ACCELERATION -> PULLBACK -> EXHAUSTION -> PULLBACK -> EXHAUSTION -> ACCELERATION -> EXHAUSTION -> EXIT,39,EXHAUSTION,16.0102
short_2026-06-12T000000_VELVETUSDT,short,2026-06-12 00:00:00,VELVETUSDT,EARLY_BREAKOUT -> ACCELERATION -> PULLBACK -> ACCELERATION -> REVERSAL -> PULLBACK -> FAKE_BREAKOUT -> REVERSAL -> EXIT,8,REVERSAL,-83.5335
short_2026-06-12T000000_CATIUSDT,short,2026-06-12 00:00:00,CATIUSDT,EARLY_BREAKOUT -> ACCELERATION -> PULLBACK -> EXHAUSTION -> FAKE_BREAKOUT -> REVERSAL -> FAKE_BREAKOUT -> REVERSAL -> EXIT,8,REVERSAL,-3.8954
short_2026-06-12T000000_STGUSDT,short,2026-06-12 00:00:00,STGUSDT,EARLY_BREAKOUT -> ACCELERATION -> PULLBACK -> ACCELERATION -> HEALTHY_TREND -> PULLBACK -> EXHAUSTION -> FAKE_BREAKOUT -> PULLBACK -> EXHAUSTION -> FAKE_BREAKOUT -> REVERSAL -> EXIT,12,REVERSAL,-6.4147
short_2026-06-12T000000_BTWUSDT,short,2026-06-12 00:00:00,BTWUSDT,EARLY_BREAKOUT -> WEAK_TREND -> EXHAUSTION -> ACCELERATION -> HEALTHY_TREND -> WEAK_TREND -> REVERSAL -> FAKE_BREAKOUT -> PULLBACK -> ACCELERATION -> HEALTHY_TREND -> ACCELERATION -> PULLBACK -> ACCELERATION -> EXHAUSTION -> REVERSAL -> FAKE_BREAKOUT -> PULLBACK -> FAKE_BREAKOUT -> ACCELERATION -> FAKE_BREAKOUT -> ACCELERATION -> PULLBACK -> EXHAUSTION -> ACCELERATION -> EXHAUSTION -> ACCELERATION -> PULLBACK -> ACCELERATION -> PULLBACK -> ACCELERATION -> PULLBACK -> EXIT,32,PULLBACK,10.2525
short_2026-06-12T000000_GUAUSDT,short,2026-06-12 00:00:00,GUAUSDT,EARLY_BREAKOUT -> WEAK_TREND -> ACCELERATION -> WEAK_TREND -> PULLBACK -> EXHAUSTION -> PULLBACK -> ACCELERATION -> WEAK_TREND -> ACCELERATION -> WEAK_TREND -> ACCELERATION -> WEAK_TREND -> PULLBACK -> FAKE_BREAKOUT -> REVERSAL -> FAKE_BREAKOUT -> REVERSAL -> EXIT,18,REVERSAL,-7.8301
long_2026-06-12T020000_ESPORTSUSDT,long,2026-06-12 02:00:00,ESPORTSUSDT,EARLY_BREAKOUT -> ACCELERATION -> EARLY_BREAKOUT -> ACCELERATION -> WEAK_TREND -> PULLBACK -> ACCELERATION -> PULLBACK -> ACCELERATION -> PULLBACK -> ACCELERATION -> PULLBACK -> ACCELERATION -> PULLBACK -> ACCELERATION -> HEALTHY_TREND -> PULLBACK -> ACCELERATION -> PULLBACK -> ACCELERATION -> PULLBACK -> EXHAUSTION -> PULLBACK -> EXHAUSTION -> FAKE_BREAKOUT -> REVERSAL -> FAKE_BREAKOUT -> EXIT,27,FAKE_BREAKOUT,26.1479
long_2026-06-12T020000_VELVETUSDT,long,2026-06-12 02:00:00,VELVETUSDT,EARLY_BREAKOUT -> ACCELERATION -> EARLY_BREAKOUT -> ACCELERATION -> WEAK_TREND -> ACCELERATION -> PULLBACK -> ACCELERATION -> PULLBACK -> ACCELERATION -> PULLBACK -> EXHAUSTION -> PULLBACK -> ACCELERATION -> PULLBACK -> ACCELERATION -> PULLBACK -> ACCELERATION -> PULLBACK -> ACCELERATION -> PULLBACK -> ACCELERATION -> PULLBACK -> ACCELERATION -> PULLBACK -> ACCELERATION -> PULLBACK -> ACCELERATION -> PULLBACK -> EXHAUSTION -> PULLBACK -> EXIT,31,PULLBACK,62.8019
long_2026-06-12T020000_HUSDT,long,2026-06-12 02:00:00,HUSDT,EARLY_BREAKOUT -> ACCELERATION -> WEAK_TREND -> ACCELERATION -> PULLBACK -> FAKE_BREAKOUT -> ACCELERATION -> HEALTHY_TREND -> ACCELERATION -> WEAK_TREND -> PULLBACK -> ACCELERATION -> PULLBACK -> ACCELERATION -> WEAK_TREND -> ACCELERATION -> HEALTHY_TREND -> ACCELERATION -> PULLBACK -> EXHAUSTION -> PULLBACK -> EXHAUSTION -> ACCELERATION -> FAKE_BREAKOUT -> ACCELERATION -> PULLBACK -> ACCELERATION -> PULLBACK -> ACCELERATION -> EXIT,29,ACCELERATION,36.252
long_2026-06-12T020000_AUSDT,long,2026-06-12 02:00:00,AUSDT,EARLY_BREAKOUT -> ACCELERATION -> PULLBACK -> ACCELERATION -> PULLBACK -> EXHAUSTION -> FAKE_BREAKOUT -> PULLBACK -> FAKE_BREAKOUT -> REVERSAL -> FAKE_BREAKOUT -> EXIT,11,FAKE_BREAKOUT,1.6973
long_2026-06-12T020000_CATIUSDT,long,2026-06-12 02:00:00,CATIUSDT,EARLY_BREAKOUT -> ACCELERATION -> WEAK_TREND -> ACCELERATION -> HEALTHY_TREND -> ACCELERATION -> WEAK_TREND -> HEALTHY_TREND -> WEAK_TREND -> ACCELERATION -> WEAK_TREND -> PULLBACK -> HEALTHY_TREND -> PULLBACK -> ACCELERATION -> HEALTHY_TREND -> WEAK_TREND -> ACCELERATION -> WEAK_TREND -> ACCELERATION -> WEAK_TREND -> HEALTHY_TREND -> ACCELERATION -> WEAK_TREND -> ACCELERATION -> WEAK_TREND -> ACCELERATION -> WEAK_TREND -> HEALTHY_TREND -> PULLBACK -> HEALTHY_TREND -> WEAK_TREND -> ACCELERATION -> HEALTHY_TREND -> WEAK_TREND -> PULLBACK -> HEALTHY_TREND -> PULLBACK -> EXIT,38,PULLBACK,4.6491
short_2026-06-12T020000_BTWUSDT,short,2026-06-12 02:00:00,BTWUSDT,EARLY_BREAKOUT -> WEAK_TREND -> ACCELERATION -> HEALTHY_TREND -> ACCELERATION -> PULLBACK -> ACCELERATION -> PULLBACK -> EXHAUSTION -> REVERSAL -> FAKE_BREAKOUT -> ACCELERATION -> PULLBACK -> EXHAUSTION -> FAKE_BREAKOUT -> PULLBACK -> FAKE_BREAKOUT -> ACCELERATION -> FAKE_BREAKOUT -> ACCELERATION -> PULLBACK -> EXHAUSTION -> ACCELERATION -> EXHAUSTION -> ACCELERATION -> PULLBACK -> ACCELERATION -> PULLBACK -> ACCELERATION -> PULLBACK -> ACCELERATION -> EXHAUSTION -> PULLBACK -> EXHAUSTION -> PULLBACK -> EXHAUSTION -> EXIT,36,EXHAUSTION,8.7006
short_2026-06-12T020000_LABUSDT,short,2026-06-12 02:00:00,LABUSDT,EARLY_BREAKOUT -> ACCELERATION -> HEALTHY_TREND -> ACCELERATION -> HEALTHY_TREND -> PULLBACK -> ACCELERATION -> PULLBACK -> ACCELERATION -> HEALTHY_TREND -> PULLBACK -> ACCELERATION -> PULLBACK -> EXHAUSTION -> FAKE_BREAKOUT -> ACCELERATION -> FAKE_BREAKOUT -> ACCELERATION -> EXHAUSTION -> FAKE_BREAKOUT -> ACCELERATION -> FAKE_BREAKOUT -> REVERSAL -> EXIT,23,REVERSAL,-10.2623
short_2026-06-12T020000_BILLUSDT,short,2026-06-12 02:00:00,BILLUSDT,EARLY_BREAKOUT -> ACCELERATION -> WEAK_TREND -> ACCELERATION -> HEALTHY_TREND -> ACCELERATION -> WEAK_TREND -> ACCELERATION -> WEAK_TREND -> FAKE_BREAKOUT -> REVERSAL -> EXIT,11,REVERSAL,-1.6334
short_2026-06-12T020000_KITEUSDT,short,2026-06-12 02:00:00,KITEUSDT,EARLY_BREAKOUT -> ACCELERATION -> WEAK_TREND -> ACCELERATION -> PULLBACK -> HEALTHY_TREND -> WEAK_TREND -> PULLBACK -> ACCELERATION -> WEAK_TREND -> ACCELERATION -> WEAK_TREND -> ACCELERATION -> WEAK_TREND -> ACCELERATION -> WEAK_TREND -> ACCELERATION -> WEAK_TREND -> ACCELERATION -> WEAK_TREND -> ACCELERATION -> WEAK_TREND -> HEALTHY_TREND -> ACCELERATION -> WEAK_TREND -> PULLBACK -> HEALTHY_TREND -> WEAK_TREND -> HEALTHY_TREND -> ACCELERATION -> WEAK_TREND -> ACCELERATION -> WEAK_TREND -> ACCELERATION -> WEAK_TREND -> EXIT,35,WEAK_TREND,3.2105
short_2026-06-12T020000_BEATUSDT,short,2026-06-12 02:00:00,BEATUSDT,EARLY_BREAKOUT -> WEAK_TREND -> FAKE_BREAKOUT -> ACCELERATION -> WEAK_TREND -> PULLBACK -> EXHAUSTION -> FAKE_BREAKOUT -> REVERSAL -> FAKE_BREAKOUT -> REVERSAL -> ACCELERATION -> HEALTHY_TREND -> ACCELERATION -> WEAK_TREND -> PULLBACK -> ACCELERATION -> PULLBACK -> HEALTHY_TREND -> PULLBACK -> ACCELERATION -> PULLBACK -> ACCELERATION -> PULLBACK -> ACCELERATION -> HEALTHY_TREND -> PULLBACK -> EXIT,27,PULLBACK,19.3367
long_2026-06-12T040000_LUMIAUSDT,long,2026-06-12 04:00:00,LUMIAUSDT,EARLY_BREAKOUT -> WEAK_TREND -> ACCELERATION -> HEALTHY_TREND -> PULLBACK -> EXHAUSTION -> PULLBACK -> ACCELERATION -> PULLBACK -> ACCELERATION -> PULLBACK -> HEALTHY_TREND -> ACCELERATION -> HEALTHY_TREND -> ACCELERATION -> HEALTHY_TREND -> PULLBACK -> EXHAUSTION -> PULLBACK -> EXHAUSTION -> ACCELERATION -> PULLBACK -> ACCELERATION -> PULLBACK -> EXHAUSTION -> ACCELERATION -> PULLBACK -> EXHAUSTION -> PULLBACK -> FAKE_BREAKOUT -> EXIT,30,FAKE_BREAKOUT,6.3867
long_2026-06-12T040000_AINUSDT,long,2026-06-12 04:00:00,AINUSDT,EARLY_BREAKOUT -> ACCELERATION -> EARLY_BREAKOUT -> ACCELERATION -> FAKE_BREAKOUT -> PULLBACK -> FAKE_BREAKOUT -> ACCELERATION -> FAKE_BREAKOUT -> ACCELERATION -> PULLBACK -> EXHAUSTION -> ACCELERATION -> FAKE_BREAKOUT -> ACCELERATION -> PULLBACK -> ACCELERATION -> EXHAUSTION -> FAKE_BREAKOUT -> PULLBACK -> ACCELERATION -> PULLBACK -> ACCELERATION -> EXHAUSTION -> ACCELERATION -> PULLBACK -> EXHAUSTION -> PULLBACK -> ACCELERATION -> PULLBACK -> EXHAUSTION -> PULLBACK -> EXHAUSTION -> PULLBACK -> ACCELERATION -> PULLBACK -> EXHAUSTION -> EXIT,37,EXHAUSTION,11.4796
long_2026-06-12T040000_UBUSDT,long,2026-06-12 04:00:00,UBUSDT,EARLY_BREAKOUT -> WEAK_TREND -> ACCELERATION -> EARLY_BREAKOUT -> HEALTHY_TREND -> ACCELERATION -> PULLBACK -> EXHAUSTION -> PULLBACK -> ACCELERATION -> HEALTHY_TREND -> PULLBACK -> ACCELERATION -> HEALTHY_TREND -> PULLBACK -> REVERSAL -> FAKE_BREAKOUT -> ACCELERATION -> PULLBACK -> EXIT,19,PULLBACK,6.9113
long_2026-06-12T040000_ESPORTSUSDT,long,2026-06-12 04:00:00,ESPORTSUSDT,EARLY_BREAKOUT -> FAKE_BREAKOUT -> ACCELERATION -> PULLBACK -> ACCELERATION -> PULLBACK -> ACCELERATION -> PULLBACK -> ACCELERATION -> HEALTHY_TREND -> PULLBACK -> ACCELERATION -> EXHAUSTION -> PULLBACK -> EXHAUSTION -> ACCELERATION -> PULLBACK -> EXHAUSTION -> FAKE_BREAKOUT -> PULLBACK -> FAKE_BREAKOUT -> REVERSAL -> FAKE_BREAKOUT -> EXIT,23,FAKE_BREAKOUT,16.6238
long_2026-06-12T040000_STGUSDT,long,2026-06-12 04:00:00,STGUSDT,EARLY_BREAKOUT -> ACCELERATION -> EARLY_BREAKOUT -> ACCELERATION -> WEAK_TREND -> PULLBACK -> ACCELERATION -> HEALTHY_TREND -> ACCELERATION -> PULLBACK -> ACCELERATION -> PULLBACK -> ACCELERATION -> PULLBACK -> EXHAUSTION -> FAKE_BREAKOUT -> PULLBACK -> FAKE_BREAKOUT -> ACCELERATION -> PULLBACK -> EXHAUSTION -> PULLBACK -> ACCELERATION -> PULLBACK -> ACCELERATION -> WEAK_TREND -> PULLBACK -> ACCELERATION -> EXIT,28,ACCELERATION,25.9245
short_2026-06-12T040000_EPICUSDT,short,2026-06-12 04:00:00,EPICUSDT,EARLY_BREAKOUT -> ACCELERATION -> EARLY_BREAKOUT -> HEALTHY_TREND -> PULLBACK -> ACCELERATION -> HEALTHY_TREND -> ACCELERATION -> WEAK_TREND -> PULLBACK -> ACCELERATION -> HEALTHY_TREND -> WEAK_TREND -> PULLBACK -> ACCELERATION -> WEAK_TREND -> ACCELERATION -> WEAK_TREND -> ACCELERATION -> PULLBACK -> FAKE_BREAKOUT -> REVERSAL -> ACCELERATION -> WEAK_TREND -> EXHAUSTION -> FAKE_BREAKOUT -> PULLBACK -> ACCELERATION -> PULLBACK -> EXIT,29,PULLBACK,12.3981
short_2026-06-12T040000_VELVETUSDT,short,2026-06-12 04:00:00,VELVETUSDT,EARLY_BREAKOUT -> ACCELERATION -> FAKE_BREAKOUT -> REVERSAL -> PULLBACK -> REVERSAL -> EXIT,6,REVERSAL,-27.393
short_2026-06-12T040000_AIOUSDT,short,2026-06-12 04:00:00,AIOUSDT,EARLY_BREAKOUT -> PULLBACK -> FAKE_BREAKOUT -> HEALTHY_TREND -> FAKE_BREAKOUT -> PULLBACK -> ACCELERATION -> HEALTHY_TREND -> PULLBACK -> ACCELERATION -> PULLBACK -> ACCELERATION -> PULLBACK -> ACCELERATION -> PULLBACK -> EXHAUSTION -> FAKE_BREAKOUT -> ACCELERATION -> EXHAUSTION -> ACCELERATION -> FAKE_BREAKOUT -> PULLBACK -> FAKE_BREAKOUT -> PULLBACK -> ACCELERATION -> EXHAUSTION -> FAKE_BREAKOUT -> ACCELERATION -> PULLBACK -> ACCELERATION -> PULLBACK -> EXIT,31,PULLBACK,15.3784
short_2026-06-12T040000_SKYAIUSDT,short,2026-06-12 04:00:00,SKYAIUSDT,EARLY_BREAKOUT -> ACCELERATION -> WEAK_TREND -> FAKE_BREAKOUT -> PULLBACK -> HEALTHY_TREND -> PULLBACK -> ACCELERATION -> PULLBACK -> ACCELERATION -> WEAK_TREND -> EXHAUSTION -> FAKE_BREAKOUT -> REVERSAL -> FAKE_BREAKOUT -> ACCELERATION -> FAKE_BREAKOUT -> REVERSAL -> ACCELERATION -> FAKE_BREAKOUT -> REVERSAL -> EXIT,21,REVERSAL,-4.038
short_2026-06-12T040000_GWEIUSDT,short,2026-06-12 04:00:00,GWEIUSDT,EARLY_BREAKOUT -> ACCELERATION -> WEAK_TREND -> ACCELERATION -> HEALTHY_TREND -> WEAK_TREND -> PULLBACK -> ACCELERATION -> WEAK_TREND -> ACCELERATION -> WEAK_TREND -> PULLBACK -> HEALTHY_TREND -> WEAK_TREND -> HEALTHY_TREND -> ACCELERATION -> HEALTHY_TREND -> EXHAUSTION -> PULLBACK -> FAKE_BREAKOUT -> PULLBACK -> ACCELERATION -> EXHAUSTION -> ACCELERATION -> PULLBACK -> EXHAUSTION -> PULLBACK -> EXHAUSTION -> PULLBACK -> EXHAUSTION -> ACCELERATION -> PULLBACK -> ACCELERATION -> EXHAUSTION -> FAKE_BREAKOUT -> PULLBACK -> EXHAUSTION -> EXIT,37,EXHAUSTION,2.7087
long_2026-06-12T060000_STGUSDT,long,2026-06-12 06:00:00,STGUSDT,EARLY_BREAKOUT -> ACCELERATION -> PULLBACK -> ACCELERATION -> PULLBACK -> ACCELERATION -> EXHAUSTION -> PULLBACK -> EXHAUSTION -> FAKE_BREAKOUT -> REVERSAL -> FAKE_BREAKOUT -> REVERSAL -> FAKE_BREAKOUT -> REVERSAL -> FAKE_BREAKOUT -> PULLBACK -> FAKE_BREAKOUT -> PULLBACK -> ACCELERATION -> PULLBACK -> ACCELERATION -> WEAK_TREND -> PULLBACK -> ACCELERATION -> HEALTHY_TREND -> PULLBACK -> ACCELERATION -> PULLBACK -> ACCELERATION -> PULLBACK -> FAKE_BREAKOUT -> PULLBACK -> EXIT,33,PULLBACK,7.3141
long_2026-06-12T060000_XPLUSDT,long,2026-06-12 06:00:00,XPLUSDT,EARLY_BREAKOUT -> WEAK_TREND -> ACCELERATION -> HEALTHY_TREND -> EXHAUSTION -> FAKE_BREAKOUT -> PULLBACK -> ACCELERATION -> HEALTHY_TREND -> ACCELERATION -> PULLBACK -> ACCELERATION -> WEAK_TREND -> PULLBACK -> ACCELERATION -> PULLBACK -> ACCELERATION -> PULLBACK -> ACCELERATION -> WEAK_TREND -> ACCELERATION -> PULLBACK -> ACCELERATION -> HEALTHY_TREND -> ACCELERATION -> HEALTHY_TREND -> ACCELERATION -> PULLBACK -> ACCELERATION -> PULLBACK -> ACCELERATION -> HEALTHY_TREND -> ACCELERATION -> PULLBACK -> ACCELERATION -> EXIT,35,ACCELERATION,26.9334
long_2026-06-12T060000_HUSDT,long,2026-06-12 06:00:00,HUSDT,EARLY_BREAKOUT -> ACCELERATION -> HEALTHY_TREND -> ACCELERATION -> WEAK_TREND -> PULLBACK -> ACCELERATION -> EXHAUSTION -> ACCELERATION -> WEAK_TREND -> ACCELERATION -> HEALTHY_TREND -> ACCELERATION -> PULLBACK -> FAKE_BREAKOUT -> PULLBACK -> FAKE_BREAKOUT -> ACCELERATION -> FAKE_BREAKOUT -> ACCELERATION -> PULLBACK -> ACCELERATION -> PULLBACK -> ACCELERATION -> HEALTHY_TREND -> PULLBACK -> ACCELERATION -> HEALTHY_TREND -> PULLBACK -> ACCELERATION -> EXHAUSTION -> PULLBACK -> EXHAUSTION -> EXIT,33,EXHAUSTION,25.2308
long_2026-06-12T060000_SLXUSDT,long,2026-06-12 06:00:00,SLXUSDT,EARLY_BREAKOUT -> ACCELERATION -> PULLBACK -> EXHAUSTION -> FAKE_BREAKOUT -> PULLBACK -> FAKE_BREAKOUT -> ACCELERATION -> PULLBACK -> ACCELERATION -> EXHAUSTION -> FAKE_BREAKOUT -> ACCELERATION -> PULLBACK -> EXHAUSTION -> FAKE_BREAKOUT -> PULLBACK -> ACCELERATION -> PULLBACK -> FAKE_BREAKOUT -> PULLBACK -> FAKE_BREAKOUT -> PULLBACK -> FAKE_BREAKOUT -> REVERSAL -> FAKE_BREAKOUT -> EXIT,26,FAKE_BREAKOUT,1.3481
long_2026-06-12T060000_GRASSUSDT,long,2026-06-12 06:00:00,GRASSUSDT,EARLY_BREAKOUT -> ACCELERATION -> EARLY_BREAKOUT -> HEALTHY_TREND -> ACCELERATION -> PULLBACK -> EXHAUSTION -> PULLBACK -> EXHAUSTION -> PULLBACK -> ACCELERATION -> PULLBACK -> EXHAUSTION -> FAKE_BREAKOUT -> ACCELERATION -> EXHAUSTION -> ACCELERATION -> EXHAUSTION -> FAKE_BREAKOUT -> PULLBACK -> EXHAUSTION -> FAKE_BREAKOUT -> REVERSAL -> FAKE_BREAKOUT -> REVERSAL -> FAKE_BREAKOUT -> PULLBACK -> EXIT,27,PULLBACK,3.0156
short_2026-06-12T060000_VELVETUSDT,short,2026-06-12 06:00:00,VELVETUSDT,EARLY_BREAKOUT -> ACCELERATION -> EARLY_BREAKOUT -> PULLBACK -> EXHAUSTION -> FAKE_BREAKOUT -> REVERSAL -> FAKE_BREAKOUT -> REVERSAL -> FAKE_BREAKOUT -> REVERSAL -> FAKE_BREAKOUT -> REVERSAL -> ACCELERATION -> EXHAUSTION -> ACCELERATION -> EXHAUSTION -> FAKE_BREAKOUT -> REVERSAL -> EXIT,19,REVERSAL,-13.9651
short_2026-06-12T060000_FOLKSUSDT,short,2026-06-12 06:00:00,FOLKSUSDT,EARLY_BREAKOUT -> ACCELERATION -> HEALTHY_TREND -> WEAK_TREND -> EXHAUSTION -> HEALTHY_TREND -> PULLBACK -> HEALTHY_TREND -> ACCELERATION -> PULLBACK -> ACCELERATION -> HEALTHY_TREND -> WEAK_TREND -> ACCELERATION -> PULLBACK -> ACCELERATION -> PULLBACK -> ACCELERATION -> PULLBACK -> ACCELERATION -> HEALTHY_TREND -> ACCELERATION -> HEALTHY_TREND -> WEAK_TREND -> ACCELERATION -> HEALTHY_TREND -> PULLBACK -> EXHAUSTION -> PULLBACK -> EXHAUSTION -> ACCELERATION -> PULLBACK -> EXHAUSTION -> PULLBACK -> ACCELERATION -> PULLBACK -> EXIT,36,PULLBACK,15.671
short_2026-06-12T060000_BTWUSDT,short,2026-06-12 06:00:00,BTWUSDT,EARLY_BREAKOUT -> ACCELERATION -> EARLY_BREAKOUT -> PULLBACK -> REVERSAL -> FAKE_BREAKOUT -> PULLBACK -> ACCELERATION -> FAKE_BREAKOUT -> ACCELERATION -> HEALTHY_TREND -> WEAK_TREND -> ACCELERATION -> PULLBACK -> ACCELERATION -> HEALTHY_TREND -> ACCELERATION -> WEAK_TREND -> ACCELERATION -> PULLBACK -> HEALTHY_TREND -> WEAK_TREND -> ACCELERATION -> EXHAUSTION -> PULLBACK -> FAKE_BREAKOUT -> PULLBACK -> EXHAUSTION -> ACCELERATION -> PULLBACK -> ACCELERATION -> PULLBACK -> ACCELERATION -> PULLBACK -> ACCELERATION -> HEALTHY_TREND -> ACCELERATION -> WEAK_TREND -> ACCELERATION -> WEAK_TREND -> PULLBACK -> EXIT,41,PULLBACK,11.9257
short_2026-06-12T060000_CLOUSDT,short,2026-06-12 06:00:00,CLOUSDT,EARLY_BREAKOUT -> ACCELERATION -> HEALTHY_TREND -> EXHAUSTION -> REVERSAL -> ACCELERATION -> HEALTHY_TREND -> ACCELERATION -> WEAK_TREND -> PULLBACK -> FAKE_BREAKOUT -> REVERSAL -> EXIT,12,REVERSAL,-26.3421
short_2026-06-12T060000_LUMIAUSDT,short,2026-06-12 06:00:00,LUMIAUSDT,EARLY_BREAKOUT -> FAKE_BREAKOUT -> REVERSAL -> FAKE_BREAKOUT -> REVERSAL -> FAKE_BREAKOUT -> REVERSAL -> FAKE_BREAKOUT -> REVERSAL -> FAKE_BREAKOUT -> REVERSAL -> FAKE_BREAKOUT -> REVERSAL -> ACCELERATION -> HEALTHY_TREND -> ACCELERATION -> HEALTHY_TREND -> PULLBACK -> EXHAUSTION -> PULLBACK -> EXHAUSTION -> PULLBACK -> ACCELERATION -> EXHAUSTION -> ACCELERATION -> EXIT,25,ACCELERATION,5.6125
long_2026-06-12T080000_GENIUSUSDT,long,2026-06-12 08:00:00,GENIUSUSDT,EARLY_BREAKOUT -> ACCELERATION -> EARLY_BREAKOUT -> HEALTHY_TREND -> ACCELERATION -> PULLBACK -> HEALTHY_TREND -> ACCELERATION -> WEAK_TREND -> ACCELERATION -> PULLBACK -> EXHAUSTION -> PULLBACK -> EXHAUSTION -> PULLBACK -> ACCELERATION -> PULLBACK -> ACCELERATION -> PULLBACK -> ACCELERATION -> HEALTHY_TREND -> PULLBACK -> ACCELERATION -> HEALTHY_TREND -> WEAK_TREND -> PULLBACK -> ACCELERATION -> HEALTHY_TREND -> WEAK_TREND -> ACCELERATION -> PULLBACK -> HEALTHY_TREND -> PULLBACK -> EXHAUSTION -> PULLBACK -> EXIT,35,PULLBACK,6.3374
long_2026-06-12T080000_AINUSDT,long,2026-06-12 08:00:00,AINUSDT,EARLY_BREAKOUT -> ACCELERATION -> EARLY_BREAKOUT -> ACCELERATION -> FAKE_BREAKOUT -> ACCELERATION -> PULLBACK -> ACCELERATION -> PULLBACK -> ACCELERATION -> WEAK_TREND -> PULLBACK -> EXHAUSTION -> PULLBACK -> ACCELERATION -> PULLBACK -> FAKE_BREAKOUT -> PULLBACK -> ACCELERATION -> PULLBACK -> EXHAUSTION -> FAKE_BREAKOUT -> ACCELERATION -> HEALTHY_TREND -> FAKE_BREAKOUT -> ACCELERATION -> PULLBACK -> ACCELERATION -> PULLBACK -> ACCELERATION -> PULLBACK -> ACCELERATION -> EXIT,32,ACCELERATION,19.0471
long_2026-06-12T080000_XPLUSDT,long,2026-06-12 08:00:00,XPLUSDT,EARLY_BREAKOUT -> ACCELERATION -> EARLY_BREAKOUT -> ACCELERATION -> PULLBACK -> ACCELERATION -> WEAK_TREND -> PULLBACK -> ACCELERATION -> PULLBACK -> ACCELERATION -> PULLBACK -> ACCELERATION -> WEAK_TREND -> ACCELERATION -> PULLBACK -> ACCELERATION -> HEALTHY_TREND -> ACCELERATION -> HEALTHY_TREND -> ACCELERATION -> PULLBACK -> ACCELERATION -> PULLBACK -> ACCELERATION -> HEALTHY_TREND -> ACCELERATION -> PULLBACK -> ACCELERATION -> PULLBACK -> ACCELERATION -> PULLBACK -> ACCELERATION -> HEALTHY_TREND -> EXIT,34,HEALTHY_TREND,25.4545
long_2026-06-12T080000_COLLECTUSDT,long,2026-06-12 08:00:00,COLLECTUSDT,EARLY_BREAKOUT -> WEAK_TREND -> ACCELERATION -> HEALTHY_TREND -> ACCELERATION -> WEAK_TREND -> PULLBACK -> ACCELERATION -> WEAK_TREND -> ACCELERATION -> WEAK_TREND -> ACCELERATION -> WEAK_TREND -> HEALTHY_TREND -> ACCELERATION -> WEAK_TREND -> PULLBACK -> FAKE_BREAKOUT -> ACCELERATION -> EXHAUSTION -> ACCELERATION -> EXHAUSTION -> PULLBACK -> EXHAUSTION -> REVERSAL -> FAKE_BREAKOUT -> REVERSAL -> EXIT,27,REVERSAL,-13.5103
long_2026-06-12T080000_CFGUSDT,long,2026-06-12 08:00:00,CFGUSDT,EARLY_BREAKOUT -> ACCELERATION -> HEALTHY_TREND -> WEAK_TREND -> EXHAUSTION -> FAKE_BREAKOUT -> ACCELERATION -> EXHAUSTION -> PULLBACK -> ACCELERATION -> FAKE_BREAKOUT -> REVERSAL -> FAKE_BREAKOUT -> ACCELERATION -> HEALTHY_TREND -> EXHAUSTION -> FAKE_BREAKOUT -> REVERSAL -> FAKE_BREAKOUT -> REVERSAL -> FAKE_BREAKOUT -> ACCELERATION -> WEAK_TREND -> EXHAUSTION -> FAKE_BREAKOUT -> EXIT,25,FAKE_BREAKOUT,0.8962
short_2026-06-12T080000_ESPORTSUSDT,short,2026-06-12 08:00:00,ESPORTSUSDT,EARLY_BREAKOUT -> ACCELERATION -> PULLBACK -> ACCELERATION -> PULLBACK -> ACCELERATION -> PULLBACK -> ACCELERATION -> PULLBACK -> ACCELERATION -> HEALTHY_TREND -> ACCELERATION -> PULLBACK -> EXHAUSTION -> PULLBACK -> ACCELERATION -> PULLBACK -> EXHAUSTION -> PULLBACK -> EXHAUSTION -> FAKE_BREAKOUT -> EXIT,21,FAKE_BREAKOUT,15.791
short_2026-06-12T080000_BEATUSDT,short,2026-06-12 08:00:00,BEATUSDT,EARLY_BREAKOUT -> ACCELERATION -> EARLY_BREAKOUT -> ACCELERATION -> WEAK_TREND -> PULLBACK -> ACCELERATION -> PULLBACK -> HEALTHY_TREND -> PULLBACK -> ACCELERATION -> PULLBACK -> ACCELERATION -> PULLBACK -> ACCELERATION -> HEALTHY_TREND -> PULLBACK -> ACCELERATION -> HEALTHY_TREND -> WEAK_TREND -> ACCELERATION -> PULLBACK -> EXHAUSTION -> PULLBACK -> ACCELERATION -> PULLBACK -> ACCELERATION -> EXHAUSTION -> PULLBACK -> EXHAUSTION -> PULLBACK -> ACCELERATION -> EXHAUSTION -> EXIT,33,EXHAUSTION,16.9399
short_2026-06-12T080000_CLOUSDT,short,2026-06-12 08:00:00,CLOUSDT,EARLY_BREAKOUT -> ACCELERATION -> HEALTHY_TREND -> ACCELERATION -> WEAK_TREND -> PULLBACK -> FAKE_BREAKOUT -> REVERSAL -> EXIT,8,REVERSAL,-27.2359
short_2026-06-12T080000_VELVETUSDT,short,2026-06-12 08:00:00,VELVETUSDT,EARLY_BREAKOUT -> REVERSAL -> ACCELERATION -> EARLY_BREAKOUT -> FAKE_BREAKOUT -> REVERSAL -> ACCELERATION -> REVERSAL -> FAKE_BREAKOUT -> ACCELERATION -> WEAK_TREND -> ACCELERATION -> PULLBACK -> FAKE_BREAKOUT -> REVERSAL -> FAKE_BREAKOUT -> EXIT,16,FAKE_BREAKOUT,0.2291
short_2026-06-12T080000_POWERUSDT,short,2026-06-12 08:00:00,POWERUSDT,EARLY_BREAKOUT -> ACCELERATION -> EARLY_BREAKOUT -> PULLBACK -> ACCELERATION -> PULLBACK -> EXHAUSTION -> ACCELERATION -> HEALTHY_TREND -> WEAK_TREND -> PULLBACK -> ACCELERATION -> PULLBACK -> ACCELERATION -> WEAK_TREND -> ACCELERATION -> WEAK_TREND -> PULLBACK -> HEALTHY_TREND -> PULLBACK -> FAKE_BREAKOUT -> ACCELERATION -> EXHAUSTION -> FAKE_BREAKOUT -> REVERSAL -> FAKE_BREAKOUT -> ACCELERATION -> EXHAUSTION -> REVERSAL -> FAKE_BREAKOUT -> REVERSAL -> FAKE_BREAKOUT -> REVERSAL -> ACCELERATION -> HEALTHY_TREND -> PULLBACK -> EXHAUSTION -> EXIT,37,EXHAUSTION,2.6447
long_2026-06-12T100000_LABUSDT,long,2026-06-12 10:00:00,LABUSDT,EARLY_BREAKOUT -> ACCELERATION -> EARLY_BREAKOUT -> ACCELERATION -> PULLBACK -> ACCELERATION -> WEAK_TREND -> ACCELERATION -> PULLBACK -> ACCELERATION -> PULLBACK -> ACCELERATION -> HEALTHY_TREND -> PULLBACK -> EXHAUSTION -> PULLBACK -> ACCELERATION -> PULLBACK -> ACCELERATION -> PULLBACK -> ACCELERATION -> PULLBACK -> ACCELERATION -> PULLBACK -> ACCELERATION -> HEALTHY_TREND -> PULLBACK -> EXHAUSTION -> PULLBACK -> EXIT,29,PULLBACK,11.9557
long_2026-06-12T100000_SKYAIUSDT,long,2026-06-12 10:00:00,SKYAIUSDT,EARLY_BREAKOUT -> ACCELERATION -> WEAK_TREND -> ACCELERATION -> FAKE_BREAKOUT -> ACCELERATION -> PULLBACK -> HEALTHY_TREND -> ACCELERATION -> PULLBACK -> ACCELERATION -> WEAK_TREND -> ACCELERATION -> WEAK_TREND -> ACCELERATION -> WEAK_TREND -> ACCELERATION -> HEALTHY_TREND -> EXHAUSTION -> FAKE_BREAKOUT -> PULLBACK -> FAKE_BREAKOUT -> ACCELERATION -> HEALTHY_TREND -> ACCELERATION -> HEALTHY_TREND -> WEAK_TREND -> ACCELERATION -> HEALTHY_TREND -> PULLBACK -> ACCELERATION -> HEALTHY_TREND -> ACCELERATION -> PULLBACK -> EXIT,34,PULLBACK,20.8996
long_2026-06-12T100000_VELVETUSDT,long,2026-06-12 10:00:00,VELVETUSDT,EARLY_BREAKOUT -> ACCELERATION -> REVERSAL -> ACCELERATION -> FAKE_BREAKOUT -> ACCELERATION -> REVERSAL -> FAKE_BREAKOUT -> REVERSAL -> FAKE_BREAKOUT -> REVERSAL -> FAKE_BREAKOUT -> REVERSAL -> ACCELERATION -> FAKE_BREAKOUT -> REVERSAL -> EXIT,16,REVERSAL,-2.396
long_2026-06-12T100000_SOONUSDT,long,2026-06-12 10:00:00,SOONUSDT,EARLY_BREAKOUT -> WEAK_TREND -> ACCELERATION -> EXHAUSTION -> FAKE_BREAKOUT -> REVERSAL -> FAKE_BREAKOUT -> ACCELERATION -> FAKE_BREAKOUT -> ACCELERATION -> EXHAUSTION -> ACCELERATION -> WEAK_TREND -> ACCELERATION -> WEAK_TREND -> ACCELERATION -> WEAK_TREND -> ACCELERATION -> HEALTHY_TREND -> ACCELERATION -> HEALTHY_TREND -> PULLBACK -> ACCELERATION -> WEAK_TREND -> ACCELERATION -> HEALTHY_TREND -> EXIT,26,HEALTHY_TREND,6.8905
long_2026-06-12T100000_SOMIUSDT,long,2026-06-12 10:00:00,SOMIUSDT,EARLY_BREAKOUT -> ACCELERATION -> HEALTHY_TREND -> PULLBACK -> ACCELERATION -> PULLBACK -> HEALTHY_TREND -> PULLBACK -> EXHAUSTION -> FAKE_BREAKOUT -> REVERSAL -> FAKE_BREAKOUT -> REVERSAL -> FAKE_BREAKOUT -> ACCELERATION -> PULLBACK -> FAKE_BREAKOUT -> PULLBACK -> FAKE_BREAKOUT -> EXIT,19,FAKE_BREAKOUT,1.2601
short_2026-06-12T100000_ESPORTSUSDT,short,2026-06-12 10:00:00,ESPORTSUSDT,EARLY_BREAKOUT -> FAKE_BREAKOUT -> ACCELERATION -> PULLBACK -> ACCELERATION -> HEALTHY_TREND -> ACCELERATION -> PULLBACK -> EXHAUSTION -> PULLBACK -> EXHAUSTION -> FAKE_BREAKOUT -> PULLBACK -> ACCELERATION -> EXHAUSTION -> FAKE_BREAKOUT -> REVERSAL -> FAKE_BREAKOUT -> REVERSAL -> FAKE_BREAKOUT -> REVERSAL -> FAKE_BREAKOUT -> REVERSAL -> EXIT,23,REVERSAL,-9.7326
short_2026-06-12T100000_UBUSDT,short,2026-06-12 10:00:00,UBUSDT,EARLY_BREAKOUT -> REVERSAL -> ACCELERATION -> EARLY_BREAKOUT -> HEALTHY_TREND -> PULLBACK -> ACCELERATION -> PULLBACK -> ACCELERATION -> PULLBACK -> EXHAUSTION -> FAKE_BREAKOUT -> ACCELERATION -> REVERSAL -> FAKE_BREAKOUT -> REVERSAL -> ACCELERATION -> EXHAUSTION -> ACCELERATION -> EXHAUSTION -> PULLBACK -> EXIT,21,PULLBACK,6.1852
short_2026-06-12T100000_COAIUSDT,short,2026-06-12 10:00:00,COAIUSDT,EARLY_BREAKOUT -> PULLBACK -> ACCELERATION -> HEALTHY_TREND -> WEAK_TREND -> PULLBACK -> ACCELERATION -> PULLBACK -> ACCELERATION -> HEALTHY_TREND -> PULLBACK -> ACCELERATION -> PULLBACK -> EXHAUSTION -> FAKE_BREAKOUT -> REVERSAL -> EXIT,16,REVERSAL,-12.6747
short_2026-06-12T100000_SIRENUSDT,short,2026-06-12 10:00:00,SIRENUSDT,EARLY_BREAKOUT -> ACCELERATION -> PULLBACK -> ACCELERATION -> HEALTHY_TREND -> ACCELERATION -> PULLBACK -> ACCELERATION -> PULLBACK -> ACCELERATION -> HEALTHY_TREND -> PULLBACK -> ACCELERATION -> PULLBACK -> ACCELERATION -> PULLBACK -> ACCELERATION -> PULLBACK -> EXHAUSTION -> ACCELERATION -> PULLBACK -> ACCELERATION -> PULLBACK -> ACCELERATION -> EXIT,24,ACCELERATION,12.5175
short_2026-06-12T100000_HUSDT,short,2026-06-12 10:00:00,HUSDT,EARLY_BREAKOUT -> ACCELERATION -> EXHAUSTION -> ACCELERATION -> HEALTHY_TREND -> PULLBACK -> ACCELERATION -> HEALTHY_TREND -> PULLBACK -> EXHAUSTION -> FAKE_BREAKOUT -> REVERSAL -> FAKE_BREAKOUT -> REVERSAL -> FAKE_BREAKOUT -> ACCELERATION -> PULLBACK -> ACCELERATION -> PULLBACK -> EXHAUSTION -> FAKE_BREAKOUT -> PULLBACK -> EXHAUSTION -> EXIT,23,EXHAUSTION,7.4969
long_2026-06-12T120000_VELVETUSDT,long,2026-06-12 12:00:00,VELVETUSDT,EARLY_BREAKOUT -> ACCELERATION -> EARLY_BREAKOUT -> WEAK_TREND -> EXHAUSTION -> PULLBACK -> FAKE_BREAKOUT -> REVERSAL -> FAKE_BREAKOUT -> PULLBACK -> ACCELERATION -> PULLBACK -> FAKE_BREAKOUT -> PULLBACK -> ACCELERATION -> PULLBACK -> EXHAUSTION -> PULLBACK -> FAKE_BREAKOUT -> PULLBACK -> FAKE_BREAKOUT -> ACCELERATION -> PULLBACK -> FAKE_BREAKOUT -> ACCELERATION -> FAKE_BREAKOUT -> REVERSAL -> EXIT,27,REVERSAL,-36.4713
long_2026-06-12T120000_STGUSDT,long,2026-06-12 12:00:00,STGUSDT,EARLY_BREAKOUT -> ACCELERATION -> EARLY_BREAKOUT -> HEALTHY_TREND -> EXHAUSTION -> PULLBACK -> ACCELERATION -> HEALTHY_TREND -> PULLBACK -> ACCELERATION -> WEAK_TREND -> PULLBACK -> ACCELERATION -> HEALTHY_TREND -> PULLBACK -> ACCELERATION -> PULLBACK -> ACCELERATION -> PULLBACK -> FAKE_BREAKOUT -> PULLBACK -> FAKE_BREAKOUT -> ACCELERATION -> PULLBACK -> EXHAUSTION -> ACCELERATION -> PULLBACK -> FAKE_BREAKOUT -> PULLBACK -> FAKE_BREAKOUT -> ACCELERATION -> EXHAUSTION -> ACCELERATION -> PULLBACK -> ACCELERATION -> PULLBACK -> ACCELERATION -> PULLBACK -> EXIT,38,PULLBACK,10.7024
long_2026-06-12T120000_HUSDT,long,2026-06-12 12:00:00,HUSDT,EARLY_BREAKOUT -> ACCELERATION -> EARLY_BREAKOUT -> ACCELERATION -> WEAK_TREND -> PULLBACK -> ACCELERATION -> HEALTHY_TREND -> PULLBACK -> ACCELERATION -> HEALTHY_TREND -> PULLBACK -> EXHAUSTION -> PULLBACK -> ACCELERATION -> EXHAUSTION -> PULLBACK -> EXHAUSTION -> PULLBACK -> FAKE_BREAKOUT -> ACCELERATION -> FAKE_BREAKOUT -> REVERSAL -> FAKE_BREAKOUT -> EXIT,24,FAKE_BREAKOUT,8.3881
long_2026-06-12T120000_LABUSDT,long,2026-06-12 12:00:00,LABUSDT,EARLY_BREAKOUT -> ACCELERATION -> WEAK_TREND -> ACCELERATION -> PULLBACK -> ACCELERATION -> PULLBACK -> FAKE_BREAKOUT -> ACCELERATION -> HEALTHY_TREND -> PULLBACK -> EXHAUSTION -> FAKE_BREAKOUT -> ACCELERATION -> PULLBACK -> ACCELERATION -> PULLBACK -> EXHAUSTION -> PULLBACK -> ACCELERATION -> PULLBACK -> ACCELERATION -> PULLBACK -> ACCELERATION -> HEALTHY_TREND -> PULLBACK -> EXHAUSTION -> PULLBACK -> EXHAUSTION -> ACCELERATION -> PULLBACK -> EXHAUSTION -> PULLBACK -> EXHAUSTION -> FAKE_BREAKOUT -> EXIT,35,FAKE_BREAKOUT,3.3933
long_2026-06-12T120000_XPLUSDT,long,2026-06-12 12:00:00,XPLUSDT,EARLY_BREAKOUT -> REVERSAL -> ACCELERATION -> HEALTHY_TREND -> ACCELERATION -> HEALTHY_TREND -> ACCELERATION -> PULLBACK -> EXHAUSTION -> FAKE_BREAKOUT -> ACCELERATION -> PULLBACK -> ACCELERATION -> HEALTHY_TREND -> ACCELERATION -> PULLBACK -> ACCELERATION -> PULLBACK -> ACCELERATION -> PULLBACK -> ACCELERATION -> HEALTHY_TREND -> PULLBACK -> ACCELERATION -> PULLBACK -> ACCELERATION -> PULLBACK -> ACCELERATION -> PULLBACK -> EXIT,29,PULLBACK,14.0282
short_2026-06-12T120000_MAGMAUSDT,short,2026-06-12 12:00:00,MAGMAUSDT,EARLY_BREAKOUT -> ACCELERATION -> EARLY_BREAKOUT -> HEALTHY_TREND -> WEAK_TREND -> ACCELERATION -> HEALTHY_TREND -> ACCELERATION -> HEALTHY_TREND -> ACCELERATION -> WEAK_TREND -> ACCELERATION -> WEAK_TREND -> PULLBACK -> EXHAUSTION -> PULLBACK -> ACCELERATION -> PULLBACK -> ACCELERATION -> PULLBACK -> ACCELERATION -> PULLBACK -> ACCELERATION -> WEAK_TREND -> EXIT,24,WEAK_TREND,21.3545
short_2026-06-12T120000_UAIUSDT,short,2026-06-12 12:00:00,UAIUSDT,EARLY_BREAKOUT -> ACCELERATION -> WEAK_TREND -> PULLBACK -> EXHAUSTION -> HEALTHY_TREND -> WEAK_TREND -> REVERSAL -> FAKE_BREAKOUT -> REVERSAL -> FAKE_BREAKOUT -> REVERSAL -> FAKE_BREAKOUT -> PULLBACK -> ACCELERATION -> HEALTHY_TREND -> ACCELERATION -> WEAK_TREND -> ACCELERATION -> WEAK_TREND -> ACCELERATION -> PULLBACK -> ACCELERATION -> PULLBACK -> ACCELERATION -> PULLBACK -> EXIT,26,PULLBACK,10.5724
short_2026-06-12T120000_MYXUSDT,short,2026-06-12 12:00:00,MYXUSDT,EARLY_BREAKOUT -> ACCELERATION -> WEAK_TREND -> ACCELERATION -> EXHAUSTION -> HEALTHY_TREND -> EXHAUSTION -> ACCELERATION -> HEALTHY_TREND -> WEAK_TREND -> ACCELERATION -> WEAK_TREND -> ACCELERATION -> HEALTHY_TREND -> WEAK_TREND -> PULLBACK -> EXHAUSTION -> REVERSAL -> ACCELERATION -> FAKE_BREAKOUT -> ACCELERATION -> WEAK_TREND -> PULLBACK -> ACCELERATION -> WEAK_TREND -> ACCELERATION -> EXIT,26,ACCELERATION,10.3181
short_2026-06-12T120000_ESPORTSUSDT,short,2026-06-12 12:00:00,ESPORTSUSDT,EARLY_BREAKOUT -> ACCELERATION -> EXHAUSTION -> FAKE_BREAKOUT -> REVERSAL -> EXIT,5,REVERSAL,-75.6405
short_2026-06-12T120000_XMRUSDT,short,2026-06-12 12:00:00,XMRUSDT,EARLY_BREAKOUT -> ACCELERATION -> WEAK_TREND -> ACCELERATION -> WEAK_TREND -> ACCELERATION -> HEALTHY_TREND -> FAKE_BREAKOUT -> REVERSAL -> ACCELERATION -> WEAK_TREND -> ACCELERATION -> PULLBACK -> EXHAUSTION -> FAKE_BREAKOUT -> REVERSAL -> FAKE_BREAKOUT -> PULLBACK -> FAKE_BREAKOUT -> REVERSAL -> FAKE_BREAKOUT -> ACCELERATION -> EXHAUSTION -> REVERSAL -> FAKE_BREAKOUT -> EXIT,25,FAKE_BREAKOUT,1.2464
long_2026-06-12T140000_HUSDT,long,2026-06-12 14:00:00,HUSDT,EARLY_BREAKOUT -> ACCELERATION -> EARLY_BREAKOUT -> PULLBACK -> ACCELERATION -> HEALTHY_TREND -> PULLBACK -> FAKE_BREAKOUT -> PULLBACK -> EXHAUSTION -> ACCELERATION -> FAKE_BREAKOUT -> REVERSAL -> FAKE_BREAKOUT -> REVERSAL -> FAKE_BREAKOUT -> EXIT,16,FAKE_BREAKOUT,4.7001
long_2026-06-12T140000_DEXEUSDT,long,2026-06-12 14:00:00,DEXEUSDT,EARLY_BREAKOUT -> ACCELERATION -> WEAK_TREND -> ACCELERATION -> WEAK_TREND -> HEALTHY_TREND -> WEAK_TREND -> ACCELERATION -> PULLBACK -> EXHAUSTION -> FAKE_BREAKOUT -> PULLBACK -> EXHAUSTION -> ACCELERATION -> EXHAUSTION -> PULLBACK -> EXHAUSTION -> PULLBACK -> EXHAUSTION -> PULLBACK -> ACCELERATION -> EXHAUSTION -> ACCELERATION -> PULLBACK -> ACCELERATION -> PULLBACK -> ACCELERATION -> PULLBACK -> ACCELERATION -> PULLBACK -> EXHAUSTION -> PULLBACK -> EXHAUSTION -> PULLBACK -> EXHAUSTION -> EXIT,35,EXHAUSTION,4.6408
long_2026-06-12T140000_LABUSDT,long,2026-06-12 14:00:00,LABUSDT,EARLY_BREAKOUT -> ACCELERATION -> EXHAUSTION -> FAKE_BREAKOUT -> REVERSAL -> FAKE_BREAKOUT -> ACCELERATION -> EXHAUSTION -> FAKE_BREAKOUT -> PULLBACK -> ACCELERATION -> EXHAUSTION -> PULLBACK -> EXHAUSTION -> FAKE_BREAKOUT -> ACCELERATION -> EXHAUSTION -> ACCELERATION -> HEALTHY_TREND -> PULLBACK -> FAKE_BREAKOUT -> ACCELERATION -> PULLBACK -> EXHAUSTION -> FAKE_BREAKOUT -> PULLBACK -> FAKE_BREAKOUT -> ACCELERATION -> PULLBACK -> ACCELERATION -> PULLBACK -> FAKE_BREAKOUT -> PULLBACK -> FAKE_BREAKOUT -> EXIT,34,FAKE_BREAKOUT,1.6371
long_2026-06-12T140000_XMRUSDT,long,2026-06-12 14:00:00,XMRUSDT,EARLY_BREAKOUT -> ACCELERATION -> EARLY_BREAKOUT -> HEALTHY_TREND -> ACCELERATION -> HEALTHY_TREND -> PULLBACK -> ACCELERATION -> WEAK_TREND -> PULLBACK -> EXHAUSTION -> REVERSAL -> FAKE_BREAKOUT -> ACCELERATION -> EXHAUSTION -> FAKE_BREAKOUT -> REVERSAL -> FAKE_BREAKOUT -> ACCELERATION -> PULLBACK -> EXHAUSTION -> ACCELERATION -> EXHAUSTION -> FAKE_BREAKOUT -> REVERSAL -> FAKE_BREAKOUT -> REVERSAL -> EXIT,27,REVERSAL,-1.3899
long_2026-06-12T140000_SKYAIUSDT,long,2026-06-12 14:00:00,SKYAIUSDT,EARLY_BREAKOUT -> ACCELERATION -> WEAK_TREND -> ACCELERATION -> WEAK_TREND -> ACCELERATION -> HEALTHY_TREND -> REVERSAL -> FAKE_BREAKOUT -> REVERSAL -> ACCELERATION -> HEALTHY_TREND -> ACCELERATION -> HEALTHY_TREND -> WEAK_TREND -> ACCELERATION -> HEALTHY_TREND -> PULLBACK -> FAKE_BREAKOUT -> PULLBACK -> ACCELERATION -> HEALTHY_TREND -> ACCELERATION -> PULLBACK -> ACCELERATION -> PULLBACK -> ACCELERATION -> PULLBACK -> ACCELERATION -> PULLBACK -> EXIT,30,PULLBACK,12.7674
short_2026-06-12T140000_LUMIAUSDT,short,2026-06-12 14:00:00,LUMIAUSDT,EARLY_BREAKOUT -> ACCELERATION -> EARLY_BREAKOUT -> PULLBACK -> EXHAUSTION -> PULLBACK -> ACCELERATION -> EXHAUSTION -> ACCELERATION -> PULLBACK -> ACCELERATION -> WEAK_TREND -> PULLBACK -> ACCELERATION -> PULLBACK -> ACCELERATION -> HEALTHY_TREND -> PULLBACK -> ACCELERATION -> HEALTHY_TREND -> PULLBACK -> EXIT,21,PULLBACK,9.8639
short_2026-06-12T140000_AIOUSDT,short,2026-06-12 14:00:00,AIOUSDT,EARLY_BREAKOUT -> REVERSAL -> ACCELERATION -> PULLBACK -> ACCELERATION -> PULLBACK -> FAKE_BREAKOUT -> ACCELERATION -> HEALTHY_TREND -> PULLBACK -> HEALTHY_TREND -> ACCELERATION -> WEAK_TREND -> ACCELERATION -> PULLBACK -> ACCELERATION -> PULLBACK -> ACCELERATION -> PULLBACK -> ACCELERATION -> PULLBACK -> ACCELERATION -> PULLBACK -> ACCELERATION -> PULLBACK -> ACCELERATION -> PULLBACK -> EXIT,27,PULLBACK,26.4789
short_2026-06-12T140000_MAGMAUSDT,short,2026-06-12 14:00:00,MAGMAUSDT,EARLY_BREAKOUT -> ACCELERATION -> EARLY_BREAKOUT -> ACCELERATION -> PULLBACK -> ACCELERATION -> WEAK_TREND -> PULLBACK -> FAKE_BREAKOUT -> PULLBACK -> EXHAUSTION -> ACCELERATION -> PULLBACK -> EXHAUSTION -> PULLBACK -> EXHAUSTION -> ACCELERATION -> PULLBACK -> ACCELERATION -> PULLBACK -> ACCELERATION -> WEAK_TREND -> PULLBACK -> ACCELERATION -> PULLBACK -> ACCELERATION -> HEALTHY_TREND -> PULLBACK -> EXIT,28,PULLBACK,11.384
short_2026-06-12T140000_CRVUSDT,short,2026-06-12 14:00:00,CRVUSDT,EARLY_BREAKOUT -> ACCELERATION -> HEALTHY_TREND -> ACCELERATION -> HEALTHY_TREND -> WEAK_TREND -> PULLBACK -> ACCELERATION -> HEALTHY_TREND -> WEAK_TREND -> PULLBACK -> ACCELERATION -> HEALTHY_TREND -> WEAK_TREND -> PULLBACK -> HEALTHY_TREND -> ACCELERATION -> WEAK_TREND -> ACCELERATION -> WEAK_TREND -> ACCELERATION -> WEAK_TREND -> PULLBACK -> HEALTHY_TREND -> PULLBACK -> ACCELERATION -> HEALTHY_TREND -> EXIT,27,HEALTHY_TREND,7.8776
short_2026-06-12T140000_XPLUSDT,short,2026-06-12 14:00:00,XPLUSDT,EARLY_BREAKOUT -> ACCELERATION -> HEALTHY_TREND -> ACCELERATION -> WEAK_TREND -> PULLBACK -> EXHAUSTION -> FAKE_BREAKOUT -> REVERSAL -> FAKE_BREAKOUT -> REVERSAL -> EXIT,11,REVERSAL,-2.9648
long_2026-06-12T160000_VELVETUSDT,long,2026-06-12 16:00:00,VELVETUSDT,EARLY_BREAKOUT -> ACCELERATION -> HEALTHY_TREND -> REVERSAL -> FAKE_BREAKOUT -> HEALTHY_TREND -> FAKE_BREAKOUT -> ACCELERATION -> EXHAUSTION -> FAKE_BREAKOUT -> REVERSAL -> FAKE_BREAKOUT -> REVERSAL -> EXIT,13,REVERSAL,-71.3215
long_2026-06-12T160000_XPLUSDT,long,2026-06-12 16:00:00,XPLUSDT,EARLY_BREAKOUT -> ACCELERATION -> EARLY_BREAKOUT -> ACCELERATION -> PULLBACK -> EXHAUSTION -> ACCELERATION -> PULLBACK -> ACCELERATION -> PULLBACK -> FAKE_BREAKOUT -> ACCELERATION -> HEALTHY_TREND -> PULLBACK -> EXHAUSTION -> PULLBACK -> ACCELERATION -> PULLBACK -> EXHAUSTION -> FAKE_BREAKOUT -> PULLBACK -> ACCELERATION -> PULLBACK -> EXHAUSTION -> ACCELERATION -> PULLBACK -> HEALTHY_TREND -> PULLBACK -> EXHAUSTION -> PULLBACK -> EXHAUSTION -> PULLBACK -> ACCELERATION -> PULLBACK -> ACCELERATION -> PULLBACK -> EXHAUSTION -> PULLBACK -> REVERSAL -> EXIT,39,REVERSAL,-1.9138
long_2026-06-12T160000_LABUSDT,long,2026-06-12 16:00:00,LABUSDT,EARLY_BREAKOUT -> ACCELERATION -> EARLY_BREAKOUT -> ACCELERATION -> WEAK_TREND -> EXHAUSTION -> HEALTHY_TREND -> WEAK_TREND -> ACCELERATION -> PULLBACK -> HEALTHY_TREND -> PULLBACK -> EXHAUSTION -> ACCELERATION -> PULLBACK -> ACCELERATION -> HEALTHY_TREND -> PULLBACK -> FAKE_BREAKOUT -> ACCELERATION -> PULLBACK -> EXHAUSTION -> FAKE_BREAKOUT -> PULLBACK -> FAKE_BREAKOUT -> ACCELERATION -> PULLBACK -> ACCELERATION -> PULLBACK -> FAKE_BREAKOUT -> PULLBACK -> FAKE_BREAKOUT -> ACCELERATION -> EXHAUSTION -> ACCELERATION -> FAKE_BREAKOUT -> EXIT,36,FAKE_BREAKOUT,2.6712
long_2026-06-12T160000_ZESTUSDT,long,2026-06-12 16:00:00,ZESTUSDT,EARLY_BREAKOUT -> ACCELERATION -> FAKE_BREAKOUT -> ACCELERATION -> FAKE_BREAKOUT -> HEALTHY_TREND -> FAKE_BREAKOUT -> REVERSAL -> FAKE_BREAKOUT -> REVERSAL -> EXIT,10,REVERSAL,-5.2177
long_2026-06-12T160000_GLMUSDT,long,2026-06-12 16:00:00,GLMUSDT,EARLY_BREAKOUT -> PULLBACK -> ACCELERATION -> HEALTHY_TREND -> WEAK_TREND -> EXHAUSTION -> HEALTHY_TREND -> ACCELERATION -> WEAK_TREND -> HEALTHY_TREND -> ACCELERATION -> WEAK_TREND -> ACCELERATION -> WEAK_TREND -> ACCELERATION -> HEALTHY_TREND -> WEAK_TREND -> ACCELERATION -> WEAK_TREND -> ACCELERATION -> HEALTHY_TREND -> WEAK_TREND -> HEALTHY_TREND -> WEAK_TREND -> ACCELERATION -> HEALTHY_TREND -> WEAK_TREND -> EXHAUSTION -> PULLBACK -> EXHAUSTION -> ACCELERATION -> EXHAUSTION -> ACCELERATION -> EXHAUSTION -> PULLBACK -> ACCELERATION -> EXHAUSTION -> ACCELERATION -> EXIT,38,ACCELERATION,2.7924
short_2026-06-12T160000_COLLECTUSDT,short,2026-06-12 16:00:00,COLLECTUSDT,EARLY_BREAKOUT -> ACCELERATION -> EARLY_BREAKOUT -> HEALTHY_TREND -> ACCELERATION -> PULLBACK -> ACCELERATION -> PULLBACK -> ACCELERATION -> WEAK_TREND -> ACCELERATION -> WEAK_TREND -> PULLBACK -> EXHAUSTION -> ACCELERATION -> PULLBACK -> ACCELERATION -> PULLBACK -> ACCELERATION -> PULLBACK -> ACCELERATION -> PULLBACK -> ACCELERATION -> PULLBACK -> EXIT,24,PULLBACK,10.0224
short_2026-06-12T160000_AINUSDT,short,2026-06-12 16:00:00,AINUSDT,EARLY_BREAKOUT -> ACCELERATION -> WEAK_TREND -> FAKE_BREAKOUT -> REVERSAL -> FAKE_BREAKOUT -> REVERSAL -> EXIT,7,REVERSAL,-14.6085
short_2026-06-12T160000_UAIUSDT,short,2026-06-12 16:00:00,UAIUSDT,EARLY_BREAKOUT -> ACCELERATION -> EARLY_BREAKOUT -> HEALTHY_TREND -> WEAK_TREND -> PULLBACK -> FAKE_BREAKOUT -> ACCELERATION -> PULLBACK -> ACCELERATION -> HEALTHY_TREND -> ACCELERATION -> HEALTHY_TREND -> ACCELERATION -> WEAK_TREND -> ACCELERATION -> WEAK_TREND -> ACCELERATION -> PULLBACK -> ACCELERATION -> PULLBACK -> ACCELERATION -> PULLBACK -> ACCELERATION -> PULLBACK -> ACCELERATION -> PULLBACK -> ACCELERATION -> HEALTHY_TREND -> WEAK_TREND -> ACCELERATION -> WEAK_TREND -> ACCELERATION -> WEAK_TREND -> EXIT,34,WEAK_TREND,19.2286
short_2026-06-12T160000_BTWUSDT,short,2026-06-12 16:00:00,BTWUSDT,EARLY_BREAKOUT -> WEAK_TREND -> ACCELERATION -> HEALTHY_TREND -> ACCELERATION -> WEAK_TREND -> ACCELERATION -> WEAK_TREND -> PULLBACK -> REVERSAL -> ACCELERATION -> FAKE_BREAKOUT -> REVERSAL -> EXIT,13,REVERSAL,-1.3309
short_2026-06-12T160000_POWERUSDT,short,2026-06-12 16:00:00,POWERUSDT,EARLY_BREAKOUT -> ACCELERATION -> WEAK_TREND -> REVERSAL -> FAKE_BREAKOUT -> REVERSAL -> FAKE_BREAKOUT -> ACCELERATION -> HEALTHY_TREND -> PULLBACK -> ACCELERATION -> PULLBACK -> ACCELERATION -> PULLBACK -> ACCELERATION -> PULLBACK -> HEALTHY_TREND -> PULLBACK -> HEALTHY_TREND -> ACCELERATION -> WEAK_TREND -> ACCELERATION -> WEAK_TREND -> ACCELERATION -> WEAK_TREND -> ACCELERATION -> WEAK_TREND -> PULLBACK -> ACCELERATION -> HEALTHY_TREND -> WEAK_TREND -> ACCELERATION -> WEAK_TREND -> EXIT,33,WEAK_TREND,11.4071
long_2026-06-12T180000_ESPORTSUSDT,long,2026-06-12 18:00:00,ESPORTSUSDT,EARLY_BREAKOUT -> ACCELERATION -> PULLBACK -> FAKE_BREAKOUT -> ACCELERATION -> FAKE_BREAKOUT -> PULLBACK -> FAKE_BREAKOUT -> ACCELERATION -> PULLBACK -> ACCELERATION -> WEAK_TREND -> ACCELERATION -> PULLBACK -> ACCELERATION -> HEALTHY_TREND -> ACCELERATION -> PULLBACK -> ACCELERATION -> EXHAUSTION -> PULLBACK -> ACCELERATION -> PULLBACK -> ACCELERATION -> PULLBACK -> ACCELERATION -> PULLBACK -> ACCELERATION -> PULLBACK -> ACCELERATION -> PULLBACK -> ACCELERATION -> HEALTHY_TREND -> ACCELERATION -> PULLBACK -> EXHAUSTION -> PULLBACK -> EXIT,37,PULLBACK,37.9493
long_2026-06-12T180000_NAORISUSDT,long,2026-06-12 18:00:00,NAORISUSDT,EARLY_BREAKOUT -> FAKE_BREAKOUT -> ACCELERATION -> HEALTHY_TREND -> REVERSAL -> FAKE_BREAKOUT -> ACCELERATION -> FAKE_BREAKOUT -> ACCELERATION -> FAKE_BREAKOUT -> PULLBACK -> ACCELERATION -> HEALTHY_TREND -> WEAK_TREND -> ACCELERATION -> FAKE_BREAKOUT -> REVERSAL -> FAKE_BREAKOUT -> ACCELERATION -> PULLBACK -> ACCELERATION -> PULLBACK -> EXHAUSTION -> ACCELERATION -> EXHAUSTION -> PULLBACK -> REVERSAL -> EXIT,27,REVERSAL,-7.09
long_2026-06-12T180000_TRUMPUSDT,long,2026-06-12 18:00:00,TRUMPUSDT,EARLY_BREAKOUT -> ACCELERATION -> EARLY_BREAKOUT -> ACCELERATION -> PULLBACK -> EXHAUSTION -> ACCELERATION -> PULLBACK -> ACCELERATION -> PULLBACK -> ACCELERATION -> HEALTHY_TREND -> PULLBACK -> EXHAUSTION -> PULLBACK -> EXHAUSTION -> FAKE_BREAKOUT -> PULLBACK -> ACCELERATION -> PULLBACK -> ACCELERATION -> PULLBACK -> ACCELERATION -> PULLBACK -> EXHAUSTION -> PULLBACK -> EXHAUSTION -> PULLBACK -> EXHAUSTION -> ACCELERATION -> PULLBACK -> ACCELERATION -> EXIT,32,ACCELERATION,9.6928
long_2026-06-12T180000_BTWUSDT,long,2026-06-12 18:00:00,BTWUSDT,EARLY_BREAKOUT -> ACCELERATION -> HEALTHY_TREND -> ACCELERATION -> PULLBACK -> ACCELERATION -> WEAK_TREND -> ACCELERATION -> PULLBACK -> ACCELERATION -> PULLBACK -> ACCELERATION -> PULLBACK -> ACCELERATION -> WEAK_TREND -> FAKE_BREAKOUT -> ACCELERATION -> HEALTHY_TREND -> PULLBACK -> ACCELERATION -> EXHAUSTION -> PULLBACK -> EXHAUSTION -> ACCELERATION -> EXHAUSTION -> PULLBACK -> EXHAUSTION -> PULLBACK -> FAKE_BREAKOUT -> EXIT,29,FAKE_BREAKOUT,1.3684
long_2026-06-12T180000_SKYAIUSDT,long,2026-06-12 18:00:00,SKYAIUSDT,EARLY_BREAKOUT -> ACCELERATION -> WEAK_TREND -> ACCELERATION -> HEALTHY_TREND -> FAKE_BREAKOUT -> REVERSAL -> FAKE_BREAKOUT -> PULLBACK -> ACCELERATION -> HEALTHY_TREND -> ACCELERATION -> PULLBACK -> EXHAUSTION -> PULLBACK -> ACCELERATION -> PULLBACK -> ACCELERATION -> PULLBACK -> ACCELERATION -> PULLBACK -> EXHAUSTION -> PULLBACK -> EXHAUSTION -> ACCELERATION -> PULLBACK -> EXHAUSTION -> PULLBACK -> EXHAUSTION -> ACCELERATION -> EXIT,30,ACCELERATION,6.5784
short_2026-06-12T180000_UAIUSDT,short,2026-06-12 18:00:00,UAIUSDT,EARLY_BREAKOUT -> EXHAUSTION -> ACCELERATION -> HEALTHY_TREND -> ACCELERATION -> HEALTHY_TREND -> ACCELERATION -> WEAK_TREND -> ACCELERATION -> WEAK_TREND -> ACCELERATION -> PULLBACK -> ACCELERATION -> PULLBACK -> ACCELERATION -> PULLBACK -> ACCELERATION -> PULLBACK -> ACCELERATION -> PULLBACK -> ACCELERATION -> HEALTHY_TREND -> WEAK_TREND -> ACCELERATION -> WEAK_TREND -> ACCELERATION -> WEAK_TREND -> PULLBACK -> HEALTHY_TREND -> ACCELERATION -> WEAK_TREND -> ACCELERATION -> EXIT,32,ACCELERATION,20.407
short_2026-06-12T180000_TAUSDT,short,2026-06-12 18:00:00,TAUSDT,EARLY_BREAKOUT -> WEAK_TREND -> ACCELERATION -> WEAK_TREND -> FAKE_BREAKOUT -> REVERSAL -> FAKE_BREAKOUT -> REVERSAL -> FAKE_BREAKOUT -> REVERSAL -> FAKE_BREAKOUT -> REVERSAL -> FAKE_BREAKOUT -> REVERSAL -> FAKE_BREAKOUT -> EXIT,15,FAKE_BREAKOUT,0.934
short_2026-06-12T180000_STGUSDT,short,2026-06-12 18:00:00,STGUSDT,EARLY_BREAKOUT -> ACCELERATION -> HEALTHY_TREND -> FAKE_BREAKOUT -> ACCELERATION -> FAKE_BREAKOUT -> REVERSAL -> FAKE_BREAKOUT -> REVERSAL -> FAKE_BREAKOUT -> ACCELERATION -> HEALTHY_TREND -> WEAK_TREND -> EXHAUSTION -> FAKE_BREAKOUT -> HEALTHY_TREND -> PULLBACK -> EXHAUSTION -> ACCELERATION -> PULLBACK -> REVERSAL -> FAKE_BREAKOUT -> REVERSAL -> EXIT,23,REVERSAL,-1.8329
short_2026-06-12T180000_EVAAUSDT,short,2026-06-12 18:00:00,EVAAUSDT,EARLY_BREAKOUT -> WEAK_TREND -> ACCELERATION -> WEAK_TREND -> ACCELERATION -> WEAK_TREND -> ACCELERATION -> HEALTHY_TREND -> ACCELERATION -> WEAK_TREND -> ACCELERATION -> WEAK_TREND -> PULLBACK -> EXHAUSTION -> ACCELERATION -> PULLBACK -> EXHAUSTION -> ACCELERATION -> PULLBACK -> EXHAUSTION -> PULLBACK -> ACCELERATION -> PULLBACK -> ACCELERATION -> PULLBACK -> ACCELERATION -> PULLBACK -> ACCELERATION -> HEALTHY_TREND -> WEAK_TREND -> ACCELERATION -> HEALTHY_TREND -> ACCELERATION -> WEAK_TREND -> PULLBACK -> HEALTHY_TREND -> WEAK_TREND -> PULLBACK -> ACCELERATION -> HEALTHY_TREND -> EXIT,40,HEALTHY_TREND,6.3462
short_2026-06-12T180000_GENIUSUSDT,short,2026-06-12 18:00:00,GENIUSUSDT,EARLY_BREAKOUT -> WEAK_TREND -> ACCELERATION -> HEALTHY_TREND -> WEAK_TREND -> PULLBACK -> EXHAUSTION -> HEALTHY_TREND -> WEAK_TREND -> ACCELERATION -> WEAK_TREND -> ACCELERATION -> WEAK_TREND -> ACCELERATION -> WEAK_TREND -> ACCELERATION -> WEAK_TREND -> EXHAUSTION -> PULLBACK -> HEALTHY_TREND -> WEAK_TREND -> ACCELERATION -> WEAK_TREND -> ACCELERATION -> HEALTHY_TREND -> PULLBACK -> ACCELERATION -> WEAK_TREND -> PULLBACK -> ACCELERATION -> WEAK_TREND -> ACCELERATION -> HEALTHY_TREND -> WEAK_TREND -> EXIT,34,WEAK_TREND,5.5624
long_2026-06-12T200000_ARCUSDT,long,2026-06-12 20:00:00,ARCUSDT,EARLY_BREAKOUT -> ACCELERATION -> HEALTHY_TREND -> PULLBACK -> ACCELERATION -> PULLBACK -> ACCELERATION -> HEALTHY_TREND -> WEAK_TREND -> ACCELERATION -> WEAK_TREND -> PULLBACK -> ACCELERATION -> PULLBACK -> ACCELERATION -> PULLBACK -> ACCELERATION -> PULLBACK -> FAKE_BREAKOUT -> REVERSAL -> FAKE_BREAKOUT -> REVERSAL -> FAKE_BREAKOUT -> REVERSAL -> FAKE_BREAKOUT -> EXIT,25,FAKE_BREAKOUT,2.4382
long_2026-06-12T200000_SKYAIUSDT,long,2026-06-12 20:00:00,SKYAIUSDT,EARLY_BREAKOUT -> ACCELERATION -> EARLY_BREAKOUT -> ACCELERATION -> PULLBACK -> EXHAUSTION -> PULLBACK -> ACCELERATION -> PULLBACK -> ACCELERATION -> PULLBACK -> EXHAUSTION -> ACCELERATION -> PULLBACK -> EXHAUSTION -> PULLBACK -> EXHAUSTION -> ACCELERATION -> PULLBACK -> FAKE_BREAKOUT -> PULLBACK -> EXHAUSTION -> FAKE_BREAKOUT -> ACCELERATION -> PULLBACK -> ACCELERATION -> PULLBACK -> ACCELERATION -> EXIT,28,ACCELERATION,6.9624
long_2026-06-12T200000_ESPORTSUSDT,long,2026-06-12 20:00:00,ESPORTSUSDT,EARLY_BREAKOUT -> REVERSAL -> ACCELERATION -> PULLBACK -> ACCELERATION -> WEAK_TREND -> ACCELERATION -> PULLBACK -> ACCELERATION -> HEALTHY_TREND -> ACCELERATION -> PULLBACK -> ACCELERATION -> FAKE_BREAKOUT -> PULLBACK -> ACCELERATION -> PULLBACK -> ACCELERATION -> PULLBACK -> ACCELERATION -> PULLBACK -> ACCELERATION -> PULLBACK -> EXHAUSTION -> PULLBACK -> ACCELERATION -> PULLBACK -> ACCELERATION -> HEALTHY_TREND -> ACCELERATION -> PULLBACK -> EXHAUSTION -> FAKE_BREAKOUT -> PULLBACK -> ACCELERATION -> PULLBACK -> EXHAUSTION -> PULLBACK -> ACCELERATION -> EXIT,39,ACCELERATION,32.4372
long_2026-06-12T200000_MOVRUSDT,long,2026-06-12 20:00:00,MOVRUSDT,EARLY_BREAKOUT -> ACCELERATION -> EARLY_BREAKOUT -> ACCELERATION -> WEAK_TREND -> FAKE_BREAKOUT -> PULLBACK -> ACCELERATION -> PULLBACK -> ACCELERATION -> PULLBACK -> FAKE_BREAKOUT -> PULLBACK -> FAKE_BREAKOUT -> ACCELERATION -> EXHAUSTION -> FAKE_BREAKOUT -> EXIT,17,FAKE_BREAKOUT,0.5793
long_2026-06-12T200000_TRUMPUSDT,long,2026-06-12 20:00:00,TRUMPUSDT,EARLY_BREAKOUT -> WEAK_TREND -> EXHAUSTION -> ACCELERATION -> EXHAUSTION -> ACCELERATION -> HEALTHY_TREND -> EXHAUSTION -> FAKE_BREAKOUT -> REVERSAL -> FAKE_BREAKOUT -> REVERSAL -> FAKE_BREAKOUT -> ACCELERATION -> FAKE_BREAKOUT -> ACCELERATION -> FAKE_BREAKOUT -> REVERSAL -> FAKE_BREAKOUT -> PULLBACK -> FAKE_BREAKOUT -> ACCELERATION -> EXHAUSTION -> FAKE_BREAKOUT -> ACCELERATION -> HEALTHY_TREND -> EXIT,26,HEALTHY_TREND,3.5317
short_2026-06-12T200000_UBUSDT,short,2026-06-12 20:00:00,UBUSDT,EARLY_BREAKOUT -> ACCELERATION -> PULLBACK -> ACCELERATION -> PULLBACK -> ACCELERATION -> PULLBACK -> ACCELERATION -> PULLBACK -> EXHAUSTION -> PULLBACK -> EXHAUSTION -> FAKE_BREAKOUT -> ACCELERATION -> PULLBACK -> EXHAUSTION -> ACCELERATION -> EXHAUSTION -> PULLBACK -> EXHAUSTION -> ACCELERATION -> PULLBACK -> EXHAUSTION -> PULLBACK -> EXHAUSTION -> PULLBACK -> ACCELERATION -> PULLBACK -> ACCELERATION -> PULLBACK -> ACCELERATION -> PULLBACK -> EXIT,32,PULLBACK,7.7001
short_2026-06-12T200000_STGUSDT,short,2026-06-12 20:00:00,STGUSDT,EARLY_BREAKOUT -> WEAK_TREND -> PULLBACK -> ACCELERATION -> PULLBACK -> ACCELERATION -> PULLBACK -> FAKE_BREAKOUT -> REVERSAL -> FAKE_BREAKOUT -> REVERSAL -> FAKE_BREAKOUT -> REVERSAL -> FAKE_BREAKOUT -> PULLBACK -> ACCELERATION -> HEALTHY_TREND -> WEAK_TREND -> PULLBACK -> HEALTHY_TREND -> PULLBACK -> ACCELERATION -> PULLBACK -> EXHAUSTION -> FAKE_BREAKOUT -> REVERSAL -> FAKE_BREAKOUT -> PULLBACK -> FAKE_BREAKOUT -> REVERSAL -> FAKE_BREAKOUT -> EXIT,31,FAKE_BREAKOUT,0.5697
short_2026-06-12T200000_BANUSDT,short,2026-06-12 20:00:00,BANUSDT,EARLY_BREAKOUT -> WEAK_TREND -> ACCELERATION -> EARLY_BREAKOUT -> WEAK_TREND -> HEALTHY_TREND -> WEAK_TREND -> ACCELERATION -> WEAK_TREND -> ACCELERATION -> WEAK_TREND -> ACCELERATION -> HEALTHY_TREND -> ACCELERATION -> WEAK_TREND -> ACCELERATION -> PULLBACK -> EXHAUSTION -> PULLBACK -> EXHAUSTION -> PULLBACK -> EXHAUSTION -> ACCELERATION -> EXHAUSTION -> PULLBACK -> ACCELERATION -> PULLBACK -> ACCELERATION -> PULLBACK -> ACCELERATION -> PULLBACK -> ACCELERATION -> PULLBACK -> ACCELERATION -> PULLBACK -> EXIT,35,PULLBACK,5.3033
short_2026-06-12T200000_PARTIUSDT,short,2026-06-12 20:00:00,PARTIUSDT,EARLY_BREAKOUT -> ACCELERATION -> HEALTHY_TREND -> WEAK_TREND -> FAKE_BREAKOUT -> REVERSAL -> FAKE_BREAKOUT -> REVERSAL -> FAKE_BREAKOUT -> REVERSAL -> FAKE_BREAKOUT -> REVERSAL -> EXIT,12,REVERSAL,-1.9392
short_2026-06-12T200000_APRUSDT,short,2026-06-12 20:00:00,APRUSDT,EARLY_BREAKOUT -> HEALTHY_TREND -> ACCELERATION -> HEALTHY_TREND -> WEAK_TREND -> ACCELERATION -> WEAK_TREND -> HEALTHY_TREND -> ACCELERATION -> WEAK_TREND -> EXHAUSTION -> PULLBACK -> HEALTHY_TREND -> EXHAUSTION -> FAKE_BREAKOUT -> ACCELERATION -> PULLBACK -> ACCELERATION -> PULLBACK -> ACCELERATION -> PULLBACK -> ACCELERATION -> HEALTHY_TREND -> PULLBACK -> ACCELERATION -> WEAK_TREND -> ACCELERATION -> WEAK_TREND -> ACCELERATION -> HEALTHY_TREND -> WEAK_TREND -> ACCELERATION -> WEAK_TREND -> EXIT,33,WEAK_TREND,3.1428
long_2026-06-12T220000_GWEIUSDT,long,2026-06-12 22:00:00,GWEIUSDT,EARLY_BREAKOUT -> ACCELERATION -> HEALTHY_TREND -> ACCELERATION -> WEAK_TREND -> PULLBACK -> ACCELERATION -> WEAK_TREND -> ACCELERATION -> WEAK_TREND -> ACCELERATION -> WEAK_TREND -> ACCELERATION -> WEAK_TREND -> ACCELERATION -> WEAK_TREND -> ACCELERATION -> HEALTHY_TREND -> PULLBACK -> EXHAUSTION -> FAKE_BREAKOUT -> PULLBACK -> EXHAUSTION -> ACCELERATION -> EXHAUSTION -> PULLBACK -> EXHAUSTION -> ACCELERATION -> EXHAUSTION -> ACCELERATION -> PULLBACK -> ACCELERATION -> PULLBACK -> ACCELERATION -> EXIT,34,ACCELERATION,7.2624
long_2026-06-12T220000_ATUSDT,long,2026-06-12 22:00:00,ATUSDT,EARLY_BREAKOUT -> ACCELERATION -> EARLY_BREAKOUT -> ACCELERATION -> EXHAUSTION -> ACCELERATION -> WEAK_TREND -> ACCELERATION -> WEAK_TREND -> PULLBACK -> HEALTHY_TREND -> WEAK_TREND -> PULLBACK -> ACCELERATION -> HEALTHY_TREND -> WEAK_TREND -> ACCELERATION -> WEAK_TREND -> PULLBACK -> ACCELERATION -> PULLBACK -> ACCELERATION -> PULLBACK -> HEALTHY_TREND -> PULLBACK -> HEALTHY_TREND -> PULLBACK -> ACCELERATION -> HEALTHY_TREND -> WEAK_TREND -> ACCELERATION -> WEAK_TREND -> ACCELERATION -> WEAK_TREND -> ACCELERATION -> HEALTHY_TREND -> ACCELERATION -> PULLBACK -> EXIT,38,PULLBACK,17.7957
long_2026-06-12T220000_BEATUSDT,long,2026-06-12 22:00:00,BEATUSDT,EARLY_BREAKOUT -> WEAK_TREND -> EXHAUSTION -> ACCELERATION -> HEALTHY_TREND -> ACCELERATION -> PULLBACK -> ACCELERATION -> WEAK_TREND -> PULLBACK -> ACCELERATION -> WEAK_TREND -> ACCELERATION -> PULLBACK -> EXHAUSTION -> PULLBACK -> EXHAUSTION -> FAKE_BREAKOUT -> REVERSAL -> EXIT,19,REVERSAL,-10.6522
long_2026-06-12T220000_COAIUSDT,long,2026-06-12 22:00:00,COAIUSDT,EARLY_BREAKOUT -> REVERSAL -> ACCELERATION -> EARLY_BREAKOUT -> WEAK_TREND -> ACCELERATION -> WEAK_TREND -> ACCELERATION -> REVERSAL -> FAKE_BREAKOUT -> ACCELERATION -> HEALTHY_TREND -> PULLBACK -> ACCELERATION -> PULLBACK -> ACCELERATION -> REVERSAL -> FAKE_BREAKOUT -> ACCELERATION -> EXHAUSTION -> ACCELERATION -> PULLBACK -> ACCELERATION -> PULLBACK -> FAKE_BREAKOUT -> PULLBACK -> FAKE_BREAKOUT -> PULLBACK -> ACCELERATION -> FAKE_BREAKOUT -> REVERSAL -> FAKE_BREAKOUT -> PULLBACK -> FAKE_BREAKOUT -> EXIT,34,FAKE_BREAKOUT,1.8777
long_2026-06-12T220000_MOVRUSDT,long,2026-06-12 22:00:00,MOVRUSDT,EARLY_BREAKOUT -> PULLBACK -> ACCELERATION -> EXHAUSTION -> REVERSAL -> FAKE_BREAKOUT -> REVERSAL -> FAKE_BREAKOUT -> REVERSAL -> EXIT,9,REVERSAL,-3.352
short_2026-06-12T220000_MYXUSDT,short,2026-06-12 22:00:00,MYXUSDT,EARLY_BREAKOUT -> ACCELERATION -> EARLY_BREAKOUT -> PULLBACK -> ACCELERATION -> WEAK_TREND -> ACCELERATION -> HEALTHY_TREND -> ACCELERATION -> PULLBACK -> ACCELERATION -> WEAK_TREND -> ACCELERATION -> PULLBACK -> HEALTHY_TREND -> ACCELERATION -> PULLBACK -> ACCELERATION -> PULLBACK -> ACCELERATION -> PULLBACK -> ACCELERATION -> PULLBACK -> EXIT,23,PULLBACK,16.0133
short_2026-06-12T220000_DUSKUSDT,short,2026-06-12 22:00:00,DUSKUSDT,EARLY_BREAKOUT -> ACCELERATION -> HEALTHY_TREND -> WEAK_TREND -> EXHAUSTION -> HEALTHY_TREND -> ACCELERATION -> WEAK_TREND -> ACCELERATION -> WEAK_TREND -> ACCELERATION -> WEAK_TREND -> ACCELERATION -> WEAK_TREND -> ACCELERATION -> WEAK_TREND -> ACCELERATION -> HEALTHY_TREND -> ACCELERATION -> WEAK_TREND -> HEALTHY_TREND -> WEAK_TREND -> ACCELERATION -> WEAK_TREND -> ACCELERATION -> WEAK_TREND -> ACCELERATION -> WEAK_TREND -> ACCELERATION -> HEALTHY_TREND -> WEAK_TREND -> HEALTHY_TREND -> EXIT,32,HEALTHY_TREND,3.7971
short_2026-06-12T220000_AINUSDT,short,2026-06-12 22:00:00,AINUSDT,EARLY_BREAKOUT -> ACCELERATION -> EARLY_BREAKOUT -> FAKE_BREAKOUT -> ACCELERATION -> WEAK_TREND -> ACCELERATION -> HEALTHY_TREND -> WEAK_TREND -> ACCELERATION -> PULLBACK -> ACCELERATION -> WEAK_TREND -> REVERSAL -> FAKE_BREAKOUT -> REVERSAL -> FAKE_BREAKOUT -> ACCELERATION -> PULLBACK -> EXHAUSTION -> FAKE_BREAKOUT -> REVERSAL -> FAKE_BREAKOUT -> REVERSAL -> FAKE_BREAKOUT -> REVERSAL -> EXIT,26,REVERSAL,-2.3628
short_2026-06-12T220000_LUMIAUSDT,short,2026-06-12 22:00:00,LUMIAUSDT,EARLY_BREAKOUT -> ACCELERATION -> EARLY_BREAKOUT -> ACCELERATION -> HEALTHY_TREND -> WEAK_TREND -> EXHAUSTION -> ACCELERATION -> HEALTHY_TREND -> EXHAUSTION -> PULLBACK -> FAKE_BREAKOUT -> REVERSAL -> FAKE_BREAKOUT -> REVERSAL -> FAKE_BREAKOUT -> REVERSAL -> EXIT,17,REVERSAL,-0.9317
short_2026-06-12T220000_MMTUSDT,short,2026-06-12 22:00:00,MMTUSDT,EARLY_BREAKOUT -> ACCELERATION -> WEAK_TREND -> EXHAUSTION -> REVERSAL -> ACCELERATION -> REVERSAL -> EXIT,7,REVERSAL,-6.6202
long_2026-06-13T000000_ALLOUSDT,long,2026-06-13 00:00:00,ALLOUSDT,EARLY_BREAKOUT -> REVERSAL -> ACCELERATION -> FAKE_BREAKOUT -> REVERSAL -> FAKE_BREAKOUT -> REVERSAL -> EXIT,7,REVERSAL,-6.01
long_2026-06-13T000000_BEATUSDT,long,2026-06-13 00:00:00,BEATUSDT,EARLY_BREAKOUT -> ACCELERATION -> WEAK_TREND -> ACCELERATION -> WEAK_TREND -> ACCELERATION -> PULLBACK -> REVERSAL -> FAKE_BREAKOUT -> REVERSAL -> EXIT,10,REVERSAL,-20.1387
long_2026-06-13T000000_ALCHUSDT,long,2026-06-13 00:00:00,ALCHUSDT,EARLY_BREAKOUT -> WEAK_TREND -> ACCELERATION -> WEAK_TREND -> ACCELERATION -> WEAK_TREND -> EXHAUSTION -> PULLBACK -> REVERSAL -> ACCELERATION -> REVERSAL -> ACCELERATION -> PULLBACK -> ACCELERATION -> EXHAUSTION -> REVERSAL -> PULLBACK -> REVERSAL -> ACCELERATION -> REVERSAL -> PULLBACK -> EXHAUSTION -> ACCELERATION -> HEALTHY_TREND -> WEAK_TREND -> EXHAUSTION -> PULLBACK -> EXHAUSTION -> EXIT,28,EXHAUSTION,0.7805
long_2026-06-13T000000_JUPUSDT,long,2026-06-13 00:00:00,JUPUSDT,EARLY_BREAKOUT -> PULLBACK -> HEALTHY_TREND -> WEAK_TREND -> ACCELERATION -> WEAK_TREND -> PULLBACK -> WEAK_TREND -> REVERSAL -> WEAK_TREND -> ACCELERATION -> WEAK_TREND -> PULLBACK -> EXIT,13,PULLBACK,0.2962
long_2026-06-13T000000_OPGUSDT,long,2026-06-13 00:00:00,OPGUSDT,EARLY_BREAKOUT -> REVERSAL -> DEAD -> HEALTHY_TREND -> ACCELERATION -> HEALTHY_TREND -> PULLBACK -> REVERSAL -> ACCELERATION -> PULLBACK -> REVERSAL -> ACCELERATION -> HEALTHY_TREND -> PULLBACK -> ACCELERATION -> PULLBACK -> REVERSAL -> EXIT,17,REVERSAL,-0.1883
short_2026-06-13T000000_BTWUSDT,short,2026-06-13 00:00:00,BTWUSDT,EARLY_BREAKOUT -> WEAK_TREND -> REVERSAL -> FAKE_BREAKOUT -> REVERSAL -> FAKE_BREAKOUT -> REVERSAL -> FAKE_BREAKOUT -> REVERSAL -> FAKE_BREAKOUT -> ACCELERATION -> HEALTHY_TREND -> WEAK_TREND -> ACCELERATION -> HEALTHY_TREND -> ACCELERATION -> PULLBACK -> ACCELERATION -> PULLBACK -> ACCELERATION -> HEALTHY_TREND -> WEAK_TREND -> ACCELERATION -> HEALTHY_TREND -> PULLBACK -> EXHAUSTION -> PULLBACK -> ACCELERATION -> EXHAUSTION -> FAKE_BREAKOUT -> REVERSAL -> FAKE_BREAKOUT -> EXIT,32,FAKE_BREAKOUT,0.2395
short_2026-06-13T000000_COAIUSDT,short,2026-06-13 00:00:00,COAIUSDT,EARLY_BREAKOUT -> ACCELERATION -> FAKE_BREAKOUT -> REVERSAL -> FAKE_BREAKOUT -> PULLBACK -> EXHAUSTION -> ACCELERATION -> FAKE_BREAKOUT -> REVERSAL -> FAKE_BREAKOUT -> REVERSAL -> FAKE_BREAKOUT -> REVERSAL -> FAKE_BREAKOUT -> REVERSAL -> EXIT,16,REVERSAL,-4.3852
short_2026-06-13T000000_DEXEUSDT,short,2026-06-13 00:00:00,DEXEUSDT,EARLY_BREAKOUT -> ACCELERATION -> HEALTHY_TREND -> WEAK_TREND -> HEALTHY_TREND -> ACCELERATION -> HEALTHY_TREND -> WEAK_TREND -> ACCELERATION -> WEAK_TREND -> HEALTHY_TREND -> ACCELERATION -> HEALTHY_TREND -> WEAK_TREND -> HEALTHY_TREND -> WEAK_TREND -> ACCELERATION -> HEALTHY_TREND -> ACCELERATION -> WEAK_TREND -> ACCELERATION -> WEAK_TREND -> ACCELERATION -> HEALTHY_TREND -> ACCELERATION -> HEALTHY_TREND -> ACCELERATION -> WEAK_TREND -> ACCELERATION -> WEAK_TREND -> ACCELERATION -> HEALTHY_TREND -> ACCELERATION -> HEALTHY_TREND -> ACCELERATION -> WEAK_TREND -> ACCELERATION -> WEAK_TREND -> HEALTHY_TREND -> EXIT,39,HEALTHY_TREND,12.8431
short_2026-06-13T000000_AINUSDT,short,2026-06-13 00:00:00,AINUSDT,EARLY_BREAKOUT -> ACCELERATION -> WEAK_TREND -> ACCELERATION -> FAKE_BREAKOUT -> ACCELERATION -> WEAK_TREND -> REVERSAL -> ACCELERATION -> FAKE_BREAKOUT -> REVERSAL -> FAKE_BREAKOUT -> EXIT,12,FAKE_BREAKOUT,1.7967
short_2026-06-13T000000_LUMIAUSDT,short,2026-06-13 00:00:00,LUMIAUSDT,EARLY_BREAKOUT -> ACCELERATION -> EARLY_BREAKOUT -> EXHAUSTION -> FAKE_BREAKOUT -> PULLBACK -> FAKE_BREAKOUT -> REVERSAL -> FAKE_BREAKOUT -> REVERSAL -> FAKE_BREAKOUT -> REVERSAL -> FAKE_BREAKOUT -> REVERSAL -> FAKE_BREAKOUT -> REVERSAL -> FAKE_BREAKOUT -> PULLBACK -> ACCELERATION -> HEALTHY_TREND -> EXIT,20,HEALTHY_TREND,3.5466
long_2026-06-13T020000_HUSDT,long,2026-06-13 02:00:00,HUSDT,EARLY_BREAKOUT -> ACCELERATION -> EARLY_BREAKOUT -> ACCELERATION -> FAKE_BREAKOUT -> PULLBACK -> HEALTHY_TREND -> PULLBACK -> EXHAUSTION -> FAKE_BREAKOUT -> ACCELERATION -> EXHAUSTION -> ACCELERATION -> HEALTHY_TREND -> ACCELERATION -> PULLBACK -> ACCELERATION -> PULLBACK -> ACCELERATION -> PULLBACK -> ACCELERATION -> PULLBACK -> HEALTHY_TREND -> PULLBACK -> ACCELERATION -> PULLBACK -> ACCELERATION -> PULLBACK -> FAKE_BREAKOUT -> PULLBACK -> EXHAUSTION -> FAKE_BREAKOUT -> PULLBACK -> EXIT,33,PULLBACK,6.2278
long_2026-06-13T020000_RAVEUSDT,long,2026-06-13 02:00:00,RAVEUSDT,EARLY_BREAKOUT -> WEAK_TREND -> ACCELERATION -> WEAK_TREND -> PULLBACK -> FAKE_BREAKOUT -> HEALTHY_TREND -> PULLBACK -> FAKE_BREAKOUT -> PULLBACK -> FAKE_BREAKOUT -> ACCELERATION -> PULLBACK -> ACCELERATION -> HEALTHY_TREND -> PULLBACK -> ACCELERATION -> PULLBACK -> ACCELERATION -> PULLBACK -> ACCELERATION -> PULLBACK -> ACCELERATION -> PULLBACK -> FAKE_BREAKOUT -> REVERSAL -> FAKE_BREAKOUT -> REVERSAL -> EXIT,28,REVERSAL,-1.9161
long_2026-06-13T020000_HYPEUSDT,long,2026-06-13 02:00:00,HYPEUSDT,EARLY_BREAKOUT -> ACCELERATION -> WEAK_TREND -> EXHAUSTION -> HEALTHY_TREND -> EXHAUSTION -> REVERSAL -> ACCELERATION -> EXHAUSTION -> REVERSAL -> PULLBACK -> REVERSAL -> EXIT,12,REVERSAL,-5.7521
long_2026-06-13T020000_GWEIUSDT,long,2026-06-13 02:00:00,GWEIUSDT,EARLY_BREAKOUT -> ACCELERATION -> EARLY_BREAKOUT -> ACCELERATION -> HEALTHY_TREND -> PULLBACK -> FAKE_BREAKOUT -> REVERSAL -> FAKE_BREAKOUT -> REVERSAL -> FAKE_BREAKOUT -> PULLBACK -> ACCELERATION -> FAKE_BREAKOUT -> REVERSAL -> FAKE_BREAKOUT -> REVERSAL -> FAKE_BREAKOUT -> REVERSAL -> FAKE_BREAKOUT -> REVERSAL -> FAKE_BREAKOUT -> EXIT,22,FAKE_BREAKOUT,0.082
long_2026-06-13T020000_MOVRUSDT,long,2026-06-13 02:00:00,MOVRUSDT,EARLY_BREAKOUT -> ACCELERATION -> EARLY_BREAKOUT -> WEAK_TREND -> REVERSAL -> WEAK_TREND -> REVERSAL -> ACCELERATION -> REVERSAL -> ACCELERATION -> REVERSAL -> EXIT,11,REVERSAL,-6.6291
short_2026-06-13T020000_BEATUSDT,short,2026-06-13 02:00:00,BEATUSDT,EARLY_BREAKOUT -> ACCELERATION -> EARLY_BREAKOUT -> ACCELERATION -> FAKE_BREAKOUT -> ACCELERATION -> HEALTHY_TREND -> ACCELERATION -> HEALTHY_TREND -> WEAK_TREND -> ACCELERATION -> HEALTHY_TREND -> ACCELERATION -> HEALTHY_TREND -> PULLBACK -> ACCELERATION -> HEALTHY_TREND -> PULLBACK -> ACCELERATION -> HEALTHY_TREND -> PULLBACK -> ACCELERATION -> PULLBACK -> HEALTHY_TREND -> ACCELERATION -> HEALTHY_TREND -> PULLBACK -> EXHAUSTION -> PULLBACK -> EXHAUSTION -> PULLBACK -> EXIT,31,PULLBACK,23.4652
short_2026-06-13T020000_BTWUSDT,short,2026-06-13 02:00:00,BTWUSDT,EARLY_BREAKOUT -> ACCELERATION -> PULLBACK -> ACCELERATION -> PULLBACK -> ACCELERATION -> PULLBACK -> ACCELERATION -> WEAK_TREND -> ACCELERATION -> HEALTHY_TREND -> WEAK_TREND -> ACCELERATION -> HEALTHY_TREND -> ACCELERATION -> PULLBACK -> ACCELERATION -> PULLBACK -> ACCELERATION -> HEALTHY_TREND -> WEAK_TREND -> ACCELERATION -> HEALTHY_TREND -> PULLBACK -> ACCELERATION -> EXHAUSTION -> FAKE_BREAKOUT -> EXIT,27,FAKE_BREAKOUT,2.6218
short_2026-06-13T020000_COAIUSDT,short,2026-06-13 02:00:00,COAIUSDT,EARLY_BREAKOUT -> REVERSAL -> ACCELERATION -> HEALTHY_TREND -> WEAK_TREND -> ACCELERATION -> EXHAUSTION -> REVERSAL -> FAKE_BREAKOUT -> REVERSAL -> FAKE_BREAKOUT -> REVERSAL -> FAKE_BREAKOUT -> PULLBACK -> FAKE_BREAKOUT -> ACCELERATION -> FAKE_BREAKOUT -> REVERSAL -> ACCELERATION -> WEAK_TREND -> ACCELERATION -> PULLBACK -> ACCELERATION -> PULLBACK -> EXIT,24,PULLBACK,7.5513
short_2026-06-13T020000_HEIUSDT,short,2026-06-13 02:00:00,HEIUSDT,EARLY_BREAKOUT -> ACCELERATION -> WEAK_TREND -> ACCELERATION -> WEAK_TREND -> FAKE_BREAKOUT -> ACCELERATION -> PULLBACK -> EXHAUSTION -> ACCELERATION -> FAKE_BREAKOUT -> REVERSAL -> FAKE_BREAKOUT -> EXIT,13,FAKE_BREAKOUT,0.5182
short_2026-06-13T020000_ALLOUSDT,short,2026-06-13 02:00:00,ALLOUSDT,EARLY_BREAKOUT -> REVERSAL -> ACCELERATION -> HEALTHY_TREND -> FAKE_BREAKOUT -> REVERSAL -> FAKE_BREAKOUT -> ACCELERATION -> FAKE_BREAKOUT -> ACCELERATION -> HEALTHY_TREND -> FAKE_BREAKOUT -> REVERSAL -> FAKE_BREAKOUT -> HEALTHY_TREND -> FAKE_BREAKOUT -> ACCELERATION -> FAKE_BREAKOUT -> ACCELERATION -> HEALTHY_TREND -> PULLBACK -> ACCELERATION -> HEALTHY_TREND -> WEAK_TREND -> ACCELERATION -> WEAK_TREND -> ACCELERATION -> PULLBACK -> HEALTHY_TREND -> WEAK_TREND -> HEALTHY_TREND -> WEAK_TREND -> PULLBACK -> EXIT,33,PULLBACK,6.514
long_2026-06-13T040000_ORCAUSDT,long,2026-06-13 04:00:00,ORCAUSDT,EARLY_BREAKOUT -> ACCELERATION -> WEAK_TREND -> ACCELERATION -> PULLBACK -> HEALTHY_TREND -> EXHAUSTION -> PULLBACK -> FAKE_BREAKOUT -> PULLBACK -> FAKE_BREAKOUT -> REVERSAL -> FAKE_BREAKOUT -> REVERSAL -> EXIT,14,REVERSAL,-3.1046
long_2026-06-13T040000_COAIUSDT,long,2026-06-13 04:00:00,COAIUSDT,EARLY_BREAKOUT -> FAKE_BREAKOUT -> ACCELERATION -> HEALTHY_TREND -> WEAK_TREND -> ACCELERATION -> PULLBACK -> HEALTHY_TREND -> PULLBACK -> FAKE_BREAKOUT -> PULLBACK -> FAKE_BREAKOUT -> PULLBACK -> ACCELERATION -> FAKE_BREAKOUT -> REVERSAL -> FAKE_BREAKOUT -> ACCELERATION -> WEAK_TREND -> ACCELERATION -> WEAK_TREND -> REVERSAL -> EXIT,22,REVERSAL,-0.9275
long_2026-06-13T040000_PIEVERSEUSDT,long,2026-06-13 04:00:00,PIEVERSEUSDT,EARLY_BREAKOUT -> ACCELERATION -> HEALTHY_TREND -> ACCELERATION -> HEALTHY_TREND -> PULLBACK -> ACCELERATION -> WEAK_TREND -> PULLBACK -> ACCELERATION -> EXHAUSTION -> ACCELERATION -> PULLBACK -> EXHAUSTION -> PULLBACK -> FAKE_BREAKOUT -> PULLBACK -> ACCELERATION -> PULLBACK -> EXHAUSTION -> FAKE_BREAKOUT -> REVERSAL -> FAKE_BREAKOUT -> REVERSAL -> FAKE_BREAKOUT -> EXIT,25,FAKE_BREAKOUT,0.24
long_2026-06-13T040000_ATUSDT,long,2026-06-13 04:00:00,ATUSDT,EARLY_BREAKOUT -> WEAK_TREND -> PULLBACK -> ACCELERATION -> PULLBACK -> ACCELERATION -> PULLBACK -> HEALTHY_TREND -> FAKE_BREAKOUT -> HEALTHY_TREND -> EXHAUSTION -> FAKE_BREAKOUT -> ACCELERATION -> HEALTHY_TREND -> WEAK_TREND -> ACCELERATION -> WEAK_TREND -> ACCELERATION -> WEAK_TREND -> ACCELERATION -> HEALTHY_TREND -> ACCELERATION -> EXHAUSTION -> PULLBACK -> EXHAUSTION -> FAKE_BREAKOUT -> PULLBACK -> EXHAUSTION -> ACCELERATION -> PULLBACK -> ACCELERATION -> PULLBACK -> EXHAUSTION -> PULLBACK -> ACCELERATION -> PULLBACK -> ACCELERATION -> WEAK_TREND -> PULLBACK -> FAKE_BREAKOUT -> EXIT,40,FAKE_BREAKOUT,1.1864
long_2026-06-13T040000_GUAUSDT,long,2026-06-13 04:00:00,GUAUSDT,EARLY_BREAKOUT -> WEAK_TREND -> ACCELERATION -> WEAK_TREND -> ACCELERATION -> WEAK_TREND -> EXHAUSTION -> PULLBACK -> HEALTHY_TREND -> ACCELERATION -> WEAK_TREND -> EXHAUSTION -> ACCELERATION -> HEALTHY_TREND -> WEAK_TREND -> ACCELERATION -> FAKE_BREAKOUT -> REVERSAL -> ACCELERATION -> HEALTHY_TREND -> PULLBACK -> EXHAUSTION -> FAKE_BREAKOUT -> REVERSAL -> FAKE_BREAKOUT -> ACCELERATION -> EXHAUSTION -> ACCELERATION -> PULLBACK -> ACCELERATION -> EXHAUSTION -> PULLBACK -> ACCELERATION -> PULLBACK -> EXIT,34,PULLBACK,6.4805
short_2026-06-13T040000_ARCUSDT,short,2026-06-13 04:00:00,ARCUSDT,EARLY_BREAKOUT -> ACCELERATION -> EARLY_BREAKOUT -> PULLBACK -> ACCELERATION -> PULLBACK -> EXHAUSTION -> PULLBACK -> EXHAUSTION -> PULLBACK -> ACCELERATION -> PULLBACK -> ACCELERATION -> EXHAUSTION -> PULLBACK -> ACCELERATION -> PULLBACK -> EXHAUSTION -> PULLBACK -> EXHAUSTION -> PULLBACK -> EXHAUSTION -> ACCELERATION -> PULLBACK -> EXHAUSTION -> ACCELERATION -> PULLBACK -> ACCELERATION -> EXIT,28,ACCELERATION,9.9577
short_2026-06-13T040000_BEATUSDT,short,2026-06-13 04:00:00,BEATUSDT,EARLY_BREAKOUT -> WEAK_TREND -> ACCELERATION -> EARLY_BREAKOUT -> HEALTHY_TREND -> ACCELERATION -> HEALTHY_TREND -> PULLBACK -> ACCELERATION -> HEALTHY_TREND -> PULLBACK -> ACCELERATION -> HEALTHY_TREND -> PULLBACK -> ACCELERATION -> PULLBACK -> HEALTHY_TREND -> ACCELERATION -> HEALTHY_TREND -> PULLBACK -> EXHAUSTION -> PULLBACK -> EXHAUSTION -> PULLBACK -> EXHAUSTION -> PULLBACK -> EXHAUSTION -> PULLBACK -> EXHAUSTION -> FAKE_BREAKOUT -> EXIT,30,FAKE_BREAKOUT,3.2505
short_2026-06-13T040000_HUSDT,short,2026-06-13 04:00:00,HUSDT,EARLY_BREAKOUT -> ACCELERATION -> HEALTHY_TREND -> ACCELERATION -> FAKE_BREAKOUT -> PULLBACK -> FAKE_BREAKOUT -> REVERSAL -> PULLBACK -> FAKE_BREAKOUT -> ACCELERATION -> FAKE_BREAKOUT -> REVERSAL -> ACCELERATION -> PULLBACK -> EXHAUSTION -> REVERSAL -> FAKE_BREAKOUT -> ACCELERATION -> PULLBACK -> EXHAUSTION -> PULLBACK -> EXHAUSTION -> ACCELERATION -> HEALTHY_TREND -> ACCELERATION -> EXHAUSTION -> EXIT,27,EXHAUSTION,9.6006
short_2026-06-13T040000_GWEIUSDT,short,2026-06-13 04:00:00,GWEIUSDT,EARLY_BREAKOUT -> ACCELERATION -> HEALTHY_TREND -> WEAK_TREND -> ACCELERATION -> PULLBACK -> HEALTHY_TREND -> WEAK_TREND -> PULLBACK -> HEALTHY_TREND -> PULLBACK -> EXHAUSTION -> PULLBACK -> EXHAUSTION -> FAKE_BREAKOUT -> PULLBACK -> FAKE_BREAKOUT -> ACCELERATION -> FAKE_BREAKOUT -> ACCELERATION -> EXHAUSTION -> FAKE_BREAKOUT -> PULLBACK -> FAKE_BREAKOUT -> ACCELERATION -> FAKE_BREAKOUT -> ACCELERATION -> EXHAUSTION -> FAKE_BREAKOUT -> REVERSAL -> EXIT,30,REVERSAL,-5.5815
short_2026-06-13T040000_BTWUSDT,short,2026-06-13 04:00:00,BTWUSDT,EARLY_BREAKOUT -> WEAK_TREND -> ACCELERATION -> EARLY_BREAKOUT -> WEAK_TREND -> ACCELERATION -> HEALTHY_TREND -> ACCELERATION -> PULLBACK -> ACCELERATION -> PULLBACK -> ACCELERATION -> HEALTHY_TREND -> WEAK_TREND -> ACCELERATION -> HEALTHY_TREND -> PULLBACK -> EXHAUSTION -> PULLBACK -> ACCELERATION -> FAKE_BREAKOUT -> REVERSAL -> FAKE_BREAKOUT -> REVERSAL -> FAKE_BREAKOUT -> EXIT,25,FAKE_BREAKOUT,1.444
long_2026-06-13T060000_OPNUSDT,long,2026-06-13 06:00:00,OPNUSDT,EARLY_BREAKOUT -> ACCELERATION -> WEAK_TREND -> FAKE_BREAKOUT -> PULLBACK -> ACCELERATION -> HEALTHY_TREND -> ACCELERATION -> WEAK_TREND -> ACCELERATION -> HEALTHY_TREND -> WEAK_TREND -> EXHAUSTION -> FAKE_BREAKOUT -> REVERSAL -> EXIT,15,REVERSAL,-1.7503
long_2026-06-13T060000_ATUSDT,long,2026-06-13 06:00:00,ATUSDT,EARLY_BREAKOUT -> REVERSAL -> DEAD -> ACCELERATION -> WEAK_TREND -> ACCELERATION -> WEAK_TREND -> ACCELERATION -> HEALTHY_TREND -> ACCELERATION -> FAKE_BREAKOUT -> PULLBACK -> FAKE_BREAKOUT -> PULLBACK -> EXHAUSTION -> ACCELERATION -> EXHAUSTION -> ACCELERATION -> EXHAUSTION -> FAKE_BREAKOUT -> PULLBACK -> ACCELERATION -> EXHAUSTION -> ACCELERATION -> WEAK_TREND -> PULLBACK -> EXHAUSTION -> REVERSAL -> EXIT,28,REVERSAL,-9.3438
long_2026-06-13T060000_HUSDT,long,2026-06-13 06:00:00,HUSDT,EARLY_BREAKOUT -> ACCELERATION -> REVERSAL -> ACCELERATION -> REVERSAL -> ACCELERATION -> WEAK_TREND -> ACCELERATION -> EXHAUSTION -> HEALTHY_TREND -> FAKE_BREAKOUT -> ACCELERATION -> FAKE_BREAKOUT -> PULLBACK -> EXHAUSTION -> PULLBACK -> ACCELERATION -> PULLBACK -> REVERSAL -> FAKE_BREAKOUT -> REVERSAL -> EXIT,21,REVERSAL,-11.5703
long_2026-06-13T060000_AINUSDT,long,2026-06-13 06:00:00,AINUSDT,EARLY_BREAKOUT -> REVERSAL -> EARLY_BREAKOUT -> HEALTHY_TREND -> ACCELERATION -> PULLBACK -> ACCELERATION -> REVERSAL -> FAKE_BREAKOUT -> REVERSAL -> FAKE_BREAKOUT -> REVERSAL -> FAKE_BREAKOUT -> REVERSAL -> EXIT,14,REVERSAL,-17.0955
long_2026-06-13T060000_POWERUSDT,long,2026-06-13 06:00:00,POWERUSDT,EARLY_BREAKOUT -> REVERSAL -> DEAD -> ACCELERATION -> HEALTHY_TREND -> ACCELERATION -> WEAK_TREND -> REVERSAL -> WEAK_TREND -> HEALTHY_TREND -> WEAK_TREND -> ACCELERATION -> HEALTHY_TREND -> ACCELERATION -> HEALTHY_TREND -> WEAK_TREND -> ACCELERATION -> EXHAUSTION -> REVERSAL -> PULLBACK -> ACCELERATION -> FAKE_BREAKOUT -> REVERSAL -> FAKE_BREAKOUT -> EXIT,24,FAKE_BREAKOUT,0.0348
short_2026-06-13T060000_COAIUSDT,short,2026-06-13 06:00:00,COAIUSDT,EARLY_BREAKOUT -> WEAK_TREND -> ACCELERATION -> FAKE_BREAKOUT -> ACCELERATION -> PULLBACK -> FAKE_BREAKOUT -> REVERSAL -> ACCELERATION -> HEALTHY_TREND -> FAKE_BREAKOUT -> ACCELERATION -> EXHAUSTION -> ACCELERATION -> FAKE_BREAKOUT -> REVERSAL -> ACCELERATION -> WEAK_TREND -> ACCELERATION -> PULLBACK -> ACCELERATION -> PULLBACK -> ACCELERATION -> PULLBACK -> ACCELERATION -> PULLBACK -> FAKE_BREAKOUT -> PULLBACK -> ACCELERATION -> FAKE_BREAKOUT -> REVERSAL -> EXIT,31,REVERSAL,-7.8527
short_2026-06-13T060000_ORCAUSDT,short,2026-06-13 06:00:00,ORCAUSDT,EARLY_BREAKOUT -> EXHAUSTION -> ACCELERATION -> EARLY_BREAKOUT -> EXHAUSTION -> ACCELERATION -> HEALTHY_TREND -> ACCELERATION -> WEAK_TREND -> ACCELERATION -> PULLBACK -> ACCELERATION -> WEAK_TREND -> ACCELERATION -> WEAK_TREND -> ACCELERATION -> WEAK_TREND -> ACCELERATION -> WEAK_TREND -> PULLBACK -> ACCELERATION -> PULLBACK -> ACCELERATION -> HEALTHY_TREND -> WEAK_TREND -> ACCELERATION -> HEALTHY_TREND -> WEAK_TREND -> ACCELERATION -> HEALTHY_TREND -> WEAK_TREND -> PULLBACK -> ACCELERATION -> PULLBACK -> ACCELERATION -> HEALTHY_TREND -> ACCELERATION -> EXIT,37,ACCELERATION,11.6369
short_2026-06-13T060000_CLOUSDT,short,2026-06-13 06:00:00,CLOUSDT,EARLY_BREAKOUT -> ACCELERATION -> PULLBACK -> EXHAUSTION -> ACCELERATION -> PULLBACK -> ACCELERATION -> PULLBACK -> EXHAUSTION -> ACCELERATION -> FAKE_BREAKOUT -> PULLBACK -> ACCELERATION -> HEALTHY_TREND -> ACCELERATION -> PULLBACK -> ACCELERATION -> PULLBACK -> ACCELERATION -> HEALTHY_TREND -> ACCELERATION -> HEALTHY_TREND -> ACCELERATION -> WEAK_TREND -> ACCELERATION -> HEALTHY_TREND -> WEAK_TREND -> ACCELERATION -> WEAK_TREND -> ACCELERATION -> PULLBACK -> ACCELERATION -> PULLBACK -> EXHAUSTION -> PULLBACK -> ACCELERATION -> PULLBACK -> EXIT,37,PULLBACK,27.1445
short_2026-06-13T060000_PIEVERSEUSDT,short,2026-06-13 06:00:00,PIEVERSEUSDT,EARLY_BREAKOUT -> ACCELERATION -> WEAK_TREND -> ACCELERATION -> EXHAUSTION -> ACCELERATION -> EXHAUSTION -> PULLBACK -> HEALTHY_TREND -> WEAK_TREND -> ACCELERATION -> HEALTHY_TREND -> PULLBACK -> EXHAUSTION -> FAKE_BREAKOUT -> ACCELERATION -> HEALTHY_TREND -> ACCELERATION -> WEAK_TREND -> ACCELERATION -> HEALTHY_TREND -> WEAK_TREND -> PULLBACK -> HEALTHY_TREND -> WEAK_TREND -> ACCELERATION -> WEAK_TREND -> PULLBACK -> ACCELERATION -> EXIT,29,ACCELERATION,7.9396
short_2026-06-13T060000_ATUSDT,short,2026-06-13 06:00:00,ATUSDT,EARLY_BREAKOUT -> PULLBACK -> ACCELERATION -> HEALTHY_TREND -> PULLBACK -> WEAK_TREND -> REVERSAL -> WEAK_TREND -> REVERSAL -> ACCELERATION -> HEALTHY_TREND -> PULLBACK -> ACCELERATION -> WEAK_TREND -> ACCELERATION -> HEALTHY_TREND -> WEAK_TREND -> ACCELERATION -> EXIT,18,ACCELERATION,9.3438
long_2026-06-13T080000_INUSDT,long,2026-06-13 08:00:00,INUSDT,EARLY_BREAKOUT -> ACCELERATION -> WEAK_TREND -> ACCELERATION -> HEALTHY_TREND -> ACCELERATION -> HEALTHY_TREND -> PULLBACK -> ACCELERATION -> PULLBACK -> EXHAUSTION -> PULLBACK -> FAKE_BREAKOUT -> REVERSAL -> FAKE_BREAKOUT -> ACCELERATION -> PULLBACK -> EXHAUSTION -> FAKE_BREAKOUT -> ACCELERATION -> PULLBACK -> EXIT,21,PULLBACK,5.9569
long_2026-06-13T080000_HUSDT,long,2026-06-13 08:00:00,HUSDT,EARLY_BREAKOUT -> WEAK_TREND -> ACCELERATION -> FAKE_BREAKOUT -> HEALTHY_TREND -> FAKE_BREAKOUT -> ACCELERATION -> FAKE_BREAKOUT -> ACCELERATION -> PULLBACK -> EXHAUSTION -> REVERSAL -> FAKE_BREAKOUT -> REVERSAL -> EXIT,14,REVERSAL,-3.419
long_2026-06-13T080000_COAIUSDT,long,2026-06-13 08:00:00,COAIUSDT,EARLY_BREAKOUT -> ACCELERATION -> REVERSAL -> PULLBACK -> REVERSAL -> PULLBACK -> ACCELERATION -> WEAK_TREND -> ACCELERATION -> WEAK_TREND -> REVERSAL -> ACCELERATION -> HEALTHY_TREND -> ACCELERATION -> HEALTHY_TREND -> WEAK_TREND -> ACCELERATION -> WEAK_TREND -> PULLBACK -> ACCELERATION -> EXIT,20,ACCELERATION,14.6781
long_2026-06-13T080000_PHAROSUSDT,long,2026-06-13 08:00:00,PHAROSUSDT,EARLY_BREAKOUT -> ACCELERATION -> WEAK_TREND -> ACCELERATION -> HEALTHY_TREND -> WEAK_TREND -> PULLBACK -> ACCELERATION -> PULLBACK -> ACCELERATION -> HEALTHY_TREND -> WEAK_TREND -> PULLBACK -> ACCELERATION -> HEALTHY_TREND -> ACCELERATION -> WEAK_TREND -> FAKE_BREAKOUT -> ACCELERATION -> FAKE_BREAKOUT -> REVERSAL -> EXIT,21,REVERSAL,-0.9983
long_2026-06-13T080000_HEIUSDT,long,2026-06-13 08:00:00,HEIUSDT,EARLY_BREAKOUT -> ACCELERATION -> WEAK_TREND -> ACCELERATION -> HEALTHY_TREND -> ACCELERATION -> FAKE_BREAKOUT -> ACCELERATION -> FAKE_BREAKOUT -> HEALTHY_TREND -> EXHAUSTION -> FAKE_BREAKOUT -> PULLBACK -> FAKE_BREAKOUT -> REVERSAL -> FAKE_BREAKOUT -> REVERSAL -> EXIT,17,REVERSAL,-4.5681
short_2026-06-13T080000_ALLOUSDT,short,2026-06-13 08:00:00,ALLOUSDT,EARLY_BREAKOUT -> ACCELERATION -> EARLY_BREAKOUT -> HEALTHY_TREND -> PULLBACK -> ACCELERATION -> HEALTHY_TREND -> WEAK_TREND -> ACCELERATION -> WEAK_TREND -> ACCELERATION -> PULLBACK -> HEALTHY_TREND -> WEAK_TREND -> HEALTHY_TREND -> WEAK_TREND -> PULLBACK -> ACCELERATION -> PULLBACK -> ACCELERATION -> WEAK_TREND -> PULLBACK -> ACCELERATION -> PULLBACK -> HEALTHY_TREND -> WEAK_TREND -> ACCELERATION -> HEALTHY_TREND -> ACCELERATION -> WEAK_TREND -> PULLBACK -> HEALTHY_TREND -> ACCELERATION -> EXIT,33,ACCELERATION,9.8029
short_2026-06-13T080000_GUAUSDT,short,2026-06-13 08:00:00,GUAUSDT,EARLY_BREAKOUT -> ACCELERATION -> PULLBACK -> FAKE_BREAKOUT -> REVERSAL -> FAKE_BREAKOUT -> PULLBACK -> FAKE_BREAKOUT -> ACCELERATION -> EXHAUSTION -> ACCELERATION -> EXHAUSTION -> ACCELERATION -> EXHAUSTION -> FAKE_BREAKOUT -> REVERSAL -> EXIT,16,REVERSAL,-3.1323
short_2026-06-13T080000_AINUSDT,short,2026-06-13 08:00:00,AINUSDT,EARLY_BREAKOUT -> ACCELERATION -> EXHAUSTION -> ACCELERATION -> FAKE_BREAKOUT -> ACCELERATION -> PULLBACK -> FAKE_BREAKOUT -> ACCELERATION -> EXHAUSTION -> ACCELERATION -> HEALTHY_TREND -> ACCELERATION -> WEAK_TREND -> ACCELERATION -> WEAK_TREND -> PULLBACK -> ACCELERATION -> PULLBACK -> ACCELERATION -> WEAK_TREND -> PULLBACK -> HEALTHY_TREND -> ACCELERATION -> PULLBACK -> ACCELERATION -> PULLBACK -> ACCELERATION -> WEAK_TREND -> PULLBACK -> EXIT,30,PULLBACK,18.736
short_2026-06-13T080000_EDGEUSDT,short,2026-06-13 08:00:00,EDGEUSDT,EARLY_BREAKOUT -> WEAK_TREND -> ACCELERATION -> HEALTHY_TREND -> ACCELERATION -> WEAK_TREND -> ACCELERATION -> REVERSAL -> EXIT,8,REVERSAL,-2.1903
short_2026-06-13T080000_ORCAUSDT,short,2026-06-13 08:00:00,ORCAUSDT,EARLY_BREAKOUT -> WEAK_TREND -> ACCELERATION -> WEAK_TREND -> ACCELERATION -> WEAK_TREND -> ACCELERATION -> WEAK_TREND -> ACCELERATION -> WEAK_TREND -> ACCELERATION -> WEAK_TREND -> EXHAUSTION -> ACCELERATION -> PULLBACK -> ACCELERATION -> HEALTHY_TREND -> WEAK_TREND -> ACCELERATION -> HEALTHY_TREND -> WEAK_TREND -> ACCELERATION -> HEALTHY_TREND -> WEAK_TREND -> PULLBACK -> EXHAUSTION -> PULLBACK -> EXHAUSTION -> ACCELERATION -> EXHAUSTION -> PULLBACK -> ACCELERATION -> HEALTHY_TREND -> ACCELERATION -> WEAK_TREND -> ACCELERATION -> WEAK_TREND -> HEALTHY_TREND -> WEAK_TREND -> HEALTHY_TREND -> WEAK_TREND -> EXIT,41,WEAK_TREND,7.3446
long_2026-06-13T100000_EDGEUSDT,long,2026-06-13 10:00:00,EDGEUSDT,EARLY_BREAKOUT -> ACCELERATION -> EARLY_BREAKOUT -> ACCELERATION -> WEAK_TREND -> ACCELERATION -> PULLBACK -> ACCELERATION -> PULLBACK -> ACCELERATION -> PULLBACK -> ACCELERATION -> PULLBACK -> ACCELERATION -> HEALTHY_TREND -> WEAK_TREND -> PULLBACK -> ACCELERATION -> EXHAUSTION -> PULLBACK -> EXHAUSTION -> PULLBACK -> ACCELERATION -> PULLBACK -> FAKE_BREAKOUT -> EXIT,25,FAKE_BREAKOUT,3.3795
long_2026-06-13T100000_MELANIAUSDT,long,2026-06-13 10:00:00,MELANIAUSDT,EARLY_BREAKOUT -> WEAK_TREND -> ACCELERATION -> WEAK_TREND -> FAKE_BREAKOUT -> PULLBACK -> EXHAUSTION -> ACCELERATION -> EXHAUSTION -> FAKE_BREAKOUT -> ACCELERATION -> REVERSAL -> EXIT,12,REVERSAL,-1.3575
long_2026-06-13T100000_MIRAUSDT,long,2026-06-13 10:00:00,MIRAUSDT,EARLY_BREAKOUT -> ACCELERATION -> WEAK_TREND -> ACCELERATION -> WEAK_TREND -> EXHAUSTION -> HEALTHY_TREND -> PULLBACK -> EXHAUSTION -> FAKE_BREAKOUT -> REVERSAL -> FAKE_BREAKOUT -> REVERSAL -> FAKE_BREAKOUT -> REVERSAL -> FAKE_BREAKOUT -> REVERSAL -> FAKE_BREAKOUT -> ACCELERATION -> HEALTHY_TREND -> EXHAUSTION -> PULLBACK -> FAKE_BREAKOUT -> ACCELERATION -> EXIT,24,ACCELERATION,1.5726
long_2026-06-13T100000_JELLYJELLYUSDT,long,2026-06-13 10:00:00,JELLYJELLYUSDT,EARLY_BREAKOUT -> ACCELERATION -> WEAK_TREND -> ACCELERATION -> WEAK_TREND -> ACCELERATION -> WEAK_TREND -> PULLBACK -> FAKE_BREAKOUT -> HEALTHY_TREND -> PULLBACK -> ACCELERATION -> WEAK_TREND -> ACCELERATION -> WEAK_TREND -> HEALTHY_TREND -> ACCELERATION -> PULLBACK -> FAKE_BREAKOUT -> PULLBACK -> EXHAUSTION -> FAKE_BREAKOUT -> ACCELERATION -> WEAK_TREND -> EXHAUSTION -> PULLBACK -> EXHAUSTION -> FAKE_BREAKOUT -> REVERSAL -> FAKE_BREAKOUT -> EXIT,30,FAKE_BREAKOUT,0.7971
long_2026-06-13T100000_PIEVERSEUSDT,long,2026-06-13 10:00:00,PIEVERSEUSDT,EARLY_BREAKOUT -> ACCELERATION -> EARLY_BREAKOUT -> WEAK_TREND -> EXHAUSTION -> FAKE_BREAKOUT -> REVERSAL -> EXIT,7,REVERSAL,-4.2733
short_2026-06-13T100000_ENSOUSDT,short,2026-06-13 10:00:00,ENSOUSDT,EARLY_BREAKOUT -> WEAK_TREND -> ACCELERATION -> HEALTHY_TREND -> WEAK_TREND -> ACCELERATION -> WEAK_TREND -> ACCELERATION -> WEAK_TREND -> ACCELERATION -> HEALTHY_TREND -> ACCELERATION -> HEALTHY_TREND -> WEAK_TREND -> ACCELERATION -> WEAK_TREND -> PULLBACK -> HEALTHY_TREND -> WEAK_TREND -> PULLBACK -> ACCELERATION -> PULLBACK -> ACCELERATION -> PULLBACK -> ACCELERATION -> HEALTHY_TREND -> WEAK_TREND -> PULLBACK -> HEALTHY_TREND -> WEAK_TREND -> ACCELERATION -> HEALTHY_TREND -> ACCELERATION -> EXIT,33,ACCELERATION,6.9833
short_2026-06-13T100000_ORCAUSDT,short,2026-06-13 10:00:00,ORCAUSDT,EARLY_BREAKOUT -> WEAK_TREND -> ACCELERATION -> WEAK_TREND -> ACCELERATION -> WEAK_TREND -> FAKE_BREAKOUT -> ACCELERATION -> PULLBACK -> ACCELERATION -> HEALTHY_TREND -> WEAK_TREND -> ACCELERATION -> HEALTHY_TREND -> WEAK_TREND -> ACCELERATION -> HEALTHY_TREND -> WEAK_TREND -> PULLBACK -> EXHAUSTION -> PULLBACK -> EXHAUSTION -> ACCELERATION -> EXHAUSTION -> PULLBACK -> ACCELERATION -> HEALTHY_TREND -> ACCELERATION -> WEAK_TREND -> ACCELERATION -> WEAK_TREND -> HEALTHY_TREND -> WEAK_TREND -> HEALTHY_TREND -> WEAK_TREND -> PULLBACK -> ACCELERATION -> WEAK_TREND -> ACCELERATION -> EXIT,39,ACCELERATION,6.5961
short_2026-06-13T100000_ESPUSDT,short,2026-06-13 10:00:00,ESPUSDT,EARLY_BREAKOUT -> ACCELERATION -> HEALTHY_TREND -> WEAK_TREND -> ACCELERATION -> HEALTHY_TREND -> WEAK_TREND -> ACCELERATION -> EXHAUSTION -> PULLBACK -> ACCELERATION -> WEAK_TREND -> HEALTHY_TREND -> ACCELERATION -> WEAK_TREND -> EXHAUSTION -> FAKE_BREAKOUT -> REVERSAL -> EXIT,18,REVERSAL,-2.499
short_2026-06-13T100000_HUSDT,short,2026-06-13 10:00:00,HUSDT,EARLY_BREAKOUT -> FAKE_BREAKOUT -> ACCELERATION -> FAKE_BREAKOUT -> REVERSAL -> FAKE_BREAKOUT -> ACCELERATION -> HEALTHY_TREND -> WEAK_TREND -> FAKE_BREAKOUT -> PULLBACK -> ACCELERATION -> HEALTHY_TREND -> PULLBACK -> HEALTHY_TREND -> PULLBACK -> ACCELERATION -> HEALTHY_TREND -> ACCELERATION -> PULLBACK -> ACCELERATION -> PULLBACK -> ACCELERATION -> PULLBACK -> ACCELERATION -> PULLBACK -> EXHAUSTION -> PULLBACK -> EXHAUSTION -> PULLBACK -> FAKE_BREAKOUT -> PULLBACK -> EXHAUSTION -> FAKE_BREAKOUT -> EXIT,34,FAKE_BREAKOUT,3.0034
short_2026-06-13T100000_INUSDT,short,2026-06-13 10:00:00,INUSDT,EARLY_BREAKOUT -> ACCELERATION -> WEAK_TREND -> ACCELERATION -> HEALTHY_TREND -> WEAK_TREND -> ACCELERATION -> HEALTHY_TREND -> WEAK_TREND -> ACCELERATION -> HEALTHY_TREND -> ACCELERATION -> WEAK_TREND -> ACCELERATION -> WEAK_TREND -> PULLBACK -> EXHAUSTION -> PULLBACK -> FAKE_BREAKOUT -> PULLBACK -> FAKE_BREAKOUT -> EXIT,21,FAKE_BREAKOUT,0.7285
long_2026-06-13T120000_ORCAUSDT,long,2026-06-13 12:00:00,ORCAUSDT,EARLY_BREAKOUT -> ACCELERATION -> WEAK_TREND -> REVERSAL -> ACCELERATION -> REVERSAL -> WEAK_TREND -> ACCELERATION -> WEAK_TREND -> ACCELERATION -> WEAK_TREND -> REVERSAL -> EXIT,12,REVERSAL,-3.0278
long_2026-06-13T120000_MELANIAUSDT,long,2026-06-13 12:00:00,MELANIAUSDT,EARLY_BREAKOUT -> ACCELERATION -> EARLY_BREAKOUT -> REVERSAL -> DEAD -> REVERSAL -> EXIT,6,REVERSAL,-3.7512
short_2026-06-13T120000_MELANIAUSDT,short,2026-06-13 12:00:00,MELANIAUSDT,EARLY_BREAKOUT -> ACCELERATION -> HEALTHY_TREND -> WEAK_TREND -> ACCELERATION -> HEALTHY_TREND -> WEAK_TREND -> ACCELERATION -> WEAK_TREND -> HEALTHY_TREND -> ACCELERATION -> HEALTHY_TREND -> WEAK_TREND -> ACCELERATION -> WEAK_TREND -> HEALTHY_TREND -> WEAK_TREND -> ACCELERATION -> WEAK_TREND -> PULLBACK -> ACCELERATION -> HEALTHY_TREND -> WEAK_TREND -> PULLBACK -> HEALTHY_TREND -> PULLBACK -> ACCELERATION -> HEALTHY_TREND -> PULLBACK -> ACCELERATION -> PULLBACK -> ACCELERATION -> WEAK_TREND -> ACCELERATION -> HEALTHY_TREND -> WEAK_TREND -> EXIT,36,WEAK_TREND,3.7512
short_2026-06-13T120000_ORCAUSDT,short,2026-06-13 12:00:00,ORCAUSDT,EARLY_BREAKOUT -> WEAK_TREND -> DEAD -> HEALTHY_TREND -> DEAD -> ACCELERATION -> HEALTHY_TREND -> WEAK_TREND -> ACCELERATION -> HEALTHY_TREND -> WEAK_TREND -> PULLBACK -> REVERSAL -> PULLBACK -> WEAK_TREND -> REVERSAL -> ACCELERATION -> HEALTHY_TREND -> ACCELERATION -> WEAK_TREND -> ACCELERATION -> WEAK_TREND -> HEALTHY_TREND -> WEAK_TREND -> HEALTHY_TREND -> WEAK_TREND -> PULLBACK -> ACCELERATION -> WEAK_TREND -> ACCELERATION -> WEAK_TREND -> PULLBACK -> ACCELERATION -> WEAK_TREND -> PULLBACK -> EXIT,35,PULLBACK,3.0278
long_2026-06-13T140000_EDGEUSDT,long,2026-06-13 14:00:00,EDGEUSDT,EARLY_BREAKOUT -> ACCELERATION -> EARLY_BREAKOUT -> EXHAUSTION -> ACCELERATION -> FAKE_BREAKOUT -> REVERSAL -> FAKE_BREAKOUT -> ACCELERATION -> PULLBACK -> FAKE_BREAKOUT -> REVERSAL -> EXIT,12,REVERSAL,-4.6323
long_2026-06-13T140000_EPICUSDT,long,2026-06-13 14:00:00,EPICUSDT,EARLY_BREAKOUT -> ACCELERATION -> HEALTHY_TREND -> WEAK_TREND -> ACCELERATION -> HEALTHY_TREND -> ACCELERATION -> WEAK_TREND -> PULLBACK -> ACCELERATION -> PULLBACK -> EXHAUSTION -> ACCELERATION -> HEALTHY_TREND -> WEAK_TREND -> ACCELERATION -> WEAK_TREND -> PULLBACK -> HEALTHY_TREND -> WEAK_TREND -> ACCELERATION -> HEALTHY_TREND -> WEAK_TREND -> ACCELERATION -> EXHAUSTION -> FAKE_BREAKOUT -> EXIT,26,FAKE_BREAKOUT,0.572
long_2026-06-13T140000_PARTIUSDT,long,2026-06-13 14:00:00,PARTIUSDT,EARLY_BREAKOUT -> WEAK_TREND -> ACCELERATION -> WEAK_TREND -> HEALTHY_TREND -> ACCELERATION -> WEAK_TREND -> ACCELERATION -> HEALTHY_TREND -> ACCELERATION -> HEALTHY_TREND -> WEAK_TREND -> ACCELERATION -> WEAK_TREND -> ACCELERATION -> REVERSAL -> EXIT,16,REVERSAL,-1.4214
long_2026-06-13T140000_GUAUSDT,long,2026-06-13 14:00:00,GUAUSDT,EARLY_BREAKOUT -> ACCELERATION -> EARLY_BREAKOUT -> ACCELERATION -> REVERSAL -> WEAK_TREND -> ACCELERATION -> EXHAUSTION -> ACCELERATION -> EXHAUSTION -> REVERSAL -> ACCELERATION -> REVERSAL -> PULLBACK -> REVERSAL -> EXIT,15,REVERSAL,-2.2646
long_2026-06-13T140000_BEATUSDT,long,2026-06-13 14:00:00,BEATUSDT,EARLY_BREAKOUT -> REVERSAL -> ACCELERATION -> REVERSAL -> ACCELERATION -> HEALTHY_TREND -> ACCELERATION -> HEALTHY_TREND -> ACCELERATION -> PULLBACK -> ACCELERATION -> HEALTHY_TREND -> WEAK_TREND -> PULLBACK -> ACCELERATION -> HEALTHY_TREND -> WEAK_TREND -> ACCELERATION -> PULLBACK -> ACCELERATION -> FAKE_BREAKOUT -> REVERSAL -> FAKE_BREAKOUT -> REVERSAL -> EXIT,24,REVERSAL,-14.4026
short_2026-06-13T140000_HEIUSDT,short,2026-06-13 14:00:00,HEIUSDT,EARLY_BREAKOUT -> WEAK_TREND -> ACCELERATION -> HEALTHY_TREND -> ACCELERATION -> WEAK_TREND -> ACCELERATION -> HEALTHY_TREND -> WEAK_TREND -> PULLBACK -> EXHAUSTION -> FAKE_BREAKOUT -> REVERSAL -> FAKE_BREAKOUT -> REVERSAL -> FAKE_BREAKOUT -> PULLBACK -> FAKE_BREAKOUT -> ACCELERATION -> FAKE_BREAKOUT -> ACCELERATION -> FAKE_BREAKOUT -> ACCELERATION -> PULLBACK -> ACCELERATION -> HEALTHY_TREND -> PULLBACK -> ACCELERATION -> HEALTHY_TREND -> ACCELERATION -> WEAK_TREND -> HEALTHY_TREND -> WEAK_TREND -> PULLBACK -> EXIT,34,PULLBACK,7.5943
short_2026-06-13T140000_CROSSUSDT,short,2026-06-13 14:00:00,CROSSUSDT,EARLY_BREAKOUT -> WEAK_TREND -> ACCELERATION -> HEALTHY_TREND -> WEAK_TREND -> ACCELERATION -> WEAK_TREND -> HEALTHY_TREND -> ACCELERATION -> HEALTHY_TREND -> WEAK_TREND -> ACCELERATION -> HEALTHY_TREND -> WEAK_TREND -> ACCELERATION -> HEALTHY_TREND -> WEAK_TREND -> PULLBACK -> ACCELERATION -> HEALTHY_TREND -> ACCELERATION -> WEAK_TREND -> ACCELERATION -> WEAK_TREND -> ACCELERATION -> HEALTHY_TREND -> ACCELERATION -> WEAK_TREND -> ACCELERATION -> HEALTHY_TREND -> WEAK_TREND -> ACCELERATION -> WEAK_TREND -> ACCELERATION -> WEAK_TREND -> HEALTHY_TREND -> EXIT,36,HEALTHY_TREND,5.2188
short_2026-06-13T140000_OPNUSDT,short,2026-06-13 14:00:00,OPNUSDT,EARLY_BREAKOUT -> ACCELERATION -> WEAK_TREND -> ACCELERATION -> FAKE_BREAKOUT -> REVERSAL -> FAKE_BREAKOUT -> REVERSAL -> FAKE_BREAKOUT -> ACCELERATION -> EXHAUSTION -> ACCELERATION -> PULLBACK -> FAKE_BREAKOUT -> ACCELERATION -> FAKE_BREAKOUT -> PULLBACK -> FAKE_BREAKOUT -> REVERSAL -> FAKE_BREAKOUT -> PULLBACK -> FAKE_BREAKOUT -> EXIT,22,FAKE_BREAKOUT,1.3002
short_2026-06-13T140000_BEATUSDT,short,2026-06-13 14:00:00,BEATUSDT,EARLY_BREAKOUT -> ACCELERATION -> REVERSAL -> ACCELERATION -> REVERSAL -> FAKE_BREAKOUT -> HEALTHY_TREND -> REVERSAL -> ACCELERATION -> HEALTHY_TREND -> ACCELERATION -> HEALTHY_TREND -> PULLBACK -> ACCELERATION -> PULLBACK -> ACCELERATION -> PULLBACK -> EXIT,17,PULLBACK,14.4026
short_2026-06-13T140000_INUSDT,short,2026-06-13 14:00:00,INUSDT,EARLY_BREAKOUT -> WEAK_TREND -> EARLY_BREAKOUT -> ACCELERATION -> WEAK_TREND -> REVERSAL -> EXIT,6,REVERSAL,-4.1979
long_2026-06-13T160000_BEATUSDT,long,2026-06-13 16:00:00,BEATUSDT,EARLY_BREAKOUT -> ACCELERATION -> EXHAUSTION -> ACCELERATION -> HEALTHY_TREND -> WEAK_TREND -> PULLBACK -> ACCELERATION -> HEALTHY_TREND -> WEAK_TREND -> ACCELERATION -> PULLBACK -> ACCELERATION -> FAKE_BREAKOUT -> REVERSAL -> FAKE_BREAKOUT -> REVERSAL -> FAKE_BREAKOUT -> REVERSAL -> FAKE_BREAKOUT -> REVERSAL -> EXIT,21,REVERSAL,-16.1888
long_2026-06-13T160000_GWEIUSDT,long,2026-06-13 16:00:00,GWEIUSDT,EARLY_BREAKOUT -> ACCELERATION -> EARLY_BREAKOUT -> EXHAUSTION -> FAKE_BREAKOUT -> PULLBACK -> FAKE_BREAKOUT -> ACCELERATION -> HEALTHY_TREND -> WEAK_TREND -> ACCELERATION -> HEALTHY_TREND -> ACCELERATION -> PULLBACK -> ACCELERATION -> PULLBACK -> FAKE_BREAKOUT -> REVERSAL -> EXIT,18,REVERSAL,-13.0331
long_2026-06-13T160000_OPUSDT,long,2026-06-13 16:00:00,OPUSDT,EARLY_BREAKOUT -> ACCELERATION -> EARLY_BREAKOUT -> WEAK_TREND -> ACCELERATION -> HEALTHY_TREND -> EXHAUSTION -> PULLBACK -> ACCELERATION -> EXHAUSTION -> PULLBACK -> HEALTHY_TREND -> WEAK_TREND -> PULLBACK -> ACCELERATION -> PULLBACK -> ACCELERATION -> HEALTHY_TREND -> ACCELERATION -> HEALTHY_TREND -> ACCELERATION -> PULLBACK -> EXHAUSTION -> PULLBACK -> EXHAUSTION -> ACCELERATION -> EXHAUSTION -> FAKE_BREAKOUT -> PULLBACK -> EXHAUSTION -> ACCELERATION -> PULLBACK -> ACCELERATION -> PULLBACK -> EXHAUSTION -> EXIT,35,EXHAUSTION,4.0423
long_2026-06-13T160000_OPENUSDT,long,2026-06-13 16:00:00,OPENUSDT,EARLY_BREAKOUT -> ACCELERATION -> HEALTHY_TREND -> ACCELERATION -> HEALTHY_TREND -> WEAK_TREND -> ACCELERATION -> WEAK_TREND -> ACCELERATION -> HEALTHY_TREND -> ACCELERATION -> PULLBACK -> ACCELERATION -> PULLBACK -> ACCELERATION -> PULLBACK -> ACCELERATION -> PULLBACK -> ACCELERATION -> PULLBACK -> EXIT,20,PULLBACK,8.0036
long_2026-06-13T160000_COWUSDT,long,2026-06-13 16:00:00,COWUSDT,EARLY_BREAKOUT -> ACCELERATION -> WEAK_TREND -> ACCELERATION -> HEALTHY_TREND -> WEAK_TREND -> ACCELERATION -> WEAK_TREND -> ACCELERATION -> WEAK_TREND -> ACCELERATION -> WEAK_TREND -> ACCELERATION -> WEAK_TREND -> ACCELERATION -> HEALTHY_TREND -> WEAK_TREND -> HEALTHY_TREND -> WEAK_TREND -> ACCELERATION -> WEAK_TREND -> ACCELERATION -> HEALTHY_TREND -> WEAK_TREND -> ACCELERATION -> HEALTHY_TREND -> WEAK_TREND -> ACCELERATION -> WEAK_TREND -> ACCELERATION -> WEAK_TREND -> ACCELERATION -> HEALTHY_TREND -> WEAK_TREND -> ACCELERATION -> WEAK_TREND -> HEALTHY_TREND -> WEAK_TREND -> ACCELERATION -> EXIT,39,ACCELERATION,2.0761
short_2026-06-13T160000_GUAUSDT,short,2026-06-13 16:00:00,GUAUSDT,EARLY_BREAKOUT -> WEAK_TREND -> HEALTHY_TREND -> ACCELERATION -> WEAK_TREND -> PULLBACK -> ACCELERATION -> HEALTHY_TREND -> WEAK_TREND -> EXHAUSTION -> HEALTHY_TREND -> PULLBACK -> HEALTHY_TREND -> EXHAUSTION -> ACCELERATION -> PULLBACK -> ACCELERATION -> HEALTHY_TREND -> WEAK_TREND -> PULLBACK -> EXHAUSTION -> PULLBACK -> ACCELERATION -> PULLBACK -> EXHAUSTION -> ACCELERATION -> EXHAUSTION -> ACCELERATION -> PULLBACK -> EXHAUSTION -> PULLBACK -> ACCELERATION -> PULLBACK -> ACCELERATION -> EXIT,34,ACCELERATION,5.1592
short_2026-06-13T160000_OPENUSDT,short,2026-06-13 16:00:00,OPENUSDT,EARLY_BREAKOUT -> WEAK_TREND -> REVERSAL -> EXIT,3,REVERSAL,-8.0036
short_2026-06-13T160000_GWEIUSDT,short,2026-06-13 16:00:00,GWEIUSDT,EARLY_BREAKOUT -> REVERSAL -> WEAK_TREND -> REVERSAL -> HEALTHY_TREND -> WEAK_TREND -> ACCELERATION -> WEAK_TREND -> ACCELERATION -> PULLBACK -> ACCELERATION -> WEAK_TREND -> PULLBACK -> ACCELERATION -> HEALTHY_TREND -> PULLBACK -> ACCELERATION -> HEALTHY_TREND -> PULLBACK -> ACCELERATION -> HEALTHY_TREND -> ACCELERATION -> WEAK_TREND -> ACCELERATION -> EXIT,24,ACCELERATION,13.0331
short_2026-06-13T160000_BEATUSDT,short,2026-06-13 16:00:00,BEATUSDT,EARLY_BREAKOUT -> REVERSAL -> DEAD -> WEAK_TREND -> ACCELERATION -> HEALTHY_TREND -> REVERSAL -> FAKE_BREAKOUT -> REVERSAL -> FAKE_BREAKOUT -> REVERSAL -> FAKE_BREAKOUT -> ACCELERATION -> HEALTHY_TREND -> ACCELERATION -> HEALTHY_TREND -> WEAK_TREND -> ACCELERATION -> PULLBACK -> ACCELERATION -> PULLBACK -> HEALTHY_TREND -> ACCELERATION -> PULLBACK -> EXIT,24,PULLBACK,16.1888
short_2026-06-13T160000_OPUSDT,short,2026-06-13 16:00:00,OPUSDT,EARLY_BREAKOUT -> REVERSAL -> EXIT,2,REVERSAL,-4.0423
long_2026-06-13T180000_BTWUSDT,long,2026-06-13 18:00:00,BTWUSDT,EARLY_BREAKOUT -> WEAK_TREND -> ACCELERATION -> EARLY_BREAKOUT -> HEALTHY_TREND -> FAKE_BREAKOUT -> REVERSAL -> FAKE_BREAKOUT -> REVERSAL -> FAKE_BREAKOUT -> ACCELERATION -> PULLBACK -> ACCELERATION -> PULLBACK -> EXHAUSTION -> ACCELERATION -> PULLBACK -> ACCELERATION -> PULLBACK -> ACCELERATION -> HEALTHY_TREND -> ACCELERATION -> WEAK_TREND -> ACCELERATION -> PULLBACK -> HEALTHY_TREND -> ACCELERATION -> PULLBACK -> ACCELERATION -> PULLBACK -> HEALTHY_TREND -> EXIT,31,HEALTHY_TREND,22.027
long_2026-06-13T180000_COAIUSDT,long,2026-06-13 18:00:00,COAIUSDT,EARLY_BREAKOUT -> ACCELERATION -> WEAK_TREND -> ACCELERATION -> WEAK_TREND -> PULLBACK -> ACCELERATION -> HEALTHY_TREND -> FAKE_BREAKOUT -> PULLBACK -> ACCELERATION -> HEALTHY_TREND -> ACCELERATION -> PULLBACK -> ACCELERATION -> HEALTHY_TREND -> WEAK_TREND -> ACCELERATION -> HEALTHY_TREND -> ACCELERATION -> PULLBACK -> ACCELERATION -> PULLBACK -> ACCELERATION -> PULLBACK -> ACCELERATION -> PULLBACK -> HEALTHY_TREND -> ACCELERATION -> PULLBACK -> ACCELERATION -> PULLBACK -> EXIT,32,PULLBACK,61.7394
long_2026-06-13T180000_BEATUSDT,long,2026-06-13 18:00:00,BEATUSDT,EARLY_BREAKOUT -> ACCELERATION -> WEAK_TREND -> ACCELERATION -> EXHAUSTION -> FAKE_BREAKOUT -> PULLBACK -> ACCELERATION -> REVERSAL -> EXIT,9,REVERSAL,-19.0004
long_2026-06-13T180000_FOLKSUSDT,long,2026-06-13 18:00:00,FOLKSUSDT,EARLY_BREAKOUT -> WEAK_TREND -> ACCELERATION -> WEAK_TREND -> EXHAUSTION -> ACCELERATION -> HEALTHY_TREND -> PULLBACK -> FAKE_BREAKOUT -> PULLBACK -> FAKE_BREAKOUT -> REVERSAL -> EXIT,12,REVERSAL,-7.2034
long_2026-06-13T180000_CYSUSDT,long,2026-06-13 18:00:00,CYSUSDT,EARLY_BREAKOUT -> WEAK_TREND -> ACCELERATION -> HEALTHY_TREND -> WEAK_TREND -> ACCELERATION -> EXHAUSTION -> HEALTHY_TREND -> FAKE_BREAKOUT -> REVERSAL -> FAKE_BREAKOUT -> REVERSAL -> FAKE_BREAKOUT -> ACCELERATION -> FAKE_BREAKOUT -> ACCELERATION -> FAKE_BREAKOUT -> REVERSAL -> FAKE_BREAKOUT -> ACCELERATION -> EXHAUSTION -> FAKE_BREAKOUT -> EXIT,22,FAKE_BREAKOUT,0.0427
short_2026-06-13T180000_EDGEUSDT,short,2026-06-13 18:00:00,EDGEUSDT,EARLY_BREAKOUT -> PULLBACK -> ACCELERATION -> PULLBACK -> ACCELERATION -> HEALTHY_TREND -> WEAK_TREND -> PULLBACK -> HEALTHY_TREND -> PULLBACK -> ACCELERATION -> PULLBACK -> EXHAUSTION -> PULLBACK -> EXHAUSTION -> PULLBACK -> ACCELERATION -> HEALTHY_TREND -> ACCELERATION -> PULLBACK -> ACCELERATION -> PULLBACK -> EXHAUSTION -> FAKE_BREAKOUT -> PULLBACK -> EXIT,25,PULLBACK,3.7865
short_2026-06-13T180000_FFUSDT,short,2026-06-13 18:00:00,FFUSDT,EARLY_BREAKOUT -> FAKE_BREAKOUT -> ACCELERATION -> PULLBACK -> EXHAUSTION -> FAKE_BREAKOUT -> REVERSAL -> FAKE_BREAKOUT -> REVERSAL -> FAKE_BREAKOUT -> REVERSAL -> FAKE_BREAKOUT -> EXIT,12,FAKE_BREAKOUT,0.5232
short_2026-06-13T180000_MEUSDT,short,2026-06-13 18:00:00,MEUSDT,EARLY_BREAKOUT -> ACCELERATION -> WEAK_TREND -> ACCELERATION -> WEAK_TREND -> ACCELERATION -> HEALTHY_TREND -> WEAK_TREND -> HEALTHY_TREND -> ACCELERATION -> HEALTHY_TREND -> ACCELERATION -> WEAK_TREND -> ACCELERATION -> WEAK_TREND -> HEALTHY_TREND -> WEAK_TREND -> PULLBACK -> EXHAUSTION -> ACCELERATION -> PULLBACK -> ACCELERATION -> PULLBACK -> EXHAUSTION -> PULLBACK -> EXHAUSTION -> PULLBACK -> EXHAUSTION -> ACCELERATION -> EXHAUSTION -> PULLBACK -> ACCELERATION -> PULLBACK -> ACCELERATION -> EXIT,34,ACCELERATION,3.5918
short_2026-06-13T180000_BTWUSDT,short,2026-06-13 18:00:00,BTWUSDT,EARLY_BREAKOUT -> WEAK_TREND -> REVERSAL -> WEAK_TREND -> REVERSAL -> ACCELERATION -> WEAK_TREND -> ACCELERATION -> REVERSAL -> EXIT,9,REVERSAL,-22.027
short_2026-06-13T180000_FOLKSUSDT,short,2026-06-13 18:00:00,FOLKSUSDT,EARLY_BREAKOUT -> WEAK_TREND -> REVERSAL -> DEAD -> ACCELERATION -> WEAK_TREND -> PULLBACK -> HEALTHY_TREND -> FAKE_BREAKOUT -> ACCELERATION -> WEAK_TREND -> ACCELERATION -> WEAK_TREND -> ACCELERATION -> HEALTHY_TREND -> ACCELERATION -> HEALTHY_TREND -> ACCELERATION -> HEALTHY_TREND -> PULLBACK -> EXHAUSTION -> PULLBACK -> EXHAUSTION -> ACCELERATION -> EXHAUSTION -> EXIT,25,EXHAUSTION,7.2034
long_2026-06-13T200000_EPICUSDT,long,2026-06-13 20:00:00,EPICUSDT,EARLY_BREAKOUT -> ACCELERATION -> HEALTHY_TREND -> WEAK_TREND -> ACCELERATION -> WEAK_TREND -> EXHAUSTION -> HEALTHY_TREND -> WEAK_TREND -> ACCELERATION -> HEALTHY_TREND -> WEAK_TREND -> ACCELERATION -> FAKE_BREAKOUT -> REVERSAL -> EXIT,15,REVERSAL,-6.2544
long_2026-06-13T200000_AIOTUSDT,long,2026-06-13 20:00:00,AIOTUSDT,EARLY_BREAKOUT -> ACCELERATION -> PULLBACK -> ACCELERATION -> HEALTHY_TREND -> PULLBACK -> ACCELERATION -> PULLBACK -> ACCELERATION -> PULLBACK -> ACCELERATION -> PULLBACK -> HEALTHY_TREND -> PULLBACK -> ACCELERATION -> HEALTHY_TREND -> WEAK_TREND -> PULLBACK -> ACCELERATION -> PULLBACK -> ACCELERATION -> PULLBACK -> ACCELERATION -> PULLBACK -> ACCELERATION -> PULLBACK -> ACCELERATION -> PULLBACK -> EXHAUSTION -> PULLBACK -> EXHAUSTION -> PULLBACK -> EXHAUSTION -> PULLBACK -> EXHAUSTION -> FAKE_BREAKOUT -> EXIT,36,FAKE_BREAKOUT,8.209
long_2026-06-13T200000_0GUSDT,long,2026-06-13 20:00:00,0GUSDT,EARLY_BREAKOUT -> WEAK_TREND -> ACCELERATION -> WEAK_TREND -> HEALTHY_TREND -> WEAK_TREND -> ACCELERATION -> WEAK_TREND -> ACCELERATION -> WEAK_TREND -> PULLBACK -> ACCELERATION -> WEAK_TREND -> ACCELERATION -> WEAK_TREND -> PULLBACK -> ACCELERATION -> WEAK_TREND -> EXHAUSTION -> FAKE_BREAKOUT -> PULLBACK -> EXHAUSTION -> FAKE_BREAKOUT -> PULLBACK -> FAKE_BREAKOUT -> ACCELERATION -> PULLBACK -> FAKE_BREAKOUT -> ACCELERATION -> EXHAUSTION -> FAKE_BREAKOUT -> EXIT,31,FAKE_BREAKOUT,0.6034
long_2026-06-13T200000_ESPUSDT,long,2026-06-13 20:00:00,ESPUSDT,EARLY_BREAKOUT -> WEAK_TREND -> EARLY_BREAKOUT -> ACCELERATION -> PULLBACK -> REVERSAL -> PULLBACK -> REVERSAL -> EXIT,8,REVERSAL,-4.6558
long_2026-06-13T200000_FLUIDUSDT,long,2026-06-13 20:00:00,FLUIDUSDT,EARLY_BREAKOUT -> WEAK_TREND -> ACCELERATION -> WEAK_TREND -> HEALTHY_TREND -> WEAK_TREND -> ACCELERATION -> WEAK_TREND -> ACCELERATION -> WEAK_TREND -> ACCELERATION -> WEAK_TREND -> ACCELERATION -> HEALTHY_TREND -> WEAK_TREND -> ACCELERATION -> WEAK_TREND -> ACCELERATION -> WEAK_TREND -> EXIT,19,WEAK_TREND,-0.0931
short_2026-06-13T200000_BEATUSDT,short,2026-06-13 20:00:00,BEATUSDT,EARLY_BREAKOUT -> ACCELERATION -> EARLY_BREAKOUT -> ACCELERATION -> HEALTHY_TREND -> EXHAUSTION -> PULLBACK -> EXHAUSTION -> ACCELERATION -> PULLBACK -> EXHAUSTION -> ACCELERATION -> HEALTHY_TREND -> ACCELERATION -> HEALTHY_TREND -> WEAK_TREND -> ACCELERATION -> PULLBACK -> ACCELERATION -> WEAK_TREND -> PULLBACK -> HEALTHY_TREND -> ACCELERATION -> PULLBACK -> ACCELERATION -> PULLBACK -> ACCELERATION -> PULLBACK -> EXIT,28,PULLBACK,20.4724
short_2026-06-13T200000_BTWUSDT,short,2026-06-13 20:00:00,BTWUSDT,EARLY_BREAKOUT -> ACCELERATION -> EARLY_BREAKOUT -> ACCELERATION -> EXHAUSTION -> FAKE_BREAKOUT -> REVERSAL -> FAKE_BREAKOUT -> REVERSAL -> EXIT,9,REVERSAL,-14.8366
short_2026-06-13T200000_LABUSDT,short,2026-06-13 20:00:00,LABUSDT,EARLY_BREAKOUT -> ACCELERATION -> EARLY_BREAKOUT -> ACCELERATION -> HEALTHY_TREND -> PULLBACK -> ACCELERATION -> HEALTHY_TREND -> ACCELERATION -> WEAK_TREND -> PULLBACK -> ACCELERATION -> HEALTHY_TREND -> PULLBACK -> HEALTHY_TREND -> PULLBACK -> ACCELERATION -> HEALTHY_TREND -> ACCELERATION -> WEAK_TREND -> PULLBACK -> ACCELERATION -> HEALTHY_TREND -> WEAK_TREND -> PULLBACK -> ACCELERATION -> PULLBACK -> EXIT,27,PULLBACK,8.1282
short_2026-06-13T200000_COAIUSDT,short,2026-06-13 20:00:00,COAIUSDT,EARLY_BREAKOUT -> REVERSAL -> ACCELERATION -> WEAK_TREND -> FAKE_BREAKOUT -> REVERSAL -> EXIT,6,REVERSAL,-2.7798
short_2026-06-13T200000_MANTAUSDT,short,2026-06-13 20:00:00,MANTAUSDT,EARLY_BREAKOUT -> ACCELERATION -> EARLY_BREAKOUT -> PULLBACK -> ACCELERATION -> HEALTHY_TREND -> EXHAUSTION -> PULLBACK -> ACCELERATION -> HEALTHY_TREND -> WEAK_TREND -> ACCELERATION -> WEAK_TREND -> ACCELERATION -> WEAK_TREND -> ACCELERATION -> HEALTHY_TREND -> WEAK_TREND -> ACCELERATION -> PULLBACK -> ACCELERATION -> WEAK_TREND -> PULLBACK -> HEALTHY_TREND -> PULLBACK -> ACCELERATION -> PULLBACK -> EXHAUSTION -> PULLBACK -> EXHAUSTION -> PULLBACK -> EXHAUSTION -> ACCELERATION -> HEALTHY_TREND -> PULLBACK -> EXHAUSTION -> PULLBACK -> ACCELERATION -> EXIT,38,ACCELERATION,3.0278
long_2026-06-13T220000_COAIUSDT,long,2026-06-13 22:00:00,COAIUSDT,EARLY_BREAKOUT -> ACCELERATION -> EARLY_BREAKOUT -> HEALTHY_TREND -> ACCELERATION -> PULLBACK -> ACCELERATION -> HEALTHY_TREND -> WEAK_TREND -> ACCELERATION -> HEALTHY_TREND -> ACCELERATION -> PULLBACK -> ACCELERATION -> PULLBACK -> ACCELERATION -> PULLBACK -> ACCELERATION -> PULLBACK -> HEALTHY_TREND -> ACCELERATION -> PULLBACK -> ACCELERATION -> PULLBACK -> ACCELERATION -> PULLBACK -> EXHAUSTION -> FAKE_BREAKOUT -> REVERSAL -> EXIT,29,REVERSAL,-3.8034
long_2026-06-13T220000_AIOTUSDT,long,2026-06-13 22:00:00,AIOTUSDT,EARLY_BREAKOUT -> ACCELERATION -> EARLY_BREAKOUT -> ACCELERATION -> PULLBACK -> ACCELERATION -> PULLBACK -> HEALTHY_TREND -> PULLBACK -> ACCELERATION -> HEALTHY_TREND -> WEAK_TREND -> PULLBACK -> ACCELERATION -> PULLBACK -> ACCELERATION -> PULLBACK -> ACCELERATION -> EXHAUSTION -> PULLBACK -> ACCELERATION -> PULLBACK -> ACCELERATION -> PULLBACK -> FAKE_BREAKOUT -> REVERSAL -> FAKE_BREAKOUT -> EXIT,27,FAKE_BREAKOUT,3.7143
long_2026-06-13T220000_BTWUSDT,long,2026-06-13 22:00:00,BTWUSDT,EARLY_BREAKOUT -> ACCELERATION -> HEALTHY_TREND -> PULLBACK -> EXHAUSTION -> ACCELERATION -> WEAK_TREND -> ACCELERATION -> WEAK_TREND -> HEALTHY_TREND -> ACCELERATION -> HEALTHY_TREND -> ACCELERATION -> WEAK_TREND -> ACCELERATION -> PULLBACK -> HEALTHY_TREND -> ACCELERATION -> PULLBACK -> ACCELERATION -> PULLBACK -> EXHAUSTION -> PULLBACK -> HEALTHY_TREND -> PULLBACK -> ACCELERATION -> HEALTHY_TREND -> WEAK_TREND -> ACCELERATION -> WEAK_TREND -> ACCELERATION -> PULLBACK -> ACCELERATION -> HEALTHY_TREND -> PULLBACK -> EXIT,35,PULLBACK,18.9193
long_2026-06-13T220000_FETUSDT,long,2026-06-13 22:00:00,FETUSDT,EARLY_BREAKOUT -> EXHAUSTION -> ACCELERATION -> EXHAUSTION -> REVERSAL -> PULLBACK -> HEALTHY_TREND -> ACCELERATION -> WEAK_TREND -> ACCELERATION -> EXHAUSTION -> FAKE_BREAKOUT -> HEALTHY_TREND -> FAKE_BREAKOUT -> ACCELERATION -> PULLBACK -> EXHAUSTION -> FAKE_BREAKOUT -> PULLBACK -> ACCELERATION -> EXHAUSTION -> FAKE_BREAKOUT -> ACCELERATION -> FAKE_BREAKOUT -> ACCELERATION -> PULLBACK -> ACCELERATION -> PULLBACK -> EXHAUSTION -> PULLBACK -> EXHAUSTION -> ACCELERATION -> PULLBACK -> EXHAUSTION -> ACCELERATION -> PULLBACK -> EXIT,36,PULLBACK,3.0557
long_2026-06-13T220000_OPGUSDT,long,2026-06-13 22:00:00,OPGUSDT,EARLY_BREAKOUT -> REVERSAL -> ACCELERATION -> EARLY_BREAKOUT -> ACCELERATION -> PULLBACK -> ACCELERATION -> PULLBACK -> EXHAUSTION -> FAKE_BREAKOUT -> REVERSAL -> FAKE_BREAKOUT -> ACCELERATION -> EXHAUSTION -> ACCELERATION -> FAKE_BREAKOUT -> REVERSAL -> FAKE_BREAKOUT -> ACCELERATION -> PULLBACK -> ACCELERATION -> EXHAUSTION -> ACCELERATION -> FAKE_BREAKOUT -> PULLBACK -> ACCELERATION -> PULLBACK -> FAKE_BREAKOUT -> ACCELERATION -> EXHAUSTION -> ACCELERATION -> PULLBACK -> ACCELERATION -> WEAK_TREND -> PULLBACK -> ACCELERATION -> WEAK_TREND -> EXIT,37,WEAK_TREND,4.5029
short_2026-06-13T220000_GWEIUSDT,short,2026-06-13 22:00:00,GWEIUSDT,EARLY_BREAKOUT -> FAKE_BREAKOUT -> ACCELERATION -> WEAK_TREND -> ACCELERATION -> PULLBACK -> ACCELERATION -> WEAK_TREND -> FAKE_BREAKOUT -> PULLBACK -> ACCELERATION -> HEALTHY_TREND -> PULLBACK -> ACCELERATION -> HEALTHY_TREND -> PULLBACK -> ACCELERATION -> HEALTHY_TREND -> ACCELERATION -> WEAK_TREND -> ACCELERATION -> WEAK_TREND -> ACCELERATION -> WEAK_TREND -> ACCELERATION -> HEALTHY_TREND -> WEAK_TREND -> ACCELERATION -> WEAK_TREND -> PULLBACK -> EXHAUSTION -> PULLBACK -> EXHAUSTION -> PULLBACK -> ACCELERATION -> EXHAUSTION -> PULLBACK -> EXHAUSTION -> EXIT,38,EXHAUSTION,4.518
short_2026-06-13T220000_HEIUSDT,short,2026-06-13 22:00:00,HEIUSDT,EARLY_BREAKOUT -> ACCELERATION -> EARLY_BREAKOUT -> ACCELERATION -> WEAK_TREND -> HEALTHY_TREND -> WEAK_TREND -> PULLBACK -> ACCELERATION -> HEALTHY_TREND -> ACCELERATION -> HEALTHY_TREND -> WEAK_TREND -> ACCELERATION -> HEALTHY_TREND -> WEAK_TREND -> ACCELERATION -> WEAK_TREND -> ACCELERATION -> HEALTHY_TREND -> ACCELERATION -> WEAK_TREND -> ACCELERATION -> HEALTHY_TREND -> PULLBACK -> HEALTHY_TREND -> WEAK_TREND -> ACCELERATION -> WEAK_TREND -> ACCELERATION -> PULLBACK -> HEALTHY_TREND -> EXIT,32,HEALTHY_TREND,5.8639
short_2026-06-13T220000_APRUSDT,short,2026-06-13 22:00:00,APRUSDT,EARLY_BREAKOUT -> ACCELERATION -> WEAK_TREND -> ACCELERATION -> HEALTHY_TREND -> ACCELERATION -> WEAK_TREND -> ACCELERATION -> WEAK_TREND -> ACCELERATION -> WEAK_TREND -> ACCELERATION -> HEALTHY_TREND -> ACCELERATION -> HEALTHY_TREND -> ACCELERATION -> WEAK_TREND -> ACCELERATION -> WEAK_TREND -> PULLBACK -> HEALTHY_TREND -> WEAK_TREND -> PULLBACK -> ACCELERATION -> PULLBACK -> EXHAUSTION -> PULLBACK -> ACCELERATION -> HEALTHY_TREND -> WEAK_TREND -> ACCELERATION -> WEAK_TREND -> ACCELERATION -> WEAK_TREND -> ACCELERATION -> HEALTHY_TREND -> ACCELERATION -> EXIT,37,ACCELERATION,5.6405
short_2026-06-13T220000_GUAUSDT,short,2026-06-13 22:00:00,GUAUSDT,EARLY_BREAKOUT -> ACCELERATION -> WEAK_TREND -> HEALTHY_TREND -> WEAK_TREND -> REVERSAL -> WEAK_TREND -> ACCELERATION -> HEALTHY_TREND -> WEAK_TREND -> ACCELERATION -> WEAK_TREND -> ACCELERATION -> WEAK_TREND -> ACCELERATION -> WEAK_TREND -> REVERSAL -> WEAK_TREND -> EXIT,18,WEAK_TREND,-0.7338
short_2026-06-13T220000_MAGMAUSDT,short,2026-06-13 22:00:00,MAGMAUSDT,EARLY_BREAKOUT -> WEAK_TREND -> DEAD -> ACCELERATION -> WEAK_TREND -> EXHAUSTION -> REVERSAL -> PULLBACK -> EXHAUSTION -> REVERSAL -> PULLBACK -> ACCELERATION -> EXHAUSTION -> REVERSAL -> PULLBACK -> ACCELERATION -> EXHAUSTION -> PULLBACK -> EXHAUSTION -> PULLBACK -> ACCELERATION -> HEALTHY_TREND -> ACCELERATION -> WEAK_TREND -> EXHAUSTION -> HEALTHY_TREND -> FAKE_BREAKOUT -> REVERSAL -> FAKE_BREAKOUT -> EXIT,29,FAKE_BREAKOUT,0.1472
long_2026-06-14T000000_AIAUSDT,long,2026-06-14 00:00:00,AIAUSDT,EARLY_BREAKOUT -> ACCELERATION -> HEALTHY_TREND -> EXHAUSTION -> PULLBACK -> EXHAUSTION -> ACCELERATION -> PULLBACK -> EXHAUSTION -> PULLBACK -> ACCELERATION -> PULLBACK -> ACCELERATION -> PULLBACK -> ACCELERATION -> PULLBACK -> EXHAUSTION -> ACCELERATION -> PULLBACK -> EXHAUSTION -> PULLBACK -> EXHAUSTION -> ACCELERATION -> EXHAUSTION -> PULLBACK -> ACCELERATION -> PULLBACK -> ACCELERATION -> PULLBACK -> ACCELERATION -> PULLBACK -> EXHAUSTION -> EXIT,32,EXHAUSTION,11.7668
long_2026-06-14T000000_COAIUSDT,long,2026-06-14 00:00:00,COAIUSDT,EARLY_BREAKOUT -> WEAK_TREND -> ACCELERATION -> EARLY_BREAKOUT -> ACCELERATION -> FAKE_BREAKOUT -> ACCELERATION -> PULLBACK -> ACCELERATION -> EXHAUSTION -> ACCELERATION -> PULLBACK -> HEALTHY_TREND -> ACCELERATION -> EXHAUSTION -> ACCELERATION -> PULLBACK -> EXHAUSTION -> FAKE_BREAKOUT -> PULLBACK -> ACCELERATION -> EXHAUSTION -> FAKE_BREAKOUT -> REVERSAL -> EXIT,24,REVERSAL,-13.6996
long_2026-06-14T000000_BTWUSDT,long,2026-06-14 00:00:00,BTWUSDT,EARLY_BREAKOUT -> WEAK_TREND -> ACCELERATION -> WEAK_TREND -> HEALTHY_TREND -> ACCELERATION -> HEALTHY_TREND -> ACCELERATION -> WEAK_TREND -> ACCELERATION -> PULLBACK -> HEALTHY_TREND -> ACCELERATION -> PULLBACK -> ACCELERATION -> PULLBACK -> EXHAUSTION -> PULLBACK -> HEALTHY_TREND -> PULLBACK -> ACCELERATION -> HEALTHY_TREND -> WEAK_TREND -> ACCELERATION -> WEAK_TREND -> ACCELERATION -> PULLBACK -> ACCELERATION -> HEALTHY_TREND -> PULLBACK -> ACCELERATION -> PULLBACK -> ACCELERATION -> PULLBACK -> ACCELERATION -> WEAK_TREND -> ACCELERATION -> EXIT,37,ACCELERATION,25.2345
long_2026-06-14T000000_ALCHUSDT,long,2026-06-14 00:00:00,ALCHUSDT,EARLY_BREAKOUT -> ACCELERATION -> EARLY_BREAKOUT -> ACCELERATION -> WEAK_TREND -> PULLBACK -> EXHAUSTION -> PULLBACK -> EXHAUSTION -> ACCELERATION -> PULLBACK -> ACCELERATION -> PULLBACK -> ACCELERATION -> HEALTHY_TREND -> ACCELERATION -> WEAK_TREND -> ACCELERATION -> WEAK_TREND -> HEALTHY_TREND -> WEAK_TREND -> ACCELERATION -> HEALTHY_TREND -> ACCELERATION -> HEALTHY_TREND -> WEAK_TREND -> HEALTHY_TREND -> WEAK_TREND -> PULLBACK -> HEALTHY_TREND -> PULLBACK -> ACCELERATION -> PULLBACK -> ACCELERATION -> WEAK_TREND -> ACCELERATION -> WEAK_TREND -> HEALTHY_TREND -> ACCELERATION -> EXIT,39,ACCELERATION,5.4356
long_2026-06-14T000000_MMTUSDT,long,2026-06-14 00:00:00,MMTUSDT,EARLY_BREAKOUT -> ACCELERATION -> WEAK_TREND -> ACCELERATION -> WEAK_TREND -> ACCELERATION -> FAKE_BREAKOUT -> PULLBACK -> EXHAUSTION -> HEALTHY_TREND -> ACCELERATION -> HEALTHY_TREND -> ACCELERATION -> PULLBACK -> EXHAUSTION -> PULLBACK -> EXHAUSTION -> PULLBACK -> ACCELERATION -> HEALTHY_TREND -> EXHAUSTION -> FAKE_BREAKOUT -> PULLBACK -> FAKE_BREAKOUT -> ACCELERATION -> FAKE_BREAKOUT -> ACCELERATION -> FAKE_BREAKOUT -> ACCELERATION -> FAKE_BREAKOUT -> ACCELERATION -> FAKE_BREAKOUT -> EXIT,32,FAKE_BREAKOUT,1.5115
short_2026-06-14T000000_AINUSDT,short,2026-06-14 00:00:00,AINUSDT,EARLY_BREAKOUT -> WEAK_TREND -> ACCELERATION -> PULLBACK -> EXHAUSTION -> FAKE_BREAKOUT -> PULLBACK -> ACCELERATION -> HEALTHY_TREND -> WEAK_TREND -> PULLBACK -> REVERSAL -> FAKE_BREAKOUT -> REVERSAL -> EXIT,14,REVERSAL,-17.5225
short_2026-06-14T000000_OPGUSDT,short,2026-06-14 00:00:00,OPGUSDT,EARLY_BREAKOUT -> ACCELERATION -> HEALTHY_TREND -> EXHAUSTION -> FAKE_BREAKOUT -> REVERSAL -> FAKE_BREAKOUT -> REVERSAL -> FAKE_BREAKOUT -> ACCELERATION -> WEAK_TREND -> PULLBACK -> FAKE_BREAKOUT -> REVERSAL -> FAKE_BREAKOUT -> REVERSAL -> FAKE_BREAKOUT -> REVERSAL -> EXIT,18,REVERSAL,-1.245
short_2026-06-14T000000_ENAUSDT,short,2026-06-14 00:00:00,ENAUSDT,EARLY_BREAKOUT -> WEAK_TREND -> ACCELERATION -> WEAK_TREND -> ACCELERATION -> WEAK_TREND -> EXHAUSTION -> HEALTHY_TREND -> WEAK_TREND -> EXHAUSTION -> ACCELERATION -> HEALTHY_TREND -> EXHAUSTION -> ACCELERATION -> WEAK_TREND -> ACCELERATION -> WEAK_TREND -> ACCELERATION -> WEAK_TREND -> ACCELERATION -> WEAK_TREND -> ACCELERATION -> WEAK_TREND -> EXHAUSTION -> PULLBACK -> HEALTHY_TREND -> ACCELERATION -> HEALTHY_TREND -> WEAK_TREND -> ACCELERATION -> WEAK_TREND -> HEALTHY_TREND -> ACCELERATION -> WEAK_TREND -> HEALTHY_TREND -> EXHAUSTION -> PULLBACK -> ACCELERATION -> WEAK_TREND -> PULLBACK -> HEALTHY_TREND -> EXIT,41,HEALTHY_TREND,2.9561
short_2026-06-14T000000_GRASSUSDT,short,2026-06-14 00:00:00,GRASSUSDT,EARLY_BREAKOUT -> WEAK_TREND -> DEAD -> ACCELERATION -> WEAK_TREND -> ACCELERATION -> EXHAUSTION -> ACCELERATION -> WEAK_TREND -> PULLBACK -> ACCELERATION -> WEAK_TREND -> PULLBACK -> ACCELERATION -> HEALTHY_TREND -> ACCELERATION -> WEAK_TREND -> ACCELERATION -> WEAK_TREND -> EXHAUSTION -> PULLBACK -> ACCELERATION -> EXHAUSTION -> PULLBACK -> EXHAUSTION -> ACCELERATION -> EXHAUSTION -> ACCELERATION -> EXHAUSTION -> FAKE_BREAKOUT -> ACCELERATION -> PULLBACK -> EXIT,32,PULLBACK,2.3035
short_2026-06-14T000000_AIAUSDT,short,2026-06-14 00:00:00,AIAUSDT,EARLY_BREAKOUT -> REVERSAL -> EXIT,2,REVERSAL,-11.7668
long_2026-06-14T020000_ATUSDT,long,2026-06-14 02:00:00,ATUSDT,EARLY_BREAKOUT -> REVERSAL -> ACCELERATION -> EARLY_BREAKOUT -> EXHAUSTION -> ACCELERATION -> FAKE_BREAKOUT -> PULLBACK -> ACCELERATION -> EXHAUSTION -> ACCELERATION -> FAKE_BREAKOUT -> REVERSAL -> EXIT,13,REVERSAL,-6.1634
long_2026-06-14T020000_COAIUSDT,long,2026-06-14 02:00:00,COAIUSDT,EARLY_BREAKOUT -> ACCELERATION -> REVERSAL -> FAKE_BREAKOUT -> HEALTHY_TREND -> ACCELERATION -> FAKE_BREAKOUT -> ACCELERATION -> PULLBACK -> FAKE_BREAKOUT -> REVERSAL -> FAKE_BREAKOUT -> REVERSAL -> EXIT,13,REVERSAL,-22.6998
long_2026-06-14T020000_AIOUSDT,long,2026-06-14 02:00:00,AIOUSDT,EARLY_BREAKOUT -> ACCELERATION -> EXHAUSTION -> FAKE_BREAKOUT -> ACCELERATION -> EXHAUSTION -> ACCELERATION -> HEALTHY_TREND -> WEAK_TREND -> ACCELERATION -> PULLBACK -> HEALTHY_TREND -> REVERSAL -> FAKE_BREAKOUT -> REVERSAL -> FAKE_BREAKOUT -> REVERSAL -> FAKE_BREAKOUT -> ACCELERATION -> PULLBACK -> ACCELERATION -> PULLBACK -> ACCELERATION -> PULLBACK -> ACCELERATION -> PULLBACK -> ACCELERATION -> EXHAUSTION -> EXIT,28,EXHAUSTION,4.2652
long_2026-06-14T020000_MMTUSDT,long,2026-06-14 02:00:00,MMTUSDT,EARLY_BREAKOUT -> ACCELERATION -> EARLY_BREAKOUT -> ACCELERATION -> PULLBACK -> FAKE_BREAKOUT -> ACCELERATION -> HEALTHY_TREND -> FAKE_BREAKOUT -> REVERSAL -> FAKE_BREAKOUT -> REVERSAL -> FAKE_BREAKOUT -> REVERSAL -> FAKE_BREAKOUT -> REVERSAL -> FAKE_BREAKOUT -> REVERSAL -> FAKE_BREAKOUT -> REVERSAL -> EXIT,20,REVERSAL,-0.9331
long_2026-06-14T020000_BTWUSDT,long,2026-06-14 02:00:00,BTWUSDT,EARLY_BREAKOUT -> ACCELERATION -> EARLY_BREAKOUT -> ACCELERATION -> EXHAUSTION -> HEALTHY_TREND -> ACCELERATION -> PULLBACK -> ACCELERATION -> WEAK_TREND -> FAKE_BREAKOUT -> PULLBACK -> HEALTHY_TREND -> EXHAUSTION -> ACCELERATION -> HEALTHY_TREND -> WEAK_TREND -> ACCELERATION -> WEAK_TREND -> ACCELERATION -> PULLBACK -> ACCELERATION -> HEALTHY_TREND -> PULLBACK -> ACCELERATION -> PULLBACK -> ACCELERATION -> PULLBACK -> ACCELERATION -> WEAK_TREND -> ACCELERATION -> HEALTHY_TREND -> PULLBACK -> EXIT,33,PULLBACK,22.4828
short_2026-06-14T020000_HUSDT,short,2026-06-14 02:00:00,HUSDT,EARLY_BREAKOUT -> ACCELERATION -> PULLBACK -> ACCELERATION -> FAKE_BREAKOUT -> REVERSAL -> ACCELERATION -> FAKE_BREAKOUT -> REVERSAL -> EXIT,9,REVERSAL,-59.0302
short_2026-06-14T020000_OPGUSDT,short,2026-06-14 02:00:00,OPGUSDT,EARLY_BREAKOUT -> ACCELERATION -> EXHAUSTION -> ACCELERATION -> WEAK_TREND -> PULLBACK -> EXHAUSTION -> FAKE_BREAKOUT -> PULLBACK -> FAKE_BREAKOUT -> ACCELERATION -> PULLBACK -> FAKE_BREAKOUT -> REVERSAL -> FAKE_BREAKOUT -> ACCELERATION -> FAKE_BREAKOUT -> REVERSAL -> FAKE_BREAKOUT -> REVERSAL -> FAKE_BREAKOUT -> REVERSAL -> FAKE_BREAKOUT -> REVERSAL -> FAKE_BREAKOUT -> REVERSAL -> FAKE_BREAKOUT -> ACCELERATION -> EXIT,28,ACCELERATION,2.9067
short_2026-06-14T020000_LITUSDT,short,2026-06-14 02:00:00,LITUSDT,EARLY_BREAKOUT -> ACCELERATION -> HEALTHY_TREND -> ACCELERATION -> WEAK_TREND -> EXHAUSTION -> PULLBACK -> EXHAUSTION -> REVERSAL -> PULLBACK -> ACCELERATION -> EXHAUSTION -> PULLBACK -> REVERSAL -> ACCELERATION -> REVERSAL -> ACCELERATION -> PULLBACK -> EXHAUSTION -> REVERSAL -> ACCELERATION -> PULLBACK -> ACCELERATION -> EXHAUSTION -> ACCELERATION -> EXHAUSTION -> REVERSAL -> ACCELERATION -> HEALTHY_TREND -> WEAK_TREND -> ACCELERATION -> WEAK_TREND -> HEALTHY_TREND -> ACCELERATION -> HEALTHY_TREND -> WEAK_TREND -> ACCELERATION -> WEAK_TREND -> ACCELERATION -> WEAK_TREND -> EXIT,40,WEAK_TREND,2.9672
short_2026-06-14T020000_HYPEUSDT,short,2026-06-14 02:00:00,HYPEUSDT,EARLY_BREAKOUT -> WEAK_TREND -> ACCELERATION -> WEAK_TREND -> PULLBACK -> ACCELERATION -> PULLBACK -> REVERSAL -> PULLBACK -> ACCELERATION -> EXIT,10,ACCELERATION,0.1879
short_2026-06-14T020000_NEARUSDT,short,2026-06-14 02:00:00,NEARUSDT,EARLY_BREAKOUT -> WEAK_TREND -> ACCELERATION -> HEALTHY_TREND -> WEAK_TREND -> HEALTHY_TREND -> WEAK_TREND -> ACCELERATION -> WEAK_TREND -> ACCELERATION -> HEALTHY_TREND -> ACCELERATION -> HEALTHY_TREND -> WEAK_TREND -> ACCELERATION -> WEAK_TREND -> FAKE_BREAKOUT -> ACCELERATION -> EXHAUSTION -> ACCELERATION -> FAKE_BREAKOUT -> PULLBACK -> EXHAUSTION -> ACCELERATION -> EXHAUSTION -> FAKE_BREAKOUT -> REVERSAL -> FAKE_BREAKOUT -> ACCELERATION -> HEALTHY_TREND -> EXHAUSTION -> ACCELERATION -> EXIT,32,ACCELERATION,1.5821
long_2026-06-14T040000_COAIUSDT,long,2026-06-14 04:00:00,COAIUSDT,EARLY_BREAKOUT -> ACCELERATION -> FAKE_BREAKOUT -> ACCELERATION -> EXHAUSTION -> FAKE_BREAKOUT -> REVERSAL -> FAKE_BREAKOUT -> REVERSAL -> EXIT,9,REVERSAL,-25.2276
long_2026-06-14T040000_BTWUSDT,long,2026-06-14 04:00:00,BTWUSDT,EARLY_BREAKOUT -> ACCELERATION -> EARLY_BREAKOUT -> REVERSAL -> FAKE_BREAKOUT -> HEALTHY_TREND -> FAKE_BREAKOUT -> ACCELERATION -> HEALTHY_TREND -> WEAK_TREND -> ACCELERATION -> WEAK_TREND -> ACCELERATION -> FAKE_BREAKOUT -> PULLBACK -> EXHAUSTION -> ACCELERATION -> HEALTHY_TREND -> EXHAUSTION -> ACCELERATION -> PULLBACK -> ACCELERATION -> PULLBACK -> ACCELERATION -> WEAK_TREND -> ACCELERATION -> HEALTHY_TREND -> PULLBACK -> ACCELERATION -> PULLBACK -> ACCELERATION -> PULLBACK -> EXHAUSTION -> FAKE_BREAKOUT -> EXIT,34,FAKE_BREAKOUT,7.2059
long_2026-06-14T040000_ATUSDT,long,2026-06-14 04:00:00,ATUSDT,EARLY_BREAKOUT -> ACCELERATION -> PULLBACK -> ACCELERATION -> FAKE_BREAKOUT -> REVERSAL -> EXIT,6,REVERSAL,-6.9348
long_2026-06-14T040000_AIOTUSDT,long,2026-06-14 04:00:00,AIOTUSDT,EARLY_BREAKOUT -> HEALTHY_TREND -> EARLY_BREAKOUT -> ACCELERATION -> EXHAUSTION -> REVERSAL -> FAKE_BREAKOUT -> ACCELERATION -> REVERSAL -> FAKE_BREAKOUT -> REVERSAL -> FAKE_BREAKOUT -> PULLBACK -> ACCELERATION -> HEALTHY_TREND -> WEAK_TREND -> EXIT,16,WEAK_TREND,3.1017
long_2026-06-14T040000_OPGUSDT,long,2026-06-14 04:00:00,OPGUSDT,EARLY_BREAKOUT -> ACCELERATION -> EXHAUSTION -> ACCELERATION -> EXHAUSTION -> PULLBACK -> HEALTHY_TREND -> ACCELERATION -> WEAK_TREND -> FAKE_BREAKOUT -> ACCELERATION -> EXHAUSTION -> ACCELERATION -> HEALTHY_TREND -> PULLBACK -> ACCELERATION -> WEAK_TREND -> ACCELERATION -> WEAK_TREND -> HEALTHY_TREND -> ACCELERATION -> EXHAUSTION -> PULLBACK -> ACCELERATION -> WEAK_TREND -> ACCELERATION -> WEAK_TREND -> EXHAUSTION -> HEALTHY_TREND -> PULLBACK -> FAKE_BREAKOUT -> PULLBACK -> FAKE_BREAKOUT -> ACCELERATION -> PULLBACK -> EXHAUSTION -> EXIT,36,EXHAUSTION,2.0325
short_2026-06-14T040000_HUSDT,short,2026-06-14 04:00:00,HUSDT,EARLY_BREAKOUT -> ACCELERATION -> WEAK_TREND -> ACCELERATION -> FAKE_BREAKOUT -> REVERSAL -> ACCELERATION -> WEAK_TREND -> EXHAUSTION -> FAKE_BREAKOUT -> REVERSAL -> FAKE_BREAKOUT -> REVERSAL -> EXIT,13,REVERSAL,-74.1113
short_2026-06-14T040000_LIGHTUSDT,short,2026-06-14 04:00:00,LIGHTUSDT,EARLY_BREAKOUT -> ACCELERATION -> HEALTHY_TREND -> ACCELERATION -> WEAK_TREND -> HEALTHY_TREND -> WEAK_TREND -> HEALTHY_TREND -> ACCELERATION -> WEAK_TREND -> ACCELERATION -> EXHAUSTION -> HEALTHY_TREND -> WEAK_TREND -> ACCELERATION -> WEAK_TREND -> ACCELERATION -> EXHAUSTION -> PULLBACK -> ACCELERATION -> WEAK_TREND -> ACCELERATION -> WEAK_TREND -> ACCELERATION -> HEALTHY_TREND -> WEAK_TREND -> ACCELERATION -> PULLBACK -> ACCELERATION -> HEALTHY_TREND -> ACCELERATION -> WEAK_TREND -> FAKE_BREAKOUT -> HEALTHY_TREND -> PULLBACK -> ACCELERATION -> EXIT,36,ACCELERATION,4.4953
short_2026-06-14T040000_ICNTUSDT,short,2026-06-14 04:00:00,ICNTUSDT,EARLY_BREAKOUT -> ACCELERATION -> WEAK_TREND -> ACCELERATION -> HEALTHY_TREND -> ACCELERATION -> HEALTHY_TREND -> ACCELERATION -> HEALTHY_TREND -> WEAK_TREND -> ACCELERATION -> WEAK_TREND -> ACCELERATION -> WEAK_TREND -> HEALTHY_TREND -> WEAK_TREND -> ACCELERATION -> WEAK_TREND -> HEALTHY_TREND -> WEAK_TREND -> PULLBACK -> HEALTHY_TREND -> WEAK_TREND -> ACCELERATION -> HEALTHY_TREND -> WEAK_TREND -> PULLBACK -> HEALTHY_TREND -> WEAK_TREND -> PULLBACK -> ACCELERATION -> PULLBACK -> EXHAUSTION -> FAKE_BREAKOUT -> REVERSAL -> EXIT,35,REVERSAL,-0.1415
short_2026-06-14T040000_ICPUSDT,short,2026-06-14 04:00:00,ICPUSDT,EARLY_BREAKOUT -> WEAK_TREND -> ACCELERATION -> WEAK_TREND -> ACCELERATION -> HEALTHY_TREND -> WEAK_TREND -> ACCELERATION -> WEAK_TREND -> EXHAUSTION -> PULLBACK -> EXHAUSTION -> PULLBACK -> ACCELERATION -> HEALTHY_TREND -> WEAK_TREND -> ACCELERATION -> HEALTHY_TREND -> WEAK_TREND -> ACCELERATION -> HEALTHY_TREND -> WEAK_TREND -> ACCELERATION -> WEAK_TREND -> ACCELERATION -> WEAK_TREND -> ACCELERATION -> WEAK_TREND -> HEALTHY_TREND -> ACCELERATION -> WEAK_TREND -> ACCELERATION -> WEAK_TREND -> PULLBACK -> ACCELERATION -> WEAK_TREND -> ACCELERATION -> EXIT,37,ACCELERATION,7.9493
short_2026-06-14T040000_AIAUSDT,short,2026-06-14 04:00:00,AIAUSDT,EARLY_BREAKOUT -> ACCELERATION -> WEAK_TREND -> ACCELERATION -> HEALTHY_TREND -> ACCELERATION -> REVERSAL -> FAKE_BREAKOUT -> HEALTHY_TREND -> ACCELERATION -> PULLBACK -> ACCELERATION -> HEALTHY_TREND -> PULLBACK -> HEALTHY_TREND -> PULLBACK -> EXHAUSTION -> FAKE_BREAKOUT -> ACCELERATION -> EXHAUSTION -> ACCELERATION -> PULLBACK -> ACCELERATION -> HEALTHY_TREND -> ACCELERATION -> HEALTHY_TREND -> WEAK_TREND -> ACCELERATION -> HEALTHY_TREND -> WEAK_TREND -> ACCELERATION -> EXIT,31,ACCELERATION,9.3074
long_2026-06-14T060000_HUSDT,long,2026-06-14 06:00:00,HUSDT,EARLY_BREAKOUT -> ACCELERATION -> WEAK_TREND -> ACCELERATION -> PULLBACK -> EXHAUSTION -> ACCELERATION -> HEALTHY_TREND -> ACCELERATION -> PULLBACK -> ACCELERATION -> PULLBACK -> ACCELERATION -> PULLBACK -> ACCELERATION -> WEAK_TREND -> HEALTHY_TREND -> PULLBACK -> ACCELERATION -> HEALTHY_TREND -> ACCELERATION -> HEALTHY_TREND -> ACCELERATION -> HEALTHY_TREND -> ACCELERATION -> PULLBACK -> ACCELERATION -> HEALTHY_TREND -> ACCELERATION -> PULLBACK -> ACCELERATION -> HEALTHY_TREND -> PULLBACK -> ACCELERATION -> PULLBACK -> ACCELERATION -> PULLBACK -> ACCELERATION -> PULLBACK -> EXIT,39,PULLBACK,103.6375
long_2026-06-14T060000_COAIUSDT,long,2026-06-14 06:00:00,COAIUSDT,EARLY_BREAKOUT -> ACCELERATION -> PULLBACK -> REVERSAL -> EXIT,4,REVERSAL,-24.8935
long_2026-06-14T060000_AIAUSDT,long,2026-06-14 06:00:00,AIAUSDT,EARLY_BREAKOUT -> ACCELERATION -> EARLY_BREAKOUT -> FAKE_BREAKOUT -> REVERSAL -> FAKE_BREAKOUT -> ACCELERATION -> FAKE_BREAKOUT -> REVERSAL -> EXIT,9,REVERSAL,-6.0164
long_2026-06-14T060000_BTWUSDT,long,2026-06-14 06:00:00,BTWUSDT,EARLY_BREAKOUT -> REVERSAL -> EARLY_BREAKOUT -> WEAK_TREND -> ACCELERATION -> WEAK_TREND -> ACCELERATION -> REVERSAL -> PULLBACK -> REVERSAL -> ACCELERATION -> HEALTHY_TREND -> FAKE_BREAKOUT -> ACCELERATION -> PULLBACK -> ACCELERATION -> PULLBACK -> ACCELERATION -> WEAK_TREND -> ACCELERATION -> HEALTHY_TREND -> PULLBACK -> ACCELERATION -> PULLBACK -> ACCELERATION -> PULLBACK -> FAKE_BREAKOUT -> PULLBACK -> FAKE_BREAKOUT -> EXIT,29,FAKE_BREAKOUT,2.2447
long_2026-06-14T060000_BSBUSDT,long,2026-06-14 06:00:00,BSBUSDT,EARLY_BREAKOUT -> REVERSAL -> DEAD -> HEALTHY_TREND -> WEAK_TREND -> REVERSAL -> WEAK_TREND -> ACCELERATION -> HEALTHY_TREND -> WEAK_TREND -> REVERSAL -> WEAK_TREND -> REVERSAL -> ACCELERATION -> WEAK_TREND -> REVERSAL -> EXIT,16,REVERSAL,-1.6894
short_2026-06-14T060000_ATUSDT,short,2026-06-14 06:00:00,ATUSDT,EARLY_BREAKOUT -> ACCELERATION -> HEALTHY_TREND -> WEAK_TREND -> ACCELERATION -> HEALTHY_TREND -> WEAK_TREND -> ACCELERATION -> WEAK_TREND -> ACCELERATION -> WEAK_TREND -> ACCELERATION -> HEALTHY_TREND -> WEAK_TREND -> PULLBACK -> ACCELERATION -> PULLBACK -> EXHAUSTION -> PULLBACK -> ACCELERATION -> FAKE_BREAKOUT -> PULLBACK -> ACCELERATION -> EXHAUSTION -> ACCELERATION -> EXHAUSTION -> PULLBACK -> EXHAUSTION -> ACCELERATION -> EXHAUSTION -> FAKE_BREAKOUT -> EXIT,31,FAKE_BREAKOUT,1.4378
short_2026-06-14T060000_BSBUSDT,short,2026-06-14 06:00:00,BSBUSDT,EARLY_BREAKOUT -> ACCELERATION -> EXHAUSTION -> ACCELERATION -> HEALTHY_TREND -> WEAK_TREND -> ACCELERATION -> WEAK_TREND -> EXHAUSTION -> REVERSAL -> ACCELERATION -> REVERSAL -> ACCELERATION -> REVERSAL -> ACCELERATION -> PULLBACK -> EXHAUSTION -> ACCELERATION -> REVERSAL -> ACCELERATION -> EXHAUSTION -> ACCELERATION -> HEALTHY_TREND -> WEAK_TREND -> ACCELERATION -> HEALTHY_TREND -> WEAK_TREND -> ACCELERATION -> WEAK_TREND -> HEALTHY_TREND -> ACCELERATION -> WEAK_TREND -> PULLBACK -> FAKE_BREAKOUT -> PULLBACK -> EXIT,35,PULLBACK,1.6894
short_2026-06-14T060000_AIOTUSDT,short,2026-06-14 06:00:00,AIOTUSDT,EARLY_BREAKOUT -> ACCELERATION -> WEAK_TREND -> ACCELERATION -> HEALTHY_TREND -> ACCELERATION -> HEALTHY_TREND -> WEAK_TREND -> PULLBACK -> EXHAUSTION -> REVERSAL -> EXIT,11,REVERSAL,-6.5926
short_2026-06-14T060000_EDGEUSDT,short,2026-06-14 06:00:00,EDGEUSDT,EARLY_BREAKOUT -> ACCELERATION -> WEAK_TREND -> PULLBACK -> ACCELERATION -> HEALTHY_TREND -> ACCELERATION -> EXHAUSTION -> PULLBACK -> ACCELERATION -> HEALTHY_TREND -> ACCELERATION -> WEAK_TREND -> ACCELERATION -> HEALTHY_TREND -> ACCELERATION -> HEALTHY_TREND -> ACCELERATION -> PULLBACK -> ACCELERATION -> HEALTHY_TREND -> ACCELERATION -> PULLBACK -> ACCELERATION -> WEAK_TREND -> ACCELERATION -> PULLBACK -> HEALTHY_TREND -> PULLBACK -> ACCELERATION -> PULLBACK -> HEALTHY_TREND -> PULLBACK -> ACCELERATION -> PULLBACK -> ACCELERATION -> WEAK_TREND -> ACCELERATION -> WEAK_TREND -> ACCELERATION -> HEALTHY_TREND -> PULLBACK -> EXIT,42,PULLBACK,12.4801
short_2026-06-14T060000_HUSDT,short,2026-06-14 06:00:00,HUSDT,EARLY_BREAKOUT -> REVERSAL -> EXIT,2,REVERSAL,-103.6375
long_2026-06-14T080000_HUSDT,long,2026-06-14 08:00:00,HUSDT,EARLY_BREAKOUT -> ACCELERATION -> EARLY_BREAKOUT -> ACCELERATION -> PULLBACK -> ACCELERATION -> PULLBACK -> ACCELERATION -> PULLBACK -> ACCELERATION -> WEAK_TREND -> HEALTHY_TREND -> PULLBACK -> ACCELERATION -> HEALTHY_TREND -> ACCELERATION -> HEALTHY_TREND -> ACCELERATION -> HEALTHY_TREND -> ACCELERATION -> PULLBACK -> ACCELERATION -> HEALTHY_TREND -> ACCELERATION -> PULLBACK -> ACCELERATION -> HEALTHY_TREND -> PULLBACK -> ACCELERATION -> PULLBACK -> ACCELERATION -> PULLBACK -> ACCELERATION -> PULLBACK -> ACCELERATION -> PULLBACK -> ACCELERATION -> PULLBACK -> EXIT,38,PULLBACK,101.3607
long_2026-06-14T080000_PRLUSDT,long,2026-06-14 08:00:00,PRLUSDT,EARLY_BREAKOUT -> ACCELERATION -> WEAK_TREND -> ACCELERATION -> WEAK_TREND -> EXHAUSTION -> HEALTHY_TREND -> WEAK_TREND -> ACCELERATION -> WEAK_TREND -> ACCELERATION -> WEAK_TREND -> ACCELERATION -> WEAK_TREND -> ACCELERATION -> FAKE_BREAKOUT -> PULLBACK -> EXHAUSTION -> ACCELERATION -> FAKE_BREAKOUT -> ACCELERATION -> HEALTHY_TREND -> PULLBACK -> FAKE_BREAKOUT -> PULLBACK -> ACCELERATION -> WEAK_TREND -> ACCELERATION -> WEAK_TREND -> ACCELERATION -> WEAK_TREND -> ACCELERATION -> WEAK_TREND -> ACCELERATION -> EXIT,34,ACCELERATION,2.6425
long_2026-06-14T080000_AINUSDT,long,2026-06-14 08:00:00,AINUSDT,EARLY_BREAKOUT -> WEAK_TREND -> ACCELERATION -> FAKE_BREAKOUT -> PULLBACK -> HEALTHY_TREND -> WEAK_TREND -> FAKE_BREAKOUT -> PULLBACK -> HEALTHY_TREND -> ACCELERATION -> HEALTHY_TREND -> WEAK_TREND -> ACCELERATION -> HEALTHY_TREND -> ACCELERATION -> PULLBACK -> ACCELERATION -> WEAK_TREND -> ACCELERATION -> PULLBACK -> ACCELERATION -> HEALTHY_TREND -> PULLBACK -> ACCELERATION -> PULLBACK -> EXHAUSTION -> FAKE_BREAKOUT -> REVERSAL -> EXIT,29,REVERSAL,-0.668
long_2026-06-14T080000_MAGMAUSDT,long,2026-06-14 08:00:00,MAGMAUSDT,EARLY_BREAKOUT -> WEAK_TREND -> ACCELERATION -> WEAK_TREND -> ACCELERATION -> WEAK_TREND -> ACCELERATION -> WEAK_TREND -> HEALTHY_TREND -> WEAK_TREND -> HEALTHY_TREND -> EXHAUSTION -> HEALTHY_TREND -> EXHAUSTION -> HEALTHY_TREND -> ACCELERATION -> HEALTHY_TREND -> FAKE_BREAKOUT -> REVERSAL -> EXIT,19,REVERSAL,-3.1573
long_2026-06-14T080000_OPGUSDT,long,2026-06-14 08:00:00,OPGUSDT,EARLY_BREAKOUT -> ACCELERATION -> WEAK_TREND -> ACCELERATION -> WEAK_TREND -> ACCELERATION -> WEAK_TREND -> HEALTHY_TREND -> ACCELERATION -> FAKE_BREAKOUT -> PULLBACK -> ACCELERATION -> WEAK_TREND -> ACCELERATION -> WEAK_TREND -> FAKE_BREAKOUT -> HEALTHY_TREND -> EXHAUSTION -> REVERSAL -> FAKE_BREAKOUT -> REVERSAL -> FAKE_BREAKOUT -> ACCELERATION -> EXHAUSTION -> ACCELERATION -> HEALTHY_TREND -> WEAK_TREND -> ACCELERATION -> EXHAUSTION -> FAKE_BREAKOUT -> ACCELERATION -> HEALTHY_TREND -> ACCELERATION -> WEAK_TREND -> ACCELERATION -> EXIT,35,ACCELERATION,23.4589
short_2026-06-14T080000_COAIUSDT,short,2026-06-14 08:00:00,COAIUSDT,EARLY_BREAKOUT -> WEAK_TREND -> EXHAUSTION -> ACCELERATION -> PULLBACK -> ACCELERATION -> HEALTHY_TREND -> WEAK_TREND -> PULLBACK -> FAKE_BREAKOUT -> REVERSAL -> FAKE_BREAKOUT -> REVERSAL -> ACCELERATION -> FAKE_BREAKOUT -> ACCELERATION -> EXIT,16,ACCELERATION,11.4247
short_2026-06-14T080000_BTWUSDT,short,2026-06-14 08:00:00,BTWUSDT,EARLY_BREAKOUT -> ACCELERATION -> WEAK_TREND -> PULLBACK -> FAKE_BREAKOUT -> PULLBACK -> REVERSAL -> FAKE_BREAKOUT -> REVERSAL -> FAKE_BREAKOUT -> REVERSAL -> ACCELERATION -> FAKE_BREAKOUT -> REVERSAL -> EXIT,14,REVERSAL,-1.0933
short_2026-06-14T080000_BILLUSDT,short,2026-06-14 08:00:00,BILLUSDT,EARLY_BREAKOUT -> WEAK_TREND -> ACCELERATION -> HEALTHY_TREND -> WEAK_TREND -> HEALTHY_TREND -> PULLBACK -> HEALTHY_TREND -> WEAK_TREND -> HEALTHY_TREND -> ACCELERATION -> WEAK_TREND -> ACCELERATION -> WEAK_TREND -> ACCELERATION -> WEAK_TREND -> ACCELERATION -> WEAK_TREND -> ACCELERATION -> WEAK_TREND -> HEALTHY_TREND -> ACCELERATION -> HEALTHY_TREND -> WEAK_TREND -> PULLBACK -> EXHAUSTION -> PULLBACK -> EXHAUSTION -> PULLBACK -> FAKE_BREAKOUT -> REVERSAL -> EXIT,31,REVERSAL,-1.6144
short_2026-06-14T080000_CUSDT,short,2026-06-14 08:00:00,CUSDT,EARLY_BREAKOUT -> WEAK_TREND -> ACCELERATION -> HEALTHY_TREND -> WEAK_TREND -> ACCELERATION -> HEALTHY_TREND -> WEAK_TREND -> EXHAUSTION -> PULLBACK -> HEALTHY_TREND -> EXHAUSTION -> ACCELERATION -> EXHAUSTION -> PULLBACK -> EXHAUSTION -> PULLBACK -> EXHAUSTION -> REVERSAL -> PULLBACK -> ACCELERATION -> EXHAUSTION -> PULLBACK -> ACCELERATION -> WEAK_TREND -> HEALTHY_TREND -> WEAK_TREND -> ACCELERATION -> HEALTHY_TREND -> ACCELERATION -> WEAK_TREND -> ACCELERATION -> WEAK_TREND -> PULLBACK -> HEALTHY_TREND -> ACCELERATION -> HEALTHY_TREND -> WEAK_TREND -> ACCELERATION -> PULLBACK -> HEALTHY_TREND -> ACCELERATION -> EXIT,42,ACCELERATION,4.5164
short_2026-06-14T080000_KAITOUSDT,short,2026-06-14 08:00:00,KAITOUSDT,EARLY_BREAKOUT -> WEAK_TREND -> ACCELERATION -> EARLY_BREAKOUT -> ACCELERATION -> HEALTHY_TREND -> WEAK_TREND -> PULLBACK -> ACCELERATION -> WEAK_TREND -> ACCELERATION -> HEALTHY_TREND -> WEAK_TREND -> HEALTHY_TREND -> ACCELERATION -> WEAK_TREND -> PULLBACK -> ACCELERATION -> WEAK_TREND -> PULLBACK -> HEALTHY_TREND -> ACCELERATION -> WEAK_TREND -> PULLBACK -> HEALTHY_TREND -> WEAK_TREND -> ACCELERATION -> FAKE_BREAKOUT -> REVERSAL -> PULLBACK -> HEALTHY_TREND -> WEAK_TREND -> ACCELERATION -> WEAK_TREND -> ACCELERATION -> WEAK_TREND -> EXIT,36,WEAK_TREND,6.3182
long_2026-06-14T100000_HUSDT,long,2026-06-14 10:00:00,HUSDT,EARLY_BREAKOUT -> EXHAUSTION -> ACCELERATION -> WEAK_TREND -> HEALTHY_TREND -> PULLBACK -> ACCELERATION -> HEALTHY_TREND -> ACCELERATION -> HEALTHY_TREND -> ACCELERATION -> HEALTHY_TREND -> ACCELERATION -> PULLBACK -> ACCELERATION -> HEALTHY_TREND -> ACCELERATION -> PULLBACK -> ACCELERATION -> HEALTHY_TREND -> PULLBACK -> ACCELERATION -> PULLBACK -> ACCELERATION -> PULLBACK -> ACCELERATION -> PULLBACK -> ACCELERATION -> PULLBACK -> ACCELERATION -> PULLBACK -> EXHAUSTION -> PULLBACK -> FAKE_BREAKOUT -> EXIT,34,FAKE_BREAKOUT,8.244
long_2026-06-14T100000_AIAUSDT,long,2026-06-14 10:00:00,AIAUSDT,EARLY_BREAKOUT -> ACCELERATION -> HEALTHY_TREND -> ACCELERATION -> PULLBACK -> ACCELERATION -> WEAK_TREND -> PULLBACK -> FAKE_BREAKOUT -> PULLBACK -> FAKE_BREAKOUT -> ACCELERATION -> EXHAUSTION -> FAKE_BREAKOUT -> REVERSAL -> EXIT,15,REVERSAL,-2.9136
long_2026-06-14T100000_INUSDT,long,2026-06-14 10:00:00,INUSDT,EARLY_BREAKOUT -> ACCELERATION -> EARLY_BREAKOUT -> WEAK_TREND -> EXHAUSTION -> REVERSAL -> EXIT,6,REVERSAL,-4.9218
long_2026-06-14T100000_NEWTUSDT,long,2026-06-14 10:00:00,NEWTUSDT,EARLY_BREAKOUT -> PULLBACK -> ACCELERATION -> WEAK_TREND -> HEALTHY_TREND -> PULLBACK -> WEAK_TREND -> REVERSAL -> ACCELERATION -> HEALTHY_TREND -> ACCELERATION -> EXHAUSTION -> EXIT,12,EXHAUSTION,2.2151
long_2026-06-14T100000_AIOTUSDT,long,2026-06-14 10:00:00,AIOTUSDT,EARLY_BREAKOUT -> REVERSAL -> ACCELERATION -> WEAK_TREND -> ACCELERATION -> WEAK_TREND -> ACCELERATION -> WEAK_TREND -> FAKE_BREAKOUT -> ACCELERATION -> HEALTHY_TREND -> ACCELERATION -> WEAK_TREND -> ACCELERATION -> PULLBACK -> ACCELERATION -> PULLBACK -> HEALTHY_TREND -> ACCELERATION -> HEALTHY_TREND -> WEAK_TREND -> PULLBACK -> HEALTHY_TREND -> ACCELERATION -> HEALTHY_TREND -> PULLBACK -> ACCELERATION -> FAKE_BREAKOUT -> PULLBACK -> EXHAUSTION -> ACCELERATION -> PULLBACK -> EXHAUSTION -> PULLBACK -> ACCELERATION -> EXHAUSTION -> ACCELERATION -> PULLBACK -> EXHAUSTION -> EXIT,39,EXHAUSTION,6.4578
short_2026-06-14T100000_BEATUSDT,short,2026-06-14 10:00:00,BEATUSDT,EARLY_BREAKOUT -> WEAK_TREND -> ACCELERATION -> HEALTHY_TREND -> WEAK_TREND -> ACCELERATION -> PULLBACK -> ACCELERATION -> HEALTHY_TREND -> WEAK_TREND -> ACCELERATION -> WEAK_TREND -> ACCELERATION -> HEALTHY_TREND -> ACCELERATION -> HEALTHY_TREND -> EXHAUSTION -> PULLBACK -> ACCELERATION -> PULLBACK -> EXHAUSTION -> PULLBACK -> ACCELERATION -> HEALTHY_TREND -> ACCELERATION -> WEAK_TREND -> ACCELERATION -> HEALTHY_TREND -> WEAK_TREND -> ACCELERATION -> HEALTHY_TREND -> ACCELERATION -> WEAK_TREND -> PULLBACK -> ACCELERATION -> PULLBACK -> EXIT,36,PULLBACK,30.4713
short_2026-06-14T100000_BTWUSDT,short,2026-06-14 10:00:00,BTWUSDT,EARLY_BREAKOUT -> WEAK_TREND -> FAKE_BREAKOUT -> REVERSAL -> FAKE_BREAKOUT -> REVERSAL -> FAKE_BREAKOUT -> HEALTHY_TREND -> FAKE_BREAKOUT -> REVERSAL -> FAKE_BREAKOUT -> ACCELERATION -> PULLBACK -> FAKE_BREAKOUT -> REVERSAL -> FAKE_BREAKOUT -> EXIT,16,FAKE_BREAKOUT,0.9346
short_2026-06-14T100000_OPGUSDT,short,2026-06-14 10:00:00,OPGUSDT,EARLY_BREAKOUT -> WEAK_TREND -> ACCELERATION -> HEALTHY_TREND -> WEAK_TREND -> PULLBACK -> REVERSAL -> PULLBACK -> ACCELERATION -> HEALTHY_TREND -> PULLBACK -> ACCELERATION -> WEAK_TREND -> ACCELERATION -> PULLBACK -> HEALTHY_TREND -> FAKE_BREAKOUT -> PULLBACK -> FAKE_BREAKOUT -> PULLBACK -> REVERSAL -> EXIT,21,REVERSAL,-15.1701
short_2026-06-14T100000_GUAUSDT,short,2026-06-14 10:00:00,GUAUSDT,EARLY_BREAKOUT -> ACCELERATION -> WEAK_TREND -> HEALTHY_TREND -> PULLBACK -> REVERSAL -> PULLBACK -> REVERSAL -> ACCELERATION -> HEALTHY_TREND -> ACCELERATION -> PULLBACK -> WEAK_TREND -> HEALTHY_TREND -> ACCELERATION -> HEALTHY_TREND -> WEAK_TREND -> ACCELERATION -> HEALTHY_TREND -> WEAK_TREND -> ACCELERATION -> WEAK_TREND -> ACCELERATION -> WEAK_TREND -> HEALTHY_TREND -> EXHAUSTION -> PULLBACK -> REVERSAL -> PULLBACK -> EXHAUSTION -> ACCELERATION -> HEALTHY_TREND -> WEAK_TREND -> ACCELERATION -> WEAK_TREND -> ACCELERATION -> WEAK_TREND -> HEALTHY_TREND -> WEAK_TREND -> EXIT,39,WEAK_TREND,1.9662
short_2026-06-14T100000_ENSOUSDT,short,2026-06-14 10:00:00,ENSOUSDT,EARLY_BREAKOUT -> WEAK_TREND -> DEAD -> ACCELERATION -> HEALTHY_TREND -> WEAK_TREND -> REVERSAL -> ACCELERATION -> HEALTHY_TREND -> WEAK_TREND -> HEALTHY_TREND -> WEAK_TREND -> ACCELERATION -> WEAK_TREND -> ACCELERATION -> WEAK_TREND -> HEALTHY_TREND -> ACCELERATION -> WEAK_TREND -> ACCELERATION -> WEAK_TREND -> HEALTHY_TREND -> WEAK_TREND -> ACCELERATION -> WEAK_TREND -> ACCELERATION -> WEAK_TREND -> ACCELERATION -> WEAK_TREND -> HEALTHY_TREND -> ACCELERATION -> WEAK_TREND -> EXIT,32,WEAK_TREND,2.4462
long_2026-06-14T120000_HUSDT,long,2026-06-14 12:00:00,HUSDT,EARLY_BREAKOUT -> ACCELERATION -> EARLY_BREAKOUT -> ACCELERATION -> HEALTHY_TREND -> ACCELERATION -> PULLBACK -> ACCELERATION -> HEALTHY_TREND -> ACCELERATION -> PULLBACK -> ACCELERATION -> HEALTHY_TREND -> PULLBACK -> ACCELERATION -> PULLBACK -> ACCELERATION -> PULLBACK -> ACCELERATION -> PULLBACK -> ACCELERATION -> PULLBACK -> ACCELERATION -> PULLBACK -> EXHAUSTION -> FAKE_BREAKOUT -> PULLBACK -> FAKE_BREAKOUT -> REVERSAL -> FAKE_BREAKOUT -> EXIT,30,FAKE_BREAKOUT,10.0787
long_2026-06-14T120000_BTWUSDT,long,2026-06-14 12:00:00,BTWUSDT,EARLY_BREAKOUT -> ACCELERATION -> EARLY_BREAKOUT -> HEALTHY_TREND -> PULLBACK -> ACCELERATION -> PULLBACK -> ACCELERATION -> PULLBACK -> EXHAUSTION -> FAKE_BREAKOUT -> REVERSAL -> FAKE_BREAKOUT -> REVERSAL -> FAKE_BREAKOUT -> REVERSAL -> FAKE_BREAKOUT -> REVERSAL -> FAKE_BREAKOUT -> REVERSAL -> FAKE_BREAKOUT -> REVERSAL -> FAKE_BREAKOUT -> REVERSAL -> FAKE_BREAKOUT -> EXIT,25,FAKE_BREAKOUT,3.2147
long_2026-06-14T120000_AINUSDT,long,2026-06-14 12:00:00,AINUSDT,EARLY_BREAKOUT -> FAKE_BREAKOUT -> ACCELERATION -> WEAK_TREND -> ACCELERATION -> PULLBACK -> ACCELERATION -> HEALTHY_TREND -> PULLBACK -> ACCELERATION -> EXHAUSTION -> PULLBACK -> EXHAUSTION -> PULLBACK -> FAKE_BREAKOUT -> REVERSAL -> EXIT,16,REVERSAL,-14.5278
long_2026-06-14T120000_GIGGLEUSDT,long,2026-06-14 12:00:00,GIGGLEUSDT,EARLY_BREAKOUT -> ACCELERATION -> WEAK_TREND -> EXHAUSTION -> PULLBACK -> EXHAUSTION -> PULLBACK -> EXHAUSTION -> PULLBACK -> ACCELERATION -> EXHAUSTION -> ACCELERATION -> EXHAUSTION -> ACCELERATION -> HEALTHY_TREND -> EXHAUSTION -> FAKE_BREAKOUT -> ACCELERATION -> EXHAUSTION -> ACCELERATION -> HEALTHY_TREND -> WEAK_TREND -> PULLBACK -> HEALTHY_TREND -> PULLBACK -> FAKE_BREAKOUT -> REVERSAL -> EXIT,27,REVERSAL,-1.071
long_2026-06-14T120000_ENSOUSDT,long,2026-06-14 12:00:00,ENSOUSDT,EARLY_BREAKOUT -> ACCELERATION -> WEAK_TREND -> ACCELERATION -> HEALTHY_TREND -> WEAK_TREND -> ACCELERATION -> EXHAUSTION -> REVERSAL -> PULLBACK -> EXHAUSTION -> PULLBACK -> ACCELERATION -> EXHAUSTION -> PULLBACK -> REVERSAL -> PULLBACK -> REVERSAL -> ACCELERATION -> REVERSAL -> ACCELERATION -> PULLBACK -> REVERSAL -> ACCELERATION -> EXHAUSTION -> REVERSAL -> EXIT,26,REVERSAL,-2.894
short_2026-06-14T120000_CLOUSDT,short,2026-06-14 12:00:00,CLOUSDT,EARLY_BREAKOUT -> FAKE_BREAKOUT -> REVERSAL -> ACCELERATION -> REVERSAL -> EXIT,5,REVERSAL,-3.2354
short_2026-06-14T120000_B2USDT,short,2026-06-14 12:00:00,B2USDT,EARLY_BREAKOUT -> WEAK_TREND -> ACCELERATION -> WEAK_TREND -> REVERSAL -> PULLBACK -> ACCELERATION -> PULLBACK -> REVERSAL -> PULLBACK -> REVERSAL -> ACCELERATION -> PULLBACK -> HEALTHY_TREND -> ACCELERATION -> WEAK_TREND -> ACCELERATION -> PULLBACK -> ACCELERATION -> HEALTHY_TREND -> WEAK_TREND -> PULLBACK -> WEAK_TREND -> PULLBACK -> ACCELERATION -> PULLBACK -> ACCELERATION -> WEAK_TREND -> ACCELERATION -> WEAK_TREND -> EXIT,30,WEAK_TREND,1.0092
short_2026-06-14T120000_BILLUSDT,short,2026-06-14 12:00:00,BILLUSDT,EARLY_BREAKOUT -> WEAK_TREND -> ACCELERATION -> WEAK_TREND -> ACCELERATION -> WEAK_TREND -> HEALTHY_TREND -> ACCELERATION -> HEALTHY_TREND -> WEAK_TREND -> EXHAUSTION -> PULLBACK -> REVERSAL -> EXIT,13,REVERSAL,-2.0787
short_2026-06-14T120000_BRUSDT,short,2026-06-14 12:00:00,BRUSDT,EARLY_BREAKOUT -> ACCELERATION -> EARLY_BREAKOUT -> ACCELERATION -> HEALTHY_TREND -> EXHAUSTION -> HEALTHY_TREND -> ACCELERATION -> WEAK_TREND -> ACCELERATION -> WEAK_TREND -> ACCELERATION -> WEAK_TREND -> ACCELERATION -> WEAK_TREND -> HEALTHY_TREND -> ACCELERATION -> HEALTHY_TREND -> WEAK_TREND -> ACCELERATION -> WEAK_TREND -> PULLBACK -> EXHAUSTION -> PULLBACK -> ACCELERATION -> PULLBACK -> ACCELERATION -> HEALTHY_TREND -> WEAK_TREND -> ACCELERATION -> WEAK_TREND -> ACCELERATION -> EXIT,32,ACCELERATION,5.603
short_2026-06-14T120000_ALLOUSDT,short,2026-06-14 12:00:00,ALLOUSDT,EARLY_BREAKOUT -> ACCELERATION -> HEALTHY_TREND -> EARLY_BREAKOUT -> ACCELERATION -> HEALTHY_TREND -> WEAK_TREND -> ACCELERATION -> WEAK_TREND -> ACCELERATION -> WEAK_TREND -> ACCELERATION -> WEAK_TREND -> ACCELERATION -> WEAK_TREND -> PULLBACK -> EXHAUSTION -> PULLBACK -> EXHAUSTION -> PULLBACK -> EXHAUSTION -> FAKE_BREAKOUT -> REVERSAL -> FAKE_BREAKOUT -> REVERSAL -> FAKE_BREAKOUT -> REVERSAL -> FAKE_BREAKOUT -> REVERSAL -> FAKE_BREAKOUT -> EXIT,30,FAKE_BREAKOUT,1.4233
long_2026-06-14T140000_HUSDT,long,2026-06-14 14:00:00,HUSDT,EARLY_BREAKOUT -> ACCELERATION -> EARLY_BREAKOUT -> ACCELERATION -> PULLBACK -> ACCELERATION -> HEALTHY_TREND -> PULLBACK -> ACCELERATION -> PULLBACK -> ACCELERATION -> PULLBACK -> ACCELERATION -> PULLBACK -> ACCELERATION -> PULLBACK -> ACCELERATION -> PULLBACK -> EXHAUSTION -> FAKE_BREAKOUT -> REVERSAL -> FAKE_BREAKOUT -> REVERSAL -> EXIT,23,REVERSAL,-8.2895
long_2026-06-14T140000_CLOUSDT,long,2026-06-14 14:00:00,CLOUSDT,EARLY_BREAKOUT -> ACCELERATION -> PULLBACK -> ACCELERATION -> HEALTHY_TREND -> FAKE_BREAKOUT -> PULLBACK -> HEALTHY_TREND -> PULLBACK -> ACCELERATION -> PULLBACK -> ACCELERATION -> HEALTHY_TREND -> PULLBACK -> ACCELERATION -> PULLBACK -> HEALTHY_TREND -> ACCELERATION -> EXHAUSTION -> ACCELERATION -> PULLBACK -> ACCELERATION -> PULLBACK -> REVERSAL -> FAKE_BREAKOUT -> REVERSAL -> FAKE_BREAKOUT -> REVERSAL -> FAKE_BREAKOUT -> REVERSAL -> FAKE_BREAKOUT -> ACCELERATION -> PULLBACK -> EXIT,33,PULLBACK,6.5272
long_2026-06-14T140000_JELLYJELLYUSDT,long,2026-06-14 14:00:00,JELLYJELLYUSDT,EARLY_BREAKOUT -> ACCELERATION -> EARLY_BREAKOUT -> ACCELERATION -> HEALTHY_TREND -> WEAK_TREND -> ACCELERATION -> HEALTHY_TREND -> WEAK_TREND -> ACCELERATION -> HEALTHY_TREND -> ACCELERATION -> HEALTHY_TREND -> ACCELERATION -> HEALTHY_TREND -> PULLBACK -> EXHAUSTION -> PULLBACK -> ACCELERATION -> PULLBACK -> ACCELERATION -> WEAK_TREND -> ACCELERATION -> PULLBACK -> ACCELERATION -> PULLBACK -> ACCELERATION -> PULLBACK -> ACCELERATION -> PULLBACK -> EXIT,30,PULLBACK,26.0839
long_2026-06-14T140000_AINUSDT,long,2026-06-14 14:00:00,AINUSDT,EARLY_BREAKOUT -> ACCELERATION -> FAKE_BREAKOUT -> ACCELERATION -> REVERSAL -> EXIT,5,REVERSAL,-24.2061
long_2026-06-14T140000_LAUSDT,long,2026-06-14 14:00:00,LAUSDT,EARLY_BREAKOUT -> ACCELERATION -> HEALTHY_TREND -> ACCELERATION -> WEAK_TREND -> HEALTHY_TREND -> WEAK_TREND -> EXHAUSTION -> HEALTHY_TREND -> WEAK_TREND -> FAKE_BREAKOUT -> REVERSAL -> ACCELERATION -> WEAK_TREND -> ACCELERATION -> EXHAUSTION -> PULLBACK -> FAKE_BREAKOUT -> HEALTHY_TREND -> EXHAUSTION -> PULLBACK -> EXHAUSTION -> ACCELERATION -> EXHAUSTION -> FAKE_BREAKOUT -> ACCELERATION -> PULLBACK -> EXHAUSTION -> ACCELERATION -> EXIT,29,ACCELERATION,2.2281
short_2026-06-14T140000_ARCUSDT,short,2026-06-14 14:00:00,ARCUSDT,EARLY_BREAKOUT -> ACCELERATION -> WEAK_TREND -> ACCELERATION -> HEALTHY_TREND -> EXHAUSTION -> PULLBACK -> EXHAUSTION -> PULLBACK -> ACCELERATION -> EXHAUSTION -> PULLBACK -> ACCELERATION -> PULLBACK -> EXHAUSTION -> PULLBACK -> ACCELERATION -> PULLBACK -> ACCELERATION -> PULLBACK -> ACCELERATION -> PULLBACK -> ACCELERATION -> HEALTHY_TREND -> WEAK_TREND -> ACCELERATION -> HEALTHY_TREND -> WEAK_TREND -> HEALTHY_TREND -> ACCELERATION -> WEAK_TREND -> ACCELERATION -> WEAK_TREND -> ACCELERATION -> WEAK_TREND -> ACCELERATION -> EXIT,36,ACCELERATION,8.2274
short_2026-06-14T140000_AIOUSDT,short,2026-06-14 14:00:00,AIOUSDT,EARLY_BREAKOUT -> WEAK_TREND -> ACCELERATION -> WEAK_TREND -> HEALTHY_TREND -> PULLBACK -> EXHAUSTION -> FAKE_BREAKOUT -> ACCELERATION -> PULLBACK -> FAKE_BREAKOUT -> PULLBACK -> ACCELERATION -> PULLBACK -> ACCELERATION -> HEALTHY_TREND -> WEAK_TREND -> PULLBACK -> ACCELERATION -> HEALTHY_TREND -> WEAK_TREND -> ACCELERATION -> WEAK_TREND -> ACCELERATION -> WEAK_TREND -> HEALTHY_TREND -> PULLBACK -> HEALTHY_TREND -> ACCELERATION -> WEAK_TREND -> ACCELERATION -> PULLBACK -> ACCELERATION -> HEALTHY_TREND -> PULLBACK -> ACCELERATION -> HEALTHY_TREND -> PULLBACK -> ACCELERATION -> PULLBACK -> EXIT,40,PULLBACK,20.1231
short_2026-06-14T140000_DEXEUSDT,short,2026-06-14 14:00:00,DEXEUSDT,EARLY_BREAKOUT -> ACCELERATION -> EARLY_BREAKOUT -> REVERSAL -> PULLBACK -> REVERSAL -> PULLBACK -> HEALTHY_TREND -> EXHAUSTION -> PULLBACK -> HEALTHY_TREND -> ACCELERATION -> EXHAUSTION -> PULLBACK -> EXHAUSTION -> PULLBACK -> REVERSAL -> ACCELERATION -> EXHAUSTION -> REVERSAL -> ACCELERATION -> REVERSAL -> ACCELERATION -> PULLBACK -> REVERSAL -> ACCELERATION -> EXHAUSTION -> ACCELERATION -> PULLBACK -> EXHAUSTION -> ACCELERATION -> EXHAUSTION -> REVERSAL -> ACCELERATION -> PULLBACK -> EXIT,35,PULLBACK,0.5568
short_2026-06-14T140000_OPGUSDT,short,2026-06-14 14:00:00,OPGUSDT,EARLY_BREAKOUT -> WEAK_TREND -> ACCELERATION -> EXHAUSTION -> HEALTHY_TREND -> FAKE_BREAKOUT -> REVERSAL -> FAKE_BREAKOUT -> REVERSAL -> FAKE_BREAKOUT -> REVERSAL -> EXIT,11,REVERSAL,-18.7852
short_2026-06-14T140000_AIOTUSDT,short,2026-06-14 14:00:00,AIOTUSDT,EARLY_BREAKOUT -> PULLBACK -> ACCELERATION -> PULLBACK -> REVERSAL -> FAKE_BREAKOUT -> REVERSAL -> ACCELERATION -> FAKE_BREAKOUT -> REVERSAL -> FAKE_BREAKOUT -> REVERSAL -> FAKE_BREAKOUT -> REVERSAL -> FAKE_BREAKOUT -> REVERSAL -> FAKE_BREAKOUT -> EXIT,17,FAKE_BREAKOUT,-1.0414
long_2026-06-14T160000_JELLYJELLYUSDT,long,2026-06-14 16:00:00,JELLYJELLYUSDT,EARLY_BREAKOUT -> ACCELERATION -> EARLY_BREAKOUT -> ACCELERATION -> HEALTHY_TREND -> ACCELERATION -> HEALTHY_TREND -> ACCELERATION -> HEALTHY_TREND -> EXHAUSTION -> FAKE_BREAKOUT -> PULLBACK -> EXHAUSTION -> ACCELERATION -> PULLBACK -> ACCELERATION -> WEAK_TREND -> ACCELERATION -> PULLBACK -> ACCELERATION -> PULLBACK -> ACCELERATION -> PULLBACK -> ACCELERATION -> PULLBACK -> ACCELERATION -> PULLBACK -> ACCELERATION -> PULLBACK -> ACCELERATION -> PULLBACK -> EXIT,31,PULLBACK,16.7911
long_2026-06-14T160000_HUSDT,long,2026-06-14 16:00:00,HUSDT,EARLY_BREAKOUT -> ACCELERATION -> EXHAUSTION -> ACCELERATION -> PULLBACK -> ACCELERATION -> WEAK_TREND -> PULLBACK -> ACCELERATION -> PULLBACK -> ACCELERATION -> PULLBACK -> REVERSAL -> EXIT,13,REVERSAL,-24.6089
long_2026-06-14T160000_ARCUSDT,long,2026-06-14 16:00:00,ARCUSDT,EARLY_BREAKOUT -> WEAK_TREND -> ACCELERATION -> WEAK_TREND -> ACCELERATION -> WEAK_TREND -> HEALTHY_TREND -> WEAK_TREND -> ACCELERATION -> WEAK_TREND -> HEALTHY_TREND -> WEAK_TREND -> ACCELERATION -> WEAK_TREND -> HEALTHY_TREND -> PULLBACK -> FAKE_BREAKOUT -> REVERSAL -> FAKE_BREAKOUT -> REVERSAL -> EXIT,20,REVERSAL,-2.5855
long_2026-06-14T160000_OPENUSDT,long,2026-06-14 16:00:00,OPENUSDT,EARLY_BREAKOUT -> ACCELERATION -> EARLY_BREAKOUT -> ACCELERATION -> WEAK_TREND -> ACCELERATION -> WEAK_TREND -> ACCELERATION -> HEALTHY_TREND -> WEAK_TREND -> HEALTHY_TREND -> WEAK_TREND -> HEALTHY_TREND -> FAKE_BREAKOUT -> REVERSAL -> EXIT,15,REVERSAL,-3.2879
long_2026-06-14T160000_BIRBUSDT,long,2026-06-14 16:00:00,BIRBUSDT,EARLY_BREAKOUT -> WEAK_TREND -> ACCELERATION -> WEAK_TREND -> REVERSAL -> EXIT,5,REVERSAL,-3.5723
short_2026-06-14T160000_FFUSDT,short,2026-06-14 16:00:00,FFUSDT,EARLY_BREAKOUT -> WEAK_TREND -> ACCELERATION -> HEALTHY_TREND -> ACCELERATION -> WEAK_TREND -> ACCELERATION -> WEAK_TREND -> HEALTHY_TREND -> WEAK_TREND -> ACCELERATION -> WEAK_TREND -> ACCELERATION -> WEAK_TREND -> HEALTHY_TREND -> WEAK_TREND -> ACCELERATION -> PULLBACK -> HEALTHY_TREND -> WEAK_TREND -> ACCELERATION -> HEALTHY_TREND -> WEAK_TREND -> ACCELERATION -> HEALTHY_TREND -> ACCELERATION -> WEAK_TREND -> ACCELERATION -> WEAK_TREND -> PULLBACK -> HEALTHY_TREND -> WEAK_TREND -> ACCELERATION -> WEAK_TREND -> ACCELERATION -> HEALTHY_TREND -> PULLBACK -> ACCELERATION -> HEALTHY_TREND -> WEAK_TREND -> ACCELERATION -> PULLBACK -> EXIT,42,PULLBACK,9.1616
short_2026-06-14T160000_AKTUSDT,short,2026-06-14 16:00:00,AKTUSDT,EARLY_BREAKOUT -> ACCELERATION -> HEALTHY_TREND -> WEAK_TREND -> ACCELERATION -> WEAK_TREND -> ACCELERATION -> WEAK_TREND -> PULLBACK -> HEALTHY_TREND -> ACCELERATION -> WEAK_TREND -> PULLBACK -> HEALTHY_TREND -> EXHAUSTION -> ACCELERATION -> HEALTHY_TREND -> WEAK_TREND -> HEALTHY_TREND -> PULLBACK -> ACCELERATION -> PULLBACK -> EXHAUSTION -> PULLBACK -> FAKE_BREAKOUT -> REVERSAL -> EXIT,26,REVERSAL,-0.1978
short_2026-06-14T160000_MMTUSDT,short,2026-06-14 16:00:00,MMTUSDT,EARLY_BREAKOUT -> ACCELERATION -> HEALTHY_TREND -> ACCELERATION -> WEAK_TREND -> ACCELERATION -> PULLBACK -> ACCELERATION -> WEAK_TREND -> HEALTHY_TREND -> ACCELERATION -> WEAK_TREND -> ACCELERATION -> HEALTHY_TREND -> ACCELERATION -> WEAK_TREND -> PULLBACK -> FAKE_BREAKOUT -> PULLBACK -> EXHAUSTION -> PULLBACK -> HEALTHY_TREND -> ACCELERATION -> HEALTHY_TREND -> WEAK_TREND -> PULLBACK -> EXHAUSTION -> PULLBACK -> ACCELERATION -> PULLBACK -> ACCELERATION -> PULLBACK -> EXIT,32,PULLBACK,5.8166
short_2026-06-14T160000_FOLKSUSDT,short,2026-06-14 16:00:00,FOLKSUSDT,EARLY_BREAKOUT -> WEAK_TREND -> ACCELERATION -> PULLBACK -> EXHAUSTION -> PULLBACK -> ACCELERATION -> PULLBACK -> ACCELERATION -> WEAK_TREND -> ACCELERATION -> HEALTHY_TREND -> ACCELERATION -> HEALTHY_TREND -> ACCELERATION -> WEAK_TREND -> ACCELERATION -> WEAK_TREND -> EXHAUSTION -> PULLBACK -> ACCELERATION -> PULLBACK -> EXHAUSTION -> PULLBACK -> FAKE_BREAKOUT -> ACCELERATION -> EXHAUSTION -> ACCELERATION -> PULLBACK -> EXHAUSTION -> PULLBACK -> ACCELERATION -> PULLBACK -> ACCELERATION -> PULLBACK -> EXIT,35,PULLBACK,6.5826
short_2026-06-14T160000_AINUSDT,short,2026-06-14 16:00:00,AINUSDT,EARLY_BREAKOUT -> ACCELERATION -> WEAK_TREND -> ACCELERATION -> HEALTHY_TREND -> PULLBACK -> ACCELERATION -> PULLBACK -> ACCELERATION -> PULLBACK -> ACCELERATION -> HEALTHY_TREND -> ACCELERATION -> WEAK_TREND -> ACCELERATION -> WEAK_TREND -> ACCELERATION -> WEAK_TREND -> PULLBACK -> ACCELERATION -> PULLBACK -> ACCELERATION -> WEAK_TREND -> PULLBACK -> ACCELERATION -> HEALTHY_TREND -> WEAK_TREND -> PULLBACK -> HEALTHY_TREND -> ACCELERATION -> HEALTHY_TREND -> WEAK_TREND -> ACCELERATION -> HEALTHY_TREND -> WEAK_TREND -> ACCELERATION -> EXIT,36,ACCELERATION,25.3777
long_2026-06-14T180000_OPGUSDT,long,2026-06-14 18:00:00,OPGUSDT,EARLY_BREAKOUT -> REVERSAL -> ACCELERATION -> HEALTHY_TREND -> ACCELERATION -> WEAK_TREND -> ACCELERATION -> WEAK_TREND -> PULLBACK -> ACCELERATION -> PULLBACK -> ACCELERATION -> PULLBACK -> ACCELERATION -> PULLBACK -> ACCELERATION -> PULLBACK -> ACCELERATION -> HEALTHY_TREND -> PULLBACK -> ACCELERATION -> PULLBACK -> ACCELERATION -> HEALTHY_TREND -> PULLBACK -> ACCELERATION -> HEALTHY_TREND -> ACCELERATION -> EXIT,28,ACCELERATION,31.1384
long_2026-06-14T180000_ONUSDT,long,2026-06-14 18:00:00,ONUSDT,EARLY_BREAKOUT -> ACCELERATION -> PULLBACK -> ACCELERATION -> PULLBACK -> FAKE_BREAKOUT -> PULLBACK -> FAKE_BREAKOUT -> ACCELERATION -> PULLBACK -> ACCELERATION -> EXHAUSTION -> ACCELERATION -> HEALTHY_TREND -> ACCELERATION -> WEAK_TREND -> PULLBACK -> EXHAUSTION -> FAKE_BREAKOUT -> PULLBACK -> FAKE_BREAKOUT -> REVERSAL -> FAKE_BREAKOUT -> REVERSAL -> FAKE_BREAKOUT -> EXIT,25,FAKE_BREAKOUT,1.2771
long_2026-06-14T180000_EVAAUSDT,long,2026-06-14 18:00:00,EVAAUSDT,EARLY_BREAKOUT -> ACCELERATION -> EARLY_BREAKOUT -> WEAK_TREND -> ACCELERATION -> WEAK_TREND -> PULLBACK -> ACCELERATION -> HEALTHY_TREND -> PULLBACK -> ACCELERATION -> PULLBACK -> HEALTHY_TREND -> PULLBACK -> ACCELERATION -> PULLBACK -> ACCELERATION -> HEALTHY_TREND -> ACCELERATION -> HEALTHY_TREND -> ACCELERATION -> HEALTHY_TREND -> ACCELERATION -> HEALTHY_TREND -> ACCELERATION -> HEALTHY_TREND -> PULLBACK -> HEALTHY_TREND -> ACCELERATION -> PULLBACK -> ACCELERATION -> HEALTHY_TREND -> PULLBACK -> ACCELERATION -> PULLBACK -> EXIT,35,PULLBACK,65.5631
long_2026-06-14T180000_BILLUSDT,long,2026-06-14 18:00:00,BILLUSDT,EARLY_BREAKOUT -> WEAK_TREND -> ACCELERATION -> WEAK_TREND -> ACCELERATION -> HEALTHY_TREND -> ACCELERATION -> EXHAUSTION -> REVERSAL -> FAKE_BREAKOUT -> PULLBACK -> FAKE_BREAKOUT -> ACCELERATION -> EXHAUSTION -> FAKE_BREAKOUT -> REVERSAL -> FAKE_BREAKOUT -> PULLBACK -> REVERSAL -> FAKE_BREAKOUT -> REVERSAL -> EXIT,21,REVERSAL,-2.6866
long_2026-06-14T180000_ASRUSDT,long,2026-06-14 18:00:00,ASRUSDT,EARLY_BREAKOUT -> ACCELERATION -> WEAK_TREND -> ACCELERATION -> REVERSAL -> ACCELERATION -> FAKE_BREAKOUT -> PULLBACK -> ACCELERATION -> FAKE_BREAKOUT -> ACCELERATION -> HEALTHY_TREND -> WEAK_TREND -> ACCELERATION -> FAKE_BREAKOUT -> REVERSAL -> EXIT,16,REVERSAL,-2.1958
short_2026-06-14T180000_COAIUSDT,short,2026-06-14 18:00:00,COAIUSDT,EARLY_BREAKOUT -> ACCELERATION -> EARLY_BREAKOUT -> ACCELERATION -> WEAK_TREND -> ACCELERATION -> PULLBACK -> HEALTHY_TREND -> ACCELERATION -> PULLBACK -> ACCELERATION -> PULLBACK -> ACCELERATION -> PULLBACK -> ACCELERATION -> WEAK_TREND -> ACCELERATION -> WEAK_TREND -> PULLBACK -> ACCELERATION -> PULLBACK -> ACCELERATION -> WEAK_TREND -> ACCELERATION -> WEAK_TREND -> PULLBACK -> HEALTHY_TREND -> WEAK_TREND -> ACCELERATION -> WEAK_TREND -> ACCELERATION -> PULLBACK -> ACCELERATION -> WEAK_TREND -> PULLBACK -> ACCELERATION -> EXIT,36,ACCELERATION,22.7116
short_2026-06-14T180000_AIOTUSDT,short,2026-06-14 18:00:00,AIOTUSDT,EARLY_BREAKOUT -> PULLBACK -> REVERSAL -> FAKE_BREAKOUT -> PULLBACK -> FAKE_BREAKOUT -> ACCELERATION -> PULLBACK -> FAKE_BREAKOUT -> ACCELERATION -> PULLBACK -> FAKE_BREAKOUT -> ACCELERATION -> EXHAUSTION -> FAKE_BREAKOUT -> ACCELERATION -> PULLBACK -> ACCELERATION -> PULLBACK -> ACCELERATION -> HEALTHY_TREND -> ACCELERATION -> WEAK_TREND -> ACCELERATION -> WEAK_TREND -> ACCELERATION -> HEALTHY_TREND -> ACCELERATION -> WEAK_TREND -> PULLBACK -> ACCELERATION -> WEAK_TREND -> EXIT,32,WEAK_TREND,15.8568
short_2026-06-14T180000_JELLYJELLYUSDT,short,2026-06-14 18:00:00,JELLYJELLYUSDT,EARLY_BREAKOUT -> REVERSAL -> ACCELERATION -> EARLY_BREAKOUT -> EXHAUSTION -> FAKE_BREAKOUT -> REVERSAL -> EXIT,7,REVERSAL,-8.5007
short_2026-06-14T180000_LAUSDT,short,2026-06-14 18:00:00,LAUSDT,EARLY_BREAKOUT -> ACCELERATION -> HEALTHY_TREND -> ACCELERATION -> WEAK_TREND -> ACCELERATION -> WEAK_TREND -> HEALTHY_TREND -> WEAK_TREND -> ACCELERATION -> WEAK_TREND -> PULLBACK -> REVERSAL -> FAKE_BREAKOUT -> ACCELERATION -> FAKE_BREAKOUT -> ACCELERATION -> PULLBACK -> EXHAUSTION -> FAKE_BREAKOUT -> ACCELERATION -> FAKE_BREAKOUT -> ACCELERATION -> EXHAUSTION -> REVERSAL -> FAKE_BREAKOUT -> ACCELERATION -> EXHAUSTION -> ACCELERATION -> PULLBACK -> ACCELERATION -> EXIT,31,ACCELERATION,2.7649
short_2026-06-14T180000_AIOUSDT,short,2026-06-14 18:00:00,AIOUSDT,EARLY_BREAKOUT -> ACCELERATION -> PULLBACK -> ACCELERATION -> HEALTHY_TREND -> WEAK_TREND -> PULLBACK -> ACCELERATION -> HEALTHY_TREND -> WEAK_TREND -> ACCELERATION -> WEAK_TREND -> ACCELERATION -> WEAK_TREND -> HEALTHY_TREND -> PULLBACK -> HEALTHY_TREND -> ACCELERATION -> WEAK_TREND -> ACCELERATION -> PULLBACK -> ACCELERATION -> HEALTHY_TREND -> PULLBACK -> ACCELERATION -> HEALTHY_TREND -> PULLBACK -> ACCELERATION -> PULLBACK -> HEALTHY_TREND -> PULLBACK -> HEALTHY_TREND -> WEAK_TREND -> PULLBACK -> ACCELERATION -> HEALTHY_TREND -> WEAK_TREND -> ACCELERATION -> WEAK_TREND -> EXIT,39,WEAK_TREND,19.5369
long_2026-06-14T200000_OPGUSDT,long,2026-06-14 20:00:00,OPGUSDT,EARLY_BREAKOUT -> PULLBACK -> FAKE_BREAKOUT -> ACCELERATION -> PULLBACK -> ACCELERATION -> FAKE_BREAKOUT -> ACCELERATION -> EXHAUSTION -> ACCELERATION -> PULLBACK -> ACCELERATION -> HEALTHY_TREND -> EXHAUSTION -> FAKE_BREAKOUT -> PULLBACK -> FAKE_BREAKOUT -> ACCELERATION -> PULLBACK -> ACCELERATION -> HEALTHY_TREND -> WEAK_TREND -> PULLBACK -> ACCELERATION -> HEALTHY_TREND -> ACCELERATION -> HEALTHY_TREND -> PULLBACK -> ACCELERATION -> HEALTHY_TREND -> PULLBACK -> ACCELERATION -> EXIT,32,ACCELERATION,57.0029
long_2026-06-14T200000_EVAAUSDT,long,2026-06-14 20:00:00,EVAAUSDT,EARLY_BREAKOUT -> ACCELERATION -> EARLY_BREAKOUT -> PULLBACK -> ACCELERATION -> PULLBACK -> HEALTHY_TREND -> PULLBACK -> FAKE_BREAKOUT -> ACCELERATION -> PULLBACK -> ACCELERATION -> HEALTHY_TREND -> ACCELERATION -> HEALTHY_TREND -> ACCELERATION -> HEALTHY_TREND -> ACCELERATION -> HEALTHY_TREND -> ACCELERATION -> HEALTHY_TREND -> PULLBACK -> HEALTHY_TREND -> ACCELERATION -> PULLBACK -> ACCELERATION -> HEALTHY_TREND -> PULLBACK -> ACCELERATION -> PULLBACK -> ACCELERATION -> PULLBACK -> EXHAUSTION -> PULLBACK -> EXHAUSTION -> EXIT,35,EXHAUSTION,42.1135
long_2026-06-14T200000_MIRAUSDT,long,2026-06-14 20:00:00,MIRAUSDT,EARLY_BREAKOUT -> ACCELERATION -> HEALTHY_TREND -> ACCELERATION -> HEALTHY_TREND -> PULLBACK -> EXHAUSTION -> FAKE_BREAKOUT -> EXIT,8,FAKE_BREAKOUT,1.0026
long_2026-06-14T200000_INUSDT,long,2026-06-14 20:00:00,INUSDT,EARLY_BREAKOUT -> WEAK_TREND -> HEALTHY_TREND -> ACCELERATION -> PULLBACK -> EXHAUSTION -> FAKE_BREAKOUT -> REVERSAL -> FAKE_BREAKOUT -> EXIT,9,FAKE_BREAKOUT,0.2413
long_2026-06-14T200000_JELLYJELLYUSDT,long,2026-06-14 20:00:00,JELLYJELLYUSDT,EARLY_BREAKOUT -> ACCELERATION -> FAKE_BREAKOUT -> ACCELERATION -> WEAK_TREND -> ACCELERATION -> PULLBACK -> EXHAUSTION -> ACCELERATION -> PULLBACK -> FAKE_BREAKOUT -> ACCELERATION -> PULLBACK -> EXHAUSTION -> FAKE_BREAKOUT -> PULLBACK -> EXHAUSTION -> ACCELERATION -> EXHAUSTION -> PULLBACK -> ACCELERATION -> PULLBACK -> ACCELERATION -> PULLBACK -> EXHAUSTION -> ACCELERATION -> PULLBACK -> ACCELERATION -> WEAK_TREND -> ACCELERATION -> PULLBACK -> ACCELERATION -> PULLBACK -> ACCELERATION -> PULLBACK -> ACCELERATION -> HEALTHY_TREND -> ACCELERATION -> HEALTHY_TREND -> EXIT,39,HEALTHY_TREND,14.8293
short_2026-06-14T200000_AIOUSDT,short,2026-06-14 20:00:00,AIOUSDT,EARLY_BREAKOUT -> ACCELERATION -> WEAK_TREND -> ACCELERATION -> WEAK_TREND -> ACCELERATION -> WEAK_TREND -> HEALTHY_TREND -> PULLBACK -> HEALTHY_TREND -> ACCELERATION -> WEAK_TREND -> ACCELERATION -> PULLBACK -> ACCELERATION -> HEALTHY_TREND -> PULLBACK -> ACCELERATION -> HEALTHY_TREND -> PULLBACK -> ACCELERATION -> PULLBACK -> HEALTHY_TREND -> PULLBACK -> HEALTHY_TREND -> WEAK_TREND -> PULLBACK -> ACCELERATION -> HEALTHY_TREND -> WEAK_TREND -> ACCELERATION -> WEAK_TREND -> ACCELERATION -> WEAK_TREND -> HEALTHY_TREND -> ACCELERATION -> WEAK_TREND -> PULLBACK -> HEALTHY_TREND -> EXIT,39,HEALTHY_TREND,16.2906
short_2026-06-14T200000_BILLUSDT,short,2026-06-14 20:00:00,BILLUSDT,EARLY_BREAKOUT -> ACCELERATION -> WEAK_TREND -> EXHAUSTION -> HEALTHY_TREND -> EXHAUSTION -> PULLBACK -> ACCELERATION -> EXHAUSTION -> ACCELERATION -> HEALTHY_TREND -> ACCELERATION -> HEALTHY_TREND -> WEAK_TREND -> PULLBACK -> EXHAUSTION -> HEALTHY_TREND -> ACCELERATION -> HEALTHY_TREND -> WEAK_TREND -> ACCELERATION -> HEALTHY_TREND -> ACCELERATION -> HEALTHY_TREND -> WEAK_TREND -> ACCELERATION -> PULLBACK -> ACCELERATION -> WEAK_TREND -> ACCELERATION -> WEAK_TREND -> PULLBACK -> HEALTHY_TREND -> PULLBACK -> EXHAUSTION -> PULLBACK -> EXHAUSTION -> EXIT,37,EXHAUSTION,3.8281
short_2026-06-14T200000_HUSDT,short,2026-06-14 20:00:00,HUSDT,EARLY_BREAKOUT -> ACCELERATION -> FAKE_BREAKOUT -> ACCELERATION -> HEALTHY_TREND -> WEAK_TREND -> ACCELERATION -> PULLBACK -> EXHAUSTION -> PULLBACK -> EXHAUSTION -> PULLBACK -> ACCELERATION -> EXHAUSTION -> ACCELERATION -> EXHAUSTION -> ACCELERATION -> PULLBACK -> EXHAUSTION -> PULLBACK -> EXHAUSTION -> PULLBACK -> EXHAUSTION -> ACCELERATION -> EXHAUSTION -> ACCELERATION -> PULLBACK -> EXHAUSTION -> PULLBACK -> EXHAUSTION -> EXIT,30,EXHAUSTION,27.0497
short_2026-06-14T200000_BSBUSDT,short,2026-06-14 20:00:00,BSBUSDT,EARLY_BREAKOUT -> ACCELERATION -> EARLY_BREAKOUT -> EXHAUSTION -> REVERSAL -> PULLBACK -> REVERSAL -> PULLBACK -> REVERSAL -> EXIT,9,REVERSAL,-9.663
short_2026-06-14T200000_LABUSDT,short,2026-06-14 20:00:00,LABUSDT,EARLY_BREAKOUT -> ACCELERATION -> HEALTHY_TREND -> WEAK_TREND -> ACCELERATION -> REVERSAL -> PULLBACK -> ACCELERATION -> EXHAUSTION -> REVERSAL -> PULLBACK -> REVERSAL -> ACCELERATION -> EXHAUSTION -> REVERSAL -> ACCELERATION -> EXHAUSTION -> ACCELERATION -> EXHAUSTION -> ACCELERATION -> HEALTHY_TREND -> ACCELERATION -> PULLBACK -> EXHAUSTION -> PULLBACK -> FAKE_BREAKOUT -> REVERSAL -> EXIT,27,REVERSAL,-12.1616
long_2026-06-14T220000_BSBUSDT,long,2026-06-14 22:00:00,BSBUSDT,EARLY_BREAKOUT -> ACCELERATION -> EARLY_BREAKOUT -> ACCELERATION -> PULLBACK -> ACCELERATION -> EXHAUSTION -> ACCELERATION -> HEALTHY_TREND -> PULLBACK -> ACCELERATION -> HEALTHY_TREND -> WEAK_TREND -> PULLBACK -> ACCELERATION -> PULLBACK -> ACCELERATION -> PULLBACK -> ACCELERATION -> WEAK_TREND -> PULLBACK -> ACCELERATION -> HEALTHY_TREND -> PULLBACK -> EXHAUSTION -> PULLBACK -> ACCELERATION -> PULLBACK -> ACCELERATION -> EXIT,29,ACCELERATION,12.2295
long_2026-06-14T220000_CLOUSDT,long,2026-06-14 22:00:00,CLOUSDT,EARLY_BREAKOUT -> ACCELERATION -> EXHAUSTION -> ACCELERATION -> PULLBACK -> HEALTHY_TREND -> PULLBACK -> REVERSAL -> FAKE_BREAKOUT -> PULLBACK -> ACCELERATION -> WEAK_TREND -> ACCELERATION -> WEAK_TREND -> ACCELERATION -> WEAK_TREND -> HEALTHY_TREND -> WEAK_TREND -> PULLBACK -> ACCELERATION -> HEALTHY_TREND -> ACCELERATION -> PULLBACK -> ACCELERATION -> PULLBACK -> HEALTHY_TREND -> PULLBACK -> HEALTHY_TREND -> ACCELERATION -> WEAK_TREND -> PULLBACK -> ACCELERATION -> WEAK_TREND -> PULLBACK -> ACCELERATION -> WEAK_TREND -> ACCELERATION -> WEAK_TREND -> EXIT,38,WEAK_TREND,10.312
long_2026-06-14T220000_OPGUSDT,long,2026-06-14 22:00:00,OPGUSDT,EARLY_BREAKOUT -> ACCELERATION -> EARLY_BREAKOUT -> ACCELERATION -> FAKE_BREAKOUT -> ACCELERATION -> PULLBACK -> ACCELERATION -> WEAK_TREND -> ACCELERATION -> HEALTHY_TREND -> EXHAUSTION -> FAKE_BREAKOUT -> PULLBACK -> FAKE_BREAKOUT -> ACCELERATION -> PULLBACK -> ACCELERATION -> HEALTHY_TREND -> WEAK_TREND -> PULLBACK -> ACCELERATION -> HEALTHY_TREND -> ACCELERATION -> HEALTHY_TREND -> PULLBACK -> ACCELERATION -> HEALTHY_TREND -> PULLBACK -> ACCELERATION -> PULLBACK -> ACCELERATION -> PULLBACK -> EXIT,33,PULLBACK,47.7816
long_2026-06-14T220000_METISUSDT,long,2026-06-14 22:00:00,METISUSDT,EARLY_BREAKOUT -> WEAK_TREND -> ACCELERATION -> HEALTHY_TREND -> PULLBACK -> FAKE_BREAKOUT -> PULLBACK -> FAKE_BREAKOUT -> ACCELERATION -> PULLBACK -> ACCELERATION -> FAKE_BREAKOUT -> PULLBACK -> FAKE_BREAKOUT -> REVERSAL -> FAKE_BREAKOUT -> ACCELERATION -> HEALTHY_TREND -> ACCELERATION -> HEALTHY_TREND -> ACCELERATION -> HEALTHY_TREND -> WEAK_TREND -> ACCELERATION -> HEALTHY_TREND -> WEAK_TREND -> ACCELERATION -> WEAK_TREND -> HEALTHY_TREND -> WEAK_TREND -> ACCELERATION -> WEAK_TREND -> PULLBACK -> HEALTHY_TREND -> PULLBACK -> EXIT,35,PULLBACK,6.3729
long_2026-06-14T220000_ONUSDT,long,2026-06-14 22:00:00,ONUSDT,EARLY_BREAKOUT -> ACCELERATION -> WEAK_TREND -> PULLBACK -> FAKE_BREAKOUT -> REVERSAL -> ACCELERATION -> HEALTHY_TREND -> ACCELERATION -> PULLBACK -> HEALTHY_TREND -> WEAK_TREND -> PULLBACK -> HEALTHY_TREND -> PULLBACK -> ACCELERATION -> PULLBACK -> EXIT,17,PULLBACK,3.8587
short_2026-06-14T220000_HUSDT,short,2026-06-14 22:00:00,HUSDT,EARLY_BREAKOUT -> ACCELERATION -> PULLBACK -> EXHAUSTION -> FAKE_BREAKOUT -> REVERSAL -> FAKE_BREAKOUT -> REVERSAL -> EXIT,8,REVERSAL,-3.5186
short_2026-06-14T220000_OPNUSDT,short,2026-06-14 22:00:00,OPNUSDT,EARLY_BREAKOUT -> ACCELERATION -> HEALTHY_TREND -> WEAK_TREND -> ACCELERATION -> WEAK_TREND -> ACCELERATION -> PULLBACK -> ACCELERATION -> WEAK_TREND -> PULLBACK -> FAKE_BREAKOUT -> ACCELERATION -> FAKE_BREAKOUT -> ACCELERATION -> FAKE_BREAKOUT -> ACCELERATION -> FAKE_BREAKOUT -> REVERSAL -> EXIT,19,REVERSAL,-3.5132
short_2026-06-14T220000_MIRAUSDT,short,2026-06-14 22:00:00,MIRAUSDT,EARLY_BREAKOUT -> ACCELERATION -> HEALTHY_TREND -> WEAK_TREND -> ACCELERATION -> WEAK_TREND -> ACCELERATION -> HEALTHY_TREND -> ACCELERATION -> HEALTHY_TREND -> WEAK_TREND -> ACCELERATION -> WEAK_TREND -> HEALTHY_TREND -> WEAK_TREND -> ACCELERATION -> HEALTHY_TREND -> ACCELERATION -> WEAK_TREND -> HEALTHY_TREND -> WEAK_TREND -> ACCELERATION -> PULLBACK -> ACCELERATION -> WEAK_TREND -> ACCELERATION -> PULLBACK -> ACCELERATION -> WEAK_TREND -> PULLBACK -> HEALTHY_TREND -> EXIT,31,HEALTHY_TREND,4.8638
short_2026-06-14T220000_JELLYJELLYUSDT,short,2026-06-14 22:00:00,JELLYJELLYUSDT,EARLY_BREAKOUT -> ACCELERATION -> FAKE_BREAKOUT -> ACCELERATION -> HEALTHY_TREND -> EXHAUSTION -> FAKE_BREAKOUT -> HEALTHY_TREND -> PULLBACK -> EXHAUSTION -> PULLBACK -> ACCELERATION -> PULLBACK -> FAKE_BREAKOUT -> PULLBACK -> EXHAUSTION -> PULLBACK -> FAKE_BREAKOUT -> ACCELERATION -> FAKE_BREAKOUT -> REVERSAL -> FAKE_BREAKOUT -> REVERSAL -> EXIT,23,REVERSAL,-6.1912
short_2026-06-14T220000_OPENUSDT,short,2026-06-14 22:00:00,OPENUSDT,EARLY_BREAKOUT -> REVERSAL -> ACCELERATION -> HEALTHY_TREND -> WEAK_TREND -> ACCELERATION -> HEALTHY_TREND -> WEAK_TREND -> ACCELERATION -> WEAK_TREND -> HEALTHY_TREND -> EXHAUSTION -> FAKE_BREAKOUT -> REVERSAL -> FAKE_BREAKOUT -> REVERSAL -> FAKE_BREAKOUT -> ACCELERATION -> EXHAUSTION -> PULLBACK -> EXHAUSTION -> FAKE_BREAKOUT -> ACCELERATION -> PULLBACK -> ACCELERATION -> FAKE_BREAKOUT -> REVERSAL -> EXIT,27,REVERSAL,-3.5188
long_2026-06-15T000000_EVAAUSDT,long,2026-06-15 00:00:00,EVAAUSDT,EARLY_BREAKOUT -> ACCELERATION -> EARLY_BREAKOUT -> ACCELERATION -> HEALTHY_TREND -> ACCELERATION -> HEALTHY_TREND -> PULLBACK -> HEALTHY_TREND -> ACCELERATION -> PULLBACK -> ACCELERATION -> HEALTHY_TREND -> PULLBACK -> ACCELERATION -> PULLBACK -> ACCELERATION -> PULLBACK -> EXHAUSTION -> FAKE_BREAKOUT -> PULLBACK -> EXHAUSTION -> ACCELERATION -> PULLBACK -> ACCELERATION -> EXHAUSTION -> PULLBACK -> EXHAUSTION -> ACCELERATION -> PULLBACK -> ACCELERATION -> PULLBACK -> EXIT,32,PULLBACK,48.7734
long_2026-06-15T000000_CLOUSDT,long,2026-06-15 00:00:00,CLOUSDT,EARLY_BREAKOUT -> ACCELERATION -> HEALTHY_TREND -> ACCELERATION -> WEAK_TREND -> ACCELERATION -> WEAK_TREND -> ACCELERATION -> PULLBACK -> HEALTHY_TREND -> WEAK_TREND -> PULLBACK -> ACCELERATION -> HEALTHY_TREND -> ACCELERATION -> PULLBACK -> ACCELERATION -> PULLBACK -> HEALTHY_TREND -> PULLBACK -> HEALTHY_TREND -> ACCELERATION -> WEAK_TREND -> PULLBACK -> ACCELERATION -> PULLBACK -> ACCELERATION -> WEAK_TREND -> ACCELERATION -> WEAK_TREND -> ACCELERATION -> HEALTHY_TREND -> ACCELERATION -> PULLBACK -> ACCELERATION -> HEALTHY_TREND -> PULLBACK -> EXIT,37,PULLBACK,50.4957
long_2026-06-15T000000_BSBUSDT,long,2026-06-15 00:00:00,BSBUSDT,EARLY_BREAKOUT -> ACCELERATION -> EXHAUSTION -> ACCELERATION -> HEALTHY_TREND -> WEAK_TREND -> PULLBACK -> ACCELERATION -> EXHAUSTION -> PULLBACK -> ACCELERATION -> PULLBACK -> ACCELERATION -> WEAK_TREND -> PULLBACK -> EXHAUSTION -> PULLBACK -> ACCELERATION -> HEALTHY_TREND -> PULLBACK -> EXHAUSTION -> PULLBACK -> EXHAUSTION -> FAKE_BREAKOUT -> PULLBACK -> ACCELERATION -> PULLBACK -> ACCELERATION -> PULLBACK -> ACCELERATION -> PULLBACK -> EXHAUSTION -> PULLBACK -> ACCELERATION -> PULLBACK -> EXIT,35,PULLBACK,5.749
long_2026-06-15T000000_GWEIUSDT,long,2026-06-15 00:00:00,GWEIUSDT,EARLY_BREAKOUT -> ACCELERATION -> EARLY_BREAKOUT -> WEAK_TREND -> PULLBACK -> HEALTHY_TREND -> FAKE_BREAKOUT -> ACCELERATION -> HEALTHY_TREND -> PULLBACK -> HEALTHY_TREND -> PULLBACK -> ACCELERATION -> WEAK_TREND -> FAKE_BREAKOUT -> PULLBACK -> ACCELERATION -> HEALTHY_TREND -> WEAK_TREND -> HEALTHY_TREND -> WEAK_TREND -> ACCELERATION -> EXIT,22,ACCELERATION,4.3361
long_2026-06-15T000000_HEIUSDT,long,2026-06-15 00:00:00,HEIUSDT,EARLY_BREAKOUT -> FAKE_BREAKOUT -> ACCELERATION -> EXHAUSTION -> FAKE_BREAKOUT -> REVERSAL -> FAKE_BREAKOUT -> REVERSAL -> FAKE_BREAKOUT -> ACCELERATION -> FAKE_BREAKOUT -> ACCELERATION -> EXHAUSTION -> FAKE_BREAKOUT -> ACCELERATION -> FAKE_BREAKOUT -> EXIT,16,FAKE_BREAKOUT,1.0162
short_2026-06-15T000000_ALLOUSDT,short,2026-06-15 00:00:00,ALLOUSDT,EARLY_BREAKOUT -> ACCELERATION -> HEALTHY_TREND -> WEAK_TREND -> ACCELERATION -> WEAK_TREND -> ACCELERATION -> EXHAUSTION -> PULLBACK -> EXHAUSTION -> PULLBACK -> ACCELERATION -> HEALTHY_TREND -> ACCELERATION -> EXHAUSTION -> FAKE_BREAKOUT -> PULLBACK -> ACCELERATION -> WEAK_TREND -> EXHAUSTION -> FAKE_BREAKOUT -> PULLBACK -> ACCELERATION -> WEAK_TREND -> ACCELERATION -> WEAK_TREND -> ACCELERATION -> HEALTHY_TREND -> WEAK_TREND -> ACCELERATION -> HEALTHY_TREND -> WEAK_TREND -> PULLBACK -> ACCELERATION -> HEALTHY_TREND -> ACCELERATION -> HEALTHY_TREND -> EXIT,37,HEALTHY_TREND,5.5702
short_2026-06-15T000000_ALICEUSDT,short,2026-06-15 00:00:00,ALICEUSDT,EARLY_BREAKOUT -> WEAK_TREND -> ACCELERATION -> HEALTHY_TREND -> WEAK_TREND -> ACCELERATION -> WEAK_TREND -> PULLBACK -> HEALTHY_TREND -> FAKE_BREAKOUT -> PULLBACK -> FAKE_BREAKOUT -> REVERSAL -> FAKE_BREAKOUT -> REVERSAL -> FAKE_BREAKOUT -> REVERSAL -> EXIT,17,REVERSAL,-4.0816
short_2026-06-15T000000_GUAUSDT,short,2026-06-15 00:00:00,GUAUSDT,EARLY_BREAKOUT -> ACCELERATION -> HEALTHY_TREND -> WEAK_TREND -> ACCELERATION -> WEAK_TREND -> FAKE_BREAKOUT -> REVERSAL -> FAKE_BREAKOUT -> ACCELERATION -> HEALTHY_TREND -> WEAK_TREND -> ACCELERATION -> FAKE_BREAKOUT -> PULLBACK -> FAKE_BREAKOUT -> REVERSAL -> FAKE_BREAKOUT -> REVERSAL -> FAKE_BREAKOUT -> REVERSAL -> FAKE_BREAKOUT -> ACCELERATION -> EXHAUSTION -> FAKE_BREAKOUT -> REVERSAL -> FAKE_BREAKOUT -> REVERSAL -> ACCELERATION -> HEALTHY_TREND -> EXHAUSTION -> REVERSAL -> FAKE_BREAKOUT -> EXIT,33,FAKE_BREAKOUT,0.6343
short_2026-06-15T000000_AIOTUSDT,short,2026-06-15 00:00:00,AIOTUSDT,EARLY_BREAKOUT -> ACCELERATION -> HEALTHY_TREND -> WEAK_TREND -> ACCELERATION -> WEAK_TREND -> HEALTHY_TREND -> WEAK_TREND -> PULLBACK -> WEAK_TREND -> ACCELERATION -> HEALTHY_TREND -> ACCELERATION -> WEAK_TREND -> ACCELERATION -> WEAK_TREND -> ACCELERATION -> HEALTHY_TREND -> ACCELERATION -> WEAK_TREND -> PULLBACK -> ACCELERATION -> WEAK_TREND -> PULLBACK -> ACCELERATION -> HEALTHY_TREND -> ACCELERATION -> WEAK_TREND -> ACCELERATION -> HEALTHY_TREND -> ACCELERATION -> HEALTHY_TREND -> ACCELERATION -> PULLBACK -> EXHAUSTION -> FAKE_BREAKOUT -> PULLBACK -> FAKE_BREAKOUT -> EXIT,38,FAKE_BREAKOUT,3.9565
short_2026-06-15T000000_ONUSDT,short,2026-06-15 00:00:00,ONUSDT,EARLY_BREAKOUT -> ACCELERATION -> HEALTHY_TREND -> WEAK_TREND -> ACCELERATION -> WEAK_TREND -> ACCELERATION -> WEAK_TREND -> PULLBACK -> HEALTHY_TREND -> WEAK_TREND -> FAKE_BREAKOUT -> PULLBACK -> FAKE_BREAKOUT -> REVERSAL -> EXIT,15,REVERSAL,-2.2986
long_2026-06-15T020000_BTWUSDT,long,2026-06-15 02:00:00,BTWUSDT,EARLY_BREAKOUT -> ACCELERATION -> EARLY_BREAKOUT -> PULLBACK -> REVERSAL -> FAKE_BREAKOUT -> ACCELERATION -> HEALTHY_TREND -> FAKE_BREAKOUT -> ACCELERATION -> HEALTHY_TREND -> PULLBACK -> FAKE_BREAKOUT -> PULLBACK -> FAKE_BREAKOUT -> REVERSAL -> FAKE_BREAKOUT -> ACCELERATION -> FAKE_BREAKOUT -> EXIT,19,FAKE_BREAKOUT,1.2209
long_2026-06-15T020000_EVAAUSDT,long,2026-06-15 02:00:00,EVAAUSDT,EARLY_BREAKOUT -> ACCELERATION -> HEALTHY_TREND -> FAKE_BREAKOUT -> REVERSAL -> PULLBACK -> HEALTHY_TREND -> ACCELERATION -> PULLBACK -> ACCELERATION -> HEALTHY_TREND -> PULLBACK -> ACCELERATION -> PULLBACK -> ACCELERATION -> EXHAUSTION -> FAKE_BREAKOUT -> ACCELERATION -> PULLBACK -> EXHAUSTION -> ACCELERATION -> FAKE_BREAKOUT -> PULLBACK -> FAKE_BREAKOUT -> ACCELERATION -> PULLBACK -> ACCELERATION -> PULLBACK -> ACCELERATION -> PULLBACK -> ACCELERATION -> HEALTHY_TREND -> ACCELERATION -> HEALTHY_TREND -> EXIT,34,HEALTHY_TREND,62.0214
long_2026-06-15T020000_JELLYJELLYUSDT,long,2026-06-15 02:00:00,JELLYJELLYUSDT,EARLY_BREAKOUT -> ACCELERATION -> WEAK_TREND -> ACCELERATION -> EXHAUSTION -> HEALTHY_TREND -> EXHAUSTION -> ACCELERATION -> HEALTHY_TREND -> ACCELERATION -> WEAK_TREND -> ACCELERATION -> PULLBACK -> ACCELERATION -> PULLBACK -> EXHAUSTION -> ACCELERATION -> WEAK_TREND -> PULLBACK -> ACCELERATION -> HEALTHY_TREND -> ACCELERATION -> HEALTHY_TREND -> PULLBACK -> ACCELERATION -> PULLBACK -> ACCELERATION -> WEAK_TREND -> ACCELERATION -> PULLBACK -> ACCELERATION -> HEALTHY_TREND -> ACCELERATION -> HEALTHY_TREND -> ACCELERATION -> WEAK_TREND -> ACCELERATION -> PULLBACK -> HEALTHY_TREND -> EXIT,39,HEALTHY_TREND,16.5664
long_2026-06-15T020000_ASRUSDT,long,2026-06-15 02:00:00,ASRUSDT,EARLY_BREAKOUT -> FAKE_BREAKOUT -> ACCELERATION -> HEALTHY_TREND -> FAKE_BREAKOUT -> ACCELERATION -> FAKE_BREAKOUT -> REVERSAL -> FAKE_BREAKOUT -> REVERSAL -> FAKE_BREAKOUT -> REVERSAL -> FAKE_BREAKOUT -> EXIT,13,FAKE_BREAKOUT,-0.3594
long_2026-06-15T020000_ALLOUSDT,long,2026-06-15 02:00:00,ALLOUSDT,EARLY_BREAKOUT -> WEAK_TREND -> ACCELERATION -> WEAK_TREND -> PULLBACK -> FAKE_BREAKOUT -> ACCELERATION -> HEALTHY_TREND -> PULLBACK -> FAKE_BREAKOUT -> ACCELERATION -> HEALTHY_TREND -> EXHAUSTION -> FAKE_BREAKOUT -> REVERSAL -> FAKE_BREAKOUT -> REVERSAL -> FAKE_BREAKOUT -> REVERSAL -> FAKE_BREAKOUT -> REVERSAL -> FAKE_BREAKOUT -> REVERSAL -> EXIT,23,REVERSAL,-9.271
short_2026-06-15T020000_OPGUSDT,short,2026-06-15 02:00:00,OPGUSDT,EARLY_BREAKOUT -> ACCELERATION -> WEAK_TREND -> ACCELERATION -> FAKE_BREAKOUT -> REVERSAL -> EXIT,6,REVERSAL,-2.2161
short_2026-06-15T020000_CLOUSDT,short,2026-06-15 02:00:00,CLOUSDT,EARLY_BREAKOUT -> WEAK_TREND -> ACCELERATION -> WEAK_TREND -> HEALTHY_TREND -> ACCELERATION -> WEAK_TREND -> HEALTHY_TREND -> WEAK_TREND -> ACCELERATION -> WEAK_TREND -> ACCELERATION -> HEALTHY_TREND -> WEAK_TREND -> HEALTHY_TREND -> ACCELERATION -> WEAK_TREND -> FAKE_BREAKOUT -> WEAK_TREND -> FAKE_BREAKOUT -> WEAK_TREND -> FAKE_BREAKOUT -> WEAK_TREND -> REVERSAL -> EXIT,24,REVERSAL,-27.9923
short_2026-06-15T020000_BSBUSDT,short,2026-06-15 02:00:00,BSBUSDT,EARLY_BREAKOUT -> WEAK_TREND -> REVERSAL -> FAKE_BREAKOUT -> PULLBACK -> FAKE_BREAKOUT -> REVERSAL -> FAKE_BREAKOUT -> ACCELERATION -> PULLBACK -> ACCELERATION -> HEALTHY_TREND -> WEAK_TREND -> FAKE_BREAKOUT -> REVERSAL -> FAKE_BREAKOUT -> HEALTHY_TREND -> WEAK_TREND -> ACCELERATION -> HEALTHY_TREND -> ACCELERATION -> PULLBACK -> EXHAUSTION -> FAKE_BREAKOUT -> ACCELERATION -> PULLBACK -> EXHAUSTION -> FAKE_BREAKOUT -> PULLBACK -> FAKE_BREAKOUT -> PULLBACK -> EXHAUSTION -> ACCELERATION -> FAKE_BREAKOUT -> REVERSAL -> EXIT,35,REVERSAL,-2.2604
short_2026-06-15T020000_EULUSDT,short,2026-06-15 02:00:00,EULUSDT,EARLY_BREAKOUT -> WEAK_TREND -> EARLY_BREAKOUT -> HEALTHY_TREND -> ACCELERATION -> WEAK_TREND -> REVERSAL -> WEAK_TREND -> REVERSAL -> EXIT,9,REVERSAL,-8.7057
short_2026-06-15T020000_BANUSDT,short,2026-06-15 02:00:00,BANUSDT,EARLY_BREAKOUT -> WEAK_TREND -> DEAD -> ACCELERATION -> WEAK_TREND -> ACCELERATION -> WEAK_TREND -> ACCELERATION -> HEALTHY_TREND -> WEAK_TREND -> ACCELERATION -> WEAK_TREND -> ACCELERATION -> WEAK_TREND -> ACCELERATION -> WEAK_TREND -> ACCELERATION -> HEALTHY_TREND -> WEAK_TREND -> ACCELERATION -> WEAK_TREND -> HEALTHY_TREND -> WEAK_TREND -> ACCELERATION -> WEAK_TREND -> HEALTHY_TREND -> WEAK_TREND -> EXIT,27,WEAK_TREND,-0.4202
long_2026-06-15T040000_EVAAUSDT,long,2026-06-15 04:00:00,EVAAUSDT,EARLY_BREAKOUT -> PULLBACK -> ACCELERATION -> HEALTHY_TREND -> EXHAUSTION -> ACCELERATION -> PULLBACK -> ACCELERATION -> FAKE_BREAKOUT -> REVERSAL -> FAKE_BREAKOUT -> PULLBACK -> FAKE_BREAKOUT -> ACCELERATION -> EXHAUSTION -> ACCELERATION -> EXHAUSTION -> ACCELERATION -> PULLBACK -> ACCELERATION -> HEALTHY_TREND -> ACCELERATION -> HEALTHY_TREND -> ACCELERATION -> PULLBACK -> ACCELERATION -> EXIT,26,ACCELERATION,40.2081
long_2026-06-15T040000_JELLYJELLYUSDT,long,2026-06-15 04:00:00,JELLYJELLYUSDT,EARLY_BREAKOUT -> ACCELERATION -> WEAK_TREND -> ACCELERATION -> PULLBACK -> ACCELERATION -> PULLBACK -> FAKE_BREAKOUT -> ACCELERATION -> WEAK_TREND -> PULLBACK -> ACCELERATION -> HEALTHY_TREND -> ACCELERATION -> HEALTHY_TREND -> PULLBACK -> ACCELERATION -> PULLBACK -> ACCELERATION -> WEAK_TREND -> ACCELERATION -> PULLBACK -> ACCELERATION -> HEALTHY_TREND -> ACCELERATION -> HEALTHY_TREND -> ACCELERATION -> WEAK_TREND -> ACCELERATION -> PULLBACK -> HEALTHY_TREND -> WEAK_TREND -> ACCELERATION -> HEALTHY_TREND -> ACCELERATION -> HEALTHY_TREND -> ACCELERATION -> FAKE_BREAKOUT -> EXIT,38,FAKE_BREAKOUT,3.9127
long_2026-06-15T040000_OPGUSDT,long,2026-06-15 04:00:00,OPGUSDT,EARLY_BREAKOUT -> ACCELERATION -> EARLY_BREAKOUT -> PULLBACK -> EXHAUSTION -> ACCELERATION -> HEALTHY_TREND -> ACCELERATION -> HEALTHY_TREND -> EXHAUSTION -> ACCELERATION -> HEALTHY_TREND -> PULLBACK -> ACCELERATION -> PULLBACK -> ACCELERATION -> PULLBACK -> ACCELERATION -> PULLBACK -> EXHAUSTION -> FAKE_BREAKOUT -> REVERSAL -> EXIT,22,REVERSAL,-14.993
long_2026-06-15T040000_REDUSDT,long,2026-06-15 04:00:00,REDUSDT,EARLY_BREAKOUT -> ACCELERATION -> WEAK_TREND -> ACCELERATION -> HEALTHY_TREND -> ACCELERATION -> WEAK_TREND -> ACCELERATION -> HEALTHY_TREND -> WEAK_TREND -> ACCELERATION -> WEAK_TREND -> HEALTHY_TREND -> WEAK_TREND -> ACCELERATION -> WEAK_TREND -> PULLBACK -> ACCELERATION -> PULLBACK -> ACCELERATION -> WEAK_TREND -> ACCELERATION -> PULLBACK -> ACCELERATION -> WEAK_TREND -> ACCELERATION -> WEAK_TREND -> ACCELERATION -> WEAK_TREND -> PULLBACK -> HEALTHY_TREND -> ACCELERATION -> WEAK_TREND -> HEALTHY_TREND -> WEAK_TREND -> EXIT,35,WEAK_TREND,4.8966
long_2026-06-15T040000_BREVUSDT,long,2026-06-15 04:00:00,BREVUSDT,EARLY_BREAKOUT -> ACCELERATION -> HEALTHY_TREND -> WEAK_TREND -> ACCELERATION -> HEALTHY_TREND -> WEAK_TREND -> ACCELERATION -> WEAK_TREND -> ACCELERATION -> WEAK_TREND -> HEALTHY_TREND -> WEAK_TREND -> ACCELERATION -> PULLBACK -> ACCELERATION -> PULLBACK -> ACCELERATION -> HEALTHY_TREND -> ACCELERATION -> HEALTHY_TREND -> WEAK_TREND -> ACCELERATION -> HEALTHY_TREND -> PULLBACK -> ACCELERATION -> WEAK_TREND -> PULLBACK -> HEALTHY_TREND -> ACCELERATION -> WEAK_TREND -> PULLBACK -> HEALTHY_TREND -> PULLBACK -> EXIT,34,PULLBACK,5.8603
short_2026-06-15T040000_ASRUSDT,short,2026-06-15 04:00:00,ASRUSDT,EARLY_BREAKOUT -> WEAK_TREND -> ACCELERATION -> HEALTHY_TREND -> ACCELERATION -> WEAK_TREND -> ACCELERATION -> WEAK_TREND -> FAKE_BREAKOUT -> PULLBACK -> FAKE_BREAKOUT -> ACCELERATION -> PULLBACK -> FAKE_BREAKOUT -> REVERSAL -> FAKE_BREAKOUT -> REVERSAL -> EXIT,17,REVERSAL,-2.9973
short_2026-06-15T040000_AIOTUSDT,short,2026-06-15 04:00:00,AIOTUSDT,EARLY_BREAKOUT -> WEAK_TREND -> ACCELERATION -> HEALTHY_TREND -> ACCELERATION -> WEAK_TREND -> PULLBACK -> ACCELERATION -> WEAK_TREND -> PULLBACK -> EXHAUSTION -> PULLBACK -> EXHAUSTION -> ACCELERATION -> HEALTHY_TREND -> ACCELERATION -> WEAK_TREND -> ACCELERATION -> HEALTHY_TREND -> ACCELERATION -> HEALTHY_TREND -> ACCELERATION -> EXHAUSTION -> FAKE_BREAKOUT -> REVERSAL -> FAKE_BREAKOUT -> REVERSAL -> FAKE_BREAKOUT -> REVERSAL -> EXIT,29,REVERSAL,-0.9906
short_2026-06-15T040000_LAUSDT,short,2026-06-15 04:00:00,LAUSDT,EARLY_BREAKOUT -> WEAK_TREND -> ACCELERATION -> WEAK_TREND -> ACCELERATION -> HEALTHY_TREND -> ACCELERATION -> EXHAUSTION -> FAKE_BREAKOUT -> PULLBACK -> EXHAUSTION -> ACCELERATION -> EXHAUSTION -> FAKE_BREAKOUT -> ACCELERATION -> FAKE_BREAKOUT -> PULLBACK -> FAKE_BREAKOUT -> PULLBACK -> ACCELERATION -> FAKE_BREAKOUT -> PULLBACK -> EXHAUSTION -> ACCELERATION -> EXHAUSTION -> PULLBACK -> FAKE_BREAKOUT -> ACCELERATION -> PULLBACK -> ACCELERATION -> PULLBACK -> EXHAUSTION -> PULLBACK -> EXHAUSTION -> ACCELERATION -> FAKE_BREAKOUT -> EXIT,36,FAKE_BREAKOUT,0.9091
short_2026-06-15T040000_BASEDUSDT,short,2026-06-15 04:00:00,BASEDUSDT,EARLY_BREAKOUT -> ACCELERATION -> WEAK_TREND -> EXHAUSTION -> PULLBACK -> REVERSAL -> PULLBACK -> REVERSAL -> PULLBACK -> EXHAUSTION -> REVERSAL -> EXIT,11,REVERSAL,-5.0635
short_2026-06-15T040000_MUSDT,short,2026-06-15 04:00:00,MUSDT,EARLY_BREAKOUT -> ACCELERATION -> HEALTHY_TREND -> WEAK_TREND -> HEALTHY_TREND -> WEAK_TREND -> PULLBACK -> REVERSAL -> PULLBACK -> ACCELERATION -> PULLBACK -> ACCELERATION -> PULLBACK -> ACCELERATION -> WEAK_TREND -> PULLBACK -> ACCELERATION -> HEALTHY_TREND -> ACCELERATION -> HEALTHY_TREND -> REVERSAL -> ACCELERATION -> PULLBACK -> ACCELERATION -> WEAK_TREND -> ACCELERATION -> HEALTHY_TREND -> ACCELERATION -> WEAK_TREND -> ACCELERATION -> WEAK_TREND -> EXIT,31,WEAK_TREND,0.9556
long_2026-06-15T060000_OPGUSDT,long,2026-06-15 06:00:00,OPGUSDT,EARLY_BREAKOUT -> ACCELERATION -> EARLY_BREAKOUT -> EXHAUSTION -> ACCELERATION -> HEALTHY_TREND -> PULLBACK -> ACCELERATION -> PULLBACK -> ACCELERATION -> PULLBACK -> ACCELERATION -> PULLBACK -> EXHAUSTION -> FAKE_BREAKOUT -> REVERSAL -> FAKE_BREAKOUT -> REVERSAL -> FAKE_BREAKOUT -> REVERSAL -> EXIT,20,REVERSAL,-20.0087
long_2026-06-15T060000_OPENUSDT,long,2026-06-15 06:00:00,OPENUSDT,EARLY_BREAKOUT -> WEAK_TREND -> ACCELERATION -> WEAK_TREND -> ACCELERATION -> WEAK_TREND -> HEALTHY_TREND -> WEAK_TREND -> PULLBACK -> EXHAUSTION -> PULLBACK -> ACCELERATION -> HEALTHY_TREND -> ACCELERATION -> PULLBACK -> EXHAUSTION -> PULLBACK -> ACCELERATION -> HEALTHY_TREND -> ACCELERATION -> PULLBACK -> EXHAUSTION -> FAKE_BREAKOUT -> PULLBACK -> FAKE_BREAKOUT -> REVERSAL -> EXIT,26,REVERSAL,-2.1505
long_2026-06-15T060000_PENDLEUSDT,long,2026-06-15 06:00:00,PENDLEUSDT,EARLY_BREAKOUT -> ACCELERATION -> EARLY_BREAKOUT -> WEAK_TREND -> ACCELERATION -> WEAK_TREND -> HEALTHY_TREND -> ACCELERATION -> HEALTHY_TREND -> WEAK_TREND -> ACCELERATION -> WEAK_TREND -> PULLBACK -> HEALTHY_TREND -> PULLBACK -> ACCELERATION -> WEAK_TREND -> ACCELERATION -> WEAK_TREND -> HEALTHY_TREND -> WEAK_TREND -> HEALTHY_TREND -> ACCELERATION -> WEAK_TREND -> ACCELERATION -> WEAK_TREND -> PULLBACK -> HEALTHY_TREND -> ACCELERATION -> WEAK_TREND -> ACCELERATION -> WEAK_TREND -> ACCELERATION -> WEAK_TREND -> HEALTHY_TREND -> WEAK_TREND -> PULLBACK -> EXIT,37,PULLBACK,5.033
long_2026-06-15T060000_INUSDT,long,2026-06-15 06:00:00,INUSDT,EARLY_BREAKOUT -> ACCELERATION -> HEALTHY_TREND -> ACCELERATION -> WEAK_TREND -> ACCELERATION -> WEAK_TREND -> ACCELERATION -> WEAK_TREND -> HEALTHY_TREND -> ACCELERATION -> PULLBACK -> EXHAUSTION -> PULLBACK -> EXHAUSTION -> PULLBACK -> ACCELERATION -> EXHAUSTION -> FAKE_BREAKOUT -> EXIT,19,FAKE_BREAKOUT,1.2474
long_2026-06-15T060000_EIGENUSDT,long,2026-06-15 06:00:00,EIGENUSDT,EARLY_BREAKOUT -> ACCELERATION -> HEALTHY_TREND -> PULLBACK -> ACCELERATION -> HEALTHY_TREND -> ACCELERATION -> WEAK_TREND -> ACCELERATION -> WEAK_TREND -> ACCELERATION -> WEAK_TREND -> PULLBACK -> EXHAUSTION -> PULLBACK -> ACCELERATION -> WEAK_TREND -> ACCELERATION -> WEAK_TREND -> ACCELERATION -> HEALTHY_TREND -> ACCELERATION -> WEAK_TREND -> ACCELERATION -> WEAK_TREND -> ACCELERATION -> PULLBACK -> ACCELERATION -> PULLBACK -> ACCELERATION -> PULLBACK -> ACCELERATION -> HEALTHY_TREND -> ACCELERATION -> WEAK_TREND -> ACCELERATION -> PULLBACK -> ACCELERATION -> HEALTHY_TREND -> PULLBACK -> EXIT,40,PULLBACK,8.1716
short_2026-06-15T060000_EVAAUSDT,short,2026-06-15 06:00:00,EVAAUSDT,EARLY_BREAKOUT -> REVERSAL -> ACCELERATION -> HEALTHY_TREND -> EXHAUSTION -> ACCELERATION -> FAKE_BREAKOUT -> ACCELERATION -> PULLBACK -> FAKE_BREAKOUT -> REVERSAL -> EXIT,11,REVERSAL,-38.4167
short_2026-06-15T060000_ALICEUSDT,short,2026-06-15 06:00:00,ALICEUSDT,EARLY_BREAKOUT -> ACCELERATION -> WEAK_TREND -> PULLBACK -> FAKE_BREAKOUT -> PULLBACK -> FAKE_BREAKOUT -> PULLBACK -> ACCELERATION -> HEALTHY_TREND -> WEAK_TREND -> PULLBACK -> WEAK_TREND -> PULLBACK -> HEALTHY_TREND -> FAKE_BREAKOUT -> ACCELERATION -> FAKE_BREAKOUT -> PULLBACK -> ACCELERATION -> HEALTHY_TREND -> WEAK_TREND -> ACCELERATION -> HEALTHY_TREND -> WEAK_TREND -> HEALTHY_TREND -> ACCELERATION -> WEAK_TREND -> ACCELERATION -> WEAK_TREND -> EXIT,30,WEAK_TREND,1.704
short_2026-06-15T060000_OPGUSDT,short,2026-06-15 06:00:00,OPGUSDT,EARLY_BREAKOUT -> REVERSAL -> WEAK_TREND -> HEALTHY_TREND -> REVERSAL -> ACCELERATION -> FAKE_BREAKOUT -> ACCELERATION -> HEALTHY_TREND -> ACCELERATION -> HEALTHY_TREND -> PULLBACK -> ACCELERATION -> HEALTHY_TREND -> ACCELERATION -> HEALTHY_TREND -> PULLBACK -> ACCELERATION -> PULLBACK -> ACCELERATION -> EXIT,20,ACCELERATION,20.0087
short_2026-06-15T060000_JELLYJELLYUSDT,short,2026-06-15 06:00:00,JELLYJELLYUSDT,EARLY_BREAKOUT -> REVERSAL -> WEAK_TREND -> REVERSAL -> FAKE_BREAKOUT -> HEALTHY_TREND -> ACCELERATION -> WEAK_TREND -> PULLBACK -> ACCELERATION -> WEAK_TREND -> ACCELERATION -> EXIT,12,ACCELERATION,15.5748
short_2026-06-15T060000_GENIUSUSDT,short,2026-06-15 06:00:00,GENIUSUSDT,EARLY_BREAKOUT -> WEAK_TREND -> DEAD -> REVERSAL -> DEAD -> REVERSAL -> DEAD -> ACCELERATION -> DEAD -> ACCELERATION -> HEALTHY_TREND -> ACCELERATION -> WEAK_TREND -> ACCELERATION -> HEALTHY_TREND -> WEAK_TREND -> HEALTHY_TREND -> EXHAUSTION -> PULLBACK -> FAKE_BREAKOUT -> EXIT,20,FAKE_BREAKOUT,0.5556
long_2026-06-15T080000_BTWUSDT,long,2026-06-15 08:00:00,BTWUSDT,EARLY_BREAKOUT -> ACCELERATION -> EARLY_BREAKOUT -> WEAK_TREND -> PULLBACK -> ACCELERATION -> WEAK_TREND -> PULLBACK -> ACCELERATION -> HEALTHY_TREND -> ACCELERATION -> HEALTHY_TREND -> ACCELERATION -> EXHAUSTION -> PULLBACK -> EXHAUSTION -> ACCELERATION -> EXHAUSTION -> ACCELERATION -> EXHAUSTION -> ACCELERATION -> EXHAUSTION -> ACCELERATION -> PULLBACK -> EXHAUSTION -> ACCELERATION -> EXHAUSTION -> ACCELERATION -> EXHAUSTION -> ACCELERATION -> PULLBACK -> EXHAUSTION -> ACCELERATION -> WEAK_TREND -> PULLBACK -> ACCELERATION -> PULLBACK -> EXHAUSTION -> EXIT,38,EXHAUSTION,2.989
long_2026-06-15T080000_AKTUSDT,long,2026-06-15 08:00:00,AKTUSDT,EARLY_BREAKOUT -> WEAK_TREND -> ACCELERATION -> WEAK_TREND -> ACCELERATION -> WEAK_TREND -> PULLBACK -> ACCELERATION -> HEALTHY_TREND -> WEAK_TREND -> PULLBACK -> ACCELERATION -> HEALTHY_TREND -> PULLBACK -> ACCELERATION -> WEAK_TREND -> PULLBACK -> ACCELERATION -> WEAK_TREND -> PULLBACK -> FAKE_BREAKOUT -> PULLBACK -> EXHAUSTION -> PULLBACK -> ACCELERATION -> EXHAUSTION -> FAKE_BREAKOUT -> PULLBACK -> ACCELERATION -> PULLBACK -> EXHAUSTION -> PULLBACK -> EXHAUSTION -> PULLBACK -> FAKE_BREAKOUT -> EXIT,35,FAKE_BREAKOUT,2.0078
long_2026-06-15T080000_ICPUSDT,long,2026-06-15 08:00:00,ICPUSDT,EARLY_BREAKOUT -> ACCELERATION -> HEALTHY_TREND -> ACCELERATION -> WEAK_TREND -> HEALTHY_TREND -> WEAK_TREND -> HEALTHY_TREND -> ACCELERATION -> WEAK_TREND -> ACCELERATION -> WEAK_TREND -> ACCELERATION -> WEAK_TREND -> ACCELERATION -> WEAK_TREND -> HEALTHY_TREND -> ACCELERATION -> HEALTHY_TREND -> WEAK_TREND -> ACCELERATION -> PULLBACK -> HEALTHY_TREND -> PULLBACK -> EXHAUSTION -> FAKE_BREAKOUT -> PULLBACK -> EXHAUSTION -> FAKE_BREAKOUT -> ACCELERATION -> PULLBACK -> ACCELERATION -> EXHAUSTION -> ACCELERATION -> PULLBACK -> EXIT,35,PULLBACK,2.8939
long_2026-06-15T080000_OPGUSDT,long,2026-06-15 08:00:00,OPGUSDT,EARLY_BREAKOUT -> EXHAUSTION -> ACCELERATION -> REVERSAL -> FAKE_BREAKOUT -> REVERSAL -> ACCELERATION -> FAKE_BREAKOUT -> REVERSAL -> EXIT,9,REVERSAL,-32.4077
long_2026-06-15T080000_JELLYJELLYUSDT,long,2026-06-15 08:00:00,JELLYJELLYUSDT,EARLY_BREAKOUT -> ACCELERATION -> EARLY_BREAKOUT -> ACCELERATION -> WEAK_TREND -> ACCELERATION -> FAKE_BREAKOUT -> ACCELERATION -> HEALTHY_TREND -> ACCELERATION -> HEALTHY_TREND -> ACCELERATION -> WEAK_TREND -> ACCELERATION -> EXHAUSTION -> PULLBACK -> HEALTHY_TREND -> WEAK_TREND -> ACCELERATION -> HEALTHY_TREND -> ACCELERATION -> HEALTHY_TREND -> ACCELERATION -> REVERSAL -> EXIT,24,REVERSAL,-20.1118
short_2026-06-15T080000_LABUSDT,short,2026-06-15 08:00:00,LABUSDT,EARLY_BREAKOUT -> ACCELERATION -> HEALTHY_TREND -> PULLBACK -> EXHAUSTION -> FAKE_BREAKOUT -> PULLBACK -> ACCELERATION -> HEALTHY_TREND -> WEAK_TREND -> ACCELERATION -> PULLBACK -> ACCELERATION -> WEAK_TREND -> ACCELERATION -> WEAK_TREND -> PULLBACK -> HEALTHY_TREND -> PULLBACK -> ACCELERATION -> HEALTHY_TREND -> PULLBACK -> ACCELERATION -> PULLBACK -> ACCELERATION -> HEALTHY_TREND -> PULLBACK -> ACCELERATION -> PULLBACK -> ACCELERATION -> WEAK_TREND -> ACCELERATION -> PULLBACK -> HEALTHY_TREND -> PULLBACK -> EXIT,35,PULLBACK,15.9692
short_2026-06-15T080000_OPGUSDT,short,2026-06-15 08:00:00,OPGUSDT,EARLY_BREAKOUT -> REVERSAL -> ACCELERATION -> WEAK_TREND -> ACCELERATION -> HEALTHY_TREND -> WEAK_TREND -> REVERSAL -> ACCELERATION -> HEALTHY_TREND -> PULLBACK -> ACCELERATION -> PULLBACK -> ACCELERATION -> PULLBACK -> ACCELERATION -> PULLBACK -> ACCELERATION -> HEALTHY_TREND -> ACCELERATION -> HEALTHY_TREND -> PULLBACK -> ACCELERATION -> HEALTHY_TREND -> ACCELERATION -> HEALTHY_TREND -> PULLBACK -> ACCELERATION -> PULLBACK -> ACCELERATION -> HEALTHY_TREND -> PULLBACK -> ACCELERATION -> PULLBACK -> EXIT,34,PULLBACK,32.4077
short_2026-06-15T080000_OPNUSDT,short,2026-06-15 08:00:00,OPNUSDT,EARLY_BREAKOUT -> ACCELERATION -> WEAK_TREND -> REVERSAL -> PULLBACK -> WEAK_TREND -> ACCELERATION -> HEALTHY_TREND -> WEAK_TREND -> PULLBACK -> WEAK_TREND -> HEALTHY_TREND -> ACCELERATION -> HEALTHY_TREND -> ACCELERATION -> WEAK_TREND -> ACCELERATION -> WEAK_TREND -> ACCELERATION -> WEAK_TREND -> HEALTHY_TREND -> ACCELERATION -> WEAK_TREND -> ACCELERATION -> WEAK_TREND -> ACCELERATION -> WEAK_TREND -> HEALTHY_TREND -> WEAK_TREND -> ACCELERATION -> PULLBACK -> EXHAUSTION -> EXIT,32,EXHAUSTION,2.1951
short_2026-06-15T080000_BASEDUSDT,short,2026-06-15 08:00:00,BASEDUSDT,EARLY_BREAKOUT -> ACCELERATION -> WEAK_TREND -> HEALTHY_TREND -> PULLBACK -> REVERSAL -> ACCELERATION -> PULLBACK -> ACCELERATION -> PULLBACK -> REVERSAL -> EXIT,11,REVERSAL,-7.6944
short_2026-06-15T080000_JELLYJELLYUSDT,short,2026-06-15 08:00:00,JELLYJELLYUSDT,EARLY_BREAKOUT -> ACCELERATION -> EARLY_BREAKOUT -> ACCELERATION -> REVERSAL -> WEAK_TREND -> REVERSAL -> ACCELERATION -> HEALTHY_TREND -> ACCELERATION -> WEAK_TREND -> PULLBACK -> ACCELERATION -> WEAK_TREND -> ACCELERATION -> PULLBACK -> HEALTHY_TREND -> PULLBACK -> EXIT,18,PULLBACK,20.1118
long_2026-06-15T100000_PIEVERSEUSDT,long,2026-06-15 10:00:00,PIEVERSEUSDT,EARLY_BREAKOUT -> EXHAUSTION -> PULLBACK -> ACCELERATION -> EXHAUSTION -> ACCELERATION -> EXHAUSTION -> FAKE_BREAKOUT -> ACCELERATION -> PULLBACK -> EXHAUSTION -> ACCELERATION -> WEAK_TREND -> EXHAUSTION -> ACCELERATION -> EXHAUSTION -> PULLBACK -> ACCELERATION -> HEALTHY_TREND -> WEAK_TREND -> ACCELERATION -> PULLBACK -> EXHAUSTION -> ACCELERATION -> EXHAUSTION -> PULLBACK -> ACCELERATION -> HEALTHY_TREND -> PULLBACK -> EXIT,29,PULLBACK,6.2155
long_2026-06-15T100000_AKTUSDT,long,2026-06-15 10:00:00,AKTUSDT,EARLY_BREAKOUT -> ACCELERATION -> EARLY_BREAKOUT -> EXHAUSTION -> PULLBACK -> EXHAUSTION -> ACCELERATION -> HEALTHY_TREND -> PULLBACK -> ACCELERATION -> WEAK_TREND -> PULLBACK -> ACCELERATION -> WEAK_TREND -> PULLBACK -> FAKE_BREAKOUT -> REVERSAL -> FAKE_BREAKOUT -> ACCELERATION -> FAKE_BREAKOUT -> REVERSAL -> FAKE_BREAKOUT -> ACCELERATION -> FAKE_BREAKOUT -> PULLBACK -> EXHAUSTION -> REVERSAL -> EXIT,27,REVERSAL,-2.8715
long_2026-06-15T100000_EVAAUSDT,long,2026-06-15 10:00:00,EVAAUSDT,EARLY_BREAKOUT -> ACCELERATION -> FAKE_BREAKOUT -> ACCELERATION -> PULLBACK -> ACCELERATION -> PULLBACK -> ACCELERATION -> PULLBACK -> ACCELERATION -> HEALTHY_TREND -> ACCELERATION -> HEALTHY_TREND -> ACCELERATION -> PULLBACK -> ACCELERATION -> HEALTHY_TREND -> PULLBACK -> ACCELERATION -> HEALTHY_TREND -> PULLBACK -> ACCELERATION -> WEAK_TREND -> ACCELERATION -> HEALTHY_TREND -> WEAK_TREND -> ACCELERATION -> PULLBACK -> ACCELERATION -> PULLBACK -> ACCELERATION -> PULLBACK -> EXIT,32,PULLBACK,51.3277
long_2026-06-15T100000_GRASSUSDT,long,2026-06-15 10:00:00,GRASSUSDT,EARLY_BREAKOUT -> ACCELERATION -> HEALTHY_TREND -> WEAK_TREND -> ACCELERATION -> HEALTHY_TREND -> ACCELERATION -> HEALTHY_TREND -> ACCELERATION -> HEALTHY_TREND -> EXHAUSTION -> ACCELERATION -> FAKE_BREAKOUT -> ACCELERATION -> PULLBACK -> ACCELERATION -> WEAK_TREND -> ACCELERATION -> HEALTHY_TREND -> ACCELERATION -> HEALTHY_TREND -> ACCELERATION -> PULLBACK -> EXHAUSTION -> PULLBACK -> EXHAUSTION -> PULLBACK -> EXHAUSTION -> FAKE_BREAKOUT -> PULLBACK -> EXHAUSTION -> FAKE_BREAKOUT -> ACCELERATION -> PULLBACK -> EXHAUSTION -> ACCELERATION -> PULLBACK -> ACCELERATION -> PULLBACK -> EXIT,39,PULLBACK,10.2436
long_2026-06-15T100000_ALLOUSDT,long,2026-06-15 10:00:00,ALLOUSDT,EARLY_BREAKOUT -> ACCELERATION -> WEAK_TREND -> REVERSAL -> ACCELERATION -> REVERSAL -> ACCELERATION -> HEALTHY_TREND -> PULLBACK -> FAKE_BREAKOUT -> ACCELERATION -> EXIT,11,ACCELERATION,5.2354
short_2026-06-15T100000_OPGUSDT,short,2026-06-15 10:00:00,OPGUSDT,EARLY_BREAKOUT -> REVERSAL -> ACCELERATION -> HEALTHY_TREND -> PULLBACK -> ACCELERATION -> PULLBACK -> ACCELERATION -> PULLBACK -> ACCELERATION -> PULLBACK -> ACCELERATION -> HEALTHY_TREND -> ACCELERATION -> HEALTHY_TREND -> PULLBACK -> ACCELERATION -> HEALTHY_TREND -> ACCELERATION -> HEALTHY_TREND -> PULLBACK -> ACCELERATION -> PULLBACK -> ACCELERATION -> HEALTHY_TREND -> PULLBACK -> ACCELERATION -> PULLBACK -> ACCELERATION -> PULLBACK -> ACCELERATION -> PULLBACK -> EXIT,32,PULLBACK,36.406
short_2026-06-15T100000_HUSDT,short,2026-06-15 10:00:00,HUSDT,EARLY_BREAKOUT -> PULLBACK -> FAKE_BREAKOUT -> ACCELERATION -> PULLBACK -> FAKE_BREAKOUT -> ACCELERATION -> PULLBACK -> ACCELERATION -> WEAK_TREND -> ACCELERATION -> PULLBACK -> ACCELERATION -> PULLBACK -> ACCELERATION -> PULLBACK -> EXHAUSTION -> FAKE_BREAKOUT -> REVERSAL -> FAKE_BREAKOUT -> ACCELERATION -> PULLBACK -> ACCELERATION -> HEALTHY_TREND -> ACCELERATION -> PULLBACK -> EXIT,26,PULLBACK,28.1054
short_2026-06-15T100000_LABUSDT,short,2026-06-15 10:00:00,LABUSDT,EARLY_BREAKOUT -> ACCELERATION -> EARLY_BREAKOUT -> HEALTHY_TREND -> WEAK_TREND -> ACCELERATION -> PULLBACK -> ACCELERATION -> WEAK_TREND -> ACCELERATION -> WEAK_TREND -> PULLBACK -> HEALTHY_TREND -> PULLBACK -> ACCELERATION -> HEALTHY_TREND -> PULLBACK -> EXHAUSTION -> ACCELERATION -> PULLBACK -> ACCELERATION -> HEALTHY_TREND -> PULLBACK -> ACCELERATION -> PULLBACK -> ACCELERATION -> WEAK_TREND -> ACCELERATION -> PULLBACK -> HEALTHY_TREND -> PULLBACK -> ACCELERATION -> HEALTHY_TREND -> ACCELERATION -> PULLBACK -> EXIT,35,PULLBACK,12.9029
short_2026-06-15T100000_FOLKSUSDT,short,2026-06-15 10:00:00,FOLKSUSDT,EARLY_BREAKOUT -> ACCELERATION -> HEALTHY_TREND -> ACCELERATION -> WEAK_TREND -> PULLBACK -> HEALTHY_TREND -> WEAK_TREND -> PULLBACK -> EXHAUSTION -> PULLBACK -> HEALTHY_TREND -> ACCELERATION -> PULLBACK -> ACCELERATION -> WEAK_TREND -> PULLBACK -> REVERSAL -> FAKE_BREAKOUT -> ACCELERATION -> EXHAUSTION -> FAKE_BREAKOUT -> REVERSAL -> FAKE_BREAKOUT -> ACCELERATION -> FAKE_BREAKOUT -> REVERSAL -> EXIT,27,REVERSAL,-1.4477
short_2026-06-15T100000_JELLYJELLYUSDT,short,2026-06-15 10:00:00,JELLYJELLYUSDT,EARLY_BREAKOUT -> WEAK_TREND -> ACCELERATION -> FAKE_BREAKOUT -> REVERSAL -> FAKE_BREAKOUT -> REVERSAL -> ACCELERATION -> HEALTHY_TREND -> ACCELERATION -> WEAK_TREND -> PULLBACK -> ACCELERATION -> WEAK_TREND -> ACCELERATION -> PULLBACK -> HEALTHY_TREND -> PULLBACK -> ACCELERATION -> HEALTHY_TREND -> WEAK_TREND -> HEALTHY_TREND -> PULLBACK -> EXIT,23,PULLBACK,22.8908
long_2026-06-15T120000_EVAAUSDT,long,2026-06-15 12:00:00,EVAAUSDT,EARLY_BREAKOUT -> ACCELERATION -> PULLBACK -> ACCELERATION -> HEALTHY_TREND -> ACCELERATION -> HEALTHY_TREND -> ACCELERATION -> PULLBACK -> EXHAUSTION -> PULLBACK -> EXHAUSTION -> ACCELERATION -> HEALTHY_TREND -> PULLBACK -> ACCELERATION -> HEALTHY_TREND -> PULLBACK -> ACCELERATION -> WEAK_TREND -> ACCELERATION -> HEALTHY_TREND -> WEAK_TREND -> ACCELERATION -> PULLBACK -> EXHAUSTION -> ACCELERATION -> PULLBACK -> ACCELERATION -> PULLBACK -> EXHAUSTION -> PULLBACK -> FAKE_BREAKOUT -> ACCELERATION -> PULLBACK -> EXIT,35,PULLBACK,30.9568
long_2026-06-15T120000_HUSDT,long,2026-06-15 12:00:00,HUSDT,EARLY_BREAKOUT -> ACCELERATION -> EARLY_BREAKOUT -> PULLBACK -> REVERSAL -> FAKE_BREAKOUT -> ACCELERATION -> HEALTHY_TREND -> ACCELERATION -> HEALTHY_TREND -> PULLBACK -> ACCELERATION -> WEAK_TREND -> PULLBACK -> FAKE_BREAKOUT -> REVERSAL -> EXIT,16,REVERSAL,-30.5123
long_2026-06-15T120000_BARDUSDT,long,2026-06-15 12:00:00,BARDUSDT,EARLY_BREAKOUT -> ACCELERATION -> WEAK_TREND -> PULLBACK -> EXHAUSTION -> FAKE_BREAKOUT -> PULLBACK -> FAKE_BREAKOUT -> ACCELERATION -> PULLBACK -> ACCELERATION -> EXHAUSTION -> ACCELERATION -> EXHAUSTION -> FAKE_BREAKOUT -> ACCELERATION -> PULLBACK -> EXHAUSTION -> ACCELERATION -> WEAK_TREND -> ACCELERATION -> HEALTHY_TREND -> ACCELERATION -> WEAK_TREND -> HEALTHY_TREND -> WEAK_TREND -> HEALTHY_TREND -> WEAK_TREND -> HEALTHY_TREND -> PULLBACK -> EXIT,30,PULLBACK,3.44
long_2026-06-15T120000_CLANKERUSDT,long,2026-06-15 12:00:00,CLANKERUSDT,EARLY_BREAKOUT -> ACCELERATION -> WEAK_TREND -> ACCELERATION -> HEALTHY_TREND -> WEAK_TREND -> ACCELERATION -> PULLBACK -> HEALTHY_TREND -> WEAK_TREND -> EXHAUSTION -> PULLBACK -> ACCELERATION -> PULLBACK -> EXHAUSTION -> PULLBACK -> EXHAUSTION -> PULLBACK -> EXHAUSTION -> ACCELERATION -> EXHAUSTION -> PULLBACK -> ACCELERATION -> WEAK_TREND -> ACCELERATION -> WEAK_TREND -> ACCELERATION -> HEALTHY_TREND -> WEAK_TREND -> ACCELERATION -> WEAK_TREND -> ACCELERATION -> HEALTHY_TREND -> WEAK_TREND -> PULLBACK -> HEALTHY_TREND -> PULLBACK -> HEALTHY_TREND -> ACCELERATION -> EXIT,39,ACCELERATION,6.9737
long_2026-06-15T120000_JUPUSDT,long,2026-06-15 12:00:00,JUPUSDT,EARLY_BREAKOUT -> ACCELERATION -> PULLBACK -> ACCELERATION -> HEALTHY_TREND -> ACCELERATION -> WEAK_TREND -> ACCELERATION -> HEALTHY_TREND -> ACCELERATION -> WEAK_TREND -> HEALTHY_TREND -> WEAK_TREND -> FAKE_BREAKOUT -> PULLBACK -> HEALTHY_TREND -> WEAK_TREND -> FAKE_BREAKOUT -> PULLBACK -> ACCELERATION -> EXHAUSTION -> PULLBACK -> ACCELERATION -> HEALTHY_TREND -> EXHAUSTION -> ACCELERATION -> WEAK_TREND -> ACCELERATION -> HEALTHY_TREND -> ACCELERATION -> HEALTHY_TREND -> WEAK_TREND -> ACCELERATION -> WEAK_TREND -> PULLBACK -> ACCELERATION -> HEALTHY_TREND -> WEAK_TREND -> PULLBACK -> EXIT,39,PULLBACK,4.395
short_2026-06-15T120000_OPGUSDT,short,2026-06-15 12:00:00,OPGUSDT,EARLY_BREAKOUT -> WEAK_TREND -> ACCELERATION -> HEALTHY_TREND -> ACCELERATION -> PULLBACK -> ACCELERATION -> HEALTHY_TREND -> ACCELERATION -> HEALTHY_TREND -> PULLBACK -> ACCELERATION -> HEALTHY_TREND -> ACCELERATION -> HEALTHY_TREND -> PULLBACK -> ACCELERATION -> PULLBACK -> ACCELERATION -> HEALTHY_TREND -> EXHAUSTION -> PULLBACK -> EXHAUSTION -> ACCELERATION -> EXHAUSTION -> ACCELERATION -> PULLBACK -> ACCELERATION -> PULLBACK -> ACCELERATION -> PULLBACK -> ACCELERATION -> EXIT,32,ACCELERATION,29.2065
short_2026-06-15T120000_LABUSDT,short,2026-06-15 12:00:00,LABUSDT,EARLY_BREAKOUT -> ACCELERATION -> WEAK_TREND -> ACCELERATION -> WEAK_TREND -> FAKE_BREAKOUT -> HEALTHY_TREND -> EXHAUSTION -> ACCELERATION -> HEALTHY_TREND -> REVERSAL -> FAKE_BREAKOUT -> REVERSAL -> FAKE_BREAKOUT -> ACCELERATION -> HEALTHY_TREND -> PULLBACK -> ACCELERATION -> PULLBACK -> ACCELERATION -> PULLBACK -> ACCELERATION -> PULLBACK -> HEALTHY_TREND -> PULLBACK -> ACCELERATION -> HEALTHY_TREND -> ACCELERATION -> PULLBACK -> ACCELERATION -> PULLBACK -> ACCELERATION -> PULLBACK -> EXIT,33,PULLBACK,6.98
short_2026-06-15T120000_BEATUSDT,short,2026-06-15 12:00:00,BEATUSDT,EARLY_BREAKOUT -> ACCELERATION -> EARLY_BREAKOUT -> WEAK_TREND -> REVERSAL -> WEAK_TREND -> HEALTHY_TREND -> WEAK_TREND -> ACCELERATION -> WEAK_TREND -> ACCELERATION -> HEALTHY_TREND -> WEAK_TREND -> ACCELERATION -> WEAK_TREND -> ACCELERATION -> WEAK_TREND -> ACCELERATION -> WEAK_TREND -> ACCELERATION -> PULLBACK -> ACCELERATION -> WEAK_TREND -> ACCELERATION -> PULLBACK -> ACCELERATION -> PULLBACK -> HEALTHY_TREND -> PULLBACK -> ACCELERATION -> HEALTHY_TREND -> ACCELERATION -> PULLBACK -> ACCELERATION -> HEALTHY_TREND -> ACCELERATION -> PULLBACK -> EXIT,37,PULLBACK,25.8627
short_2026-06-15T120000_CLOUSDT,short,2026-06-15 12:00:00,CLOUSDT,EARLY_BREAKOUT -> ACCELERATION -> EARLY_BREAKOUT -> FAKE_BREAKOUT -> PULLBACK -> REVERSAL -> FAKE_BREAKOUT -> REVERSAL -> FAKE_BREAKOUT -> REVERSAL -> EXIT,10,REVERSAL,-2.6317
short_2026-06-15T120000_AIOUSDT,short,2026-06-15 12:00:00,AIOUSDT,EARLY_BREAKOUT -> WEAK_TREND -> ACCELERATION -> PULLBACK -> ACCELERATION -> WEAK_TREND -> ACCELERATION -> PULLBACK -> ACCELERATION -> PULLBACK -> REVERSAL -> WEAK_TREND -> ACCELERATION -> HEALTHY_TREND -> ACCELERATION -> WEAK_TREND -> PULLBACK -> ACCELERATION -> HEALTHY_TREND -> ACCELERATION -> EXHAUSTION -> ACCELERATION -> PULLBACK -> EXHAUSTION -> PULLBACK -> ACCELERATION -> EXHAUSTION -> FAKE_BREAKOUT -> PULLBACK -> EXHAUSTION -> ACCELERATION -> EXIT,31,ACCELERATION,4.9636
long_2026-06-15T140000_GRASSUSDT,long,2026-06-15 14:00:00,GRASSUSDT,EARLY_BREAKOUT -> ACCELERATION -> WEAK_TREND -> ACCELERATION -> WEAK_TREND -> ACCELERATION -> HEALTHY_TREND -> ACCELERATION -> HEALTHY_TREND -> ACCELERATION -> PULLBACK -> EXHAUSTION -> PULLBACK -> EXHAUSTION -> PULLBACK -> FAKE_BREAKOUT -> PULLBACK -> FAKE_BREAKOUT -> ACCELERATION -> PULLBACK -> ACCELERATION -> PULLBACK -> ACCELERATION -> HEALTHY_TREND -> ACCELERATION -> PULLBACK -> ACCELERATION -> EXIT,27,ACCELERATION,8.7668
long_2026-06-15T140000_ARCUSDT,long,2026-06-15 14:00:00,ARCUSDT,EARLY_BREAKOUT -> ACCELERATION -> WEAK_TREND -> ACCELERATION -> HEALTHY_TREND -> WEAK_TREND -> ACCELERATION -> WEAK_TREND -> ACCELERATION -> WEAK_TREND -> HEALTHY_TREND -> WEAK_TREND -> HEALTHY_TREND -> WEAK_TREND -> ACCELERATION -> WEAK_TREND -> EXHAUSTION -> FAKE_BREAKOUT -> PULLBACK -> EXHAUSTION -> FAKE_BREAKOUT -> ACCELERATION -> HEALTHY_TREND -> WEAK_TREND -> PULLBACK -> ACCELERATION -> PULLBACK -> EXHAUSTION -> PULLBACK -> EXHAUSTION -> ACCELERATION -> PULLBACK -> EXHAUSTION -> ACCELERATION -> PULLBACK -> ACCELERATION -> PULLBACK -> EXIT,37,PULLBACK,3.2712
long_2026-06-15T140000_ENAUSDT,long,2026-06-15 14:00:00,ENAUSDT,EARLY_BREAKOUT -> ACCELERATION -> WEAK_TREND -> ACCELERATION -> EXHAUSTION -> PULLBACK -> EXHAUSTION -> ACCELERATION -> EXHAUSTION -> PULLBACK -> FAKE_BREAKOUT -> ACCELERATION -> EXHAUSTION -> PULLBACK -> FAKE_BREAKOUT -> ACCELERATION -> PULLBACK -> FAKE_BREAKOUT -> ACCELERATION -> WEAK_TREND -> ACCELERATION -> PULLBACK -> HEALTHY_TREND -> ACCELERATION -> WEAK_TREND -> ACCELERATION -> HEALTHY_TREND -> ACCELERATION -> WEAK_TREND -> PULLBACK -> ACCELERATION -> PULLBACK -> HEALTHY_TREND -> PULLBACK -> ACCELERATION -> HEALTHY_TREND -> WEAK_TREND -> ACCELERATION -> WEAK_TREND -> PULLBACK -> EXIT,40,PULLBACK,4.6779
long_2026-06-15T140000_BEATUSDT,long,2026-06-15 14:00:00,BEATUSDT,EARLY_BREAKOUT -> ACCELERATION -> WEAK_TREND -> REVERSAL -> EXIT,4,REVERSAL,-30.1243
long_2026-06-15T140000_LUMIAUSDT,long,2026-06-15 14:00:00,LUMIAUSDT,EARLY_BREAKOUT -> WEAK_TREND -> ACCELERATION -> HEALTHY_TREND -> WEAK_TREND -> PULLBACK -> WEAK_TREND -> HEALTHY_TREND -> ACCELERATION -> WEAK_TREND -> ACCELERATION -> WEAK_TREND -> PULLBACK -> ACCELERATION -> HEALTHY_TREND -> ACCELERATION -> HEALTHY_TREND -> ACCELERATION -> WEAK_TREND -> ACCELERATION -> HEALTHY_TREND -> WEAK_TREND -> ACCELERATION -> HEALTHY_TREND -> ACCELERATION -> WEAK_TREND -> PULLBACK -> EXHAUSTION -> PULLBACK -> EXHAUSTION -> FAKE_BREAKOUT -> EXIT,31,FAKE_BREAKOUT,1.7586
short_2026-06-15T140000_HUSDT,short,2026-06-15 14:00:00,HUSDT,EARLY_BREAKOUT -> WEAK_TREND -> ACCELERATION -> PULLBACK -> ACCELERATION -> PULLBACK -> ACCELERATION -> PULLBACK -> FAKE_BREAKOUT -> REVERSAL -> ACCELERATION -> PULLBACK -> ACCELERATION -> HEALTHY_TREND -> ACCELERATION -> PULLBACK -> EXHAUSTION -> FAKE_BREAKOUT -> ACCELERATION -> PULLBACK -> ACCELERATION -> PULLBACK -> ACCELERATION -> PULLBACK -> EXIT,24,PULLBACK,26.929
short_2026-06-15T140000_EVAAUSDT,short,2026-06-15 14:00:00,EVAAUSDT,EARLY_BREAKOUT -> ACCELERATION -> HEALTHY_TREND -> FAKE_BREAKOUT -> ACCELERATION -> HEALTHY_TREND -> EXHAUSTION -> FAKE_BREAKOUT -> REVERSAL -> FAKE_BREAKOUT -> REVERSAL -> FAKE_BREAKOUT -> REVERSAL -> EXIT,13,REVERSAL,-18.9195
short_2026-06-15T140000_AKTUSDT,short,2026-06-15 14:00:00,AKTUSDT,EARLY_BREAKOUT -> WEAK_TREND -> ACCELERATION -> WEAK_TREND -> ACCELERATION -> WEAK_TREND -> EXHAUSTION -> FAKE_BREAKOUT -> PULLBACK -> HEALTHY_TREND -> WEAK_TREND -> PULLBACK -> EXHAUSTION -> REVERSAL -> PULLBACK -> HEALTHY_TREND -> EXHAUSTION -> FAKE_BREAKOUT -> ACCELERATION -> WEAK_TREND -> ACCELERATION -> WEAK_TREND -> ACCELERATION -> WEAK_TREND -> ACCELERATION -> HEALTHY_TREND -> WEAK_TREND -> ACCELERATION -> PULLBACK -> ACCELERATION -> HEALTHY_TREND -> ACCELERATION -> PULLBACK -> EXHAUSTION -> PULLBACK -> ACCELERATION -> EXIT,36,ACCELERATION,6.0404
short_2026-06-15T140000_AIOTUSDT,short,2026-06-15 14:00:00,AIOTUSDT,EARLY_BREAKOUT -> WEAK_TREND -> ACCELERATION -> HEALTHY_TREND -> WEAK_TREND -> FAKE_BREAKOUT -> HEALTHY_TREND -> FAKE_BREAKOUT -> HEALTHY_TREND -> ACCELERATION -> WEAK_TREND -> FAKE_BREAKOUT -> REVERSAL -> EXIT,13,REVERSAL,-2.2982
short_2026-06-15T140000_OPENUSDT,short,2026-06-15 14:00:00,OPENUSDT,EARLY_BREAKOUT -> ACCELERATION -> WEAK_TREND -> ACCELERATION -> HEALTHY_TREND -> ACCELERATION -> HEALTHY_TREND -> WEAK_TREND -> ACCELERATION -> WEAK_TREND -> ACCELERATION -> WEAK_TREND -> EXHAUSTION -> HEALTHY_TREND -> WEAK_TREND -> ACCELERATION -> WEAK_TREND -> PULLBACK -> EXHAUSTION -> ACCELERATION -> EXHAUSTION -> PULLBACK -> ACCELERATION -> PULLBACK -> ACCELERATION -> PULLBACK -> ACCELERATION -> HEALTHY_TREND -> WEAK_TREND -> ACCELERATION -> WEAK_TREND -> HEALTHY_TREND -> PULLBACK -> HEALTHY_TREND -> EXIT,34,HEALTHY_TREND,6.7871
long_2026-06-15T160000_EVAAUSDT,long,2026-06-15 16:00:00,EVAAUSDT,EARLY_BREAKOUT -> ACCELERATION -> EARLY_BREAKOUT -> PULLBACK -> ACCELERATION -> HEALTHY_TREND -> PULLBACK -> ACCELERATION -> WEAK_TREND -> ACCELERATION -> HEALTHY_TREND -> WEAK_TREND -> ACCELERATION -> PULLBACK -> FAKE_BREAKOUT -> ACCELERATION -> PULLBACK -> ACCELERATION -> PULLBACK -> FAKE_BREAKOUT -> ACCELERATION -> PULLBACK -> ACCELERATION -> PULLBACK -> ACCELERATION -> PULLBACK -> ACCELERATION -> PULLBACK -> HEALTHY_TREND -> ACCELERATION -> WEAK_TREND -> PULLBACK -> ACCELERATION -> WEAK_TREND -> EXIT,34,WEAK_TREND,46.152
long_2026-06-15T160000_METUSDT,long,2026-06-15 16:00:00,METUSDT,EARLY_BREAKOUT -> ACCELERATION -> EARLY_BREAKOUT -> ACCELERATION -> FAKE_BREAKOUT -> REVERSAL -> FAKE_BREAKOUT -> PULLBACK -> EXHAUSTION -> FAKE_BREAKOUT -> ACCELERATION -> EXHAUSTION -> ACCELERATION -> EXHAUSTION -> ACCELERATION -> PULLBACK -> ACCELERATION -> WEAK_TREND -> PULLBACK -> EXHAUSTION -> PULLBACK -> EXHAUSTION -> FAKE_BREAKOUT -> PULLBACK -> EXIT,24,PULLBACK,3.2202
long_2026-06-15T160000_CLOUSDT,long,2026-06-15 16:00:00,CLOUSDT,EARLY_BREAKOUT -> ACCELERATION -> EARLY_BREAKOUT -> FAKE_BREAKOUT -> REVERSAL -> ACCELERATION -> REVERSAL -> FAKE_BREAKOUT -> REVERSAL -> EXIT,9,REVERSAL,-23.8125
long_2026-06-15T160000_DUSKUSDT,long,2026-06-15 16:00:00,DUSKUSDT,EARLY_BREAKOUT -> WEAK_TREND -> EXHAUSTION -> HEALTHY_TREND -> EXHAUSTION -> ACCELERATION -> HEALTHY_TREND -> EXHAUSTION -> ACCELERATION -> HEALTHY_TREND -> WEAK_TREND -> ACCELERATION -> WEAK_TREND -> ACCELERATION -> WEAK_TREND -> ACCELERATION -> HEALTHY_TREND -> WEAK_TREND -> ACCELERATION -> WEAK_TREND -> ACCELERATION -> HEALTHY_TREND -> PULLBACK -> EXHAUSTION -> PULLBACK -> EXIT,25,PULLBACK,5.1469
long_2026-06-15T160000_PARTIUSDT,long,2026-06-15 16:00:00,PARTIUSDT,EARLY_BREAKOUT -> ACCELERATION -> WEAK_TREND -> ACCELERATION -> WEAK_TREND -> ACCELERATION -> PULLBACK -> EXHAUSTION -> PULLBACK -> EXHAUSTION -> ACCELERATION -> EXHAUSTION -> PULLBACK -> ACCELERATION -> PULLBACK -> ACCELERATION -> EXHAUSTION -> FAKE_BREAKOUT -> PULLBACK -> FAKE_BREAKOUT -> EXIT,20,FAKE_BREAKOUT,1.1798
short_2026-06-15T160000_JELLYJELLYUSDT,short,2026-06-15 16:00:00,JELLYJELLYUSDT,EARLY_BREAKOUT -> ACCELERATION -> EARLY_BREAKOUT -> ACCELERATION -> WEAK_TREND -> PULLBACK -> ACCELERATION -> WEAK_TREND -> ACCELERATION -> PULLBACK -> HEALTHY_TREND -> PULLBACK -> ACCELERATION -> HEALTHY_TREND -> WEAK_TREND -> HEALTHY_TREND -> PULLBACK -> ACCELERATION -> WEAK_TREND -> ACCELERATION -> WEAK_TREND -> PULLBACK -> ACCELERATION -> WEAK_TREND -> ACCELERATION -> HEALTHY_TREND -> WEAK_TREND -> PULLBACK -> EXIT,28,PULLBACK,27.9671
short_2026-06-15T160000_GWEIUSDT,short,2026-06-15 16:00:00,GWEIUSDT,EARLY_BREAKOUT -> ACCELERATION -> EARLY_BREAKOUT -> ACCELERATION -> WEAK_TREND -> PULLBACK -> EXHAUSTION -> PULLBACK -> EXHAUSTION -> PULLBACK -> EXHAUSTION -> ACCELERATION -> EXHAUSTION -> ACCELERATION -> EXHAUSTION -> PULLBACK -> EXHAUSTION -> ACCELERATION -> EXHAUSTION -> PULLBACK -> EXHAUSTION -> PULLBACK -> EXHAUSTION -> PULLBACK -> ACCELERATION -> EXHAUSTION -> ACCELERATION -> PULLBACK -> ACCELERATION -> PULLBACK -> EXHAUSTION -> PULLBACK -> ACCELERATION -> PULLBACK -> EXIT,34,PULLBACK,10.1982
short_2026-06-15T160000_BEATUSDT,short,2026-06-15 16:00:00,BEATUSDT,EARLY_BREAKOUT -> ACCELERATION -> EARLY_BREAKOUT -> ACCELERATION -> HEALTHY_TREND -> WEAK_TREND -> ACCELERATION -> WEAK_TREND -> ACCELERATION -> WEAK_TREND -> ACCELERATION -> WEAK_TREND -> ACCELERATION -> PULLBACK -> ACCELERATION -> WEAK_TREND -> ACCELERATION -> PULLBACK -> ACCELERATION -> PULLBACK -> HEALTHY_TREND -> PULLBACK -> ACCELERATION -> HEALTHY_TREND -> ACCELERATION -> PULLBACK -> ACCELERATION -> HEALTHY_TREND -> ACCELERATION -> PULLBACK -> ACCELERATION -> HEALTHY_TREND -> PULLBACK -> ACCELERATION -> PULLBACK -> ACCELERATION -> PULLBACK -> EXIT,37,PULLBACK,25.5333
short_2026-06-15T160000_BSBUSDT,short,2026-06-15 16:00:00,BSBUSDT,EARLY_BREAKOUT -> ACCELERATION -> PULLBACK -> ACCELERATION -> HEALTHY_TREND -> EXHAUSTION -> ACCELERATION -> WEAK_TREND -> EXHAUSTION -> REVERSAL -> PULLBACK -> EXHAUSTION -> ACCELERATION -> EXHAUSTION -> FAKE_BREAKOUT -> REVERSAL -> EXIT,16,REVERSAL,-27.2161
short_2026-06-15T160000_JTOUSDT,short,2026-06-15 16:00:00,JTOUSDT,EARLY_BREAKOUT -> WEAK_TREND -> DEAD -> ACCELERATION -> WEAK_TREND -> EXHAUSTION -> REVERSAL -> WEAK_TREND -> PULLBACK -> EXHAUSTION -> REVERSAL -> EXIT,11,REVERSAL,-27.6557
long_2026-06-15T180000_MAGMAUSDT,long,2026-06-15 18:00:00,MAGMAUSDT,EARLY_BREAKOUT -> ACCELERATION -> EARLY_BREAKOUT -> PULLBACK -> ACCELERATION -> HEALTHY_TREND -> ACCELERATION -> PULLBACK -> ACCELERATION -> FAKE_BREAKOUT -> PULLBACK -> FAKE_BREAKOUT -> PULLBACK -> EXHAUSTION -> ACCELERATION -> PULLBACK -> EXHAUSTION -> PULLBACK -> EXHAUSTION -> PULLBACK -> ACCELERATION -> EXHAUSTION -> ACCELERATION -> EXHAUSTION -> ACCELERATION -> EXHAUSTION -> PULLBACK -> ACCELERATION -> EXHAUSTION -> PULLBACK -> ACCELERATION -> PULLBACK -> ACCELERATION -> PULLBACK -> ACCELERATION -> PULLBACK -> ACCELERATION -> PULLBACK -> EXIT,38,PULLBACK,11.7382
long_2026-06-15T180000_CLOUSDT,long,2026-06-15 18:00:00,CLOUSDT,EARLY_BREAKOUT -> WEAK_TREND -> ACCELERATION -> EXHAUSTION -> FAKE_BREAKOUT -> ACCELERATION -> PULLBACK -> ACCELERATION -> FAKE_BREAKOUT -> REVERSAL -> FAKE_BREAKOUT -> PULLBACK -> FAKE_BREAKOUT -> REVERSAL -> EXIT,14,REVERSAL,-24.0546
long_2026-06-15T180000_HUSDT,long,2026-06-15 18:00:00,HUSDT,EARLY_BREAKOUT -> REVERSAL -> ACCELERATION -> WEAK_TREND -> REVERSAL -> EXIT,5,REVERSAL,-58.2029
long_2026-06-15T180000_KAITOUSDT,long,2026-06-15 18:00:00,KAITOUSDT,EARLY_BREAKOUT -> WEAK_TREND -> EXHAUSTION -> PULLBACK -> EXHAUSTION -> PULLBACK -> HEALTHY_TREND -> PULLBACK -> ACCELERATION -> PULLBACK -> EXHAUSTION -> PULLBACK -> EXHAUSTION -> PULLBACK -> EXHAUSTION -> PULLBACK -> EXHAUSTION -> PULLBACK -> EXHAUSTION -> ACCELERATION -> FAKE_BREAKOUT -> PULLBACK -> EXHAUSTION -> PULLBACK -> EXHAUSTION -> ACCELERATION -> PULLBACK -> ACCELERATION -> PULLBACK -> ACCELERATION -> EXHAUSTION -> PULLBACK -> ACCELERATION -> WEAK_TREND -> ACCELERATION -> WEAK_TREND -> HEALTHY_TREND -> EXIT,37,HEALTHY_TREND,2.7701
long_2026-06-15T180000_BILLUSDT,long,2026-06-15 18:00:00,BILLUSDT,EARLY_BREAKOUT -> WEAK_TREND -> HEALTHY_TREND -> ACCELERATION -> HEALTHY_TREND -> ACCELERATION -> WEAK_TREND -> HEALTHY_TREND -> WEAK_TREND -> HEALTHY_TREND -> ACCELERATION -> WEAK_TREND -> ACCELERATION -> HEALTHY_TREND -> WEAK_TREND -> HEALTHY_TREND -> PULLBACK -> ACCELERATION -> HEALTHY_TREND -> PULLBACK -> ACCELERATION -> PULLBACK -> EXHAUSTION -> PULLBACK -> ACCELERATION -> PULLBACK -> EXHAUSTION -> PULLBACK -> FAKE_BREAKOUT -> REVERSAL -> FAKE_BREAKOUT -> EXIT,31,FAKE_BREAKOUT,0.0
short_2026-06-15T180000_AIOUSDT,short,2026-06-15 18:00:00,AIOUSDT,EARLY_BREAKOUT -> ACCELERATION -> HEALTHY_TREND -> ACCELERATION -> WEAK_TREND -> PULLBACK -> ACCELERATION -> HEALTHY_TREND -> ACCELERATION -> EXHAUSTION -> ACCELERATION -> PULLBACK -> ACCELERATION -> EXHAUSTION -> PULLBACK -> EXHAUSTION -> ACCELERATION -> EXHAUSTION -> PULLBACK -> ACCELERATION -> EXHAUSTION -> ACCELERATION -> EXHAUSTION -> ACCELERATION -> EXHAUSTION -> ACCELERATION -> EXHAUSTION -> PULLBACK -> EXHAUSTION -> PULLBACK -> EXHAUSTION -> ACCELERATION -> EXHAUSTION -> PULLBACK -> EXIT,34,PULLBACK,6.6483
short_2026-06-15T180000_GRASSUSDT,short,2026-06-15 18:00:00,GRASSUSDT,EARLY_BREAKOUT -> PULLBACK -> ACCELERATION -> HEALTHY_TREND -> WEAK_TREND -> ACCELERATION -> EXHAUSTION -> FAKE_BREAKOUT -> PULLBACK -> EXHAUSTION -> FAKE_BREAKOUT -> REVERSAL -> FAKE_BREAKOUT -> REVERSAL -> FAKE_BREAKOUT -> REVERSAL -> FAKE_BREAKOUT -> PULLBACK -> ACCELERATION -> PULLBACK -> EXHAUSTION -> FAKE_BREAKOUT -> EXIT,22,FAKE_BREAKOUT,1.409
short_2026-06-15T180000_AKTUSDT,short,2026-06-15 18:00:00,AKTUSDT,EARLY_BREAKOUT -> ACCELERATION -> HEALTHY_TREND -> PULLBACK -> FAKE_BREAKOUT -> PULLBACK -> ACCELERATION -> WEAK_TREND -> ACCELERATION -> WEAK_TREND -> ACCELERATION -> WEAK_TREND -> ACCELERATION -> HEALTHY_TREND -> WEAK_TREND -> ACCELERATION -> PULLBACK -> ACCELERATION -> HEALTHY_TREND -> ACCELERATION -> PULLBACK -> EXHAUSTION -> PULLBACK -> ACCELERATION -> PULLBACK -> FAKE_BREAKOUT -> EXIT,26,FAKE_BREAKOUT,0.3798
short_2026-06-15T180000_DASHUSDT,short,2026-06-15 18:00:00,DASHUSDT,EARLY_BREAKOUT -> ACCELERATION -> HEALTHY_TREND -> WEAK_TREND -> ACCELERATION -> WEAK_TREND -> EXHAUSTION -> REVERSAL -> PULLBACK -> EXHAUSTION -> REVERSAL -> ACCELERATION -> REVERSAL -> PULLBACK -> ACCELERATION -> EXHAUSTION -> ACCELERATION -> EXHAUSTION -> PULLBACK -> EXHAUSTION -> ACCELERATION -> EXHAUSTION -> ACCELERATION -> EXHAUSTION -> HEALTHY_TREND -> WEAK_TREND -> EXIT,26,WEAK_TREND,2.0553
short_2026-06-15T180000_PARTIUSDT,short,2026-06-15 18:00:00,PARTIUSDT,EARLY_BREAKOUT -> DEAD -> HEALTHY_TREND -> WEAK_TREND -> HEALTHY_TREND -> WEAK_TREND -> ACCELERATION -> HEALTHY_TREND -> ACCELERATION -> WEAK_TREND -> ACCELERATION -> HEALTHY_TREND -> WEAK_TREND -> HEALTHY_TREND -> ACCELERATION -> WEAK_TREND -> ACCELERATION -> WEAK_TREND -> ACCELERATION -> WEAK_TREND -> ACCELERATION -> WEAK_TREND -> HEALTHY_TREND -> WEAK_TREND -> HEALTHY_TREND -> WEAK_TREND -> ACCELERATION -> WEAK_TREND -> ACCELERATION -> WEAK_TREND -> ACCELERATION -> HEALTHY_TREND -> WEAK_TREND -> EXIT,33,WEAK_TREND,3.1614
long_2026-06-15T200000_BSBUSDT,long,2026-06-15 20:00:00,BSBUSDT,EARLY_BREAKOUT -> ACCELERATION -> EARLY_BREAKOUT -> ACCELERATION -> HEALTHY_TREND -> ACCELERATION -> HEALTHY_TREND -> ACCELERATION -> HEALTHY_TREND -> PULLBACK -> ACCELERATION -> PULLBACK -> ACCELERATION -> PULLBACK -> ACCELERATION -> HEALTHY_TREND -> PULLBACK -> ACCELERATION -> PULLBACK -> ACCELERATION -> PULLBACK -> ACCELERATION -> PULLBACK -> ACCELERATION -> PULLBACK -> ACCELERATION -> PULLBACK -> ACCELERATION -> PULLBACK -> ACCELERATION -> PULLBACK -> ACCELERATION -> PULLBACK -> ACCELERATION -> EXIT,34,ACCELERATION,38.4675
long_2026-06-15T200000_GRASSUSDT,long,2026-06-15 20:00:00,GRASSUSDT,EARLY_BREAKOUT -> ACCELERATION -> EXHAUSTION -> ACCELERATION -> HEALTHY_TREND -> ACCELERATION -> HEALTHY_TREND -> WEAK_TREND -> PULLBACK -> ACCELERATION -> HEALTHY_TREND -> ACCELERATION -> PULLBACK -> ACCELERATION -> PULLBACK -> ACCELERATION -> HEALTHY_TREND -> PULLBACK -> EXHAUSTION -> PULLBACK -> ACCELERATION -> FAKE_BREAKOUT -> PULLBACK -> FAKE_BREAKOUT -> ACCELERATION -> EXHAUSTION -> ACCELERATION -> EXHAUSTION -> ACCELERATION -> FAKE_BREAKOUT -> EXIT,30,FAKE_BREAKOUT,2.1565
long_2026-06-15T200000_AEROUSDT,long,2026-06-15 20:00:00,AEROUSDT,EARLY_BREAKOUT -> ACCELERATION -> WEAK_TREND -> ACCELERATION -> PULLBACK -> ACCELERATION -> HEALTHY_TREND -> ACCELERATION -> HEALTHY_TREND -> WEAK_TREND -> PULLBACK -> HEALTHY_TREND -> ACCELERATION -> PULLBACK -> EXHAUSTION -> PULLBACK -> ACCELERATION -> WEAK_TREND -> ACCELERATION -> PULLBACK -> ACCELERATION -> PULLBACK -> ACCELERATION -> WEAK_TREND -> ACCELERATION -> WEAK_TREND -> PULLBACK -> HEALTHY_TREND -> PULLBACK -> EXIT,29,PULLBACK,6.3634
long_2026-06-15T200000_CROSSUSDT,long,2026-06-15 20:00:00,CROSSUSDT,EARLY_BREAKOUT -> ACCELERATION -> WEAK_TREND -> ACCELERATION -> WEAK_TREND -> ACCELERATION -> WEAK_TREND -> EXHAUSTION -> REVERSAL -> PULLBACK -> ACCELERATION -> EXHAUSTION -> REVERSAL -> EXIT,13,REVERSAL,-0.7354
long_2026-06-15T200000_AVNTUSDT,long,2026-06-15 20:00:00,AVNTUSDT,EARLY_BREAKOUT -> ACCELERATION -> WEAK_TREND -> ACCELERATION -> WEAK_TREND -> ACCELERATION -> HEALTHY_TREND -> ACCELERATION -> HEALTHY_TREND -> WEAK_TREND -> EXHAUSTION -> PULLBACK -> EXHAUSTION -> PULLBACK -> FAKE_BREAKOUT -> ACCELERATION -> HEALTHY_TREND -> WEAK_TREND -> EXHAUSTION -> PULLBACK -> EXHAUSTION -> FAKE_BREAKOUT -> REVERSAL -> FAKE_BREAKOUT -> REVERSAL -> FAKE_BREAKOUT -> REVERSAL -> EXIT,27,REVERSAL,-1.6014
short_2026-06-15T200000_HUSDT,short,2026-06-15 20:00:00,HUSDT,EARLY_BREAKOUT -> PULLBACK -> ACCELERATION -> EARLY_BREAKOUT -> HEALTHY_TREND -> ACCELERATION -> PULLBACK -> EXHAUSTION -> FAKE_BREAKOUT -> ACCELERATION -> PULLBACK -> ACCELERATION -> PULLBACK -> ACCELERATION -> PULLBACK -> ACCELERATION -> HEALTHY_TREND -> PULLBACK -> ACCELERATION -> WEAK_TREND -> ACCELERATION -> WEAK_TREND -> ACCELERATION -> PULLBACK -> HEALTHY_TREND -> PULLBACK -> ACCELERATION -> PULLBACK -> EXIT,28,PULLBACK,45.2118
short_2026-06-15T200000_EVAAUSDT,short,2026-06-15 20:00:00,EVAAUSDT,EARLY_BREAKOUT -> FAKE_BREAKOUT -> ACCELERATION -> FAKE_BREAKOUT -> ACCELERATION -> FAKE_BREAKOUT -> ACCELERATION -> WEAK_TREND -> FAKE_BREAKOUT -> REVERSAL -> FAKE_BREAKOUT -> REVERSAL -> EXIT,12,REVERSAL,-23.2786
short_2026-06-15T200000_AIOUSDT,short,2026-06-15 20:00:00,AIOUSDT,EARLY_BREAKOUT -> ACCELERATION -> FAKE_BREAKOUT -> ACCELERATION -> PULLBACK -> FAKE_BREAKOUT -> PULLBACK -> ACCELERATION -> FAKE_BREAKOUT -> ACCELERATION -> FAKE_BREAKOUT -> ACCELERATION -> PULLBACK -> EXHAUSTION -> FAKE_BREAKOUT -> REVERSAL -> EXIT,16,REVERSAL,-0.9386
short_2026-06-15T200000_MAGMAUSDT,short,2026-06-15 20:00:00,MAGMAUSDT,EARLY_BREAKOUT -> FAKE_BREAKOUT -> ACCELERATION -> PULLBACK -> ACCELERATION -> PULLBACK -> FAKE_BREAKOUT -> ACCELERATION -> PULLBACK -> ACCELERATION -> PULLBACK -> ACCELERATION -> EXHAUSTION -> ACCELERATION -> PULLBACK -> ACCELERATION -> PULLBACK -> EXHAUSTION -> PULLBACK -> FAKE_BREAKOUT -> PULLBACK -> FAKE_BREAKOUT -> ACCELERATION -> PULLBACK -> FAKE_BREAKOUT -> EXIT,25,FAKE_BREAKOUT,3.2801
short_2026-06-15T200000_BTWUSDT,short,2026-06-15 20:00:00,BTWUSDT,EARLY_BREAKOUT -> WEAK_TREND -> ACCELERATION -> EXHAUSTION -> ACCELERATION -> HEALTHY_TREND -> ACCELERATION -> HEALTHY_TREND -> WEAK_TREND -> ACCELERATION -> WEAK_TREND -> ACCELERATION -> WEAK_TREND -> PULLBACK -> ACCELERATION -> PULLBACK -> HEALTHY_TREND -> PULLBACK -> ACCELERATION -> WEAK_TREND -> PULLBACK -> ACCELERATION -> HEALTHY_TREND -> WEAK_TREND -> PULLBACK -> HEALTHY_TREND -> WEAK_TREND -> ACCELERATION -> HEALTHY_TREND -> WEAK_TREND -> ACCELERATION -> PULLBACK -> EXHAUSTION -> FAKE_BREAKOUT -> PULLBACK -> EXHAUSTION -> EXIT,36,EXHAUSTION,3.2598
long_2026-06-15T220000_GUAUSDT,long,2026-06-15 22:00:00,GUAUSDT,EARLY_BREAKOUT -> ACCELERATION -> EARLY_BREAKOUT -> FAKE_BREAKOUT -> REVERSAL -> FAKE_BREAKOUT -> REVERSAL -> FAKE_BREAKOUT -> ACCELERATION -> EXHAUSTION -> FAKE_BREAKOUT -> REVERSAL -> FAKE_BREAKOUT -> ACCELERATION -> FAKE_BREAKOUT -> EXIT,15,FAKE_BREAKOUT,1.8495
long_2026-06-15T220000_ALLOUSDT,long,2026-06-15 22:00:00,ALLOUSDT,EARLY_BREAKOUT -> FAKE_BREAKOUT -> ACCELERATION -> HEALTHY_TREND -> EXHAUSTION -> ACCELERATION -> FAKE_BREAKOUT -> REVERSAL -> FAKE_BREAKOUT -> EXIT,9,FAKE_BREAKOUT,0.1012
long_2026-06-15T220000_ALCHUSDT,long,2026-06-15 22:00:00,ALCHUSDT,EARLY_BREAKOUT -> ACCELERATION -> WEAK_TREND -> ACCELERATION -> WEAK_TREND -> PULLBACK -> HEALTHY_TREND -> ACCELERATION -> HEALTHY_TREND -> PULLBACK -> HEALTHY_TREND -> WEAK_TREND -> ACCELERATION -> PULLBACK -> ACCELERATION -> PULLBACK -> ACCELERATION -> HEALTHY_TREND -> WEAK_TREND -> PULLBACK -> ACCELERATION -> WEAK_TREND -> ACCELERATION -> WEAK_TREND -> PULLBACK -> ACCELERATION -> HEALTHY_TREND -> WEAK_TREND -> ACCELERATION -> WEAK_TREND -> EXIT,30,WEAK_TREND,10.0322
long_2026-06-15T220000_OPNUSDT,long,2026-06-15 22:00:00,OPNUSDT,EARLY_BREAKOUT -> ACCELERATION -> EXHAUSTION -> REVERSAL -> EXIT,4,REVERSAL,-8.8308
long_2026-06-15T220000_BASEDUSDT,long,2026-06-15 22:00:00,BASEDUSDT,EARLY_BREAKOUT -> ACCELERATION -> REVERSAL -> ACCELERATION -> PULLBACK -> ACCELERATION -> PULLBACK -> ACCELERATION -> FAKE_BREAKOUT -> REVERSAL -> EXIT,10,REVERSAL,-7.2581
short_2026-06-15T220000_EVAAUSDT,short,2026-06-15 22:00:00,EVAAUSDT,EARLY_BREAKOUT -> ACCELERATION -> EARLY_BREAKOUT -> ACCELERATION -> WEAK_TREND -> REVERSAL -> FAKE_BREAKOUT -> REVERSAL -> FAKE_BREAKOUT -> REVERSAL -> EXIT,10,REVERSAL,-16.9279
short_2026-06-15T220000_BSBUSDT,short,2026-06-15 22:00:00,BSBUSDT,EARLY_BREAKOUT -> ACCELERATION -> REVERSAL -> FAKE_BREAKOUT -> REVERSAL -> EXIT,5,REVERSAL,-6.1656
short_2026-06-15T220000_BTWUSDT,short,2026-06-15 22:00:00,BTWUSDT,EARLY_BREAKOUT -> ACCELERATION -> WEAK_TREND -> ACCELERATION -> WEAK_TREND -> ACCELERATION -> WEAK_TREND -> EXHAUSTION -> ACCELERATION -> PULLBACK -> HEALTHY_TREND -> PULLBACK -> ACCELERATION -> WEAK_TREND -> PULLBACK -> ACCELERATION -> HEALTHY_TREND -> WEAK_TREND -> EXHAUSTION -> HEALTHY_TREND -> WEAK_TREND -> ACCELERATION -> HEALTHY_TREND -> WEAK_TREND -> ACCELERATION -> PULLBACK -> FAKE_BREAKOUT -> REVERSAL -> FAKE_BREAKOUT -> ACCELERATION -> FAKE_BREAKOUT -> ACCELERATION -> FAKE_BREAKOUT -> PULLBACK -> FAKE_BREAKOUT -> REVERSAL -> EXIT,36,REVERSAL,-2.4526
short_2026-06-15T220000_CLOUSDT,short,2026-06-15 22:00:00,CLOUSDT,EARLY_BREAKOUT -> ACCELERATION -> HEALTHY_TREND -> WEAK_TREND -> ACCELERATION -> EXHAUSTION -> REVERSAL -> ACCELERATION -> FAKE_BREAKOUT -> ACCELERATION -> WEAK_TREND -> ACCELERATION -> HEALTHY_TREND -> WEAK_TREND -> ACCELERATION -> HEALTHY_TREND -> ACCELERATION -> WEAK_TREND -> ACCELERATION -> PULLBACK -> ACCELERATION -> PULLBACK -> ACCELERATION -> PULLBACK -> ACCELERATION -> WEAK_TREND -> PULLBACK -> ACCELERATION -> PULLBACK -> ACCELERATION -> EXIT,30,ACCELERATION,24.1618
short_2026-06-15T220000_ARCUSDT,short,2026-06-15 22:00:00,ARCUSDT,EARLY_BREAKOUT -> WEAK_TREND -> ACCELERATION -> HEALTHY_TREND -> WEAK_TREND -> ACCELERATION -> HEALTHY_TREND -> WEAK_TREND -> PULLBACK -> WEAK_TREND -> HEALTHY_TREND -> WEAK_TREND -> ACCELERATION -> WEAK_TREND -> REVERSAL -> ACCELERATION -> HEALTHY_TREND -> WEAK_TREND -> PULLBACK -> ACCELERATION -> PULLBACK -> ACCELERATION -> PULLBACK -> ACCELERATION -> PULLBACK -> HEALTHY_TREND -> ACCELERATION -> WEAK_TREND -> ACCELERATION -> WEAK_TREND -> ACCELERATION -> HEALTHY_TREND -> ACCELERATION -> WEAK_TREND -> ACCELERATION -> HEALTHY_TREND -> WEAK_TREND -> HEALTHY_TREND -> WEAK_TREND -> HEALTHY_TREND -> WEAK_TREND -> EXIT,41,WEAK_TREND,2.2102
