scan_kst,n_candidates,top2,top2_topn_overlap,top2_topn_overlap_pct,top2_max_gt0_pct,top2_max_ge3_pct,top2_max_ge4_pct,top2_final_gt0_pct,top2_avg_max_up_4h,top5,top5_topn_overlap,top5_topn_overlap_pct,top5_max_gt0_pct,top5_max_ge3_pct,top5_max_ge4_pct,top5_final_gt0_pct,top5_avg_max_up_4h,top7,top7_topn_overlap,top7_topn_overlap_pct,top7_max_gt0_pct,top7_max_ge3_pct,top7_max_ge4_pct,top7_final_gt0_pct,top7_avg_max_up_4h
2026-06-01 00:00:00,29,"{'topn_overlap': 1, 'topn_overlap_pct': 50.0, 'max_gt0_pct': 100.0, 'max_ge3_pct': 50.0, 'max_ge4_pct': 50.0, 'final_gt0_pct': 0.0, 'avg_max_up_4h': 14.0114}",1,50.0,100.0,50.0,50.0,0.0,14.0114,"{'topn_overlap': 2, 'topn_overlap_pct': 40.0, 'max_gt0_pct': 100.0, 'max_ge3_pct': 80.0, 'max_ge4_pct': 60.0, 'final_gt0_pct': 40.0, 'avg_max_up_4h': 9.5624}",2,40.0,100.0,80.0,60.0,40.0,9.5624,"{'topn_overlap': 3, 'topn_overlap_pct': 42.86, 'max_gt0_pct': 100.0, 'max_ge3_pct': 71.43, 'max_ge4_pct': 57.14, 'final_gt0_pct': 42.86, 'avg_max_up_4h': 12.1914}",3,42.86,100.0,71.43,57.14,42.86,12.1914
2026-06-01 02:00:00,18,"{'topn_overlap': 2, 'topn_overlap_pct': 100.0, 'max_gt0_pct': 100.0, 'max_ge3_pct': 100.0, 'max_ge4_pct': 100.0, 'final_gt0_pct': 100.0, 'avg_max_up_4h': 32.7286}",2,100.0,100.0,100.0,100.0,100.0,32.7286,"{'topn_overlap': 5, 'topn_overlap_pct': 100.0, 'max_gt0_pct': 100.0, 'max_ge3_pct': 100.0, 'max_ge4_pct': 100.0, 'final_gt0_pct': 80.0, 'avg_max_up_4h': 21.8642}",5,100.0,100.0,100.0,100.0,80.0,21.8642,"{'topn_overlap': 5, 'topn_overlap_pct': 71.43, 'max_gt0_pct': 100.0, 'max_ge3_pct': 85.71, 'max_ge4_pct': 85.71, 'final_gt0_pct': 71.43, 'avg_max_up_4h': 16.6189}",5,71.43,100.0,85.71,85.71,71.43,16.6189
2026-06-01 04:00:00,19,"{'topn_overlap': 1, 'topn_overlap_pct': 50.0, 'max_gt0_pct': 100.0, 'max_ge3_pct': 100.0, 'max_ge4_pct': 100.0, 'final_gt0_pct': 100.0, 'avg_max_up_4h': 15.8437}",1,50.0,100.0,100.0,100.0,100.0,15.8437,"{'topn_overlap': 3, 'topn_overlap_pct': 60.0, 'max_gt0_pct': 100.0, 'max_ge3_pct': 100.0, 'max_ge4_pct': 100.0, 'final_gt0_pct': 100.0, 'avg_max_up_4h': 11.0391}",3,60.0,100.0,100.0,100.0,100.0,11.0391,"{'topn_overlap': 3, 'topn_overlap_pct': 42.86, 'max_gt0_pct': 100.0, 'max_ge3_pct': 100.0, 'max_ge4_pct': 85.71, 'final_gt0_pct': 100.0, 'avg_max_up_4h': 9.4085}",3,42.86,100.0,100.0,85.71,100.0,9.4085
2026-06-01 06:00:00,17,"{'topn_overlap': 0, 'topn_overlap_pct': 0.0, 'max_gt0_pct': 100.0, 'max_ge3_pct': 100.0, 'max_ge4_pct': 100.0, 'final_gt0_pct': 50.0, 'avg_max_up_4h': 7.138}",0,0.0,100.0,100.0,100.0,50.0,7.138,"{'topn_overlap': 2, 'topn_overlap_pct': 40.0, 'max_gt0_pct': 100.0, 'max_ge3_pct': 100.0, 'max_ge4_pct': 100.0, 'final_gt0_pct': 60.0, 'avg_max_up_4h': 5.9525}",2,40.0,100.0,100.0,100.0,60.0,5.9525,"{'topn_overlap': 5, 'topn_overlap_pct': 71.43, 'max_gt0_pct': 100.0, 'max_ge3_pct': 85.71, 'max_ge4_pct': 85.71, 'final_gt0_pct': 71.43, 'avg_max_up_4h': 5.8743}",5,71.43,100.0,85.71,85.71,71.43,5.8743
2026-06-01 08:00:00,18,"{'topn_overlap': 1, 'topn_overlap_pct': 50.0, 'max_gt0_pct': 100.0, 'max_ge3_pct': 100.0, 'max_ge4_pct': 100.0, 'final_gt0_pct': 50.0, 'avg_max_up_4h': 16.1593}",1,50.0,100.0,100.0,100.0,50.0,16.1593,"{'topn_overlap': 3, 'topn_overlap_pct': 60.0, 'max_gt0_pct': 100.0, 'max_ge3_pct': 80.0, 'max_ge4_pct': 80.0, 'final_gt0_pct': 60.0, 'avg_max_up_4h': 23.2271}",3,60.0,100.0,80.0,80.0,60.0,23.2271,"{'topn_overlap': 6, 'topn_overlap_pct': 85.71, 'max_gt0_pct': 100.0, 'max_ge3_pct': 85.71, 'max_ge4_pct': 85.71, 'final_gt0_pct': 71.43, 'avg_max_up_4h': 19.9333}",6,85.71,100.0,85.71,85.71,71.43,19.9333
2026-06-01 10:00:00,55,"{'topn_overlap': 0, 'topn_overlap_pct': 0.0, 'max_gt0_pct': 100.0, 'max_ge3_pct': 100.0, 'max_ge4_pct': 100.0, 'final_gt0_pct': 50.0, 'avg_max_up_4h': 9.6688}",0,0.0,100.0,100.0,100.0,50.0,9.6688,"{'topn_overlap': 2, 'topn_overlap_pct': 40.0, 'max_gt0_pct': 100.0, 'max_ge3_pct': 80.0, 'max_ge4_pct': 60.0, 'final_gt0_pct': 40.0, 'avg_max_up_4h': 6.9873}",2,40.0,100.0,80.0,60.0,40.0,6.9873,"{'topn_overlap': 3, 'topn_overlap_pct': 42.86, 'max_gt0_pct': 100.0, 'max_ge3_pct': 71.43, 'max_ge4_pct': 57.14, 'final_gt0_pct': 42.86, 'avg_max_up_4h': 6.0509}",3,42.86,100.0,71.43,57.14,42.86,6.0509
2026-06-01 12:00:00,47,"{'topn_overlap': 0, 'topn_overlap_pct': 0.0, 'max_gt0_pct': 100.0, 'max_ge3_pct': 100.0, 'max_ge4_pct': 50.0, 'final_gt0_pct': 50.0, 'avg_max_up_4h': 6.9488}",0,0.0,100.0,100.0,50.0,50.0,6.9488,"{'topn_overlap': 2, 'topn_overlap_pct': 40.0, 'max_gt0_pct': 100.0, 'max_ge3_pct': 80.0, 'max_ge4_pct': 60.0, 'final_gt0_pct': 60.0, 'avg_max_up_4h': 7.5793}",2,40.0,100.0,80.0,60.0,60.0,7.5793,"{'topn_overlap': 4, 'topn_overlap_pct': 57.14, 'max_gt0_pct': 100.0, 'max_ge3_pct': 71.43, 'max_ge4_pct': 57.14, 'final_gt0_pct': 57.14, 'avg_max_up_4h': 7.4978}",4,57.14,100.0,71.43,57.14,57.14,7.4978
2026-06-01 14:00:00,36,"{'topn_overlap': 0, 'topn_overlap_pct': 0.0, 'max_gt0_pct': 100.0, 'max_ge3_pct': 100.0, 'max_ge4_pct': 100.0, 'final_gt0_pct': 100.0, 'avg_max_up_4h': 12.6139}",0,0.0,100.0,100.0,100.0,100.0,12.6139,"{'topn_overlap': 4, 'topn_overlap_pct': 80.0, 'max_gt0_pct': 100.0, 'max_ge3_pct': 100.0, 'max_ge4_pct': 100.0, 'final_gt0_pct': 80.0, 'avg_max_up_4h': 11.7051}",4,80.0,100.0,100.0,100.0,80.0,11.7051,"{'topn_overlap': 4, 'topn_overlap_pct': 57.14, 'max_gt0_pct': 100.0, 'max_ge3_pct': 100.0, 'max_ge4_pct': 85.71, 'final_gt0_pct': 71.43, 'avg_max_up_4h': 9.5684}",4,57.14,100.0,100.0,85.71,71.43,9.5684
2026-06-01 16:00:00,37,"{'topn_overlap': 1, 'topn_overlap_pct': 50.0, 'max_gt0_pct': 100.0, 'max_ge3_pct': 100.0, 'max_ge4_pct': 100.0, 'final_gt0_pct': 100.0, 'avg_max_up_4h': 17.6782}",1,50.0,100.0,100.0,100.0,100.0,17.6782,"{'topn_overlap': 4, 'topn_overlap_pct': 80.0, 'max_gt0_pct': 100.0, 'max_ge3_pct': 100.0, 'max_ge4_pct': 100.0, 'final_gt0_pct': 100.0, 'avg_max_up_4h': 24.6546}",4,80.0,100.0,100.0,100.0,100.0,24.6546,"{'topn_overlap': 5, 'topn_overlap_pct': 71.43, 'max_gt0_pct': 100.0, 'max_ge3_pct': 100.0, 'max_ge4_pct': 100.0, 'final_gt0_pct': 85.71, 'avg_max_up_4h': 19.6083}",5,71.43,100.0,100.0,100.0,85.71,19.6083
2026-06-01 18:00:00,28,"{'topn_overlap': 1, 'topn_overlap_pct': 50.0, 'max_gt0_pct': 100.0, 'max_ge3_pct': 100.0, 'max_ge4_pct': 100.0, 'final_gt0_pct': 100.0, 'avg_max_up_4h': 21.5502}",1,50.0,100.0,100.0,100.0,100.0,21.5502,"{'topn_overlap': 4, 'topn_overlap_pct': 80.0, 'max_gt0_pct': 100.0, 'max_ge3_pct': 100.0, 'max_ge4_pct': 100.0, 'final_gt0_pct': 60.0, 'avg_max_up_4h': 16.6391}",4,80.0,100.0,100.0,100.0,60.0,16.6391,"{'topn_overlap': 6, 'topn_overlap_pct': 85.71, 'max_gt0_pct': 100.0, 'max_ge3_pct': 100.0, 'max_ge4_pct': 100.0, 'final_gt0_pct': 71.43, 'avg_max_up_4h': 14.4617}",6,85.71,100.0,100.0,100.0,71.43,14.4617
2026-06-01 20:00:00,29,"{'topn_overlap': 1, 'topn_overlap_pct': 50.0, 'max_gt0_pct': 100.0, 'max_ge3_pct': 100.0, 'max_ge4_pct': 100.0, 'final_gt0_pct': 100.0, 'avg_max_up_4h': 13.87}",1,50.0,100.0,100.0,100.0,100.0,13.87,"{'topn_overlap': 4, 'topn_overlap_pct': 80.0, 'max_gt0_pct': 100.0, 'max_ge3_pct': 100.0, 'max_ge4_pct': 100.0, 'final_gt0_pct': 80.0, 'avg_max_up_4h': 10.9975}",4,80.0,100.0,100.0,100.0,80.0,10.9975,"{'topn_overlap': 4, 'topn_overlap_pct': 57.14, 'max_gt0_pct': 100.0, 'max_ge3_pct': 85.71, 'max_ge4_pct': 71.43, 'final_gt0_pct': 57.14, 'avg_max_up_4h': 8.3596}",4,57.14,100.0,85.71,71.43,57.14,8.3596
2026-06-01 22:00:00,66,"{'topn_overlap': 1, 'topn_overlap_pct': 50.0, 'max_gt0_pct': 100.0, 'max_ge3_pct': 100.0, 'max_ge4_pct': 100.0, 'final_gt0_pct': 100.0, 'avg_max_up_4h': 22.0136}",1,50.0,100.0,100.0,100.0,100.0,22.0136,"{'topn_overlap': 4, 'topn_overlap_pct': 80.0, 'max_gt0_pct': 100.0, 'max_ge3_pct': 80.0, 'max_ge4_pct': 80.0, 'final_gt0_pct': 80.0, 'avg_max_up_4h': 16.2711}",4,80.0,100.0,80.0,80.0,80.0,16.2711,"{'topn_overlap': 4, 'topn_overlap_pct': 57.14, 'max_gt0_pct': 100.0, 'max_ge3_pct': 71.43, 'max_ge4_pct': 71.43, 'final_gt0_pct': 57.14, 'avg_max_up_4h': 12.4464}",4,57.14,100.0,71.43,71.43,57.14,12.4464
2026-06-02 00:00:00,37,"{'topn_overlap': 0, 'topn_overlap_pct': 0.0, 'max_gt0_pct': 100.0, 'max_ge3_pct': 100.0, 'max_ge4_pct': 100.0, 'final_gt0_pct': 100.0, 'avg_max_up_4h': 5.3843}",0,0.0,100.0,100.0,100.0,100.0,5.3843,"{'topn_overlap': 2, 'topn_overlap_pct': 40.0, 'max_gt0_pct': 100.0, 'max_ge3_pct': 80.0, 'max_ge4_pct': 80.0, 'final_gt0_pct': 80.0, 'avg_max_up_4h': 9.5833}",2,40.0,100.0,80.0,80.0,80.0,9.5833,"{'topn_overlap': 2, 'topn_overlap_pct': 28.57, 'max_gt0_pct': 100.0, 'max_ge3_pct': 85.71, 'max_ge4_pct': 85.71, 'final_gt0_pct': 85.71, 'avg_max_up_4h': 9.3166}",2,28.57,100.0,85.71,85.71,85.71,9.3166
2026-06-02 02:00:00,43,"{'topn_overlap': 1, 'topn_overlap_pct': 50.0, 'max_gt0_pct': 100.0, 'max_ge3_pct': 50.0, 'max_ge4_pct': 50.0, 'final_gt0_pct': 100.0, 'avg_max_up_4h': 6.6228}",1,50.0,100.0,50.0,50.0,100.0,6.6228,"{'topn_overlap': 1, 'topn_overlap_pct': 20.0, 'max_gt0_pct': 100.0, 'max_ge3_pct': 60.0, 'max_ge4_pct': 60.0, 'final_gt0_pct': 80.0, 'avg_max_up_4h': 5.9839}",1,20.0,100.0,60.0,60.0,80.0,5.9839,"{'topn_overlap': 3, 'topn_overlap_pct': 42.86, 'max_gt0_pct': 100.0, 'max_ge3_pct': 57.14, 'max_ge4_pct': 57.14, 'final_gt0_pct': 71.43, 'avg_max_up_4h': 5.7108}",3,42.86,100.0,57.14,57.14,71.43,5.7108
2026-06-02 04:00:00,29,"{'topn_overlap': 1, 'topn_overlap_pct': 50.0, 'max_gt0_pct': 100.0, 'max_ge3_pct': 100.0, 'max_ge4_pct': 100.0, 'final_gt0_pct': 100.0, 'avg_max_up_4h': 12.0465}",1,50.0,100.0,100.0,100.0,100.0,12.0465,"{'topn_overlap': 2, 'topn_overlap_pct': 40.0, 'max_gt0_pct': 100.0, 'max_ge3_pct': 80.0, 'max_ge4_pct': 80.0, 'final_gt0_pct': 80.0, 'avg_max_up_4h': 8.0061}",2,40.0,100.0,80.0,80.0,80.0,8.0061,"{'topn_overlap': 4, 'topn_overlap_pct': 57.14, 'max_gt0_pct': 100.0, 'max_ge3_pct': 71.43, 'max_ge4_pct': 57.14, 'final_gt0_pct': 71.43, 'avg_max_up_4h': 6.4933}",4,57.14,100.0,71.43,57.14,71.43,6.4933
2026-06-02 06:00:00,39,"{'topn_overlap': 1, 'topn_overlap_pct': 50.0, 'max_gt0_pct': 100.0, 'max_ge3_pct': 100.0, 'max_ge4_pct': 100.0, 'final_gt0_pct': 50.0, 'avg_max_up_4h': 11.4629}",1,50.0,100.0,100.0,100.0,50.0,11.4629,"{'topn_overlap': 3, 'topn_overlap_pct': 60.0, 'max_gt0_pct': 100.0, 'max_ge3_pct': 80.0, 'max_ge4_pct': 80.0, 'final_gt0_pct': 60.0, 'avg_max_up_4h': 8.6876}",3,60.0,100.0,80.0,80.0,60.0,8.6876,"{'topn_overlap': 5, 'topn_overlap_pct': 71.43, 'max_gt0_pct': 100.0, 'max_ge3_pct': 85.71, 'max_ge4_pct': 85.71, 'final_gt0_pct': 71.43, 'avg_max_up_4h': 11.856}",5,71.43,100.0,85.71,85.71,71.43,11.856
2026-06-02 08:00:00,25,"{'topn_overlap': 1, 'topn_overlap_pct': 50.0, 'max_gt0_pct': 100.0, 'max_ge3_pct': 100.0, 'max_ge4_pct': 100.0, 'final_gt0_pct': 50.0, 'avg_max_up_4h': 28.6498}",1,50.0,100.0,100.0,100.0,50.0,28.6498,"{'topn_overlap': 2, 'topn_overlap_pct': 40.0, 'max_gt0_pct': 100.0, 'max_ge3_pct': 80.0, 'max_ge4_pct': 60.0, 'final_gt0_pct': 40.0, 'avg_max_up_4h': 13.4156}",2,40.0,100.0,80.0,60.0,40.0,13.4156,"{'topn_overlap': 3, 'topn_overlap_pct': 42.86, 'max_gt0_pct': 100.0, 'max_ge3_pct': 57.14, 'max_ge4_pct': 42.86, 'final_gt0_pct': 28.57, 'avg_max_up_4h': 10.1581}",3,42.86,100.0,57.14,42.86,28.57,10.1581
2026-06-02 10:00:00,41,"{'topn_overlap': 0, 'topn_overlap_pct': 0.0, 'max_gt0_pct': 100.0, 'max_ge3_pct': 100.0, 'max_ge4_pct': 100.0, 'final_gt0_pct': 0.0, 'avg_max_up_4h': 6.5096}",0,0.0,100.0,100.0,100.0,0.0,6.5096,"{'topn_overlap': 0, 'topn_overlap_pct': 0.0, 'max_gt0_pct': 100.0, 'max_ge3_pct': 80.0, 'max_ge4_pct': 60.0, 'final_gt0_pct': 0.0, 'avg_max_up_4h': 4.9845}",0,0.0,100.0,80.0,60.0,0.0,4.9845,"{'topn_overlap': 2, 'topn_overlap_pct': 28.57, 'max_gt0_pct': 100.0, 'max_ge3_pct': 85.71, 'max_ge4_pct': 71.43, 'final_gt0_pct': 28.57, 'avg_max_up_4h': 7.3292}",2,28.57,100.0,85.71,71.43,28.57,7.3292
2026-06-02 12:00:00,26,"{'topn_overlap': 1, 'topn_overlap_pct': 50.0, 'max_gt0_pct': 100.0, 'max_ge3_pct': 100.0, 'max_ge4_pct': 50.0, 'final_gt0_pct': 100.0, 'avg_max_up_4h': 26.6691}",1,50.0,100.0,100.0,50.0,100.0,26.6691,"{'topn_overlap': 2, 'topn_overlap_pct': 40.0, 'max_gt0_pct': 100.0, 'max_ge3_pct': 80.0, 'max_ge4_pct': 60.0, 'final_gt0_pct': 80.0, 'avg_max_up_4h': 14.2796}",2,40.0,100.0,80.0,60.0,80.0,14.2796,"{'topn_overlap': 3, 'topn_overlap_pct': 42.86, 'max_gt0_pct': 100.0, 'max_ge3_pct': 85.71, 'max_ge4_pct': 71.43, 'final_gt0_pct': 85.71, 'avg_max_up_4h': 12.8229}",3,42.86,100.0,85.71,71.43,85.71,12.8229
2026-06-02 14:00:00,43,"{'topn_overlap': 1, 'topn_overlap_pct': 50.0, 'max_gt0_pct': 100.0, 'max_ge3_pct': 100.0, 'max_ge4_pct': 100.0, 'final_gt0_pct': 100.0, 'avg_max_up_4h': 15.984}",1,50.0,100.0,100.0,100.0,100.0,15.984,"{'topn_overlap': 1, 'topn_overlap_pct': 20.0, 'max_gt0_pct': 100.0, 'max_ge3_pct': 60.0, 'max_ge4_pct': 60.0, 'final_gt0_pct': 60.0, 'avg_max_up_4h': 9.1254}",1,20.0,100.0,60.0,60.0,60.0,9.1254,"{'topn_overlap': 2, 'topn_overlap_pct': 28.57, 'max_gt0_pct': 100.0, 'max_ge3_pct': 71.43, 'max_ge4_pct': 71.43, 'final_gt0_pct': 71.43, 'avg_max_up_4h': 9.4353}",2,28.57,100.0,71.43,71.43,71.43,9.4353
2026-06-02 16:00:00,52,"{'topn_overlap': 0, 'topn_overlap_pct': 0.0, 'max_gt0_pct': 100.0, 'max_ge3_pct': 100.0, 'max_ge4_pct': 100.0, 'final_gt0_pct': 0.0, 'avg_max_up_4h': 7.6175}",0,0.0,100.0,100.0,100.0,0.0,7.6175,"{'topn_overlap': 2, 'topn_overlap_pct': 40.0, 'max_gt0_pct': 100.0, 'max_ge3_pct': 100.0, 'max_ge4_pct': 100.0, 'final_gt0_pct': 40.0, 'avg_max_up_4h': 8.1009}",2,40.0,100.0,100.0,100.0,40.0,8.1009,"{'topn_overlap': 2, 'topn_overlap_pct': 28.57, 'max_gt0_pct': 100.0, 'max_ge3_pct': 85.71, 'max_ge4_pct': 71.43, 'final_gt0_pct': 42.86, 'avg_max_up_4h': 6.4583}",2,28.57,100.0,85.71,71.43,42.86,6.4583
2026-06-02 18:00:00,39,"{'topn_overlap': 1, 'topn_overlap_pct': 50.0, 'max_gt0_pct': 100.0, 'max_ge3_pct': 50.0, 'max_ge4_pct': 50.0, 'final_gt0_pct': 50.0, 'avg_max_up_4h': 11.4914}",1,50.0,100.0,50.0,50.0,50.0,11.4914,"{'topn_overlap': 2, 'topn_overlap_pct': 40.0, 'max_gt0_pct': 100.0, 'max_ge3_pct': 80.0, 'max_ge4_pct': 60.0, 'final_gt0_pct': 60.0, 'avg_max_up_4h': 8.8029}",2,40.0,100.0,80.0,60.0,60.0,8.8029,"{'topn_overlap': 3, 'topn_overlap_pct': 42.86, 'max_gt0_pct': 100.0, 'max_ge3_pct': 85.71, 'max_ge4_pct': 71.43, 'final_gt0_pct': 57.14, 'avg_max_up_4h': 8.4559}",3,42.86,100.0,85.71,71.43,57.14,8.4559
2026-06-02 20:00:00,34,"{'topn_overlap': 0, 'topn_overlap_pct': 0.0, 'max_gt0_pct': 100.0, 'max_ge3_pct': 100.0, 'max_ge4_pct': 100.0, 'final_gt0_pct': 50.0, 'avg_max_up_4h': 8.5019}",0,0.0,100.0,100.0,100.0,50.0,8.5019,"{'topn_overlap': 3, 'topn_overlap_pct': 60.0, 'max_gt0_pct': 100.0, 'max_ge3_pct': 100.0, 'max_ge4_pct': 100.0, 'final_gt0_pct': 80.0, 'avg_max_up_4h': 11.5445}",3,60.0,100.0,100.0,100.0,80.0,11.5445,"{'topn_overlap': 6, 'topn_overlap_pct': 85.71, 'max_gt0_pct': 100.0, 'max_ge3_pct': 100.0, 'max_ge4_pct': 100.0, 'final_gt0_pct': 71.43, 'avg_max_up_4h': 10.5369}",6,85.71,100.0,100.0,100.0,71.43,10.5369
2026-06-02 22:00:00,34,"{'topn_overlap': 0, 'topn_overlap_pct': 0.0, 'max_gt0_pct': 100.0, 'max_ge3_pct': 100.0, 'max_ge4_pct': 50.0, 'final_gt0_pct': 100.0, 'avg_max_up_4h': 4.7557}",0,0.0,100.0,100.0,50.0,100.0,4.7557,"{'topn_overlap': 2, 'topn_overlap_pct': 40.0, 'max_gt0_pct': 100.0, 'max_ge3_pct': 100.0, 'max_ge4_pct': 60.0, 'final_gt0_pct': 80.0, 'avg_max_up_4h': 7.4043}",2,40.0,100.0,100.0,60.0,80.0,7.4043,"{'topn_overlap': 3, 'topn_overlap_pct': 42.86, 'max_gt0_pct': 100.0, 'max_ge3_pct': 100.0, 'max_ge4_pct': 57.14, 'final_gt0_pct': 85.71, 'avg_max_up_4h': 6.8282}",3,42.86,100.0,100.0,57.14,85.71,6.8282
2026-06-03 00:00:00,54,"{'topn_overlap': 2, 'topn_overlap_pct': 100.0, 'max_gt0_pct': 100.0, 'max_ge3_pct': 100.0, 'max_ge4_pct': 100.0, 'final_gt0_pct': 100.0, 'avg_max_up_4h': 31.107}",2,100.0,100.0,100.0,100.0,100.0,31.107,"{'topn_overlap': 3, 'topn_overlap_pct': 60.0, 'max_gt0_pct': 100.0, 'max_ge3_pct': 60.0, 'max_ge4_pct': 60.0, 'final_gt0_pct': 60.0, 'avg_max_up_4h': 16.1338}",3,60.0,100.0,60.0,60.0,60.0,16.1338,"{'topn_overlap': 4, 'topn_overlap_pct': 57.14, 'max_gt0_pct': 100.0, 'max_ge3_pct': 71.43, 'max_ge4_pct': 57.14, 'final_gt0_pct': 71.43, 'avg_max_up_4h': 13.2921}",4,57.14,100.0,71.43,57.14,71.43,13.2921
2026-06-03 02:00:00,39,"{'topn_overlap': 1, 'topn_overlap_pct': 50.0, 'max_gt0_pct': 100.0, 'max_ge3_pct': 100.0, 'max_ge4_pct': 100.0, 'final_gt0_pct': 100.0, 'avg_max_up_4h': 10.8942}",1,50.0,100.0,100.0,100.0,100.0,10.8942,"{'topn_overlap': 3, 'topn_overlap_pct': 60.0, 'max_gt0_pct': 100.0, 'max_ge3_pct': 80.0, 'max_ge4_pct': 80.0, 'final_gt0_pct': 60.0, 'avg_max_up_4h': 7.9381}",3,60.0,100.0,80.0,80.0,60.0,7.9381,"{'topn_overlap': 5, 'topn_overlap_pct': 71.43, 'max_gt0_pct': 100.0, 'max_ge3_pct': 85.71, 'max_ge4_pct': 85.71, 'final_gt0_pct': 71.43, 'avg_max_up_4h': 8.1861}",5,71.43,100.0,85.71,85.71,71.43,8.1861
2026-06-03 04:00:00,20,"{'topn_overlap': 2, 'topn_overlap_pct': 100.0, 'max_gt0_pct': 100.0, 'max_ge3_pct': 100.0, 'max_ge4_pct': 100.0, 'final_gt0_pct': 50.0, 'avg_max_up_4h': 12.496}",2,100.0,100.0,100.0,100.0,50.0,12.496,"{'topn_overlap': 5, 'topn_overlap_pct': 100.0, 'max_gt0_pct': 100.0, 'max_ge3_pct': 100.0, 'max_ge4_pct': 100.0, 'final_gt0_pct': 60.0, 'avg_max_up_4h': 9.961}",5,100.0,100.0,100.0,100.0,60.0,9.961,"{'topn_overlap': 6, 'topn_overlap_pct': 85.71, 'max_gt0_pct': 100.0, 'max_ge3_pct': 85.71, 'max_ge4_pct': 85.71, 'final_gt0_pct': 57.14, 'avg_max_up_4h': 8.1779}",6,85.71,100.0,85.71,85.71,57.14,8.1779
2026-06-03 06:00:00,34,"{'topn_overlap': 0, 'topn_overlap_pct': 0.0, 'max_gt0_pct': 100.0, 'max_ge3_pct': 100.0, 'max_ge4_pct': 100.0, 'final_gt0_pct': 100.0, 'avg_max_up_4h': 7.4059}",0,0.0,100.0,100.0,100.0,100.0,7.4059,"{'topn_overlap': 2, 'topn_overlap_pct': 40.0, 'max_gt0_pct': 100.0, 'max_ge3_pct': 60.0, 'max_ge4_pct': 60.0, 'final_gt0_pct': 40.0, 'avg_max_up_4h': 4.5533}",2,40.0,100.0,60.0,60.0,40.0,4.5533,"{'topn_overlap': 4, 'topn_overlap_pct': 57.14, 'max_gt0_pct': 100.0, 'max_ge3_pct': 57.14, 'max_ge4_pct': 57.14, 'final_gt0_pct': 42.86, 'avg_max_up_4h': 4.5244}",4,57.14,100.0,57.14,57.14,42.86,4.5244
2026-06-03 08:00:00,46,"{'topn_overlap': 1, 'topn_overlap_pct': 50.0, 'max_gt0_pct': 100.0, 'max_ge3_pct': 100.0, 'max_ge4_pct': 50.0, 'final_gt0_pct': 100.0, 'avg_max_up_4h': 11.6075}",1,50.0,100.0,100.0,50.0,100.0,11.6075,"{'topn_overlap': 1, 'topn_overlap_pct': 20.0, 'max_gt0_pct': 100.0, 'max_ge3_pct': 80.0, 'max_ge4_pct': 20.0, 'final_gt0_pct': 100.0, 'avg_max_up_4h': 6.6503}",1,20.0,100.0,80.0,20.0,100.0,6.6503,"{'topn_overlap': 2, 'topn_overlap_pct': 28.57, 'max_gt0_pct': 100.0, 'max_ge3_pct': 71.43, 'max_ge4_pct': 28.57, 'final_gt0_pct': 85.71, 'avg_max_up_4h': 6.2156}",2,28.57,100.0,71.43,28.57,85.71,6.2156
2026-06-03 10:00:00,29,"{'topn_overlap': 1, 'topn_overlap_pct': 50.0, 'max_gt0_pct': 100.0, 'max_ge3_pct': 100.0, 'max_ge4_pct': 100.0, 'final_gt0_pct': 100.0, 'avg_max_up_4h': 26.2838}",1,50.0,100.0,100.0,100.0,100.0,26.2838,"{'topn_overlap': 2, 'topn_overlap_pct': 40.0, 'max_gt0_pct': 80.0, 'max_ge3_pct': 60.0, 'max_ge4_pct': 60.0, 'final_gt0_pct': 40.0, 'avg_max_up_4h': 11.8332}",2,40.0,80.0,60.0,60.0,40.0,11.8332,"{'topn_overlap': 2, 'topn_overlap_pct': 28.57, 'max_gt0_pct': 85.71, 'max_ge3_pct': 71.43, 'max_ge4_pct': 57.14, 'final_gt0_pct': 57.14, 'avg_max_up_4h': 10.0478}",2,28.57,85.71,71.43,57.14,57.14,10.0478
2026-06-03 12:00:00,29,"{'topn_overlap': 0, 'topn_overlap_pct': 0.0, 'max_gt0_pct': 100.0, 'max_ge3_pct': 100.0, 'max_ge4_pct': 100.0, 'final_gt0_pct': 100.0, 'avg_max_up_4h': 17.9306}",0,0.0,100.0,100.0,100.0,100.0,17.9306,"{'topn_overlap': 4, 'topn_overlap_pct': 80.0, 'max_gt0_pct': 100.0, 'max_ge3_pct': 100.0, 'max_ge4_pct': 100.0, 'final_gt0_pct': 80.0, 'avg_max_up_4h': 17.4304}",4,80.0,100.0,100.0,100.0,80.0,17.4304,"{'topn_overlap': 4, 'topn_overlap_pct': 57.14, 'max_gt0_pct': 100.0, 'max_ge3_pct': 85.71, 'max_ge4_pct': 85.71, 'final_gt0_pct': 57.14, 'avg_max_up_4h': 13.49}",4,57.14,100.0,85.71,85.71,57.14,13.49
2026-06-03 14:00:00,149,"{'topn_overlap': 0, 'topn_overlap_pct': 0.0, 'max_gt0_pct': 100.0, 'max_ge3_pct': 50.0, 'max_ge4_pct': 50.0, 'final_gt0_pct': 100.0, 'avg_max_up_4h': 9.2085}",0,0.0,100.0,50.0,50.0,100.0,9.2085,"{'topn_overlap': 1, 'topn_overlap_pct': 20.0, 'max_gt0_pct': 100.0, 'max_ge3_pct': 40.0, 'max_ge4_pct': 20.0, 'final_gt0_pct': 80.0, 'avg_max_up_4h': 5.1885}",1,20.0,100.0,40.0,20.0,80.0,5.1885,"{'topn_overlap': 1, 'topn_overlap_pct': 14.29, 'max_gt0_pct': 100.0, 'max_ge3_pct': 57.14, 'max_ge4_pct': 42.86, 'final_gt0_pct': 71.43, 'avg_max_up_4h': 5.3859}",1,14.29,100.0,57.14,42.86,71.43,5.3859
2026-06-03 16:00:00,45,"{'topn_overlap': 0, 'topn_overlap_pct': 0.0, 'max_gt0_pct': 100.0, 'max_ge3_pct': 100.0, 'max_ge4_pct': 100.0, 'final_gt0_pct': 50.0, 'avg_max_up_4h': 14.5965}",0,0.0,100.0,100.0,100.0,50.0,14.5965,"{'topn_overlap': 2, 'topn_overlap_pct': 40.0, 'max_gt0_pct': 100.0, 'max_ge3_pct': 80.0, 'max_ge4_pct': 80.0, 'final_gt0_pct': 60.0, 'avg_max_up_4h': 10.8538}",2,40.0,100.0,80.0,80.0,60.0,10.8538,"{'topn_overlap': 4, 'topn_overlap_pct': 57.14, 'max_gt0_pct': 100.0, 'max_ge3_pct': 85.71, 'max_ge4_pct': 85.71, 'final_gt0_pct': 71.43, 'avg_max_up_4h': 14.9672}",4,57.14,100.0,85.71,85.71,71.43,14.9672
2026-06-03 18:00:00,30,"{'topn_overlap': 1, 'topn_overlap_pct': 50.0, 'max_gt0_pct': 100.0, 'max_ge3_pct': 100.0, 'max_ge4_pct': 100.0, 'final_gt0_pct': 100.0, 'avg_max_up_4h': 16.3056}",1,50.0,100.0,100.0,100.0,100.0,16.3056,"{'topn_overlap': 2, 'topn_overlap_pct': 40.0, 'max_gt0_pct': 100.0, 'max_ge3_pct': 80.0, 'max_ge4_pct': 80.0, 'final_gt0_pct': 80.0, 'avg_max_up_4h': 12.9504}",2,40.0,100.0,80.0,80.0,80.0,12.9504,"{'topn_overlap': 4, 'topn_overlap_pct': 57.14, 'max_gt0_pct': 100.0, 'max_ge3_pct': 85.71, 'max_ge4_pct': 71.43, 'final_gt0_pct': 57.14, 'avg_max_up_4h': 12.1801}",4,57.14,100.0,85.71,71.43,57.14,12.1801
2026-06-03 20:00:00,44,"{'topn_overlap': 1, 'topn_overlap_pct': 50.0, 'max_gt0_pct': 100.0, 'max_ge3_pct': 50.0, 'max_ge4_pct': 50.0, 'final_gt0_pct': 50.0, 'avg_max_up_4h': 8.1661}",1,50.0,100.0,50.0,50.0,50.0,8.1661,"{'topn_overlap': 2, 'topn_overlap_pct': 40.0, 'max_gt0_pct': 100.0, 'max_ge3_pct': 60.0, 'max_ge4_pct': 60.0, 'final_gt0_pct': 40.0, 'avg_max_up_4h': 7.5139}",2,40.0,100.0,60.0,60.0,40.0,7.5139,"{'topn_overlap': 2, 'topn_overlap_pct': 28.57, 'max_gt0_pct': 100.0, 'max_ge3_pct': 57.14, 'max_ge4_pct': 57.14, 'final_gt0_pct': 42.86, 'avg_max_up_4h': 6.0653}",2,28.57,100.0,57.14,57.14,42.86,6.0653
2026-06-03 22:00:00,46,"{'topn_overlap': 0, 'topn_overlap_pct': 0.0, 'max_gt0_pct': 100.0, 'max_ge3_pct': 100.0, 'max_ge4_pct': 100.0, 'final_gt0_pct': 50.0, 'avg_max_up_4h': 7.9505}",0,0.0,100.0,100.0,100.0,50.0,7.9505,"{'topn_overlap': 2, 'topn_overlap_pct': 40.0, 'max_gt0_pct': 100.0, 'max_ge3_pct': 100.0, 'max_ge4_pct': 100.0, 'final_gt0_pct': 60.0, 'avg_max_up_4h': 8.0337}",2,40.0,100.0,100.0,100.0,60.0,8.0337,"{'topn_overlap': 3, 'topn_overlap_pct': 42.86, 'max_gt0_pct': 100.0, 'max_ge3_pct': 100.0, 'max_ge4_pct': 100.0, 'final_gt0_pct': 71.43, 'avg_max_up_4h': 8.1219}",3,42.86,100.0,100.0,100.0,71.43,8.1219
2026-06-04 00:00:00,41,"{'topn_overlap': 2, 'topn_overlap_pct': 100.0, 'max_gt0_pct': 100.0, 'max_ge3_pct': 100.0, 'max_ge4_pct': 100.0, 'final_gt0_pct': 100.0, 'avg_max_up_4h': 53.621}",2,100.0,100.0,100.0,100.0,100.0,53.621,"{'topn_overlap': 3, 'topn_overlap_pct': 60.0, 'max_gt0_pct': 100.0, 'max_ge3_pct': 80.0, 'max_ge4_pct': 60.0, 'final_gt0_pct': 60.0, 'avg_max_up_4h': 24.2626}",3,60.0,100.0,80.0,60.0,60.0,24.2626,"{'topn_overlap': 5, 'topn_overlap_pct': 71.43, 'max_gt0_pct': 100.0, 'max_ge3_pct': 85.71, 'max_ge4_pct': 71.43, 'final_gt0_pct': 57.14, 'avg_max_up_4h': 20.1147}",5,71.43,100.0,85.71,71.43,57.14,20.1147
2026-06-04 02:00:00,84,"{'topn_overlap': 1, 'topn_overlap_pct': 50.0, 'max_gt0_pct': 100.0, 'max_ge3_pct': 100.0, 'max_ge4_pct': 100.0, 'final_gt0_pct': 50.0, 'avg_max_up_4h': 18.5253}",1,50.0,100.0,100.0,100.0,50.0,18.5253,"{'topn_overlap': 2, 'topn_overlap_pct': 40.0, 'max_gt0_pct': 100.0, 'max_ge3_pct': 80.0, 'max_ge4_pct': 80.0, 'final_gt0_pct': 40.0, 'avg_max_up_4h': 11.8248}",2,40.0,100.0,80.0,80.0,40.0,11.8248,"{'topn_overlap': 2, 'topn_overlap_pct': 28.57, 'max_gt0_pct': 100.0, 'max_ge3_pct': 85.71, 'max_ge4_pct': 85.71, 'final_gt0_pct': 42.86, 'avg_max_up_4h': 10.7309}",2,28.57,100.0,85.71,85.71,42.86,10.7309
2026-06-04 04:00:00,34,"{'topn_overlap': 1, 'topn_overlap_pct': 50.0, 'max_gt0_pct': 100.0, 'max_ge3_pct': 100.0, 'max_ge4_pct': 100.0, 'final_gt0_pct': 0.0, 'avg_max_up_4h': 10.1659}",1,50.0,100.0,100.0,100.0,0.0,10.1659,"{'topn_overlap': 5, 'topn_overlap_pct': 100.0, 'max_gt0_pct': 100.0, 'max_ge3_pct': 100.0, 'max_ge4_pct': 100.0, 'final_gt0_pct': 40.0, 'avg_max_up_4h': 9.7474}",5,100.0,100.0,100.0,100.0,40.0,9.7474,"{'topn_overlap': 5, 'topn_overlap_pct': 71.43, 'max_gt0_pct': 100.0, 'max_ge3_pct': 71.43, 'max_ge4_pct': 71.43, 'final_gt0_pct': 42.86, 'avg_max_up_4h': 7.0246}",5,71.43,100.0,71.43,71.43,42.86,7.0246
2026-06-04 06:00:00,128,"{'topn_overlap': 1, 'topn_overlap_pct': 50.0, 'max_gt0_pct': 100.0, 'max_ge3_pct': 100.0, 'max_ge4_pct': 100.0, 'final_gt0_pct': 50.0, 'avg_max_up_4h': 9.1017}",1,50.0,100.0,100.0,100.0,50.0,9.1017,"{'topn_overlap': 4, 'topn_overlap_pct': 80.0, 'max_gt0_pct': 100.0, 'max_ge3_pct': 80.0, 'max_ge4_pct': 80.0, 'final_gt0_pct': 60.0, 'avg_max_up_4h': 6.5992}",4,80.0,100.0,80.0,80.0,60.0,6.5992,"{'topn_overlap': 5, 'topn_overlap_pct': 71.43, 'max_gt0_pct': 100.0, 'max_ge3_pct': 85.71, 'max_ge4_pct': 85.71, 'final_gt0_pct': 71.43, 'avg_max_up_4h': 6.7766}",5,71.43,100.0,85.71,85.71,71.43,6.7766
2026-06-04 08:00:00,51,"{'topn_overlap': 1, 'topn_overlap_pct': 50.0, 'max_gt0_pct': 100.0, 'max_ge3_pct': 50.0, 'max_ge4_pct': 50.0, 'final_gt0_pct': 0.0, 'avg_max_up_4h': 4.3757}",1,50.0,100.0,50.0,50.0,0.0,4.3757,"{'topn_overlap': 1, 'topn_overlap_pct': 20.0, 'max_gt0_pct': 100.0, 'max_ge3_pct': 40.0, 'max_ge4_pct': 20.0, 'final_gt0_pct': 20.0, 'avg_max_up_4h': 2.8975}",1,20.0,100.0,40.0,20.0,20.0,2.8975,"{'topn_overlap': 1, 'topn_overlap_pct': 14.29, 'max_gt0_pct': 100.0, 'max_ge3_pct': 57.14, 'max_ge4_pct': 42.86, 'final_gt0_pct': 14.29, 'avg_max_up_4h': 3.5276}",1,14.29,100.0,57.14,42.86,14.29,3.5276
2026-06-04 10:00:00,84,"{'topn_overlap': 1, 'topn_overlap_pct': 50.0, 'max_gt0_pct': 100.0, 'max_ge3_pct': 100.0, 'max_ge4_pct': 100.0, 'final_gt0_pct': 50.0, 'avg_max_up_4h': 11.1504}",1,50.0,100.0,100.0,100.0,50.0,11.1504,"{'topn_overlap': 2, 'topn_overlap_pct': 40.0, 'max_gt0_pct': 100.0, 'max_ge3_pct': 100.0, 'max_ge4_pct': 80.0, 'final_gt0_pct': 40.0, 'avg_max_up_4h': 10.329}",2,40.0,100.0,100.0,80.0,40.0,10.329,"{'topn_overlap': 4, 'topn_overlap_pct': 57.14, 'max_gt0_pct': 100.0, 'max_ge3_pct': 71.43, 'max_ge4_pct': 57.14, 'final_gt0_pct': 28.57, 'avg_max_up_4h': 7.4741}",4,57.14,100.0,71.43,57.14,28.57,7.4741
2026-06-04 12:00:00,94,"{'topn_overlap': 0, 'topn_overlap_pct': 0.0, 'max_gt0_pct': 100.0, 'max_ge3_pct': 50.0, 'max_ge4_pct': 50.0, 'final_gt0_pct': 50.0, 'avg_max_up_4h': 7.1306}",0,0.0,100.0,50.0,50.0,50.0,7.1306,"{'topn_overlap': 2, 'topn_overlap_pct': 40.0, 'max_gt0_pct': 100.0, 'max_ge3_pct': 80.0, 'max_ge4_pct': 80.0, 'final_gt0_pct': 40.0, 'avg_max_up_4h': 6.9071}",2,40.0,100.0,80.0,80.0,40.0,6.9071,"{'topn_overlap': 3, 'topn_overlap_pct': 42.86, 'max_gt0_pct': 100.0, 'max_ge3_pct': 85.71, 'max_ge4_pct': 85.71, 'final_gt0_pct': 42.86, 'avg_max_up_4h': 9.2094}",3,42.86,100.0,85.71,85.71,42.86,9.2094
2026-06-04 14:00:00,69,"{'topn_overlap': 1, 'topn_overlap_pct': 50.0, 'max_gt0_pct': 100.0, 'max_ge3_pct': 100.0, 'max_ge4_pct': 100.0, 'final_gt0_pct': 100.0, 'avg_max_up_4h': 22.6018}",1,50.0,100.0,100.0,100.0,100.0,22.6018,"{'topn_overlap': 3, 'topn_overlap_pct': 60.0, 'max_gt0_pct': 100.0, 'max_ge3_pct': 80.0, 'max_ge4_pct': 80.0, 'final_gt0_pct': 60.0, 'avg_max_up_4h': 13.0261}",3,60.0,100.0,80.0,80.0,60.0,13.0261,"{'topn_overlap': 5, 'topn_overlap_pct': 71.43, 'max_gt0_pct': 100.0, 'max_ge3_pct': 85.71, 'max_ge4_pct': 85.71, 'final_gt0_pct': 71.43, 'avg_max_up_4h': 11.3644}",5,71.43,100.0,85.71,85.71,71.43,11.3644
2026-06-04 16:00:00,36,"{'topn_overlap': 1, 'topn_overlap_pct': 50.0, 'max_gt0_pct': 100.0, 'max_ge3_pct': 50.0, 'max_ge4_pct': 50.0, 'final_gt0_pct': 0.0, 'avg_max_up_4h': 4.9962}",1,50.0,100.0,50.0,50.0,0.0,4.9962,"{'topn_overlap': 2, 'topn_overlap_pct': 40.0, 'max_gt0_pct': 100.0, 'max_ge3_pct': 60.0, 'max_ge4_pct': 40.0, 'final_gt0_pct': 40.0, 'avg_max_up_4h': 5.1636}",2,40.0,100.0,60.0,40.0,40.0,5.1636,"{'topn_overlap': 3, 'topn_overlap_pct': 42.86, 'max_gt0_pct': 100.0, 'max_ge3_pct': 71.43, 'max_ge4_pct': 42.86, 'final_gt0_pct': 42.86, 'avg_max_up_4h': 5.2256}",3,42.86,100.0,71.43,42.86,42.86,5.2256
2026-06-04 18:00:00,55,"{'topn_overlap': 1, 'topn_overlap_pct': 50.0, 'max_gt0_pct': 100.0, 'max_ge3_pct': 100.0, 'max_ge4_pct': 100.0, 'final_gt0_pct': 50.0, 'avg_max_up_4h': 9.689}",1,50.0,100.0,100.0,100.0,50.0,9.689,"{'topn_overlap': 2, 'topn_overlap_pct': 40.0, 'max_gt0_pct': 100.0, 'max_ge3_pct': 80.0, 'max_ge4_pct': 80.0, 'final_gt0_pct': 60.0, 'avg_max_up_4h': 6.7192}",2,40.0,100.0,80.0,80.0,60.0,6.7192,"{'topn_overlap': 2, 'topn_overlap_pct': 28.57, 'max_gt0_pct': 85.71, 'max_ge3_pct': 71.43, 'max_ge4_pct': 71.43, 'final_gt0_pct': 57.14, 'avg_max_up_4h': 5.5724}",2,28.57,85.71,71.43,71.43,57.14,5.5724
2026-06-04 20:00:00,24,"{'topn_overlap': 0, 'topn_overlap_pct': 0.0, 'max_gt0_pct': 100.0, 'max_ge3_pct': 100.0, 'max_ge4_pct': 100.0, 'final_gt0_pct': 100.0, 'avg_max_up_4h': 6.7906}",0,0.0,100.0,100.0,100.0,100.0,6.7906,"{'topn_overlap': 0, 'topn_overlap_pct': 0.0, 'max_gt0_pct': 100.0, 'max_ge3_pct': 60.0, 'max_ge4_pct': 40.0, 'final_gt0_pct': 80.0, 'avg_max_up_4h': 4.199}",0,0.0,100.0,60.0,40.0,80.0,4.199,"{'topn_overlap': 2, 'topn_overlap_pct': 28.57, 'max_gt0_pct': 100.0, 'max_ge3_pct': 57.14, 'max_ge4_pct': 42.86, 'final_gt0_pct': 71.43, 'avg_max_up_4h': 4.3436}",2,28.57,100.0,57.14,42.86,71.43,4.3436
2026-06-04 22:00:00,21,"{'topn_overlap': 0, 'topn_overlap_pct': 0.0, 'max_gt0_pct': 100.0, 'max_ge3_pct': 100.0, 'max_ge4_pct': 100.0, 'final_gt0_pct': 50.0, 'avg_max_up_4h': 6.0308}",0,0.0,100.0,100.0,100.0,50.0,6.0308,"{'topn_overlap': 3, 'topn_overlap_pct': 60.0, 'max_gt0_pct': 100.0, 'max_ge3_pct': 80.0, 'max_ge4_pct': 80.0, 'final_gt0_pct': 60.0, 'avg_max_up_4h': 7.2871}",3,60.0,100.0,80.0,80.0,60.0,7.2871,"{'topn_overlap': 5, 'topn_overlap_pct': 71.43, 'max_gt0_pct': 100.0, 'max_ge3_pct': 85.71, 'max_ge4_pct': 85.71, 'final_gt0_pct': 57.14, 'avg_max_up_4h': 6.7789}",5,71.43,100.0,85.71,85.71,57.14,6.7789
2026-06-05 00:00:00,104,"{'topn_overlap': 1, 'topn_overlap_pct': 50.0, 'max_gt0_pct': 100.0, 'max_ge3_pct': 100.0, 'max_ge4_pct': 100.0, 'final_gt0_pct': 100.0, 'avg_max_up_4h': 17.4445}",1,50.0,100.0,100.0,100.0,100.0,17.4445,"{'topn_overlap': 2, 'topn_overlap_pct': 40.0, 'max_gt0_pct': 100.0, 'max_ge3_pct': 100.0, 'max_ge4_pct': 80.0, 'final_gt0_pct': 100.0, 'avg_max_up_4h': 10.3246}",2,40.0,100.0,100.0,80.0,100.0,10.3246,"{'topn_overlap': 2, 'topn_overlap_pct': 28.57, 'max_gt0_pct': 100.0, 'max_ge3_pct': 100.0, 'max_ge4_pct': 71.43, 'final_gt0_pct': 100.0, 'avg_max_up_4h': 8.6901}",2,28.57,100.0,100.0,71.43,100.0,8.6901
2026-06-05 02:00:00,33,"{'topn_overlap': 0, 'topn_overlap_pct': 0.0, 'max_gt0_pct': 100.0, 'max_ge3_pct': 100.0, 'max_ge4_pct': 100.0, 'final_gt0_pct': 0.0, 'avg_max_up_4h': 6.7789}",0,0.0,100.0,100.0,100.0,0.0,6.7789,"{'topn_overlap': 3, 'topn_overlap_pct': 60.0, 'max_gt0_pct': 100.0, 'max_ge3_pct': 100.0, 'max_ge4_pct': 100.0, 'final_gt0_pct': 20.0, 'avg_max_up_4h': 7.7891}",3,60.0,100.0,100.0,100.0,20.0,7.7891,"{'topn_overlap': 5, 'topn_overlap_pct': 71.43, 'max_gt0_pct': 100.0, 'max_ge3_pct': 85.71, 'max_ge4_pct': 85.71, 'final_gt0_pct': 28.57, 'avg_max_up_4h': 13.2556}",5,71.43,100.0,85.71,85.71,28.57,13.2556
2026-06-05 04:00:00,22,"{'topn_overlap': 1, 'topn_overlap_pct': 50.0, 'max_gt0_pct': 100.0, 'max_ge3_pct': 50.0, 'max_ge4_pct': 50.0, 'final_gt0_pct': 50.0, 'avg_max_up_4h': 19.5122}",1,50.0,100.0,50.0,50.0,50.0,19.5122,"{'topn_overlap': 1, 'topn_overlap_pct': 20.0, 'max_gt0_pct': 100.0, 'max_ge3_pct': 20.0, 'max_ge4_pct': 20.0, 'final_gt0_pct': 20.0, 'avg_max_up_4h': 8.4174}",1,20.0,100.0,20.0,20.0,20.0,8.4174,"{'topn_overlap': 3, 'topn_overlap_pct': 42.86, 'max_gt0_pct': 100.0, 'max_ge3_pct': 14.29, 'max_ge4_pct': 14.29, 'final_gt0_pct': 28.57, 'avg_max_up_4h': 6.6745}",3,42.86,100.0,14.29,14.29,28.57,6.6745
2026-06-05 06:00:00,22,"{'topn_overlap': 1, 'topn_overlap_pct': 50.0, 'max_gt0_pct': 100.0, 'max_ge3_pct': 50.0, 'max_ge4_pct': 50.0, 'final_gt0_pct': 0.0, 'avg_max_up_4h': 3.7816}",1,50.0,100.0,50.0,50.0,0.0,3.7816,"{'topn_overlap': 1, 'topn_overlap_pct': 20.0, 'max_gt0_pct': 100.0, 'max_ge3_pct': 20.0, 'max_ge4_pct': 20.0, 'final_gt0_pct': 20.0, 'avg_max_up_4h': 2.6875}",1,20.0,100.0,20.0,20.0,20.0,2.6875,"{'topn_overlap': 3, 'topn_overlap_pct': 42.86, 'max_gt0_pct': 100.0, 'max_ge3_pct': 14.29, 'max_ge4_pct': 14.29, 'final_gt0_pct': 28.57, 'avg_max_up_4h': 2.0258}",3,42.86,100.0,14.29,14.29,28.57,2.0258
2026-06-05 08:00:00,22,"{'topn_overlap': 1, 'topn_overlap_pct': 50.0, 'max_gt0_pct': 100.0, 'max_ge3_pct': 50.0, 'max_ge4_pct': 50.0, 'final_gt0_pct': 0.0, 'avg_max_up_4h': 4.6039}",1,50.0,100.0,50.0,50.0,0.0,4.6039,"{'topn_overlap': 4, 'topn_overlap_pct': 80.0, 'max_gt0_pct': 100.0, 'max_ge3_pct': 80.0, 'max_ge4_pct': 80.0, 'final_gt0_pct': 40.0, 'avg_max_up_4h': 5.2674}",4,80.0,100.0,80.0,80.0,40.0,5.2674,"{'topn_overlap': 5, 'topn_overlap_pct': 71.43, 'max_gt0_pct': 100.0, 'max_ge3_pct': 71.43, 'max_ge4_pct': 71.43, 'final_gt0_pct': 28.57, 'avg_max_up_4h': 4.5513}",5,71.43,100.0,71.43,71.43,28.57,4.5513
2026-06-05 10:00:00,37,"{'topn_overlap': 1, 'topn_overlap_pct': 50.0, 'max_gt0_pct': 100.0, 'max_ge3_pct': 100.0, 'max_ge4_pct': 50.0, 'final_gt0_pct': 50.0, 'avg_max_up_4h': 7.995}",1,50.0,100.0,100.0,50.0,50.0,7.995,"{'topn_overlap': 3, 'topn_overlap_pct': 60.0, 'max_gt0_pct': 100.0, 'max_ge3_pct': 100.0, 'max_ge4_pct': 60.0, 'final_gt0_pct': 80.0, 'avg_max_up_4h': 8.2496}",3,60.0,100.0,100.0,60.0,80.0,8.2496,"{'topn_overlap': 3, 'topn_overlap_pct': 42.86, 'max_gt0_pct': 100.0, 'max_ge3_pct': 100.0, 'max_ge4_pct': 57.14, 'final_gt0_pct': 85.71, 'avg_max_up_4h': 7.0005}",3,42.86,100.0,100.0,57.14,85.71,7.0005
2026-06-05 12:00:00,39,"{'topn_overlap': 1, 'topn_overlap_pct': 50.0, 'max_gt0_pct': 100.0, 'max_ge3_pct': 100.0, 'max_ge4_pct': 50.0, 'final_gt0_pct': 50.0, 'avg_max_up_4h': 19.0966}",1,50.0,100.0,100.0,50.0,50.0,19.0966,"{'topn_overlap': 4, 'topn_overlap_pct': 80.0, 'max_gt0_pct': 100.0, 'max_ge3_pct': 100.0, 'max_ge4_pct': 80.0, 'final_gt0_pct': 80.0, 'avg_max_up_4h': 14.2834}",4,80.0,100.0,100.0,80.0,80.0,14.2834,"{'topn_overlap': 4, 'topn_overlap_pct': 57.14, 'max_gt0_pct': 100.0, 'max_ge3_pct': 71.43, 'max_ge4_pct': 57.14, 'final_gt0_pct': 71.43, 'avg_max_up_4h': 10.7987}",4,57.14,100.0,71.43,57.14,71.43,10.7987
2026-06-05 14:00:00,30,"{'topn_overlap': 0, 'topn_overlap_pct': 0.0, 'max_gt0_pct': 100.0, 'max_ge3_pct': 100.0, 'max_ge4_pct': 100.0, 'final_gt0_pct': 50.0, 'avg_max_up_4h': 8.7163}",0,0.0,100.0,100.0,100.0,50.0,8.7163,"{'topn_overlap': 4, 'topn_overlap_pct': 80.0, 'max_gt0_pct': 100.0, 'max_ge3_pct': 80.0, 'max_ge4_pct': 80.0, 'final_gt0_pct': 60.0, 'avg_max_up_4h': 8.9297}",4,80.0,100.0,80.0,80.0,60.0,8.9297,"{'topn_overlap': 4, 'topn_overlap_pct': 57.14, 'max_gt0_pct': 100.0, 'max_ge3_pct': 57.14, 'max_ge4_pct': 57.14, 'final_gt0_pct': 42.86, 'avg_max_up_4h': 6.779}",4,57.14,100.0,57.14,57.14,42.86,6.779
2026-06-05 16:00:00,100,"{'topn_overlap': 1, 'topn_overlap_pct': 50.0, 'max_gt0_pct': 100.0, 'max_ge3_pct': 100.0, 'max_ge4_pct': 100.0, 'final_gt0_pct': 50.0, 'avg_max_up_4h': 10.5287}",1,50.0,100.0,100.0,100.0,50.0,10.5287,"{'topn_overlap': 2, 'topn_overlap_pct': 40.0, 'max_gt0_pct': 100.0, 'max_ge3_pct': 100.0, 'max_ge4_pct': 100.0, 'final_gt0_pct': 60.0, 'avg_max_up_4h': 8.7077}",2,40.0,100.0,100.0,100.0,60.0,8.7077,"{'topn_overlap': 3, 'topn_overlap_pct': 42.86, 'max_gt0_pct': 100.0, 'max_ge3_pct': 100.0, 'max_ge4_pct': 100.0, 'final_gt0_pct': 57.14, 'avg_max_up_4h': 8.0741}",3,42.86,100.0,100.0,100.0,57.14,8.0741
2026-06-05 18:00:00,86,"{'topn_overlap': 1, 'topn_overlap_pct': 50.0, 'max_gt0_pct': 100.0, 'max_ge3_pct': 100.0, 'max_ge4_pct': 50.0, 'final_gt0_pct': 50.0, 'avg_max_up_4h': 6.9352}",1,50.0,100.0,100.0,50.0,50.0,6.9352,"{'topn_overlap': 2, 'topn_overlap_pct': 40.0, 'max_gt0_pct': 100.0, 'max_ge3_pct': 100.0, 'max_ge4_pct': 80.0, 'final_gt0_pct': 60.0, 'avg_max_up_4h': 6.9968}",2,40.0,100.0,100.0,80.0,60.0,6.9968,"{'topn_overlap': 3, 'topn_overlap_pct': 42.86, 'max_gt0_pct': 100.0, 'max_ge3_pct': 85.71, 'max_ge4_pct': 57.14, 'final_gt0_pct': 57.14, 'avg_max_up_4h': 5.7148}",3,42.86,100.0,85.71,57.14,57.14,5.7148
2026-06-05 20:00:00,37,"{'topn_overlap': 1, 'topn_overlap_pct': 50.0, 'max_gt0_pct': 100.0, 'max_ge3_pct': 100.0, 'max_ge4_pct': 100.0, 'final_gt0_pct': 0.0, 'avg_max_up_4h': 8.1563}",1,50.0,100.0,100.0,100.0,0.0,8.1563,"{'topn_overlap': 1, 'topn_overlap_pct': 20.0, 'max_gt0_pct': 100.0, 'max_ge3_pct': 80.0, 'max_ge4_pct': 60.0, 'final_gt0_pct': 60.0, 'avg_max_up_4h': 5.4781}",1,20.0,100.0,80.0,60.0,60.0,5.4781,"{'topn_overlap': 3, 'topn_overlap_pct': 42.86, 'max_gt0_pct': 100.0, 'max_ge3_pct': 71.43, 'max_ge4_pct': 57.14, 'final_gt0_pct': 57.14, 'avg_max_up_4h': 5.3781}",3,42.86,100.0,71.43,57.14,57.14,5.3781
2026-06-05 22:00:00,30,"{'topn_overlap': 1, 'topn_overlap_pct': 50.0, 'max_gt0_pct': 100.0, 'max_ge3_pct': 50.0, 'max_ge4_pct': 50.0, 'final_gt0_pct': 50.0, 'avg_max_up_4h': 4.5742}",1,50.0,100.0,50.0,50.0,50.0,4.5742,"{'topn_overlap': 2, 'topn_overlap_pct': 40.0, 'max_gt0_pct': 100.0, 'max_ge3_pct': 60.0, 'max_ge4_pct': 20.0, 'final_gt0_pct': 40.0, 'avg_max_up_4h': 3.7989}",2,40.0,100.0,60.0,20.0,40.0,3.7989,"{'topn_overlap': 2, 'topn_overlap_pct': 28.57, 'max_gt0_pct': 100.0, 'max_ge3_pct': 42.86, 'max_ge4_pct': 14.29, 'final_gt0_pct': 42.86, 'avg_max_up_4h': 3.2694}",2,28.57,100.0,42.86,14.29,42.86,3.2694
2026-06-06 00:00:00,107,"{'topn_overlap': 0, 'topn_overlap_pct': 0.0, 'max_gt0_pct': 100.0, 'max_ge3_pct': 50.0, 'max_ge4_pct': 0.0, 'final_gt0_pct': 50.0, 'avg_max_up_4h': 2.9754}",0,0.0,100.0,50.0,0.0,50.0,2.9754,"{'topn_overlap': 0, 'topn_overlap_pct': 0.0, 'max_gt0_pct': 80.0, 'max_ge3_pct': 40.0, 'max_ge4_pct': 20.0, 'final_gt0_pct': 40.0, 'avg_max_up_4h': 2.6279}",0,0.0,80.0,40.0,20.0,40.0,2.6279,"{'topn_overlap': 2, 'topn_overlap_pct': 28.57, 'max_gt0_pct': 85.71, 'max_ge3_pct': 57.14, 'max_ge4_pct': 42.86, 'final_gt0_pct': 42.86, 'avg_max_up_4h': 5.6215}",2,28.57,85.71,57.14,42.86,42.86,5.6215
2026-06-06 02:00:00,44,"{'topn_overlap': 2, 'topn_overlap_pct': 100.0, 'max_gt0_pct': 100.0, 'max_ge3_pct': 100.0, 'max_ge4_pct': 100.0, 'final_gt0_pct': 100.0, 'avg_max_up_4h': 21.6213}",2,100.0,100.0,100.0,100.0,100.0,21.6213,"{'topn_overlap': 2, 'topn_overlap_pct': 40.0, 'max_gt0_pct': 100.0, 'max_ge3_pct': 80.0, 'max_ge4_pct': 80.0, 'final_gt0_pct': 80.0, 'avg_max_up_4h': 11.2426}",2,40.0,100.0,80.0,80.0,80.0,11.2426,"{'topn_overlap': 4, 'topn_overlap_pct': 57.14, 'max_gt0_pct': 100.0, 'max_ge3_pct': 57.14, 'max_ge4_pct': 57.14, 'final_gt0_pct': 57.14, 'avg_max_up_4h': 8.4081}",4,57.14,100.0,57.14,57.14,57.14,8.4081
2026-06-06 04:00:00,80,"{'topn_overlap': 1, 'topn_overlap_pct': 50.0, 'max_gt0_pct': 100.0, 'max_ge3_pct': 100.0, 'max_ge4_pct': 100.0, 'final_gt0_pct': 50.0, 'avg_max_up_4h': 13.2439}",1,50.0,100.0,100.0,100.0,50.0,13.2439,"{'topn_overlap': 1, 'topn_overlap_pct': 20.0, 'max_gt0_pct': 100.0, 'max_ge3_pct': 100.0, 'max_ge4_pct': 80.0, 'final_gt0_pct': 40.0, 'avg_max_up_4h': 8.379}",1,20.0,100.0,100.0,80.0,40.0,8.379,"{'topn_overlap': 2, 'topn_overlap_pct': 28.57, 'max_gt0_pct': 100.0, 'max_ge3_pct': 100.0, 'max_ge4_pct': 85.71, 'final_gt0_pct': 57.14, 'avg_max_up_4h': 10.1592}",2,28.57,100.0,100.0,85.71,57.14,10.1592
2026-06-06 06:00:00,36,"{'topn_overlap': 0, 'topn_overlap_pct': 0.0, 'max_gt0_pct': 100.0, 'max_ge3_pct': 100.0, 'max_ge4_pct': 100.0, 'final_gt0_pct': 50.0, 'avg_max_up_4h': 7.9053}",0,0.0,100.0,100.0,100.0,50.0,7.9053,"{'topn_overlap': 3, 'topn_overlap_pct': 60.0, 'max_gt0_pct': 100.0, 'max_ge3_pct': 100.0, 'max_ge4_pct': 100.0, 'final_gt0_pct': 80.0, 'avg_max_up_4h': 9.3952}",3,60.0,100.0,100.0,100.0,80.0,9.3952,"{'topn_overlap': 4, 'topn_overlap_pct': 57.14, 'max_gt0_pct': 100.0, 'max_ge3_pct': 71.43, 'max_ge4_pct': 71.43, 'final_gt0_pct': 71.43, 'avg_max_up_4h': 7.255}",4,57.14,100.0,71.43,71.43,71.43,7.255
2026-06-06 08:00:00,77,"{'topn_overlap': 0, 'topn_overlap_pct': 0.0, 'max_gt0_pct': 100.0, 'max_ge3_pct': 100.0, 'max_ge4_pct': 100.0, 'final_gt0_pct': 50.0, 'avg_max_up_4h': 9.1424}",0,0.0,100.0,100.0,100.0,50.0,9.1424,"{'topn_overlap': 1, 'topn_overlap_pct': 20.0, 'max_gt0_pct': 100.0, 'max_ge3_pct': 80.0, 'max_ge4_pct': 80.0, 'final_gt0_pct': 20.0, 'avg_max_up_4h': 6.1352}",1,20.0,100.0,80.0,80.0,20.0,6.1352,"{'topn_overlap': 2, 'topn_overlap_pct': 28.57, 'max_gt0_pct': 100.0, 'max_ge3_pct': 85.71, 'max_ge4_pct': 71.43, 'final_gt0_pct': 42.86, 'avg_max_up_4h': 5.9216}",2,28.57,100.0,85.71,71.43,42.86,5.9216
2026-06-06 10:00:00,38,"{'topn_overlap': 0, 'topn_overlap_pct': 0.0, 'max_gt0_pct': 100.0, 'max_ge3_pct': 50.0, 'max_ge4_pct': 50.0, 'final_gt0_pct': 50.0, 'avg_max_up_4h': 5.4101}",0,0.0,100.0,50.0,50.0,50.0,5.4101,"{'topn_overlap': 2, 'topn_overlap_pct': 40.0, 'max_gt0_pct': 80.0, 'max_ge3_pct': 60.0, 'max_ge4_pct': 40.0, 'final_gt0_pct': 60.0, 'avg_max_up_4h': 6.1864}",2,40.0,80.0,60.0,40.0,60.0,6.1864,"{'topn_overlap': 3, 'topn_overlap_pct': 42.86, 'max_gt0_pct': 85.71, 'max_ge3_pct': 57.14, 'max_ge4_pct': 42.86, 'final_gt0_pct': 57.14, 'avg_max_up_4h': 5.6494}",3,42.86,85.71,57.14,42.86,57.14,5.6494
2026-06-06 12:00:00,33,"{'topn_overlap': 0, 'topn_overlap_pct': 0.0, 'max_gt0_pct': 100.0, 'max_ge3_pct': 50.0, 'max_ge4_pct': 50.0, 'final_gt0_pct': 0.0, 'avg_max_up_4h': 4.7713}",0,0.0,100.0,50.0,50.0,0.0,4.7713,"{'topn_overlap': 2, 'topn_overlap_pct': 40.0, 'max_gt0_pct': 100.0, 'max_ge3_pct': 60.0, 'max_ge4_pct': 60.0, 'final_gt0_pct': 40.0, 'avg_max_up_4h': 8.4899}",2,40.0,100.0,60.0,60.0,40.0,8.4899,"{'topn_overlap': 3, 'topn_overlap_pct': 42.86, 'max_gt0_pct': 100.0, 'max_ge3_pct': 57.14, 'max_ge4_pct': 42.86, 'final_gt0_pct': 28.57, 'avg_max_up_4h': 6.8223}",3,42.86,100.0,57.14,42.86,28.57,6.8223
2026-06-06 14:00:00,95,"{'topn_overlap': 1, 'topn_overlap_pct': 50.0, 'max_gt0_pct': 100.0, 'max_ge3_pct': 100.0, 'max_ge4_pct': 100.0, 'final_gt0_pct': 100.0, 'avg_max_up_4h': 20.0671}",1,50.0,100.0,100.0,100.0,100.0,20.0671,"{'topn_overlap': 3, 'topn_overlap_pct': 60.0, 'max_gt0_pct': 100.0, 'max_ge3_pct': 100.0, 'max_ge4_pct': 80.0, 'final_gt0_pct': 80.0, 'avg_max_up_4h': 13.2666}",3,60.0,100.0,100.0,80.0,80.0,13.2666,"{'topn_overlap': 4, 'topn_overlap_pct': 57.14, 'max_gt0_pct': 100.0, 'max_ge3_pct': 100.0, 'max_ge4_pct': 85.71, 'final_gt0_pct': 85.71, 'avg_max_up_4h': 12.4366}",4,57.14,100.0,100.0,85.71,85.71,12.4366
2026-06-06 16:00:00,75,"{'topn_overlap': 1, 'topn_overlap_pct': 50.0, 'max_gt0_pct': 100.0, 'max_ge3_pct': 100.0, 'max_ge4_pct': 100.0, 'final_gt0_pct': 100.0, 'avg_max_up_4h': 32.2543}",1,50.0,100.0,100.0,100.0,100.0,32.2543,"{'topn_overlap': 2, 'topn_overlap_pct': 40.0, 'max_gt0_pct': 100.0, 'max_ge3_pct': 100.0, 'max_ge4_pct': 80.0, 'final_gt0_pct': 80.0, 'avg_max_up_4h': 16.8765}",2,40.0,100.0,100.0,80.0,80.0,16.8765,"{'topn_overlap': 4, 'topn_overlap_pct': 57.14, 'max_gt0_pct': 100.0, 'max_ge3_pct': 100.0, 'max_ge4_pct': 85.71, 'final_gt0_pct': 85.71, 'avg_max_up_4h': 22.9841}",4,57.14,100.0,100.0,85.71,85.71,22.9841
2026-06-06 18:00:00,32,"{'topn_overlap': 1, 'topn_overlap_pct': 50.0, 'max_gt0_pct': 100.0, 'max_ge3_pct': 100.0, 'max_ge4_pct': 100.0, 'final_gt0_pct': 100.0, 'avg_max_up_4h': 44.5057}",1,50.0,100.0,100.0,100.0,100.0,44.5057,"{'topn_overlap': 3, 'topn_overlap_pct': 60.0, 'max_gt0_pct': 100.0, 'max_ge3_pct': 100.0, 'max_ge4_pct': 100.0, 'final_gt0_pct': 100.0, 'avg_max_up_4h': 27.073}",3,60.0,100.0,100.0,100.0,100.0,27.073,"{'topn_overlap': 5, 'topn_overlap_pct': 71.43, 'max_gt0_pct': 100.0, 'max_ge3_pct': 100.0, 'max_ge4_pct': 100.0, 'final_gt0_pct': 100.0, 'avg_max_up_4h': 22.0659}",5,71.43,100.0,100.0,100.0,100.0,22.0659
2026-06-06 20:00:00,37,"{'topn_overlap': 0, 'topn_overlap_pct': 0.0, 'max_gt0_pct': 100.0, 'max_ge3_pct': 100.0, 'max_ge4_pct': 100.0, 'final_gt0_pct': 50.0, 'avg_max_up_4h': 14.0789}",0,0.0,100.0,100.0,100.0,50.0,14.0789,"{'topn_overlap': 3, 'topn_overlap_pct': 60.0, 'max_gt0_pct': 100.0, 'max_ge3_pct': 100.0, 'max_ge4_pct': 100.0, 'final_gt0_pct': 80.0, 'avg_max_up_4h': 18.0498}",3,60.0,100.0,100.0,100.0,80.0,18.0498,"{'topn_overlap': 5, 'topn_overlap_pct': 71.43, 'max_gt0_pct': 100.0, 'max_ge3_pct': 85.71, 'max_ge4_pct': 85.71, 'final_gt0_pct': 71.43, 'avg_max_up_4h': 15.4827}",5,71.43,100.0,85.71,85.71,71.43,15.4827
2026-06-06 22:00:00,30,"{'topn_overlap': 1, 'topn_overlap_pct': 50.0, 'max_gt0_pct': 100.0, 'max_ge3_pct': 100.0, 'max_ge4_pct': 100.0, 'final_gt0_pct': 100.0, 'avg_max_up_4h': 26.5873}",1,50.0,100.0,100.0,100.0,100.0,26.5873,"{'topn_overlap': 2, 'topn_overlap_pct': 40.0, 'max_gt0_pct': 100.0, 'max_ge3_pct': 60.0, 'max_ge4_pct': 60.0, 'final_gt0_pct': 80.0, 'avg_max_up_4h': 12.1643}",2,40.0,100.0,60.0,60.0,80.0,12.1643,"{'topn_overlap': 3, 'topn_overlap_pct': 42.86, 'max_gt0_pct': 100.0, 'max_ge3_pct': 71.43, 'max_ge4_pct': 71.43, 'final_gt0_pct': 85.71, 'avg_max_up_4h': 11.0169}",3,42.86,100.0,71.43,71.43,85.71,11.0169
2026-06-07 00:00:00,85,"{'topn_overlap': 1, 'topn_overlap_pct': 50.0, 'max_gt0_pct': 100.0, 'max_ge3_pct': 100.0, 'max_ge4_pct': 100.0, 'final_gt0_pct': 50.0, 'avg_max_up_4h': 27.1801}",1,50.0,100.0,100.0,100.0,50.0,27.1801,"{'topn_overlap': 3, 'topn_overlap_pct': 60.0, 'max_gt0_pct': 100.0, 'max_ge3_pct': 80.0, 'max_ge4_pct': 80.0, 'final_gt0_pct': 40.0, 'avg_max_up_4h': 15.5642}",3,60.0,100.0,80.0,80.0,40.0,15.5642,"{'topn_overlap': 4, 'topn_overlap_pct': 57.14, 'max_gt0_pct': 100.0, 'max_ge3_pct': 85.71, 'max_ge4_pct': 71.43, 'final_gt0_pct': 42.86, 'avg_max_up_4h': 13.2674}",4,57.14,100.0,85.71,71.43,42.86,13.2674
2026-06-07 02:00:00,36,"{'topn_overlap': 1, 'topn_overlap_pct': 50.0, 'max_gt0_pct': 100.0, 'max_ge3_pct': 100.0, 'max_ge4_pct': 100.0, 'final_gt0_pct': 100.0, 'avg_max_up_4h': 22.0276}",1,50.0,100.0,100.0,100.0,100.0,22.0276,"{'topn_overlap': 3, 'topn_overlap_pct': 60.0, 'max_gt0_pct': 100.0, 'max_ge3_pct': 100.0, 'max_ge4_pct': 100.0, 'final_gt0_pct': 80.0, 'avg_max_up_4h': 14.8573}",3,60.0,100.0,100.0,100.0,80.0,14.8573,"{'topn_overlap': 4, 'topn_overlap_pct': 57.14, 'max_gt0_pct': 100.0, 'max_ge3_pct': 85.71, 'max_ge4_pct': 85.71, 'final_gt0_pct': 71.43, 'avg_max_up_4h': 11.3238}",4,57.14,100.0,85.71,85.71,71.43,11.3238
2026-06-07 04:00:00,33,"{'topn_overlap': 1, 'topn_overlap_pct': 50.0, 'max_gt0_pct': 100.0, 'max_ge3_pct': 100.0, 'max_ge4_pct': 100.0, 'final_gt0_pct': 100.0, 'avg_max_up_4h': 25.089}",1,50.0,100.0,100.0,100.0,100.0,25.089,"{'topn_overlap': 4, 'topn_overlap_pct': 80.0, 'max_gt0_pct': 100.0, 'max_ge3_pct': 100.0, 'max_ge4_pct': 100.0, 'final_gt0_pct': 100.0, 'avg_max_up_4h': 18.6788}",4,80.0,100.0,100.0,100.0,100.0,18.6788,"{'topn_overlap': 4, 'topn_overlap_pct': 57.14, 'max_gt0_pct': 100.0, 'max_ge3_pct': 71.43, 'max_ge4_pct': 71.43, 'final_gt0_pct': 71.43, 'avg_max_up_4h': 13.7216}",4,57.14,100.0,71.43,71.43,71.43,13.7216
2026-06-07 06:00:00,20,"{'topn_overlap': 0, 'topn_overlap_pct': 0.0, 'max_gt0_pct': 100.0, 'max_ge3_pct': 100.0, 'max_ge4_pct': 100.0, 'final_gt0_pct': 50.0, 'avg_max_up_4h': 4.9835}",0,0.0,100.0,100.0,100.0,50.0,4.9835,"{'topn_overlap': 3, 'topn_overlap_pct': 60.0, 'max_gt0_pct': 100.0, 'max_ge3_pct': 100.0, 'max_ge4_pct': 100.0, 'final_gt0_pct': 60.0, 'avg_max_up_4h': 7.6878}",3,60.0,100.0,100.0,100.0,60.0,7.6878,"{'topn_overlap': 4, 'topn_overlap_pct': 57.14, 'max_gt0_pct': 100.0, 'max_ge3_pct': 85.71, 'max_ge4_pct': 85.71, 'final_gt0_pct': 42.86, 'avg_max_up_4h': 7.3612}",4,57.14,100.0,85.71,85.71,42.86,7.3612
2026-06-07 08:00:00,22,"{'topn_overlap': 1, 'topn_overlap_pct': 50.0, 'max_gt0_pct': 100.0, 'max_ge3_pct': 100.0, 'max_ge4_pct': 100.0, 'final_gt0_pct': 100.0, 'avg_max_up_4h': 14.5426}",1,50.0,100.0,100.0,100.0,100.0,14.5426,"{'topn_overlap': 1, 'topn_overlap_pct': 20.0, 'max_gt0_pct': 100.0, 'max_ge3_pct': 100.0, 'max_ge4_pct': 100.0, 'final_gt0_pct': 80.0, 'avg_max_up_4h': 10.0269}",1,20.0,100.0,100.0,100.0,80.0,10.0269,"{'topn_overlap': 2, 'topn_overlap_pct': 28.57, 'max_gt0_pct': 100.0, 'max_ge3_pct': 100.0, 'max_ge4_pct': 100.0, 'final_gt0_pct': 85.71, 'avg_max_up_4h': 8.978}",2,28.57,100.0,100.0,100.0,85.71,8.978
2026-06-07 10:00:00,201,"{'topn_overlap': 0, 'topn_overlap_pct': 0.0, 'max_gt0_pct': 100.0, 'max_ge3_pct': 100.0, 'max_ge4_pct': 100.0, 'final_gt0_pct': 100.0, 'avg_max_up_4h': 8.5434}",0,0.0,100.0,100.0,100.0,100.0,8.5434,"{'topn_overlap': 1, 'topn_overlap_pct': 20.0, 'max_gt0_pct': 100.0, 'max_ge3_pct': 100.0, 'max_ge4_pct': 100.0, 'final_gt0_pct': 80.0, 'avg_max_up_4h': 8.5049}",1,20.0,100.0,100.0,100.0,80.0,8.5049,"{'topn_overlap': 2, 'topn_overlap_pct': 28.57, 'max_gt0_pct': 100.0, 'max_ge3_pct': 100.0, 'max_ge4_pct': 85.71, 'final_gt0_pct': 85.71, 'avg_max_up_4h': 7.2021}",2,28.57,100.0,100.0,85.71,85.71,7.2021
2026-06-07 12:00:00,32,"{'topn_overlap': 0, 'topn_overlap_pct': 0.0, 'max_gt0_pct': 100.0, 'max_ge3_pct': 50.0, 'max_ge4_pct': 50.0, 'final_gt0_pct': 0.0, 'avg_max_up_4h': 3.7642}",0,0.0,100.0,50.0,50.0,0.0,3.7642,"{'topn_overlap': 1, 'topn_overlap_pct': 20.0, 'max_gt0_pct': 100.0, 'max_ge3_pct': 60.0, 'max_ge4_pct': 40.0, 'final_gt0_pct': 20.0, 'avg_max_up_4h': 3.8675}",1,20.0,100.0,60.0,40.0,20.0,3.8675,"{'topn_overlap': 2, 'topn_overlap_pct': 28.57, 'max_gt0_pct': 100.0, 'max_ge3_pct': 71.43, 'max_ge4_pct': 42.86, 'final_gt0_pct': 28.57, 'avg_max_up_4h': 3.7866}",2,28.57,100.0,71.43,42.86,28.57,3.7866
2026-06-07 14:00:00,33,"{'topn_overlap': 1, 'topn_overlap_pct': 50.0, 'max_gt0_pct': 100.0, 'max_ge3_pct': 50.0, 'max_ge4_pct': 50.0, 'final_gt0_pct': 50.0, 'avg_max_up_4h': 10.8269}",1,50.0,100.0,50.0,50.0,50.0,10.8269,"{'topn_overlap': 2, 'topn_overlap_pct': 40.0, 'max_gt0_pct': 100.0, 'max_ge3_pct': 60.0, 'max_ge4_pct': 60.0, 'final_gt0_pct': 40.0, 'avg_max_up_4h': 8.0099}",2,40.0,100.0,60.0,60.0,40.0,8.0099,"{'topn_overlap': 3, 'topn_overlap_pct': 42.86, 'max_gt0_pct': 100.0, 'max_ge3_pct': 71.43, 'max_ge4_pct': 71.43, 'final_gt0_pct': 57.14, 'avg_max_up_4h': 8.0176}",3,42.86,100.0,71.43,71.43,57.14,8.0176
2026-06-07 16:00:00,32,"{'topn_overlap': 0, 'topn_overlap_pct': 0.0, 'max_gt0_pct': 100.0, 'max_ge3_pct': 50.0, 'max_ge4_pct': 50.0, 'final_gt0_pct': 100.0, 'avg_max_up_4h': 4.7923}",0,0.0,100.0,50.0,50.0,100.0,4.7923,"{'topn_overlap': 3, 'topn_overlap_pct': 60.0, 'max_gt0_pct': 100.0, 'max_ge3_pct': 80.0, 'max_ge4_pct': 80.0, 'final_gt0_pct': 80.0, 'avg_max_up_4h': 15.4647}",3,60.0,100.0,80.0,80.0,80.0,15.4647,"{'topn_overlap': 4, 'topn_overlap_pct': 57.14, 'max_gt0_pct': 100.0, 'max_ge3_pct': 71.43, 'max_ge4_pct': 71.43, 'final_gt0_pct': 71.43, 'avg_max_up_4h': 12.4841}",4,57.14,100.0,71.43,71.43,71.43,12.4841
2026-06-07 18:00:00,37,"{'topn_overlap': 1, 'topn_overlap_pct': 50.0, 'max_gt0_pct': 100.0, 'max_ge3_pct': 100.0, 'max_ge4_pct': 100.0, 'final_gt0_pct': 100.0, 'avg_max_up_4h': 31.7592}",1,50.0,100.0,100.0,100.0,100.0,31.7592,"{'topn_overlap': 2, 'topn_overlap_pct': 40.0, 'max_gt0_pct': 100.0, 'max_ge3_pct': 100.0, 'max_ge4_pct': 100.0, 'final_gt0_pct': 100.0, 'avg_max_up_4h': 16.841}",2,40.0,100.0,100.0,100.0,100.0,16.841,"{'topn_overlap': 2, 'topn_overlap_pct': 28.57, 'max_gt0_pct': 100.0, 'max_ge3_pct': 85.71, 'max_ge4_pct': 85.71, 'final_gt0_pct': 85.71, 'avg_max_up_4h': 12.9303}",2,28.57,100.0,85.71,85.71,85.71,12.9303
2026-06-07 20:00:00,27,"{'topn_overlap': 1, 'topn_overlap_pct': 50.0, 'max_gt0_pct': 100.0, 'max_ge3_pct': 100.0, 'max_ge4_pct': 100.0, 'final_gt0_pct': 100.0, 'avg_max_up_4h': 26.5229}",1,50.0,100.0,100.0,100.0,100.0,26.5229,"{'topn_overlap': 4, 'topn_overlap_pct': 80.0, 'max_gt0_pct': 100.0, 'max_ge3_pct': 100.0, 'max_ge4_pct': 100.0, 'final_gt0_pct': 80.0, 'avg_max_up_4h': 20.459}",4,80.0,100.0,100.0,100.0,80.0,20.459,"{'topn_overlap': 6, 'topn_overlap_pct': 85.71, 'max_gt0_pct': 100.0, 'max_ge3_pct': 85.71, 'max_ge4_pct': 85.71, 'final_gt0_pct': 71.43, 'avg_max_up_4h': 16.6262}",6,85.71,100.0,85.71,85.71,71.43,16.6262
2026-06-07 22:00:00,34,"{'topn_overlap': 0, 'topn_overlap_pct': 0.0, 'max_gt0_pct': 100.0, 'max_ge3_pct': 100.0, 'max_ge4_pct': 100.0, 'final_gt0_pct': 100.0, 'avg_max_up_4h': 4.7323}",0,0.0,100.0,100.0,100.0,100.0,4.7323,"{'topn_overlap': 2, 'topn_overlap_pct': 40.0, 'max_gt0_pct': 100.0, 'max_ge3_pct': 100.0, 'max_ge4_pct': 100.0, 'final_gt0_pct': 100.0, 'avg_max_up_4h': 17.9336}",2,40.0,100.0,100.0,100.0,100.0,17.9336,"{'topn_overlap': 3, 'topn_overlap_pct': 42.86, 'max_gt0_pct': 100.0, 'max_ge3_pct': 100.0, 'max_ge4_pct': 100.0, 'final_gt0_pct': 100.0, 'avg_max_up_4h': 17.2913}",3,42.86,100.0,100.0,100.0,100.0,17.2913
2026-06-08 00:00:00,36,"{'topn_overlap': 2, 'topn_overlap_pct': 100.0, 'max_gt0_pct': 100.0, 'max_ge3_pct': 100.0, 'max_ge4_pct': 100.0, 'final_gt0_pct': 100.0, 'avg_max_up_4h': 29.2734}",2,100.0,100.0,100.0,100.0,100.0,29.2734,"{'topn_overlap': 3, 'topn_overlap_pct': 60.0, 'max_gt0_pct': 100.0, 'max_ge3_pct': 100.0, 'max_ge4_pct': 100.0, 'final_gt0_pct': 40.0, 'avg_max_up_4h': 16.8632}",3,60.0,100.0,100.0,100.0,40.0,16.8632,"{'topn_overlap': 5, 'topn_overlap_pct': 71.43, 'max_gt0_pct': 100.0, 'max_ge3_pct': 100.0, 'max_ge4_pct': 100.0, 'final_gt0_pct': 57.14, 'avg_max_up_4h': 17.9301}",5,71.43,100.0,100.0,100.0,57.14,17.9301
2026-06-08 02:00:00,34,"{'topn_overlap': 1, 'topn_overlap_pct': 50.0, 'max_gt0_pct': 100.0, 'max_ge3_pct': 50.0, 'max_ge4_pct': 50.0, 'final_gt0_pct': 50.0, 'avg_max_up_4h': 9.7729}",1,50.0,100.0,50.0,50.0,50.0,9.7729,"{'topn_overlap': 3, 'topn_overlap_pct': 60.0, 'max_gt0_pct': 100.0, 'max_ge3_pct': 60.0, 'max_ge4_pct': 60.0, 'final_gt0_pct': 60.0, 'avg_max_up_4h': 10.7286}",3,60.0,100.0,60.0,60.0,60.0,10.7286,"{'topn_overlap': 4, 'topn_overlap_pct': 57.14, 'max_gt0_pct': 100.0, 'max_ge3_pct': 57.14, 'max_ge4_pct': 57.14, 'final_gt0_pct': 57.14, 'avg_max_up_4h': 9.2165}",4,57.14,100.0,57.14,57.14,57.14,9.2165
2026-06-08 04:00:00,69,"{'topn_overlap': 0, 'topn_overlap_pct': 0.0, 'max_gt0_pct': 100.0, 'max_ge3_pct': 100.0, 'max_ge4_pct': 100.0, 'final_gt0_pct': 100.0, 'avg_max_up_4h': 13.1841}",0,0.0,100.0,100.0,100.0,100.0,13.1841,"{'topn_overlap': 3, 'topn_overlap_pct': 60.0, 'max_gt0_pct': 100.0, 'max_ge3_pct': 100.0, 'max_ge4_pct': 100.0, 'final_gt0_pct': 100.0, 'avg_max_up_4h': 12.5532}",3,60.0,100.0,100.0,100.0,100.0,12.5532,"{'topn_overlap': 4, 'topn_overlap_pct': 57.14, 'max_gt0_pct': 100.0, 'max_ge3_pct': 100.0, 'max_ge4_pct': 100.0, 'final_gt0_pct': 85.71, 'avg_max_up_4h': 13.4903}",4,57.14,100.0,100.0,100.0,85.71,13.4903
2026-06-08 06:00:00,20,"{'topn_overlap': 1, 'topn_overlap_pct': 50.0, 'max_gt0_pct': 100.0, 'max_ge3_pct': 100.0, 'max_ge4_pct': 100.0, 'final_gt0_pct': 50.0, 'avg_max_up_4h': 12.7738}",1,50.0,100.0,100.0,100.0,50.0,12.7738,"{'topn_overlap': 3, 'topn_overlap_pct': 60.0, 'max_gt0_pct': 100.0, 'max_ge3_pct': 100.0, 'max_ge4_pct': 100.0, 'final_gt0_pct': 80.0, 'avg_max_up_4h': 10.014}",3,60.0,100.0,100.0,100.0,80.0,10.014,"{'topn_overlap': 5, 'topn_overlap_pct': 71.43, 'max_gt0_pct': 100.0, 'max_ge3_pct': 85.71, 'max_ge4_pct': 85.71, 'final_gt0_pct': 71.43, 'avg_max_up_4h': 8.538}",5,71.43,100.0,85.71,85.71,71.43,8.538
2026-06-08 08:00:00,17,"{'topn_overlap': 0, 'topn_overlap_pct': 0.0, 'max_gt0_pct': 100.0, 'max_ge3_pct': 100.0, 'max_ge4_pct': 50.0, 'final_gt0_pct': 0.0, 'avg_max_up_4h': 5.9629}",0,0.0,100.0,100.0,50.0,0.0,5.9629,"{'topn_overlap': 3, 'topn_overlap_pct': 60.0, 'max_gt0_pct': 100.0, 'max_ge3_pct': 100.0, 'max_ge4_pct': 80.0, 'final_gt0_pct': 60.0, 'avg_max_up_4h': 10.4677}",3,60.0,100.0,100.0,80.0,60.0,10.4677,"{'topn_overlap': 3, 'topn_overlap_pct': 42.86, 'max_gt0_pct': 100.0, 'max_ge3_pct': 85.71, 'max_ge4_pct': 57.14, 'final_gt0_pct': 57.14, 'avg_max_up_4h': 8.0599}",3,42.86,100.0,85.71,57.14,57.14,8.0599
2026-06-08 10:00:00,105,"{'topn_overlap': 1, 'topn_overlap_pct': 50.0, 'max_gt0_pct': 100.0, 'max_ge3_pct': 100.0, 'max_ge4_pct': 100.0, 'final_gt0_pct': 50.0, 'avg_max_up_4h': 14.1195}",1,50.0,100.0,100.0,100.0,50.0,14.1195,"{'topn_overlap': 3, 'topn_overlap_pct': 60.0, 'max_gt0_pct': 100.0, 'max_ge3_pct': 80.0, 'max_ge4_pct': 80.0, 'final_gt0_pct': 40.0, 'avg_max_up_4h': 10.8377}",3,60.0,100.0,80.0,80.0,40.0,10.8377,"{'topn_overlap': 4, 'topn_overlap_pct': 57.14, 'max_gt0_pct': 100.0, 'max_ge3_pct': 57.14, 'max_ge4_pct': 57.14, 'final_gt0_pct': 28.57, 'avg_max_up_4h': 7.7916}",4,57.14,100.0,57.14,57.14,28.57,7.7916
2026-06-08 12:00:00,27,"{'topn_overlap': 1, 'topn_overlap_pct': 50.0, 'max_gt0_pct': 100.0, 'max_ge3_pct': 100.0, 'max_ge4_pct': 100.0, 'final_gt0_pct': 100.0, 'avg_max_up_4h': 16.0243}",1,50.0,100.0,100.0,100.0,100.0,16.0243,"{'topn_overlap': 3, 'topn_overlap_pct': 60.0, 'max_gt0_pct': 100.0, 'max_ge3_pct': 80.0, 'max_ge4_pct': 80.0, 'final_gt0_pct': 60.0, 'avg_max_up_4h': 11.1924}",3,60.0,100.0,80.0,80.0,60.0,11.1924,"{'topn_overlap': 5, 'topn_overlap_pct': 71.43, 'max_gt0_pct': 100.0, 'max_ge3_pct': 71.43, 'max_ge4_pct': 71.43, 'final_gt0_pct': 57.14, 'avg_max_up_4h': 10.6155}",5,71.43,100.0,71.43,71.43,57.14,10.6155
2026-06-08 14:00:00,27,"{'topn_overlap': 0, 'topn_overlap_pct': 0.0, 'max_gt0_pct': 100.0, 'max_ge3_pct': 50.0, 'max_ge4_pct': 50.0, 'final_gt0_pct': 100.0, 'avg_max_up_4h': 7.2183}",0,0.0,100.0,50.0,50.0,100.0,7.2183,"{'topn_overlap': 2, 'topn_overlap_pct': 40.0, 'max_gt0_pct': 100.0, 'max_ge3_pct': 80.0, 'max_ge4_pct': 40.0, 'final_gt0_pct': 80.0, 'avg_max_up_4h': 16.5926}",2,40.0,100.0,80.0,40.0,80.0,16.5926,"{'topn_overlap': 3, 'topn_overlap_pct': 42.86, 'max_gt0_pct': 100.0, 'max_ge3_pct': 71.43, 'max_ge4_pct': 42.86, 'final_gt0_pct': 85.71, 'avg_max_up_4h': 13.8248}",3,42.86,100.0,71.43,42.86,85.71,13.8248
2026-06-08 16:00:00,30,"{'topn_overlap': 2, 'topn_overlap_pct': 100.0, 'max_gt0_pct': 100.0, 'max_ge3_pct': 100.0, 'max_ge4_pct': 100.0, 'final_gt0_pct': 50.0, 'avg_max_up_4h': 27.8155}",2,100.0,100.0,100.0,100.0,50.0,27.8155,"{'topn_overlap': 3, 'topn_overlap_pct': 60.0, 'max_gt0_pct': 100.0, 'max_ge3_pct': 100.0, 'max_ge4_pct': 100.0, 'final_gt0_pct': 60.0, 'avg_max_up_4h': 16.5904}",3,60.0,100.0,100.0,100.0,60.0,16.5904,"{'topn_overlap': 3, 'topn_overlap_pct': 42.86, 'max_gt0_pct': 100.0, 'max_ge3_pct': 100.0, 'max_ge4_pct': 85.71, 'final_gt0_pct': 71.43, 'avg_max_up_4h': 13.1169}",3,42.86,100.0,100.0,85.71,71.43,13.1169
2026-06-08 18:00:00,28,"{'topn_overlap': 0, 'topn_overlap_pct': 0.0, 'max_gt0_pct': 100.0, 'max_ge3_pct': 100.0, 'max_ge4_pct': 100.0, 'final_gt0_pct': 100.0, 'avg_max_up_4h': 14.8098}",0,0.0,100.0,100.0,100.0,100.0,14.8098,"{'topn_overlap': 3, 'topn_overlap_pct': 60.0, 'max_gt0_pct': 100.0, 'max_ge3_pct': 100.0, 'max_ge4_pct': 100.0, 'final_gt0_pct': 100.0, 'avg_max_up_4h': 15.4695}",3,60.0,100.0,100.0,100.0,100.0,15.4695,"{'topn_overlap': 4, 'topn_overlap_pct': 57.14, 'max_gt0_pct': 100.0, 'max_ge3_pct': 85.71, 'max_ge4_pct': 85.71, 'final_gt0_pct': 71.43, 'avg_max_up_4h': 14.3959}",4,57.14,100.0,85.71,85.71,71.43,14.3959
2026-06-08 20:00:00,43,"{'topn_overlap': 1, 'topn_overlap_pct': 50.0, 'max_gt0_pct': 100.0, 'max_ge3_pct': 100.0, 'max_ge4_pct': 100.0, 'final_gt0_pct': 50.0, 'avg_max_up_4h': 14.4271}",1,50.0,100.0,100.0,100.0,50.0,14.4271,"{'topn_overlap': 3, 'topn_overlap_pct': 60.0, 'max_gt0_pct': 100.0, 'max_ge3_pct': 100.0, 'max_ge4_pct': 80.0, 'final_gt0_pct': 60.0, 'avg_max_up_4h': 11.2312}",3,60.0,100.0,100.0,80.0,60.0,11.2312,"{'topn_overlap': 3, 'topn_overlap_pct': 42.86, 'max_gt0_pct': 100.0, 'max_ge3_pct': 100.0, 'max_ge4_pct': 71.43, 'final_gt0_pct': 57.14, 'avg_max_up_4h': 9.2099}",3,42.86,100.0,100.0,71.43,57.14,9.2099
2026-06-08 22:00:00,35,"{'topn_overlap': 1, 'topn_overlap_pct': 50.0, 'max_gt0_pct': 100.0, 'max_ge3_pct': 100.0, 'max_ge4_pct': 100.0, 'final_gt0_pct': 50.0, 'avg_max_up_4h': 16.3693}",1,50.0,100.0,100.0,100.0,50.0,16.3693,"{'topn_overlap': 2, 'topn_overlap_pct': 40.0, 'max_gt0_pct': 100.0, 'max_ge3_pct': 100.0, 'max_ge4_pct': 60.0, 'final_gt0_pct': 60.0, 'avg_max_up_4h': 9.0921}",2,40.0,100.0,100.0,60.0,60.0,9.0921,"{'topn_overlap': 3, 'topn_overlap_pct': 42.86, 'max_gt0_pct': 100.0, 'max_ge3_pct': 100.0, 'max_ge4_pct': 71.43, 'final_gt0_pct': 71.43, 'avg_max_up_4h': 10.3113}",3,42.86,100.0,100.0,71.43,71.43,10.3113
2026-06-09 00:00:00,35,"{'topn_overlap': 0, 'topn_overlap_pct': 0.0, 'max_gt0_pct': 100.0, 'max_ge3_pct': 100.0, 'max_ge4_pct': 100.0, 'final_gt0_pct': 50.0, 'avg_max_up_4h': 7.7722}",0,0.0,100.0,100.0,100.0,50.0,7.7722,"{'topn_overlap': 3, 'topn_overlap_pct': 60.0, 'max_gt0_pct': 100.0, 'max_ge3_pct': 80.0, 'max_ge4_pct': 80.0, 'final_gt0_pct': 80.0, 'avg_max_up_4h': 8.4034}",3,60.0,100.0,80.0,80.0,80.0,8.4034,"{'topn_overlap': 3, 'topn_overlap_pct': 42.86, 'max_gt0_pct': 100.0, 'max_ge3_pct': 71.43, 'max_ge4_pct': 71.43, 'final_gt0_pct': 71.43, 'avg_max_up_4h': 6.9845}",3,42.86,100.0,71.43,71.43,71.43,6.9845
2026-06-09 02:00:00,30,"{'topn_overlap': 1, 'topn_overlap_pct': 50.0, 'max_gt0_pct': 100.0, 'max_ge3_pct': 50.0, 'max_ge4_pct': 50.0, 'final_gt0_pct': 50.0, 'avg_max_up_4h': 8.6136}",1,50.0,100.0,50.0,50.0,50.0,8.6136,"{'topn_overlap': 3, 'topn_overlap_pct': 60.0, 'max_gt0_pct': 100.0, 'max_ge3_pct': 60.0, 'max_ge4_pct': 60.0, 'final_gt0_pct': 60.0, 'avg_max_up_4h': 6.8419}",3,60.0,100.0,60.0,60.0,60.0,6.8419,"{'topn_overlap': 3, 'topn_overlap_pct': 42.86, 'max_gt0_pct': 100.0, 'max_ge3_pct': 57.14, 'max_ge4_pct': 57.14, 'final_gt0_pct': 57.14, 'avg_max_up_4h': 6.1597}",3,42.86,100.0,57.14,57.14,57.14,6.1597
2026-06-09 04:00:00,30,"{'topn_overlap': 1, 'topn_overlap_pct': 50.0, 'max_gt0_pct': 100.0, 'max_ge3_pct': 50.0, 'max_ge4_pct': 50.0, 'final_gt0_pct': 50.0, 'avg_max_up_4h': 4.0747}",1,50.0,100.0,50.0,50.0,50.0,4.0747,"{'topn_overlap': 1, 'topn_overlap_pct': 20.0, 'max_gt0_pct': 100.0, 'max_ge3_pct': 80.0, 'max_ge4_pct': 40.0, 'final_gt0_pct': 80.0, 'avg_max_up_4h': 4.1001}",1,20.0,100.0,80.0,40.0,80.0,4.1001,"{'topn_overlap': 3, 'topn_overlap_pct': 42.86, 'max_gt0_pct': 100.0, 'max_ge3_pct': 85.71, 'max_ge4_pct': 57.14, 'final_gt0_pct': 85.71, 'avg_max_up_4h': 4.6601}",3,42.86,100.0,85.71,57.14,85.71,4.6601
2026-06-09 06:00:00,17,"{'topn_overlap': 1, 'topn_overlap_pct': 50.0, 'max_gt0_pct': 100.0, 'max_ge3_pct': 100.0, 'max_ge4_pct': 50.0, 'final_gt0_pct': 50.0, 'avg_max_up_4h': 3.6464}",1,50.0,100.0,100.0,50.0,50.0,3.6464,"{'topn_overlap': 2, 'topn_overlap_pct': 40.0, 'max_gt0_pct': 100.0, 'max_ge3_pct': 60.0, 'max_ge4_pct': 20.0, 'final_gt0_pct': 20.0, 'avg_max_up_4h': 2.8925}",2,40.0,100.0,60.0,20.0,20.0,2.8925,"{'topn_overlap': 4, 'topn_overlap_pct': 57.14, 'max_gt0_pct': 100.0, 'max_ge3_pct': 57.14, 'max_ge4_pct': 14.29, 'final_gt0_pct': 14.29, 'avg_max_up_4h': 2.8185}",4,57.14,100.0,57.14,14.29,14.29,2.8185
2026-06-09 08:00:00,14,"{'topn_overlap': 0, 'topn_overlap_pct': 0.0, 'max_gt0_pct': 100.0, 'max_ge3_pct': 0.0, 'max_ge4_pct': 0.0, 'final_gt0_pct': 50.0, 'avg_max_up_4h': 2.1495}",0,0.0,100.0,0.0,0.0,50.0,2.1495,"{'topn_overlap': 2, 'topn_overlap_pct': 40.0, 'max_gt0_pct': 100.0, 'max_ge3_pct': 0.0, 'max_ge4_pct': 0.0, 'final_gt0_pct': 20.0, 'avg_max_up_4h': 1.7436}",2,40.0,100.0,0.0,0.0,20.0,1.7436,"{'topn_overlap': 4, 'topn_overlap_pct': 57.14, 'max_gt0_pct': 100.0, 'max_ge3_pct': 0.0, 'max_ge4_pct': 0.0, 'final_gt0_pct': 14.29, 'avg_max_up_4h': 1.4779}",4,57.14,100.0,0.0,0.0,14.29,1.4779
2026-06-09 10:00:00,23,"{'topn_overlap': 1, 'topn_overlap_pct': 50.0, 'max_gt0_pct': 100.0, 'max_ge3_pct': 100.0, 'max_ge4_pct': 100.0, 'final_gt0_pct': 100.0, 'avg_max_up_4h': 19.2448}",1,50.0,100.0,100.0,100.0,100.0,19.2448,"{'topn_overlap': 3, 'topn_overlap_pct': 60.0, 'max_gt0_pct': 100.0, 'max_ge3_pct': 100.0, 'max_ge4_pct': 80.0, 'final_gt0_pct': 80.0, 'avg_max_up_4h': 11.971}",3,60.0,100.0,100.0,80.0,80.0,11.971,"{'topn_overlap': 3, 'topn_overlap_pct': 42.86, 'max_gt0_pct': 100.0, 'max_ge3_pct': 85.71, 'max_ge4_pct': 71.43, 'final_gt0_pct': 71.43, 'avg_max_up_4h': 9.5367}",3,42.86,100.0,85.71,71.43,71.43,9.5367
2026-06-09 12:00:00,27,"{'topn_overlap': 0, 'topn_overlap_pct': 0.0, 'max_gt0_pct': 100.0, 'max_ge3_pct': 100.0, 'max_ge4_pct': 100.0, 'final_gt0_pct': 50.0, 'avg_max_up_4h': 11.065}",0,0.0,100.0,100.0,100.0,50.0,11.065,"{'topn_overlap': 2, 'topn_overlap_pct': 40.0, 'max_gt0_pct': 100.0, 'max_ge3_pct': 100.0, 'max_ge4_pct': 80.0, 'final_gt0_pct': 60.0, 'avg_max_up_4h': 9.8858}",2,40.0,100.0,100.0,80.0,60.0,9.8858,"{'topn_overlap': 3, 'topn_overlap_pct': 42.86, 'max_gt0_pct': 100.0, 'max_ge3_pct': 100.0, 'max_ge4_pct': 85.71, 'final_gt0_pct': 71.43, 'avg_max_up_4h': 9.4749}",3,42.86,100.0,100.0,85.71,71.43,9.4749
2026-06-09 14:00:00,19,"{'topn_overlap': 1, 'topn_overlap_pct': 50.0, 'max_gt0_pct': 100.0, 'max_ge3_pct': 50.0, 'max_ge4_pct': 50.0, 'final_gt0_pct': 100.0, 'avg_max_up_4h': 9.7523}",1,50.0,100.0,50.0,50.0,100.0,9.7523,"{'topn_overlap': 2, 'topn_overlap_pct': 40.0, 'max_gt0_pct': 100.0, 'max_ge3_pct': 80.0, 'max_ge4_pct': 80.0, 'final_gt0_pct': 80.0, 'avg_max_up_4h': 8.7675}",2,40.0,100.0,80.0,80.0,80.0,8.7675,"{'topn_overlap': 4, 'topn_overlap_pct': 57.14, 'max_gt0_pct': 100.0, 'max_ge3_pct': 85.71, 'max_ge4_pct': 85.71, 'final_gt0_pct': 71.43, 'avg_max_up_4h': 11.6883}",4,57.14,100.0,85.71,85.71,71.43,11.6883
2026-06-09 16:00:00,38,"{'topn_overlap': 1, 'topn_overlap_pct': 50.0, 'max_gt0_pct': 100.0, 'max_ge3_pct': 100.0, 'max_ge4_pct': 100.0, 'final_gt0_pct': 50.0, 'avg_max_up_4h': 12.8151}",1,50.0,100.0,100.0,100.0,50.0,12.8151,"{'topn_overlap': 2, 'topn_overlap_pct': 40.0, 'max_gt0_pct': 100.0, 'max_ge3_pct': 80.0, 'max_ge4_pct': 80.0, 'final_gt0_pct': 80.0, 'avg_max_up_4h': 10.1628}",2,40.0,100.0,80.0,80.0,80.0,10.1628,"{'topn_overlap': 4, 'topn_overlap_pct': 57.14, 'max_gt0_pct': 100.0, 'max_ge3_pct': 85.71, 'max_ge4_pct': 71.43, 'final_gt0_pct': 85.71, 'avg_max_up_4h': 9.2203}",4,57.14,100.0,85.71,71.43,85.71,9.2203
2026-06-09 18:00:00,29,"{'topn_overlap': 1, 'topn_overlap_pct': 50.0, 'max_gt0_pct': 100.0, 'max_ge3_pct': 50.0, 'max_ge4_pct': 50.0, 'final_gt0_pct': 50.0, 'avg_max_up_4h': 13.3497}",1,50.0,100.0,50.0,50.0,50.0,13.3497,"{'topn_overlap': 2, 'topn_overlap_pct': 40.0, 'max_gt0_pct': 100.0, 'max_ge3_pct': 80.0, 'max_ge4_pct': 80.0, 'final_gt0_pct': 40.0, 'avg_max_up_4h': 10.1966}",2,40.0,100.0,80.0,80.0,40.0,10.1966,"{'topn_overlap': 4, 'topn_overlap_pct': 57.14, 'max_gt0_pct': 100.0, 'max_ge3_pct': 85.71, 'max_ge4_pct': 85.71, 'final_gt0_pct': 42.86, 'avg_max_up_4h': 9.5287}",4,57.14,100.0,85.71,85.71,42.86,9.5287
2026-06-09 20:00:00,28,"{'topn_overlap': 0, 'topn_overlap_pct': 0.0, 'max_gt0_pct': 100.0, 'max_ge3_pct': 100.0, 'max_ge4_pct': 50.0, 'final_gt0_pct': 50.0, 'avg_max_up_4h': 7.0068}",0,0.0,100.0,100.0,50.0,50.0,7.0068,"{'topn_overlap': 3, 'topn_overlap_pct': 60.0, 'max_gt0_pct': 100.0, 'max_ge3_pct': 100.0, 'max_ge4_pct': 80.0, 'final_gt0_pct': 60.0, 'avg_max_up_4h': 12.271}",3,60.0,100.0,100.0,80.0,60.0,12.271,"{'topn_overlap': 5, 'topn_overlap_pct': 71.43, 'max_gt0_pct': 100.0, 'max_ge3_pct': 85.71, 'max_ge4_pct': 71.43, 'final_gt0_pct': 57.14, 'avg_max_up_4h': 10.8834}",5,71.43,100.0,85.71,71.43,57.14,10.8834
2026-06-09 22:00:00,32,"{'topn_overlap': 2, 'topn_overlap_pct': 100.0, 'max_gt0_pct': 100.0, 'max_ge3_pct': 100.0, 'max_ge4_pct': 100.0, 'final_gt0_pct': 100.0, 'avg_max_up_4h': 16.1822}",2,100.0,100.0,100.0,100.0,100.0,16.1822,"{'topn_overlap': 4, 'topn_overlap_pct': 80.0, 'max_gt0_pct': 100.0, 'max_ge3_pct': 80.0, 'max_ge4_pct': 80.0, 'final_gt0_pct': 60.0, 'avg_max_up_4h': 11.9346}",4,80.0,100.0,80.0,80.0,60.0,11.9346,"{'topn_overlap': 5, 'topn_overlap_pct': 71.43, 'max_gt0_pct': 100.0, 'max_ge3_pct': 85.71, 'max_ge4_pct': 85.71, 'final_gt0_pct': 42.86, 'avg_max_up_4h': 11.2992}",5,71.43,100.0,85.71,85.71,42.86,11.2992
2026-06-10 00:00:00,40,"{'topn_overlap': 1, 'topn_overlap_pct': 50.0, 'max_gt0_pct': 100.0, 'max_ge3_pct': 100.0, 'max_ge4_pct': 100.0, 'final_gt0_pct': 50.0, 'avg_max_up_4h': 11.4653}",1,50.0,100.0,100.0,100.0,50.0,11.4653,"{'topn_overlap': 2, 'topn_overlap_pct': 40.0, 'max_gt0_pct': 100.0, 'max_ge3_pct': 80.0, 'max_ge4_pct': 60.0, 'final_gt0_pct': 40.0, 'avg_max_up_4h': 6.6952}",2,40.0,100.0,80.0,60.0,40.0,6.6952,"{'topn_overlap': 4, 'topn_overlap_pct': 57.14, 'max_gt0_pct': 100.0, 'max_ge3_pct': 85.71, 'max_ge4_pct': 71.43, 'final_gt0_pct': 42.86, 'avg_max_up_4h': 6.9907}",4,57.14,100.0,85.71,71.43,42.86,6.9907
2026-06-10 02:00:00,24,"{'topn_overlap': 1, 'topn_overlap_pct': 50.0, 'max_gt0_pct': 100.0, 'max_ge3_pct': 100.0, 'max_ge4_pct': 100.0, 'final_gt0_pct': 100.0, 'avg_max_up_4h': 12.5823}",1,50.0,100.0,100.0,100.0,100.0,12.5823,"{'topn_overlap': 3, 'topn_overlap_pct': 60.0, 'max_gt0_pct': 100.0, 'max_ge3_pct': 60.0, 'max_ge4_pct': 60.0, 'final_gt0_pct': 100.0, 'avg_max_up_4h': 7.6442}",3,60.0,100.0,60.0,60.0,100.0,7.6442,"{'topn_overlap': 3, 'topn_overlap_pct': 42.86, 'max_gt0_pct': 100.0, 'max_ge3_pct': 42.86, 'max_ge4_pct': 42.86, 'final_gt0_pct': 85.71, 'avg_max_up_4h': 5.9401}",3,42.86,100.0,42.86,42.86,85.71,5.9401
2026-06-10 04:00:00,14,"{'topn_overlap': 1, 'topn_overlap_pct': 50.0, 'max_gt0_pct': 100.0, 'max_ge3_pct': 100.0, 'max_ge4_pct': 100.0, 'final_gt0_pct': 100.0, 'avg_max_up_4h': 12.3275}",1,50.0,100.0,100.0,100.0,100.0,12.3275,"{'topn_overlap': 4, 'topn_overlap_pct': 80.0, 'max_gt0_pct': 100.0, 'max_ge3_pct': 100.0, 'max_ge4_pct': 80.0, 'final_gt0_pct': 100.0, 'avg_max_up_4h': 10.2719}",4,80.0,100.0,100.0,80.0,100.0,10.2719,"{'topn_overlap': 5, 'topn_overlap_pct': 71.43, 'max_gt0_pct': 100.0, 'max_ge3_pct': 85.71, 'max_ge4_pct': 71.43, 'final_gt0_pct': 71.43, 'avg_max_up_4h': 8.9314}",5,71.43,100.0,85.71,71.43,71.43,8.9314
2026-06-10 06:00:00,14,"{'topn_overlap': 2, 'topn_overlap_pct': 100.0, 'max_gt0_pct': 100.0, 'max_ge3_pct': 100.0, 'max_ge4_pct': 100.0, 'final_gt0_pct': 100.0, 'avg_max_up_4h': 26.6743}",2,100.0,100.0,100.0,100.0,100.0,26.6743,"{'topn_overlap': 4, 'topn_overlap_pct': 80.0, 'max_gt0_pct': 100.0, 'max_ge3_pct': 80.0, 'max_ge4_pct': 80.0, 'final_gt0_pct': 100.0, 'avg_max_up_4h': 13.6583}",4,80.0,100.0,80.0,80.0,100.0,13.6583,"{'topn_overlap': 7, 'topn_overlap_pct': 100.0, 'max_gt0_pct': 100.0, 'max_ge3_pct': 85.71, 'max_ge4_pct': 71.43, 'final_gt0_pct': 85.71, 'avg_max_up_4h': 11.2699}",7,100.0,100.0,85.71,71.43,85.71,11.2699
2026-06-10 08:00:00,13,"{'topn_overlap': 2, 'topn_overlap_pct': 100.0, 'max_gt0_pct': 100.0, 'max_ge3_pct': 100.0, 'max_ge4_pct': 100.0, 'final_gt0_pct': 100.0, 'avg_max_up_4h': 34.213}",2,100.0,100.0,100.0,100.0,100.0,34.213,"{'topn_overlap': 3, 'topn_overlap_pct': 60.0, 'max_gt0_pct': 100.0, 'max_ge3_pct': 60.0, 'max_ge4_pct': 60.0, 'final_gt0_pct': 60.0, 'avg_max_up_4h': 15.4799}",3,60.0,100.0,60.0,60.0,60.0,15.4799,"{'topn_overlap': 5, 'topn_overlap_pct': 71.43, 'max_gt0_pct': 100.0, 'max_ge3_pct': 57.14, 'max_ge4_pct': 57.14, 'final_gt0_pct': 71.43, 'avg_max_up_4h': 12.3275}",5,71.43,100.0,57.14,57.14,71.43,12.3275
2026-06-10 10:00:00,19,"{'topn_overlap': 1, 'topn_overlap_pct': 50.0, 'max_gt0_pct': 100.0, 'max_ge3_pct': 100.0, 'max_ge4_pct': 50.0, 'final_gt0_pct': 0.0, 'avg_max_up_4h': 14.1272}",1,50.0,100.0,100.0,50.0,0.0,14.1272,"{'topn_overlap': 2, 'topn_overlap_pct': 40.0, 'max_gt0_pct': 100.0, 'max_ge3_pct': 80.0, 'max_ge4_pct': 60.0, 'final_gt0_pct': 0.0, 'avg_max_up_4h': 8.9873}",2,40.0,100.0,80.0,60.0,0.0,8.9873,"{'topn_overlap': 5, 'topn_overlap_pct': 71.43, 'max_gt0_pct': 100.0, 'max_ge3_pct': 71.43, 'max_ge4_pct': 57.14, 'final_gt0_pct': 14.29, 'avg_max_up_4h': 7.4456}",5,71.43,100.0,71.43,57.14,14.29,7.4456
2026-06-10 12:00:00,26,"{'topn_overlap': 0, 'topn_overlap_pct': 0.0, 'max_gt0_pct': 100.0, 'max_ge3_pct': 100.0, 'max_ge4_pct': 50.0, 'final_gt0_pct': 50.0, 'avg_max_up_4h': 4.088}",0,0.0,100.0,100.0,50.0,50.0,4.088,"{'topn_overlap': 0, 'topn_overlap_pct': 0.0, 'max_gt0_pct': 100.0, 'max_ge3_pct': 80.0, 'max_ge4_pct': 40.0, 'final_gt0_pct': 80.0, 'avg_max_up_4h': 3.6535}",0,0.0,100.0,80.0,40.0,80.0,3.6535,"{'topn_overlap': 3, 'topn_overlap_pct': 42.86, 'max_gt0_pct': 100.0, 'max_ge3_pct': 71.43, 'max_ge4_pct': 42.86, 'final_gt0_pct': 71.43, 'avg_max_up_4h': 5.1247}",3,42.86,100.0,71.43,42.86,71.43,5.1247
2026-06-10 14:00:00,19,"{'topn_overlap': 1, 'topn_overlap_pct': 50.0, 'max_gt0_pct': 100.0, 'max_ge3_pct': 100.0, 'max_ge4_pct': 100.0, 'final_gt0_pct': 100.0, 'avg_max_up_4h': 19.5644}",1,50.0,100.0,100.0,100.0,100.0,19.5644,"{'topn_overlap': 4, 'topn_overlap_pct': 80.0, 'max_gt0_pct': 100.0, 'max_ge3_pct': 100.0, 'max_ge4_pct': 100.0, 'final_gt0_pct': 80.0, 'avg_max_up_4h': 15.3978}",4,80.0,100.0,100.0,100.0,80.0,15.3978,"{'topn_overlap': 6, 'topn_overlap_pct': 85.71, 'max_gt0_pct': 100.0, 'max_ge3_pct': 85.71, 'max_ge4_pct': 85.71, 'final_gt0_pct': 85.71, 'avg_max_up_4h': 12.5218}",6,85.71,100.0,85.71,85.71,85.71,12.5218
2026-06-10 16:00:00,22,"{'topn_overlap': 1, 'topn_overlap_pct': 50.0, 'max_gt0_pct': 100.0, 'max_ge3_pct': 100.0, 'max_ge4_pct': 100.0, 'final_gt0_pct': 50.0, 'avg_max_up_4h': 31.6787}",1,50.0,100.0,100.0,100.0,50.0,31.6787,"{'topn_overlap': 2, 'topn_overlap_pct': 40.0, 'max_gt0_pct': 100.0, 'max_ge3_pct': 100.0, 'max_ge4_pct': 100.0, 'final_gt0_pct': 80.0, 'avg_max_up_4h': 16.9455}",2,40.0,100.0,100.0,100.0,80.0,16.9455,"{'topn_overlap': 3, 'topn_overlap_pct': 42.86, 'max_gt0_pct': 100.0, 'max_ge3_pct': 100.0, 'max_ge4_pct': 100.0, 'final_gt0_pct': 71.43, 'avg_max_up_4h': 13.4889}",3,42.86,100.0,100.0,100.0,71.43,13.4889
2026-06-10 18:00:00,29,"{'topn_overlap': 1, 'topn_overlap_pct': 50.0, 'max_gt0_pct': 100.0, 'max_ge3_pct': 100.0, 'max_ge4_pct': 100.0, 'final_gt0_pct': 100.0, 'avg_max_up_4h': 9.3867}",1,50.0,100.0,100.0,100.0,100.0,9.3867,"{'topn_overlap': 4, 'topn_overlap_pct': 80.0, 'max_gt0_pct': 100.0, 'max_ge3_pct': 100.0, 'max_ge4_pct': 80.0, 'final_gt0_pct': 80.0, 'avg_max_up_4h': 8.4572}",4,80.0,100.0,100.0,80.0,80.0,8.4572,"{'topn_overlap': 5, 'topn_overlap_pct': 71.43, 'max_gt0_pct': 100.0, 'max_ge3_pct': 100.0, 'max_ge4_pct': 71.43, 'final_gt0_pct': 57.14, 'avg_max_up_4h': 7.5273}",5,71.43,100.0,100.0,71.43,57.14,7.5273
2026-06-10 20:00:00,113,"{'topn_overlap': 0, 'topn_overlap_pct': 0.0, 'max_gt0_pct': 100.0, 'max_ge3_pct': 100.0, 'max_ge4_pct': 100.0, 'final_gt0_pct': 100.0, 'avg_max_up_4h': 10.5092}",0,0.0,100.0,100.0,100.0,100.0,10.5092,"{'topn_overlap': 3, 'topn_overlap_pct': 60.0, 'max_gt0_pct': 100.0, 'max_ge3_pct': 100.0, 'max_ge4_pct': 100.0, 'final_gt0_pct': 100.0, 'avg_max_up_4h': 10.7705}",3,60.0,100.0,100.0,100.0,100.0,10.7705,"{'topn_overlap': 4, 'topn_overlap_pct': 57.14, 'max_gt0_pct': 100.0, 'max_ge3_pct': 71.43, 'max_ge4_pct': 71.43, 'final_gt0_pct': 71.43, 'avg_max_up_4h': 7.8992}",4,57.14,100.0,71.43,71.43,71.43,7.8992
2026-06-10 22:00:00,25,"{'topn_overlap': 1, 'topn_overlap_pct': 50.0, 'max_gt0_pct': 100.0, 'max_ge3_pct': 100.0, 'max_ge4_pct': 100.0, 'final_gt0_pct': 100.0, 'avg_max_up_4h': 15.4335}",1,50.0,100.0,100.0,100.0,100.0,15.4335,"{'topn_overlap': 3, 'topn_overlap_pct': 60.0, 'max_gt0_pct': 100.0, 'max_ge3_pct': 100.0, 'max_ge4_pct': 100.0, 'final_gt0_pct': 100.0, 'avg_max_up_4h': 11.0096}",3,60.0,100.0,100.0,100.0,100.0,11.0096,"{'topn_overlap': 3, 'topn_overlap_pct': 42.86, 'max_gt0_pct': 100.0, 'max_ge3_pct': 85.71, 'max_ge4_pct': 71.43, 'final_gt0_pct': 71.43, 'avg_max_up_4h': 8.6143}",3,42.86,100.0,85.71,71.43,71.43,8.6143
2026-06-11 00:00:00,50,"{'topn_overlap': 1, 'topn_overlap_pct': 50.0, 'max_gt0_pct': 100.0, 'max_ge3_pct': 100.0, 'max_ge4_pct': 100.0, 'final_gt0_pct': 100.0, 'avg_max_up_4h': 20.1767}",1,50.0,100.0,100.0,100.0,100.0,20.1767,"{'topn_overlap': 2, 'topn_overlap_pct': 40.0, 'max_gt0_pct': 100.0, 'max_ge3_pct': 100.0, 'max_ge4_pct': 80.0, 'final_gt0_pct': 80.0, 'avg_max_up_4h': 11.2047}",2,40.0,100.0,100.0,80.0,80.0,11.2047,"{'topn_overlap': 3, 'topn_overlap_pct': 42.86, 'max_gt0_pct': 100.0, 'max_ge3_pct': 100.0, 'max_ge4_pct': 85.71, 'final_gt0_pct': 71.43, 'avg_max_up_4h': 12.1426}",3,42.86,100.0,100.0,85.71,71.43,12.1426
2026-06-11 02:00:00,43,"{'topn_overlap': 1, 'topn_overlap_pct': 50.0, 'max_gt0_pct': 100.0, 'max_ge3_pct': 100.0, 'max_ge4_pct': 100.0, 'final_gt0_pct': 100.0, 'avg_max_up_4h': 56.8299}",1,50.0,100.0,100.0,100.0,100.0,56.8299,"{'topn_overlap': 2, 'topn_overlap_pct': 40.0, 'max_gt0_pct': 100.0, 'max_ge3_pct': 40.0, 'max_ge4_pct': 40.0, 'final_gt0_pct': 40.0, 'avg_max_up_4h': 22.892}",2,40.0,100.0,40.0,40.0,40.0,22.892,"{'topn_overlap': 3, 'topn_overlap_pct': 42.86, 'max_gt0_pct': 100.0, 'max_ge3_pct': 57.14, 'max_ge4_pct': 57.14, 'final_gt0_pct': 42.86, 'avg_max_up_4h': 18.84}",3,42.86,100.0,57.14,57.14,42.86,18.84
2026-06-11 04:00:00,26,"{'topn_overlap': 1, 'topn_overlap_pct': 50.0, 'max_gt0_pct': 100.0, 'max_ge3_pct': 50.0, 'max_ge4_pct': 50.0, 'final_gt0_pct': 50.0, 'avg_max_up_4h': 37.4451}",1,50.0,100.0,50.0,50.0,50.0,37.4451,"{'topn_overlap': 2, 'topn_overlap_pct': 40.0, 'max_gt0_pct': 100.0, 'max_ge3_pct': 60.0, 'max_ge4_pct': 60.0, 'final_gt0_pct': 60.0, 'avg_max_up_4h': 17.1348}",2,40.0,100.0,60.0,60.0,60.0,17.1348,"{'topn_overlap': 4, 'topn_overlap_pct': 57.14, 'max_gt0_pct': 100.0, 'max_ge3_pct': 57.14, 'max_ge4_pct': 57.14, 'final_gt0_pct': 57.14, 'avg_max_up_4h': 14.2291}",4,57.14,100.0,57.14,57.14,57.14,14.2291
2026-06-11 06:00:00,63,"{'topn_overlap': 1, 'topn_overlap_pct': 50.0, 'max_gt0_pct': 100.0, 'max_ge3_pct': 100.0, 'max_ge4_pct': 100.0, 'final_gt0_pct': 50.0, 'avg_max_up_4h': 16.6193}",1,50.0,100.0,100.0,100.0,50.0,16.6193,"{'topn_overlap': 3, 'topn_overlap_pct': 60.0, 'max_gt0_pct': 100.0, 'max_ge3_pct': 60.0, 'max_ge4_pct': 60.0, 'final_gt0_pct': 40.0, 'avg_max_up_4h': 12.763}",3,60.0,100.0,60.0,60.0,40.0,12.763,"{'topn_overlap': 4, 'topn_overlap_pct': 57.14, 'max_gt0_pct': 100.0, 'max_ge3_pct': 71.43, 'max_ge4_pct': 71.43, 'final_gt0_pct': 57.14, 'avg_max_up_4h': 11.4362}",4,57.14,100.0,71.43,71.43,57.14,11.4362
2026-06-11 08:00:00,25,"{'topn_overlap': 0, 'topn_overlap_pct': 0.0, 'max_gt0_pct': 100.0, 'max_ge3_pct': 100.0, 'max_ge4_pct': 100.0, 'final_gt0_pct': 50.0, 'avg_max_up_4h': 14.8163}",0,0.0,100.0,100.0,100.0,50.0,14.8163,"{'topn_overlap': 2, 'topn_overlap_pct': 40.0, 'max_gt0_pct': 100.0, 'max_ge3_pct': 100.0, 'max_ge4_pct': 100.0, 'final_gt0_pct': 80.0, 'avg_max_up_4h': 22.0345}",2,40.0,100.0,100.0,100.0,80.0,22.0345,"{'topn_overlap': 3, 'topn_overlap_pct': 42.86, 'max_gt0_pct': 100.0, 'max_ge3_pct': 85.71, 'max_ge4_pct': 85.71, 'final_gt0_pct': 57.14, 'avg_max_up_4h': 17.5313}",3,42.86,100.0,85.71,85.71,57.14,17.5313
2026-06-11 10:00:00,29,"{'topn_overlap': 2, 'topn_overlap_pct': 100.0, 'max_gt0_pct': 100.0, 'max_ge3_pct': 100.0, 'max_ge4_pct': 100.0, 'final_gt0_pct': 100.0, 'avg_max_up_4h': 33.114}",2,100.0,100.0,100.0,100.0,100.0,33.114,"{'topn_overlap': 3, 'topn_overlap_pct': 60.0, 'max_gt0_pct': 100.0, 'max_ge3_pct': 100.0, 'max_ge4_pct': 100.0, 'final_gt0_pct': 60.0, 'avg_max_up_4h': 16.8667}",3,60.0,100.0,100.0,100.0,60.0,16.8667,"{'topn_overlap': 5, 'topn_overlap_pct': 71.43, 'max_gt0_pct': 100.0, 'max_ge3_pct': 71.43, 'max_ge4_pct': 71.43, 'final_gt0_pct': 57.14, 'avg_max_up_4h': 12.6073}",5,71.43,100.0,71.43,71.43,57.14,12.6073
2026-06-11 12:00:00,24,"{'topn_overlap': 1, 'topn_overlap_pct': 50.0, 'max_gt0_pct': 100.0, 'max_ge3_pct': 100.0, 'max_ge4_pct': 100.0, 'final_gt0_pct': 100.0, 'avg_max_up_4h': 29.6763}",1,50.0,100.0,100.0,100.0,100.0,29.6763,"{'topn_overlap': 3, 'topn_overlap_pct': 60.0, 'max_gt0_pct': 100.0, 'max_ge3_pct': 80.0, 'max_ge4_pct': 80.0, 'final_gt0_pct': 80.0, 'avg_max_up_4h': 19.8956}",3,60.0,100.0,80.0,80.0,80.0,19.8956,"{'topn_overlap': 5, 'topn_overlap_pct': 71.43, 'max_gt0_pct': 100.0, 'max_ge3_pct': 85.71, 'max_ge4_pct': 85.71, 'final_gt0_pct': 71.43, 'avg_max_up_4h': 20.0692}",5,71.43,100.0,85.71,85.71,71.43,20.0692
2026-06-11 14:00:00,32,"{'topn_overlap': 0, 'topn_overlap_pct': 0.0, 'max_gt0_pct': 100.0, 'max_ge3_pct': 100.0, 'max_ge4_pct': 100.0, 'final_gt0_pct': 50.0, 'avg_max_up_4h': 20.7805}",0,0.0,100.0,100.0,100.0,50.0,20.7805,"{'topn_overlap': 2, 'topn_overlap_pct': 40.0, 'max_gt0_pct': 100.0, 'max_ge3_pct': 100.0, 'max_ge4_pct': 100.0, 'final_gt0_pct': 60.0, 'avg_max_up_4h': 20.6848}",2,40.0,100.0,100.0,100.0,60.0,20.6848,"{'topn_overlap': 5, 'topn_overlap_pct': 71.43, 'max_gt0_pct': 100.0, 'max_ge3_pct': 100.0, 'max_ge4_pct': 100.0, 'final_gt0_pct': 71.43, 'avg_max_up_4h': 20.0714}",5,71.43,100.0,100.0,100.0,71.43,20.0714
2026-06-11 16:00:00,34,"{'topn_overlap': 0, 'topn_overlap_pct': 0.0, 'max_gt0_pct': 100.0, 'max_ge3_pct': 50.0, 'max_ge4_pct': 50.0, 'final_gt0_pct': 50.0, 'avg_max_up_4h': 9.7891}",0,0.0,100.0,50.0,50.0,50.0,9.7891,"{'topn_overlap': 2, 'topn_overlap_pct': 40.0, 'max_gt0_pct': 100.0, 'max_ge3_pct': 60.0, 'max_ge4_pct': 60.0, 'final_gt0_pct': 40.0, 'avg_max_up_4h': 12.0165}",2,40.0,100.0,60.0,60.0,40.0,12.0165,"{'topn_overlap': 3, 'topn_overlap_pct': 42.86, 'max_gt0_pct': 100.0, 'max_ge3_pct': 71.43, 'max_ge4_pct': 71.43, 'final_gt0_pct': 42.86, 'avg_max_up_4h': 11.5331}",3,42.86,100.0,71.43,71.43,42.86,11.5331
2026-06-11 18:00:00,39,"{'topn_overlap': 0, 'topn_overlap_pct': 0.0, 'max_gt0_pct': 100.0, 'max_ge3_pct': 100.0, 'max_ge4_pct': 100.0, 'final_gt0_pct': 50.0, 'avg_max_up_4h': 7.9627}",0,0.0,100.0,100.0,100.0,50.0,7.9627,"{'topn_overlap': 3, 'topn_overlap_pct': 60.0, 'max_gt0_pct': 100.0, 'max_ge3_pct': 100.0, 'max_ge4_pct': 100.0, 'final_gt0_pct': 60.0, 'avg_max_up_4h': 9.6171}",3,60.0,100.0,100.0,100.0,60.0,9.6171,"{'topn_overlap': 5, 'topn_overlap_pct': 71.43, 'max_gt0_pct': 100.0, 'max_ge3_pct': 100.0, 'max_ge4_pct': 100.0, 'final_gt0_pct': 71.43, 'avg_max_up_4h': 8.9884}",5,71.43,100.0,100.0,100.0,71.43,8.9884
2026-06-11 20:00:00,20,"{'topn_overlap': 0, 'topn_overlap_pct': 0.0, 'max_gt0_pct': 100.0, 'max_ge3_pct': 100.0, 'max_ge4_pct': 100.0, 'final_gt0_pct': 100.0, 'avg_max_up_4h': 25.5415}",0,0.0,100.0,100.0,100.0,100.0,25.5415,"{'topn_overlap': 4, 'topn_overlap_pct': 80.0, 'max_gt0_pct': 100.0, 'max_ge3_pct': 80.0, 'max_ge4_pct': 80.0, 'final_gt0_pct': 100.0, 'avg_max_up_4h': 20.4372}",4,80.0,100.0,80.0,80.0,100.0,20.4372,"{'topn_overlap': 4, 'topn_overlap_pct': 57.14, 'max_gt0_pct': 100.0, 'max_ge3_pct': 85.71, 'max_ge4_pct': 85.71, 'final_gt0_pct': 100.0, 'avg_max_up_4h': 16.6206}",4,57.14,100.0,85.71,85.71,100.0,16.6206
2026-06-11 22:00:00,34,"{'topn_overlap': 0, 'topn_overlap_pct': 0.0, 'max_gt0_pct': 100.0, 'max_ge3_pct': 100.0, 'max_ge4_pct': 100.0, 'final_gt0_pct': 50.0, 'avg_max_up_4h': 7.0457}",0,0.0,100.0,100.0,100.0,50.0,7.0457,"{'topn_overlap': 1, 'topn_overlap_pct': 20.0, 'max_gt0_pct': 100.0, 'max_ge3_pct': 100.0, 'max_ge4_pct': 80.0, 'final_gt0_pct': 60.0, 'avg_max_up_4h': 7.1545}",1,20.0,100.0,100.0,80.0,60.0,7.1545,"{'topn_overlap': 3, 'topn_overlap_pct': 42.86, 'max_gt0_pct': 100.0, 'max_ge3_pct': 100.0, 'max_ge4_pct': 85.71, 'final_gt0_pct': 57.14, 'avg_max_up_4h': 10.437}",3,42.86,100.0,100.0,85.71,57.14,10.437
2026-06-12 00:00:00,46,"{'topn_overlap': 1, 'topn_overlap_pct': 50.0, 'max_gt0_pct': 100.0, 'max_ge3_pct': 100.0, 'max_ge4_pct': 100.0, 'final_gt0_pct': 100.0, 'avg_max_up_4h': 17.1887}",1,50.0,100.0,100.0,100.0,100.0,17.1887,"{'topn_overlap': 4, 'topn_overlap_pct': 80.0, 'max_gt0_pct': 100.0, 'max_ge3_pct': 100.0, 'max_ge4_pct': 100.0, 'final_gt0_pct': 80.0, 'avg_max_up_4h': 21.5696}",4,80.0,100.0,100.0,100.0,80.0,21.5696,"{'topn_overlap': 5, 'topn_overlap_pct': 71.43, 'max_gt0_pct': 100.0, 'max_ge3_pct': 85.71, 'max_ge4_pct': 85.71, 'final_gt0_pct': 71.43, 'avg_max_up_4h': 16.3433}",5,71.43,100.0,85.71,85.71,71.43,16.3433
2026-06-12 02:00:00,31,"{'topn_overlap': 1, 'topn_overlap_pct': 50.0, 'max_gt0_pct': 100.0, 'max_ge3_pct': 100.0, 'max_ge4_pct': 100.0, 'final_gt0_pct': 100.0, 'avg_max_up_4h': 28.7373}",1,50.0,100.0,100.0,100.0,100.0,28.7373,"{'topn_overlap': 3, 'topn_overlap_pct': 60.0, 'max_gt0_pct': 100.0, 'max_ge3_pct': 80.0, 'max_ge4_pct': 80.0, 'final_gt0_pct': 80.0, 'avg_max_up_4h': 33.9999}",3,60.0,100.0,80.0,80.0,80.0,33.9999,"{'topn_overlap': 5, 'topn_overlap_pct': 71.43, 'max_gt0_pct': 100.0, 'max_ge3_pct': 85.71, 'max_ge4_pct': 85.71, 'final_gt0_pct': 71.43, 'avg_max_up_4h': 27.7706}",5,71.43,100.0,85.71,85.71,71.43,27.7706
2026-06-12 04:00:00,37,"{'topn_overlap': 1, 'topn_overlap_pct': 50.0, 'max_gt0_pct': 100.0, 'max_ge3_pct': 100.0, 'max_ge4_pct': 100.0, 'final_gt0_pct': 100.0, 'avg_max_up_4h': 44.1518}",1,50.0,100.0,100.0,100.0,100.0,44.1518,"{'topn_overlap': 4, 'topn_overlap_pct': 80.0, 'max_gt0_pct': 100.0, 'max_ge3_pct': 100.0, 'max_ge4_pct': 100.0, 'final_gt0_pct': 100.0, 'avg_max_up_4h': 32.9583}",4,80.0,100.0,100.0,100.0,100.0,32.9583,"{'topn_overlap': 6, 'topn_overlap_pct': 85.71, 'max_gt0_pct': 100.0, 'max_ge3_pct': 85.71, 'max_ge4_pct': 85.71, 'final_gt0_pct': 85.71, 'avg_max_up_4h': 25.9998}",6,85.71,100.0,85.71,85.71,85.71,25.9998
2026-06-12 06:00:00,45,"{'topn_overlap': 0, 'topn_overlap_pct': 0.0, 'max_gt0_pct': 100.0, 'max_ge3_pct': 100.0, 'max_ge4_pct': 100.0, 'final_gt0_pct': 50.0, 'avg_max_up_4h': 15.6532}",0,0.0,100.0,100.0,100.0,50.0,15.6532,"{'topn_overlap': 5, 'topn_overlap_pct': 100.0, 'max_gt0_pct': 100.0, 'max_ge3_pct': 100.0, 'max_ge4_pct': 100.0, 'final_gt0_pct': 60.0, 'avg_max_up_4h': 23.4434}",5,100.0,100.0,100.0,100.0,60.0,23.4434,"{'topn_overlap': 5, 'topn_overlap_pct': 71.43, 'max_gt0_pct': 100.0, 'max_ge3_pct': 85.71, 'max_ge4_pct': 85.71, 'final_gt0_pct': 71.43, 'avg_max_up_4h': 17.8583}",5,71.43,100.0,85.71,85.71,71.43,17.8583
2026-06-12 08:00:00,24,"{'topn_overlap': 1, 'topn_overlap_pct': 50.0, 'max_gt0_pct': 100.0, 'max_ge3_pct': 50.0, 'max_ge4_pct': 50.0, 'final_gt0_pct': 0.0, 'avg_max_up_4h': 13.5605}",1,50.0,100.0,50.0,50.0,0.0,13.5605,"{'topn_overlap': 2, 'topn_overlap_pct': 40.0, 'max_gt0_pct': 100.0, 'max_ge3_pct': 80.0, 'max_ge4_pct': 80.0, 'final_gt0_pct': 20.0, 'avg_max_up_4h': 11.58}",2,40.0,100.0,80.0,80.0,20.0,11.58,"{'topn_overlap': 2, 'topn_overlap_pct': 28.57, 'max_gt0_pct': 100.0, 'max_ge3_pct': 85.71, 'max_ge4_pct': 71.43, 'final_gt0_pct': 42.86, 'avg_max_up_4h': 9.5947}",2,28.57,100.0,85.71,71.43,42.86,9.5947
2026-06-12 10:00:00,37,"{'topn_overlap': 0, 'topn_overlap_pct': 0.0, 'max_gt0_pct': 100.0, 'max_ge3_pct': 100.0, 'max_ge4_pct': 50.0, 'final_gt0_pct': 0.0, 'avg_max_up_4h': 9.2478}",0,0.0,100.0,100.0,50.0,0.0,9.2478,"{'topn_overlap': 3, 'topn_overlap_pct': 60.0, 'max_gt0_pct': 100.0, 'max_ge3_pct': 100.0, 'max_ge4_pct': 80.0, 'final_gt0_pct': 60.0, 'avg_max_up_4h': 9.8951}",3,60.0,100.0,100.0,80.0,60.0,9.8951,"{'topn_overlap': 4, 'topn_overlap_pct': 57.14, 'max_gt0_pct': 100.0, 'max_ge3_pct': 85.71, 'max_ge4_pct': 71.43, 'final_gt0_pct': 57.14, 'avg_max_up_4h': 7.8164}",4,57.14,100.0,85.71,71.43,57.14,7.8164
2026-06-12 12:00:00,31,"{'topn_overlap': 1, 'topn_overlap_pct': 50.0, 'max_gt0_pct': 100.0, 'max_ge3_pct': 100.0, 'max_ge4_pct': 100.0, 'final_gt0_pct': 100.0, 'avg_max_up_4h': 25.1613}",1,50.0,100.0,100.0,100.0,100.0,25.1613,"{'topn_overlap': 3, 'topn_overlap_pct': 60.0, 'max_gt0_pct': 100.0, 'max_ge3_pct': 100.0, 'max_ge4_pct': 100.0, 'final_gt0_pct': 80.0, 'avg_max_up_4h': 17.5852}",3,60.0,100.0,100.0,100.0,80.0,17.5852,"{'topn_overlap': 4, 'topn_overlap_pct': 57.14, 'max_gt0_pct': 100.0, 'max_ge3_pct': 100.0, 'max_ge4_pct': 85.71, 'final_gt0_pct': 71.43, 'avg_max_up_4h': 13.6185}",4,57.14,100.0,100.0,85.71,71.43,13.6185
2026-06-12 14:00:00,32,"{'topn_overlap': 0, 'topn_overlap_pct': 0.0, 'max_gt0_pct': 100.0, 'max_ge3_pct': 100.0, 'max_ge4_pct': 100.0, 'final_gt0_pct': 100.0, 'avg_max_up_4h': 12.1999}",0,0.0,100.0,100.0,100.0,100.0,12.1999,"{'topn_overlap': 2, 'topn_overlap_pct': 40.0, 'max_gt0_pct': 100.0, 'max_ge3_pct': 100.0, 'max_ge4_pct': 80.0, 'final_gt0_pct': 80.0, 'avg_max_up_4h': 11.6058}",2,40.0,100.0,100.0,80.0,80.0,11.6058,"{'topn_overlap': 3, 'topn_overlap_pct': 42.86, 'max_gt0_pct': 100.0, 'max_ge3_pct': 100.0, 'max_ge4_pct': 71.43, 'final_gt0_pct': 85.71, 'avg_max_up_4h': 9.4566}",3,42.86,100.0,100.0,71.43,85.71,9.4566
2026-06-12 16:00:00,29,"{'topn_overlap': 0, 'topn_overlap_pct': 0.0, 'max_gt0_pct': 100.0, 'max_ge3_pct': 100.0, 'max_ge4_pct': 50.0, 'final_gt0_pct': 0.0, 'avg_max_up_4h': 6.5687}",0,0.0,100.0,100.0,50.0,0.0,6.5687,"{'topn_overlap': 2, 'topn_overlap_pct': 40.0, 'max_gt0_pct': 100.0, 'max_ge3_pct': 100.0, 'max_ge4_pct': 60.0, 'final_gt0_pct': 40.0, 'avg_max_up_4h': 6.1689}",2,40.0,100.0,100.0,60.0,40.0,6.1689,"{'topn_overlap': 2, 'topn_overlap_pct': 28.57, 'max_gt0_pct': 100.0, 'max_ge3_pct': 85.71, 'max_ge4_pct': 42.86, 'final_gt0_pct': 42.86, 'avg_max_up_4h': 5.2074}",2,28.57,100.0,85.71,42.86,42.86,5.2074
2026-06-12 18:00:00,32,"{'topn_overlap': 1, 'topn_overlap_pct': 50.0, 'max_gt0_pct': 100.0, 'max_ge3_pct': 100.0, 'max_ge4_pct': 100.0, 'final_gt0_pct': 100.0, 'avg_max_up_4h': 25.1593}",1,50.0,100.0,100.0,100.0,100.0,25.1593,"{'topn_overlap': 3, 'topn_overlap_pct': 60.0, 'max_gt0_pct': 100.0, 'max_ge3_pct': 100.0, 'max_ge4_pct': 100.0, 'final_gt0_pct': 80.0, 'avg_max_up_4h': 15.8285}",3,60.0,100.0,100.0,100.0,80.0,15.8285,"{'topn_overlap': 6, 'topn_overlap_pct': 85.71, 'max_gt0_pct': 100.0, 'max_ge3_pct': 100.0, 'max_ge4_pct': 100.0, 'final_gt0_pct': 85.71, 'avg_max_up_4h': 15.1643}",6,85.71,100.0,100.0,100.0,85.71,15.1643
2026-06-12 20:00:00,33,"{'topn_overlap': 1, 'topn_overlap_pct': 50.0, 'max_gt0_pct': 100.0, 'max_ge3_pct': 100.0, 'max_ge4_pct': 100.0, 'final_gt0_pct': 100.0, 'avg_max_up_4h': 28.6282}",1,50.0,100.0,100.0,100.0,100.0,28.6282,"{'topn_overlap': 4, 'topn_overlap_pct': 80.0, 'max_gt0_pct': 100.0, 'max_ge3_pct': 80.0, 'max_ge4_pct': 80.0, 'final_gt0_pct': 80.0, 'avg_max_up_4h': 16.5108}",4,80.0,100.0,80.0,80.0,80.0,16.5108,"{'topn_overlap': 5, 'topn_overlap_pct': 71.43, 'max_gt0_pct': 100.0, 'max_ge3_pct': 85.71, 'max_ge4_pct': 71.43, 'final_gt0_pct': 71.43, 'avg_max_up_4h': 13.5107}",5,71.43,100.0,85.71,71.43,71.43,13.5107
2026-06-12 22:00:00,18,"{'topn_overlap': 1, 'topn_overlap_pct': 50.0, 'max_gt0_pct': 100.0, 'max_ge3_pct': 100.0, 'max_ge4_pct': 100.0, 'final_gt0_pct': 100.0, 'avg_max_up_4h': 22.3186}",1,50.0,100.0,100.0,100.0,100.0,22.3186,"{'topn_overlap': 2, 'topn_overlap_pct': 40.0, 'max_gt0_pct': 100.0, 'max_ge3_pct': 40.0, 'max_ge4_pct': 40.0, 'final_gt0_pct': 80.0, 'avg_max_up_4h': 10.1033}",2,40.0,100.0,40.0,40.0,80.0,10.1033,"{'topn_overlap': 4, 'topn_overlap_pct': 57.14, 'max_gt0_pct': 100.0, 'max_ge3_pct': 57.14, 'max_ge4_pct': 57.14, 'final_gt0_pct': 85.71, 'avg_max_up_4h': 9.7518}",4,57.14,100.0,57.14,57.14,85.71,9.7518
2026-06-13 00:00:00,33,"{'topn_overlap': 2, 'topn_overlap_pct': 100.0, 'max_gt0_pct': 100.0, 'max_ge3_pct': 100.0, 'max_ge4_pct': 100.0, 'final_gt0_pct': 50.0, 'avg_max_up_4h': 17.5288}",2,100.0,100.0,100.0,100.0,50.0,17.5288,"{'topn_overlap': 2, 'topn_overlap_pct': 40.0, 'max_gt0_pct': 100.0, 'max_ge3_pct': 80.0, 'max_ge4_pct': 60.0, 'final_gt0_pct': 80.0, 'avg_max_up_4h': 9.0147}",2,40.0,100.0,80.0,60.0,80.0,9.0147,"{'topn_overlap': 3, 'topn_overlap_pct': 42.86, 'max_gt0_pct': 100.0, 'max_ge3_pct': 57.14, 'max_ge4_pct': 42.86, 'final_gt0_pct': 57.14, 'avg_max_up_4h': 6.9671}",3,42.86,100.0,57.14,42.86,57.14,6.9671
2026-06-13 02:00:00,19,"{'topn_overlap': 1, 'topn_overlap_pct': 50.0, 'max_gt0_pct': 100.0, 'max_ge3_pct': 50.0, 'max_ge4_pct': 50.0, 'final_gt0_pct': 100.0, 'avg_max_up_4h': 7.694}",1,50.0,100.0,50.0,50.0,100.0,7.694,"{'topn_overlap': 3, 'topn_overlap_pct': 60.0, 'max_gt0_pct': 100.0, 'max_ge3_pct': 60.0, 'max_ge4_pct': 60.0, 'final_gt0_pct': 60.0, 'avg_max_up_4h': 5.244}",3,60.0,100.0,60.0,60.0,60.0,5.244,"{'topn_overlap': 5, 'topn_overlap_pct': 71.43, 'max_gt0_pct': 100.0, 'max_ge3_pct': 57.14, 'max_ge4_pct': 42.86, 'final_gt0_pct': 42.86, 'avg_max_up_4h': 4.3409}",5,71.43,100.0,57.14,42.86,42.86,4.3409
2026-06-13 04:00:00,18,"{'topn_overlap': 1, 'topn_overlap_pct': 50.0, 'max_gt0_pct': 100.0, 'max_ge3_pct': 100.0, 'max_ge4_pct': 100.0, 'final_gt0_pct': 100.0, 'avg_max_up_4h': 10.2525}",1,50.0,100.0,100.0,100.0,100.0,10.2525,"{'topn_overlap': 3, 'topn_overlap_pct': 60.0, 'max_gt0_pct': 100.0, 'max_ge3_pct': 80.0, 'max_ge4_pct': 80.0, 'final_gt0_pct': 100.0, 'avg_max_up_4h': 7.3681}",3,60.0,100.0,80.0,80.0,100.0,7.3681,"{'topn_overlap': 5, 'topn_overlap_pct': 71.43, 'max_gt0_pct': 100.0, 'max_ge3_pct': 71.43, 'max_ge4_pct': 71.43, 'final_gt0_pct': 85.71, 'avg_max_up_4h': 6.4291}",5,71.43,100.0,71.43,71.43,85.71,6.4291
2026-06-13 06:00:00,10,"{'topn_overlap': 1, 'topn_overlap_pct': 50.0, 'max_gt0_pct': 100.0, 'max_ge3_pct': 100.0, 'max_ge4_pct': 50.0, 'final_gt0_pct': 100.0, 'avg_max_up_4h': 5.5976}",1,50.0,100.0,100.0,50.0,100.0,5.5976,"{'topn_overlap': 3, 'topn_overlap_pct': 60.0, 'max_gt0_pct': 100.0, 'max_ge3_pct': 60.0, 'max_ge4_pct': 40.0, 'final_gt0_pct': 60.0, 'avg_max_up_4h': 3.2378}",3,60.0,100.0,60.0,40.0,60.0,3.2378,"{'topn_overlap': 5, 'topn_overlap_pct': 71.43, 'max_gt0_pct': 100.0, 'max_ge3_pct': 42.86, 'max_ge4_pct': 28.57, 'final_gt0_pct': 57.14, 'avg_max_up_4h': 2.9487}",5,71.43,100.0,42.86,28.57,57.14,2.9487
2026-06-13 08:00:00,13,"{'topn_overlap': 0, 'topn_overlap_pct': 0.0, 'max_gt0_pct': 100.0, 'max_ge3_pct': 50.0, 'max_ge4_pct': 50.0, 'final_gt0_pct': 0.0, 'avg_max_up_4h': 3.4986}",0,0.0,100.0,50.0,50.0,0.0,3.4986,"{'topn_overlap': 1, 'topn_overlap_pct': 20.0, 'max_gt0_pct': 100.0, 'max_ge3_pct': 80.0, 'max_ge4_pct': 60.0, 'final_gt0_pct': 60.0, 'avg_max_up_4h': 4.2016}",1,20.0,100.0,80.0,60.0,60.0,4.2016,"{'topn_overlap': 4, 'topn_overlap_pct': 57.14, 'max_gt0_pct': 100.0, 'max_ge3_pct': 85.71, 'max_ge4_pct': 57.14, 'final_gt0_pct': 71.43, 'avg_max_up_4h': 5.1933}",4,57.14,100.0,85.71,57.14,71.43,5.1933
2026-06-13 10:00:00,19,"{'topn_overlap': 0, 'topn_overlap_pct': 0.0, 'max_gt0_pct': 100.0, 'max_ge3_pct': 50.0, 'max_ge4_pct': 50.0, 'final_gt0_pct': 50.0, 'avg_max_up_4h': 3.7005}",0,0.0,100.0,50.0,50.0,50.0,3.7005,"{'topn_overlap': 3, 'topn_overlap_pct': 60.0, 'max_gt0_pct': 100.0, 'max_ge3_pct': 60.0, 'max_ge4_pct': 60.0, 'final_gt0_pct': 40.0, 'avg_max_up_4h': 5.496}",3,60.0,100.0,60.0,60.0,40.0,5.496,"{'topn_overlap': 4, 'topn_overlap_pct': 57.14, 'max_gt0_pct': 100.0, 'max_ge3_pct': 57.14, 'max_ge4_pct': 57.14, 'final_gt0_pct': 28.57, 'avg_max_up_4h': 4.5349}",4,57.14,100.0,57.14,57.14,28.57,4.5349
2026-06-13 14:00:00,10,"{'topn_overlap': 0, 'topn_overlap_pct': 0.0, 'max_gt0_pct': 100.0, 'max_ge3_pct': 50.0, 'max_ge4_pct': 50.0, 'final_gt0_pct': 50.0, 'avg_max_up_4h': 4.0276}",0,0.0,100.0,50.0,50.0,50.0,4.0276,"{'topn_overlap': 4, 'topn_overlap_pct': 80.0, 'max_gt0_pct': 100.0, 'max_ge3_pct': 60.0, 'max_ge4_pct': 60.0, 'final_gt0_pct': 80.0, 'avg_max_up_4h': 6.3141}",4,80.0,100.0,60.0,60.0,80.0,6.3141,"{'topn_overlap': 5, 'topn_overlap_pct': 71.43, 'max_gt0_pct': 100.0, 'max_ge3_pct': 42.86, 'max_ge4_pct': 42.86, 'final_gt0_pct': 57.14, 'avg_max_up_4h': 4.9366}",5,71.43,100.0,42.86,42.86,57.14,4.9366
2026-06-13 16:00:00,8,"{'topn_overlap': 0, 'topn_overlap_pct': 0.0, 'max_gt0_pct': 100.0, 'max_ge3_pct': 50.0, 'max_ge4_pct': 50.0, 'final_gt0_pct': 100.0, 'avg_max_up_4h': 5.1914}",0,0.0,100.0,50.0,50.0,100.0,5.1914,"{'topn_overlap': 3, 'topn_overlap_pct': 60.0, 'max_gt0_pct': 100.0, 'max_ge3_pct': 60.0, 'max_ge4_pct': 60.0, 'final_gt0_pct': 80.0, 'avg_max_up_4h': 6.6974}",3,60.0,100.0,60.0,60.0,80.0,6.6974,"{'topn_overlap': 6, 'topn_overlap_pct': 85.71, 'max_gt0_pct': 100.0, 'max_ge3_pct': 71.43, 'max_ge4_pct': 71.43, 'final_gt0_pct': 85.71, 'avg_max_up_4h': 6.2881}",6,85.71,100.0,71.43,71.43,85.71,6.2881
2026-06-13 18:00:00,10,"{'topn_overlap': 1, 'topn_overlap_pct': 50.0, 'max_gt0_pct': 100.0, 'max_ge3_pct': 100.0, 'max_ge4_pct': 100.0, 'final_gt0_pct': 100.0, 'avg_max_up_4h': 10.0762}",1,50.0,100.0,100.0,100.0,100.0,10.0762,"{'topn_overlap': 3, 'topn_overlap_pct': 60.0, 'max_gt0_pct': 100.0, 'max_ge3_pct': 60.0, 'max_ge4_pct': 40.0, 'final_gt0_pct': 40.0, 'avg_max_up_4h': 5.3187}",3,60.0,100.0,60.0,40.0,40.0,5.3187,"{'topn_overlap': 6, 'topn_overlap_pct': 85.71, 'max_gt0_pct': 100.0, 'max_ge3_pct': 57.14, 'max_ge4_pct': 42.86, 'final_gt0_pct': 42.86, 'avg_max_up_4h': 5.5882}",6,85.71,100.0,57.14,42.86,42.86,5.5882
2026-06-13 20:00:00,20,"{'topn_overlap': 1, 'topn_overlap_pct': 50.0, 'max_gt0_pct': 100.0, 'max_ge3_pct': 50.0, 'max_ge4_pct': 50.0, 'final_gt0_pct': 50.0, 'avg_max_up_4h': 20.0467}",1,50.0,100.0,50.0,50.0,50.0,20.0467,"{'topn_overlap': 2, 'topn_overlap_pct': 40.0, 'max_gt0_pct': 100.0, 'max_ge3_pct': 60.0, 'max_ge4_pct': 40.0, 'final_gt0_pct': 40.0, 'avg_max_up_4h': 12.4821}",2,40.0,100.0,60.0,40.0,40.0,12.4821,"{'topn_overlap': 3, 'topn_overlap_pct': 42.86, 'max_gt0_pct': 100.0, 'max_ge3_pct': 57.14, 'max_ge4_pct': 42.86, 'final_gt0_pct': 28.57, 'avg_max_up_4h': 10.0627}",3,42.86,100.0,57.14,42.86,28.57,10.0627
2026-06-13 22:00:00,19,"{'topn_overlap': 1, 'topn_overlap_pct': 50.0, 'max_gt0_pct': 100.0, 'max_ge3_pct': 100.0, 'max_ge4_pct': 100.0, 'final_gt0_pct': 100.0, 'avg_max_up_4h': 34.8987}",1,50.0,100.0,100.0,100.0,100.0,34.8987,"{'topn_overlap': 5, 'topn_overlap_pct': 100.0, 'max_gt0_pct': 100.0, 'max_ge3_pct': 100.0, 'max_ge4_pct': 100.0, 'final_gt0_pct': 100.0, 'avg_max_up_4h': 19.739}",5,100.0,100.0,100.0,100.0,100.0,19.739,"{'topn_overlap': 5, 'topn_overlap_pct': 71.43, 'max_gt0_pct': 100.0, 'max_ge3_pct': 85.71, 'max_ge4_pct': 71.43, 'final_gt0_pct': 85.71, 'avg_max_up_4h': 15.0078}",5,71.43,100.0,85.71,71.43,85.71,15.0078
2026-06-14 00:00:00,14,"{'topn_overlap': 2, 'topn_overlap_pct': 100.0, 'max_gt0_pct': 100.0, 'max_ge3_pct': 100.0, 'max_ge4_pct': 100.0, 'final_gt0_pct': 100.0, 'avg_max_up_4h': 22.3499}",2,100.0,100.0,100.0,100.0,100.0,22.3499,"{'topn_overlap': 3, 'topn_overlap_pct': 60.0, 'max_gt0_pct': 100.0, 'max_ge3_pct': 100.0, 'max_ge4_pct': 80.0, 'final_gt0_pct': 100.0, 'avg_max_up_4h': 11.9945}",3,60.0,100.0,100.0,80.0,100.0,11.9945,"{'topn_overlap': 6, 'topn_overlap_pct': 85.71, 'max_gt0_pct': 100.0, 'max_ge3_pct': 100.0, 'max_ge4_pct': 85.71, 'final_gt0_pct': 100.0, 'avg_max_up_4h': 10.6482}",6,85.71,100.0,100.0,85.71,100.0,10.6482
2026-06-14 02:00:00,21,"{'topn_overlap': 1, 'topn_overlap_pct': 50.0, 'max_gt0_pct': 100.0, 'max_ge3_pct': 100.0, 'max_ge4_pct': 50.0, 'final_gt0_pct': 0.0, 'avg_max_up_4h': 13.1446}",1,50.0,100.0,100.0,50.0,0.0,13.1446,"{'topn_overlap': 2, 'topn_overlap_pct': 40.0, 'max_gt0_pct': 100.0, 'max_ge3_pct': 100.0, 'max_ge4_pct': 80.0, 'final_gt0_pct': 40.0, 'avg_max_up_4h': 10.11}",2,40.0,100.0,100.0,80.0,40.0,10.11,"{'topn_overlap': 4, 'topn_overlap_pct': 57.14, 'max_gt0_pct': 100.0, 'max_ge3_pct': 85.71, 'max_ge4_pct': 71.43, 'final_gt0_pct': 28.57, 'avg_max_up_4h': 8.2988}",4,57.14,100.0,85.71,71.43,28.57,8.2988
2026-06-14 04:00:00,11,"{'topn_overlap': 1, 'topn_overlap_pct': 50.0, 'max_gt0_pct': 100.0, 'max_ge3_pct': 50.0, 'max_ge4_pct': 50.0, 'final_gt0_pct': 0.0, 'avg_max_up_4h': 9.3471}",1,50.0,100.0,50.0,50.0,0.0,9.3471,"{'topn_overlap': 3, 'topn_overlap_pct': 60.0, 'max_gt0_pct': 100.0, 'max_ge3_pct': 60.0, 'max_ge4_pct': 60.0, 'final_gt0_pct': 20.0, 'avg_max_up_4h': 6.8296}",3,60.0,100.0,60.0,60.0,20.0,6.8296,"{'topn_overlap': 5, 'topn_overlap_pct': 71.43, 'max_gt0_pct': 100.0, 'max_ge3_pct': 57.14, 'max_ge4_pct': 42.86, 'final_gt0_pct': 14.29, 'avg_max_up_4h': 5.5847}",5,71.43,100.0,57.14,42.86,14.29,5.5847
2026-06-14 06:00:00,9,"{'topn_overlap': 0, 'topn_overlap_pct': 0.0, 'max_gt0_pct': 100.0, 'max_ge3_pct': 100.0, 'max_ge4_pct': 100.0, 'final_gt0_pct': 50.0, 'avg_max_up_4h': 5.0396}",0,0.0,100.0,100.0,100.0,50.0,5.0396,"{'topn_overlap': 4, 'topn_overlap_pct': 80.0, 'max_gt0_pct': 100.0, 'max_ge3_pct': 80.0, 'max_ge4_pct': 80.0, 'final_gt0_pct': 80.0, 'avg_max_up_4h': 8.1554}",4,80.0,100.0,80.0,80.0,80.0,8.1554,"{'topn_overlap': 5, 'topn_overlap_pct': 71.43, 'max_gt0_pct': 100.0, 'max_ge3_pct': 57.14, 'max_ge4_pct': 57.14, 'final_gt0_pct': 57.14, 'avg_max_up_4h': 5.9072}",5,71.43,100.0,57.14,57.14,57.14,5.9072
2026-06-14 08:00:00,11,"{'topn_overlap': 1, 'topn_overlap_pct': 50.0, 'max_gt0_pct': 100.0, 'max_ge3_pct': 100.0, 'max_ge4_pct': 100.0, 'final_gt0_pct': 100.0, 'avg_max_up_4h': 17.8164}",1,50.0,100.0,100.0,100.0,100.0,17.8164,"{'topn_overlap': 4, 'topn_overlap_pct': 80.0, 'max_gt0_pct': 100.0, 'max_ge3_pct': 80.0, 'max_ge4_pct': 80.0, 'final_gt0_pct': 100.0, 'avg_max_up_4h': 12.8922}",4,80.0,100.0,80.0,80.0,100.0,12.8922,"{'topn_overlap': 5, 'topn_overlap_pct': 71.43, 'max_gt0_pct': 100.0, 'max_ge3_pct': 57.14, 'max_ge4_pct': 57.14, 'final_gt0_pct': 85.71, 'avg_max_up_4h': 9.7562}",5,71.43,100.0,57.14,57.14,85.71,9.7562
2026-06-14 10:00:00,16,"{'topn_overlap': 2, 'topn_overlap_pct': 100.0, 'max_gt0_pct': 100.0, 'max_ge3_pct': 100.0, 'max_ge4_pct': 100.0, 'final_gt0_pct': 100.0, 'avg_max_up_4h': 28.1063}",2,100.0,100.0,100.0,100.0,100.0,28.1063,"{'topn_overlap': 4, 'topn_overlap_pct': 80.0, 'max_gt0_pct': 100.0, 'max_ge3_pct': 80.0, 'max_ge4_pct': 60.0, 'final_gt0_pct': 60.0, 'avg_max_up_4h': 13.4129}",4,80.0,100.0,80.0,60.0,60.0,13.4129,"{'topn_overlap': 6, 'topn_overlap_pct': 85.71, 'max_gt0_pct': 100.0, 'max_ge3_pct': 85.71, 'max_ge4_pct': 57.14, 'final_gt0_pct': 57.14, 'avg_max_up_4h': 11.3218}",6,85.71,100.0,85.71,57.14,57.14,11.3218
2026-06-14 12:00:00,17,"{'topn_overlap': 2, 'topn_overlap_pct': 100.0, 'max_gt0_pct': 100.0, 'max_ge3_pct': 100.0, 'max_ge4_pct': 100.0, 'final_gt0_pct': 50.0, 'avg_max_up_4h': 30.8505}",2,100.0,100.0,100.0,100.0,50.0,30.8505,"{'topn_overlap': 4, 'topn_overlap_pct': 80.0, 'max_gt0_pct': 100.0, 'max_ge3_pct': 80.0, 'max_ge4_pct': 80.0, 'final_gt0_pct': 60.0, 'avg_max_up_4h': 18.3266}",4,80.0,100.0,80.0,80.0,60.0,18.3266,"{'topn_overlap': 6, 'topn_overlap_pct': 85.71, 'max_gt0_pct': 100.0, 'max_ge3_pct': 71.43, 'max_ge4_pct': 71.43, 'final_gt0_pct': 57.14, 'avg_max_up_4h': 13.9558}",6,85.71,100.0,71.43,71.43,57.14,13.9558
2026-06-14 14:00:00,19,"{'topn_overlap': 1, 'topn_overlap_pct': 50.0, 'max_gt0_pct': 100.0, 'max_ge3_pct': 100.0, 'max_ge4_pct': 100.0, 'final_gt0_pct': 100.0, 'avg_max_up_4h': 22.4744}",1,50.0,100.0,100.0,100.0,100.0,22.4744,"{'topn_overlap': 2, 'topn_overlap_pct': 40.0, 'max_gt0_pct': 100.0, 'max_ge3_pct': 60.0, 'max_ge4_pct': 40.0, 'final_gt0_pct': 40.0, 'avg_max_up_4h': 10.147}",2,40.0,100.0,60.0,40.0,40.0,10.147,"{'topn_overlap': 5, 'topn_overlap_pct': 71.43, 'max_gt0_pct': 100.0, 'max_ge3_pct': 71.43, 'max_ge4_pct': 57.14, 'final_gt0_pct': 57.14, 'avg_max_up_4h': 11.4171}",5,71.43,100.0,71.43,57.14,57.14,11.4171
2026-06-14 16:00:00,24,"{'topn_overlap': 2, 'topn_overlap_pct': 100.0, 'max_gt0_pct': 100.0, 'max_ge3_pct': 100.0, 'max_ge4_pct': 100.0, 'final_gt0_pct': 100.0, 'avg_max_up_4h': 20.7267}",2,100.0,100.0,100.0,100.0,100.0,20.7267,"{'topn_overlap': 3, 'topn_overlap_pct': 60.0, 'max_gt0_pct': 100.0, 'max_ge3_pct': 100.0, 'max_ge4_pct': 100.0, 'final_gt0_pct': 100.0, 'avg_max_up_4h': 11.7247}",3,60.0,100.0,100.0,100.0,100.0,11.7247,"{'topn_overlap': 3, 'topn_overlap_pct': 42.86, 'max_gt0_pct': 100.0, 'max_ge3_pct': 71.43, 'max_ge4_pct': 71.43, 'final_gt0_pct': 85.71, 'avg_max_up_4h': 8.4472}",3,42.86,100.0,71.43,71.43,85.71,8.4472
2026-06-14 18:00:00,20,"{'topn_overlap': 0, 'topn_overlap_pct': 0.0, 'max_gt0_pct': 100.0, 'max_ge3_pct': 100.0, 'max_ge4_pct': 100.0, 'final_gt0_pct': 50.0, 'avg_max_up_4h': 5.6482}",0,0.0,100.0,100.0,100.0,50.0,5.6482,"{'topn_overlap': 2, 'topn_overlap_pct': 40.0, 'max_gt0_pct': 100.0, 'max_ge3_pct': 60.0, 'max_ge4_pct': 60.0, 'final_gt0_pct': 60.0, 'avg_max_up_4h': 7.9092}",2,40.0,100.0,60.0,60.0,60.0,7.9092,"{'topn_overlap': 4, 'topn_overlap_pct': 57.14, 'max_gt0_pct': 100.0, 'max_ge3_pct': 57.14, 'max_ge4_pct': 57.14, 'final_gt0_pct': 57.14, 'avg_max_up_4h': 7.5794}",4,57.14,100.0,57.14,57.14,57.14,7.5794
2026-06-14 20:00:00,16,"{'topn_overlap': 0, 'topn_overlap_pct': 0.0, 'max_gt0_pct': 100.0, 'max_ge3_pct': 50.0, 'max_ge4_pct': 50.0, 'final_gt0_pct': 50.0, 'avg_max_up_4h': 4.4131}",0,0.0,100.0,50.0,50.0,50.0,4.4131,"{'topn_overlap': 2, 'topn_overlap_pct': 40.0, 'max_gt0_pct': 100.0, 'max_ge3_pct': 60.0, 'max_ge4_pct': 60.0, 'final_gt0_pct': 40.0, 'avg_max_up_4h': 5.1498}",2,40.0,100.0,60.0,60.0,40.0,5.1498,"{'topn_overlap': 4, 'topn_overlap_pct': 57.14, 'max_gt0_pct': 100.0, 'max_ge3_pct': 71.43, 'max_ge4_pct': 71.43, 'final_gt0_pct': 57.14, 'avg_max_up_4h': 6.5408}",4,57.14,100.0,71.43,71.43,57.14,6.5408
2026-06-14 22:00:00,31,"{'topn_overlap': 0, 'topn_overlap_pct': 0.0, 'max_gt0_pct': 100.0, 'max_ge3_pct': 50.0, 'max_ge4_pct': 50.0, 'final_gt0_pct': 50.0, 'avg_max_up_4h': 6.6982}",0,0.0,100.0,50.0,50.0,50.0,6.6982,"{'topn_overlap': 2, 'topn_overlap_pct': 40.0, 'max_gt0_pct': 100.0, 'max_ge3_pct': 60.0, 'max_ge4_pct': 60.0, 'final_gt0_pct': 40.0, 'avg_max_up_4h': 7.9373}",2,40.0,100.0,60.0,60.0,40.0,7.9373,"{'topn_overlap': 5, 'topn_overlap_pct': 71.43, 'max_gt0_pct': 100.0, 'max_ge3_pct': 71.43, 'max_ge4_pct': 71.43, 'final_gt0_pct': 57.14, 'avg_max_up_4h': 8.6421}",5,71.43,100.0,71.43,71.43,57.14,8.6421
2026-06-15 00:00:00,18,"{'topn_overlap': 2, 'topn_overlap_pct': 100.0, 'max_gt0_pct': 100.0, 'max_ge3_pct': 100.0, 'max_ge4_pct': 100.0, 'final_gt0_pct': 100.0, 'avg_max_up_4h': 24.8983}",2,100.0,100.0,100.0,100.0,100.0,24.8983,"{'topn_overlap': 3, 'topn_overlap_pct': 60.0, 'max_gt0_pct': 100.0, 'max_ge3_pct': 100.0, 'max_ge4_pct': 60.0, 'final_gt0_pct': 60.0, 'avg_max_up_4h': 13.2684}",3,60.0,100.0,100.0,60.0,60.0,13.2684,"{'topn_overlap': 4, 'topn_overlap_pct': 57.14, 'max_gt0_pct': 100.0, 'max_ge3_pct': 100.0, 'max_ge4_pct': 71.43, 'final_gt0_pct': 71.43, 'avg_max_up_4h': 10.922}",4,57.14,100.0,100.0,71.43,71.43,10.922
2026-06-15 02:00:00,12,"{'topn_overlap': 1, 'topn_overlap_pct': 50.0, 'max_gt0_pct': 100.0, 'max_ge3_pct': 50.0, 'max_ge4_pct': 50.0, 'final_gt0_pct': 50.0, 'avg_max_up_4h': 14.4334}",1,50.0,100.0,50.0,50.0,50.0,14.4334,"{'topn_overlap': 2, 'topn_overlap_pct': 40.0, 'max_gt0_pct': 100.0, 'max_ge3_pct': 40.0, 'max_ge4_pct': 40.0, 'final_gt0_pct': 40.0, 'avg_max_up_4h': 8.3971}",2,40.0,100.0,40.0,40.0,40.0,8.3971,"{'topn_overlap': 4, 'topn_overlap_pct': 57.14, 'max_gt0_pct': 100.0, 'max_ge3_pct': 57.14, 'max_ge4_pct': 42.86, 'final_gt0_pct': 42.86, 'avg_max_up_4h': 7.7484}",4,57.14,100.0,57.14,42.86,42.86,7.7484
2026-06-15 04:00:00,21,"{'topn_overlap': 2, 'topn_overlap_pct': 100.0, 'max_gt0_pct': 100.0, 'max_ge3_pct': 100.0, 'max_ge4_pct': 100.0, 'final_gt0_pct': 100.0, 'avg_max_up_4h': 39.1868}",2,100.0,100.0,100.0,100.0,100.0,39.1868,"{'topn_overlap': 3, 'topn_overlap_pct': 60.0, 'max_gt0_pct': 100.0, 'max_ge3_pct': 80.0, 'max_ge4_pct': 80.0, 'final_gt0_pct': 80.0, 'avg_max_up_4h': 19.4231}",3,60.0,100.0,80.0,80.0,80.0,19.4231,"{'topn_overlap': 4, 'topn_overlap_pct': 57.14, 'max_gt0_pct': 100.0, 'max_ge3_pct': 71.43, 'max_ge4_pct': 71.43, 'final_gt0_pct': 57.14, 'avg_max_up_4h': 14.6468}",4,57.14,100.0,71.43,71.43,57.14,14.6468
2026-06-15 06:00:00,10,"{'topn_overlap': 1, 'topn_overlap_pct': 50.0, 'max_gt0_pct': 100.0, 'max_ge3_pct': 100.0, 'max_ge4_pct': 100.0, 'final_gt0_pct': 50.0, 'avg_max_up_4h': 9.7774}",1,50.0,100.0,100.0,100.0,50.0,9.7774,"{'topn_overlap': 3, 'topn_overlap_pct': 60.0, 'max_gt0_pct': 100.0, 'max_ge3_pct': 100.0, 'max_ge4_pct': 100.0, 'final_gt0_pct': 80.0, 'avg_max_up_4h': 15.1149}",3,60.0,100.0,100.0,100.0,80.0,15.1149,"{'topn_overlap': 6, 'topn_overlap_pct': 85.71, 'max_gt0_pct': 100.0, 'max_ge3_pct': 100.0, 'max_ge4_pct': 85.71, 'final_gt0_pct': 85.71, 'avg_max_up_4h': 12.1608}",6,85.71,100.0,100.0,85.71,85.71,12.1608
2026-06-15 08:00:00,10,"{'topn_overlap': 1, 'topn_overlap_pct': 50.0, 'max_gt0_pct': 100.0, 'max_ge3_pct': 50.0, 'max_ge4_pct': 50.0, 'final_gt0_pct': 0.0, 'avg_max_up_4h': 7.316}",1,50.0,100.0,50.0,50.0,0.0,7.316,"{'topn_overlap': 2, 'topn_overlap_pct': 40.0, 'max_gt0_pct': 100.0, 'max_ge3_pct': 40.0, 'max_ge4_pct': 40.0, 'final_gt0_pct': 40.0, 'avg_max_up_4h': 5.5081}",2,40.0,100.0,40.0,40.0,40.0,5.5081,"{'topn_overlap': 5, 'topn_overlap_pct': 71.43, 'max_gt0_pct': 100.0, 'max_ge3_pct': 57.14, 'max_ge4_pct': 57.14, 'final_gt0_pct': 57.14, 'avg_max_up_4h': 6.0751}",5,71.43,100.0,57.14,57.14,57.14,6.0751
2026-06-15 10:00:00,25,"{'topn_overlap': 1, 'topn_overlap_pct': 50.0, 'max_gt0_pct': 100.0, 'max_ge3_pct': 100.0, 'max_ge4_pct': 100.0, 'final_gt0_pct': 50.0, 'avg_max_up_4h': 28.5237}",1,50.0,100.0,100.0,100.0,50.0,28.5237,"{'topn_overlap': 3, 'topn_overlap_pct': 60.0, 'max_gt0_pct': 100.0, 'max_ge3_pct': 80.0, 'max_ge4_pct': 80.0, 'final_gt0_pct': 40.0, 'avg_max_up_4h': 14.9288}",3,60.0,100.0,80.0,80.0,40.0,14.9288,"{'topn_overlap': 4, 'topn_overlap_pct': 57.14, 'max_gt0_pct': 100.0, 'max_ge3_pct': 85.71, 'max_ge4_pct': 85.71, 'final_gt0_pct': 57.14, 'avg_max_up_4h': 12.5005}",4,57.14,100.0,85.71,85.71,57.14,12.5005
2026-06-15 12:00:00,19,"{'topn_overlap': 1, 'topn_overlap_pct': 50.0, 'max_gt0_pct': 100.0, 'max_ge3_pct': 100.0, 'max_ge4_pct': 100.0, 'final_gt0_pct': 50.0, 'avg_max_up_4h': 27.1253}",1,50.0,100.0,100.0,100.0,50.0,27.1253,"{'topn_overlap': 3, 'topn_overlap_pct': 60.0, 'max_gt0_pct': 100.0, 'max_ge3_pct': 80.0, 'max_ge4_pct': 60.0, 'final_gt0_pct': 80.0, 'avg_max_up_4h': 13.9596}",3,60.0,100.0,80.0,60.0,80.0,13.9596,"{'topn_overlap': 4, 'topn_overlap_pct': 57.14, 'max_gt0_pct': 100.0, 'max_ge3_pct': 71.43, 'max_ge4_pct': 57.14, 'final_gt0_pct': 57.14, 'avg_max_up_4h': 10.9401}",4,57.14,100.0,71.43,57.14,57.14,10.9401
2026-06-15 14:00:00,24,"{'topn_overlap': 0, 'topn_overlap_pct': 0.0, 'max_gt0_pct': 100.0, 'max_ge3_pct': 100.0, 'max_ge4_pct': 100.0, 'final_gt0_pct': 50.0, 'avg_max_up_4h': 10.5491}",0,0.0,100.0,100.0,100.0,50.0,10.5491,"{'topn_overlap': 2, 'topn_overlap_pct': 40.0, 'max_gt0_pct': 100.0, 'max_ge3_pct': 80.0, 'max_ge4_pct': 60.0, 'final_gt0_pct': 40.0, 'avg_max_up_4h': 8.0107}",2,40.0,100.0,80.0,60.0,40.0,8.0107,"{'topn_overlap': 4, 'topn_overlap_pct': 57.14, 'max_gt0_pct': 100.0, 'max_ge3_pct': 71.43, 'max_ge4_pct': 57.14, 'final_gt0_pct': 42.86, 'avg_max_up_4h': 11.6586}",4,57.14,100.0,71.43,57.14,42.86,11.6586
2026-06-15 16:00:00,17,"{'topn_overlap': 2, 'topn_overlap_pct': 100.0, 'max_gt0_pct': 100.0, 'max_ge3_pct': 100.0, 'max_ge4_pct': 100.0, 'final_gt0_pct': 50.0, 'avg_max_up_4h': 16.2508}",2,100.0,100.0,100.0,100.0,50.0,16.2508,"{'topn_overlap': 3, 'topn_overlap_pct': 60.0, 'max_gt0_pct': 100.0, 'max_ge3_pct': 80.0, 'max_ge4_pct': 80.0, 'final_gt0_pct': 40.0, 'avg_max_up_4h': 8.5009}",3,60.0,100.0,80.0,80.0,40.0,8.5009,"{'topn_overlap': 5, 'topn_overlap_pct': 71.43, 'max_gt0_pct': 100.0, 'max_ge3_pct': 71.43, 'max_ge4_pct': 71.43, 'final_gt0_pct': 42.86, 'avg_max_up_4h': 6.9257}",5,71.43,100.0,71.43,71.43,42.86,6.9257
2026-06-15 18:00:00,22,"{'topn_overlap': 1, 'topn_overlap_pct': 50.0, 'max_gt0_pct': 100.0, 'max_ge3_pct': 100.0, 'max_ge4_pct': 100.0, 'final_gt0_pct': 50.0, 'avg_max_up_4h': 12.3917}",1,50.0,100.0,100.0,100.0,50.0,12.3917,"{'topn_overlap': 4, 'topn_overlap_pct': 80.0, 'max_gt0_pct': 100.0, 'max_ge3_pct': 100.0, 'max_ge4_pct': 100.0, 'final_gt0_pct': 60.0, 'avg_max_up_4h': 10.6869}",4,80.0,100.0,100.0,100.0,60.0,10.6869,"{'topn_overlap': 6, 'topn_overlap_pct': 85.71, 'max_gt0_pct': 100.0, 'max_ge3_pct': 100.0, 'max_ge4_pct': 85.71, 'final_gt0_pct': 71.43, 'avg_max_up_4h': 9.7344}",6,85.71,100.0,100.0,85.71,71.43,9.7344
2026-06-15 20:00:00,21,"{'topn_overlap': 1, 'topn_overlap_pct': 50.0, 'max_gt0_pct': 100.0, 'max_ge3_pct': 100.0, 'max_ge4_pct': 100.0, 'final_gt0_pct': 100.0, 'avg_max_up_4h': 24.1748}",1,50.0,100.0,100.0,100.0,100.0,24.1748,"{'topn_overlap': 4, 'topn_overlap_pct': 80.0, 'max_gt0_pct': 100.0, 'max_ge3_pct': 100.0, 'max_ge4_pct': 100.0, 'final_gt0_pct': 60.0, 'avg_max_up_4h': 16.5867}",4,80.0,100.0,100.0,100.0,60.0,16.5867,"{'topn_overlap': 5, 'topn_overlap_pct': 71.43, 'max_gt0_pct': 100.0, 'max_ge3_pct': 100.0, 'max_ge4_pct': 85.71, 'final_gt0_pct': 71.43, 'avg_max_up_4h': 13.5352}",5,71.43,100.0,100.0,85.71,71.43,13.5352
2026-06-15 22:00:00,17,"{'topn_overlap': 1, 'topn_overlap_pct': 50.0, 'max_gt0_pct': 100.0, 'max_ge3_pct': 100.0, 'max_ge4_pct': 50.0, 'final_gt0_pct': 50.0, 'avg_max_up_4h': 15.3415}",1,50.0,100.0,100.0,50.0,50.0,15.3415,"{'topn_overlap': 3, 'topn_overlap_pct': 60.0, 'max_gt0_pct': 100.0, 'max_ge3_pct': 80.0, 'max_ge4_pct': 60.0, 'final_gt0_pct': 60.0, 'avg_max_up_4h': 12.5185}",3,60.0,100.0,80.0,60.0,60.0,12.5185,"{'topn_overlap': 5, 'topn_overlap_pct': 71.43, 'max_gt0_pct': 100.0, 'max_ge3_pct': 71.43, 'max_ge4_pct': 57.14, 'final_gt0_pct': 57.14, 'avg_max_up_4h': 9.9965}",5,71.43,100.0,71.43,57.14,57.14,9.9965
